T_K,nH_cm3,Lvol_erg_cm3_s,Lambda_per_nH_squared_erg_cm3_s,tcool_s,mu,tau_chem_s,L_excitation_HI_erg_cm3_s,L_excitation_HeII_erg_cm3_s,L_ionization_HI_erg_cm3_s,L_ionization_HeI_erg_cm3_s,L_ionization_HeII_erg_cm3_s,L_recombination_HII_erg_cm3_s,L_recombination_HeII_erg_cm3_s,L_recombination_HeIII_erg_cm3_s,L_dielectronic_HeII_erg_cm3_s,L_freefree_erg_cm3_s
10000.0,1e-06,5.050436122304303e-39,5.0504361223043026e-27,4.429317030893294e+20,1.2181346603943854,1.8997708716532291e+21,5.0329101315531314e-39,4.791622399904628e-64,1.6473574155656577e-41,2.78392795599252e-48,2.3071032381754146e-72,7.859229064980706e-43,7.299154392079889e-50,2.741890659395775e-74,7.865614642619733e-65,2.6649083209737286e-43
10592.537251772897,1e-06,2.498057508069909e-38,2.498057508069909e-26,9.502403925218797e+19,1.215976074970617,7.66282652398627e+20,2.4869005498883154e-38,8.849453833208249e-62,1.0447059843056342e-40,3.6100388881103717e-47,1.0851084034299029e-69,5.279419766689281e-42,1.0025970860298866e-48,1.3660173963078311e-71,1.3452313795556606e-62,1.8195265156987108e-42
11220.18454301963,1e-06,1.1273412941604933e-37,1.1273412941604934e-25,2.2397078328661897e+19,1.2109164115871422,3.256133161960982e+20,1.120940528718285e-37,1.2230608278327264e-59,5.9692878814357105e-40,4.063469107026473e-46,3.63514414868049e-67,3.1953220462185743e-41,1.195395234379196e-47,4.847354036391222e-69,1.7239486859450993e-60,1.1194117314189697e-41
11885.022274370189,1e-06,4.636145234171571e-37,4.636145234171571e-25,5.82238612711261e+18,1.1997835788758677,1.4580156582397823e+20,4.60307001635652e-37,1.2815147890148954e-57,3.07134845172238e-39,3.9889616054550344e-45,8.81168613144481e-65,1.7414908728110277e-40,1.2430094029649521e-46,1.2446353244723398e-66,1.677012150135547e-58,6.202012923903367e-41
12589.254117941662,1e-06,1.7250599136384663e-36,1.7250599136384663e-24,1.6894391556401518e+18,1.1771023064499977,6.902163291309095e+19,1.7097655732894476e-36,1.0274763171832363e-55,1.4137743891835076e-38,3.4200383384210983e-44,1.564036852945168e-62,8.49126161664768e-40,1.128874160427672e-45,2.3400766620032638e-64,1.2497946575902557e-56,3.0743496626071298e-40
13335.21432163324,1e-06,5.7130966998149445e-36,5.713096699814944e-24,5.601969247949576e+17,1.1353993833932692,3.4818194236563632e+19,5.650802078150815e-36,6.328446676249215e-54,5.730645010432251e-38,2.5521528991716157e-43,2.0457834936442312e-60,3.645823317718706e-39,8.9232127388408e-45,3.2422221879406517e-62,7.16334289195791e-55,1.3420841035854449e-39
14125.375446227554,1e-06,1.6372723171461838e-35,1.637272317146184e-23,2.199551825675623e+17,1.0688230997176043,1.8976806867071955e+19,1.6155318445258058e-35,2.9864229296566244e-52,1.989752435314214e-37,1.6417619125283988e-42,1.971327104859325e-58,1.3408838393948707e-38,6.080296167044084e-44,3.309343108828274e-60,3.149205174204789e-53,5.0189417135341596e-39
14962.356560944329,1e-06,3.9121978654041246e-35,3.912197865404125e-23,1.0629555058480885e+17,0.9804490992376035,1.1381099918667962e+19,3.84952401591354e-35,1.0714158276725731e-50,5.705046610661845e-37,8.974411388090733e-42,1.3916213236517108e-56,4.072408250839447e-38,3.520631184858004e-43,2.47459526791778e-58,1.0536634008197837e-51,1.5500424856745394e-38
15848.93192461114,1e-06,7.542944613891804e-35,7.542944613891805e-23,6.465388847570705e+16,0.8855750674787942,7.632824626584131e+18,7.398436479176596e-35,2.904160851548371e-49,1.3078689892349164e-36,4.1171645455274886e-41,7.167210059102635e-55,9.889090561687756e-38,1.7108533395580328e-42,1.3499983461290728e-56,2.666293060250754e-50,3.8278569801188535e-38
16788.040181225588,1e-06,1.1638462110268277e-34,1.1638462110268277e-22,4.8973855057778616e+16,0.8026035213494613,5.746242731276083e+18,1.1374031571238004e-34,5.979934009780234e-48,2.3786290190733794e-36,1.5845138825346872e-40,2.7130187239850985e-53,1.9051045954419787e-37,6.974460283625627e-42,5.412973418473218e-55,5.1305536444528555e-49,7.500048583011941e-38
17782.794100389227,1e-06,1.474591527378738e-34,1.474591527378738e-22,4.434789405014314e+16,0.7409965977145675,4.791874253023492e+18,1.4351697173743309e-34,9.559744260297578e-47,3.52305879442877e-36,5.199420432415364e-40,7.728446966910808e-52,2.9889042504024147e-37,2.42420582497791e-41,1.6333352481574483e-53,7.672236233546714e-48,1.1968759676695657e-37
18836.49089489802,1e-06,1.6095064288436437e-34,1.6095064288436436e-22,4.55616850256737e+16,0.6999523183755446,4.318622252853059e+18,1.55924916916271e-34,1.2252371910715697e-45,4.4600746589128965e-36,1.494355053607978e-39,1.71386092749247e-50,4.008060240451117e-37,7.380203519066977e-41,3.836707413059795e-52,9.207095831656455e-47,1.632771267292102e-37
19952.62314968879,1e-06,1.5906021550445615e-34,1.5906021550445616e-22,5.070272794588274e+16,0.6741678792922354,4.0979613993857137e+18,1.5329882119960106e-34,1.2999294733984102e-44,5.074108201967155e-36,3.8650087142709897e-39,3.0599860631730255e-49,4.830052326380806e-37,2.021924678756611e-40,7.256088178962655e-51,9.155062025979549e-46,2.0021365515263265e-37
21134.890398366475,1e-06,1.4800805361903735e-34,1.4800805361903735e-22,5.910861926088358e+16,0.6583014131159903,4.0054578854678026e+18,1.4182788277740582e-34,1.1708357624582522e-43,5.396719518226625e-36,9.18273345022799e-39,4.518035151325218e-48,5.4415416657482194e-37,5.0884594149257644e-40,1.1348349666093243e-49,7.735408138644805e-45,2.296054526147772e-37
22387.21138568338,1e-06,1.331658251981196e-34,1.331658251981196e-22,7.065081498766241e+16,0.6484119181545812,3.962063833770434e+18,1.267905231160621e-34,9.101878410105338e-43,5.512068614055059e-36,2.0285707053080708e-38,5.616755306329091e-47,5.887172031540692e-37,1.1907044516831196e-39,1.494406017323052e-48,5.646330731835052e-44,2.5303888663475636e-37
23713.737056616552,1e-06,1.1780630010510766e-34,1.1780630010510767e-22,8.54550346421613e+16,0.6418813811013735,3.902373841883415e+18,1.1136765466299457e-34,6.155918369913625e-42,5.499321538195653e-36,4.1828259475870877e-38,5.934670008607247e-46,6.221587662593889e-37,2.6006511549591757e-39,1.6725521918950257e-47,3.5890098919178445e-43,2.7272971159768546e-37
25118.86431509582,1e-06,1.0354788164071274e-34,1.0354788164071275e-22,1.0377266927842554e+17,0.6369960552521684,3.759179322528942e+18,9.71059714662936e-35,3.621290215910913e-41,5.416550009936445e-36,8.016626802646618e-38,5.33497728429981e-45,6.491048721533952e-37,5.2795842763057e-39,1.5926328814895755e-46,1.986034180402159e-42,2.9077123559594882e-37
26607.250597988084,1e-06,9.101288504994109e-35,9.101288504994109e-23,1.2591970268215902e+17,0.6326512616214169,3.468510256576472e+18,8.457826106226681e-35,1.8387054814757832e-40,5.301526218750162e-36,1.4119589593754944e-37,4.054145314969129e-44,6.729658483792554e-37,9.849609107610924e-39,1.2819834382285268e-45,9.49442845671757e-42,3.0889300869965296e-37
28183.82931264455,1e-06,8.026828028060509e-35,8.026828028060509e-23,1.5228543535055517e+17,0.6282877928433198,3.002394486610989e+18,7.38269667593075e-35,7.96633715098234e-40,5.1747287926925654e-36,2.2515012963880632e-37,2.577639708883569e-43,6.957924389752331e-37,1.663571998838413e-38,8.633866254939916e-45,3.876471994599454e-41,3.281707751697271e-37
29853.82618917957,1e-06,7.108655046851342e-35,7.108655046851343e-23,1.834195516921045e+17,0.6239185263695188,2.407562468561266e+18,6.462790841821165e-35,2.9232972680376254e-39,5.042054847106447e-36,3.2158799816630086e-37,1.3625398077094449e-42,7.181243902403213e-37,2.5165464784743436e-38,4.83428558496441e-44,1.3417022048237466e-40,3.4865047163279033e-37
31622.776601683792,1e-06,6.314895118992629e-35,6.314895118992629e-23,2.201112021825758e+17,0.6199442863070029,1.793264649191323e+18,5.66835139717635e-35,9.131721833116297e-39,4.900680205835491e-36,4.122791116404423e-37,6.024610221086557e-42,7.393472727320617e-37,3.4162852325243496e-38,2.264185775192882e-43,3.956579916980147e-40,3.694341447759356e-37
33496.54391578279,1e-06,5.620133220475624e-35,5.620133220475624e-23,2.6333536755380246e+17,0.6167443047585369,1.2617913086255278e+18,4.975551663061147e-35,2.475021631272228e-38,4.7474089770816295e-36,4.822034869842233e-37,2.2733618043932826e-41,7.586627455325906e-37,4.2295432840917136e-38,9.050064247166966e-43,1.0132192122081194e-39,3.894578575559803e-37
35481.33892335753,1e-06,5.010000224847277e-35,5.010000224847277e-23,3.140933006981625e+17,0.6144188493659806,1.181273456278117e+18,4.3694915565878056e-35,5.974527061100812e-38,4.583173308555713e-36,5.268747870311775e-37,7.521797062299297e-41,7.758153920692577e-37,4.88842720756552e-38,3.171792116492017e-42,2.3128695508216168e-39,4.082023929383591e-37
37583.74042884443,1e-06,4.4773658992082495e-35,4.4773658992082497e-23,3.7324290874228115e+17,0.6128395668082987,1.2278859602190684e+18,3.840400279946095e-35,1.3167937046670254e-37,4.4119528356672696e-36,5.502066620134512e-37,2.2390258823348985e-40,7.910846776053959e-37,5.393052367609296e-38,1.0000972134903994e-41,4.824434427812181e-39,4.2574378520444864e-37
39810.71705534969,1e-06,4.018246632972073e-35,4.0182466329720733e-23,4.412775542817354e+17,0.6118042964034565,1.278732867131094e+18,3.379993316645823e-35,2.7016875784089734e-37,4.238164253311336e-36,5.590303988473874e-37,6.1186113419807115e-40,8.049518369398713e-37,5.776025522752189e-38,2.8949160277288466e-41,9.375476529842742e-39,4.4244137427116355e-37
42169.65034285822,1e-06,3.630628881534618e-35,3.6306288815346177e-23,5.1789736577117005e+17,0.6111325129423838,1.3333078429634962e+18,2.980207181313987e-35,5.230874927936454e-37,4.065267258754188e-36,5.597325265334745e-37,1.5572551734172114e-39,8.178642291965856e-37,6.073750922726295e-38,7.804460477836694e-41,1.7206798121052341e-38,4.5868588780190375e-37
44668.359215096345,1e-06,3.31522274945448e-35,3.31522274945448e-23,6.012106946498779e+17,0.6106910259054217,1.3910949937324716e+18,2.633261375623634e-35,9.645529661803169e-37,3.895563282381514e-36,5.573601246872108e-37,3.7281201954472443e-39,8.301610928070823e-37,6.31468198033607e-38,1.9791240166680264e-40,3.0098550990071005e-38,4.74804868861795e-37
47315.12589614803,1e-06,3.07681844745169e-35,3.07681844745169e-23,6.865211640606222e+17,0.610386821541771,1.4514134429913661e+18,2.3319827963089007e-35,1.704307396669623e-36,3.730470292708172e-36,5.558418486156646e-37,8.452832822876225e-39,8.420845466446199e-37,6.517278232537523e-38,4.753192279880964e-40,5.048644879299816e-38,4.910650436205725e-37
50118.72336272725,1e-06,2.925584712950888e-35,2.925584712950888e-23,7.650870128262015e+17,0.6101511602539256,1.513083399364281e+18,2.0700141862043902e-35,2.8971473858350132e-36,3.570861055015816e-36,5.584052473832623e-37,1.8235271100800007e-38,8.53817522667e-37,6.690809412096822e-38,1.0861638080505834e-39,8.152765389285862e-38,5.07716873641214e-37
53088.444423098794,1e-06,2.8778771339689014e-35,2.877877133968901e-23,8.241638434858688e+17,0.6099231857616743,1.5738520685312576e+18,1.8418779201743162e-35,4.7489432932874194e-36,3.4173420762175746e-36,5.678170413755808e-37,3.7539747681432547e-38,8.655268911627711e-37,6.835746711438786e-38,2.3685058000484257e-39,1.2703536407962668e-37,5.250617512270095e-37
56234.13251903491,1e-06,2.95579669340513e-35,2.9557966934051303e-23,8.503878558218669e+17,0.6096342258132101,1.6294886287470776e+18,1.6429486819594944e-35,7.511442795784846e-36,3.270465634800922e-36,5.862968709721996e-37,7.383963924565065e-38,8.77408225950826e-37,6.942627255159609e-38,4.9348353780355896e-39,1.911240719682613e-37,5.435417678040151e-37
59566.214352901094,1e-06,3.183917173245757e-35,3.183917173245757e-23,8.368432802434706e+17,0.6091932111012954,1.672550171556098e+18,1.4693767160063967e-35,1.1450279595444925e-35,3.13088111780246e-36,6.1498447528874e-37,1.38679639921755e-37,8.897309315095182e-37,6.989411985451837e-38,9.817384683546657e-39,2.772863304785755e-37,5.638509774095714e-37
63095.7344480193,1e-06,3.5805219752868517e-35,3.5805219752868516e-23,7.891691134548577e+17,0.6084775038210649,1.6912080285026227e+18,1.3179719350284733e-35,1.6760925895138142e-35,2.9993957892433266e-36,6.528522419513753e-37,2.4791892530759692e-37,9.028713852577278e-37,6.938750804687631e-38,1.859057334809113e-38,3.865195139866499e-37,5.870385703039945e-37
66834.39175686149,1e-06,4.140694329532286e-35,4.140694329532286e-23,7.241938947250212e+17,0.6073414453408225,1.6694018907215974e+18,1.1860315879634115e-35,2.340840347628887e-35,2.876853636290386e-36,6.951778874619769e-37,4.193692727410444e-37,9.172968007680794e-37,6.739202490293433e-38,3.33103894118181e-38,5.143179952683472e-37,6.145059325552989e-37
70794.57843841374,1e-06,4.813350740285227e-35,4.813350740285227e-23,6.6173427974408e+17,0.605661276337917,1.5905894483154824e+18,1.0710951723256704e-35,3.0912918750154285e-35,2.7637167849015667e-36,7.324135395262668e-37,6.655451554079558e-37,9.334383673537143e-37,6.337538945899225e-38,5.599646738902789e-38,6.474359784080186e-37,6.477152469957326e-37
74989.42093324558,1e-06,5.487292577207267e-35,5.487292577207268e-23,6.171394497196332e+17,0.6034197541144866,1.446420737771098e+18,9.706821751997824e-36,3.8226614215209265e-35,2.6594026874196778e-36,7.513423070775043e-37,9.817611268977076e-37,9.51428627986527e-37,5.707033872215351e-38,8.749614834476677e-38,7.635107964743205e-37,6.8747777194292355e-37
79432.82347242821,1e-06,6.012898908026277e-35,6.012898908026276e-23,5.991860189002762e+17,0.6007798746364181,1.246222164484267e+18,8.821947500052873e-36,4.395140462069378e-35,2.56186115173272e-36,7.401118725728217e-37,1.3371637694332971e-36,9.70840085317165e-37,4.880484055061082e-38,1.2623148873169387e-37,8.375215469930783e-37,7.331022041847276e-37
84139.51416451947,1e-06,6.266300830902792e-35,6.266300830902792e-23,6.11796366526813e+17,0.5980573271440536,1.0175059665180024e+18,8.031493824166276e-36,4.695283894666471e-35,2.4680638430191615e-36,6.95016153719496e-37,1.6810647130801988e-36,9.907144590251074e-37,3.956130583563332e-38,1.680999310830557e-37,8.539384942566536e-37,7.82216638177613e-37
89125.0938133746,1e-06,6.210997364245473e-35,6.210997364245473e-23,6.565388081487565e+17,0.5955787612088669,7.936408932571555e+17,7.315854705805343e-36,4.6935013616294135e-35,2.3753026130127137e-36,6.23029228956786e-37,1.9653015464658788e-36,1.0099760102223864e-36,3.0578586872841706e-38,2.0816719930620683e-37,8.150002473427806e-37,8.317498881756531e-37
94406.08762859226,1e-06,5.901525348240526e-35,5.901525348240527e-23,7.344185626089769e+17,0.5935441478953986,5.990238083915311e+17,6.662626891830275e-36,4.445843126466281e-35,2.2822111508270943e-36,5.373682624787085e-37,2.164442672545867e-36,1.0278930619394393e-36,2.279954495545902e-38,2.428450138729775e-37,7.373152032810089e-37,8.793204160116403e-37
100000.0,1e-06,5.435687640759855e-35,5.435687640759856e-23,8.468124688421012e+17,0.5919966008294552,4.434697582142632e+17,6.06509804815819e-36,4.047696049974746e-35,2.188783992204277e-36,4.506642445679756e-37,2.2785167627561776e-36,1.0442272336261406e-36,1.661665183442244e-38,2.7079168914949316e-37,6.413215607231238e-37,9.238957248312963e-37
105925.37251772897,1e-06,4.905408749546272e-35,4.9054087495462724e-23,9.958378166968013e+17,0.5908770656956703,3.25701340084641e+17,5.519374698481877e-36,3.587295178363342e-35,2.095760528470209e-36,3.7113391575964194e-37,2.3226895738813176e-36,1.0590921968927711e-36,1.1977725236394652e-38,2.9239791656904843e-37,5.431550448463158e-37,9.655541116917264e-37
112201.84543019629,1e-06,4.374544410325612e-35,4.3745444103256123e-23,1.184430629754198e+18,0.5900903191040687,2.3928746062656096e+17,5.0223033325049046e-36,3.125314074734312e-35,2.004034281175468e-36,3.0244119754977217e-37,2.3160712553589442e-36,1.0727468748713812e-36,8.615869498984826e-39,3.088410497368872e-37,4.523233889815416e-37,1.0049261062351228e-36
118850.22274370189,1e-06,3.878725717981536e-35,3.878725717981536e-23,1.4162989526583677e+18,0.5895449799902123,1.7683255439779082e+17,4.570614927785804e-36,2.6952819567264786e-35,1.91434847445887e-36,2.4519429088727223e-37,2.275470106623711e-36,1.0854582109627662e-36,6.222635306592021e-39,3.214061908512779e-37,3.72957247811619e-37,1.0427655278626648e-36
125892.54117941661,1e-06,3.433514482761965e-35,3.4335144827619655e-23,1.695831527878211e+18,0.5891682850261211,1.3189287419355435e+17,4.160808549452354e-36,2.3116365286713078e-35,1.827217723558519e-36,1.9844789788489544e-37,2.213517478104693e-36,1.09744410706657e-36,4.5298192012029105e-39,3.3118149241146462e-37,3.0589075875261425e-37,1.079741714474265e-36
133352.1432163324,1e-06,3.042616291202042e-35,3.0426162912020426e-23,2.0279948183133786e+18,0.5889072787805445,9.947980115013093e+16,3.7892943790465743e-36,1.9776404105127964e-35,1.7429538920726867e-36,1.606849695937598e-37,2.138956601624126e-36,1.1088633007033646e-36,3.3312349252410064e-39,3.3898858673819607e-37,2.5030589372310843e-37,1.1163799484653993e-36
141253.75446227554,1e-06,2.703652733457769e-35,2.703652733457769e-23,2.4182291753308785e+18,0.5887251437025719,7.594920382677446e+16,3.4525585448271416e-36,1.6908830087920298e-35,1.6617191148743177e-36,1.3032797634712128e-37,2.0575726999575608e-36,1.119823887234824e-36,2.4778238230347548e-39,3.4541269273541723e-37,2.0473518311297786e-37,1.1530693237449982e-36
149623.56560944326,1e-06,2.411605448296886e-35,2.411605448296886e-23,2.872346087853876e+18,0.5885968403160433,5.871404821978645e+16,3.1472774889096e-36,1.4465351657233284e-35,1.5835743681305837e-36,1.0595723204300298e-37,1.9730981456937332e-36,1.130395904310535e-36,1.8650947390879126e-39,3.5085832988378796e-37,1.6758506391296067e-37,1.1900911981122818e-36
158489.3192461114,1e-06,2.160669363879663e-35,2.160669363879663e-23,3.396425724579668e+18,0.5885054834339533,4.596033786955271e+16,2.870378551728994e-36,1.2390851870980105e-35,1.5085156403232722e-36,8.637740626689805e-38,1.887904417023319e-36,1.1406224861716426e-36,1.420803314208921e-39,3.556011083272698e-37,1.3737312134318872e-37,1.22764823331773e-36
167880.40181225588,1e-06,1.9451627174175786e-35,1.9451627174175785e-23,3.9967138250123894e+18,0.5884396923480437,3.6419959876529624e+16,2.6190618585049275e-36,1.0631816867267456e-35,1.4364985637991104e-36,7.06156449397361e-38,1.8034807787799194e-36,1.150528305715193e-36,1.0951960210374687e-39,3.598277236333846e-37,1.1281441507052612e-37,1.2658878204444955e-36
177827.94100389228,1e-06,1.7599213637508283e-35,1.7599213637508284e-23,4.679517776979828e+18,0.5883917635798499,2.920418858265426e+16,2.3907986391634248e-36,9.139917860422412e-36,1.3674544682475473e-36,5.789394889059473e-38,1.7207500040734963e-36,1.1601255360370918e-36,8.539411833996875e-40,3.636644783814496e-37,9.283549463554174e-38,1.304919266473324e-36
188364.9089489802,1e-06,1.6004277276563578e-35,1.6004277276563577e-23,5.45110273195677e+18,0.5883564455722503,2.368656563716216e+16,2.1833168315210187e-36,7.87312100770562e-36,1.3013006159801865e-36,4.759547212832647e-38,1.640271949198037e-36,1.1694179265277177e-36,6.732185624636533e-40,3.6719686212403005e-37,7.655754053179972e-38,1.3448258522843787e-36
199526.23149688786,1e-06,1.4628117986447987e-35,1.4628117986447986e-23,6.317589552861123e+18,0.5883301268456811,1.9422084069416656e+16,1.9945807762210906e-36,6.795619302126198e-36,1.2379466578219824e-36,3.9232823049421536e-38,1.5623736212041212e-36,1.1784035532057249e-36,5.3637561399356835e-40,3.7048275808768834e-37,6.326900323839242e-38,1.3856731158793784e-36
211348.90398366476,1e-06,1.3437963553452303e-35,1.3437963553452304e-23,7.284857129295632e+18,0.5883102997463695,1.6091839163571366e+16,1.822768957540091e-36,5.8772615040311255e-36,1.177298683368223e-36,3.242105647621857e-38,1.4872321602241846e-36,1.1870766707334529e-36,4.316684155098362e-40,3.735612943146925e-37,5.239706334617404e-38,1.4275144950026344e-36
223872.11385683378,1e-06,1.2406228735793762e-35,1.2406228735793762e-23,8.358452070372788e+18,0.5882952054541832,1.3465148824465918e+16,1.6662519447713514e-36,5.0928159939232254e-36,1.1192617524583367e-36,2.685572125848873e-38,1.4149279430126239e-36,1.195428966222249e-36,3.5073682661104193e-40,3.764587767841607e-37,4.348173337988045e-38,1.4703951671568312e-36
237137.37056616554,1e-06,1.1509756182194361e-35,1.1509756182194361e-23,9.54350896693628e+18,0.5882835977226583,1.1373544422719986e+16,1.5235716203829576e-36,4.421229736236041e-36,1.0637414690844158e-36,2.2295444016582594e-38,1.3454787573381007e-36,1.2034504173430355e-36,2.8757193694277573e-40,3.791926832444317e-37,3.615381038601788e-38,1.5143546722258374e-36
251188.6431509582,1e-06,1.072911622791941e-35,1.072911622791941e-23,1.084468429778002e+19,0.588274584498742,9692810113776724.0,1.3934221713763468e-36,3.8449513624380296e-36,1.0106449501290304e-36,1.8548282323920547e-38,1.2788619488155397e-36,1.2111298888453834e-36,2.3781286590519893e-40,3.817743697922382e-37,3.011672590825133e-38,1.5594287154247663e-36
266072.50597988087,1e-06,1.0047993417226914e-35,1.0047993417226914e-23,1.2266106654550389e+19,0.588267520862299,8330491076946268.0,1.2746329844925463e-36,3.349342009246887e-36,9.598814100151954e-37,1.5461093531001044e-38,1.2150288819138229e-36,1.218455555590253e-36,1.9826439670252744e-40,3.842109205685213e-37,2.513187992658717e-38,1.6056504175453986e-36
281838.2931264455,1e-06,9.452663931437465e-36,9.452663931437465e-24,1.3811345315466484e+19,0.5882619360069308,7217135777879577.0,1.1661534090906559e-36,2.9221759989205156e-36,9.1136250042074e-37,1.291126882788567e-38,1.1539144536575743e-36,1.2254152098826472e-36,1.6656340948069238e-40,3.8650642400433224e-37,2.1006912261860357e-38,1.653051190961773e-36
298538.26189179573,1e-06,8.931557558444313e-36,8.931557558444313e-24,1.5483398367364219e+19,0.5882574829770733,6300104114222009.0,1.0670392650090602e-36,2.55322406475626e-36,8.65002493140148e-37,1.080030367207047e-38,1.095443396628037e-36,1.231996491071713e-36,1.4094623253384469e-40,3.886628626554337e-37,1.7586374487533936e-38,1.7016613607915215e-36
316227.7660168379,1e-06,8.474893892942082e-36,8.474893892942083e-24,1.728470063352172e+19,0.5882539037463579,5539151784146858.0,9.764409364793958e-37,2.2339084977108178e-36,8.207183622466305e-37,9.048787405004316e-39,1.0395344802956056e-36,1.2381870624523257e-36,1.2008495331912787e-40,3.9068074061782846e-37,1.4744329387058555e-38,1.7515106113940965e-36
334965.43915782793,1e-06,8.074381702352017e-36,8.074381702352018e-24,1.921715069487804e+19,0.5882510047296362,4903254007310858.0,8.935928841723823e-37,1.9570191538880466e-36,7.784298016321214e-37,7.592488239911552e-39,9.861033246449242e-37,1.2439747520418029e-36,1.0297123257631406e-40,3.9255953122530946e-37,1.2378482916917608e-38,1.8026283123580264e-36
354813.3892335753,1e-06,7.722971078677349e-36,7.722971078677349e-24,2.1282155378331218e+19,0.5882486394545428,4368301106385228.5,8.178044126114449e-37,1.716480099909371e-36,7.38059201291607e-37,6.379284324117236e-39,9.350642896772651e-37,1.249347668244327e-36,8.883311490790118e-41,3.9429800057713204e-37,1.0405528126056558e-38,1.8550437608011202e-36
375837.4042884443,1e-06,7.414649236925748e-36,7.414649236925749e-24,2.348068930243679e+19,0.5882466961898654,3915412523759976.5,7.484515421240539e-37,1.5071579755185642e-36,6.995315976050108e-37,5.366749633282851e-39,8.863317444724022e-37,1.254294297736871e-36,7.707495326985109e-41,3.958944444851886e-37,8.757445183191931e-39,1.908786365213913e-36
398107.1705534969,1e-06,7.144272185244806e-36,7.144272185244806e-24,2.581336647575318e+19,0.5882450890360461,3529693145892262.5,6.8496984913054355e-37,1.3247045317636574e-36,6.627746076469461e-37,4.520248096974463e-39,8.398209165201954e-37,1.258803590459429e-36,6.723366130625071e-41,3.973468644715736e-37,7.378555222211436e-39,1.9638857882719693e-36
421696.5034285822,1e-06,6.907425783758629e-36,6.90742578375863e-24,2.828052057178921e+19,0.5882437514548292,3199308554895059.5,6.268481536951029e-37,1.1654270856904088e-36,6.277183541624043e-37,3.811423459085061e-39,7.954484551484269e-37,1.2628650349470833e-36,5.894659588578461e-41,3.986531004253678e-37,6.223168883035172e-39,2.020372060751829e-36
446683.5921509635,1e-06,6.700310850374926e-36,6.700310850374927e-24,3.0882290368156074e+19,0.588242631531912,2914792087300358.0,5.736229477517676e-37,1.026181753809063e-36,5.942953856233804e-37,3.2169983608643546e-39,7.531327990495127e-37,1.2664687261291272e-36,5.192779142443308e-41,3.998109321044821e-37,5.253704683308609e-39,2.078275675071996e-36
473151.2589614803,1e-06,6.519647943041454e-36,6.519647943041455e-24,3.3618706924219585e+19,0.5882416884810452,2668521696414045.5,5.248734707382504e-37,9.042852741508443e-37,5.624405943110426e-37,2.7178159270250062e-39,7.127944089419832e-37,1.2696054269637784e-36,4.59502395540155e-41,4.008181579737557e-37,4.4391793014279566e-39,2.1376276644937935e-36
501187.2336272725,1e-06,6.362598256534607e-36,6.362598256534607e-24,3.64897793503073e+19,0.5882408900445775,2454322145906156.0,4.802173513252014e-37,7.97442011596742e-37,5.320911343867538e-37,2.2980722313658863e-39,6.743559070898946e-37,1.2722666247599475e-36,4.0832578596604147e-41,4.016726573338584e-37,3.753992940031936e-39,2.1984596722922145e-36
530884.4442309879,1e-06,6.226697736254698e-36,6.226697736254698e-24,3.949557644820634e+19,0.5882402105463395,2267160392872772.0,4.393067444991217e-37,7.03683383471397e-37,5.031863412541492e-37,1.9446995582639946e-39,6.377421524167117e-37,1.2744445826837518e-36,3.642902401668556e-41,4.0237243994089294e-37,3.1769494049432796e-39,2.2608040140014485e-36
562341.3251903491,1e-06,6.109802053065852e-36,6.109802053065852e-24,4.263630202656077e+19,0.5882396294228075,2102910757123890.0,4.0182490251661275e-37,6.213174642451459e-37,4.756676530649761e-37,1.6468692234468916e-39,6.028802711440392e-37,1.2761323867062698e-36,3.2621698204461516e-41,4.02915686094246e-37,2.690463382293087e-39,2.324693734990618e-36
595662.1435290109,1e-06,6.010040522617231e-36,6.010040522617231e-24,4.591236226479575e+19,0.5882391301074719,1958172712510116.2,3.6748312631068377e-37,5.488869504089686e-37,4.494785349129461e-37,1.3955895222758818e-39,5.696996568652686e-37,1.277323988086542e-36,2.9314749054665274e-41,4.033007793131348e-37,2.2799174259866185e-39,2.39016266502237e-36
630957.344480193,1e-06,5.9257774082210414e-36,5.925777408221042e-24,4.932442406921835e+19,0.5882386991778814,1830128623143635.0,3.3601805092504895e-37,4.851340074796079e-37,4.2456440604608624e-37,1.1833796260930153e-39,5.3813194981518505e-37,1.2780142413771218e-36,2.6429811270698825e-41,4.0352633311789906e-37,1.9331390068526806e-39,2.4572454710158766e-36
668343.9175686149,1e-06,5.855579333940305e-36,5.8555793339403055e-24,5.287346389724004e+19,0.5882383256993604,1716431997388866.0,3.071892246082744e-37,4.289707961254298e-37,4.008725702786009e-37,1.0040043158682445e-39,5.081110022150334e-37,1.2781989378729744e-36,2.39024822129811e-41,4.0359121300389475e-37,1.6399741130719987e-39,2.5259777089249446e-36
707945.7843841374,1e-06,5.798187767105976e-36,5.798187767105976e-24,5.6560806992857645e+19,0.5882380007169493,1615119202866499.0,2.807769464364859e-37,3.794546963573687e-37,3.783521496777635e-37,8.522576056925519e-40,4.795728345560091e-37,1.2778748343874111e-36,2.1679569211478732e-41,4.034945543915564e-37,1.3919387082545798e-39,2.596395875416222e-36
749894.2093324559,1e-06,5.7524957177207414e-36,5.752495717720741e-24,6.038815736187337e+19,0.5882377168597608,1524539326185069.0,2.5658033186017194e-37,3.3576742801468116e-37,3.5695402152620505e-37,7.23785777041426e-40,4.524555862625667e-37,1.277039677223415e-36,1.971692711732851e-41,4.032357771196694e-37,1.181933142430392e-39,2.6685374598674427e-36
794328.2347242822,1e-06,5.7175279547737705e-36,5.7175279547737704e-24,6.4357619111814685e+19,0.5882374680311175,1443298147450161.0,2.3441557948437305e-37,2.971974107994818e-37,3.3663075850617243e-37,6.149422777986757e-40,4.26699463167886e-37,1.2756922212098527e-36,1.7977750127549582e-41,4.028145968950718e-37,1.0040075992362236e-39,2.74244099708377e-36
841395.1416451947,1e-06,5.692424163360765e-36,5.692424163360765e-24,6.847170999022855e+19,0.588237249164533,1370213156342519.5,2.141144157767548e-37,2.63124824629292e-37,3.1733657201349913e-37,5.226684592427274e-40,4.0224668351262784e-37,1.2738322436855824e-36,1.6431215247467026e-41,4.022310340032378e-37,8.531690252970118e-40,2.8181461210399836e-36
891250.9381337459,1e-06,5.676424567276912e-36,5.676424567276913e-24,7.273336808300263e+19,0.5882370560305235,1304277252541949.8,1.955226973285477e-37,2.3300892649064043e-37,2.990272584811301e-37,4.443953223020073e-40,3.79041423659675e-37,1.2714605533374766e-36,1.5051399455820144e-41,4.014854195080738e-37,7.252218611616816e-40,2.895693619888449e-36
944060.8762859226,1e-06,5.6688576239124485e-36,5.668857623912449e-24,7.714595269258596e+19,0.5882368850828746,1244629312289450.5,1.7849915283244902e-37,2.063772576120353e-37,2.816601485720525e-37,3.779623924492076e-40,3.570297643426947e-37,1.2685789938285109e-36,1.381641105377805e-41,4.005783991168757e-37,6.1663638259354636e-40,2.975125492421734e-36
1000000.0,1e-06,5.669129465424321e-36,5.669129465424321e-24,8.171324041738517e+19,0.5882367333357001,1190530211016956.2,1.6291424914398575e-37,1.82816438086781e-37,2.651940590874487e-37,3.2155059527905725e-40,3.361596379941568e-37,1.2651904421874488e-36,1.270768949109034e-41,3.995109348513527e-37,5.244396484661554e-40,3.056485006139911e-36
1059253.7251772897,1e-06,5.6767148151601454e-36,5.6767148151601455e-24,8.643941741156947e+19,0.5882365982646524,1141343202745065.2,1.4864916770545739e-37,1.619642978278636e-37,2.495892474264681e-37,2.736266042799234e-40,3.1638077750018285e-37,1.261298801970776e-36,1.1709438380751836e-41,3.982843046432691e-37,4.461250007891638e-40,3.139816757042679e-36
1122018.4543019652,1e-06,5.69114915347815e-36,5.69114915347815e-24,9.132906873175232e+19,0.5882364777271748,1096517794867789.6,1.3559487927444047e-37,1.4350313513928933e-37,2.348073684281394e-37,2.3289661123389243e-40,2.9764466658493152e-37,1.2569089912489638e-36,1.0808164315355057e-41,3.969000999601357e-37,3.795768233042043e-40,3.2251667312433963e-36
1188502.2274370189,1e-06,5.7120219442905635e-36,5.712021944290564e-24,9.638716558473835e+19,0.5882363698978365,1055576440047399.5,1.236513063464716e-37,1.2715392901293417e-37,2.2081143342304877e-37,1.9826785345357633e-40,2.7990449192191287e-37,1.2520269255118638e-36,9.992300123739036e-42,3.95360221559972e-37,3.2300787664308497e-40,3.31258236848414e-36
1258925.411794166,1e-06,5.738970764344846e-36,5.738970764344846e-24,1.0161905118817155e+20,0.5882362732156702,1018103508579581.0,1.127265639232687e-37,1.1267135992936997e-37,2.075657713218721e-37,1.6881654048781195e-40,2.631150969932668e-37,1.2466594956308198e-36,9.251895825094927e-42,3.936668734724849e-37,2.749070208304107e-40,3.4021126276166204e-36
1333521.432163324,1e-06,5.77167620264609e-36,5.77167620264609e-24,1.0703042585091046e+20,0.5882361863411073,983736114691782.0,1.0273627037900367e-37,9.983951759931643e-38,1.9503599156939845e-37,1.4376107149742018e-40,2.4723293766333574e-37,1.2408145410571635e-36,8.57836409571576e-42,3.918225553056561e-37,2.339955340185232e-40,3.4938080541026046e-36
1412537.5446227554,1e-06,5.809857418480775e-36,5.8098574184807745e-24,1.1262733177785124e+20,0.5882361081206189,952156456236904.4,9.360292113929012e-38,8.846819365117832e-38,1.8318894879595628e-37,1.2243963538047353e-40,2.3221603939438975e-37,1.2345008184771609e-36,7.964269818005146e-42,3.898300529805062e-37,1.9919055876070787e-40,3.587720849578334e-36
1496235.6560944358,1e-06,5.85326826400912e-36,5.85326826400912e-24,1.1841613800855377e+20,0.5882360375575684,923085394728828.5,8.525531872927169e-38,7.838967349409522e-38,1.7199270900296323e-37,1.042914484944184e-40,2.180239560062261e-37,1.227727966181578e-36,7.403155423793968e-42,3.8769242800188055e-37,1.6957446888609162e-40,3.683904943520301e-36
1584893.1924611141,1e-06,5.9016938919830614e-36,5.9016938919830615e-24,1.2440352581280498e+20,0.5882359737880963,896277055860368.9,7.762805348442499e-38,6.945595506767832e-38,1.61416517125447e-37,8.884101704861052e-41,2.0461772986464097e-37,1.2205064644430159e-36,6.889395418092336e-42,3.854130053787435e-37,1.443691630553494e-40,3.7824160670435886e-36
1678804.018122559,1e-06,5.954947781334733e-36,5.9549477813347336e-24,1.3059647479043508e+20,0.588235916061094,871514272757061.0,7.066102986412772e-38,6.153633341796509e-38,1.5143076582165074e-37,7.568491892298214e-41,1.9195985337429585e-37,1.2128475922256676e-36,6.418074783345889e-42,3.829953603131813e-37,1.2291446482851017e-40,3.88331182885931e-36
1778279.410038923,1e-06,6.012869123584109e-36,6.012869123584109e-24,1.3700224985764212e+20,0.588235863721515,848604727701428.9,6.429903387549627e-38,5.451529941156474e-38,1.4200696534808168e-37,6.448068757340797e-41,1.8001423164762256e-37,1.2047633805794871e-36,5.98488700000595e-42,3.804433037826333e-37,1.0464995112194733e-40,3.986651793413528e-36
1883649.089489802,1e-06,6.075320521576575e-36,6.075320521576575e-24,1.4362838924751905e+20,0.5882358161964175,827377674790505.5,5.84913376136381e-38,4.829070874038693e-38,1.3311771438741434e-37,5.493745261110983e-41,1.6874614622184952e-37,1.1962665630937435e-36,5.5860482390934884e-42,3.777608671445056e-37,8.909964731176212e-41,4.092497561226875e-36
1995262.3149688828,1e-06,6.142185959260694e-36,6.1421859592606944e-24,1.50482693607719e+20,0.5882357729832564,807681147411545.0,5.319133736309097e-38,4.277218394230451e-38,1.247366717063741e-37,4.680805062883589e-41,1.5812221970002307e-37,1.1873705238031741e-36,5.218224934073843e-42,3.7495228589601574e-37,7.585912279606189e-41,4.200912851451353e-36
2113489.0398366475,1e-06,6.213369007282638e-36,6.213369007282638e-24,1.575732162422792e+20,0.5882357336400267,789379571656874.9,4.835622209143489e-38,3.787971768517415e-38,1.1683852853095459e-37,3.9882368324241663e-41,1.4811038119822883e-37,1.1780892429533207e-36,4.878472459333288e-42,3.7202198272469235e-37,6.458459944792122e-41,4.311963586658601e-36
2238721.1385683375,1e-06,6.288791234295093e-36,6.288791234295093e-24,1.649082545164889e+20,0.5882356977769411,772351720718694.6,4.394666950644159e-38,3.354245021050355e-38,1.0939898153689044e-37,3.398171989650159e-41,1.3867983248945707e-37,1.168437241040093e-36,4.564183059057071e-42,3.6897454998630642e-37,5.498375020569193e-41,4.4257179798722386e-36
2371373.7056616554,1e-06,6.368390798209778e-36,6.3683907982097784e-24,1.7249634242220586e+20,0.588235665049383,756488956587537.1,3.992656714840001e-38,2.96975977548432e-38,1.023947063640966e-37,2.8954093641202984e-41,1.2980101474419127e-37,1.1584295215420486e-36,4.273041505186766e-42,3.6581473174705577e-37,4.680791858571481e-41,4.5422466238554104e-36
2511886.4315095823,1e-06,6.452121195292865e-36,6.452121195292866e-24,1.8034624428513644e+20,0.5882356351519176,741693714555798.8,3.626275625438052e-38,2.6289512082085984e-38,9.580333157463348e-38,2.4670129913415194e-41,1.2144557577837623e-37,1.1480815127626127e-36,4.0029872333591595e-42,3.625474055255723e-37,3.9845534209588987e-41,4.661622582663847e-36
2660725.059798814,1e-06,6.539950148116784e-36,6.539950148116784e-24,1.884669495842979e+20,0.5882356078131932,727878193518934.8,3.2924796365504877e-38,2.326885406772816e-38,8.960341298453921e-38,2.101971519965626e-41,1.1358633773058644e-37,1.1374090091934534e-36,3.752181924553136e-42,3.591775638677448e-37,3.3916536172554585e-41,4.78392148547393e-36
2818382.931264455,1e-06,6.63185861602924e-36,6.631858616029241e-24,1.9686766884627107e+20,0.5882355827915826,714963221201808.2,2.988474885554671e-38,2.0591866659076184e-38,8.377440831046057e-38,1.7909095772274306e-41,1.061972651016647e-37,1.126428112799948e-36,3.518981677982353e-42,3.557102958835535e-37,2.8867646589189603e-41,4.909221622694952e-36
2985382.618917957,1e-06,6.72783991405329e-36,6.72783991405329e-24,2.0555783057217428e+20,0.5882355598714516,702877268478272.9,2.7116977742679196e-38,1.8219734561610644e-38,7.829665208228236e-38,1.5258429974489432e-41,9.925343310154192e-38,1.1151551746152705e-36,3.3019130657404185e-42,3.521507688701105e-37,2.456836203541387e-41,5.037604044374719e-36
3162277.660168379,1e-06,6.827898928052654e-36,6.827898928052655e-24,2.1454707915285014e+20,0.5882355388599532,691555591106618.4,2.4597966308804484e-38,1.6118019727966455e-38,7.315133078281649e-38,1.2999711155335842e-41,9.273099625920106e-38,1.1036067370116375e-36,3.0996524782850186e-42,3.4850421013905927e-37,2.0907551757913676e-41,5.169152660907777e-36
3349654.3915782794,1e-06,6.932051415635294e-36,6.932051415635294e-24,2.2384527372702423e+20,0.588235519584265,680939480638280.1,2.2306148195149333e-38,1.4256163199460704e-38,6.832045818494881e-38,1.1075004093858736e-41,8.6607157262582e-38,1.0917994769959878e-36,2.9110082671500084e-42,3.4477588915946513e-37,1.779056917652664e-41,5.3039543460561635e-36
3548133.8923357604,1e-06,7.040323383668097e-36,7.040323383668097e-24,2.3346248793771108e+20,0.5882355018892088,670975609105454.9,2.0221751770910622e-38,1.260704511019439e-38,6.378685086539369e-38,9.434946791936423e-42,8.086013600551891e-38,1.0797501508533066e-36,2.7349052713664965e-42,3.4097110011949493e-37,1.5136797962633348e-41,5.4420990422932526e-36
3758374.042884443,1e-06,7.152750534473113e-36,7.152750534473113e-24,2.434090105435289e+20,0.5882354856351845,661615454461933.6,1.8326656685617168e-38,1.1146595743388618e-38,5.953410388230003e-38,8.037477079194771e-42,7.546913882841466e-38,1.067475540434523e-36,2.5703713801995858e-42,3.370951450016705e-37,1.287756633054354e-41,5.5836798684824085e-36
3981071.705534969,1e-06,7.269377773800786e-36,7.269377773800786e-24,2.536953468435889e+20,0.588235470696381,652814795726976.0,1.6604261617236513e-38,9.853451456351903e-39,5.554656661132943e-38,6.846749811711695e-42,7.041432794819048e-38,1.054992401357691e-36,2.4165258395637683e-42,3.3315331725741517e-37,1.0954373535174968e-41,5.728793229903385e-36
4216965.034285823,1e-06,7.390258774554462e-36,7.390258774554462e-24,2.6433222087698996e+20,0.5882354569592205,644533268434109.9,1.503936231839976e-38,8.708650087439251e-39,5.180931874146529e-38,5.832215764540825e-42,6.567679108104122e-38,1.0423174133617489e-36,2.272569054953498e-42,3.2915088615717727e-37,9.317381262650594e-42,5.877538930641108e-36
4466835.921509635,1e-06,7.515455590994059e-36,7.51545559099406e-24,2.7533057836055813e+20,0.5882354443209988,636733972372114.2,1.3618039143748062e-38,7.695361144979721e-39,4.830814643767028e-38,4.967837786476665e-42,6.123851126861399e-38,1.0294671330217492e-36,2.1377736815965666e-42,3.2509308188270445e-37,7.924129907151144e-42,6.030020288353218e-36
4731512.589614812,1e-06,7.645038318794634e-36,7.645038318794635e-24,2.8670159033115466e+20,0.5882354326887017,629383124770121.9,1.232755331348208e-38,6.798646670773618e-39,4.502951868259202e-38,4.231423544463071e-42,5.708233692439117e-38,1.0164579490037596e-36,2.011476824164914e-42,3.209850814182533e-37,6.738445876118474e-42,6.186344251435139e-36
5011872.336272725,1e-06,7.779084796891973e-36,7.779084796891973e-24,2.9845665746160065e+20,0.5882354219779641,622449753060504.4,1.1156251232733531e-38,6.005249183182064e-39,4.196056381382126e-38,3.604057350997533e-42,5.31919521222909e-38,1.0033060400068897e-36,1.89307319486168e-42,3.168319952877316e-37,5.7295112462261624e-42,6.346621518603532e-36
5308844.442309879,1e-06,7.917680347527033e-36,7.917680347527033e-24,3.1060741502194326e+20,0.5882354121121589,615905422182684.5,1.0093476244265833e-38,5.3034035486922037e-39,3.9089046276742077e-38,3.069616237368642e-42,4.955184715379186e-38,9.900273355096284e-37,1.782009100938948e-42,3.126388551751458e-37,4.8710714617511584e-42,6.510966660921966e-36
5623413.251903491,1e-06,8.060917551314417e-36,8.060917551314418e-24,3.2316573846039685e+20,0.5882354030215945,609723992093639.2,9.129487244037939e-39,4.682670015996499e-39,3.6403343615814435e-38,2.6143576888413662e-42,4.6147289383290337e-38,9.766374794081686e-37,1.6777771514182422e-42,3.084106024563511e-37,4.1407604559405624e-42,6.679498246295462e-36
5956621.435290109,1e-06,8.208896054517165e-36,8.208896054517165e-24,3.361437495808183e+20,0.588235394642807,603881401747344.1,8.255383636015542e-39,4.133785981415934e-39,3.3892423729217916e-38,2.2265683617814168e-42,4.296429443391793e-38,9.631517966059986e-37,1.5799115885810407e-42,3.0415207766108892e-37,3.5195256936456326e-42,6.852338966463866e-36
6309573.444801942,1e-06,8.361722406019267e-36,8.361722406019268e-24,3.495538232960127e+20,0.5882353869179363,598355476313020.1,7.463036144896116e-39,3.648534346011861e-39,3.15458224132109e-38,1.8962647128945558e-42,3.998959773775306e-38,9.495852625870133e-37,1.487984163158894e-42,2.9986801087572228e-37,2.9911382708083383e-42,7.029615766527513e-36
6683439.175686149,1e-06,8.519509921755582e-36,8.519509921755583e-24,3.634085949384783e+20,0.5882353797941704,593125754834959.8,6.745023043657808e-39,3.219626578988559e-39,2.9353621223366125e-38,1.6149378337679162e-42,3.72106264852973e-38,9.359524759789994e-37,1.4016004834838523e-42,2.955630130890258e-37,2.5417754392899866e-42,7.211459977042492e-36
7079457.843841373,1e-06,8.682378574591952e-36,8.682378574591953e-24,3.777209681124644e+20,0.5882353732232564,588173335906725.9,6.094571387511926e-39,2.840598824114388e-39,2.730642568008074e-38,1.3753359386438085e-42,3.4615472009316606e-38,9.222676340907316e-37,1.3203967784907915e-42,2.9124156847590126e-37,2.1596648175792673e-42,7.398007448726761e-36
7498942.093324558,1e-06,8.85045490785204e-36,8.85045490785204e-24,3.925041230733514e+20,0.5882353671610618,583480739249456.9,5.505502877344137e-39,2.5057195802561816e-39,2.5395343845485675e-38,1.171278932418876e-42,3.2192862637743397e-38,9.085445113842432e-37,1.2440370226678332e-42,2.86908027607023e-37,1.8347811523610062e-42,7.589398689822837e-36
7943282.347242821,1e-06,9.023871970865653e-36,9.023871970865654e-24,4.0777152562244977e+20,0.588235361567187,579031781356050.9,4.972184004426151e-39,2.2099076574615546e-39,2.3611965298150705e-38,9.975003165712354e-43,2.993213704936265e-38,8.947964408242133e-37,1.1722103780556526e-42,2.8256660156619806e-37,1.5585878574444265e-42,7.785779006167289e-36
8413951.416451965,1e-06,9.202769275070114e-36,9.202769275070114e-24,4.2353693650731486e+20,0.5882353564046169,574811463596974.8,4.489480154380664e-39,1.9486592595323322e-39,2.194834053085542e-38,8.495123960285872e-43,2.7823218164537187e-38,8.810362980288795e-37,1.1046289143894938e-42,2.7822135695167645e-37,1.3238167126776946e-42,7.987298644022229e-36
8912509.381337458,1e-06,9.387292769334596e-36,9.387292769334596e-24,4.39814421319604e+20,0.5882353516394102,570805871385076.0,4.052713372360719e-39,1.7179831754463266e-39,2.0396960795233129e-38,7.23491349201537e-43,2.5856587601338354e-38,8.672764881314818e-37,1.0410255736156037e-42,2.7387621173276516e-37,1.1242800877887525e-42,8.19411293572896e-36
9440608.762859225,1e-06,9.57759483330044e-36,9.57759483330044e-24,4.566183608843732e+20,0.5882353472404214,567002083170862.0,3.657623513398333e-39,1.5143431776539285e-39,1.895073841534792e-38,6.161792327685995e-43,2.4023260725205283e-38,8.535289352479863e-37,9.811523494273873e-43,2.6953493192890292e-37,9.547108911830134e-43,8.406382448249472e-36
10000000.0,1e-06,9.773834287639996e-36,9.773834287639997e-24,4.739634621365087e+20,0.5882353431790504,563388088190337.6,3.300332522095492e-39,1.334606827221364e-39,1.7602987590292237e-38,5.248004260105273e-43,2.231476231773141e-38,8.398050744356237e-37,9.247786562651137e-43,2.6520112907479926e-37,8.106261540192275e-43,8.624273134666997e-36
10592537.251772897,1e-06,9.976176420235062e-36,9.976176420235061e-24,4.918647694817282e+20,0.5882353394290177,559952712017995.8,2.9773116044543184e-39,1.1759999757540873e-39,1.634740570374309e-38,4.46990388110547e-43,2.0723102887431657e-38,8.261158460176044e-37,8.71689865498096e-43,2.608782584323368e-37,6.882107643016412e-43,8.847956488722719e-36
11220184.543019652,1e-06,1.0184793027364873e-35,1.0184793027364873e-23,5.1033767664126565e+20,0.5882353359661625,556685549090898.7,2.6853510718322498e-39,1.0360663335140478e-39,1.517805515614024e-38,3.807349156289631e-43,1.9240755642443673e-38,8.124716921421416e-37,8.216859893370826e-43,2.565696179076456e-37,5.842183802627439e-43,9.07760970247187e-36
11885022.27437019,1e-06,1.0399862469074343e-35,1.0399862469074344e-23,5.293979389809361e+20,0.5882353327682588,553576901468349.8,2.4215326529008508e-39,9.126315434417357e-40,1.4089345732794198e-38,3.243183545826443e-43,1.7860634142115728e-38,7.988825554384848e-37,7.745804954718943e-43,2.522783476300353e-37,4.958869904930704e-43,9.31341582714873e-36
12589254.11794166,1e-06,1.0621569737966988e-35,1.0621569737966989e-23,5.4906168632682296e+20,0.5882353298148506,550617723177539.94,2.183204084204612e-39,8.037712630323677e-40,1.3076017518834655e-38,2.7627944920137136e-43,1.6576070641382907e-38,7.853578796289924e-37,7.301992375499347e-43,2.4800743014830663e-37,4.208669615547075e-43,9.555563937336587e-36
13335214.32163324,1e-06,1.0850106540734829e-35,1.0850106540734829e-23,5.6934543627126827e+20,0.5882353270871026,547799569570496.5,1.9679558035658694e-39,7.077828111714462e-40,1.2133124369511383e-38,2.353737034153536e-43,1.538079513878259e-38,7.719066119541245e-37,6.8837948845151414e-43,2.437596911992821e-37,3.5715973189759453e-43,9.804249298545467e-36
14125375.446227554,1e-06,1.1085671391800296e-35,1.1085671391800296e-23,5.9026610797421756e+20,0.5882353245676641,545114551183194.2,1.7735995832564876e-39,6.231599859560749e-40,1.1256017941989202e-38,2.005412964717804e-43,1.426891513594625e-38,7.585372072666214e-37,6.4896906491719696e-43,2.3953780100319202e-37,3.0306558201156634e-43,1.0059673538307391e-35
14962356.560944358,1e-06,1.132846971850361e-35,1.132846971850361e-23,6.118410364662604e+20,0.5882353222405465,542555291645043.7,1.598148951638833e-39,5.4857070295376985e-40,1.0440332292466548e-38,1.7087973504352817e-43,1.3234896113466295e-38,7.452576336517244e-37,6.1182553347406856e-43,2.353442760407425e-37,2.5713914187694267e-43,1.0322044820906206e-35
15848931.924611142,1e-06,1.1578713977323349e-35,1.1578713977323349e-23,6.340879874608853e+20,0.5882353200910105,540114889237299.3,1.439801262940288e-39,4.8283714192465974e-40,9.681969040217808e-39,1.4562054439777259e-43,1.2273542725204394e-38,7.32075379432162e-37,5.768154888204679e-43,2.3118148126727283e-37,2.181514938541835e-43,1.0591578025866099e-35
16788040.18122559,1e-06,1.183662378066949e-35,1.183662378066949e-23,6.570251726845765e+20,0.5882353181054643,537786881743107.2,1.296921285031029e-39,4.249181243191201e-40,8.9770830980312e-39,1.2410940371039914e-43,1.1379980710404077e-38,7.1899746141944136e-37,5.438138968864982e-43,2.2705163272029664e-37,1.850578972198737e-43,1.0868494930330768e-35
17782794.100389227,1e-06,1.2102426033835948e-35,1.2102426033835948e-23,6.806712657343874e+20,0.5882353162713712,535565214270802.1,1.168026184581558e-39,3.7389347435472826e-40,8.322068966505146e-39,1.057892180577739e-43,1.0549639520419329e-38,7.060304342767092e-37,5.127034957114772e-43,2.2295680047790098e-37,1.5697030389933607e-43,1.115302439547246e-35
18836490.89489802,1e-06,1.237635508174598e-35,1.237635508174598e-23,7.050454184735154e+20,0.5882353145771642,533444209766291.4,1.051771797835374e-39,3.2895014360661466e-40,7.713547587788054e-39,9.0185694214339e-44,9.778235654486217e-39,6.931804008629872e-37,4.833742480871415e-43,2.188989119268996e-37,1.3313395721296236e-43,1.1445402557078476e-35
19952623.14968883,1e-06,1.265865286516643e-35,1.265865286516643e-23,7.301672779762547e+20,0.588235313012169,531418541960602.3,9.469400834889152e-40,2.893699031942887e-40,7.148353752608396e-39,7.68950510256067e-44,9.061756696758016e-39,6.804530234336281e-37,4.557228406222035e-43,2.148797553012374e-37,1.1290746974916398e-43,1.1745873020470152e-35
21134890.398366477,1e-06,1.294956908610881e-35,1.2949569086108812e-23,7.560570040343729e+20,0.5882353115665325,529483210525346.44,8.524276618673416e-40,2.5451842915072816e-40,6.623524052852218e-39,6.557354942341684e-44,8.396446044806005e-39,6.678535355775616e-37,4.2965222450303926e-43,2.1090098345294022e-37,9.574586544622933e-44,1.2054687059917994e-35
22387211.385683376,1e-06,1.3249361382173942e-35,1.3249361382173943e-23,7.827352872376397e+20,0.5882353102311585,527633518232489.7,7.672353517577627e-40,2.2383562571101478e-40,6.13628537050409e-39,5.592857347711417e-44,7.77878831795895e-39,6.553867547778525e-37,4.050711937680763e-43,2.0696411781978764e-37,8.118614686147427e-44,1.2372103822724456e-35
23713737.056616552,1e-06,1.3558295509634826e-35,1.3558295509634825e-23,8.102233676417348e+20,0.588235308997648,525865049935738.56,6.904586229460683e-40,1.96827048318924e-40,5.6840438924795394e-39,4.771103340109913e-44,7.205495432219264e-39,6.430570954884706e-37,3.8189399738981575e-43,2.030705525558985e-37,6.883501334940548e-44,1.269839053815445e-35
25118864.315095823,1e-06,1.387664553508842e-35,1.387664553508842e-23,8.385430540372527e+20,0.5882353078582443,524173653209427.0,6.212788887305704e-40,1.7305630335100645e-40,5.2643746397385905e-39,4.0708895163848834e-44,6.673493327049002e-39,6.3086858262667246e-37,3.6003998187673494e-43,1.9922155879346798e-37,5.83584110984435e-44,1.303382273140212e-35
26607250.59798814,1e-06,1.4204694035541364e-35,1.4204694035541365e-23,8.677167438339101e+20,0.5882353068057834,522555420497276.3,5.589555684845017e-40,1.5213831510303354e-40,4.875011498079815e-39,3.4741670117009677e-44,6.179909328061924e-39,6.188248653870366e-37,3.39433261474992e-43,1.9541828900599534e-37,4.947264308447283e-44,1.3378684442791028e-35
28183829.31264455,1e-06,1.454273230682792e-35,1.454273230682792e-23,8.977674435743568e+20,0.5882353058336484,521006672638084.9,5.02818855736881e-40,1.337333626541648e-40,4.513837737168002e-39,2.9655722611422413e-44,5.7220601285837445e-39,6.0692923128989235e-37,3.2000241337328185e-43,1.91661781445453e-37,4.193680718019314e-44,1.3733268452413488e-35
29853826.189179573,1e-06,1.4891060580289976e-35,1.4891060580289975e-23,9.28718790092292e+20,0.5882353049357258,519523943648463.3,4.522631322622452e-40,1.1754179998039971e-40,4.1788770036394644e-39,2.532027450926655e-44,5.297440372142609e-39,5.951846203835112e-37,3.0168019559885862e-43,1.8795296462794133e-37,3.554636492814848e-44,1.4097876510423662e-35
31622776.60168379,1e-06,1.5249988247679466e-35,1.5249988247679465e-23,9.605950723297578e+20,0.5882353041063686,518103966654404.94,4.067409733378537e-40,1.0329938227358842e-40,3.8682847735519774e-39,2.1624003366418177e-44,4.9037118172193614e-39,5.83593639526011e-37,2.84403285543539e-43,1.8429266184445161e-37,3.012767270960945e-44,1.447281957320766e-35
33496543.915782794,1e-06,1.5619834094273083e-35,1.5619834094273084e-23,9.934212538286794e+20,0.5882353033403585,516743660873864.75,3.6575769366393906e-40,9.077312996235881e-41,3.580340248992901e-39,1.8472146297623747e-44,4.5386930650115434e-39,5.721585766793497e-37,2.6811203727958246e-43,1.806815956753874e-37,2.553333196120423e-44,1.48584180456632e-35
35481338.923357606,1e-06,1.6000926540216716e-35,1.6000926540216716e-23,1.0272229959118693e+21,0.5882353026328743,515440119561854.3,3.288663874691576e-40,7.975766953978006e-41,3.3134386833219184e-39,1.5784034534200675e-44,4.200349830536853e-39,5.608814151540171e-37,2.5275025602040132e-43,1.7712039248946285e-37,2.1638236337998788e-44,1.5255002029829843e-35
37583740.42884443,1e-06,1.6393603890144585e-35,1.6393603890144585e-23,1.0620266815687924e+21,0.5882353019794615,514190598837869.44,2.9566342005896345e-40,7.007199708006006e-41,3.066084119295565e-39,1.349099476830227e-44,3.8867857371106845e-39,5.497638477490918e-37,2.3826498825328514e-43,1.7360958690950964e-37,1.833621183474547e-44,1.5662911580120243e-35
39810717.05534969,1e-06,1.679821459114371e-35,1.679821459114371e-23,1.0978594400615356e+21,0.5882353013760032,512992507322942.1,2.657843315275025e-40,6.155661636273824e-41,2.8368825241904743e-39,1.1534562829861065e-44,3.5962336140666e-39,5.388072907380994e-37,2.2460632622349796e-43,1.7014962622954352e-37,1.553716131644941e-44,1.6082496965411868e-35
42169650.342858225,1e-06,1.7215117499159174e-35,1.7215117499159175e-23,1.1347491722664971e+21,0.5882353008186959,511843396520303.3,2.3890011656121646e-40,5.407100889772301e-41,2.6245353060031376e-39,9.864963301641564e-45,3.327047277538525e-39,5.28012897656644e-37,2.117272255837093e-43,1.6674087476919222e-37,1.3164638068078808e-44,1.651411893826751e-35
44668359.21509635,1e-06,1.764468215395975e-35,1.7644682153959752e-23,1.172724576767444e+21,0.5882353003040246,510740951879664.3,2.147138472309562e-40,4.749139792946859e-41,2.4278331948464354e-39,8.439815548824852e-45,3.07769377417694e-39,5.1738157285302145e-37,1.9958333514183464e-43,1.6338361815323718e-37,1.1153784186462935e-44,1.6958149011562375e-35
47315125.89614812,1e-06,1.8087289062806518e-35,1.808728906280652e-23,1.2118151767157113e+21,0.5882352998287409,509682984490530.9,1.929576084146582e-40,4.170877275732696e-41,2.2456504737799e-39,7.223032496747433e-45,2.8467460678188455e-39,5.069139847679679e-37,1.8813283774591924e-43,1.600780675055851e-37,9.449579191393785e-45,1.7414969742804746e-35
50118723.36272725,1e-06,1.8543329992989032e-35,1.8543329992989032e-23,1.252051347473437e+21,0.5882352993898429,508667423354833.06,1.733897180291556e-40,3.6627143498507947e-41,2.0769395434928e-39,6.183883482799652e-45,2.6328761493619168e-39,4.966105789143614e-37,1.7733630143829507e-43,1.5682436354845498e-37,8.005352371941793e-45,1.7884975026446296e-35
53088444.423098795,1e-06,1.9013208273414906e-35,1.9013208273414906e-23,1.2934643450559712e+21,0.5882352989845572,507692308193559.25,1.5579220659138873e-40,3.216199979091935e-41,1.9207258054988394e-39,5.2961967632247236e-45,2.434848550396857e-39,4.864715905320084e-37,1.6715654009432797e-43,1.5362258059893239e-37,6.781519316487124e-45,1.8368570394487433e-35
56234132.51903491,1e-06,1.9497339105459303e-35,1.9497339105459304e-23,1.3360863353897395e+21,0.5882352986103202,506755782746022.56,1.3996853278933886e-40,2.823894993081653e-41,1.776102848791674e-39,4.5376808811905855e-45,2.2515142415198506e-39,4.764970568967226e-37,1.5755848283492145e-43,1.504727304563258e-37,5.744508978865021e-45,1.886617332569255e-35
59566214.35290109,1e-06,1.999614988330029e-35,1.999614988330029e-23,1.3799504244021854e+21,0.5882352982647635,505856088523987.75,1.25741513733795e-40,2.479251960516316e-41,1.6422279252436093e-39,3.8893471916660583e-45,2.0818048966691925e-39,4.666868292666131e-37,1.4850905156763608e-43,1.4737476617493305e-37,4.865852660123754e-45,1.937821356373924e-35
63095734.44801943,1e-06,2.051008052398536e-35,2.051008052398536e-23,1.4250906889606933e+21,0.5882352979456983,504991558986105.8,1.129514503953758e-40,2.1765091747091373e-41,1.5183176993999145e-39,3.335018470374967e-45,1.9247275052991344e-39,4.570405844519641e-37,1.399770460698118e-43,1.4432858571791993e-37,4.121410565215142e-45,1.9905133444635158e-35
66834391.756861486,1e-06,2.1039583807492212e-35,2.1039583807492214e-23,1.4715422086777788e+21,0.588235297651102,504160614101041.9,1.014544304181126e-40,1.9105971147165042e-41,1.4036442587215788e-39,2.860910775880808e-45,1.7793593147113763e-39,4.4755783599823775e-37,1.3193303607929017e-43,1.413340354890068e-37,3.4907152369644773e-45,2.0447388233745308e-35
70794578.43841374,1e-06,2.1585125727065107e-35,2.158512572706511e-23,1.5193410986002775e+21,0.5882352973791064,503361755270333.06,9.112079205177835e-41,1.6770559322151968e-41,1.297531370754305e-39,2.4552776432200708e-45,1.644843085403256e-39,4.382379449746198e-37,1.243492599049568e-43,1.3839091373957055e-37,2.9564142701359004e-45,2.1005446472782435e-35
74989420.93324558,1e-06,2.2147185850124703e-35,2.2147185850124704e-23,1.5685245428007497e+21,0.5882352971279842,502593560584419.7,8.183373436988261e-41,1.4719626802479533e-41,1.199350974146103e-39,2.1081073135525396e-45,1.5203826428551623e-39,4.290801303631445e-37,1.1719952911104745e-43,1.3549897384959743e-37,2.5037973466929655e-45,2.1579790337122354e-35
79432823.47242822,1e-06,2.272625769006614e-35,2.272625769006614e-23,1.6191308288898986e+21,0.58823529689614,501854680387475.9,7.348806024803746e-41,1.291867147248092e-41,1.1085198908948666e-39,1.810865088906697e-45,1.405238709761442e-39,4.200834790457945e-37,1.1045913886652304e-43,1.3265792748166457e-37,2.1203948779797542e-45,2.2170916003815904e-35
84139514.16451965,1e-06,2.3322849089276108e-35,2.3322849089276108e-23,1.671199383469439e+21,0.5882352966820998,501143833128658.3,6.598903977693688e-41,1.1337352904479032e-41,1.024496747676736e-39,1.5562740799849622e-45,1.2987250033041222e-39,4.112469553890958e-37,1.041047835843638e-43,1.2986744760780035e-37,1.7956374489444677e-45,2.2779334030678855e-35
89125093.8133746,1e-06,2.393748261371502e-35,2.393748261371502e-23,1.7247708085455356e+21,0.588235296484502,500459801479189.56,5.925138288360318e-41,9.94899378702173e-42,9.467790945818324e-40,1.3381286186114606e-45,1.2002045826717938e-39,4.025694104276237e-37,9.811447750577632e-44,1.2712717140967243e-37,1.5205668834970348e-45,2.3405569746850628e-35
94406087.62859225,1e-06,2.457069595942582e-35,2.4570695959425817e-23,1.7798869189237319e+21,0.5882352963020878,499801428696346.25,5.319831094143989e-41,8.730140575520867e-42,8.749007100625335e-40,1.1511354607214507e-45,1.1090864326326419e-39,3.9404959064951135e-37,9.2467479911455e-44,1.2443670305308003e-37,1.2875911310816501e-45,2.405016365522281e-35
100000000.0,1e-06,2.5223042371345296e-35,2.5223042371345297e-23,1.836590780607111e+21,0.5882352961336953,499167615216913.1,4.776071807113271e-41,7.660176404740278e-42,8.084290813779196e-40,9.907786329436043e-46,1.0248222695771128e-39,3.856861463885377e-37,8.714422466653432e-44,1.2179561633819766e-37,1.0902763487244168e-45,2.471367184714785e-35
10000.0,0.0001,5.050436122304304e-35,5.050436122304304e-27,4.4293170308932946e+18,1.2181346603943852,1.899770871653229e+19,5.032910131553133e-35,4.7916223999046274e-60,1.6473574155656583e-37,2.7839279559925207e-44,2.3071032381754153e-68,7.859229064980708e-39,7.299154392079892e-46,2.7418906593957755e-70,7.865614642619735e-61,2.6649083209737293e-39
10592.537251772897,0.0001,2.498057508069909e-34,2.498057508069909e-26,9.502403925218798e+17,1.2159760749706168,7.66282652398627e+18,2.4869005498883153e-34,8.84945383320825e-58,1.0447059843056343e-36,3.610038888110371e-43,1.0851084034299027e-65,5.27941976668928e-38,1.0025970860298867e-44,1.366017396307831e-67,1.3452313795556604e-58,1.8195265156987103e-38
11220.18454301963,0.0001,1.127341294160493e-33,1.127341294160493e-25,2.2397078328661904e+17,1.2109164115871422,3.2561331619609815e+18,1.120940528718285e-33,1.2230608278327266e-55,5.969287881435712e-36,4.063469107026473e-42,3.6351441486804907e-63,3.1953220462185747e-37,1.1953952343791961e-43,4.847354036391223e-65,1.7239486859450994e-56,1.1194117314189699e-37
11885.022274370189,0.0001,4.636145234171571e-33,4.636145234171571e-25,5.8223861271126104e+16,1.1997835788758677,1.4580156582397824e+18,4.6030700163565206e-33,1.2815147890148953e-53,3.0713484517223796e-35,3.9889616054550344e-41,8.81168613144481e-61,1.7414908728110277e-36,1.243009402964952e-42,1.2446353244723396e-62,1.6770121501355467e-54,6.202012923903367e-37
12589.254117941662,0.0001,1.725059913638466e-32,1.725059913638466e-24,1.6894391556401524e+16,1.1771023064499975,6.902163291309094e+17,1.7097655732894476e-32,1.0274763171832364e-51,1.413774389183508e-34,3.4200383384210983e-40,1.5640368529451681e-58,8.49126161664768e-36,1.1288741604276722e-41,2.3400766620032642e-60,1.249794657590256e-52,3.07434966260713e-36
13335.21432163324,0.0001,5.713096699814946e-32,5.713096699814946e-24,5601969247949575.0,1.1353993833932692,3.481819423656363e+17,5.650802078150816e-32,6.328446676249216e-50,5.730645010432252e-34,2.552152899171616e-39,2.0457834936442317e-56,3.645823317718706e-35,8.923212738840799e-41,3.242222187940652e-58,7.16334289195791e-51,1.342084103585445e-35
14125.375446227554,0.0001,1.6372723171461843e-31,1.6372723171461843e-23,2199551825675622.8,1.0688230997176043,1.8976806867071952e+17,1.6155318445258061e-31,2.9864229296566244e-48,1.989752435314215e-33,1.6417619125283992e-38,1.9713271048593257e-54,1.340883839394871e-34,6.080296167044086e-40,3.3093431088282747e-56,3.14920517420479e-49,5.018941713534161e-35
14962.356560944329,0.0001,3.912197865404126e-31,3.912197865404126e-23,1062955505848088.2,0.9804490992376034,1.1381099918667962e+17,3.8495240159135417e-31,1.0714158276725734e-46,5.705046610661847e-33,8.974411388090734e-38,1.3916213236517115e-52,4.072408250839449e-34,3.520631184858006e-39,2.4745952679177808e-54,1.053663400819784e-47,1.55004248567454e-34
15848.93192461114,0.0001,7.542944613891806e-31,7.542944613891806e-23,646538884757070.4,0.8855750674787942,7.63282462658413e+16,7.398436479176597e-31,2.9041608515483716e-45,1.3078689892349166e-32,4.1171645455274895e-37,7.167210059102636e-51,9.889090561687757e-34,1.710853339558033e-38,1.3499983461290731e-52,2.666293060250754e-46,3.827856980118854e-34
16788.040181225588,0.0001,1.1638462110268279e-30,1.163846211026828e-22,489738550577786.06,0.8026035213494612,5.746242731276083e+16,1.1374031571238006e-30,5.979934009780235e-44,2.3786290190733797e-32,1.584513882534687e-36,2.713018723985099e-49,1.905104595441979e-33,6.974460283625628e-38,5.412973418473218e-51,5.130553644452856e-45,7.500048583011942e-34
17782.794100389227,0.0001,1.4745915273787381e-30,1.474591527378738e-22,443478940501431.3,0.7409965977145676,4.791874253023492e+16,1.4351697173743309e-30,9.559744260297578e-43,3.5230587944287704e-32,5.1994204324153646e-36,7.728446966910808e-48,2.9889042504024143e-33,2.42420582497791e-37,1.6333352481574484e-49,7.672236233546715e-44,1.1968759676695656e-33
18836.49089489802,0.0001,1.6095064288436436e-30,1.6095064288436436e-22,455616850256736.94,0.6999523183755446,4.3186222528530584e+16,1.5592491691627103e-30,1.22523719107157e-41,4.4600746589128975e-32,1.4943550536079783e-35,1.7138609274924707e-46,4.0080602404511184e-33,7.380203519066978e-37,3.8367074130597965e-48,9.207095831656458e-43,1.6327712672921027e-33
19952.62314968879,0.0001,1.5906021550445623e-30,1.5906021550445623e-22,507027279458827.1,0.6741678792922354,4.097961399385714e+16,1.532988211996011e-30,1.29992947339841e-40,5.074108201967156e-32,3.865008714270991e-35,3.0599860631730263e-45,4.830052326380807e-33,2.0219246787566113e-36,7.256088178962657e-47,9.155062025979548e-42,2.0021365515263273e-33
21134.890398366475,0.0001,1.4800805361903742e-30,1.4800805361903742e-22,591086192608835.6,0.6583014131159902,4.005457885467802e+16,1.4182788277740584e-30,1.1708357624582523e-39,5.396719518226626e-32,9.182733450227993e-35,4.518035151325219e-44,5.4415416657482204e-33,5.0884594149257654e-36,1.1348349666093244e-45,7.735408138644805e-41,2.2960545261477725e-33
22387.21138568338,0.0001,1.331658251981196e-30,1.331658251981196e-22,706508149876624.1,0.6484119181545811,3.962063833770434e+16,1.2679052311606213e-30,9.10187841010534e-39,5.512068614055061e-32,2.0285707053080708e-34,5.616755306329093e-43,5.8871720315406945e-33,1.1907044516831201e-35,1.4944060173230523e-44,5.6463307318350524e-40,2.530388866347565e-33
23713.737056616552,0.0001,1.178063001051077e-30,1.178063001051077e-22,854550346421612.6,0.6418813811013735,3.902373841883415e+16,1.1136765466299458e-30,6.155918369913626e-38,5.499321538195654e-32,4.182825947587088e-34,5.934670008607249e-42,6.22158766259389e-33,2.6006511549591763e-35,1.672552191895026e-43,3.589009891917846e-39,2.7272971159768543e-33
25118.86431509582,0.0001,1.0354788164071272e-30,1.0354788164071272e-22,1037726692784255.8,0.6369960552521683,3.7591793225289416e+16,9.71059714662936e-31,3.6212902159109144e-37,5.416550009936446e-32,8.01662680264662e-34,5.33497728429981e-41,6.491048721533953e-33,5.279584276305702e-35,1.5926328814895758e-42,1.986034180402159e-38,2.9077123559594884e-33
26607.250597988084,0.0001,9.101288504994108e-31,9.101288504994108e-23,1259197026821590.5,0.6326512616214169,3.468510256576472e+16,8.45782610622668e-31,1.838705481475783e-36,5.301526218750163e-32,1.4119589593754945e-33,4.054145314969128e-40,6.729658483792553e-33,9.849609107610923e-35,1.2819834382285267e-41,9.49442845671757e-38,3.0889300869965286e-33
28183.82931264455,0.0001,8.026828028060512e-31,8.026828028060512e-23,1522854353505551.5,0.6282877928433198,3.0023944866109884e+16,7.382696675930753e-31,7.966337150982342e-36,5.174728792692567e-32,2.251501296388064e-33,2.577639708883569e-39,6.957924389752333e-33,1.6635719988384132e-34,8.633866254939919e-41,3.876471994599454e-37,3.281707751697271e-33
29853.82618917957,0.0001,7.1086550468513455e-31,7.108655046851345e-23,1834195516921044.8,0.6239185263695188,2.4075624685612656e+16,6.462790841821166e-31,2.923297268037626e-35,5.042054847106448e-32,3.2158799816630085e-33,1.3625398077094454e-38,7.181243902403215e-33,2.516546478474344e-34,4.834285584964412e-40,1.3417022048237468e-36,3.486504716327904e-33
31622.776601683792,0.0001,6.314895118992631e-31,6.31489511899263e-23,2201112021825757.5,0.619944286307003,1.7932646491913228e+16,5.668351397176352e-31,9.1317218331163e-35,4.9006802058354923e-32,4.1227911164044234e-33,6.024610221086558e-38,7.39347272732062e-33,3.41628523252435e-34,2.264185775192883e-39,3.9565799169801476e-36,3.694341447759357e-33
33496.54391578279,0.0001,5.620133220475622e-31,5.620133220475622e-23,2633353675538025.5,0.6167443047585369,1.2617913086255276e+16,4.975551663061148e-31,2.475021631272228e-34,4.7474089770816297e-32,4.822034869842234e-33,2.273361804393283e-37,7.58662745532591e-33,4.229543284091715e-34,9.050064247166968e-39,1.0132192122081198e-35,3.8945785755598046e-33
35481.33892335753,0.0001,5.010000224847279e-31,5.0100002248472784e-23,3140933006981624.0,0.6144188493659806,1.1812734562781168e+16,4.3694915565878065e-31,5.9745270611008125e-34,4.583173308555714e-32,5.268747870311776e-33,7.521797062299299e-37,7.75815392069258e-33,4.88842720756552e-34,3.171792116492017e-38,2.312869550821617e-35,4.082023929383593e-33
37583.74042884443,0.0001,4.47736589920825e-31,4.4773658992082497e-23,3732429087422812.0,0.6128395668082984,1.227885960219068e+16,3.840400279946096e-31,1.3167937046670259e-33,4.411952835667271e-32,5.502066620134513e-33,2.239025882334899e-36,7.910846776053959e-33,5.393052367609298e-34,1.0000972134903995e-37,4.824434427812182e-35,4.257437852044488e-33
39810.71705534969,0.0001,4.018246632972074e-31,4.018246632972074e-23,4412775542817354.5,0.6118042964034563,1.2787328671310938e+16,3.3799933166458242e-31,2.7016875784089742e-33,4.238164253311337e-32,5.590303988473875e-33,6.118611341980712e-36,8.049518369398715e-33,5.776025522752191e-34,2.894916027728847e-37,9.375476529842745e-35,4.424413742711636e-33
42169.65034285822,0.0001,3.6306288815346183e-31,3.630628881534618e-23,5178973657711700.0,0.6111325129423838,1.333307842963496e+16,2.9802071813139873e-31,5.230874927936455e-33,4.065267258754189e-32,5.5973252653347474e-33,1.557255173417212e-35,8.17864229196586e-33,6.0737509227262975e-34,7.804460477836695e-37,1.720679812105235e-34,4.5868588780190385e-33
44668.359215096345,0.0001,3.315222749454479e-31,3.315222749454479e-23,6012106946498783.0,0.6106910259054217,1.3910949937324714e+16,2.6332613756236332e-31,9.645529661803169e-33,3.8955632823815137e-32,5.5736012468721094e-33,3.7281201954472447e-35,8.301610928070823e-33,6.314681980336069e-34,1.9791240166680265e-36,3.009855099007101e-34,4.7480486886179484e-33
47315.12589614803,0.0001,3.0768184474516904e-31,3.0768184474516906e-23,6865211640606225.0,0.6103868215417709,1.4514134429913662e+16,2.331982796308901e-31,1.704307396669623e-32,3.7304702927081733e-32,5.558418486156647e-33,8.452832822876224e-35,8.420845466446201e-33,6.5172782325375236e-34,4.753192279880965e-36,5.048644879299816e-34,4.9106504362057266e-33
50118.72336272725,0.0001,2.9255847129508895e-31,2.9255847129508895e-23,7650870128262012.0,0.6101511602539256,1.5130833993642812e+16,2.0700141862043907e-31,2.8971473858350137e-32,3.5708610550158165e-32,5.584052473832625e-33,1.8235271100800009e-34,8.538175226669999e-33,6.690809412096824e-34,1.0861638080505833e-35,8.152765389285863e-34,5.077168736412139e-33
53088.444423098794,0.0001,2.8778771339689018e-31,2.877877133968902e-23,8241638434858688.0,0.6099231857616741,1.5738520685312576e+16,1.8418779201743165e-31,4.7489432932874204e-32,3.417342076217576e-32,5.678170413755809e-33,3.753974768143256e-34,8.655268911627714e-33,6.835746711438787e-34,2.3685058000484266e-35,1.2703536407962672e-33,5.250617512270096e-33
56234.13251903491,0.0001,2.9557966934051297e-31,2.95579669340513e-23,8503878558218669.0,0.6096342258132104,1.6294886287470778e+16,1.6429486819594942e-31,7.511442795784845e-32,3.2704656348009215e-32,5.862968709721995e-33,7.3839639245650635e-34,8.774082259508258e-33,6.942627255159609e-34,4.93483537803559e-35,1.911240719682613e-33,5.4354176780401495e-33
59566.214352901094,0.0001,3.183917173245759e-31,3.1839171732457585e-23,8368432802434704.0,0.6091932111012953,1.6725501715560976e+16,1.4693767160063972e-31,1.1450279595444927e-31,3.1308811178024613e-32,6.149844752887401e-33,1.3867963992175503e-33,8.897309315095184e-33,6.989411985451838e-34,9.817384683546658e-35,2.772863304785756e-33,5.638509774095715e-33
63095.7344480193,0.0001,3.5805219752868517e-31,3.5805219752868516e-23,7891691134548577.0,0.6084775038210649,1.6912080285026226e+16,1.3179719350284735e-31,1.676092589513815e-31,2.9993957892433266e-32,6.528522419513754e-33,2.47918925307597e-33,9.028713852577279e-33,6.9387508046876325e-34,1.8590573348091136e-34,3.865195139866499e-33,5.870385703039947e-33
66834.39175686149,0.0001,4.140694329532288e-31,4.140694329532288e-23,7241938947250211.0,0.6073414453408224,1.6694018907215972e+16,1.1860315879634117e-31,2.3408403476288876e-31,2.876853636290386e-32,6.95177887461977e-33,4.193692727410445e-33,9.172968007680796e-33,6.739202490293433e-34,3.331038941181811e-34,5.1431799526834726e-33,6.14505932555299e-33
70794.57843841374,0.0001,4.8133507402852285e-31,4.813350740285228e-23,6617342797440797.0,0.6056612763379171,1.5905894483154826e+16,1.0710951723256704e-31,3.091291875015429e-31,2.7637167849015666e-32,7.324135395262669e-33,6.655451554079558e-33,9.334383673537142e-33,6.337538945899224e-34,5.599646738902788e-34,6.474359784080185e-33,6.477152469957323e-33
74989.42093324558,0.0001,5.487292577207268e-31,5.487292577207268e-23,6171394497196331.0,0.6034197541144866,1.4464207377710976e+16,9.706821751997826e-32,3.8226614215209277e-31,2.659402687419678e-32,7.513423070775047e-33,9.81761126897708e-33,9.514286279865276e-33,5.707033872215353e-34,8.74961483447668e-34,7.635107964743208e-33,6.87477771942924e-33
79432.82347242821,0.0001,6.0128989080262765e-31,6.012898908026276e-23,5991860189002765.0,0.6007798746364181,1.2462221644842672e+16,8.821947500052874e-32,4.395140462069378e-31,2.56186115173272e-32,7.401118725728216e-33,1.337163769433297e-32,9.708400853171649e-33,4.880484055061081e-34,1.2623148873169388e-33,8.375215469930784e-33,7.331022041847277e-33
84139.51416451947,0.0001,6.266300830902792e-31,6.266300830902791e-23,6117963665268131.0,0.5980573271440535,1.0175059665180024e+16,8.031493824166279e-32,4.695283894666472e-31,2.4680638430191624e-32,6.950161537194962e-33,1.6810647130801992e-32,9.907144590251078e-33,3.956130583563333e-34,1.6809993108305574e-33,8.539384942566538e-33,7.822166381776132e-33
89125.0938133746,0.0001,6.210997364245475e-31,6.210997364245475e-23,6565388081487563.0,0.595578761208867,7936408932571553.0,7.315854705805347e-32,4.693501361629414e-31,2.3753026130127146e-32,6.230292289567863e-33,1.9653015464658792e-32,1.0099760102223866e-32,3.057858687284171e-34,2.0816719930620688e-33,8.150002473427808e-33,8.317498881756535e-33
94406.08762859226,0.0001,5.901525348240531e-31,5.90152534824053e-23,7344185626089766.0,0.5935441478953984,5990238083915310.0,6.662626891830277e-32,4.445843126466282e-31,2.282211150827095e-32,5.373682624787086e-33,2.164442672545867e-32,1.0278930619394395e-32,2.2799544955459025e-34,2.4284501387297757e-33,7.373152032810089e-33,8.793204160116404e-33
100000.0,0.0001,5.435687640759858e-31,5.435687640759858e-23,8468124688421010.0,0.5919966008294552,4434697582142631.0,6.065098048158193e-32,4.047696049974748e-31,2.188783992204278e-32,4.506642445679757e-33,2.278516762756178e-32,1.0442272336261409e-32,1.661665183442244e-34,2.7079168914949323e-33,6.41321560723124e-33,9.238957248312968e-33
105925.37251772897,0.0001,4.905408749546274e-31,4.905408749546274e-23,9958378166968014.0,0.5908770656956701,3257013400846409.0,5.519374698481878e-32,3.587295178363343e-31,2.0957605284702098e-32,3.711339157596421e-33,2.3226895738813184e-32,1.0590921968927715e-32,1.1977725236394658e-34,2.9239791656904855e-33,5.43155044846316e-33,9.655541116917269e-33
112201.84543019629,0.0001,4.374544410325614e-31,4.374544410325614e-23,1.184430629754198e+16,0.5900903191040686,2392874606265609.5,5.022303332504906e-32,3.1253140747343116e-31,2.0040342811754688e-32,3.0244119754977225e-33,2.3160712553589445e-32,1.0727468748713814e-32,8.615869498984829e-35,3.088410497368872e-33,4.523233889815417e-33,1.0049261062351233e-32
118850.22274370189,0.0001,3.878725717981537e-31,3.878725717981537e-23,1.4162989526583678e+16,0.5895449799902123,1768325543977907.8,4.570614927785805e-32,2.695281956726479e-31,1.9143484744588703e-32,2.4519429088727226e-33,2.2754701066237108e-32,1.0854582109627663e-32,6.222635306592022e-35,3.2140619085127795e-33,3.72957247811619e-33,1.0427655278626649e-32
125892.54117941661,0.0001,3.433514482761966e-31,3.433514482761966e-23,1.6958315278782112e+16,0.5891682850261211,1318928741935543.5,4.160808549452355e-32,2.311636528671308e-31,1.8272177235585194e-32,1.9844789788489547e-33,2.2135174781046934e-32,1.0974441070665704e-32,4.5298192012029115e-35,3.311814924114647e-33,3.0589075875261432e-33,1.0797417144742654e-32
133352.1432163324,0.0001,3.0426162912020433e-31,3.042616291202043e-23,2.0279948183133784e+16,0.5889072787805445,994798011501309.1,3.789294379046576e-32,1.9776404105127975e-31,1.7429538920726876e-32,1.6068496959375987e-33,2.1389566016241266e-32,1.1088633007033649e-32,3.331234925241008e-35,3.389885867381962e-33,2.5030589372310857e-33,1.1163799484653999e-32
141253.75446227554,0.0001,2.70365273345777e-31,2.70365273345777e-23,2.4182291753308784e+16,0.5887251437025719,759492038267744.5,3.452558544827143e-32,1.6908830087920303e-31,1.6617191148743182e-32,1.3032797634712132e-33,2.0575726999575618e-32,1.1198238872348244e-32,2.4778238230347554e-35,3.454126927354173e-33,2.047351831129779e-33,1.1530693237449989e-32
149623.56560944326,0.0001,2.411605448296887e-31,2.4116054482968867e-23,2.872346087853876e+16,0.5885968403160433,587140482197864.4,3.147277488909601e-32,1.446535165723329e-31,1.583574368130584e-32,1.0595723204300302e-33,1.9730981456937338e-32,1.1303959043105353e-32,1.8650947390879134e-35,3.50858329883788e-33,1.6758506391296075e-33,1.190091198112282e-32
158489.3192461114,0.0001,2.1606693638796635e-31,2.1606693638796633e-23,3.3964257245796676e+16,0.5885054834339531,459603378695527.06,2.870378551728995e-32,1.2390851870980107e-31,1.508515640323273e-32,8.637740626689805e-34,1.8879044170233198e-32,1.1406224861716427e-32,1.4208033142089212e-35,3.556011083272698e-33,1.3737312134318876e-33,1.2276482333177302e-32
167880.40181225588,0.0001,1.9451627174175788e-31,1.9451627174175788e-23,3.9967138250123896e+16,0.5884396923480437,364199598765296.2,2.6190618585049284e-32,1.0631816867267457e-31,1.4364985637991107e-32,7.061564493973612e-34,1.8034807787799196e-32,1.1505283057151931e-32,1.0951960210374688e-35,3.5982772363338465e-33,1.1281441507052613e-33,1.2658878204444956e-32
177827.94100389228,0.0001,1.7599213637508285e-31,1.7599213637508284e-23,4.679517776979827e+16,0.5883917635798499,292041885826542.6,2.390798639163425e-32,9.139917860422415e-32,1.3674544682475476e-32,5.789394889059473e-34,1.7207500040734966e-32,1.1601255360370919e-32,8.539411833996877e-36,3.6366447838144964e-33,9.283549463554175e-34,1.304919266473324e-32
188364.9089489802,0.0001,1.600427727656358e-31,1.600427727656358e-23,5.45110273195677e+16,0.5883564455722504,236865656371621.6,2.183316831521019e-32,7.873121007705621e-32,1.3013006159801868e-32,4.759547212832648e-34,1.6402719491980374e-32,1.1694179265277179e-32,6.732185624636534e-36,3.671968621240301e-33,7.655754053179973e-34,1.344825852284379e-32
199526.23149688786,0.0001,1.4628117986447993e-31,1.4628117986447992e-23,6.31758955286112e+16,0.588330126845681,194220840694166.53,1.9945807762210914e-32,6.795619302126198e-32,1.2379466578219827e-32,3.9232823049421545e-34,1.5623736212041216e-32,1.1784035532057251e-32,5.3637561399356845e-36,3.704827580876884e-33,6.326900323839244e-34,1.385673115879379e-32
211348.90398366476,0.0001,1.3437963553452305e-31,1.3437963553452304e-23,7.28485712929563e+16,0.5883102997463695,160918391635713.62,1.8227689575400912e-32,5.877261504031125e-32,1.177298683368223e-32,3.242105647621857e-34,1.487232160224185e-32,1.1870766707334532e-32,4.3166841550983625e-36,3.7356129431469257e-33,5.239706334617405e-34,1.427514495002635e-32
223872.11385683378,0.0001,1.240622873579376e-31,1.240622873579376e-23,8.358452070372792e+16,0.5882952054541832,134651488244659.2,1.6662519447713516e-32,5.092815993923226e-32,1.1192617524583367e-32,2.6855721258488724e-34,1.414927943012624e-32,1.1954289662222492e-32,3.5073682661104195e-36,3.764587767841608e-33,4.348173337988046e-34,1.4703951671568313e-32
237137.37056616554,0.0001,1.1509756182194363e-31,1.1509756182194363e-23,9.543508966936278e+16,0.5882835977226581,113735444227199.86,1.523571620382958e-32,4.4212297362360413e-32,1.063741469084416e-32,2.22954440165826e-34,1.3454787573381007e-32,1.2034504173430355e-32,2.875719369427758e-36,3.791926832444317e-33,3.6153810386017886e-34,1.5143546722258376e-32
251188.6431509582,0.0001,1.0729116227919413e-31,1.0729116227919412e-23,1.084468429778002e+17,0.5882745844987421,96928101137767.23,1.393422171376347e-32,3.8449513624380303e-32,1.0106449501290305e-32,1.8548282323920547e-34,1.27886194881554e-32,1.2111298888453835e-32,2.37812865905199e-36,3.8177436979223825e-33,3.011672590825134e-34,1.5594287154247662e-32
266072.50597988087,0.0001,1.0047993417226917e-31,1.0047993417226917e-23,1.2266106654550387e+17,0.588267520862299,83304910769462.67,1.274632984492547e-32,3.3493420092468876e-32,9.598814100151957e-33,1.5461093531001046e-34,1.2150288819138231e-32,1.2184555555902534e-32,1.9826439670252748e-36,3.842109205685214e-33,2.5131879926587178e-34,1.605650417545399e-32
281838.2931264455,0.0001,9.452663931437465e-32,9.452663931437466e-24,1.3811345315466486e+17,0.5882619360069308,72171357778795.77,1.1661534090906561e-32,2.922175998920516e-32,9.113625004207403e-33,1.2911268827885671e-34,1.1539144536575743e-32,1.2254152098826475e-32,1.6656340948069242e-36,3.865064240043323e-33,2.1006912261860364e-34,1.6530511909617733e-32
298538.26189179573,0.0001,8.931557558444316e-32,8.931557558444316e-24,1.548339836736421e+17,0.5882574829770733,63001041142220.086,1.0670392650090608e-32,2.5532240647562613e-32,8.650024931401484e-33,1.0800303672070473e-34,1.0954433966280376e-32,1.2319964910717134e-32,1.4094623253384475e-36,3.8866286265543384e-33,1.7586374487533946e-34,1.7016613607915225e-32
316227.7660168379,0.0001,8.474893892942085e-32,8.474893892942085e-24,1.7284700633521718e+17,0.588253903746358,55391517841468.58,9.764409364793961e-33,2.233908497710818e-32,8.207183622466307e-33,9.048787405004317e-35,1.0395344802956059e-32,1.238187062452326e-32,1.2008495331912789e-36,3.906807406178285e-33,1.4744329387058556e-34,1.7515106113940967e-32
334965.43915782793,0.0001,8.07438170235202e-32,8.074381702352019e-24,1.9217150694878032e+17,0.5882510047296362,49032540073108.57,8.935928841723826e-33,1.9570191538880472e-32,7.784298016321215e-33,7.592488239911554e-35,9.861033246449243e-33,1.243974752041803e-32,1.0297123257631408e-36,3.925595312253095e-33,1.2378482916917611e-34,1.8026283123580268e-32
354813.3892335753,0.0001,7.722971078677348e-32,7.722971078677347e-24,2.128215537833122e+17,0.5882486394545428,43683011063852.29,8.178044126114447e-33,1.7164800999093708e-32,7.380592012916071e-33,6.379284324117236e-35,9.350642896772652e-33,1.2493476682443267e-32,8.883311490790117e-37,3.9429800057713205e-33,1.0405528126056558e-34,1.85504376080112e-32
375837.4042884443,0.0001,7.41464923692575e-32,7.41464923692575e-24,2.3480689302436787e+17,0.5882466961898654,39154125237599.766,7.48451542124054e-33,1.5071579755185641e-32,6.995315976050108e-33,5.366749633282851e-35,8.863317444724024e-33,1.254294297736871e-32,7.70749532698511e-37,3.958944444851887e-33,8.757445183191931e-35,1.9087863652139134e-32
398107.1705534969,0.0001,7.144272185244808e-32,7.144272185244808e-24,2.5813366475753178e+17,0.5882450890360462,35296931458922.625,6.849698491305437e-33,1.3247045317636577e-32,6.627746076469462e-33,4.5202480969744636e-35,8.398209165201955e-33,1.258803590459429e-32,6.723366130625073e-37,3.9734686447157374e-33,7.378555222211437e-35,1.9638857882719695e-32
421696.5034285822,0.0001,6.907425783758629e-32,6.907425783758628e-24,2.8280520571789216e+17,0.5882437514548292,31993085548950.594,6.268481536951029e-33,1.1654270856904087e-32,6.277183541624044e-33,3.8114234590850616e-35,7.954484551484269e-33,1.2628650349470832e-32,5.894659588578462e-37,3.986531004253678e-33,6.223168883035172e-35,2.020372060751829e-32
446683.5921509635,0.0001,6.70031085037493e-32,6.70031085037493e-24,3.0882290368156064e+17,0.5882426315319118,29147920873003.57,5.736229477517678e-33,1.0261817538090635e-32,5.942953856233806e-33,3.2169983608643557e-35,7.531327990495132e-33,1.2664687261291278e-32,5.19277914244331e-37,3.9981093210448214e-33,5.253704683308611e-35,2.0782756750719973e-32
473151.2589614803,0.0001,6.519647943041457e-32,6.519647943041457e-24,3.3618706924219565e+17,0.5882416884810453,26685216964140.445,5.248734707382506e-33,9.042852741508445e-33,5.624405943110428e-33,2.717815927025007e-35,7.127944089419833e-33,1.2696054269637788e-32,4.5950239554015515e-37,4.008181579737558e-33,4.4391793014279583e-35,2.137627664493794e-32
501187.2336272725,0.0001,6.36259825653461e-32,6.362598256534609e-24,3.6489779350307283e+17,0.5882408900445776,24543221459061.56,4.8021735132520154e-33,7.974420115967422e-33,5.3209113438675395e-33,2.2980722313658865e-35,6.743559070898947e-33,1.272266624759948e-32,4.083257859660417e-37,4.0167265733385856e-33,3.7539929400319363e-35,2.1984596722922152e-32
530884.4442309879,0.0001,6.226697736254699e-32,6.2266977362546986e-24,3.9495576448206336e+17,0.5882402105463396,22671603928727.715,4.3930674449912184e-33,7.036833834713972e-33,5.031863412541494e-33,1.944699558263995e-35,6.377421524167118e-33,1.2744445826837523e-32,3.6429024016685566e-37,4.023724399408931e-33,3.17694940494328e-35,2.2608040140014492e-32
562341.3251903491,0.0001,6.109802053065854e-32,6.109802053065854e-24,4.263630202656077e+17,0.5882396294228074,21029107571238.895,4.0182490251661296e-33,6.21317464245146e-33,4.756676530649762e-33,1.646869223446892e-35,6.028802711440393e-33,1.2761323867062702e-32,3.2621698204461525e-37,4.029156860942461e-33,2.690463382293087e-35,2.3246937349906186e-32
595662.1435290109,0.0001,6.010040522617233e-32,6.010040522617233e-24,4.591236226479573e+17,0.5882391301074719,19581727125101.156,3.674831263106839e-33,5.488869504089687e-33,4.494785349129462e-33,1.395589522275882e-35,5.696996568652688e-33,1.2773239880865426e-32,2.931474905466528e-37,4.0330077931313504e-33,2.2799174259866192e-35,2.3901626650223707e-32
630957.344480193,0.0001,5.925777408221041e-32,5.925777408221042e-24,4.932442406921837e+17,0.5882386991778814,18301286231436.35,3.360180509250489e-33,4.85134007479608e-33,4.245644060460862e-33,1.1833796260930154e-35,5.381319498151851e-33,1.2780142413771217e-32,2.642981127069883e-37,4.0352633311789904e-33,1.9331390068526808e-35,2.4572454710158767e-32
668343.9175686149,0.0001,5.855579333940308e-32,5.855579333940308e-24,5.287346389724001e+17,0.5882383256993604,17164319973888.654,3.0718922460827448e-33,4.289707961254298e-33,4.00872570278601e-33,1.0040043158682448e-35,5.081110022150336e-33,1.2781989378729747e-32,2.3902482212981103e-37,4.0359121300389484e-33,1.6399741130719993e-35,2.525977708924946e-32
707945.7843841374,0.0001,5.798187767105977e-32,5.7981877671059764e-24,5.6560806992857645e+17,0.5882380007169493,16151192028664.988,2.8077694643648592e-33,3.794546963573687e-33,3.783521496777635e-33,8.522576056925517e-36,4.795728345560091e-33,1.2778748343874113e-32,2.167956921147873e-37,4.0349455439155644e-33,1.39193870825458e-35,2.5963958754162224e-32
749894.2093324559,0.0001,5.75249571772074e-32,5.75249571772074e-24,6.038815736187338e+17,0.5882377168597608,15245393261850.69,2.5658033186017192e-33,3.3576742801468116e-33,3.569540215262051e-33,7.23785777041426e-36,4.524555862625667e-33,1.2770396772234147e-32,1.971692711732851e-37,4.0323577711966935e-33,1.1819331424303922e-35,2.668537459867442e-32
794328.2347242822,0.0001,5.717527954773773e-32,5.717527954773773e-24,6.435761911181467e+17,0.5882374680311174,14432981474501.61,2.3441557948437313e-33,2.9719741079948196e-33,3.366307585061726e-33,6.149422777986759e-36,4.266994631678861e-33,1.2756922212098532e-32,1.7977750127549588e-37,4.028145968950719e-33,1.0040075992362237e-35,2.742440997083771e-32
841395.1416451947,0.0001,5.692424163360765e-32,5.692424163360765e-24,6.847170999022856e+17,0.588237249164533,13702131563425.191,2.1411441577675483e-33,2.6312482462929207e-33,3.173365720134992e-33,5.2266845924272754e-36,4.022466835126279e-33,1.273832243685583e-32,1.643121524746703e-37,4.022310340032379e-33,8.53169025297012e-36,2.818146121039984e-32
891250.9381337459,0.0001,5.676424567276914e-32,5.6764245672769134e-24,7.27333680830026e+17,0.5882370560305236,13042772525419.498,1.9552269732854775e-33,2.3300892649064047e-33,2.9902725848113016e-33,4.443953223020073e-36,3.7904142365967496e-33,1.271460553337477e-32,1.5051399455820145e-37,4.014854195080738e-33,7.252218611616817e-36,2.8956936198884497e-32
944060.8762859226,0.0001,5.668857623912448e-32,5.668857623912448e-24,7.714595269258595e+17,0.5882368850828747,12446293122894.506,1.7849915283244904e-33,2.0637725761203534e-33,2.816601485720525e-33,3.779623924492077e-36,3.570297643426947e-33,1.2685789938285109e-32,1.381641105377805e-37,4.005783991168757e-33,6.166363825935465e-36,2.9751254924217333e-32
1000000.0,0.0001,5.669129465424324e-32,5.669129465424323e-24,8.171324041738516e+17,0.5882367333357,11905302110169.559,1.629142491439858e-33,1.8281643808678105e-33,2.6519405908744878e-33,3.215505952790573e-36,3.361596379941568e-33,1.2651904421874494e-32,1.2707689491090344e-37,3.9951093485135293e-33,5.244396484661556e-36,3.0564850061399124e-32
1059253.7251772897,0.0001,5.676714815160147e-32,5.676714815160147e-24,8.643941741156945e+17,0.5882365982646525,11413432027450.652,1.4864916770545744e-33,1.6196429782786367e-33,2.495892474264682e-33,2.736266042799235e-36,3.163807775001829e-33,1.261298801970776e-32,1.1709438380751838e-37,3.982843046432691e-33,4.4612500078916395e-36,3.1398167570426793e-32
1122018.4543019652,0.0001,5.69114915347815e-32,5.6911491534781495e-24,9.132906873175232e+17,0.5882364777271749,10965177948677.896,1.3559487927444051e-33,1.4350313513928934e-33,2.3480736842813947e-33,2.3289661123389246e-36,2.9764466658493155e-33,1.2569089912489637e-32,1.0808164315355056e-37,3.969000999601358e-33,3.795768233042043e-36,3.2251667312433964e-32
1188502.2274370189,0.0001,5.712021944290562e-32,5.712021944290562e-24,9.638716558473837e+17,0.5882363698978366,10555764400473.996,1.236513063464716e-33,1.271539290129342e-33,2.2081143342304878e-33,1.982678534535763e-36,2.799044919219129e-33,1.2520269255118637e-32,9.992300123739035e-38,3.95360221559972e-33,3.2300787664308495e-36,3.312582368484139e-32
1258925.411794166,0.0001,5.738970764344848e-32,5.738970764344848e-24,1.0161905118817155e+18,0.5882362732156702,10181035085795.809,1.1272656392326872e-33,1.1267135992936999e-33,2.0756577132187214e-33,1.6881654048781195e-36,2.6311509699326683e-33,1.2466594956308204e-32,9.251895825094928e-38,3.93666873472485e-33,2.7490702083041076e-36,3.402112627616621e-32
1333521.432163324,0.0001,5.77167620264609e-32,5.77167620264609e-24,1.0703042585091045e+18,0.5882361863411073,9837361146917.82,1.027362703790037e-33,9.98395175993164e-34,1.9503599156939848e-33,1.4376107149742019e-36,2.4723293766333575e-33,1.2408145410571634e-32,8.578364095715761e-38,3.9182255530565606e-33,2.339955340185232e-36,3.493808054102605e-32
1412537.5446227554,0.0001,5.809857418480775e-32,5.809857418480775e-24,1.1262733177785124e+18,0.5882361081206189,9521564562369.043,9.360292113929014e-34,8.846819365117833e-34,1.831889487959563e-33,1.2243963538047355e-36,2.322160393943898e-33,1.234500818477161e-32,7.964269818005148e-38,3.898300529805063e-33,1.991905587607079e-36,3.5877208495783343e-32
1496235.6560944358,0.0001,5.853268264009119e-32,5.853268264009119e-24,1.184161380085538e+18,0.5882360375575684,9230853947288.283,8.52553187292717e-34,7.83896734940952e-34,1.7199270900296324e-33,1.0429144849441842e-36,2.180239560062261e-33,1.2277279661815781e-32,7.403155423793967e-38,3.876924280018806e-33,1.695744688860916e-36,3.6839049435203003e-32
1584893.1924611141,0.0001,5.901693891983061e-32,5.901693891983061e-24,1.24403525812805e+18,0.5882359737880962,8962770558603.69,7.762805348442499e-34,6.945595506767834e-34,1.6141651712544705e-33,8.884101704861052e-37,2.04617729864641e-33,1.220506464443016e-32,6.889395418092337e-38,3.854130053787435e-33,1.4436916305534945e-36,3.7824160670435876e-32
1678804.018122559,0.0001,5.954947781334735e-32,5.954947781334734e-24,1.3059647479043507e+18,0.5882359160610942,8715142727570.609,7.066102986412773e-34,6.153633341796509e-34,1.5143076582165076e-33,7.568491892298215e-37,1.919598533742959e-33,1.212847592225668e-32,6.41807478334589e-38,3.829953603131814e-33,1.2291446482851018e-36,3.8833118288593107e-32
1778279.410038923,0.0001,6.01286912358411e-32,6.01286912358411e-24,1.3700224985764214e+18,0.5882358637215149,8486047277014.286,6.429903387549628e-34,5.451529941156474e-34,1.420069653480817e-33,6.448068757340799e-37,1.800142316476226e-33,1.2047633805794873e-32,5.98488700000595e-38,3.804433037826334e-33,1.0464995112194734e-36,3.986651793413529e-32
1883649.089489802,0.0001,6.075320521576578e-32,6.075320521576578e-24,1.4362838924751898e+18,0.5882358161964176,8273776747905.053,5.849133761363812e-34,4.8290708740386935e-34,1.3311771438741439e-33,5.493745261110985e-37,1.687461462218496e-33,1.1962665630937438e-32,5.58604823909349e-38,3.777608671445056e-33,8.909964731176215e-37,4.092497561226877e-32
1995262.3149688828,0.0001,6.142185959260696e-32,6.1421859592606966e-24,1.5048269360771896e+18,0.5882357729832564,8076811474115.449,5.319133736309099e-34,4.277218394230451e-34,1.2473667170637415e-33,4.6808050628835905e-37,1.5812221970002312e-33,1.1873705238031744e-32,5.218224934073843e-38,3.749522858960158e-33,7.58591227960619e-37,4.200912851451354e-32
2113489.0398366475,0.0001,6.213369007282641e-32,6.2133690072826415e-24,1.575732162422792e+18,0.5882357336400266,7893795716568.746,4.835622209143491e-34,3.7879717685174164e-34,1.1683852853095463e-33,3.988236832424168e-37,1.4811038119822887e-33,1.1780892429533213e-32,4.87847245933329e-38,3.720219827246925e-33,6.458459944792124e-37,4.311963586658604e-32
2238721.1385683375,0.0001,6.288791234295093e-32,6.2887912342950935e-24,1.6490825451648888e+18,0.5882356977769412,7723517207186.944,4.394666950644159e-34,3.3542450210503553e-34,1.0939898153689046e-33,3.3981719896501603e-37,1.3867983248945708e-33,1.1684372410400934e-32,4.5641830590570713e-38,3.689745499863065e-33,5.4983750205691935e-37,4.425717979872239e-32
2371373.7056616554,0.0001,6.36839079820978e-32,6.36839079820978e-24,1.7249634242220582e+18,0.588235665049383,7564889565875.369,3.9926567148400024e-34,2.969759775484321e-34,1.0239470636409661e-33,2.895409364120299e-37,1.2980101474419131e-33,1.1584295215420487e-32,4.2730415051867676e-38,3.658147317470558e-33,4.680791858571482e-37,4.542246623855412e-32
2511886.4315095823,0.0001,6.452121195292865e-32,6.452121195292864e-24,1.8034624428513649e+18,0.5882356351519177,7416937145557.987,3.626275625438052e-34,2.6289512082085983e-34,9.580333157463347e-34,2.467012991341519e-37,1.2144557577837624e-33,1.1480815127626127e-32,4.00298723335916e-38,3.6254740552557226e-33,3.9845534209588985e-37,4.661622582663847e-32
2660725.059798814,0.0001,6.539950148116786e-32,6.539950148116785e-24,1.8846694958429788e+18,0.5882356078131932,7278781935189.346,3.2924796365504884e-34,2.3268854067728167e-34,8.960341298453923e-34,2.1019715199656265e-37,1.1358633773058648e-33,1.1374090091934538e-32,3.7521819245531373e-38,3.5917756386774495e-33,3.391653617255459e-37,4.7839214854739314e-32
2818382.931264455,0.0001,6.631858616029244e-32,6.631858616029243e-24,1.9686766884627103e+18,0.5882355827915825,7149632212018.08,2.988474885554672e-34,2.0591866659076186e-34,8.377440831046059e-34,1.7909095772274308e-37,1.0619726510166469e-33,1.1264281127999484e-32,3.5189816779823535e-38,3.557102958835536e-33,2.886764658918961e-37,4.9092216226949544e-32
2985382.618917957,0.0001,6.727839914053292e-32,6.727839914053292e-24,2.0555783057217423e+18,0.5882355598714516,7028772684782.729,2.7116977742679207e-34,1.8219734561610646e-34,7.829665208228238e-34,1.5258429974489436e-37,9.925343310154195e-34,1.1151551746152708e-32,3.3019130657404186e-38,3.521507688701106e-33,2.4568362035413873e-37,5.037604044374721e-32
3162277.660168379,0.0001,6.827898928052656e-32,6.827898928052655e-24,2.1454707915285018e+18,0.5882355388599529,6915555911066.183,2.459796630880449e-34,1.6118019727966457e-34,7.31513307828165e-34,1.2999711155335846e-37,9.273099625920109e-34,1.1036067370116378e-32,3.0996524782850194e-38,3.485042101390593e-33,2.090755175791368e-37,5.169152660907779e-32
3349654.3915782794,0.0001,6.932051415635296e-32,6.932051415635295e-24,2.2384527372702423e+18,0.588235519584265,6809394806382.8,2.2306148195149335e-34,1.4256163199460707e-34,6.832045818494882e-34,1.1075004093858736e-37,8.660715726258202e-34,1.091799476995988e-32,2.911008267150009e-38,3.447758891594652e-33,1.7790569176526644e-37,5.303954346056165e-32
3548133.8923357604,0.0001,7.040323383668099e-32,7.040323383668099e-24,2.3346248793771105e+18,0.5882355018892089,6709756091054.548,2.022175177091063e-34,1.2607045110194396e-34,6.378685086539371e-34,9.434946791936425e-38,8.086013600551894e-34,1.0797501508533067e-32,2.734905271366497e-38,3.40971100119495e-33,1.513679796263335e-37,5.442099042293254e-32
3758374.042884443,0.0001,7.152750534473112e-32,7.152750534473111e-24,2.43409010543529e+18,0.5882354856351845,6616154544619.336,1.8326656685617171e-34,1.114659574338862e-34,5.953410388230005e-34,8.03747707919477e-38,7.546913882841467e-34,1.0674755404345233e-32,2.5703713801995864e-38,3.370951450016705e-33,1.2877566330543542e-37,5.583679868482408e-32
3981071.705534969,0.0001,7.26937777380079e-32,7.26937777380079e-24,2.5369534684358876e+18,0.5882354706963812,6528147957269.759,1.6604261617236518e-34,9.853451456351909e-35,5.554656661132945e-34,6.846749811711698e-38,7.041432794819049e-34,1.0549924013576915e-32,2.416525839563769e-38,3.331533172574152e-33,1.0954373535174972e-37,5.728793229903388e-32
4216965.034285823,0.0001,7.390258774554464e-32,7.390258774554464e-24,2.6433222087699e+18,0.5882354569592204,6445332684341.098,1.5039362318399763e-34,8.708650087439252e-35,5.18093187414653e-34,5.832215764540825e-38,6.567679108104123e-34,1.042317413361749e-32,2.2725690549534985e-38,3.291508861571773e-33,9.317381262650595e-38,5.877538930641109e-32
4466835.921509635,0.0001,7.515455590994062e-32,7.515455590994062e-24,2.753305783605581e+18,0.5882354443209988,6367339723721.142,1.3618039143748068e-34,7.695361144979724e-35,4.8308146437670304e-34,4.967837786476667e-38,6.123851126861401e-34,1.0294671330217494e-32,2.137773681596567e-38,3.2509308188270456e-33,7.924129907151146e-38,6.030020288353221e-32
4731512.589614812,0.0001,7.645038318794635e-32,7.645038318794635e-24,2.867015903311546e+18,0.5882354326887018,6293831247701.218,1.2327553313482077e-34,6.798646670773619e-35,4.502951868259202e-34,4.231423544463072e-38,5.708233692439117e-34,1.0164579490037597e-32,2.011476824164914e-38,3.209850814182533e-33,6.738445876118473e-38,6.186344251435138e-32
5011872.336272725,0.0001,7.779084796891972e-32,7.779084796891972e-24,2.984566574616006e+18,0.5882354219779641,6224497530605.044,1.115625123273353e-34,6.005249183182063e-35,4.196056381382126e-34,3.6040573509975326e-38,5.319195212229091e-34,1.0033060400068898e-32,1.8930731948616802e-38,3.168319952877316e-33,5.729511246226163e-38,6.346621518603532e-32
5308844.442309879,0.0001,7.917680347527031e-32,7.917680347527032e-24,3.1060741502194335e+18,0.5882354121121589,6159054221826.845,1.0093476244265833e-34,5.303403548692204e-35,3.908904627674208e-34,3.0696162373686417e-38,4.9551847153791855e-34,9.900273355096286e-33,1.782009100938948e-38,3.126388551751458e-33,4.871071461751159e-38,6.510966660921966e-32
5623413.251903491,0.0001,8.06091755131442e-32,8.060917551314419e-24,3.2316573846039685e+18,0.5882354030215944,6097239920936.391,9.129487244037941e-35,4.682670015996501e-35,3.6403343615814444e-34,2.614357688841367e-38,4.614728938329035e-34,9.766374794081686e-33,1.6777771514182429e-38,3.0841060245635115e-33,4.140760455940563e-38,6.679498246295465e-32
5956621.435290109,0.0001,8.208896054517165e-32,8.208896054517165e-24,3.3614374958081833e+18,0.588235394642807,6038814017473.441,8.255383636015542e-35,4.1337859814159336e-35,3.389242372921792e-34,2.2265683617814173e-38,4.296429443391793e-34,9.631517966059986e-33,1.579911588581041e-38,3.0415207766108896e-33,3.519525693645633e-38,6.852338966463867e-32
6309573.444801942,0.0001,8.361722406019269e-32,8.36172240601927e-24,3.4955382329601265e+18,0.5882353869179363,5983554763130.2,7.463036144896119e-35,3.648534346011862e-35,3.1545822413210913e-34,1.8962647128945557e-38,3.998959773775307e-34,9.495852625870135e-33,1.4879841631588946e-38,2.9986801087572237e-33,2.991138270808339e-38,7.029615766527515e-32
6683439.175686149,0.0001,8.519509921755584e-32,8.519509921755584e-24,3.6340859493847834e+18,0.5882353797941704,5931257548349.597,6.74502304365781e-35,3.2196265789885596e-35,2.9353621223366136e-34,1.614937833767917e-38,3.721062648529731e-34,9.359524759789995e-33,1.4016004834838526e-38,2.9556301308902584e-33,2.5417754392899875e-38,7.211459977042493e-32
7079457.843841373,0.0001,8.682378574591956e-32,8.682378574591956e-24,3.777209681124643e+18,0.5882353732232563,5881733359067.257,6.09457138751193e-35,2.8405988241143896e-35,2.730642568008075e-34,1.3753359386438089e-38,3.4615472009316625e-34,9.22267634090732e-33,1.320396778490792e-38,2.9124156847590135e-33,2.1596648175792683e-38,7.398007448726765e-32
7498942.093324558,0.0001,8.850454907852041e-32,8.85045490785204e-24,3.925041230733515e+18,0.5882353671610617,5834807392494.568,5.505502877344138e-35,2.5057195802561823e-35,2.5395343845485683e-34,1.1712789324188762e-38,3.21928626377434e-34,9.085445113842432e-33,1.2440370226678333e-38,2.8690802760702303e-33,1.8347811523610066e-38,7.589398689822837e-32
7943282.347242821,0.0001,9.023871970865656e-32,9.023871970865657e-24,4.077715256224497e+18,0.5882353615671869,5790317813560.507,4.972184004426151e-35,2.2099076574615556e-35,2.3611965298150715e-34,9.975003165712358e-39,2.9932137049362662e-34,8.947964408242136e-33,1.1722103780556531e-38,2.825666015661982e-33,1.558587857444427e-38,7.785779006167291e-32
8413951.416451965,0.0001,9.202769275070116e-32,9.202769275070116e-24,4.235369365073149e+18,0.5882353564046169,5748114635969.746,4.4894801543806655e-35,1.9486592595323323e-35,2.1948340530855427e-34,8.495123960285875e-39,2.78232181645372e-34,8.810362980288797e-33,1.1046289143894941e-38,2.7822135695167647e-33,1.323816712677695e-38,7.987298644022231e-32
8912509.381337458,0.0001,9.387292769334598e-32,9.387292769334597e-24,4.39814421319604e+18,0.5882353516394102,5708058713850.76,4.052713372360719e-35,1.717983175446327e-35,2.0396960795233135e-34,7.234913492015369e-39,2.585658760133836e-34,8.672764881314822e-33,1.0410255736156041e-38,2.738762117327652e-33,1.124280087788753e-38,8.194112935728961e-32
9440608.762859225,0.0001,9.577594833300443e-32,9.577594833300442e-24,4.566183608843732e+18,0.5882353472404214,5670020831708.619,3.6576235133983336e-35,1.514343177653929e-35,1.8950738415347924e-34,6.161792327685996e-39,2.402326072520529e-34,8.535289352479866e-33,9.811523494273876e-39,2.69534931928903e-33,9.547108911830136e-39,8.406382448249474e-32
10000000.0,0.0001,9.773834287640001e-32,9.773834287640001e-24,4.739634621365086e+18,0.5882353431790504,5633880881903.375,3.300332522095493e-35,1.3346068272213643e-35,1.760298759029224e-34,5.248004260105275e-39,2.2314762317731417e-34,8.398050744356241e-33,9.247786562651141e-39,2.6520112907479937e-33,8.106261540192279e-39,8.624273134667001e-32
10592537.251772897,0.0001,9.976176420235064e-32,9.976176420235063e-24,4.918647694817281e+18,0.5882353394290178,5599527120179.958,2.9773116044543187e-35,1.1759999757540877e-35,1.634740570374309e-34,4.4699038811054706e-39,2.072310288743166e-34,8.261158460176046e-33,8.71689865498096e-39,2.608782584323369e-33,6.882107643016412e-39,8.847956488722722e-32
11220184.543019652,0.0001,1.0184793027364875e-31,1.0184793027364875e-23,5.103376766412657e+18,0.5882353359661626,5566855490908.986,2.6853510718322503e-35,1.0360663335140478e-35,1.517805515614024e-34,3.807349156289632e-39,1.9240755642443678e-34,8.124716921421416e-33,8.216859893370827e-39,2.5656961790764557e-33,5.842183802627441e-39,9.077609702471872e-32
11885022.27437019,0.0001,1.0399862469074345e-31,1.0399862469074344e-23,5.293979389809361e+18,0.5882353327682588,5535769014683.498,2.421532652900851e-35,9.12631543441736e-36,1.40893457327942e-34,3.243183545826443e-39,1.786063414211573e-34,7.98882555438485e-33,7.745804954718945e-39,2.5227834763003533e-33,4.9588699049307046e-39,9.313415827148731e-32
12589254.11794166,0.0001,1.062156973796699e-31,1.062156973796699e-23,5.490616863268228e+18,0.5882353298148506,5506177231775.398,2.183204084204613e-35,8.03771263032368e-36,1.307601751883466e-34,2.7627944920137148e-39,1.657607064138291e-34,7.853578796289926e-33,7.30199237549935e-39,2.480074301483067e-33,4.208669615547076e-39,9.555563937336589e-32
13335214.32163324,0.0001,1.0850106540734833e-31,1.0850106540734832e-23,5.693454362712681e+18,0.5882353270871026,5477995695704.965,1.9679558035658698e-35,7.077828111714463e-36,1.2133124369511385e-34,2.3537370341535365e-39,1.5380795138782594e-34,7.719066119541249e-33,6.883794884515144e-39,2.4375969119928215e-33,3.571597318975947e-39,9.80424929854547e-32
14125375.446227554,0.0001,1.10856713918003e-31,1.1085671391800299e-23,5.902661079742175e+18,0.5882353245676643,5451145511831.941,1.773599583256488e-35,6.231599859560751e-36,1.1256017941989205e-34,2.0054129647178042e-39,1.4268915135946252e-34,7.585372072666216e-33,6.48969064917197e-39,2.395378010031921e-33,3.030655820115664e-39,1.0059673538307394e-31
14962356.560944358,0.0001,1.132846971850361e-31,1.132846971850361e-23,6.118410364662605e+18,0.5882353222405466,5425552916450.437,1.598148951638833e-35,5.4857070295376985e-36,1.044033229246655e-34,1.7087973504352818e-39,1.3234896113466297e-34,7.452576336517245e-33,6.118255334740686e-39,2.3534427604074253e-33,2.571391418769427e-39,1.0322044820906207e-31
15848931.924611142,0.0001,1.1578713977323353e-31,1.1578713977323353e-23,6.340879874608851e+18,0.5882353200910105,5401148892372.991,1.4398012629402886e-35,4.8283714192465995e-36,9.68196904021781e-35,1.4562054439777263e-39,1.22735427252044e-34,7.320753794321624e-33,5.7681548882046815e-39,2.311814812672729e-33,2.1815149385418355e-39,1.0591578025866103e-31
16788040.18122559,0.0001,1.183662378066949e-31,1.183662378066949e-23,6.570251726845766e+18,0.5882353181054643,5377868817431.072,1.296921285031029e-35,4.249181243191202e-36,8.977083098031201e-35,1.2410940371039915e-39,1.137998071040408e-34,7.189974614194413e-33,5.438138968864983e-39,2.270516327202966e-33,1.8505789721987375e-39,1.086849493033077e-31
17782794.100389227,0.0001,1.2102426033835954e-31,1.2102426033835954e-23,6.806712657343873e+18,0.5882353162713712,5355652142708.021,1.1680261845815583e-35,3.7389347435472825e-36,8.322068966505147e-35,1.0578921805777392e-39,1.0549639520419328e-34,7.060304342767094e-33,5.127034957114772e-39,2.2295680047790103e-33,1.5697030389933612e-39,1.1153024395472465e-31
18836490.89489802,0.0001,1.2376355081745982e-31,1.2376355081745982e-23,7.050454184735155e+18,0.5882353145771642,5334442097662.913,1.051771797835374e-35,3.289501436066147e-36,7.713547587788055e-35,9.018569421433903e-40,9.778235654486219e-35,6.931804008629875e-33,4.833742480871416e-39,2.1889891192689965e-33,1.3313395721296239e-39,1.144540255707848e-31
19952623.14968883,0.0001,1.265865286516643e-31,1.265865286516643e-23,7.301672779762547e+18,0.588235313012169,5314185419606.021,9.469400834889152e-36,2.8936990319428876e-36,7.148353752608397e-35,7.689505102560673e-40,9.061756696758018e-35,6.804530234336282e-33,4.5572284062220355e-39,2.148797553012374e-33,1.1290746974916399e-39,1.1745873020470153e-31
21134890.398366477,0.0001,1.2949569086108815e-31,1.2949569086108815e-23,7.56057004034373e+18,0.5882353115665325,5294832105253.464,8.524276618673417e-36,2.5451842915072816e-36,6.623524052852219e-35,6.557354942341686e-40,8.396446044806007e-35,6.678535355775617e-33,4.2965222450303935e-39,2.1090098345294022e-33,9.574586544622934e-40,1.2054687059917998e-31
22387211.385683376,0.0001,1.324936138217394e-31,1.324936138217394e-23,7.827352872376399e+18,0.5882353102311585,5276335182324.896,7.672353517577627e-36,2.2383562571101485e-36,6.136285370504089e-35,5.592857347711416e-40,7.77878831795895e-35,6.553867547778525e-33,4.0507119376807626e-39,2.0696411781978765e-33,8.118614686147427e-40,1.2372103822724454e-31
23713737.056616552,0.0001,1.3558295509634826e-31,1.3558295509634825e-23,8.10223367641735e+18,0.588235308997648,5258650499357.386,6.904586229460684e-36,1.9682704831892403e-36,5.684043892479542e-35,4.771103340109914e-40,7.205495432219263e-35,6.430570954884706e-33,3.818939973898157e-39,2.0307055255589855e-33,6.883501334940548e-40,1.2698390538154448e-31
25118864.315095823,0.0001,1.3876645535088417e-31,1.3876645535088416e-23,8.385430540372529e+18,0.5882353078582443,5241736532094.2705,6.212788887305704e-36,1.730563033510064e-36,5.26437463973859e-35,4.070889516384883e-40,6.673493327049001e-35,6.308685826266723e-33,3.600399818767349e-39,1.99221558793468e-33,5.835841109844349e-40,1.3033822731402119e-31
26607250.59798814,0.0001,1.4204694035541368e-31,1.4204694035541368e-23,8.6771674383391e+18,0.5882353068057834,5225554204972.763,5.589555684845018e-36,1.5213831510303356e-36,4.875011498079815e-35,3.4741670117009676e-40,6.179909328061925e-35,6.188248653870366e-33,3.3943326147499204e-39,1.9541828900599532e-33,4.947264308447284e-40,1.3378684442791033e-31
28183829.31264455,0.0001,1.4542732306827926e-31,1.4542732306827926e-23,8.977674435743568e+18,0.5882353058336484,5210066726380.848,5.028188557368811e-36,1.3373336265416484e-36,4.5138377371680033e-35,2.9655722611422422e-40,5.722060128583747e-35,6.069292312898925e-33,3.20002413373282e-39,1.916617814454531e-33,4.193680718019315e-40,1.3733268452413493e-31
29853826.189179573,0.0001,1.4891060580289972e-31,1.4891060580289972e-23,9.287187900922923e+18,0.5882353049357258,5195239436484.633,4.5226313226224524e-36,1.175417999803997e-36,4.178877003639464e-35,2.532027450926655e-40,5.297440372142609e-35,5.9518462038351105e-33,3.016801955988586e-39,1.8795296462794127e-33,3.5546364928148473e-40,1.409787651042366e-31
31622776.60168379,0.0001,1.5249988247679468e-31,1.5249988247679468e-23,9.605950723297577e+18,0.5882353041063686,5181039666544.049,4.067409733378537e-36,1.0329938227358845e-36,3.8682847735519777e-35,2.162400336641818e-40,4.903711817219362e-35,5.83593639526011e-33,2.84403285543539e-39,1.8429266184445165e-33,3.0127672709609458e-40,1.4472819573207662e-31
33496543.915782794,0.0001,1.5619834094273091e-31,1.561983409427309e-23,9.934212538286789e+18,0.5882353033403585,5167436608738.646,3.6575769366393914e-36,9.077312996235884e-37,3.5803402489929023e-35,1.847214629762375e-40,4.538693065011545e-35,5.721585766793498e-33,2.681120372795825e-39,1.8068159567538742e-33,2.5533331961204238e-40,1.4858418045663207e-31
35481338.923357606,0.0001,1.6000926540216723e-31,1.6000926540216722e-23,1.0272229959118688e+19,0.5882353026328743,5154401195618.541,3.288663874691577e-36,7.975766953978008e-37,3.3134386833219197e-35,1.5784034534200683e-40,4.2003498305368536e-35,5.608814151540173e-33,2.5275025602040145e-39,1.771203924894629e-33,2.1638236337998795e-40,1.5255002029829847e-31
37583740.42884443,0.0001,1.639360389014459e-31,1.639360389014459e-23,1.0620266815687922e+19,0.5882353019794614,5141905988378.693,2.9566342005896354e-36,7.007199708006007e-37,3.0660841192955655e-35,1.349099476830227e-40,3.8867857371106855e-35,5.497638477490921e-33,2.3826498825328516e-39,1.736095869095097e-33,1.8336211834745474e-40,1.5662911580120248e-31
39810717.05534969,0.0001,1.679821459114371e-31,1.679821459114371e-23,1.0978594400615358e+19,0.5882353013760032,5129925073229.421,2.657843315275026e-36,6.155661636273825e-37,2.836882524190475e-35,1.1534562829861064e-40,3.5962336140666006e-35,5.388072907380995e-33,2.24606326223498e-39,1.7014962622954355e-33,1.5537161316449411e-40,1.608249696541187e-31
42169650.342858225,0.0001,1.7215117499159176e-31,1.7215117499159175e-23,1.134749172266497e+19,0.588235300818696,5118433965203.032,2.389001165612165e-36,5.407100889772302e-37,2.624535306003138e-35,9.864963301641565e-41,3.3270472775385256e-35,5.2801289765664415e-33,2.1172722558370937e-39,1.6674087476919224e-33,1.316463806807881e-40,1.6514118938267512e-31
44668359.21509635,0.0001,1.764468215395975e-31,1.764468215395975e-23,1.1727245767674444e+19,0.5882353003040246,5107409518796.644,2.147138472309562e-36,4.749139792946859e-37,2.4278331948464357e-35,8.439815548824853e-41,3.0776937741769396e-35,5.1738157285302146e-33,1.9958333514183465e-39,1.6338361815323717e-33,1.1153784186462936e-40,1.6958149011562372e-31
47315125.89614812,0.0001,1.8087289062806525e-31,1.8087289062806525e-23,1.2118151767157109e+19,0.5882352998287408,5096829844905.308,1.9295760841465824e-36,4.170877275732697e-37,2.2456504737799006e-35,7.223032496747436e-41,2.8467460678188466e-35,5.069139847679681e-33,1.881328377459193e-39,1.6007806750558518e-33,9.449579191393788e-41,1.741496974280475e-31
50118723.36272725,0.0001,1.8543329992989034e-31,1.8543329992989035e-23,1.2520513474734375e+19,0.588235299389843,5086674233548.331,1.7338971802915567e-36,3.6627143498507953e-37,2.0769395434928004e-35,6.183883482799653e-41,2.6328761493619173e-35,4.966105789143614e-33,1.7733630143829507e-39,1.56824363548455e-33,8.005352371941794e-41,1.7884975026446299e-31
53088444.423098795,0.0001,1.9013208273414918e-31,1.9013208273414918e-23,1.2934643450559707e+19,0.5882352989845571,5076923081935.592,1.5579220659138878e-36,3.216199979091936e-37,1.9207258054988402e-35,5.296196763224725e-41,2.434848550396858e-35,4.8647159053200864e-33,1.6715654009432802e-39,1.5362258059893245e-33,6.781519316487128e-41,1.8368570394487443e-31
56234132.51903491,0.0001,1.9497339105459304e-31,1.9497339105459304e-23,1.3360863353897394e+19,0.5882352986103202,5067557827460.227,1.3996853278933885e-36,2.823894993081652e-37,1.7761028487916736e-35,4.537680881190586e-41,2.2515142415198504e-35,4.7649705689672254e-33,1.5755848283492144e-39,1.504727304563258e-33,5.744508978865021e-41,1.886617332569255e-31
59566214.35290109,0.0001,1.999614988330029e-31,1.999614988330029e-23,1.3799504244021854e+19,0.5882352982647634,5058560885239.877,1.2574151373379499e-36,2.4792519605163163e-37,1.6422279252436097e-35,3.889347191666059e-41,2.0818048966691925e-35,4.6668682926661324e-33,1.485090515676361e-39,1.4737476617493305e-33,4.865852660123755e-41,1.937821356373924e-31
63095734.44801943,0.0001,2.051008052398536e-31,2.051008052398536e-23,1.4250906889606937e+19,0.5882352979456983,5049915589861.058,1.1295145039537582e-36,2.176509174709138e-37,1.5183176993999146e-35,3.335018470374968e-41,1.9247275052991346e-35,4.570405844519642e-33,1.399770460698118e-39,1.4432858571791997e-33,4.1214105652151427e-41,1.990513344463516e-31
66834391.756861486,0.0001,2.103958380749221e-31,2.103958380749221e-23,1.4715422086777788e+19,0.5882352976511023,5041606141010.419,1.0145443041811263e-36,1.9105971147165042e-37,1.4036442587215788e-35,2.8609107758808085e-41,1.7793593147113764e-35,4.4755783599823775e-33,1.3193303607929017e-39,1.413340354890068e-33,3.4907152369644776e-41,2.0447388233745307e-31
70794578.43841374,0.0001,2.158512572706511e-31,2.158512572706511e-23,1.5193410986002772e+19,0.5882352973791064,5033617552703.331,9.112079205177834e-37,1.6770559322151966e-37,1.2975313707543048e-35,2.455277643220071e-41,1.644843085403256e-35,4.3823794497461975e-33,1.2434925990495681e-39,1.3839091373957051e-33,2.9564142701359e-41,2.1005446472782436e-31
74989420.93324558,0.0001,2.214718585012471e-31,2.214718585012471e-23,1.5685245428007496e+19,0.5882352971279842,5025935605844.197,8.183373436988261e-37,1.4719626802479536e-37,1.199350974146103e-35,2.10810731355254e-41,1.5203826428551625e-35,4.290801303631445e-33,1.1719952911104747e-39,1.3549897384959742e-33,2.5037973466929663e-41,2.157979033712236e-31
79432823.47242822,0.0001,2.272625769006615e-31,2.2726257690066147e-23,1.6191308288898982e+19,0.58823529689614,5018546803874.759,7.348806024803748e-37,1.291867147248092e-37,1.1085198908948669e-35,1.8108650889066973e-41,1.4052387097614422e-35,4.200834790457946e-33,1.1045913886652306e-39,1.3265792748166459e-33,2.1203948779797544e-41,2.217091600381591e-31
84139514.16451965,0.0001,2.332284908927611e-31,2.3322849089276108e-23,1.6711993834694396e+19,0.5882352966821,5011438331286.582,6.598903977693687e-37,1.1337352904479036e-37,1.024496747676736e-35,1.5562740799849625e-41,1.2987250033041226e-35,4.1124695538909594e-33,1.0410478358436383e-39,1.298674476078004e-33,1.7956374489444682e-41,2.2779334030678856e-31
89125093.8133746,0.0001,2.3937482613715034e-31,2.3937482613715033e-23,1.7247708085455352e+19,0.5882352964845019,5004598014791.895,5.925138288360319e-37,9.94899378702173e-38,9.467790945818325e-36,1.3381286186114608e-41,1.200204582671794e-35,4.0256941042762384e-33,9.811447750577634e-40,1.2712717140967246e-33,1.520566883497035e-41,2.340556974685064e-31
94406087.62859225,0.0001,2.457069595942582e-31,2.4570695959425817e-23,1.7798869189237322e+19,0.5882352963020879,4998014286963.463,5.319831094143989e-37,8.730140575520869e-38,8.749007100625337e-36,1.151135460721451e-41,1.1090864326326419e-35,3.9404959064951136e-33,9.246747991145502e-40,1.2443670305308003e-33,1.2875911310816503e-41,2.405016365522281e-31
100000000.0,0.0001,2.52230423713453e-31,2.52230423713453e-23,1.8365907806071118e+19,0.5882352961336952,4991676152169.131,4.7760718071132716e-37,7.660176404740279e-38,8.084290813779197e-36,9.907786329436045e-42,1.024822269577113e-35,3.8568614638853787e-33,8.714422466653434e-40,1.217956163381977e-33,1.0902763487244171e-41,2.4713671847147854e-31
10000.0,0.01,5.050436122304304e-31,5.050436122304303e-27,4.429317030893295e+16,1.2181346603943852,1.8997708716532294e+17,5.032910131553132e-31,4.791622399904626e-56,1.647357415565658e-33,2.78392795599252e-40,2.307103238175414e-64,7.859229064980706e-35,7.299154392079889e-42,2.741890659395774e-66,7.865614642619732e-57,2.6649083209737285e-35
10592.537251772897,0.01,2.498057508069909e-30,2.498057508069909e-26,9502403925218798.0,1.2159760749706168,7.66282652398627e+16,2.486900549888315e-30,8.849453833208249e-54,1.0447059843056342e-32,3.610038888110371e-39,1.0851084034299027e-61,5.27941976668928e-34,1.0025970860298865e-40,1.3660173963078307e-63,1.3452313795556602e-54,1.8195265156987106e-34
11220.18454301963,0.01,1.1273412941604934e-29,1.1273412941604934e-25,2239707832866189.5,1.2109164115871422,3.2561331619609812e+16,1.1209405287182851e-29,1.2230608278327263e-51,5.969287881435713e-32,4.063469107026473e-38,3.6351441486804903e-59,3.195322046218575e-33,1.1953952343791959e-39,4.847354036391222e-61,1.7239486859450995e-52,1.11941173141897e-33
11885.022274370189,0.01,4.6361452341715713e-29,4.636145234171571e-25,582238612711260.9,1.1997835788758677,1.4580156582397824e+16,4.6030700163565204e-29,1.2815147890148953e-49,3.0713484517223793e-31,3.988961605455035e-37,8.811686131444809e-57,1.7414908728110276e-32,1.243009402964952e-38,1.2446353244723395e-58,1.6770121501355466e-50,6.202012923903366e-33
12589.254117941662,0.01,1.725059913638466e-28,1.725059913638466e-24,168943915564015.2,1.1771023064499975,6902163291309094.0,1.709765573289448e-28,1.0274763171832363e-47,1.413774389183508e-30,3.420038338421099e-36,1.564036852945168e-54,8.491261616647681e-32,1.128874160427672e-37,2.3400766620032636e-56,1.2497946575902559e-48,3.07434966260713e-32
13335.21432163324,0.01,5.713096699814946e-28,5.713096699814946e-24,56019692479495.75,1.1353993833932692,3481819423656363.0,5.650802078150816e-28,6.328446676249214e-46,5.7306450104322506e-30,2.5521528991716153e-35,2.0457834936442307e-52,3.645823317718706e-31,8.923212738840799e-37,3.2422221879406515e-54,7.16334289195791e-47,1.342084103585445e-31
14125.375446227554,0.01,1.637272317146184e-27,1.637272317146184e-23,21995518256756.23,1.0688230997176043,1897680686707195.5,1.6155318445258058e-27,2.986422929656624e-44,1.9897524353142144e-29,1.6417619125283987e-34,1.9713271048593252e-50,1.3408838393948708e-30,6.080296167044084e-36,3.309343108828274e-52,3.149205174204789e-45,5.018941713534159e-31
14962.356560944329,0.01,3.9121978654041246e-27,3.912197865404124e-23,10629555058480.889,0.9804490992376035,1138109991866796.0,3.849524015913541e-27,1.0714158276725733e-42,5.705046610661846e-29,8.974411388090731e-34,1.391621323651711e-48,4.072408250839448e-30,3.520631184858005e-35,2.4745952679177804e-50,1.053663400819784e-43,1.55004248567454e-30
15848.93192461114,0.01,7.542944613891807e-27,7.542944613891807e-23,6465388847570.704,0.8855750674787941,763282462658412.9,7.398436479176598e-27,2.904160851548371e-41,1.3078689892349166e-28,4.117164545527489e-33,7.167210059102635e-47,9.889090561687756e-30,1.7108533395580328e-34,1.349998346129073e-48,2.6662930602507537e-42,3.827856980118854e-30
16788.040181225588,0.01,1.163846211026828e-26,1.163846211026828e-22,4897385505777.86,0.8026035213494614,574624273127608.2,1.1374031571238007e-26,5.9799340097802335e-40,2.3786290190733798e-28,1.584513882534687e-32,2.7130187239850988e-45,1.9051045954419787e-29,6.974460283625628e-34,5.412973418473217e-47,5.130553644452855e-41,7.500048583011942e-30
17782.794100389227,0.01,1.474591527378738e-26,1.474591527378738e-22,4434789405014.313,0.7409965977145675,479187425302349.2,1.4351697173743308e-26,9.55974426029758e-39,3.5230587944287705e-28,5.199420432415364e-32,7.728446966910808e-44,2.988904250402415e-29,2.4242058249779105e-33,1.6333352481574483e-45,7.672236233546715e-40,1.1968759676695658e-29
18836.49089489802,0.01,1.6095064288436435e-26,1.6095064288436434e-22,4556168502567.37,0.6999523183755447,431862225285305.94,1.5592491691627103e-26,1.2252371910715694e-37,4.460074658912897e-28,1.494355053607978e-31,1.71386092749247e-42,4.008060240451117e-29,7.380203519066977e-33,3.8367074130597944e-44,9.207095831656455e-39,1.6327712672921018e-29
19952.62314968879,0.01,1.5906021550445625e-26,1.5906021550445625e-22,5070272794588.2705,0.6741678792922354,409796139938571.4,1.532988211996011e-26,1.29992947339841e-36,5.074108201967157e-28,3.86500871427099e-31,3.0599860631730263e-41,4.8300523263808065e-29,2.0219246787566112e-32,7.256088178962656e-43,9.155062025979548e-38,2.002136551526327e-29
21134.890398366475,0.01,1.4800805361903742e-26,1.4800805361903742e-22,5910861926088.355,0.6583014131159903,400545788546780.2,1.4182788277740584e-26,1.170835762458252e-35,5.396719518226626e-28,9.18273345022799e-31,4.518035151325218e-40,5.441541665748219e-29,5.088459414925764e-32,1.1348349666093244e-41,7.735408138644804e-37,2.2960545261477723e-29
22387.21138568338,0.01,1.3316582519811953e-26,1.3316582519811953e-22,7065081498766.245,0.6484119181545811,396206383377043.4,1.2679052311606213e-26,9.101878410105339e-35,5.512068614055061e-28,2.0285707053080706e-30,5.616755306329091e-39,5.887172031540694e-29,1.1907044516831198e-31,1.494406017323052e-40,5.646330731835052e-36,2.530388866347564e-29
23713.737056616552,0.01,1.1780630010510768e-26,1.1780630010510767e-22,8545503464216.128,0.6418813811013735,390237384188341.56,1.1136765466299457e-26,6.155918369913624e-34,5.4993215381956535e-28,4.1828259475870876e-30,5.934670008607247e-38,6.221587662593889e-29,2.6006511549591756e-31,1.6725521918950258e-39,3.5890098919178445e-35,2.727297115976854e-29
25118.86431509582,0.01,1.0354788164071275e-26,1.0354788164071274e-22,10377266927842.553,0.6369960552521684,375917932252894.2,9.71059714662936e-27,3.6212902159109135e-33,5.416550009936445e-28,8.01662680264662e-30,5.33497728429981e-37,6.491048721533952e-29,5.279584276305701e-31,1.5926328814895757e-38,1.986034180402159e-34,2.907712355959489e-29
26607.250597988084,0.01,9.10128850499411e-27,9.101288504994109e-23,12591970268215.902,0.6326512616214168,346851025657647.2,8.457826106226682e-27,1.8387054814757837e-32,5.301526218750163e-28,1.4119589593754943e-29,4.054145314969129e-36,6.729658483792555e-29,9.849609107610924e-31,1.281983438228527e-37,9.49442845671757e-34,3.08893008699653e-29
28183.82931264455,0.01,8.026828028060514e-27,8.026828028060514e-23,15228543535055.51,0.6282877928433198,300239448661098.8,7.382696675930754e-27,7.966337150982341e-32,5.174728792692567e-28,2.2515012963880638e-29,2.5776397088835686e-35,6.957924389752334e-29,1.6635719988384132e-30,8.633866254939919e-37,3.876471994599454e-33,3.281707751697272e-29
29853.82618917957,0.01,7.108655046851345e-27,7.108655046851344e-23,18341955169210.45,0.6239185263695188,240756246856126.6,6.462790841821167e-27,2.923297268037626e-31,5.042054847106448e-28,3.215879981663008e-29,1.3625398077094452e-34,7.181243902403213e-29,2.516546478474344e-30,4.834285584964409e-36,1.3417022048237468e-32,3.4865047163279045e-29
31622.776601683792,0.01,6.31489511899263e-27,6.314895118992629e-23,22011120218257.582,0.619944286307003,179326464919132.28,5.668351397176351e-27,9.131721833116296e-31,4.900680205835491e-28,4.122791116404422e-29,6.024610221086555e-34,7.393472727320618e-29,3.416285232524349e-30,2.2641857751928825e-35,3.9565799169801465e-32,3.6943414477593564e-29
33496.54391578279,0.01,5.620133220475623e-27,5.620133220475622e-23,26333536755380.26,0.6167443047585368,126179130862552.75,4.975551663061148e-27,2.475021631272228e-30,4.747408977081631e-28,4.822034869842233e-29,2.273361804393283e-33,7.58662745532591e-29,4.229543284091715e-30,9.050064247166966e-35,1.0132192122081198e-31,3.894578575559805e-29
35481.33892335753,0.01,5.01000022484728e-27,5.0100002248472796e-23,31409330069816.234,0.6144188493659806,118127345627811.7,4.369491556587807e-27,5.974527061100811e-30,4.583173308555714e-28,5.268747870311774e-29,7.521797062299297e-33,7.758153920692579e-29,4.8884272075655194e-30,3.171792116492017e-34,2.312869550821617e-31,4.082023929383592e-29
37583.74042884443,0.01,4.477365899208249e-27,4.4773658992082485e-23,37324290874228.12,0.6128395668082985,122788596021906.8,3.8404002799460956e-27,1.3167937046670257e-29,4.411952835667271e-28,5.502066620134513e-29,2.239025882334899e-32,7.910846776053961e-29,5.393052367609297e-30,1.0000972134903995e-33,4.824434427812181e-31,4.257437852044488e-29
39810.71705534969,0.01,4.018246632972073e-27,4.0182466329720733e-23,44127755428173.55,0.6118042964034563,127873286713109.39,3.3799933166458235e-27,2.701687578408974e-29,4.238164253311336e-28,5.590303988473873e-29,6.118611341980712e-32,8.049518369398713e-29,5.7760255227521886e-30,2.8949160277288467e-33,9.375476529842743e-31,4.4244137427116345e-29
42169.65034285822,0.01,3.630628881534618e-27,3.630628881534618e-23,51789736577117.01,0.6111325129423838,133330784296349.6,2.9802071813139876e-27,5.230874927936455e-29,4.0652672587541895e-28,5.597325265334747e-29,1.5572551734172118e-31,8.178642291965861e-29,6.073750922726297e-30,7.804460477836697e-33,1.7206798121052345e-30,4.5868588780190403e-29
44668.359215096345,0.01,3.3152227494544805e-27,3.3152227494544806e-23,60121069464987.8,0.6106910259054217,139109499373247.16,2.6332613756236335e-27,9.645529661803168e-29,3.895563282381514e-28,5.573601246872108e-29,3.7281201954472436e-31,8.301610928070823e-29,6.314681980336068e-30,1.9791240166680263e-32,3.0098550990071004e-30,4.748048688617948e-29
47315.12589614803,0.01,3.0768184474516903e-27,3.07681844745169e-23,68652116406062.23,0.6103868215417709,145141344299136.62,2.331982796308901e-27,1.704307396669623e-28,3.730470292708173e-28,5.558418486156646e-29,8.452832822876223e-31,8.420845466446201e-29,6.517278232537523e-30,4.753192279880964e-32,5.048644879299816e-30,4.910650436205727e-29
50118.72336272725,0.01,2.925584712950888e-27,2.9255847129508877e-23,76508701282620.16,0.6101511602539256,151308339936428.12,2.07001418620439e-27,2.897147385835013e-28,3.5708610550158154e-28,5.584052473832622e-29,1.8235271100800004e-30,8.538175226669997e-29,6.690809412096821e-30,1.086163808050583e-31,8.152765389285861e-30,5.077168736412138e-29
53088.444423098794,0.01,2.877877133968902e-27,2.877877133968902e-23,82416384348586.89,0.6099231857616741,157385206853125.75,1.841877920174317e-27,4.74894329328742e-28,3.4173420762175756e-28,5.678170413755809e-29,3.7539747681432554e-30,8.655268911627713e-29,6.835746711438786e-30,2.3685058000484267e-31,1.270353640796267e-29,5.250617512270097e-29
56234.13251903491,0.01,2.955796693405129e-27,2.9557966934051285e-23,85038785582186.7,0.6096342258132103,162948862874707.78,1.642948681959494e-27,7.511442795784844e-28,3.270465634800921e-28,5.862968709721994e-29,7.383963924565063e-30,8.774082259508259e-29,6.942627255159607e-30,4.934835378035589e-31,1.911240719682612e-29,5.43541767804015e-29
59566.214352901094,0.01,3.1839171732457582e-27,3.183917173245758e-23,83684328024347.05,0.6091932111012953,167255017155609.75,1.469376716006397e-27,1.1450279595444926e-27,3.1308811178024613e-28,6.1498447528874e-29,1.38679639921755e-29,8.897309315095185e-29,6.989411985451835e-30,9.817384683546658e-31,2.772863304785755e-29,5.638509774095716e-29
63095.7344480193,0.01,3.580521975286851e-27,3.580521975286851e-23,78916911345485.78,0.6084775038210649,169120802850262.28,1.3179719350284733e-27,1.6760925895138143e-27,2.9993957892433264e-28,6.528522419513753e-29,2.479189253075969e-29,9.028713852577279e-29,6.93875080468763e-30,1.859057334809113e-30,3.865195139866498e-29,5.870385703039944e-29
66834.39175686149,0.01,4.140694329532289e-27,4.140694329532289e-23,72419389472502.11,0.6073414453408224,166940189072159.75,1.1860315879634117e-27,2.3408403476288873e-27,2.8768536362903865e-28,6.95177887461977e-29,4.1936927274104445e-29,9.172968007680796e-29,6.739202490293434e-30,3.33103894118181e-30,5.143179952683472e-29,6.145059325552989e-29
70794.57843841374,0.01,4.813350740285227e-27,4.813350740285227e-23,66173427974408.0,0.605661276337917,159058944831548.25,1.0710951723256706e-27,3.0912918750154287e-27,2.7637167849015665e-28,7.324135395262667e-29,6.655451554079558e-29,9.334383673537144e-29,6.337538945899224e-30,5.599646738902789e-30,6.474359784080185e-29,6.477152469957325e-29
74989.42093324558,0.01,5.487292577207269e-27,5.487292577207268e-23,61713944971963.3,0.6034197541144866,144642073777109.75,9.706821751997827e-28,3.8226614215209276e-27,2.659402687419679e-28,7.513423070775046e-29,9.817611268977081e-29,9.514286279865275e-29,5.7070338722153534e-30,8.74961483447668e-30,7.635107964743207e-29,6.874777719429239e-29
79432.82347242821,0.01,6.0128989080262756e-27,6.012898908026275e-23,59918601890027.63,0.6007798746364182,124622216448426.73,8.821947500052872e-28,4.395140462069377e-27,2.56186115173272e-28,7.401118725728216e-29,1.3371637694332967e-28,9.708400853171648e-29,4.880484055061081e-30,1.2623148873169386e-29,8.375215469930782e-29,7.331022041847275e-29
84139.51416451947,0.01,6.266300830902791e-27,6.266300830902791e-23,61179636652681.32,0.5980573271440536,101750596651800.25,8.031493824166275e-28,4.6952838946664705e-27,2.468063843019162e-28,6.950161537194959e-29,1.6810647130801987e-28,9.907144590251075e-29,3.956130583563331e-30,1.6809993108305568e-29,8.539384942566536e-29,7.822166381776129e-29
89125.0938133746,0.01,6.210997364245473e-27,6.210997364245473e-23,65653880814875.664,0.5955787612088669,79364089325715.53,7.315854705805345e-28,4.693501361629414e-27,2.3753026130127142e-28,6.230292289567861e-29,1.965301546465879e-28,1.0099760102223867e-28,3.0578586872841704e-30,2.0816719930620684e-29,8.150002473427806e-29,8.317498881756533e-29
94406.08762859226,0.01,5.901525348240527e-27,5.901525348240527e-23,73441856260897.7,0.5935441478953986,59902380839153.11,6.662626891830275e-28,4.44584312646628e-27,2.2822111508270943e-28,5.373682624787084e-29,2.1644426725458664e-28,1.0278930619394392e-28,2.2799544955459014e-30,2.4284501387297745e-29,7.373152032810088e-29,8.793204160116403e-29
100000.0,0.01,5.435687640759857e-27,5.435687640759857e-23,84681246884210.11,0.5919966008294553,44346975821426.32,6.065098048158191e-28,4.0476960499747464e-27,2.188783992204277e-28,4.506642445679757e-29,2.2785167627561778e-28,1.0442272336261408e-28,1.6616651834422438e-30,2.707916891494932e-29,6.41321560723124e-29,9.238957248312965e-29
105925.37251772897,0.01,4.905408749546273e-27,4.905408749546273e-23,99583781669680.14,0.5908770656956701,32570134008464.098,5.519374698481879e-28,3.587295178363343e-27,2.0957605284702097e-28,3.7113391575964205e-29,2.3226895738813184e-28,1.0590921968927716e-28,1.1977725236394656e-30,2.923979165690485e-29,5.431550448463159e-29,9.655541116917268e-29
112201.84543019629,0.01,4.374544410325613e-27,4.374544410325613e-23,118443062975419.78,0.5900903191040686,23928746062656.094,5.022303332504905e-28,3.1253140747343116e-27,2.0040342811754688e-28,3.0244119754977224e-29,2.3160712553589443e-28,1.0727468748713814e-28,8.615869498984828e-31,3.088410497368872e-29,4.523233889815416e-29,1.0049261062351232e-28
118850.22274370189,0.01,3.8787257179815375e-27,3.8787257179815374e-23,141629895265836.78,0.5895449799902122,17683255439779.08,4.570614927785806e-28,2.695281956726479e-27,1.9143484744588707e-28,2.4519429088727222e-29,2.275470106623711e-28,1.0854582109627663e-28,6.222635306592022e-31,3.2140619085127795e-29,3.72957247811619e-29,1.0427655278626651e-28
125892.54117941661,0.01,3.433514482761965e-27,3.433514482761965e-23,169583152787821.2,0.589168285026121,13189287419355.432,4.160808549452355e-28,2.3116365286713078e-27,1.8272177235585193e-28,1.9844789788489547e-29,2.213517478104693e-28,1.0974441070665705e-28,4.529819201202911e-31,3.311814924114647e-29,3.058907587526143e-29,1.0797417144742653e-28
133352.1432163324,0.01,3.0426162912020424e-27,3.0426162912020426e-23,202799481831337.9,0.5889072787805444,9947980115013.09,3.789294379046575e-28,1.9776404105127968e-27,1.7429538920726874e-28,1.6068496959375983e-29,2.138956601624126e-28,1.108863300703365e-28,3.331234925241007e-31,3.389885867381961e-29,2.503058937231085e-29,1.1163799484653998e-28
141253.75446227554,0.01,2.7036527334577693e-27,2.703652733457769e-23,241822917533087.84,0.5887251437025719,7594920382677.444,3.4525585448271424e-28,1.69088300879203e-27,1.661719114874318e-28,1.303279763471213e-29,2.057572699957561e-28,1.1198238872348243e-28,2.477823823034755e-31,3.4541269273541726e-29,2.0473518311297788e-29,1.1530693237449986e-28
149623.56560944326,0.01,2.411605448296886e-27,2.4116054482968858e-23,287234608785387.6,0.5885968403160432,5871404821978.644,3.1472774889096005e-28,1.4465351657233288e-27,1.583574368130584e-28,1.0595723204300299e-29,1.9730981456937334e-28,1.1303959043105354e-28,1.865094739087913e-31,3.5085832988378795e-29,1.6758506391296071e-29,1.1900911981122823e-28
158489.3192461114,0.01,2.160669363879663e-27,2.1606693638796627e-23,339642572457966.8,0.5885054834339533,4596033786955.271,2.8703785517289946e-28,1.2390851870980103e-27,1.5085156403232726e-28,8.637740626689804e-30,1.8879044170233194e-28,1.1406224861716426e-28,1.420803314208921e-31,3.556011083272697e-29,1.3737312134318872e-29,1.2276482333177298e-28
167880.40181225588,0.01,1.9451627174175787e-27,1.9451627174175785e-23,399671382501238.94,0.5884396923480436,3641995987652.9624,2.6190618585049274e-28,1.0631816867267456e-27,1.4364985637991105e-28,7.06156449397361e-30,1.8034807787799193e-28,1.150528305715193e-28,1.0951960210374686e-31,3.5982772363338457e-29,1.1281441507052611e-29,1.2658878204444956e-28
177827.94100389228,0.01,1.759921363750828e-27,1.7599213637508278e-23,467951777697982.9,0.58839176357985,2920418858265.4263,2.3907986391634246e-28,9.139917860422412e-28,1.3674544682475472e-28,5.789394889059471e-30,1.7207500040734962e-28,1.1601255360370918e-28,8.539411833996874e-32,3.6366447838144945e-29,9.283549463554174e-30,1.3049192664733239e-28
188364.9089489802,0.01,1.6004277276563578e-27,1.6004277276563577e-23,545110273195676.94,0.5883564455722504,2368656563716.2163,2.183316831521019e-28,7.87312100770562e-28,1.3013006159801864e-28,4.7595472128326466e-30,1.6402719491980368e-28,1.1694179265277176e-28,6.732185624636532e-32,3.6719686212403e-29,7.655754053179971e-30,1.3448258522843784e-28
199526.23149688786,0.01,1.4628117986447991e-27,1.4628117986447992e-23,631758955286112.0,0.5883301268456811,1942208406941.6655,1.994580776221091e-28,6.7956193021261965e-28,1.2379466578219826e-28,3.923282304942153e-30,1.562373621204121e-28,1.178403553205725e-28,5.363756139935683e-32,3.704827580876883e-29,6.326900323839242e-30,1.3856731158793784e-28
211348.90398366476,0.01,1.3437963553452305e-27,1.3437963553452304e-23,728485712929562.9,0.5883102997463695,1609183916357.1365,1.8227689575400915e-28,5.877261504031125e-28,1.177298683368223e-28,3.242105647621856e-30,1.4872321602241845e-28,1.1870766707334532e-28,4.3166841550983616e-32,3.735612943146925e-29,5.239706334617404e-30,1.4275144950026348e-28
223872.11385683378,0.01,1.2406228735793757e-27,1.2406228735793756e-23,835845207037279.4,0.5882952054541832,1346514882446.5918,1.6662519447713517e-28,5.092815993923225e-28,1.1192617524583366e-28,2.685572125848872e-30,1.4149279430126237e-28,1.195428966222249e-28,3.5073682661104194e-32,3.764587767841608e-29,4.348173337988046e-30,1.4703951671568311e-28
237137.37056616554,0.01,1.150975618219436e-27,1.150975618219436e-23,954350896693628.1,0.5882835977226581,1137354442271.9988,1.5235716203829575e-28,4.42122973623604e-28,1.0637414690844157e-28,2.229544401658259e-30,1.3454787573381003e-28,1.2034504173430353e-28,2.8757193694277575e-32,3.791926832444316e-29,3.6153810386017874e-30,1.514354672225837e-28
251188.6431509582,0.01,1.072911622791941e-27,1.0729116227919409e-23,1084468429778001.8,0.5882745844987421,969281011377.6725,1.3934221713763465e-28,3.844951362438029e-28,1.0106449501290304e-28,1.8548282323920543e-30,1.2788619488155396e-28,1.2111298888453831e-28,2.3781286590519892e-32,3.817743697922381e-29,3.011672590825133e-30,1.559428715424766e-28
266072.50597988087,0.01,1.0047993417226917e-27,1.0047993417226917e-23,1226610665455038.8,0.5882675208622989,833049107694.6266,1.274632984492547e-28,3.3493420092468877e-28,9.598814100151957e-29,1.5461093531001046e-30,1.2150288819138232e-28,1.2184555555902536e-28,1.9826439670252752e-32,3.842109205685214e-29,2.5131879926587183e-30,1.6056504175453991e-28
281838.2931264455,0.01,9.452663931437463e-28,9.452663931437462e-24,1381134531546648.8,0.5882619360069309,721713577787.9579,1.1661534090906558e-28,2.922175998920515e-28,9.1136250042074e-29,1.2911268827885668e-30,1.153914453657574e-28,1.2254152098826472e-28,1.6656340948069233e-32,3.8650642400433214e-29,2.1006912261860352e-30,1.6530511909617727e-28
298538.26189179573,0.01,8.931557558444314e-28,8.931557558444313e-24,1548339836736421.5,0.5882574829770734,630010411422.2009,1.0670392650090605e-28,2.55322406475626e-28,8.65002493140148e-29,1.080030367207047e-30,1.095443396628037e-28,1.231996491071713e-28,1.4094623253384472e-32,3.886628626554337e-29,1.7586374487533938e-30,1.7016613607915215e-28
316227.7660168379,0.01,8.474893892942082e-28,8.474893892942082e-24,1728470063352172.5,0.5882539037463579,553915178414.6858,9.76440936479396e-29,2.2339084977108175e-28,8.207183622466305e-29,9.048787405004314e-31,1.0395344802956057e-28,1.2381870624523257e-28,1.2008495331912787e-32,3.906807406178284e-29,1.4744329387058552e-30,1.7515106113940963e-28
334965.43915782793,0.01,8.07438170235202e-28,8.074381702352019e-24,1921715069487803.0,0.5882510047296363,490325400731.08563,8.935928841723825e-29,1.9570191538880467e-28,7.784298016321214e-29,7.5924882399115515e-31,9.861033246449242e-29,1.2439747520418032e-28,1.0297123257631405e-32,3.925595312253094e-29,1.2378482916917609e-30,1.8026283123580265e-28
354813.3892335753,0.01,7.722971078677349e-28,7.722971078677349e-24,2128215537833121.8,0.5882486394545428,436830110638.5228,8.178044126114448e-29,1.7164800999093706e-28,7.38059201291607e-29,6.379284324117235e-31,9.350642896772651e-29,1.249347668244327e-28,8.883311490790118e-33,3.94298000577132e-29,1.0405528126056558e-30,1.8550437608011202e-28
375837.4042884443,0.01,7.414649236925747e-28,7.414649236925747e-24,2348068930243679.5,0.5882466961898654,391541252375.9977,7.48451542124054e-29,1.5071579755185637e-28,6.995315976050108e-29,5.366749633282851e-31,8.863317444724021e-29,1.2542942977368707e-28,7.707495326985108e-33,3.958944444851886e-29,8.757445183191929e-31,1.908786365213913e-28
398107.1705534969,0.01,7.1442721852448056e-28,7.144272185244805e-24,2581336647575318.0,0.5882450890360461,352969314589.22626,6.849698491305436e-29,1.3247045317636572e-28,6.627746076469462e-29,4.520248096974462e-31,8.398209165201953e-29,1.258803590459429e-28,6.72336613062507e-33,3.973468644715737e-29,7.3785552222114356e-31,1.963885788271969e-28
421696.5034285822,0.01,6.907425783758627e-28,6.907425783758627e-24,2828052057178922.5,0.5882437514548292,319930855489.50604,6.268481536951028e-29,1.1654270856904083e-28,6.277183541624043e-29,3.81142345908506e-31,7.954484551484265e-29,1.2628650349470828e-28,5.89465958857846e-33,3.9865310042536775e-29,6.22316888303517e-31,2.0203720607518285e-28
446683.5921509635,0.01,6.700310850374928e-28,6.700310850374928e-24,3088229036815606.5,0.5882426315319119,291479208730.03577,5.736229477517677e-29,1.0261817538090632e-28,5.942953856233805e-29,3.216998360864355e-31,7.531327990495129e-29,1.2664687261291275e-28,5.192779142443308e-33,3.9981093210448206e-29,5.253704683308609e-31,2.0782756750719967e-28
473151.2589614803,0.01,6.519647943041456e-28,6.5196479430414554e-24,3361870692421957.5,0.5882416884810453,266852169641.4045,5.248734707382505e-29,9.042852741508443e-29,5.624405943110427e-29,2.7178159270250065e-31,7.127944089419832e-29,1.2696054269637787e-28,4.59502395540155e-33,4.0081815797375576e-29,4.439179301427957e-31,2.137627664493794e-28
501187.2336272725,0.01,6.362598256534608e-28,6.362598256534608e-24,3648977935030728.5,0.5882408900445776,245432214590.61557,4.802173513252016e-29,7.974420115967422e-29,5.320911343867539e-29,2.298072231365887e-31,6.743559070898947e-29,1.2722666247599481e-28,4.083257859660416e-33,4.0167265733385844e-29,3.753992940031936e-31,2.198459672292215e-28
530884.4442309879,0.01,6.226697736254699e-28,6.2266977362546986e-24,3949557644820633.0,0.5882402105463396,226716039287.27713,4.393067444991219e-29,7.036833834713971e-29,5.031863412541494e-29,1.944699558263995e-31,6.377421524167119e-29,1.2744445826837524e-28,3.6429024016685566e-33,4.023724399408931e-29,3.17694940494328e-31,2.2608040140014493e-28
562341.3251903491,0.01,6.109802053065855e-28,6.1098020530658545e-24,4263630202656076.0,0.5882396294228073,210291075712.38892,4.0182490251661303e-29,6.21317464245146e-29,4.756676530649763e-29,1.646869223446892e-31,6.028802711440393e-29,1.2761323867062704e-28,3.262169820446152e-33,4.029156860942461e-29,2.6904633822930874e-31,2.324693734990619e-28
595662.1435290109,0.01,6.010040522617232e-28,6.010040522617232e-24,4591236226479574.0,0.5882391301074719,195817271251.01157,3.674831263106839e-29,5.488869504089687e-29,4.4947853491294613e-29,1.395589522275882e-31,5.696996568652687e-29,1.2773239880865425e-28,2.931474905466528e-33,4.03300779313135e-29,2.2799174259866186e-31,2.3901626650223706e-28
630957.344480193,0.01,5.925777408221042e-28,5.925777408221042e-24,4932442406921835.0,0.5882386991778814,183012862314.3635,3.36018050925049e-29,4.8513400747960783e-29,4.2456440604608625e-29,1.183379626093015e-31,5.381319498151849e-29,1.2780142413771218e-28,2.642981127069882e-33,4.03526333117899e-29,1.93313900685268e-31,2.4572454710158766e-28
668343.9175686149,0.01,5.855579333940307e-28,5.855579333940306e-24,5287346389724003.0,0.5882383256993605,171643199738.88657,3.071892246082745e-29,4.2897079612542975e-29,4.00872570278601e-29,1.0040043158682446e-31,5.081110022150334e-29,1.2781989378729748e-28,2.39024822129811e-33,4.035912130038948e-29,1.639974113071999e-31,2.525977708924946e-28
707945.7843841374,0.01,5.798187767105975e-28,5.798187767105974e-24,5656080699285767.0,0.5882380007169493,161511920286.6499,2.807769464364859e-29,3.794546963573686e-29,3.783521496777635e-29,8.522576056925516e-32,4.7957283455600906e-29,1.277874834387411e-28,2.1679569211478726e-33,4.0349455439155636e-29,1.3919387082545795e-31,2.596395875416222e-28
749894.2093324559,0.01,5.75249571772074e-28,5.75249571772074e-24,6038815736187338.0,0.5882377168597608,152453932618.5069,2.5658033186017196e-29,3.357674280146811e-29,3.5695402152620504e-29,7.237857770414258e-32,4.5245558626256664e-29,1.2770396772234148e-28,1.9716927117328505e-33,4.0323577711966937e-29,1.181933142430392e-31,2.668537459867442e-28
794328.2347242822,0.01,5.717527954773772e-28,5.717527954773771e-24,6435761911181467.0,0.5882374680311175,144329814745.0161,2.344155794843731e-29,2.971974107994818e-29,3.366307585061725e-29,6.149422777986757e-32,4.266994631678859e-29,1.2756922212098528e-28,1.797775012754958e-33,4.028145968950718e-29,1.0040075992362235e-31,2.7424409970837705e-28
841395.1416451947,0.01,5.692424163360765e-28,5.692424163360765e-24,6847170999022856.0,0.588237249164533,137021315634.25194,2.141144157767548e-29,2.6312482462929196e-29,3.1733657201349916e-29,5.226684592427274e-32,4.0224668351262784e-29,1.2738322436855827e-28,1.6431215247467026e-33,4.022310340032379e-29,8.531690252970117e-32,2.818146121039984e-28
891250.9381337459,0.01,5.676424567276913e-28,5.676424567276913e-24,7273336808300261.0,0.5882370560305236,130427725254.19498,1.9552269732854775e-29,2.3300892649064042e-29,2.990272584811301e-29,4.4439532230200725e-32,3.79041423659675e-29,1.2714605533374768e-28,1.5051399455820141e-33,4.0148541950807375e-29,7.252218611616816e-32,2.8956936198884495e-28
944060.8762859226,0.01,5.668857623912448e-28,5.668857623912448e-24,7714595269258596.0,0.5882368850828745,124462931228.94505,1.7849915283244901e-29,2.063772576120353e-29,2.816601485720525e-29,3.779623924492076e-32,3.5702976434269465e-29,1.268578993828511e-28,1.3816411053778048e-33,4.0057839911687567e-29,6.166363825935464e-32,2.975125492421733e-28
1000000.0,0.01,5.6691294654243235e-28,5.669129465424323e-24,8171324041738516.0,0.5882367333357,119053021101.69557,1.6291424914398583e-29,1.8281643808678106e-29,2.6519405908744885e-29,3.2155059527905734e-32,3.361596379941568e-29,1.2651904421874495e-28,1.2707689491090343e-33,3.995109348513529e-29,5.244396484661556e-32,3.0564850061399127e-28
1059253.7251772897,0.01,5.676714815160146e-28,5.6767148151601455e-24,8643941741156944.0,0.5882365982646524,114134320274.50653,1.4864916770545737e-29,1.619642978278636e-29,2.4958924742646812e-29,2.736266042799234e-32,3.163807775001829e-29,1.261298801970776e-28,1.1709438380751836e-33,3.9828430464326904e-29,4.461250007891639e-32,3.1398167570426787e-28
1122018.4543019652,0.01,5.69114915347815e-28,5.69114915347815e-24,9132906873175232.0,0.5882364777271749,109651779486.77896,1.355948792744405e-29,1.4350313513928935e-29,2.3480736842813948e-29,2.3289661123389244e-32,2.976446665849316e-29,1.2569089912489639e-28,1.0808164315355058e-33,3.9690009996013573e-29,3.795768233042043e-32,3.225166731243397e-28
1188502.2274370189,0.01,5.712021944290562e-28,5.712021944290562e-24,9638716558473836.0,0.5882363698978366,105557644004.73997,1.236513063464716e-29,1.2715392901293415e-29,2.2081143342304875e-29,1.9826785345357622e-32,2.7990449192191284e-29,1.2520269255118634e-28,9.992300123739034e-34,3.953602215599719e-29,3.2300787664308494e-32,3.3125823684841385e-28
1258925.411794166,0.01,5.7389707643448485e-28,5.738970764344848e-24,1.0161905118817154e+16,0.5882362732156702,101810350857.95805,1.1272656392326874e-29,1.1267135992936999e-29,2.0756577132187215e-29,1.6881654048781198e-32,2.6311509699326685e-29,1.2466594956308203e-28,9.25189582509493e-34,3.9366687347248496e-29,2.749070208304108e-32,3.4021126276166222e-28
1333521.432163324,0.01,5.7716762026460895e-28,5.771676202646089e-24,1.0703042585091048e+16,0.5882361863411073,98373611469.1782,1.0273627037900366e-29,9.98395175993164e-30,1.950359915693984e-29,1.4376107149742016e-32,2.472329376633357e-29,1.2408145410571632e-28,8.57836409571576e-34,3.9182255530565594e-29,2.3399553401852317e-32,3.493808054102604e-28
1412537.5446227554,0.01,5.809857418480776e-28,5.809857418480775e-24,1.1262733177785124e+16,0.5882361081206189,95215645623.69043,9.360292113929013e-30,8.846819365117833e-30,1.831889487959563e-29,1.2243963538047353e-32,2.3221603939438974e-29,1.234500818477161e-28,7.964269818005147e-34,3.898300529805062e-29,1.9919055876070788e-32,3.587720849578335e-28
1496235.6560944358,0.01,5.85326826400912e-28,5.8532682640091196e-24,1.184161380085538e+16,0.5882360375575683,92308539472.88284,8.525531872927169e-30,7.838967349409522e-30,1.7199270900296326e-29,1.042914484944184e-32,2.1802395600622608e-29,1.227727966181578e-28,7.403155423793968e-34,3.876924280018806e-29,1.6957446888609162e-32,3.683904943520301e-28
1584893.1924611141,0.01,5.901693891983061e-28,5.901693891983061e-24,1.2440352581280498e+16,0.5882359737880962,89627705586.03688,7.762805348442499e-30,6.945595506767833e-30,1.6141651712544705e-29,8.884101704861052e-33,2.04617729864641e-29,1.2205064644430164e-28,6.889395418092337e-34,3.8541300537874355e-29,1.4436916305534945e-32,3.7824160670435885e-28
1678804.018122559,0.01,5.954947781334733e-28,5.954947781334733e-24,1.3059647479043508e+16,0.5882359160610942,87151427275.7061,7.066102986412774e-30,6.153633341796509e-30,1.5143076582165078e-29,7.568491892298214e-33,1.9195985337429588e-29,1.2128475922256679e-28,6.4180747833458895e-34,3.8299536031318135e-29,1.2291446482851016e-32,3.88331182885931e-28
1778279.410038923,0.01,6.012869123584111e-28,6.0128691235841106e-24,1.3700224985764206e+16,0.5882358637215149,84860472770.14287,6.429903387549628e-30,5.451529941156473e-30,1.4200696534808173e-29,6.448068757340797e-33,1.8001423164762256e-29,1.2047633805794874e-28,5.98488700000595e-34,3.804433037826334e-29,1.0464995112194733e-32,3.9866517934135297e-28
1883649.089489802,0.01,6.0753205215765765e-28,6.075320521576576e-24,1.43628389247519e+16,0.5882358161964174,82737767479.05054,5.849133761363811e-30,4.829070874038692e-30,1.3311771438741437e-29,5.493745261110982e-33,1.687461462218495e-29,1.1962665630937437e-28,5.586048239093489e-34,3.777608671445056e-29,8.909964731176213e-33,4.092497561226876e-28
1995262.3149688828,0.01,6.142185959260695e-28,6.142185959260695e-24,1.5048269360771896e+16,0.5882357729832564,80768114741.1545,5.319133736309098e-30,4.277218394230451e-30,1.2473667170637414e-29,4.68080506288359e-33,1.581222197000231e-29,1.1873705238031745e-28,5.2182249340738425e-34,3.7495228589601576e-29,7.585912279606191e-33,4.2009128514513535e-28
2113489.0398366475,0.01,6.213369007282641e-28,6.213369007282641e-24,1.5757321624227916e+16,0.5882357336400266,78937957165.68747,4.835622209143491e-30,3.7879717685174165e-30,1.1683852853095463e-29,3.9882368324241663e-33,1.4811038119822886e-29,1.1780892429533212e-28,4.878472459333289e-34,3.7202198272469245e-29,6.458459944792124e-33,4.311963586658604e-28
2238721.1385683375,0.01,6.288791234295094e-28,6.2887912342950935e-24,1.6490825451648888e+16,0.5882356977769411,77235172071.86945,4.39466695064416e-30,3.354245021050356e-30,1.0939898153689049e-29,3.39817198965016e-33,1.386798324894571e-29,1.1684372410400936e-28,4.564183059057071e-34,3.689745499863065e-29,5.498375020569194e-33,4.42571797987224e-28
2371373.7056616554,0.01,6.3683907982097785e-28,6.3683907982097784e-24,1.7249634242220586e+16,0.588235665049383,75648895658.7537,3.992656714840002e-30,2.9697597754843206e-30,1.0239470636409661e-29,2.8954093641202987e-33,1.298010147441913e-29,1.158429521542049e-28,4.273041505186766e-34,3.658147317470558e-29,4.680791858571482e-33,4.5422466238554105e-28
2511886.4315095823,0.01,6.452121195292864e-28,6.4521211952928635e-24,1.803462442851365e+16,0.5882356351519176,74169371455.57986,3.6262756254380525e-30,2.628951208208598e-30,9.580333157463347e-30,2.4670129913415192e-33,1.2144557577837624e-29,1.1480815127626125e-28,4.002987233359159e-34,3.6254740552557225e-29,3.984553420958898e-33,4.661622582663847e-28
2660725.059798814,0.01,6.539950148116784e-28,6.539950148116783e-24,1.884669495842979e+16,0.5882356078131932,72787819351.89346,3.292479636550488e-30,2.3268854067728156e-30,8.960341298453921e-30,2.101971519965626e-33,1.1358633773058643e-29,1.1374090091934534e-28,3.752181924553136e-34,3.591775638677448e-29,3.391653617255458e-33,4.78392148547393e-28
2818382.931264455,0.01,6.631858616029242e-28,6.631858616029241e-24,1.9686766884627104e+16,0.5882355827915825,71496322120.18082,2.988474885554672e-30,2.0591866659076187e-30,8.37744083104606e-30,1.7909095772274303e-33,1.0619726510166466e-29,1.1264281127999482e-28,3.5189816779823524e-34,3.5571029588355353e-29,2.88676465891896e-33,4.909221622694953e-28
2985382.618917957,0.01,6.727839914053291e-28,6.727839914053291e-24,2.0555783057217424e+16,0.5882355598714516,70287726847.82729,2.7116977742679202e-30,1.821973456161064e-30,7.829665208228237e-30,1.525842997448943e-33,9.925343310154193e-30,1.1151551746152704e-28,3.3019130657404178e-34,3.521507688701105e-29,2.4568362035413866e-33,5.03760404437472e-28
3162277.660168379,0.01,6.827898928052656e-28,6.827898928052655e-24,2.1454707915285012e+16,0.5882355388599529,69155559110.66183,2.4597966308804486e-30,1.6118019727966454e-30,7.315133078281651e-30,1.2999711155335844e-33,9.273099625920108e-30,1.1036067370116378e-28,3.099652478285019e-34,3.485042101390593e-29,2.0907551757913676e-33,5.169152660907779e-28
3349654.3915782794,0.01,6.932051415635298e-28,6.932051415635297e-24,2.2384527372702412e+16,0.588235519584265,68093948063.82798,2.2306148195149335e-30,1.4256163199460708e-30,6.832045818494882e-30,1.1075004093858736e-33,8.660715726258203e-30,1.0917994769959882e-28,2.9110082671500094e-34,3.4477588915946526e-29,1.7790569176526645e-33,5.303954346056166e-28
3548133.8923357604,0.01,7.040323383668099e-28,7.040323383668099e-24,2.334624879377111e+16,0.5882355018892089,67097560910.54547,2.0221751770910623e-30,1.2607045110194392e-30,6.378685086539369e-30,9.434946791936425e-34,8.086013600551893e-30,1.0797501508533067e-28,2.7349052713664964e-34,3.4097110011949494e-29,1.5136797962633347e-33,5.442099042293254e-28
3758374.042884443,0.01,7.152750534473114e-28,7.152750534473113e-24,2.434090105435289e+16,0.5882354856351844,66161545446.193344,1.8326656685617174e-30,1.1146595743388619e-30,5.953410388230006e-30,8.037477079194772e-34,7.546913882841467e-30,1.0674755404345234e-28,2.5703713801995863e-34,3.3709514500167055e-29,1.2877566330543541e-33,5.58367986848241e-28
3981071.705534969,0.01,7.269377773800788e-28,7.269377773800788e-24,2.5369534684358884e+16,0.588235470696381,65281479572.697586,1.6604261617236518e-30,9.853451456351907e-31,5.5546566611329446e-30,6.846749811711697e-34,7.041432794819049e-30,1.0549924013576915e-28,2.416525839563769e-34,3.3315331725741525e-29,1.095437353517497e-33,5.728793229903387e-28
4216965.034285823,0.01,7.390258774554462e-28,7.390258774554462e-24,2.643322208769901e+16,0.5882354569592204,64453326843.41098,1.5039362318399761e-30,8.708650087439252e-31,5.1809318741465304e-30,5.8322157645408245e-34,6.567679108104123e-30,1.042317413361749e-28,2.272569054953498e-34,3.2915088615717724e-29,9.317381262650593e-34,5.877538930641108e-28
4466835.921509635,0.01,7.515455590994059e-28,7.515455590994058e-24,2.753305783605581e+16,0.5882354443209988,63673397237.21143,1.3618039143748062e-30,7.695361144979722e-31,4.830814643767029e-30,4.9678377864766646e-34,6.1238511268613996e-30,1.0294671330217492e-28,2.1377736815965666e-34,3.250930818827044e-29,7.924129907151144e-34,6.030020288353218e-28
4731512.589614812,0.01,7.645038318794637e-28,7.645038318794636e-24,2.8670159033115456e+16,0.5882354326887017,62938312477.01217,1.232755331348208e-30,6.798646670773619e-31,4.5029518682592024e-30,4.231423544463071e-34,5.708233692439117e-30,1.01645794900376e-28,2.011476824164914e-34,3.209850814182533e-29,6.738445876118475e-34,6.18634425143514e-28
5011872.336272725,0.01,7.779084796891974e-28,7.779084796891973e-24,2.9845665746160056e+16,0.5882354219779642,62244975306.05043,1.1156251232733533e-30,6.0052491831820615e-31,4.196056381382127e-30,3.604057350997532e-34,5.319195212229089e-30,1.0033060400068899e-28,1.8930731948616796e-34,3.168319952877316e-29,5.729511246226163e-34,6.3466215186035325e-28
5308844.442309879,0.01,7.917680347527033e-28,7.917680347527033e-24,3.106074150219433e+16,0.5882354121121588,61590542218.26844,1.0093476244265833e-30,5.303403548692204e-31,3.908904627674208e-30,3.0696162373686423e-34,4.955184715379186e-30,9.900273355096287e-29,1.782009100938948e-34,3.126388551751458e-29,4.871071461751158e-34,6.510966660921967e-28
5623413.251903491,0.01,8.060917551314417e-28,8.060917551314416e-24,3.2316573846039684e+16,0.5882354030215944,60972399209.36392,9.12948724403794e-31,4.682670015996499e-31,3.640334361581444e-30,2.6143576888413666e-34,4.614728938329034e-30,9.766374794081684e-29,1.6777771514182423e-34,3.0841060245635105e-29,4.140760455940562e-34,6.679498246295463e-28
5956621.435290109,0.01,8.208896054517165e-28,8.208896054517165e-24,3.3614374958081828e+16,0.588235394642807,60388140174.73441,8.255383636015542e-31,4.133785981415933e-31,3.389242372921792e-30,2.2265683617814172e-34,4.296429443391793e-30,9.631517966059988e-29,1.5799115885810406e-34,3.0415207766108895e-29,3.5195256936456325e-34,6.852338966463865e-28
6309573.444801942,0.01,8.36172240601927e-28,8.36172240601927e-24,3.4955382329601264e+16,0.5882353869179362,59835547631.302,7.463036144896118e-31,3.6485343460118614e-31,3.154582241321091e-30,1.8962647128945556e-34,3.998959773775306e-30,9.495852625870136e-29,1.4879841631588941e-34,2.9986801087572234e-29,2.9911382708083386e-34,7.029615766527515e-28
6683439.175686149,0.01,8.519509921755584e-28,8.519509921755583e-24,3.634085949384782e+16,0.5882353797941704,59312575483.49597,6.745023043657809e-31,3.2196265789885586e-31,2.9353621223366134e-30,1.6149378337679163e-34,3.7210626485297305e-30,9.359524759789994e-29,1.4016004834838523e-34,2.9556301308902576e-29,2.541775439289987e-34,7.211459977042492e-28
7079457.843841373,0.01,8.68237857459195e-28,8.68237857459195e-24,3.777209681124645e+16,0.5882353732232563,58817333590.672585,6.094571387511928e-31,2.840598824114388e-31,2.730642568008074e-30,1.3753359386438085e-34,3.4615472009316604e-30,9.222676340907317e-29,1.3203967784907917e-34,2.9124156847590125e-29,2.1596648175792674e-34,7.39800744872676e-28
7498942.093324558,0.01,8.850454907852038e-28,8.850454907852037e-24,3.9250412307335144e+16,0.5882353671610618,58348073924.945694,5.505502877344137e-31,2.5057195802561806e-31,2.5395343845485673e-30,1.1712789324188759e-34,3.2192862637743394e-30,9.08544511384243e-29,1.244037022667833e-34,2.8690802760702296e-29,1.8347811523610057e-34,7.5893986898228355e-28
7943282.347242821,0.01,9.023871970865656e-28,9.023871970865657e-24,4.077715256224497e+16,0.5882353615671869,57903178135.60507,4.9721840044261515e-31,2.209907657461555e-31,2.361196529815071e-30,9.975003165712355e-35,2.9932137049362653e-30,8.947964408242136e-29,1.1722103780556525e-34,2.8256660156619814e-29,1.5585878574444264e-34,7.785779006167291e-28
8413951.416451965,0.01,9.202769275070116e-28,9.202769275070116e-24,4.2353693650731496e+16,0.5882353564046168,57481146359.697464,4.4894801543806645e-31,1.9486592595323321e-31,2.1948340530855426e-30,8.495123960285873e-35,2.7823218164537192e-30,8.810362980288796e-29,1.104628914389494e-34,2.782213569516764e-29,1.3238167126776948e-34,7.987298644022232e-28
8912509.381337458,0.01,9.387292769334597e-28,9.387292769334597e-24,4.39814421319604e+16,0.5882353516394101,57080587138.50759,4.052713372360719e-31,1.7179831754463265e-31,2.0396960795233133e-30,7.234913492015369e-35,2.5856587601338357e-30,8.67276488131482e-29,1.041025573615604e-34,2.7387621173276515e-29,1.1242800877887526e-34,8.19411293572896e-28
9440608.762859225,0.01,9.577594833300441e-28,9.57759483330044e-24,4.566183608843733e+16,0.5882353472404214,56700208317.0862,3.6576235133983327e-31,1.5143431776539285e-31,1.8950738415347922e-30,6.161792327685995e-35,2.4023260725205287e-30,8.535289352479865e-29,9.811523494273873e-35,2.695349319289029e-29,9.547108911830134e-35,8.406382448249472e-28
10000000.0,0.01,9.773834287639999e-28,9.773834287639998e-24,4.739634621365085e+16,0.5882353431790504,56338808819.03376,3.3003325220954926e-31,1.334606827221364e-31,1.760298759029224e-30,5.248004260105275e-35,2.231476231773141e-30,8.398050744356238e-29,9.247786562651138e-35,2.652011290747993e-29,8.106261540192278e-35,8.624273134666999e-28
10592537.251772897,0.01,9.97617642023506e-28,9.97617642023506e-24,4.918647694817282e+16,0.5882353394290178,55995271201.79958,2.977311604454318e-31,1.1759999757540871e-31,1.6347405703743088e-30,4.469903881105468e-35,2.0723102887431648e-30,8.261158460176044e-29,8.716898654980958e-35,2.6087825843233676e-29,6.882107643016411e-35,8.847956488722719e-28
11220184.543019652,0.01,1.0184793027364873e-27,1.0184793027364872e-23,5.103376766412658e+16,0.5882353359661625,55668554909.08987,2.68535107183225e-31,1.0360663335140477e-31,1.517805515614024e-30,3.807349156289632e-35,1.9240755642443676e-30,8.124716921421415e-29,8.216859893370827e-35,2.565696179076455e-29,5.842183802627439e-35,9.07760970247187e-28
11885022.27437019,0.01,1.0399862469074343e-27,1.0399862469074343e-23,5.293979389809361e+16,0.5882353327682587,55357690146.834984,2.4215326529008508e-31,9.126315434417358e-32,1.4089345732794198e-30,3.243183545826443e-35,1.786063414211573e-30,7.988825554384851e-29,7.745804954718945e-35,2.5227834763003526e-29,4.958869904930704e-35,9.313415827148729e-28
12589254.11794166,0.01,1.0621569737966994e-27,1.0621569737966993e-23,5.490616863268227e+16,0.5882353298148505,55061772317.75398,2.1832040842046133e-31,8.037712630323678e-32,1.307601751883466e-30,2.7627944920137144e-35,1.6576070641382907e-30,7.853578796289927e-29,7.301992375499347e-35,2.480074301483067e-29,4.208669615547075e-35,9.555563937336591e-28
13335214.32163324,0.01,1.0850106540734833e-27,1.0850106540734832e-23,5.693454362712679e+16,0.5882353270871026,54779956957.04965,1.9679558035658698e-31,7.077828111714462e-32,1.2133124369511384e-30,2.3537370341535362e-35,1.538079513878259e-30,7.719066119541247e-29,6.883794884515142e-35,2.4375969119928212e-29,3.5715973189759457e-35,9.804249298545472e-28
14125375.446227554,0.01,1.1085671391800299e-27,1.1085671391800298e-23,5.902661079742174e+16,0.5882353245676641,54511455118.31941,1.7735995832564881e-31,6.23159985956075e-32,1.1256017941989205e-30,2.0054129647178044e-35,1.426891513594625e-30,7.585372072666216e-29,6.489690649171969e-35,2.39537801003192e-29,3.0306558201156635e-35,1.0059673538307393e-27
14962356.560944358,0.01,1.1328469718503607e-27,1.1328469718503607e-23,6.118410364662607e+16,0.5882353222405465,54255529164.50438,1.5981489516388326e-31,5.485707029537698e-32,1.0440332292466548e-30,1.7087973504352813e-35,1.3234896113466295e-30,7.452576336517242e-29,6.118255334740685e-35,2.3534427604074244e-29,2.5713914187694263e-35,1.0322044820906204e-27
15848931.924611142,0.01,1.157871397732335e-27,1.157871397732335e-23,6.340879874608853e+16,0.5882353200910105,54011488923.72992,1.4398012629402884e-31,4.8283714192465974e-32,9.681969040217807e-31,1.4562054439777258e-35,1.2273542725204396e-30,7.320753794321623e-29,5.76815488820468e-35,2.3118148126727286e-29,2.181514938541835e-35,1.0591578025866102e-27
16788040.18122559,0.01,1.1836623780669486e-27,1.1836623780669486e-23,6.570251726845767e+16,0.5882353181054643,53778688174.31073,1.2969212850310288e-31,4.249181243191201e-32,8.9770830980312e-31,1.2410940371039912e-35,1.1379980710404078e-30,7.189974614194412e-29,5.438138968864982e-35,2.270516327202966e-29,1.850578972198737e-35,1.0868494930330766e-27
17782794.100389227,0.01,1.2102426033835956e-27,1.2102426033835955e-23,6.806712657343873e+16,0.588235316271371,53556521427.08019,1.1680261845815585e-31,3.738934743547283e-32,8.32206896650515e-31,1.0578921805777394e-35,1.0549639520419331e-30,7.060304342767096e-29,5.127034957114772e-35,2.229568004779011e-29,1.5697030389933608e-35,1.1153024395472467e-27
18836490.89489802,0.01,1.2376355081745983e-27,1.2376355081745982e-23,7.050454184735154e+16,0.5882353145771642,53344420976.629135,1.051771797835374e-31,3.289501436066147e-32,7.713547587788055e-31,9.018569421433901e-36,9.778235654486219e-31,6.931804008629873e-29,4.833742480871416e-35,2.188989119268996e-29,1.3313395721296237e-35,1.144540255707848e-27
19952623.14968883,0.01,1.2658652865166433e-27,1.2658652865166433e-23,7.301672779762546e+16,0.5882353130121689,53141854196.06021,9.469400834889153e-32,2.893699031942888e-32,7.148353752608398e-31,7.689505102560671e-36,9.061756696758019e-31,6.804530234336282e-29,4.557228406222036e-35,2.1487975530123742e-29,1.12907469749164e-35,1.1745873020470155e-27
21134890.398366477,0.01,1.294956908610881e-27,1.2949569086108809e-23,7.560570040343731e+16,0.5882353115665324,52948321052.534645,8.524276618673418e-32,2.545184291507281e-32,6.623524052852219e-31,6.557354942341684e-36,8.396446044806006e-31,6.678535355775616e-29,4.296522245030393e-35,2.1090098345294017e-29,9.574586544622932e-36,1.2054687059917992e-27
22387211.385683376,0.01,1.324936138217394e-27,1.324936138217394e-23,7.8273528723764e+16,0.5882353102311586,52763351823.24897,7.672353517577627e-32,2.2383562571101477e-32,6.136285370504089e-31,5.592857347711416e-36,7.778788317958948e-31,6.553867547778526e-29,4.0507119376807614e-35,2.0696411781978765e-29,8.118614686147425e-36,1.2372103822724455e-27
23713737.056616552,0.01,1.3558295509634826e-27,1.3558295509634825e-23,8.102233676417347e+16,0.588235308997648,52586504993.57385,6.904586229460685e-32,1.96827048318924e-32,5.6840438924795415e-31,4.771103340109913e-36,7.205495432219263e-31,6.430570954884706e-29,3.818939973898157e-35,2.030705525558985e-29,6.883501334940546e-36,1.2698390538154449e-27
25118864.315095823,0.01,1.387664553508842e-27,1.387664553508842e-23,8.385430540372528e+16,0.5882353078582442,52417365320.942696,6.212788887305705e-32,1.7305630335100646e-32,5.264374639738592e-31,4.0708895163848835e-36,6.673493327049002e-31,6.308685826266724e-29,3.60039981876735e-35,1.9922155879346796e-29,5.835841109844349e-36,1.3033822731402122e-27
26607250.59798814,0.01,1.4204694035541367e-27,1.4204694035541365e-23,8.6771674383391e+16,0.5882353068057834,52255542049.72763,5.589555684845018e-32,1.5213831510303352e-32,4.875011498079814e-31,3.474167011700967e-36,6.179909328061924e-31,6.188248653870367e-29,3.39433261474992e-35,1.9541828900599533e-29,4.947264308447284e-36,1.3378684442791031e-27
28183829.31264455,0.01,1.4542732306827928e-27,1.4542732306827926e-23,8.977674435743568e+16,0.5882353058336482,52100667263.80847,5.02818855736881e-32,1.337333626541648e-32,4.5138377371680025e-31,2.9655722611422413e-36,5.722060128583745e-31,6.069292312898925e-29,3.200024133732819e-35,1.9166178144545304e-29,4.193680718019314e-36,1.3733268452413496e-27
29853826.189179573,0.01,1.4891060580289969e-27,1.489106058028997e-23,9.287187900922923e+16,0.5882353049357258,51952394364.84634,4.5226313226224516e-32,1.1754179998039968e-32,4.178877003639464e-31,2.5320274509266543e-36,5.297440372142608e-31,5.95184620383511e-29,3.0168019559885855e-35,1.8795296462794128e-29,3.554636492814847e-36,1.4097876510423658e-27
31622776.60168379,0.01,1.524998824767947e-27,1.5249988247679468e-23,9.605950723297576e+16,0.5882353041063685,51810396665.44048,4.067409733378537e-32,1.0329938227358846e-32,3.868284773551978e-31,2.1624003366418176e-36,4.903711817219362e-31,5.835936395260111e-29,2.8440328554353904e-35,1.8429266184445163e-29,3.0127672709609455e-36,1.4472819573207662e-27
33496543.915782794,0.01,1.5619834094273082e-27,1.561983409427308e-23,9.934212538286795e+16,0.5882353033403585,51674366087.386475,3.6575769366393907e-32,9.077312996235881e-33,3.5803402489929007e-31,1.8472146297623746e-36,4.538693065011543e-31,5.721585766793497e-29,2.6811203727958245e-35,1.8068159567538737e-29,2.553333196120423e-36,1.48584180456632e-27
35481338.923357606,0.01,1.6000926540216717e-27,1.6000926540216716e-23,1.0272229959118694e+17,0.5882353026328743,51544011956.185425,3.2886638746915765e-32,7.975766953978006e-33,3.313438683321919e-31,1.5784034534200678e-36,4.200349830536853e-31,5.608814151540171e-29,2.5275025602040136e-35,1.7712039248946282e-29,2.163823633799879e-36,1.5255002029829842e-27
37583740.42884443,0.01,1.6393603890144585e-27,1.6393603890144585e-23,1.0620266815687925e+17,0.5882353019794614,51419059883.78694,2.956634200589635e-32,7.007199708006004e-33,3.0660841192955653e-31,1.3490994768302267e-36,3.8867857371106846e-31,5.497638477490918e-29,2.3826498825328505e-35,1.7360958690950963e-29,1.833621183474547e-36,1.5662911580120243e-27
39810717.05534969,0.01,1.679821459114371e-27,1.679821459114371e-23,1.0978594400615355e+17,0.5882353013760032,51299250732.29422,2.6578433152750254e-32,6.1556616362738235e-33,2.8368825241904747e-31,1.1534562829861064e-36,3.5962336140665994e-31,5.388072907380995e-29,2.2460632622349795e-35,1.7014962622954353e-29,1.553716131644941e-36,1.6082496965411868e-27
42169650.342858225,0.01,1.7215117499159175e-27,1.7215117499159175e-23,1.1347491722664971e+17,0.588235300818696,51184339652.03033,2.389001165612165e-32,5.4071008897723004e-33,2.624535306003138e-31,9.864963301641564e-37,3.327047277538525e-31,5.280128976566441e-29,2.1172722558370933e-35,1.6674087476919222e-29,1.3164638068078808e-36,1.651411893826751e-27
44668359.21509635,0.01,1.764468215395975e-27,1.764468215395975e-23,1.1727245767674443e+17,0.5882353003040246,51074095187.96643,2.1471384723095623e-32,4.7491397929468585e-33,2.4278331948464356e-31,8.439815548824853e-37,3.0776937741769395e-31,5.173815728530215e-29,1.9958333514183462e-35,1.633836181532372e-29,1.1153784186462934e-36,1.6958149011562372e-27
47315125.89614812,0.01,1.808728906280652e-27,1.808728906280652e-23,1.2118151767157114e+17,0.5882352998287408,50968298449.053085,1.929576084146582e-32,4.170877275732696e-33,2.2456504737799e-31,7.223032496747434e-37,2.8467460678188455e-31,5.06913984767968e-29,1.8813283774591925e-35,1.600780675055851e-29,9.449579191393785e-37,1.7414969742804747e-27
50118723.36272725,0.01,1.854332999298903e-27,1.8543329992989032e-23,1.2520513474734374e+17,0.5882352993898429,50866742335.483315,1.7338971802915562e-32,3.662714349850795e-33,2.0769395434928002e-31,6.1838834827996525e-37,2.6328761493619165e-31,4.966105789143614e-29,1.7733630143829502e-35,1.5682436354845497e-29,8.005352371941791e-37,1.7884975026446295e-27
53088444.423098795,0.01,1.9013208273414916e-27,1.9013208273414915e-23,1.2934643450559709e+17,0.5882352989845571,50769230819.35593,1.5579220659138873e-32,3.216199979091935e-33,1.9207258054988398e-31,5.2961967632247235e-37,2.4348485503968573e-31,4.864715905320085e-29,1.6715654009432798e-35,1.536225805989324e-29,6.781519316487125e-37,1.836857039448744e-27
56234132.51903491,0.01,1.9497339105459302e-27,1.94973391054593e-23,1.3360863353897397e+17,0.5882352986103201,50675578274.602264,1.3996853278933886e-32,2.8238949930816522e-33,1.7761028487916738e-31,4.537680881190585e-37,2.2515142415198503e-31,4.7649705689672256e-29,1.5755848283492142e-35,1.504727304563258e-29,5.74450897886502e-37,1.886617332569255e-27
59566214.35290109,0.01,1.9996149883300293e-27,1.9996149883300293e-23,1.3799504244021853e+17,0.5882352982647634,50585608852.398766,1.2574151373379502e-32,2.4792519605163164e-33,1.64222792524361e-31,3.889347191666059e-37,2.0818048966691926e-31,4.6668682926661326e-29,1.485090515676361e-35,1.4737476617493307e-29,4.865852660123755e-37,1.9378213563739245e-27
63095734.44801943,0.01,2.051008052398536e-27,2.051008052398536e-23,1.4250906889606933e+17,0.5882352979456984,50499155898.61058,1.1295145039537583e-32,2.1765091747091374e-33,1.5183176993999147e-31,3.3350184703749674e-37,1.9247275052991347e-31,4.570405844519641e-29,1.399770460698118e-35,1.4432858571791995e-29,4.121410565215142e-37,1.990513344463516e-27
66834391.756861486,0.01,2.1039583807492203e-27,2.1039583807492202e-23,1.4715422086777792e+17,0.5882352976511023,50416061410.1042,1.014544304181126e-32,1.9105971147165036e-33,1.4036442587215787e-31,2.8609107758808073e-37,1.7793593147113758e-31,4.475578359982377e-29,1.3193303607929013e-35,1.4133403548900677e-29,3.4907152369644763e-37,2.04473882337453e-27
70794578.43841374,0.01,2.1585125727065112e-27,2.1585125727065112e-23,1.519341098600277e+17,0.5882352973791064,50336175527.0333,9.112079205177836e-33,1.6770559322151966e-33,1.2975313707543052e-31,2.4552776432200707e-37,1.644843085403256e-31,4.382379449746198e-29,1.2434925990495682e-35,1.3839091373957053e-29,2.9564142701359e-37,2.1005446472782438e-27
74989420.93324558,0.01,2.2147185850124704e-27,2.21471858501247e-23,1.5685245428007494e+17,0.5882352971279842,50259356058.44197,8.18337343698826e-33,1.4719626802479533e-33,1.199350974146103e-31,2.1081073135525392e-37,1.5203826428551622e-31,4.2908013036314445e-29,1.1719952911104744e-35,1.354989738495974e-29,2.5037973466929654e-37,2.1579790337122354e-27
79432823.47242822,0.01,2.2726257690066138e-27,2.2726257690066138e-23,1.6191308288898986e+17,0.5882352968961401,50185468038.74759,7.348806024803745e-33,1.291867147248092e-33,1.1085198908948667e-31,1.8108650889066967e-37,1.405238709761442e-31,4.2008347904579455e-29,1.1045913886652303e-35,1.3265792748166458e-29,2.120394877979754e-37,2.2170916003815904e-27
84139514.16451965,0.01,2.3322849089276104e-27,2.3322849089276102e-23,1.6711993834694394e+17,0.5882352966820998,50114383312.86583,6.598903977693687e-33,1.1337352904479032e-33,1.024496747676736e-31,1.556274079984962e-37,1.2987250033041224e-31,4.1124695538909583e-29,1.0410478358436382e-35,1.2986744760780034e-29,1.795637448944468e-37,2.2779334030678852e-27
89125093.8133746,0.01,2.3937482613715024e-27,2.3937482613715024e-23,1.7247708085455357e+17,0.5882352964845019,50045980147.91895,5.9251382883603184e-33,9.94899378702173e-34,9.467790945818324e-32,1.3381286186114606e-37,1.2002045826717938e-31,4.0256941042762385e-29,9.811447750577633e-36,1.2712717140967243e-29,1.520566883497035e-37,2.340556974685063e-27
94406087.62859225,0.01,2.457069595942582e-27,2.4570695959425817e-23,1.779886918923732e+17,0.5882352963020879,49980142869.63463,5.3198310941439885e-33,8.730140575520868e-34,8.749007100625335e-32,1.1511354607214507e-37,1.109086432632642e-31,3.940495906495114e-29,9.2467479911455e-36,1.2443670305308001e-29,1.2875911310816504e-37,2.405016365522281e-27
100000000.0,0.01,2.5223042371345295e-27,2.5223042371345294e-23,1.836590780607112e+17,0.5882352961336952,49916761521.691315,4.776071807113271e-33,7.6601764047402785e-34,8.084290813779196e-32,9.907786329436043e-38,1.024822269577113e-31,3.856861463885378e-29,8.714422466653432e-36,1.2179561633819769e-29,1.090276348724417e-37,2.471367184714785e-27
