q,n,Lambda_eV,G00,tau,zeta,h2,M_eV,min_mass_eV,max_mass_eV,condition_H,rH
2.0,2,1000000000000.0,0.23809523809523808,0.4,1.0,0.06575963718820861,487950036474.2666,845154254728.5166,1290994448735.8054,2.3333333333333335,5.469801359287743e+60
2.0,3,1000000000000.0,0.24705882352941178,0.19047619047619052,1.0,0.07709342560553634,497050121747.70844,732465862527.796,1390712765284.5964,3.6049571322036416,2.6046673139465445e+60
2.0,4,1000000000000.0,0.24926686217008798,0.09411764705882353,1.0,0.0812944505121215,499266323889.4528,663091095046.4985,1432821978255.12,4.669152706817991,1.2870120845382922e+60
2.0,5,1000000000000.0,0.24981684981684982,0.0469208211143695,1.0,0.08270230380120491,499816816260.5674,619429815350.4347,1454123516769.956,5.510847396259813,6.416189277756882e+59
2.0,6,1000000000000.0,0.24995422083867425,0.023443223443223454,1.0,0.08314511707444185,499954218742.75073,590734473928.4857,1466483886614.23,6.162684844116023,3.205744386395748e+59
2.0,7,1000000000000.0,0.24998855573357748,0.011719465299395718,1.0,0.08327865424018585,499988555602.6033,571056510908.2026,1474374449956.7012,6.665878867558422,1.6025786806190058e+59
2.0,8,1000000000000.0,0.2499971389661368,0.005859464408331428,1.0,0.08331775652792736,499997138957.95123,557049215073.8674,1479752533921.4514,7.056527712398245,8.012526596347348e+58
2.0,9,1000000000000.0,0.24999928474358057,0.002929698675913528,1.0,0.0833289623173338,499999284743.069,546756461708.3765,1483593683936.3877,7.36278472779258,4.0062174499538284e+58
2.0,10,1000000000000.0,0.24999982118602304,0.0014648451469851942,1.0,0.08333212137162131,499999821185.9911,538986844550.6214,1486435801930.778,7.605643832801833,2.0031029940314168e+58
2.0,11,1000000000000.0,0.24999995529651375,0.0007324220496230243,1.0,0.08333300054069219,499999955296.5118,532986043827.14185,1488598478452.3425,7.800518425669877,1.0015507806500831e+58
2.0,12,1000000000000.0,0.24999998882412894,0.00036621095932787436,1.0,0.08333324268459995,499999988824.12885,528259566973.5428,1490282428985.2627,7.958705231076755,5.007753007794188e+57
2.0,13,1000000000000.0,0.24999999720603228,0.00018310547147848427,1.0,0.08333330880850535,499999997206.0323,524473149688.33844,1491619216595.28,8.088526647067544,2.5038763919650903e+57
2.0,14,1000000000000.0,0.24999999930150807,9.155273471606055e-05,1.0,0.0833333267364651,499999999301.50806,521394666741.66077,1492698092217.0542,8.196166768247032,1.2519381819910452e+57
2.0,15,1000000000000.0,0.24999999982537702,4.5776367230132584e-05,1.0,0.08333333156770097,499999999825.377,518859055436.75854,1493581359968.3965,8.286267867316118,6.259690892465852e+56
2.0,16,1000000000000.0,0.24999999995634425,2.288818359907908e-05,1.0,0.08333333286282142,499999999956.34424,516746456465.3241,1494313588004.1958,8.362352620805535,3.1298454440467543e+56
2.0,17,1000000000000.0,0.24999999998908606,1.1444091797541137e-05,1.0,0.08333333320842941,499999999989.08606,514968199965.99286,1494927340346.2278,8.427123260187493,1.5649227217501052e+56
2.0,18,1000000000000.0,0.24999999999727152,5.722045898520768e-06,1.0,0.08333333330028837,499999999997.27155,513457589869.3099,1495446857423.6648,8.482674706964147,7.824613608408938e+55
2.0,19,1000000000000.0,0.24999999999931788,2.8610229492291583e-06,1.0,0.08333333332461736,499999999999.3179,512163703716.0545,1495890484156.187,8.530647648953343,3.912306804161769e+55
2.0,20,1000000000000.0,0.24999999999982947,1.430511474610676e-06,1.0,0.08333333333104066,499999999999.82947,511047134591.9996,1496272310184.079,8.572339506480219,1.9561534020755472e+55
2.0,21,1000000000000.0,0.24999999999995737,7.1525573730485e-07,1.0,0.08333333333273175,499999999999.9574,510077011949.19867,1496603301439.814,8.608785666557148,9.780767010371062e+54
2.0,22,1000000000000.0,0.24999999999998934,3.57627868652364e-07,1.0,0.08333333333317584,499999999999.9893,509228881706.1127,1496892095655.6072,8.640819545979017,4.8903835051846974e+54
2.0,23,1000000000000.0,0.24999999999999734,1.7881393432617436e-07,1.0,0.0833333333332922,499999999999.9973,508483174378.64825,1497145571203.3438,8.66911743964376,2.445191752592244e+54
2.0,24,1000000000000.0,0.24999999999999933,8.940696716308639e-08,1.0,0.08333333333332262,499999999999.9993,507824082419.80945,1497369260174.1467,8.694232330198169,1.222595876296111e+54
2.0,25,1000000000000.0,0.24999999999999983,4.470348358154299e-08,1.0,0.08333333333333055,499999999999.9998,507238726737.1705,1497567652594.7173,8.716619612262699,6.112979381480527e+53
2.0,26,1000000000000.0,0.24999999999999994,2.235174179077152e-08,1.0,0.08333333333333261,499999999999.99994,506716530476.41626,1497744423372.0059,8.736656838669804,3.0564896907402675e+53
2.0,27,1000000000000.0,0.25,1.1175870895385736e-08,1.0,0.08333333333333315,500000000000.0,506248743313.7561,1497902603607.2048,8.754659006418597,1.5282448453701303e+53
2.0,28,1000000000000.0,0.25,5.587935447692878e-09,1.0,0.08333333333333329,500000000000.0,505828076371.449,1498044711333.5303,8.770890485339518,7.641224226850665e+52
2.0,29,1000000000000.0,0.25,2.7939677238464335e-09,1.0,0.08333333333333333,500000000000.0,505448419358.2236,1498172852299.8518,8.785574398259161,3.8206121134253253e+52
2.0,30,1000000000000.0,0.25,1.396983861923219e-09,1.0,0.08333333333333334,500000000000.0,505104619468.1899,1498288798393.6526,8.798900050894865,1.9103060567126658e+52
2.0,31,1000000000000.0,0.25,6.984919309616082e-10,1.0,0.08333333333333334,500000000000.0,504792307120.2681,1498394049198.0728,8.811028857692978,9.551530283563309e+51
2.0,32,1000000000000.0,0.25,3.4924596548080465e-10,1.0,0.08333333333333334,500000000000.0,504507757548.79675,1498489880704.2659,8.822099099137086,4.7757651417816626e+51
2.0,33,1000000000000.0,0.25,1.7462298274040264e-10,1.0,0.08333333333333334,500000000000.0,504247780069.44714,1498577384153.0623,8.83222976478682,2.387882570890836e+51
2.0,34,1000000000000.0,0.25,8.731149137020116e-11,1.0,0.08333333333333334,500000000000.0,504009628880.9977,1498657497227.1814,8.841523676163488,1.1939412854454156e+51
2.0,35,1000000000000.0,0.25,4.365574568510065e-11,1.0,0.08333333333333334,500000000000.0,503790930752.2859,1498731029268.3425,8.850070038740562,5.969706427227089e+50
2.0,36,1000000000000.0,0.25,2.1827872842550287e-11,1.0,0.08333333333333334,500000000000.0,503589626042.3496,1498798681792.3635,8.85794653859027,2.9848532136135387e+50
2.0,37,1000000000000.0,0.25,1.0913936421275161e-11,1.0,0.08333333333333334,500000000000.0,503403920319.7866,1498861065278.1228,8.865221073727739,1.4924266068067718e+50
2.0,38,1000000000000.0,0.25,5.456968210637571e-12,1.0,0.08333333333333334,500000000000.0,503232244461.5308,1498918712984.1997,8.87195319075551,7.462133034033846e+49
2.0,39,1000000000000.0,0.25,2.7284841053187904e-12,1.0,0.08333333333333334,500000000000.0,503073221576.0167,1498972092379.684,8.878195282500249,3.7310665170169296e+49
2.0,40,1000000000000.0,0.25,1.3642420526593924e-12,1.0,0.08333333333333334,500000000000.0,502925639450.06775,1499021614648.6147,8.883993590823554,1.865533258508461e+49
2.0,41,1000000000000.0,0.25,6.821210263296974e-13,1.0,0.08333333333333334,500000000000.0,502788427490.94763,1499067642630.3052,8.889389049849616,9.327666292542321e+48
2.0,42,1000000000000.0,0.25,3.4106051316484804e-13,1.0,0.08333333333333334,500000000000.0,502660637345.3648,1499110497482.9412,8.894417997869736,4.6638331462711516e+48
2.0,43,1000000000000.0,0.25,1.705302565824243e-13,1.0,0.08333333333333334,500000000000.0,502541426540.8837,1499150464299.7827,8.899112780698424,2.3319165731355797e+48
2.0,44,1000000000000.0,0.25,8.5265128291212e-14,1.0,0.08333333333333334,500000000000.0,502430044623.30457,1499187796861.9622,8.903502264923715,1.1659582865677877e+48
2.0,45,1000000000000.0,0.25,4.263256414560607e-14,1.0,0.08333333333333334,500000000000.0,502325821364.4416,1499222721676.3157,8.907612276055469,5.8297914328389484e+47
2.0,46,1000000000000.0,0.25,2.1316282072802996e-14,1.0,0.08333333333333334,500000000000.0,502228156694.5912,1499255441418.5574,8.911465973831785,2.914895716419469e+47
2.0,47,1000000000000.0,0.25,1.0658141036401478e-14,1.0,0.08333333333333334,500000000000.0,502136512077.53906,1499286137879.8257,8.915084174744656,1.4574478582097318e+47
2.0,48,1000000000000.0,0.25,5.329070518200767e-15,1.0,0.08333333333333334,500000000000.0,502050403096.80426,1499314974496.7988,8.918485630075052,7.287239291048698e+46
2.0,49,1000000000000.0,0.25,2.664535259100379e-15,1.0,0.08333333333333334,500000000000.0,501969393062.69305,1499342098531.3098,8.921687266295358,3.6436196455243423e+46
2.0,50,1000000000000.0,0.25,1.3322676295501867e-15,1.0,0.08333333333333334,500000000000.0,501893087482.73865,1499367642953.87,8.92470439353381,1.821809822762167e+46
2.0,51,1000000000000.0,0.25,6.661338147750969e-16,1.0,0.08333333333333334,500000000000.0,501821129264.8831,1499391728076.1948,8.927550886846769,9.109049113810885e+45
2.0,52,1000000000000.0,0.25,3.3306690738754775e-16,1.0,0.08333333333333334,500000000000.0,501753194544.56744,1499414462970.236,8.930239344267909,4.5545245569054335e+45
2.0,53,1000000000000.0,0.25,1.6653345369377358e-16,1.0,0.08333333333333334,500000000000.0,501688989044.7386,1499435946705.0496,8.93278122496496,2.2772622784527123e+45
2.0,54,1000000000000.0,0.25,8.326672684688664e-17,1.0,0.08333333333333334,500000000000.0,501628244892.43463,1499456269427.7334,8.935186970308065,1.1386311392263543e+45
2.0,55,1000000000000.0,0.25,4.1633363423443537e-17,1.0,0.08333333333333334,500000000000.0,501570717827.68915,1499475513310.5098,8.937466110217796,5.693155696131801e+44
2.0,56,1000000000000.0,0.25,2.081668171172173e-17,1.0,0.08333333333333334,500000000000.0,501516184750.4862,1499493753382.5593,8.939627356798958,2.8465778480658956e+44
2.0,57,1000000000000.0,0.25,1.0408340855860846e-17,1.0,0.08333333333333334,500000000000.0,501464441559.79407,1499511058262.367,8.941678686964481,1.4232889240329448e+44
2.0,58,1000000000000.0,0.25,5.2041704279304136e-18,1.0,0.08333333333333334,500000000000.0,501415301245.6222,1499527490803.9404,8.943627415501366,7.116444620164712e+43
2.0,59,1000000000000.0,0.25,2.6020852139652207e-18,1.0,0.08333333333333334,500000000000.0,501368592200.8141,1499543108668.295,8.945480259819382,3.558222310082375e+43
2.0,60,1000000000000.0,0.25,1.3010426069826076e-18,1.0,0.08333333333333334,500000000000.0,501324156724.13947,1499557964829.9128,8.9472433974451,1.7791111550411837e+43
2.0,61,1000000000000.0,0.25,6.505213034913027e-19,1.0,0.08333333333333334,500000000000.0,501281849690.31866,1499572108026.504,8.948922517173822,8.895555775205903e+42
2.0,62,1000000000000.0,0.25,3.252606517456507e-19,1.0,0.08333333333333334,500000000000.0,501241537366.0464,1499585583159.2017,8.950522864665226,4.447777887602943e+42
2.0,63,1000000000000.0,0.25,1.626303258728262e-19,1.0,0.08333333333333334,500000000000.0,501203096353.9906,1499598431649.344,8.952049283160603,2.223888943801483e+42
2.0,64,1000000000000.0,0.25,8.131516293641295e-20,1.0,0.08333333333333334,500000000000.0,501166412649.20514,1499610691757.1394,8.95350624990835,1.1119444719007395e+42
2.0,65,1000000000000.0,0.25,4.0657581468206404e-20,1.0,0.08333333333333334,500000000000.0,501131380794.4899,1499622398866.7974,8.954897908806158,5.5597223595036876e+41
2.0,66,1000000000000.0,0.25,2.0328790734103307e-20,1.0,0.08333333333333334,500000000000.0,501097903123.02094,1499633585742.101,8.956228099701677,2.779861179751858e+41
2.0,67,1000000000000.0,0.25,1.0164395367051634e-20,1.0,0.08333333333333334,500000000000.0,501065889078.10077,1499644282755.8716,8.9575003847364,1.3899305898759265e+41
2.0,68,1000000000000.0,0.25,5.082197683525808e-21,1.0,0.08333333333333334,500000000000.0,501035254601.18317,1499654518096.3271,8.95871807206842,6.94965294937962e+40
2.0,69,1000000000000.0,0.25,2.541098841762899e-21,1.0,0.08333333333333334,500000000000.0,501005921580.4593,1499664317952.9595,8.959884237267453,3.4748264746898033e+40
2.0,70,1000000000000.0,0.25,1.2705494208814562e-21,1.0,0.08333333333333334,500000000000.0,500977817353.25006,1499673706684.215,8.961001742639231,1.7374132373449106e+40
2.0,71,1000000000000.0,0.25,6.352747104407269e-22,1.0,0.08333333333333334,500000000000.0,500950874256.2909,1499682706968.9968,8.962073254704881,8.687066186724538e+39
2.0,72,1000000000000.0,0.25,3.176373552203629e-22,1.0,0.08333333333333334,500000000000.0,500925029218.71454,1499691339943.7332,8.963101260033527,4.3435330933622614e+39
2.0,73,1000000000000.0,0.25,1.5881867761018113e-22,1.0,0.08333333333333334,500000000000.0,500900223393.1609,1499699625326.579,8.964088079602991,2.171766546681126e+39
2.0,74,1000000000000.0,0.25,7.940933880509099e-23,1.0,0.08333333333333334,500000000000.0,500876401820.9898,1499707581530.0989,8.965035881842606,1.0858832733405688e+39
2.0,75,1000000000000.0,0.25,3.9704669402545417e-23,1.0,0.08333333333333334,500000000000.0,500853513128.03925,1499715225763.645,8.965946694494491,5.429416366702834e+38
2.0,76,1000000000000.0,0.25,1.9852334701272673e-23,1.0,0.08333333333333334,500000000000.0,500831509247.78796,1499722574126.4893,8.966822415413866,2.714708183351412e+38
2.0,77,1000000000000.0,0.25,9.926167350636317e-24,1.0,0.08333333333333334,500000000000.0,500810345169.13727,1499729641692.6519,8.967664822415358,1.3573540916757035e+38
2.0,78,1000000000000.0,0.25,4.963083675318185e-24,1.0,0.08333333333333334,500000000000.0,500789978706.3417,1499736442588.2642,8.968475582260364,6.786770458378553e+37
2.0,79,1000000000000.0,0.25,2.481541837659088e-24,1.0,0.08333333333333334,500000000000.0,500770370288.895,1499742990062.205,8.96925625886986,3.3933852291892705e+37
2.0,80,1000000000000.0,0.25,1.2407709188295415e-24,1.0,0.08333333333333334,500000000000.0,500751482769.4173,1499749296550.6702,8.970008320838033,1.6966926145946317e+37
2.0,81,1000000000000.0,0.25,6.203854594147741e-25,1.0,0.08333333333333334,500000000000.0,500733281247.8016,1499755373736.267,8.970733148313801,8.483463072973205e+36
2.0,82,1000000000000.0,0.25,3.101927297073865e-25,1.0,0.08333333333333334,500000000000.0,500715732910.07,1499761232602.1536,8.971432039310264,4.241731536486594e+36
2.0,83,1000000000000.0,0.25,1.5509636485369292e-25,1.0,0.08333333333333334,500000000000.0,500698806880.5452,1499766883481.6958,8.972106215495689,2.120865768243293e+36
2.0,84,1000000000000.0,0.25,7.754818242684632e-26,1.0,0.08333333333333334,500000000000.0,500682474086.0989,1499772336104.0579,8.972756827514202,1.0604328841216445e+36
2.0,85,1000000000000.0,0.25,3.877409121342336e-26,1.0,0.08333333333333334,500000000000.0,500666707131.36163,1499777599636.1057,8.973384959879146,5.30216442060825e+35
2.0,86,1000000000000.0,0.25,1.9387045606711646e-26,1.0,0.08333333333333334,500000000000.0,500651480183.89307,1499782682720.959,8.973991635478033,2.6510822103041205e+35
2.0,87,1000000000000.0,0.25,9.693522803355806e-27,1.0,0.08333333333333334,500000000000.0,500636768868.41656,1499787593513.4922,8.974577819723727,1.3255411051520579e+35
2.0,88,1000000000000.0,0.25,4.846761401677894e-27,1.0,0.08333333333333334,500000000000.0,500622550169.3085,1499792339713.0613,8.975144424383336,6.627705525760276e+34
2.0,89,1000000000000.0,0.25,2.4233807008389597e-27,1.0,0.08333333333333334,500000000000.0,500608802340.6143,1499796928593.7,8.975692311113024,3.3138527628801557e+34
2.0,90,1000000000000.0,0.25,1.2116903504194774e-27,1.0,0.08333333333333334,500000000000.0,500595504822.9355,1499801367032.005,8.976222294724266,1.6569263814400746e+34
2.0,91,1000000000000.0,0.25,6.058451752097376e-28,1.0,0.08333333333333334,500000000000.0,500582638166.5928,1499805661532.9114,8.976735146204629,8.284631907200358e+33
2.0,92,1000000000000.0,0.25,3.029225876048682e-28,1.0,0.08333333333333334,500000000000.0,500570183960.5331,1499809818253.5405,8.977231595513821,4.1423159536001704e+33
2.0,93,1000000000000.0,0.25,1.5146129380243382e-28,1.0,0.08333333333333334,500000000000.0,500558124766.4904,1499813843025.2783,8.977712334174045,2.0711579768000815e+33
2.0,94,1000000000000.0,0.25,7.573064690121677e-29,1.0,0.08333333333333334,500000000000.0,500546444057.96545,1499817741374.24,8.97817801767162,1.0355789884000389e+33
2.0,95,1000000000000.0,0.25,3.786532345060885e-29,1.0,0.08333333333333334,500000000000.0,500535126163.6233,1499821518540.2449,8.978629267685509,5.1778949420002584e+32
2.0,96,1000000000000.0,0.25,1.8932661725304393e-29,1.0,0.08333333333333334,500000000000.0,500524156214.7477,1499825179494.4353,8.979066674156808,2.5889474710001245e+32
2.0,97,1000000000000.0,0.25,9.46633086265218e-30,1.0,0.08333333333333334,500000000000.0,500513520096.42267,1499828728955.639,8.979490797212032,1.29447373550006e+32
2.0,98,1000000000000.0,0.25,4.7331654313260806e-30,1.0,0.08333333333333334,500000000000.0,500503204402.1446,1499832171405.5828,8.979902168951893,6.472368677500287e+31
2.0,99,1000000000000.0,0.25,2.366582715663036e-30,1.0,0.08333333333333334,500000000000.0,500493196391.5877,1499835511103.045,8.980301295116199,3.2361843387501376e+31
2.0,100,1000000000000.0,0.25,1.1832913578315158e-30,1.0,0.08333333333333334,500000000000.0,500483483951.2807,1499838752097.034,8.980688656634527,1.618092169375066e+31
2.0,101,1000000000000.0,0.25,5.9164567891575675e-31,1.0,0.08333333333333334,500000000000.0,500474055557.9621,1499841898239.0664,8.981064711071678,8.090460846875314e+30
2.0,102,1000000000000.0,0.25,2.9582283945788205e-31,1.0,0.08333333333333334,500000000000.0,500464900244.41125,1499844953194.6133,8.981429893975772,4.045230423437707e+30
2.0,103,1000000000000.0,0.25,1.4791141972894072e-31,1.0,0.08333333333333334,500000000000.0,500456007567.56494,1499847920453.7815,8.981784620136628,2.0226152117188495e+30
2.0,104,1000000000000.0,0.25,7.395570986447023e-32,1.0,0.08333333333333334,500000000000.0,500447367578.7462,1499850803341.2866,8.98212928476098,1.0113076058594228e+30
2.0,105,1000000000000.0,0.25,3.6977854932235043e-32,1.0,0.08333333333333334,500000000000.0,500438970795.84607,1499853605025.7688,8.982464264570941,5.056538029297105e+29
2.0,106,1000000000000.0,0.25,1.848892746611749e-32,1.0,0.08333333333333334,500000000000.0,500430808177.316,1499856328528.5022,8.982789918831203,2.528269014648548e+29
2.0,107,1000000000000.0,0.25,9.244463733058727e-33,1.0,0.08333333333333334,500000000000.0,500422871097.834,1499858976731.5461,8.983106590310348,1.2641345073242715e+29
2.0,108,1000000000000.0,0.25,4.622231866529355e-33,1.0,0.08333333333333334,500000000000.0,500415151325.5257,1499861552385.3699,8.983414606180972,6.320672536621347e+28
2.0,109,1000000000000.0,0.25,2.3111159332646734e-33,1.0,0.08333333333333334,500000000000.0,500407641000.6254,1499864058115.9978,8.983714278863081,3.160336268310667e+28
2.0,110,1000000000000.0,0.25,1.1555579666323507e-33,1.0,0.08333333333333334,500000000000.0,500400332615.47534,1499866496431.7063,8.984005906814744,1.5801681341553527e+28
2.0,111,1000000000000.0,0.25,5.7777898331617435e-34,1.0,0.08333333333333334,500000000000.0,500393218995.7685,1499868869729.3018,8.98428977527381,7.90084067077675e+27
2.0,112,1000000000000.0,0.25,2.8888949165808666e-34,1.0,0.08333333333333334,500000000000.0,500386293282.9455,1499871180300.0132,8.984566156954063,3.950420335388368e+27
2.0,113,1000000000000.0,0.25,1.4444474582904303e-34,1.0,0.08333333333333334,500000000000.0,500379548917.66766,1499873430335.024,8.984835312699005,1.9752101676941802e+27
2.0,114,1000000000000.0,0.25,7.222237291452139e-35,1.0,0.08333333333333334,500000000000.0,500372979624.2892,1499875621930.6687,8.985097492096202,9.876050838470882e+26
2.0,115,1000000000000.0,0.25,3.611118645726063e-35,1.0,0.08333333333333334,500000000000.0,500366579396.26227,1499877757093.3186,8.985352934054841,4.9380254192354326e+26
2.0,116,1000000000000.0,0.25,1.805559322863028e-35,1.0,0.08333333333333334,500000000000.0,500360342482.41003,1499879837743.9727,8.985601867349061,2.4690127096177115e+26
2.0,117,1000000000000.0,0.25,9.027796614315252e-36,1.0,0.08333333333333334,500000000000.0,500354263374.0092,1499881865722.5815,8.985844511129295,1.234506354808871e+26
2.0,118,1000000000000.0,0.25,4.5138983071576174e-36,1.0,0.08333333333333334,500000000000.0,500348336792.63,1499883842792.1172,8.986081075403764,6.172531774044344e+25
2.0,119,1000000000000.0,0.25,2.2569491535788047e-36,1.0,0.08333333333333334,500000000000.0,500342557678.6795,1499885770642.4036,8.986311761492152,3.0862658870221664e+25
2.0,120,1000000000000.0,0.25,1.1284745767894004e-36,1.0,0.08333333333333334,500000000000.0,500336921180.6057,1499887650893.7302,8.986536762453218,1.5431329435110804e+25
2.0,121,1000000000000.0,0.25,5.64237288394699e-37,1.0,0.08333333333333334,500000000000.0,500331422644.7175,1499889485100.2566,8.986756263488065,7.715664717555386e+24
2.0,122,1000000000000.0,0.25,2.8211864419734896e-37,1.0,0.08333333333333334,500000000000.0,500326057605.5815,1499891274753.2258,8.986970442320645,3.8578323587776855e+24
2.0,123,1000000000000.0,0.25,1.4105932209867423e-37,1.0,0.08333333333333334,500000000000.0,500320821776.9569,1499893021283.9949,8.98717946955695,1.9289161793888395e+24
2.0,124,1000000000000.0,0.25,7.052966104933698e-38,1.0,0.08333333333333334,500000000000.0,500315711043.23724,1499894726066.8997,8.987383509024227,9.644580896944179e+23
2.0,125,1000000000000.0,0.25,3.526483052466893e-38,1.0,0.08333333333333334,500000000000.0,500310721451.36346,1499896390421.957,8.987582718091522,4.822290448472149e+23
2.0,126,1000000000000.0,0.25,1.763241526233443e-38,1.0,0.08333333333333334,500000000000.0,500305849203.18176,1499898015617.4229,8.987777247972646,2.41114522423607e+23
2.0,127,1000000000000.0,0.25,8.8162076311672e-39,1.0,0.08333333333333334,500000000000.0,500301090648.2173,1499899602872.207,8.987967244012715,1.2055726121180328e+23
2.0,128,1000000000000.0,0.25,4.408103815583591e-39,1.0,0.08333333333333334,500000000000.0,500296442276.8371,1499901153358.1604,8.988152845959265,6.027863060590153e+22
2.0,129,1000000000000.0,0.25,2.2040519077917917e-39,1.0,0.08333333333333334,500000000000.0,500291900713.7804,1499902668202.238,8.98833418821885,3.013931530295071e+22
2.0,130,1000000000000.0,0.25,1.1020259538958937e-39,1.0,0.08333333333333334,500000000000.0,500287462712.0324,1499904148488.548,8.988511400100045,1.5069657651475326e+22
2.0,131,1000000000000.0,0.25,5.510129769479458e-40,1.0,0.08333333333333334,500000000000.0,500283125147.022,1499905595260.2915,8.988684606043638,7.534828825737648e+21
2.0,132,1000000000000.0,0.25,2.7550648847397633e-40,1.0,0.08333333333333334,500000000000.0,500278885011.12317,1499907009521.5994,8.988853925840786,3.7674144128688707e+21
2.0,133,1000000000000.0,0.25,1.3775324423698788e-40,1.0,0.08333333333333334,500000000000.0,500274739408.4416,1499908392239.278,8.989019474839901,1.8837072064344317e+21
2.0,134,1000000000000.0,0.25,6.887662211849382e-41,1.0,0.08333333333333334,500000000000.0,500270685549.8714,1499909744344.4592,8.989181364142807,9.418536032172141e+20
2.0,135,1000000000000.0,0.25,3.4438311059246847e-41,1.0,0.08333333333333334,500000000000.0,500266720748.40515,1499911066734.1704,8.989339700790916,4.709268016086062e+20
2.0,136,1000000000000.0,0.25,1.721915552962339e-41,1.0,0.08333333333333334,500000000000.0,500262842414.6811,1499912360272.8208,8.989494587941962,2.354634008043027e+20
2.0,137,1000000000000.0,0.25,8.60957776481168e-42,1.0,0.08333333333333334,500000000000.0,500259048052.7572,1499913625793.6152,8.98964612503778,1.1773170040215111e+20
2.0,138,1000000000000.0,0.25,4.3047888824058317e-42,1.0,0.08333333333333334,500000000000.0,500255335256.0952,1499914864099.897,8.989794407963757,5.886585020107545e+19
2.0,139,1000000000000.0,0.25,2.152394441202912e-42,1.0,0.08333333333333334,500000000000.0,500251701703.7458,1499916075966.4211,8.9899395292003,2.943292510053767e+19
2.0,140,1000000000000.0,0.25,1.0761972206014694e-42,1.0,0.08333333333333334,500000000000.0,500248145156.7221,1499917262140.5686,8.990081577966869,1.4716462550269018e+19
2.0,141,1000000000000.0,0.25,5.380986103007336e-43,1.0,0.08333333333333334,500000000000.0,500244663454.55096,1499918423343.4976,8.99022064035895,7.358231275134495e+18
2.0,142,1000000000000.0,0.25,2.690493051503663e-43,1.0,0.08333333333333334,500000000000.0,500241254511.9923,1499919560271.2395,8.990356799478349,3.6791156375672407e+18
2.0,143,1000000000000.0,0.25,1.3452465257518288e-43,1.0,0.08333333333333334,500000000000.0,500237916315.91754,1499920673595.7437,8.99049013555721,1.8395578187836165e+18
2.0,144,1000000000000.0,0.25,6.726232628759132e-44,1.0,0.08333333333333334,500000000000.0,500234646922.33765,1499921763965.8691,8.990620726076065,9.197789093918066e+17
2.0,145,1000000000000.0,0.25,3.36311631437956e-44,1.0,0.08333333333333334,500000000000.0,500231444453.57404,1499922832008.3306,8.990748645876288,4.5988945469590246e+17
2.0,146,1000000000000.0,0.25,1.6815581571897768e-44,1.0,0.08333333333333334,500000000000.0,500228307095.5621,1499923878328.5999,8.990873967267175,2.2994472734795082e+17
2.0,147,1000000000000.0,0.25,8.407790785948988e-45,1.0,0.08333333333333334,500000000000.0,500225233095.2833,1499924903511.7625,8.990996760128048,1.1497236367397683e+17
2.0,148,1000000000000.0,0.25,4.203895392974486e-45,1.0,0.08333333333333334,500000000000.0,500222220758.31647,1499925908123.3374,8.99111709200555,5.7486181836988296e+16
2.0,149,1000000000000.0,0.25,2.1019476964872393e-45,1.0,0.08333333333333334,500000000000.0,500219268446.50287,1499926892710.0566,8.991235028206447,2.87430909184941e+16
2.0,150,1000000000000.0,0.25,1.0509738482436178e-45,1.0,0.08333333333333334,500000000000.0,500216374575.72,1499927857800.6086,8.991350631886123,1.4371545459247024e+16
2.0,151,1000000000000.0,0.25,5.254869241218078e-46,1.0,0.08333333333333334,500000000000.0,500213537613.75653,1499928803906.349,8.991463964133075,7185772729623498.0
2.0,152,1000000000000.0,0.25,2.6274346206090343e-46,1.0,0.08333333333333334,500000000000.0,500210756078.2841,1499929731521.9775,8.991575084049511,3592886364811742.5
2.0,153,1000000000000.0,0.25,1.3137173103045146e-46,1.0,0.08333333333333334,500000000000.0,500208028534.9222,1499930641126.1843,8.991684048828334,1796443182405867.5
2.0,154,1000000000000.0,0.25,6.568586551522561e-47,1.0,0.08333333333333334,500000000000.0,500205353595.388,1499931533182.269,8.991790913826668,898221591202932.1
2.0,155,1000000000000.0,0.25,3.284293275761321e-47,1.0,0.08333333333333334,500000000000.0,500202729915.73114,1499932408138.7302,8.991895732636086,449110795601471.6
2.0,156,1000000000000.0,0.25,1.6421466378806574e-47,1.0,0.08333333333333334,500000000000.0,500200156194.6452,1499933266429.8276,8.991998557149746,224555397800735.4
2.0,157,1000000000000.0,0.25,8.210733189403272e-48,1.0,0.08333333333333334,500000000000.0,500197631171.8544,1499934108476.1243,8.992099437626544,112277698900367.5
2.0,158,1000000000000.0,0.25,4.105366594701629e-48,1.0,0.08333333333333334,500000000000.0,500195153626.57117,1499934934684.9985,8.992198422752494,56138849450183.65
2.0,159,1000000000000.0,0.25,2.0526832973508105e-48,1.0,0.08333333333333334,500000000000.0,500192722376.021,1499935745451.1392,8.992295559699388,28069424725091.77
2.0,160,1000000000000.0,0.25,1.0263416486754034e-48,1.0,0.08333333333333334,500000000000.0,500190336274.0301,1499936541157.016,8.992390894180955,14034712362545.86
2.0,161,1000000000000.0,0.25,5.131708243377007e-49,1.0,0.08333333333333334,500000000000.0,500187994209.67566,1499937322173.3306,8.992484470506618,7017356181272.917
2.0,162,1000000000000.0,0.25,2.565854121688535e-49,1.0,0.08333333333333334,500000000000.0,500185695105.99274,1499938088859.4485,8.992576331632883,3508678090636.5015
2.0,163,1000000000000.0,0.25,1.2829270608442653e-49,1.0,0.08333333333333334,500000000000.0,500183437918.73566,1499938841563.8132,8.992666519212657,1754339045318.2476
2.0,164,1000000000000.0,0.25,6.414635304221313e-50,1.0,0.08333333333333334,500000000000.0,500181221635.1932,1499939580624.3416,8.992755073642368,877169522659.1221
2.0,165,1000000000000.0,0.25,3.207317652110651e-50,1.0,0.08333333333333334,500000000000.0,500179045273.0524,1499940306368.8025,8.992842034107198,438584761329.5602
2.0,166,1000000000000.0,0.25,1.6036588260553224e-50,1.0,0.08333333333333334,500000000000.0,500176907879.31055,1499941019115.1824,8.992927438624385,219292380664.7797
2.0,167,1000000000000.0,0.25,8.018294130276598e-51,1.0,0.08333333333333334,500000000000.0,500174808529.2317,1499941719172.0305,8.99301132408473,109646190332.38965
2.0,168,1000000000000.0,0.25,4.009147065138291e-51,1.0,0.08333333333333334,500000000000.0,500172746325.3465,1499942406838.7961,8.993093726292413,54823095166.19472
2.0,169,1000000000000.0,0.25,2.004573532569142e-51,1.0,0.08333333333333334,500000000000.0,500170720396.49347,1499943082406.1465,8.993174680003161,27411547583.097313
2.0,170,1000000000000.0,0.25,1.0022867662845835e-51,1.0,0.08333333333333334,500000000000.0,500168729896.8992,1499943746156.276,8.99325421896087,13705773791.548826
2.0,171,1000000000000.0,0.25,5.011433831422907e-52,1.0,0.08333333333333334,500000000000.0,500166774005.2946,1499944398363.1982,8.993332375932747,6852886895.774398
2.0,172,1000000000000.0,0.25,2.505716915711449e-52,1.0,0.08333333333333334,500000000000.0,500164851924.06976,1499945039293.0312,8.99340918274301,3426443447.887193
2.0,173,1000000000000.0,0.25,1.2528584578557223e-52,1.0,0.08333333333333334,500000000000.0,500162962878.459,1499945669204.2686,8.993484670305282,1713221723.9435935
2.0,174,1000000000000.0,0.25,6.264292289278598e-53,1.0,0.08333333333333334,500000000000.0,500161106115.7612,1499946288348.0388,8.99355886865366,856610861.9717951
2.0,175,1000000000000.0,0.25,3.1321461446392936e-53,1.0,0.08333333333333334,500000000000.0,500159280904.59015,1499946896968.3572,8.993631806972571,428305430.9858967
2.0,176,1000000000000.0,0.25,1.566073072319644e-53,1.0,0.08333333333333334,500000000000.0,500157486534.1537,1499947495302.3647,8.993703513625443,214152715.492948
2.0,177,1000000000000.0,0.25,7.830365361598316e-54,1.0,0.08333333333333334,500000000000.0,500155722313.56256,1499948083580.5613,8.993774016182266,107076357.74647531
2.0,178,1000000000000.0,0.25,3.915182680799151e-54,1.0,0.08333333333333334,500000000000.0,500153987571.1646,1499948662027.0251,8.993843341446071,53538178.87323756
2.0,179,1000000000000.0,0.25,1.9575913403995718e-54,1.0,0.08333333333333334,500000000000.0,500152281653.90656,1499949230859.6284,8.99391151547838,26769089.43661873
2.0,180,1000000000000.0,0.25,9.787956701997842e-55,1.0,0.08333333333333334,500000000000.0,500150603926.7188,1499949790290.241,8.993978563623688,13384544.718309341
2.0,181,1000000000000.0,0.25,4.893978350998911e-55,1.0,0.08333333333333334,500000000000.0,500148953771.9244,1499950340524.9287,8.994044510533001,6692272.359154656
2.0,182,1000000000000.0,0.25,2.446989175499451e-55,1.0,0.08333333333333334,500000000000.0,500147330588.6708,1499950881764.142,8.99410938018647,3346136.179577322
2.0,183,1000000000000.0,0.25,1.2234945877497232e-55,1.0,0.08333333333333334,500000000000.0,500145733792.3828,1499951414202.9,8.994173195915193,1673068.0897886578
2.0,184,1000000000000.0,0.25,6.117472938748604e-56,1.0,0.08333333333333334,500000000000.0,500144162814.23645,1499951938030.9646,8.994235980422166,836534.0448943274
2.0,185,1000000000000.0,0.25,3.0587364693742966e-56,1.0,0.08333333333333334,500000000000.0,500142617100.6528,1499952453433.0112,8.994297755802457,418267.02244716295
2.0,186,1000000000000.0,0.25,1.5293682346871456e-56,1.0,0.08333333333333334,500000000000.0,500141096112.8092,1499952960588.7905,8.994358543562647,209133.51122358107
2.0,187,1000000000000.0,0.25,7.646841173435713e-57,1.0,0.08333333333333334,500000000000.0,500139599326.171,1499953459673.2852,8.994418364639523,104566.75561179034
2.0,188,1000000000000.0,0.25,3.823420586717849e-57,1.0,0.08333333333333334,500000000000.0,500138126230.03894,1499953950856.8606,8.994477239418092,52283.37780589507
2.0,189,1000000000000.0,0.25,1.9117102933589756e-57,1.0,0.08333333333333334,500000000000.0,500136676327.11255,1499954434305.412,8.994535187748967,26141.68890294823
2.0,190,1000000000000.0,0.25,9.558551466794861e-58,1.0,0.08333333333333334,500000000000.0,500135249133.07275,1499954910180.5024,8.994592228965033,13070.844451474093
2.0,191,1000000000000.0,0.25,4.7792757333974205e-58,1.0,0.08333333333333334,500000000000.0,500133844176.1747,1499955378639.4988,8.994648381897619,6535.422225737033
2.0,192,1000000000000.0,0.25,2.389637866698706e-58,1.0,0.08333333333333334,500000000000.0,500132460996.86035,1499955839835.7014,8.994703664891986,3267.711112868511
2.0,193,1000000000000.0,0.25,1.1948189333493509e-58,1.0,0.08333333333333334,500000000000.0,500131099147.3814,1499956293918.4702,8.994758095822332,1633.8555564342523
2.0,194,1000000000000.0,0.25,5.974094666746742e-59,1.0,0.08333333333333334,500000000000.0,500129758191.43713,1499956741033.3455,8.994811692106207,816.9277782171246
2.0,195,1000000000000.0,0.25,2.9870473333733657e-59,1.0,0.08333333333333334,500000000000.0,500128437703.82495,1499957181322.1638,8.994864470718472,408.46388910856155
2.0,196,1000000000000.0,0.25,1.49352366668668e-59,1.0,0.08333333333333334,500000000000.0,500127137270.10425,1499957614923.1716,8.99491644820468,204.23194455428037
2.0,197,1000000000000.0,0.25,7.467618333433387e-60,1.0,0.08333333333333334,500000000000.0,500125856486.26984,1499958041971.1328,8.99496764069409,102.11597227714002
2.0,198,1000000000000.0,0.25,3.7338091667166867e-60,1.0,0.08333333333333334,500000000000.0,500124594958.43896,1499958462597.4338,8.995018063912129,51.05798613856991
2.0,199,1000000000000.0,0.25,1.8669045833583397e-60,1.0,0.08333333333333334,500000000000.0,500123352302.5489,1499958876930.1846,8.995067733192485,25.52899306928491
2.0,200,1000000000000.0,0.25,9.334522916791682e-61,1.0,0.08333333333333334,500000000000.0,500122128144.0634,1499959285094.3167,8.995116663488766,12.764496534642431
2.0,201,1000000000000.0,0.25,4.667261458395832e-61,1.0,0.08333333333333334,500000000000.0,500120922117.6919,1499959687211.6763,8.995164869385714,6.382248267321203
2.0,202,1000000000000.0,0.25,2.3336307291979116e-61,1.0,0.08333333333333334,500000000000.0,500119733867.1163,1499960083401.1167,8.995212365110099,3.1911241336605953
2.0,203,1000000000000.0,0.25,1.1668153645989535e-61,1.0,0.08333333333333334,500000000000.0,500118563044.7275,1499960473778.5847,8.995259164541194,1.5955620668302946
2.0,204,1000000000000.0,0.25,5.834076822994922e-62,1.0,0.08333333333333334,500000000000.0,500117409311.3721,1499960858457.207,8.995305281220924,0.7977810334151684
2.0,205,1000000000000.0,0.25,2.917038411497456e-62,1.0,0.08333333333333334,500000000000.0,500116272336.106,1499961237547.37,8.99535072836363,0.3988905167075835
2.0,206,1000000000000.0,0.25,1.4585192057487254e-62,1.0,0.08333333333333334,500000000000.0,500115151795.95764,1499961611156.8008,8.995395518865555,0.1994452583537914
2.0,207,1000000000000.0,0.25,7.292596028743613e-63,1.0,0.08333333333333334,500000000000.0,500114047375.6982,1499961979390.6438,8.995439665313992,0.09972262917689552
2.0,208,1000000000000.0,0.25,3.6462980143718e-63,1.0,0.08333333333333334,500000000000.0,500112958767.6202,1499962342351.5327,8.995483179996082,0.04986131458844767
2.0,209,1000000000000.0,0.25,1.8231490071858965e-63,1.0,0.08333333333333334,500000000000.0,500111885671.3231,1499962700139.6648,8.995526074907414,0.024930657294223783
2.0,210,1000000000000.0,0.25,9.115745035929466e-64,1.0,0.08333333333333334,500000000000.0,500110827793.50635,1499963052852.8674,8.995568361760238,0.01246532864711187
2.0,211,1000000000000.0,0.25,4.557872517964725e-64,1.0,0.08333333333333334,500000000000.0,500109784847.76825,1499963400586.6672,8.995610051991497,0.006232664323555924
2.0,212,1000000000000.0,0.25,2.2789362589823578e-64,1.0,0.08333333333333334,500000000000.0,500108756554.4131,1499963743434.3533,8.995651156770522,0.003116332161777956
2.0,213,1000000000000.0,0.25,1.1394681294911769e-64,1.0,0.08333333333333334,500000000000.0,500107742640.26294,1499964081487.0403,8.995691687006543,0.0015581660808889751
2.0,214,1000000000000.0,0.25,5.697340647455873e-65,1.0,0.08333333333333334,500000000000.0,500106742838.4763,1499964414833.7288,8.995731653355882,0.0007790830404444859
2.0,215,1000000000000.0,0.25,2.848670323727931e-65,1.0,0.08333333333333334,500000000000.0,500105756888.3731,1499964743561.3638,8.995771066229,0.00038954152022224227
2.0,216,1000000000000.0,0.25,1.424335161863963e-65,1.0,0.08333333333333334,500000000000.0,500104784535.26373,1499965067754.8918,8.995809935797242,0.00019477076011112078
2.0,217,1000000000000.0,0.25,7.121675809319802e-66,1.0,0.08333333333333334,500000000000.0,500103825530.2861,1499965387497.316,8.995848271999389,9.738538005556021e-05
2.0,218,1000000000000.0,0.25,3.560837904659894e-66,1.0,0.08333333333333334,500000000000.0,500102879630.2448,1499965702869.748,8.995886084548049,4.8692690027780006e-05
2.0,219,1000000000000.0,0.25,1.7804189523299944e-66,1.0,0.08333333333333334,500000000000.0,500101946597.458,1499966013951.4604,8.995923382935763,2.4346345013890653e-05
2.0,220,1000000000000.0,0.25,8.902094761649956e-67,1.0,0.08333333333333334,500000000000.0,500101026199.6076,1499966320819.9375,8.995960176440986,1.2173172506945306e-05
2.0,221,1000000000000.0,0.25,4.45104738082497e-67,1.0,0.08333333333333334,500000000000.0,500100118209.5952,1499966623550.9204,8.995996474133841,6.086586253472642e-06
2.0,222,1000000000000.0,0.25,2.2255236904124805e-67,1.0,0.08333333333333334,500000000000.0,500099222405.4015,1499966922218.4578,8.996032284881712,3.0432931267363143e-06
2.0,223,1000000000000.0,0.25,1.1127618452062383e-67,1.0,0.08333333333333334,500000000000.0,500098338569.9507,1499967216894.9475,8.996067617354656,1.5216465633681546e-06
2.0,224,1000000000000.0,0.25,5.56380922603118e-68,1.0,0.08333333333333334,500000000000.0,500097466490.9789,1499967507651.1838,8.99610248003065,7.608232816840757e-07
2.0,225,1000000000000.0,0.25,2.781904613015585e-68,1.0,0.08333333333333334,500000000000.0,500096605960.9072,1499967794556.397,8.996136881200671,3.804116408420372e-07
2.0,226,1000000000000.0,0.25,1.39095230650779e-68,1.0,0.08333333333333334,500000000000.0,500095756776.7178,1499968077678.2957,8.996170828973622,1.9020582042101824e-07
2.0,227,1000000000000.0,0.25,6.954761532538937e-69,1.0,0.08333333333333334,500000000000.0,500094918739.8337,1499968357083.1082,8.996204331281119,9.510291021050895e-08
2.0,228,1000000000000.0,0.25,3.477380766269462e-69,1.0,0.08333333333333334,500000000000.0,500094091656.004,1499968632835.619,8.996237395882105,4.755145510525439e-08
2.0,229,1000000000000.0,0.25,1.7386903831347277e-69,1.0,0.08333333333333334,500000000000.0,500093275335.18976,1499968904999.2078,8.996270030367361,2.3775727552627148e-08
2.0,230,1000000000000.0,0.25,8.693451915673623e-70,1.0,0.08333333333333334,500000000000.0,500092469591.45636,1499969173635.8848,8.996302242163832,1.1887863776313554e-08
2.0,231,1000000000000.0,0.25,4.346725957836803e-70,1.0,0.08333333333333334,500000000000.0,500091674242.866,1499969438806.3267,8.996334038538889,5.943931888156765e-09
2.0,232,1000000000000.0,0.25,2.1733629789183975e-70,1.0,0.08333333333333334,500000000000.0,500090889111.3769,1499969700569.9124,8.996365426604385,2.971965944078377e-09
2.0,233,1000000000000.0,0.25,1.0866814894591968e-70,1.0,0.08333333333333334,500000000000.0,500090114022.7418,1499969958984.753,8.996396413320662,1.4859829720391858e-09
2.0,234,1000000000000.0,0.25,5.433407447296127e-71,1.0,0.08333333333333334,500000000000.0,500089348806.4128,1499970214107.7263,8.996427005500394,7.429914860196124e-10
2.0,235,1000000000000.0,0.25,2.7167037236480588e-71,1.0,0.08333333333333334,500000000000.0,500088593295.4463,1499970465994.508,8.996457209812327,3.714957430098056e-10
2.0,236,1000000000000.0,0.25,1.358351861824027e-71,1.0,0.08333333333333334,500000000000.0,500087847326.4128,1499970714699.602,8.996487032784929,1.8574787150490246e-10
2.0,237,1000000000000.0,0.25,6.791759309120122e-72,1.0,0.08333333333333334,500000000000.0,500087110739.3085,1499970960276.3684,8.996516480809891,9.287393575245104e-11
2.0,238,1000000000000.0,0.25,3.395879654560055e-72,1.0,0.08333333333333334,500000000000.0,500086383377.4687,1499971202777.0544,8.99654556014557,4.643696787622544e-11
2.0,239,1000000000000.0,0.25,1.6979398272800242e-72,1.0,0.08333333333333334,500000000000.0,500085665087.4858,1499971442252.8208,8.996574276920308,2.3218483938112675e-11
2.0,240,1000000000000.0,0.25,8.489699136400106e-73,1.0,0.08333333333333334,500000000000.0,500084955719.127,1499971678753.7686,8.996602637135654,1.1609241969056318e-11
2.0,241,1000000000000.0,0.25,4.244849568200045e-73,1.0,0.08333333333333334,500000000000.0,500084255125.257,1499971912328.9666,8.996630646669498,5.8046209845281486e-12
2.0,242,1000000000000.0,0.25,2.1224247841000183e-73,1.0,0.08333333333333334,500000000000.0,500083563161.76074,1499972143026.4753,8.996658311279129,2.902310492264068e-12
2.0,243,1000000000000.0,0.25,1.0612123920500072e-73,1.0,0.08333333333333334,500000000000.0,500082879687.4698,1499972370893.3733,8.99668563660418,1.4511552461320315e-12
2.0,244,1000000000000.0,0.25,5.306061960250026e-74,1.0,0.08333333333333334,500000000000.0,500082204564.09033,1499972595975.7795,8.996712628169503,7.255776230660143e-13
2.0,245,1000000000000.0,0.25,2.653030980125008e-74,1.0,0.08333333333333334,500000000000.0,500081537656.1333,1499972818318.878,8.996739291387957,3.627888115330065e-13
2.0,246,1000000000000.0,0.25,1.3265154900625016e-74,1.0,0.08333333333333334,500000000000.0,500080878830.8458,1499973037966.9392,8.996765631563132,1.8139440576650293e-13
2.0,247,1000000000000.0,0.25,6.632577450312496e-75,1.0,0.08333333333333334,500000000000.0,500080227958.1461,1499973254963.344,8.996791653891975,9.069720288325129e-14
2.0,248,1000000000000.0,0.25,3.3162887251562417e-75,1.0,0.08333333333333334,500000000000.0,500079584910.5583,1499973469350.6028,8.99681736346736,4.534860144162556e-14
2.0,249,1000000000000.0,0.25,1.658144362578165e-75,1.0,0.08333333333333334,500000000000.0,500078949563.1503,1499973681170.3787,8.996842765280569,2.2674300720813387e-14
2.0,250,1000000000000.0,0.25,8.290721812890809e-76,1.0,0.08333333333333334,500000000000.0,500078321793.4741,1499973890463.505,8.996867864223722,1.133715036040667e-14
2.0,251,1000000000000.0,0.25,4.145360906445397e-76,1.0,0.08333333333333334,500000000000.0,500077701481.5049,1499974097270.0078,8.99689266509214,5.668575180203325e-15
2.0,252,1000000000000.0,0.25,2.0726804532226943e-76,1.0,0.08333333333333334,500000000000.0,500077088509.58575,1499974301629.1233,8.996917172586603,2.8342875901016567e-15
2.0,253,1000000000000.0,0.25,1.0363402266113453e-76,1.0,0.08333333333333334,500000000000.0,500076482762.3702,1499974503579.3167,8.99694139131561,1.417143795050826e-15
2.0,254,1000000000000.0,0.25,5.1817011330567174e-77,1.0,0.08333333333333334,500000000000.0,500075884126.76874,1499974703158.3003,8.996965325797532,7.085718975254116e-16
2.0,255,1000000000000.0,0.25,2.5908505665283533e-77,1.0,0.08333333333333334,500000000000.0,500075292491.8962,1499974900403.0515,8.996988980462714,3.542859487627051e-16
2.0,256,1000000000000.0,0.25,1.2954252832641744e-77,1.0,0.08333333333333334,500000000000.0,500074707749.01965,1499975095349.8303,8.997012359655542,1.7714297438135224e-16
2.0,257,1000000000000.0,0.25,6.477126416320859e-78,1.0,0.08333333333333334,500000000000.0,500074129791.5096,1499975288034.1946,8.997035467636408,8.857148719067595e-17
2.0,258,1000000000000.0,0.25,3.238563208160424e-78,1.0,0.08333333333333334,500000000000.0,500073558514.79,1499975478491.0168,8.997058308583672,4.42857435953379e-17
2.0,259,1000000000000.0,0.25,1.619281604080209e-78,1.0,0.08333333333333334,500000000000.0,500072993816.2921,1499975666754.5012,8.997080886595551,2.2142871797668907e-17
2.0,260,1000000000000.0,0.25,8.09640802040103e-79,1.0,0.08333333333333334,500000000000.0,500072435595.4079,1499975852858.1975,8.997103205691943,1.1071435898834433e-17
3.0,2,1000000000000.0,0.10989010989010987,0.29999999999999993,1.0,0.01316266151430986,331496772065.8979,877058019307.0289,1195228609334.3933,1.8571428571428572,4.1023510194658055e+60
3.0,3,1000000000000.0,0.11097560975609758,0.0989010989010989,1.0,0.013774538964901845,333130019295.9163,799328756102.1962,1257213480197.4036,2.473814801736411,1.3524234130107055e+60
3.0,4,1000000000000.0,0.11109605744479066,0.03292682926829267,1.0,0.013872423622676561,333310752068.9824,756101172835.0647,1284613624921.226,2.886590808606454,4.5025803872185665e+59
3.0,5,1000000000000.0,0.11110943850669877,0.010974122747595167,1.0,0.013886641321988854,333330824417.2728,730583880868.4677,1299398308121.549,3.1633294308785294,1.5006567880446645e+59
3.0,6,1000000000000.0,0.11111092526648723,0.003657985849766671,1.0,0.01388859269895161,333333054566.28094,714467875674.7909,1308340230963.833,3.3533275643641245,5.002113993327266e+58
3.0,7,1000000000000.0,0.1111110904617123,0.001219326577137877,1.0,0.013888850816558865,333333302359.2337,703698323674.0065,1314165316272.1345,3.4876024099739587,1.6673685422611075e+58
3.0,8,1000000000000.0,0.11111110881673351,0.0004064421168442099,1.0,0.013888884085035776,333333329891.7669,696167619121.1335,1318170255476.0833,3.585216421715394,5.557894107965617e+57
3.0,9,1000000000000.0,0.11111111085618026,0.00013548070281714164,1.0,0.01388888829139472,333333332950.9371,690705025670.4537,1321040795977.6199,3.658029698995765,1.85263133106615e+57
3.0,10,1000000000000.0,0.11111111108278546,4.516023416876586e-05,1.0,0.01388888881541923,333333333290.84485,686621532273.2454,1323167824984.5896,3.7135991710136027,6.175437756051706e+56
3.0,11,1000000000000.0,0.1111111111079638,1.5053411385751053e-05,1.0,0.013888888879938764,333333333328.61237,683491448548.1874,1324787402537.017,3.7568703595713746,2.058479251492467e+56
3.0,12,1000000000000.0,0.11111111111076141,5.01780379510822e-06,1.0,0.013888888887807004,333333333332.8088,681040796251.5535,1326048889014.3826,3.791166129787767,6.861597504780534e+55
3.0,13,1000000000000.0,0.11111111111107225,1.6726012650308073e-06,1.0,0.01388888888875896,333333333333.275,679087011844.8745,1327050508671.4084,3.818774879565276,2.2871991682529768e+55
3.0,14,1000000000000.0,0.11111111111110679,5.575337550100745e-07,1.0,0.01388888888887337,333333333333.3269,677504767969.8569,1327858995375.7314,3.841308684483654,7.623997227507263e+54
3.0,15,1000000000000.0,0.11111111111111062,1.8584458500335106e-07,1.0,0.013888888888887039,333333333333.3326,676205780446.2747,1328520968864.721,3.859926803806063,2.5413324091689898e+54
3.0,16,1000000000000.0,0.11111111111111106,6.194819500111668e-08,1.0,0.013888888888888668,333333333333.33325,675126440988.533,1329069791583.7144,3.8754785686280453,8.471108030563253e+53
3.0,17,1000000000000.0,0.11111111111111109,2.0649398333705527e-08,1.0,0.013888888888888857,333333333333.3333,674220000521.3226,1329529846644.764,3.8885968439836884,2.8237026768544133e+53
3.0,18,1000000000000.0,0.1111111111111111,6.883132777901856e-09,1.0,0.013888888888888881,333333333333.3333,673451489598.6417,1329919288295.1929,3.899760480118499,9.412342256181396e+52
3.0,19,1000000000000.0,0.1111111111111111,2.2943775926339494e-09,1.0,0.013888888888888885,333333333333.3333,672794335128.514,1330251857672.5247,3.9093368747416744,3.1374474187271284e+52
3.0,20,1000000000000.0,0.1111111111111111,7.647925308779822e-10,1.0,0.013888888888888885,333333333333.3333,672228056759.2806,1330538109911.8745,3.9176115136697707,1.045815806242375e+52
3.0,21,1000000000000.0,0.1111111111111111,2.549308436259947e-10,1.0,0.013888888888888885,333333333333.3333,671736667048.298,1330786260961.942,3.924808820788464,3.486052687474592e+51
3.0,22,1000000000000.0,0.1111111111111111,8.497694787533146e-11,1.0,0.013888888888888885,333333333333.3333,671307540366.9746,1331002783043.1704,3.931107103505969,1.162017562491529e+51
3.0,23,1000000000000.0,0.1111111111111111,2.8325649291777117e-11,1.0,0.013888888888888885,333333333333.3333,670930600133.3054,1331192830519.6753,3.9366494197971056,3.873391874971759e+50
3.0,24,1000000000000.0,0.1111111111111111,9.441883097259063e-12,1.0,0.013888888888888885,333333333333.3333,670597726088.2954,1331360549208.0007,3.9415515846773554,1.2911306249905895e+50
3.0,25,1000000000000.0,0.1111111111111111,3.147294365753017e-12,1.0,0.013888888888888885,333333333333.3333,670302316157.226,1331509304201.9949,3.9459081415606327,4.3037687499686263e+49
3.0,26,1000000000000.0,0.1111111111111111,1.049098121917671e-12,1.0,0.013888888888888885,333333333333.3333,670038958531.3795,1331641849850.179,3.949796866507933,1.4345895833228737e+49
3.0,27,1000000000000.0,0.1111111111111111,3.4969937397255657e-13,1.0,0.013888888888888885,333333333333.3333,669803183417.0513,1331760458080.4336,3.9532822017636593,4.781965277742906e+48
3.0,28,1000000000000.0,0.1111111111111111,1.1656645799085247e-13,1.0,0.013888888888888885,333333333333.3333,669591273097.4058,1331867016339.851,3.9564178988738536,1.5939884259143056e+48
3.0,29,1000000000000.0,0.1111111111111111,3.885548599695078e-14,1.0,0.013888888888888885,333333333333.3333,669400115176.9613,1331963103101.318,3.9592490720329145,5.31329475304768e+47
3.0,30,1000000000000.0,0.1111111111111111,1.295182866565029e-14,1.0,0.013888888888888885,333333333333.3333,669227088152.0818,1332050046622.0132,3.9618138069503623,1.7710982510158977e+47
3.0,31,1000000000000.0,0.1111111111111111,4.317276221883409e-15,1.0,0.013888888888888885,333333333333.3333,669069971425.2462,1332128971068.2078,3.9641444315848404,5.90366083671963e+46
3.0,32,1000000000000.0,0.1111111111111111,1.4390920739611397e-15,1.0,0.013888888888888885,333333333333.3333,668926873977.3091,1332200833017.7424,3.96626852737777,1.9678869455732143e+46
3.0,33,1000000000000.0,0.1111111111111111,4.796973579870477e-16,1.0,0.013888888888888885,333333333333.3333,668796177407.1539,1332266450567.5283,3.9682097396818374,6.559623151910731e+45
3.0,34,1000000000000.0,0.1111111111111111,1.5989911932901513e-16,1.0,0.013888888888888885,333333333333.3333,668676490126.2928,1332326526709.8015,3.969988431591027,2.1865410506368995e+45
3.0,35,1000000000000.0,0.1111111111111111,5.3299706443005176e-17,1.0,0.013888888888888885,333333333333.3333,668566610281.4893,1332381668231.3447,3.9716222147486455,7.288470168789685e+44
3.0,36,1000000000000.0,0.1111111111111111,1.77665688143351e-17,1.0,0.013888888888888885,333333333333.3333,668465495556.3726,1332432401089.3743,3.973126382839536,2.4294900562632335e+44
3.0,37,1000000000000.0,0.1111111111111111,5.922189604778339e-18,1.0,0.013888888888888885,333333333333.3333,668372238432.0465,1332479182995.2007,3.974514267595909,8.098300187544073e+43
3.0,38,1000000000000.0,0.1111111111111111,1.974063201592784e-18,1.0,0.013888888888888885,333333333333.3333,668286045807.9592,1332522413770.434,3.9757975327222352,2.69943339584803e+43
3.0,39,1000000000000.0,0.1111111111111111,6.580210671975963e-19,1.0,0.013888888888888885,333333333333.3333,668206222126.8414,1332562443915.1797,3.9769864177888032,8.998111319493458e+42
3.0,40,1000000000000.0,0.1111111111111111,2.1934035573253104e-19,1.0,0.013888888888888885,333333333333.3333,668132155332.0253,1332599581732.489,3.978089941579277,2.999370439831138e+42
3.0,41,1000000000000.0,0.1111111111111111,7.311345191084386e-20,1.0,0.013888888888888885,333333333333.3333,668063305126.8352,1332634099280.5305,3.9791160724046666,9.997901466103816e+41
3.0,42,1000000000000.0,0.1111111111111111,2.4371150636948008e-20,1.0,0.013888888888888885,333333333333.3333,667999193114.8395,1332666237367.836,3.980071871368097,3.3326338220346133e+41
3.0,43,1000000000000.0,0.1111111111111111,8.12371687898263e-21,1.0,0.013888888888888885,333333333333.3333,667939394484.4663,1332696209763.4805,3.980963613373938,1.1108779406781992e+41
3.0,44,1000000000000.0,0.1111111111111111,2.70790562632755e-21,1.0,0.013888888888888885,333333333333.3333,667883530967.7092,1332724206760.096,3.9817968897412386,3.702926468927339e+40
3.0,45,1000000000000.0,0.1111111111111111,9.026352087758521e-22,1.0,0.013888888888888885,333333333333.3333,667831264854.6924,1332750398200.9548,3.9825766955452644,1.2343088229757828e+40
3.0,46,1000000000000.0,0.1111111111111111,3.008784029252826e-22,1.0,0.013888888888888885,333333333333.3333,667782293887.019,1332774936061.304,3.983307504227363,4.114362743252589e+39
3.0,47,1000000000000.0,0.1111111111111111,1.0029280097509445e-22,1.0,0.013888888888888885,333333333333.3333,667736346885.537,1332797956657.4146,3.9839933315482994,1.3714542477508665e+39
3.0,48,1000000000000.0,0.1111111111111111,3.343093365836489e-23,1.0,0.013888888888888885,333333333333.3333,667693179994.2897,1332819582543.4646,3.984637790587766,4.571514159169565e+38
3.0,49,1000000000000.0,0.1111111111111111,1.1143644552788244e-23,1.0,0.013888888888888885,333333333333.3333,667652573443.4015,1332839924145.6663,3.9852441391930062,1.5238380530565145e+38
3.0,50,1000000000000.0,0.1111111111111111,3.7145481842627564e-24,1.0,0.013888888888888885,333333333333.3333,667614328750.5757,1332859081174.4277,3.9858153210372746,5.07946017685506e+37
3.0,51,1000000000000.0,0.1111111111111111,1.2381827280875797e-24,1.0,0.013888888888888885,333333333333.3333,667578266294.5967,1332877143848.3452,3.986354001252057,1.693153392285012e+37
3.0,52,1000000000000.0,0.1111111111111111,4.127275760291942e-25,1.0,0.013888888888888885,333333333333.3333,667544223205.3969,1332894193958.1418,3.9868625974366423,5.643844640950053e+36
3.0,53,1000000000000.0,0.1111111111111111,1.375758586763984e-25,1.0,0.013888888888888885,333333333333.3333,667512051524.3644,1332910305794.038,3.987343306717276,1.881281546983356e+36
3.0,54,1000000000000.0,0.1111111111111111,4.585861955879925e-26,1.0,0.013888888888888885,333333333333.3333,667481616596.0581,1332925546956.2188,3.9877981294202507,6.2709384899444894e+35
3.0,55,1000000000000.0,0.1111111111111111,1.5286206519599784e-26,1.0,0.013888888888888885,333333333333.3333,667452795658.6643,1332939979064.9446,3.988228889834229,2.0903128299815008e+35
3.0,56,1000000000000.0,0.1111111111111111,5.09540217319994e-27,1.0,0.013888888888888885,333333333333.3333,667425476605.616,1332953658384.2622,3.988637254463426,6.967709433271687e+34
3.0,57,1000000000000.0,0.1111111111111111,1.6984673910666386e-27,1.0,0.013888888888888885,333333333333.3333,667399556895.0396,1332966636371.116,3.989024748112028,2.3225698110905514e+34
3.0,58,1000000000000.0,0.1111111111111111,5.661557970222141e-28,1.0,0.013888888888888885,333333333333.3333,667374942587.2009,1332978960159.894,3.989392768089182,7.741899370301855e+33
3.0,59,1000000000000.0,0.1111111111111111,1.8871859900740518e-28,1.0,0.013888888888888885,333333333333.3333,667351547493.07,1332990672990.9353,3.9897425967812334,2.5806331234339578e+33
3.0,60,1000000000000.0,0.1111111111111111,6.290619966913521e-29,1.0,0.013888888888888885,333333333333.3333,667329292419.585,1333001814590.287,3.990075412802061,8.602110411446548e+32
3.0,61,1000000000000.0,0.1111111111111111,2.096873322304512e-29,1.0,0.013888888888888885,333333333333.3333,667308104499.2705,1333012421506.9463,3.990392300902238,2.8673701371488556e+32
3.0,62,1000000000000.0,0.1111111111111111,6.989577741014957e-30,1.0,0.013888888888888885,333333333333.3333,667287916593.6017,1333022527412.9438,3.9906942607923446,9.557900457162739e+31
3.0,63,1000000000000.0,0.1111111111111111,2.329859247004991e-30,1.0,0.013888888888888885,333333333333.3333,667268666760.9952,1333032163370.8716,3.9909822150142142,3.185966819054254e+31
3.0,64,1000000000000.0,0.1111111111111111,7.766197490016655e-31,1.0,0.013888888888888885,333333333333.3333,667250297781.5446,1333041358072.8325,3.9912570159756737,1.0619889396847538e+31
3.0,65,1000000000000.0,0.1111111111111111,2.5887324966722244e-31,1.0,0.013888888888888885,333333333333.3333,667232756731.6913,1333050138054.248,3.991519452248776,3.539963132282521e+30
3.0,66,1000000000000.0,0.1111111111111111,8.629108322240768e-32,1.0,0.013888888888888885,333333333333.3333,667215994602.9247,1333058527885.4983,3.991770254218325,1.179987710760843e+30
3.0,67,1000000000000.0,0.1111111111111111,2.8763694407468886e-32,1.0,0.013888888888888885,333333333333.3333,667199965959.3788,1333066550343.99,3.9920100991560834,3.933292369202764e+29
3.0,68,1000000000000.0,0.1111111111111111,9.587898135822985e-33,1.0,0.013888888888888885,333333333333.3333,667184628629.8563,1333074226568.897,3.9922396157864646,1.3110974564009242e+29
3.0,69,1000000000000.0,0.1111111111111111,3.1959660452743355e-33,1.0,0.013888888888888885,333333333333.3333,667169943430.3835,1333081576200.5417,3.992459388401037,4.370324854669758e+28
3.0,70,1000000000000.0,0.1111111111111111,1.065322015091448e-33,1.0,0.013888888888888885,333333333333.3333,667155873913.8817,1333088617506.1382,3.992669960572102,1.4567749515565896e+28
3.0,71,1000000000000.0,0.1111111111111111,3.5510733836381674e-34,1.0,0.013888888888888885,333333333333.3333,667142386143.972,1333095367493.3948,3.992871838509335,4.8559165051886427e+27
3.0,72,1000000000000.0,0.1111111111111111,1.183691127879392e-34,1.0,0.013888888888888885,333333333333.3333,667129448490.2894,1333101842013.304,3.9930654940981563,1.6186388350628846e+27
3.0,73,1000000000000.0,0.1111111111111111,3.9456370929312595e-35,1.0,0.013888888888888885,333333333333.3333,667117031443.0021,1333108055853.275,3.9932513676538353,5.395462783542885e+26
3.0,74,1000000000000.0,0.1111111111111111,1.315212364310423e-35,1.0,0.013888888888888885,333333333333.3333,667105107444.5006,1333114022821.6353,3.9934298704213074,1.7984875945142993e+26
3.0,75,1000000000000.0,0.1111111111111111,4.384041214368087e-36,1.0,0.013888888888888885,333333333333.3333,667093650736.4692,1333119755824.4014,3.9936013868471862,5.9949586483810115e+25
3.0,76,1000000000000.0,0.1111111111111111,1.4613470714560325e-36,1.0,0.013888888888888885,333333333333.3333,667082637220.7488,1333125266935.1191,3.993766276647361,1.998319549460342e+25
3.0,77,1000000000000.0,0.1111111111111111,4.871156904853453e-37,1.0,0.013888888888888885,333333333333.3333,667072044332.5928,1333130567458.4756,3.993924876690939,6.661065164867822e+24
3.0,78,1000000000000.0,0.1111111111111111,1.6237189682844882e-37,1.0,0.013888888888888885,333333333333.3333,667061850925.0671,1333135667988.313,3.9940775027189215,2.220355054955946e+24
3.0,79,1000000000000.0,0.1111111111111111,5.412396560948229e-38,1.0,0.013888888888888885,333333333333.3333,667052037163.4904,1333140578460.5986,3.994224450913974,7.40118351651973e+23
3.0,80,1000000000000.0,0.1111111111111111,1.8041321869827477e-38,1.0,0.013888888888888885,333333333333.3333,667042584428.9287,1333145308201.847,3.994365999335861,2.46706117217325e+23
3.0,81,1000000000000.0,0.1111111111111111,6.013773956609172e-39,1.0,0.013888888888888885,333333333333.3333,667033475229.8701,1333149865973.4338,3.994502409235492,8.223537240577518e+22
3.0,82,1000000000000.0,0.1111111111111111,2.0045913188697288e-39,1.0,0.013888888888888885,333333333333.3333,667024693121.2942,1333154260012.1958,3.9946339262591946,2.7411790801925126e+22
3.0,83,1000000000000.0,0.1111111111111111,6.681971062899112e-40,1.0,0.013888888888888885,333333333333.3333,667016222630.4385,1333158498067.6692,3.994760781553547,9.137263600641731e+21
3.0,84,1000000000000.0,0.1111111111111111,2.2273236876330425e-40,1.0,0.013888888888888885,333333333333.3333,667008049188.6354,1333162587436.2783,3.994883192780058,3.045754533547251e+21
3.0,85,1000000000000.0,0.1111111111111111,7.424412292110054e-41,1.0,0.013888888888888885,333333333333.3333,667000159068.6603,1333166534992.7607,3.995001365047978,1.015251511182405e+21
3.0,86,1000000000000.0,0.1111111111111111,2.4748040973700236e-41,1.0,0.013888888888888885,333333333333.3333,666992539327.0851,1333170347219.075,3.995115491772726,3.384171703941357e+20
3.0,87,1000000000000.0,0.1111111111111111,8.249346991233432e-42,1.0,0.013888888888888885,333333333333.3333,666985177751.1876,1333174030231.0266,3.995225755466623,1.128057234647122e+20
3.0,88,1000000000000.0,0.1111111111111111,2.7497823304111505e-42,1.0,0.013888888888888885,333333333333.3333,666978062810.009,1333177589802.81,3.995332328467956,3.760190782157082e+19
3.0,89,1000000000000.0,0.1111111111111111,9.165941101370524e-43,1.0,0.013888888888888885,333333333333.3333,666971183609.1926,1333181031389.6514,3.9954353736138115,1.2533969273856969e+19
3.0,90,1000000000000.0,0.1111111111111111,3.055313700456848e-43,1.0,0.013888888888888885,333333333333.3333,666964529849.2748,1333184360148.7222,3.99553504486159,4.1779897579523323e+18
3.0,91,1000000000000.0,0.1111111111111111,1.0184379001522706e-43,1.0,0.013888888888888885,333333333333.3333,666958091787.129,1333187580958.4688,3.995631487863608,1.392663252650761e+18
3.0,92,1000000000000.0,0.1111111111111111,3.394793000507577e-44,1.0,0.013888888888888885,333333333333.3333,666951860200.2938,1333190698436.495,3.9957248404987937,4.642210842169214e+17
3.0,93,1000000000000.0,0.1111111111111111,1.1315976668358617e-44,1.0,0.013888888888888885,333333333333.3333,666945826353.941,1333193716956.122,3.995815233365114,1.5474036140564083e+17
3.0,94,1000000000000.0,0.1111111111111111,3.7719922227862145e-45,1.0,0.013888888888888885,333333333333.3333,666939981970.2623,1333196640661.7324,3.9959027902359865,5.158012046854707e+16
3.0,95,1000000000000.0,0.1111111111111111,1.257330740928741e-45,1.0,0.013888888888888885,333333333333.3333,666934319200.0748,1333199473483.0024,3.995987628483681,1.7193373489515728e+16
3.0,96,1000000000000.0,0.1111111111111111,4.19110246976248e-46,1.0,0.013888888888888885,333333333333.3333,666928830596.4646,1333202219148.1135,3.9960698594723842,5731124496505257.0
3.0,97,1000000000000.0,0.1111111111111111,1.3970341565874767e-46,1.0,0.013888888888888885,333333333333.3333,666923509090.2997,1333204881196.0234,3.9961495889234073,1910374832168396.2
3.0,98,1000000000000.0,0.1111111111111111,4.656780521958266e-47,1.0,0.013888888888888885,333333333333.3333,666918347967.4663,1333207462987.8755,3.996226917254758,636791610722800.2
3.0,99,1000000000000.0,0.1111111111111111,1.5522601739860926e-47,1.0,0.013888888888888885,333333333333.3333,666913340847.6871,1333209967717.613,3.9963019398971236,212263870240933.9
3.0,100,1000000000000.0,0.1111111111111111,5.174200579953654e-48,1.0,0.013888888888888885,333333333333.3333,666908481664.8025,1333212398421.8606,3.9963747475880926,70754623413644.8
3.0,101,1000000000000.0,0.1111111111111111,1.7247335266512223e-48,1.0,0.013888888888888885,333333333333.3333,666903764648.3939,1333214757989.1326,3.9964454266463476,23584874471214.992
3.0,102,1000000000000.0,0.1111111111111111,5.749111755504005e-49,1.0,0.013888888888888885,333333333333.3333,666899184306.6511,1333217049168.4187,3.9965140592273487,7861624823738.236
3.0,103,1000000000000.0,0.1111111111111111,1.9163705851680062e-49,1.0,0.013888888888888885,333333333333.3333,666894735410.386,1333219274577.1917,3.9965807235619186,2620541607912.752
3.0,104,1000000000000.0,0.1111111111111111,6.387901950560037e-50,1.0,0.013888888888888885,333333333333.3333,666890412978.1061,1333221436708.8887,3.996645494179041,873513869304.2527
3.0,105,1000000000000.0,0.1111111111111111,2.1293006501866838e-50,1.0,0.013888888888888885,333333333333.3333,666886212262.0682,1333223537939.896,3.996708442114036,291171289768.0849
3.0,106,1000000000000.0,0.1111111111111111,7.097668833955629e-51,1.0,0.013888888888888885,333333333333.3333,666882128735.2402,1333225580536.0835,3.99676963510322,97057096589.36186
3.0,107,1000000000000.0,0.1111111111111111,2.3658896113185488e-51,1.0,0.013888888888888885,333333333333.3333,666878158079.1031,1333227566658.9124,3.9968291377660154,32352365529.787365
3.0,108,1000000000000.0,0.1111111111111111,7.886298704395069e-52,1.0,0.013888888888888885,333333333333.3333,666874296172.2323,1333229498371.159,3.996887011775454,10784121843.262327
3.0,109,1000000000000.0,0.1111111111111111,2.6287662347983625e-52,1.0,0.013888888888888885,333333333333.3333,666870539079.6016,1333231377642.2695,3.9969433160178944,3594707281.087451
3.0,110,1000000000000.0,0.1111111111111111,8.762554115994562e-53,1.0,0.013888888888888885,333333333333.3333,666866883042.5579,1333233206353.384,3.9969981067427347,1198235760.3624864
3.0,111,1000000000000.0,0.1111111111111111,2.9208513719981937e-53,1.0,0.013888888888888885,333333333333.3333,666863324469.4218,1333234986302.0444,3.9970514377028192,399411920.1208297
3.0,112,1000000000000.0,0.1111111111111111,9.736171239994004e-54,1.0,0.013888888888888885,333333333333.3333,666859859926.6628,1333236719206.6133,3.997103360286218,133137306.70694356
3.0,113,1000000000000.0,0.1111111111111111,3.245390413331342e-54,1.0,0.013888888888888885,333333333333.3333,666856486130.6193,1333238406710.422,3.997153923639936,44379102.235647954
3.0,114,1000000000000.0,0.1111111111111111,1.0817968044437679e-54,1.0,0.013888888888888885,333333333333.3333,666853199939.7148,1333240050385.6704,3.9972031747861716,14793034.078549143
3.0,115,1000000000000.0,0.1111111111111111,3.605989348145901e-55,1.0,0.013888888888888885,333333333333.3333,666849998347.1459,1333241651737.0862,3.997251158731574,4931011.359516392
3.0,116,1000000000000.0,0.1111111111111111,1.20199644938197e-55,1.0,0.013888888888888885,333333333333.3333,666846878474.0023,1333243212205.373,3.99729791857002,1643670.4531721347
3.0,117,1000000000000.0,0.1111111111111111,4.0066548312732427e-56,1.0,0.013888888888888885,333333333333.3333,666843837562.7954,1333244733170.4507,3.997343495579321,547890.1510573796
3.0,118,1000000000000.0,0.1111111111111111,1.3355516104244173e-56,1.0,0.013888888888888885,333333333333.3333,666840872971.3647,1333246215954.5063,3.9973879293122714,182630.05035246027
3.0,119,1000000000000.0,0.1111111111111111,4.4518387014147346e-57,1.0,0.013888888888888885,333333333333.3333,666837982167.1375,1333247661824.8699,3.9974312576824342,60876.68345082024
3.0,120,1000000000000.0,0.1111111111111111,1.483946233804915e-57,1.0,0.013888888888888885,333333333333.3333,666835162721.7201,1333249071996.7217,3.9974735170449667,20292.227816940125
3.0,121,1000000000000.0,0.1111111111111111,4.9464874460163954e-58,1.0,0.013888888888888885,333333333333.3333,666832412305.7975,1333250447635.647,3.997514742272855,6764.075938980058
3.0,122,1000000000000.0,0.1111111111111111,1.6488291486721356e-58,1.0,0.013888888888888885,333333333333.3333,666829728684.3223,1333251789860.0457,3.9975549668288246,2254.6919796600246
3.0,123,1000000000000.0,0.1111111111111111,5.496097162240309e-59,1.0,0.013888888888888885,333333333333.3333,666827109711.9733,1333253099743.405,3.9975942228332153,751.5639932199886
3.0,124,1000000000000.0,0.1111111111111111,1.8320323874134406e-59,1.0,0.013888888888888885,333333333333.3333,666824553328.868,1333254378316.4478,3.9976325411280738,250.52133107333012
3.0,125,1000000000000.0,0.1111111111111111,6.106774624711483e-60,1.0,0.013888888888888885,333333333333.3333,666822057556.5121,1333255626569.1592,3.9976699513377167,83.50711035777691
3.0,126,1000000000000.0,0.1111111111111111,2.0355915415704992e-60,1.0,0.013888888888888885,333333333333.3333,666819620493.9701,1333256845452.7056,3.9977064819259533,27.835703452592366
3.0,127,1000000000000.0,0.1111111111111111,6.785305138568346e-61,1.0,0.013888888888888885,333333333333.3333,666817240314.247,1333258035881.2444,3.9977421602502115,9.278567817530812
3.0,128,1000000000000.0,0.1111111111111111,2.2617683795227874e-61,1.0,0.013888888888888885,333333333333.3333,666814915260.8627,1333259198733.6409,3.9977770126127363,3.0928559391769443
3.0,129,1000000000000.0,0.1111111111111111,7.539227931742643e-62,1.0,0.013888888888888885,333333333333.3333,666812643644.6117,1333260334855.0898,3.9978110643090488,1.0309519797256506
3.0,130,1000000000000.0,0.1111111111111111,2.5130759772475533e-62,1.0,0.013888888888888885,333333333333.3333,666810423840.4944,1333261445058.651,3.9978443396738212,0.343650659908551
3.0,131,1000000000000.0,0.1111111111111111,8.376919924158531e-63,1.0,0.013888888888888885,333333333333.3333,666808254284.8119,1333262530126.7053,3.9978768621243383,0.11455021996951725
3.0,132,1000000000000.0,0.1111111111111111,2.7923066413861834e-63,1.0,0.013888888888888885,333333333333.3333,666806133472.4105,1333263590812.333,3.997908654201688,0.03818340665650584
3.0,133,1000000000000.0,0.1111111111111111,9.307688804620634e-64,1.0,0.013888888888888885,333333333333.3333,666804059954.0721,1333264627840.6204,3.9979397376097925,0.01272780221883531
3.0,134,1000000000000.0,0.1111111111111111,3.1025629348734636e-64,1.0,0.013888888888888885,333333333333.3333,666802032334.0378,1333265641909.9004,3.997970133252453,0.004242600739611659
3.0,135,1000000000000.0,0.1111111111111111,1.0341876449578236e-64,1.0,0.013888888888888885,333333333333.3333,666800049267.6594,1333266633692.9268,3.997999861268463,0.0014142002465372234
3.0,136,1000000000000.0,0.1111111111111111,3.4472921498594202e-65,1.0,0.013888888888888885,333333333333.3333,666798109459.169,1333267603837.9917,3.9980289410649736,0.00047140008217907547
3.0,137,1000000000000.0,0.1111111111111111,1.149097383286476e-65,1.0,0.013888888888888885,333333333333.3333,666796211659.5632,1333268552969.9846,3.9980573913491417,0.00015713336072635886
3.0,138,1000000000000.0,0.1111111111111111,3.83032461095493e-66,1.0,0.013888888888888885,333333333333.3333,666794354664.5922,1333269481691.3992,3.998085230158213,5.237778690878642e-05
3.0,139,1000000000000.0,0.1111111111111111,1.276774870318313e-66,1.0,0.013888888888888885,333333333333.3333,666792537312.8488,1333270390583.2888,3.9981124748881016,1.7459262302928845e-05
3.0,140,1000000000000.0,0.1111111111111111,4.255916234394386e-67,1.0,0.013888888888888885,333333333333.3333,666790758483.9528,1333271280206.1765,3.9981391423205506,5.819754100976295e-06
3.0,141,1000000000000.0,0.1111111111111111,1.4186387447981321e-67,1.0,0.013888888888888885,333333333333.3333,666789017096.8243,1333272151100.9194,3.9981652486489705,1.93991803365877e-06
3.0,142,1000000000000.0,0.1111111111111111,4.728795815993785e-68,1.0,0.013888888888888885,333333333333.3333,666787312108.0406,1333273003789.53,3.9981908095030185,6.466393445529248e-07
3.0,143,1000000000000.0,0.1111111111111111,1.5762652719979322e-68,1.0,0.013888888888888885,333333333333.3333,666785642510.2734,1333273838775.9597,3.9982158399719765,2.155464481843088e-07
3.0,144,1000000000000.0,0.1111111111111111,5.254217573326452e-69,1.0,0.013888888888888885,333333333333.3333,666784007330.8009,1333274656546.8423,3.9982403546270144,7.184881606143642e-08
3.0,145,1000000000000.0,0.1111111111111111,1.7514058577754882e-69,1.0,0.013888888888888885,333333333333.3333,666782405630.0905,1333275457572.2046,3.9982643675423972,2.39496053538122e-08
3.0,146,1000000000000.0,0.1111111111111111,5.838019525918142e-70,1.0,0.013888888888888885,333333333333.3333,666780836500.4495,1333276242306.1406,3.9982878923156724,7.983201784603859e-09
3.0,147,1000000000000.0,0.1111111111111111,1.9460065086393852e-70,1.0,0.013888888888888885,333333333333.3333,666779299064.7391,1333277011187.4565,3.9983109420869116,2.661067261534626e-09
3.0,148,1000000000000.0,0.1111111111111111,6.486688362131299e-71,1.0,0.013888888888888885,333333333333.3333,666777792475.1486,1333277764640.2827,3.9983335295570646,8.870224205115439e-10
3.0,149,1000000000000.0,0.1111111111111111,2.1622294540437713e-71,1.0,0.013888888888888885,333333333333.3333,666776315912.0261,1333278503074.6606,3.998355667005439,2.9567414017051533e-10
3.0,150,1000000000000.0,0.1111111111111111,7.207431513479255e-72,1.0,0.013888888888888885,333333333333.3333,666774868582.764,1333279226887.0986,3.9983773663063906,9.855804672350535e-11
3.0,151,1000000000000.0,0.1111111111111111,2.4024771711597574e-72,1.0,0.013888888888888885,333333333333.3333,666773449720.7356,1333279936461.1062,3.998398638945239,3.2852682241168526e-11
3.0,152,1000000000000.0,0.1111111111111111,8.00825723719921e-73,1.0,0.013888888888888885,333333333333.3333,666772058584.2787,1333280632167.7014,3.998419496033467,1.0950894080389534e-11
3.0,153,1000000000000.0,0.1111111111111111,2.6694190790664095e-73,1.0,0.013888888888888885,333333333333.3333,666770694455.7278,1333281314365.895,3.9984399483232145,3.65029802679652e-12
3.0,154,1000000000000.0,0.1111111111111111,8.898063596888053e-74,1.0,0.013888888888888885,333333333333.3333,666769356640.487,1333281983403.1558,3.9984600062211477,1.2167660089321761e-12
3.0,155,1000000000000.0,0.1111111111111111,2.9660211989626913e-74,1.0,0.013888888888888885,333333333333.3333,666768044466.1478,1333282639615.8508,3.998479679801681,4.055886696440597e-13
3.0,156,1000000000000.0,0.1111111111111111,9.88673732987566e-75,1.0,0.013888888888888885,333333333333.3333,666766757281.642,1333283283329.6702,3.9984989788196277,1.351962232146869e-13
3.0,157,1000000000000.0,0.1111111111111111,3.295579109958561e-75,1.0,0.013888888888888885,333333333333.3333,666765494456.4348,1333283914860.03,3.9985179127222916,4.5065407738229065e-14
3.0,158,1000000000000.0,0.1111111111111111,1.0985263699861585e-75,1.0,0.013888888888888885,333333333333.3333,666764255379.7535,1333284534512.4592,3.99853649066102,1.5021802579409297e-14
3.0,159,1000000000000.0,0.1111111111111111,3.661754566620537e-76,1.0,0.013888888888888885,333333333333.3333,666763039459.8478,1333285142582.9688,3.9985547215022654,5.007267526469778e-15
3.0,160,1000000000000.0,0.1111111111111111,1.2205848555401818e-76,1.0,0.013888888888888885,333333333333.3333,666761846123.2836,1333285739358.4065,3.9985726138381574,1.6690891754899296e-15
3.0,161,1000000000000.0,0.1111111111111111,4.068616185133949e-77,1.0,0.013888888888888885,333333333333.3333,666760674814.267,1333286325116.794,3.9985901759966236,5.563630584966446e-16
3.0,162,1000000000000.0,0.1111111111111111,1.3562053950446528e-77,1.0,0.013888888888888885,333333333333.3333,666759524993.9974,1333286900127.6511,3.9986074160510774,1.8545435283221528e-16
3.0,163,1000000000000.0,0.1111111111111111,4.520684650148854e-78,1.0,0.013888888888888885,333333333333.3333,666758396140.0472,1333287464652.306,3.9986243418297005,6.181811761073859e-17
3.0,164,1000000000000.0,0.1111111111111111,1.5068948833829546e-78,1.0,0.013888888888888885,333333333333.3333,666757287745.7687,1333288018944.192,3.998640960924317,2.0606039203579575e-17
3.0,165,1000000000000.0,0.1111111111111111,5.022982944609861e-79,1.0,0.013888888888888885,333333333333.3333,666756199319.7258,1333288563249.1326,3.998657280698915,6.868679734526541e-18
3.0,166,1000000000000.0,0.1111111111111111,1.674327648203291e-79,1.0,0.013888888888888885,333333333333.3333,666755130385.1487,1333289097805.613,3.998673308297792,2.2895599115088527e-18
3.0,167,1000000000000.0,0.1111111111111111,5.5810921606776494e-80,1.0,0.013888888888888885,333333333333.3333,666754080479.4125,1333289622845.0422,3.9986890506533785,7.631866371696192e-19
3.0,168,1000000000000.0,0.1111111111111111,1.860364053559221e-80,1.0,0.013888888888888885,333333333333.3333,666753049153.5358,1333290138592.0037,3.9987045144937343,2.5439554572320704e-19
3.0,169,1000000000000.0,0.1111111111111111,6.201213511863909e-81,1.0,0.013888888888888885,333333333333.3333,666752035971.7015,1333290645264.4946,3.998719706349727,8.47985152410668e-20
3.0,170,1000000000000.0,0.1111111111111111,2.0670711706213075e-81,1.0,0.013888888888888885,333333333333.3333,666751040510.7961,1333291143074.1572,3.998734632561934,2.8266171747022335e-20
3.0,171,1000000000000.0,0.1111111111111111,6.890237235404374e-82,1.0,0.013888888888888885,333333333333.3333,666750062359.9672,1333291632226.499,3.9987492992872538,9.422057249007464e-21
3.0,172,1000000000000.0,0.1111111111111111,2.2967457451347972e-82,1.0,0.013888888888888885,333333333333.3333,666749101120.2006,1333292112921.1057,3.9987637125052546,3.140685749669163e-21
3.0,173,1000000000000.0,0.1111111111111111,7.655819150449341e-83,1.0,0.013888888888888885,333333333333.3333,666748156403.913,1333292585351.8445,3.998777878024266,1.0468952498897234e-21
3.0,174,1000000000000.0,0.1111111111111111,2.551939716816453e-83,1.0,0.013888888888888885,333333333333.3333,666747227834.5613,1333293049707.0588,3.9987918014872297,3.4896508329657525e-22
3.0,175,1000000000000.0,0.1111111111111111,8.50646572272153e-84,1.0,0.013888888888888885,333333333333.3333,666746315046.2668,1333293506169.758,3.9988054883773194,1.1632169443219202e-22
3.0,176,1000000000000.0,0.1111111111111111,2.835488574240517e-84,1.0,0.013888888888888885,333333333333.3333,666745417683.4558,1333293954917.7954,3.998818944023341,3.8773898144064103e-23
3.0,177,1000000000000.0,0.1111111111111111,9.451628580801744e-85,1.0,0.013888888888888885,333333333333.3333,666744535400.5125,1333294396124.0432,3.99883217360491,1.2924632714688063e-23
3.0,178,1000000000000.0,0.1111111111111111,3.150542860267255e-85,1.0,0.013888888888888885,333333333333.3333,666743667861.447,1333294829956.5579,3.998845182157442,4.308210904896031e-24
3.0,179,1000000000000.0,0.1111111111111111,1.0501809534224211e-85,1.0,0.013888888888888885,333333333333.3333,666742814739.5741,1333295256578.7415,3.99885797457694,1.436070301632014e-24
3.0,180,1000000000000.0,0.1111111111111111,3.5006031780747446e-86,1.0,0.013888888888888885,333333333333.3333,666741975717.2076,1333295676149.4941,3.998870555624602,4.786901005440057e-25
3.0,181,1000000000000.0,0.1111111111111111,1.1668677260248845e-86,1.0,0.013888888888888885,333333333333.3333,666741150485.3624,1333296088823.363,3.9988829299312485,1.5956336684799773e-25
3.0,182,1000000000000.0,0.1111111111111111,3.8895590867496244e-87,1.0,0.013888888888888885,333333333333.3333,666740338743.472,1333296494750.6846,3.998895102001585,5.318778894933271e-26
3.0,183,1000000000000.0,0.1111111111111111,1.2965196955832112e-87,1.0,0.013888888888888885,333333333333.3333,666739540199.1133,1333296894077.7207,3.9989070762183014,1.7729262983110945e-26
3.0,184,1000000000000.0,0.1111111111111111,4.321732318610714e-88,1.0,0.013888888888888885,333333333333.3333,666738754567.7443,1333297286946.7917,3.9989188568460126,5.909754327703662e-27
3.0,185,1000000000000.0,0.1111111111111111,1.4405774395369082e-88,1.0,0.013888888888888885,333333333333.3333,666737981572.4498,1333297673496.4019,3.9989304480350554,1.969918109234559e-27
3.0,186,1000000000000.0,0.1111111111111111,4.8019247984563715e-89,1.0,0.013888888888888885,333333333333.3333,666737220943.6981,1333298053861.3623,3.99894185382515,6.566393697448544e-28
3.0,187,1000000000000.0,0.1111111111111111,1.6006415994854607e-89,1.0,0.013888888888888885,333333333333.3333,666736472419.1058,1333298428172.9087,3.998953078148909,2.18879789914952e-28
3.0,188,1000000000000.0,0.1111111111111111,5.335471998284883e-90,1.0,0.013888888888888885,333333333333.3333,666735735743.2108,1333298796558.814,3.998964124835235,7.295992997165085e-29
3.0,189,1000000000000.0,0.1111111111111111,1.778490666094965e-90,1.0,0.013888888888888885,333333333333.3333,666735010667.2552,1333299159143.4973,3.998974997612581,2.4319976657217e-29
3.0,190,1000000000000.0,0.1111111111111111,5.928302220316564e-91,1.0,0.013888888888888885,333333333333.3333,666734296948.9757,1333299516048.13,3.9989857001120965,8.106658885739021e-30
3.0,191,1000000000000.0,0.1111111111111111,1.976100740105526e-91,1.0,0.013888888888888885,333333333333.3333,666733594352.3993,1333299867390.7354,3.9989962358706603,2.70221962857968e-30
3.0,192,1000000000000.0,0.1111111111111111,6.587002467018436e-92,1.0,0.013888888888888885,333333333333.3333,666732902647.6508,1333300213286.2876,3.9990066083337994,9.007398761932288e-31
3.0,193,1000000000000.0,0.1111111111111111,2.1956674890060878e-92,1.0,0.013888888888888885,333333333333.3333,666732221610.7626,1333300553846.8057,3.9990168208585084,3.0024662539773505e-31
3.0,194,1000000000000.0,0.1111111111111111,7.31889163002031e-93,1.0,0.013888888888888885,333333333333.3333,666731551023.4945,1333300889181.4434,3.9990268767159636,1.0008220846591193e-31
3.0,195,1000000000000.0,0.1111111111111111,2.439630543340109e-93,1.0,0.013888888888888885,333333333333.3333,666730890673.1587,1333301219396.5767,3.9990367790941406,3.3360736155304055e-32
3.0,196,1000000000000.0,0.1111111111111111,8.132101811133716e-94,1.0,0.013888888888888885,333333333333.3333,666730240352.4513,1333301544595.8894,3.999046531100345,1.1120245385101379e-32
3.0,197,1000000000000.0,0.1111111111111111,2.710700603711245e-94,1.0,0.013888888888888885,333333333333.3333,666729599859.289,1333301864880.4531,3.9990561357636434,3.7067484617004675e-33
3.0,198,1000000000000.0,0.1111111111111111,9.035668679037504e-95,1.0,0.013888888888888885,333333333333.3333,666728968996.6528,1333302180348.807,3.999065596037222,1.2355828205668254e-33
3.0,199,1000000000000.0,0.1111111111111111,3.011889559679175e-95,1.0,0.013888888888888885,333333333333.3333,666728347572.4357,1333302491097.032,3.999074914800653,4.118609401889428e-34
3.0,200,1000000000000.0,0.1111111111111111,1.0039631865597275e-95,1.0,0.013888888888888885,333333333333.3333,666727735399.2976,1333302797218.8262,3.9990840948620803,1.3728698006298125e-34
3.0,201,1000000000000.0,0.1111111111111111,3.3465439551991e-96,1.0,0.013888888888888885,333333333333.3333,666727132294.5227,1333303098805.5732,3.999093138960348,4.5762326687660535e-35
3.0,202,1000000000000.0,0.1111111111111111,1.1155146517330357e-96,1.0,0.013888888888888885,333333333333.3333,666726538079.8846,1333303395946.4119,3.999102049767026,1.525410889588688e-35
3.0,203,1000000000000.0,0.1111111111111111,3.718382172443461e-97,1.0,0.013888888888888885,333333333333.3333,666725952581.5133,1333303688728.3015,3.9991108298883997,5.084702965295638e-36
3.0,204,1000000000000.0,0.1111111111111111,1.239460724147788e-97,1.0,0.013888888888888885,333333333333.3333,666725375629.769,1333303977236.086,3.9991194818673597,1.694900988431835e-36
3.0,205,1000000000000.0,0.1111111111111111,4.1315357471593035e-98,1.0,0.013888888888888885,333333333333.3333,666724807059.1188,1333304261552.5544,3.999128008185255,5.649669961439464e-37
3.0,206,1000000000000.0,0.1111111111111111,1.3771785823864378e-98,1.0,0.013888888888888885,333333333333.3333,666724246708.0177,1333304541758.5017,3.9991364112636645,1.883223320479826e-37
3.0,207,1000000000000.0,0.1111111111111111,4.59059527462147e-99,1.0,0.013888888888888885,333333333333.3333,666723694418.7943,1333304817932.7847,3.9991446934661203,6.277411068266101e-38
3.0,208,1000000000000.0,0.1111111111111111,1.530198424873827e-99,1.0,0.013888888888888885,333333333333.3333,666723150037.5399,1333305090152.3784,3.9991528570997663,2.092470356088705e-38
3.0,209,1000000000000.0,0.1111111111111111,5.100661416246101e-100,1.0,0.013888888888888885,333333333333.3333,666722613414.0011,1333305358492.4297,3.999160904416966,6.974901186962366e-39
3.0,210,1000000000000.0,0.1111111111111111,1.7002204720820378e-100,1.0,0.013888888888888885,333333333333.3333,666722084401.4757,1333305623026.3088,3.9991688376168573,2.3249670623207944e-39
3.0,211,1000000000000.0,0.1111111111111111,5.667401573606806e-101,1.0,0.013888888888888885,333333333333.3333,666721562856.7134,1333305883825.6597,3.9991766588468516,7.749890207736e-40
3.0,212,1000000000000.0,0.1111111111111111,1.8891338578689398e-101,1.0,0.013888888888888885,333333333333.3333,666721048639.818,1333306140960.4485,3.999184370204091,2.583296735912006e-40
3.0,213,1000000000000.0,0.1111111111111111,6.297112859563148e-102,1.0,0.013888888888888885,333333333333.3333,666720541614.1538,1333306394499.0105,3.999191973736848,8.610989119706706e-41
3.0,214,1000000000000.0,0.1111111111111111,2.0990376198543873e-102,1.0,0.013888888888888885,333333333333.3333,666720041646.2552,1333306644508.0957,3.9991994714458925,2.8703297065689086e-41
3.0,215,1000000000000.0,0.1111111111111111,6.996792066181308e-103,1.0,0.013888888888888885,333333333333.3333,666719548605.7383,1333306891052.9124,3.9992068652858013,9.567765688563052e-42
3.0,216,1000000000000.0,0.1111111111111111,2.3322640220603754e-103,1.0,0.013888888888888885,333333333333.3333,666719062365.216,1333307134197.1697,3.999214157166237,3.1892552295209344e-42
3.0,217,1000000000000.0,0.1111111111111111,7.774213406867935e-104,1.0,0.013888888888888885,333333333333.3333,666718582800.2164,1333307374003.119,3.9992213489531756,1.0630850765069804e-42
3.0,218,1000000000000.0,0.1111111111111111,2.5914044689559844e-104,1.0,0.013888888888888885,333333333333.3333,666718109789.1019,1333307610531.594,3.9992284424701063,3.5436169216899436e-43
3.0,219,1000000000000.0,0.1111111111111111,8.63801489651997e-105,1.0,0.013888888888888885,333333333333.3333,666717643212.9938,1333307843842.0488,3.9992354394991816,1.1812056405633173e-43
3.0,220,1000000000000.0,0.1111111111111111,2.8793382988399966e-105,1.0,0.013888888888888885,333333333333.3333,666717182955.6953,1333308073992.5952,3.9992423417823395,3.937352135211067e-44
3.0,221,1000000000000.0,0.1111111111111111,9.597794329466677e-106,1.0,0.013888888888888885,333333333333.3333,666716728903.6215,1333308301040.0396,3.9992491510223895,1.3124507117370255e-44
3.0,222,1000000000000.0,0.1111111111111111,3.1992647764889e-106,1.0,0.013888888888888885,333333333333.3333,666716280945.7278,1333308525039.917,3.999255868884054,4.3748357057900946e-45
3.0,223,1000000000000.0,0.1111111111111111,1.0664215921629692e-106,1.0,0.013888888888888885,333333333333.3333,666715838973.4424,1333308746046.5266,3.9992624969949966,1.458278568596702e-45
3.0,224,1000000000000.0,0.1111111111111111,3.554738640543239e-107,1.0,0.013888888888888885,333333333333.3333,666715402880.6005,1333308964112.9624,3.999269036946804,4.860928561989017e-46
3.0,225,1000000000000.0,0.1111111111111111,1.1849128801810824e-107,1.0,0.013888888888888885,333333333333.3333,666714972563.3813,1333309179291.147,3.9992754902959344,1.6203095206630095e-46
3.0,226,1000000000000.0,0.1111111111111111,3.949709600603617e-108,1.0,0.013888888888888885,333333333333.3333,666714547920.2448,1333309391631.8618,3.9992818585646552,5.401031735543378e-47
3.0,227,1000000000000.0,0.1111111111111111,1.316569866867838e-108,1.0,0.013888888888888885,333333333333.3333,666714128851.8728,1333309601184.7773,3.9992881432419325,1.8003439118477455e-47
3.0,228,1000000000000.0,0.1111111111111111,4.388566222892805e-109,1.0,0.013888888888888885,333333333333.3333,666713715261.1108,1333309807998.482,3.9992943457843038,6.001146372825834e-48
3.0,229,1000000000000.0,0.1111111111111111,1.4628554076309382e-109,1.0,0.013888888888888885,333333333333.3333,666713307052.9113,1333310012120.509,3.9993004676167208,2.0003821242752828e-48
3.0,230,1000000000000.0,0.1111111111111111,4.8761846921031385e-110,1.0,0.013888888888888885,333333333333.3333,666712904134.2798,1333310213597.367,3.9993065101333696,6.6679404142509576e-49
3.0,231,1000000000000.0,0.1111111111111111,1.6253948973677166e-110,1.0,0.013888888888888885,333333333333.3333,666712506414.2212,1333310412474.5627,3.9993124746984634,2.222646804750324e-49
3.0,232,1000000000000.0,0.1111111111111111,5.417982991225735e-111,1.0,0.013888888888888885,333333333333.3333,666712113803.6886,1333310608796.6296,3.99931836264701,7.408822682501098e-50
3.0,233,1000000000000.0,0.1111111111111111,1.8059943304085826e-111,1.0,0.013888888888888885,333333333333.3333,666711726215.5338,1333310802607.151,3.999324175285565,2.469607560833705e-50
3.0,234,1000000000000.0,0.1111111111111111,6.019981101361956e-112,1.0,0.013888888888888885,333333333333.3333,666711343564.4587,1333310993948.7847,3.9993299138929497,8.232025202779038e-51
3.0,235,1000000000000.0,0.1111111111111111,2.0066603671206568e-112,1.0,0.013888888888888885,333333333333.3333,666710965766.968,1333311182863.2876,3.9993355797209587,2.744008400926352e-51
3.0,236,1000000000000.0,0.1111111111111111,6.688867890402205e-113,1.0,0.013888888888888885,333333333333.3333,666710592741.3245,1333311369391.5364,3.999341173995039,9.146694669754528e-52
3.0,237,1000000000000.0,0.1111111111111111,2.2296226301340737e-113,1.0,0.013888888888888885,333333333333.3333,666710224407.5038,1333311553573.5518,3.999346697914957,3.048898223251517e-52
3.0,238,1000000000000.0,0.1111111111111111,7.432075433780263e-114,1.0,0.013888888888888885,333333333333.3333,666709860687.1523,1333311735448.5186,3.99935215265544,1.0162994077505081e-52
3.0,239,1000000000000.0,0.1111111111111111,2.47735847792676e-114,1.0,0.013888888888888885,333333333333.3333,666709501503.5458,1333311915054.8064,3.9993575393667937,3.3876646925017012e-53
3.0,240,1000000000000.0,0.1111111111111111,8.257861593089219e-115,1.0,0.013888888888888885,333333333333.3333,666709146781.547,1333312092429.992,3.9993628591755246,1.1292215641672362e-53
3.0,241,1000000000000.0,0.1111111111111111,2.752620531029746e-115,1.0,0.013888888888888885,333333333333.3333,666708796447.5693,1333312267610.8757,3.9993681131849095,3.7640718805574633e-54
3.0,242,1000000000000.0,0.1111111111111111,9.175401770099176e-116,1.0,0.013888888888888885,333333333333.3333,666708450429.5359,1333312440633.5032,3.9993733024755835,1.2546906268524908e-54
3.0,243,1000000000000.0,0.1111111111111111,3.0584672566997325e-116,1.0,0.013888888888888885,333333333333.3333,666708108656.8438,1333312611533.1829,3.999378428106089,4.182302089508312e-55
3.0,244,1000000000000.0,0.1111111111111111,1.01948908556658e-116,1.0,0.013888888888888885,333333333333.3333,666707771060.3286,1333312780344.5037,3.9993834911134107,1.394100696502774e-55
3.0,245,1000000000000.0,0.1111111111111111,3.398296951888415e-117,1.0,0.013888888888888885,333333333333.3333,666707437572.2279,1333312947101.353,3.999388492513509,4.64700232167566e-56
3.0,246,1000000000000.0,0.1111111111111111,1.132765650629474e-117,1.0,0.013888888888888885,333333333333.3333,666707108126.1484,1333313111836.9346,3.999393433301826,1.5490007738918902e-56
3.0,247,1000000000000.0,0.1111111111111111,3.775885502098256e-118,1.0,0.013888888888888885,333333333333.3333,666706782657.0328,1333313274583.783,3.9993983144537775,5.16333591297298e-57
3.0,248,1000000000000.0,0.1111111111111111,1.2586285006994217e-118,1.0,0.013888888888888885,333333333333.3333,666706461101.1271,1333313435373.781,3.99940313692524,1.7211119709909974e-57
3.0,249,1000000000000.0,0.1111111111111111,4.195428335664749e-119,1.0,0.013888888888888885,333333333333.3333,666706143395.9495,1333313594238.1753,3.9994079016530155,5.737039903303338e-58
3.0,250,1000000000000.0,0.1111111111111111,1.3984761118882527e-119,1.0,0.013888888888888885,333333333333.3333,666705829480.2607,1333313751207.5916,3.9994126095552844,1.9123466344344504e-58
3.0,251,1000000000000.0,0.1111111111111111,4.661587039627521e-120,1.0,0.013888888888888885,333333333333.3333,666705519294.0342,1333313906312.0486,3.9994172615320527,6.374488781448184e-59
3.0,252,1000000000000.0,0.1111111111111111,1.5538623465425104e-120,1.0,0.013888888888888885,333333333333.3333,666705212778.4265,1333314059580.9731,3.9994218584655767,2.1248295938160663e-59
3.0,253,1000000000000.0,0.1111111111111111,5.179541155141714e-121,1.0,0.013888888888888885,333333333333.3333,666704909875.7509,1333314211043.214,3.9994264012207883,7.082765312720237e-60
3.0,254,1000000000000.0,0.1111111111111111,1.7265137183805753e-121,1.0,0.013888888888888885,333333333333.3333,666704610529.4487,1333314360727.056,3.999430890645695,2.3609217709067512e-60
3.0,255,1000000000000.0,0.1111111111111111,5.755045727935265e-122,1.0,0.013888888888888885,333333333333.3333,666704314684.0645,1333314508660.2312,3.9994353275717764,7.869739236355856e-61
3.0,256,1000000000000.0,0.1111111111111111,1.918348575978426e-122,1.0,0.013888888888888885,333333333333.3333,666704022285.2188,1333314654869.9346,3.9994397128143766,2.623246412118625e-61
3.0,257,1000000000000.0,0.1111111111111111,6.394495253261435e-123,1.0,0.013888888888888885,333333333333.3333,666703733279.584,1333314799382.8342,3.9994440471730663,8.744154707062104e-62
3.0,258,1000000000000.0,0.1111111111111111,2.1314984177538165e-123,1.0,0.013888888888888885,333333333333.3333,666703447614.8605,1333314942225.0847,3.999448331432021,2.914718235687374e-62
3.0,259,1000000000000.0,0.1111111111111111,7.104994725846073e-124,1.0,0.013888888888888885,333333333333.3333,666703165239.752,1333315083422.3386,3.9994525663603615,9.715727452291271e-63
3.0,260,1000000000000.0,0.1111111111111111,2.3683315752820297e-124,1.0,0.013888888888888885,333333333333.3333,666702886103.9425,1333315222999.7583,3.9994567527125113,3.2385758174304314e-63
5.0,2,1000000000000.0,0.039938556067588324,0.19230769230769235,1.0,0.0016540782112359344,199846331133.66962,915810939779.251,1112697280528.3735,1.4761904761904763,2.629712191965261e+60
5.0,3,1000000000000.0,0.03999754239370853,0.03840245775729648,1.0,0.0016659583960896705,199993855889.8961,870121122409.1417,1150113662561.357,1.7471174540207743,5.25134539102126e+59
5.0,4,1000000000000.0,0.03999990169598994,0.007680019660850333,1.0,0.0016666301439920666,199999754239.82385,846399103048.8555,1167734321902.7048,1.9034334684740355,1.0502045495068933e+59
5.0,5,1000000000000.0,0.03999999606783998,0.0015360001572864164,1.0,0.001666664878079985,199999990169.5997,832820370970.5764,1177459139513.6013,1.9988905323925263,2.1004039370478564e+58
5.0,6,1000000000000.0,0.03999999984271361,0.0003072000012582915,1.0,0.0016666665820160014,199999999606.78403,824386105030.093,1183379711527.2935,2.0605678152466886,4.2008074611394976e+57
5.0,7,1000000000000.0,0.03999999999370854,6.144000001006632e-05,1.0,0.0016666666627563524,199999999984.27133,818809005134.917,1187245472841.5732,2.1024023039292765,8.401614889242493e+56
5.0,8,1000000000000.0,0.03999999999974834,1.228800000008054e-05,1.0,0.001666666666489283,199999999999.37085,814937391264.788,1189906319129.979,2.131950182900124,1.6803229775842077e+56
5.0,9,1000000000000.0,0.03999999999998993,2.457600000000648e-06,1.0,0.001666666666658733,199999999999.97482,812143702482.3701,1191814837345.8452,2.153534400291658,3.3606459551472747e+55
5.0,10,1000000000000.0,0.039999999999999605,4.915200000000053e-07,1.0,0.001666666666666317,199999999999.99902,810063460819.0858,1193229730372.9006,2.169751739166311,6.721291910292851e+54
5.0,11,1000000000000.0,0.03999999999999998,9.830400000000016e-08,1.0,0.0016666666666666516,199999999999.99997,808473666537.3663,1194307469002.6965,2.182230087016773,1.3442583820585577e+54
5.0,12,1000000000000.0,0.04,1.966080000000004e-08,1.0,0.0016666666666666668,200000000000.0,807231858284.5819,1195147157035.6602,2.192028409804176,2.688516764117116e+53
5.0,13,1000000000000.0,0.04,3.9321600000000105e-09,1.0,0.0016666666666666674,200000000000.0,806243657418.3208,1195814017676.967,2.199858048747564,5.377033528234236e+52
5.0,14,1000000000000.0,0.04,7.86432e-10,1.0,0.0016666666666666674,200000000000.0,805444572709.0585,1196352389680.1987,2.2062103816307426,1.0754067056468444e+52
5.0,15,1000000000000.0,0.04,1.572864000000001e-10,1.0,0.0016666666666666674,200000000000.0,804789343765.6265,1196793262080.5034,2.211433256544844,2.1508134112936903e+51
5.0,16,1000000000000.0,0.04,3.1457280000000046e-11,1.0,0.0016666666666666676,200000000000.0,804245460121.7462,1197158819820.3113,2.215778289763453,4.3016268225873835e+50
5.0,17,1000000000000.0,0.04,6.291456000000014e-12,1.0,0.0016666666666666674,200000000000.0,803789088502.1499,1197465281836.9656,2.2194310056264794,8.603253645174775e+49
5.0,18,1000000000000.0,0.04,1.2582912000000036e-12,1.0,0.0016666666666666674,200000000000.0,803402438780.7838,1197724726872.2012,2.222530552201913,1.720650729034956e+49
5.0,19,1000000000000.0,0.04,2.5165824e-13,1.0,0.0016666666666666674,200000000000.0,803072016547.6722,1197946299396.6194,2.22518290410393,3.4413014580699026e+48
5.0,20,1000000000000.0,0.04,5.033164800000005e-14,1.0,0.0016666666666666674,200000000000.0,802787437314.479,1198137024922.4631,2.2274698924487963,6.882602916139811e+47
5.0,21,1000000000000.0,0.04,1.0066329600000052e-14,1.0,0.0016666666666666674,200000000000.0,802540605357.5278,1198302372839.3318,2.2294554996896663,1.376520583227968e+47
5.0,22,1000000000000.0,0.04,2.013265920000005e-15,1.0,0.0016666666666666674,200000000000.0,802325134584.1459,1198446652302.276,2.231190324345102,2.753041166455929e+46
5.0,23,1000000000000.0,0.04,4.0265318399999985e-16,1.0,0.0016666666666666674,200000000000.0,802135933274.7013,1198573295443.1797,2.2327147979777284,5.506082332911841e+45
5.0,24,1000000000000.0,0.04,8.053063680000031e-17,1.0,0.0016666666666666674,200000000000.0,801968901812.4137,1198685063111.1538,2.2340615367595573,1.101216466582373e+45
5.0,25,1000000000000.0,0.04,1.610612736000002e-17,1.0,0.0016666666666666674,200000000000.0,801820709610.8071,1198784196442.0542,2.235257083300309,2.20243293316474e+44
5.0,26,1000000000000.0,0.04,3.2212254720000175e-18,1.0,0.0016666666666666674,200000000000.0,801688628398.3469,1198872529961.704,2.2363232126279775,4.4048658663294985e+43
5.0,27,1000000000000.0,0.04,6.442450944000017e-19,1.0,0.0016666666666666674,200000000000.0,801570406166.9835,1198951576986.0337,2.23727792244153,8.809731732658974e+42
5.0,28,1000000000000.0,0.04,1.2884901887999999e-19,1.0,0.0016666666666666674,200000000000.0,801464170838.757,1199022594808.6814,2.2381361918147267,1.7619463465317896e+42
5.0,29,1000000000000.0,0.04,2.576980377600011e-20,1.0,0.0016666666666666674,200000000000.0,801368355909.2478,1199086634963.1746,2.238910568134347,3.523892693063595e+41
5.0,30,1000000000000.0,0.04,5.153960755200007e-21,1.0,0.0016666666666666674,200000000000.0,801281642522.3043,1199144582340.5774,2.239611625259336,7.04778538612717e+40
5.0,31,1000000000000.0,0.04,1.0307921510400058e-21,1.0,0.0016666666666666674,200000000000.0,801202913955.7102,1199197185899.3328,2.240248324168234,1.4095570772254398e+40
5.0,32,1000000000000.0,0.04,2.061584302080006e-22,1.0,0.0016666666666666674,200000000000.0,801131219570.6556,1199245082970.6304,2.240828299084006,2.819114154450872e+39
5.0,33,1000000000000.0,0.04,4.1231686041600006e-23,1.0,0.0016666666666666674,200000000000.0,801065746042.1001,1199288818641.287,2.2413580861498876,5.6382283089017285e+38
5.0,34,1000000000000.0,0.04,8.246337208320036e-24,1.0,0.0016666666666666674,200000000000.0,801005794237.4102,1199328861321.2373,2.2418433074566737,1.1276456617803506e+38
5.0,35,1000000000000.0,0.04,1.6492674416640028e-24,1.0,0.0016666666666666674,200000000000.0,800950760511.0952,1199365615330.3289,2.242288820103592,2.255291323560695e+37
5.0,36,1000000000000.0,0.04,3.2985348833280197e-25,1.0,0.0016666666666666674,200000000000.0,800900121477.6968,1199399431139.1892,2.242698837677582,4.510582647121409e+36
5.0,37,1000000000000.0,0.04,6.59706976665602e-26,1.0,0.0016666666666666674,200000000000.0,800853421543.1261,1199430613750.8196,2.2430770298279463,9.021165294242792e+35
5.0,38,1000000000000.0,0.04,1.3194139533312004e-26,1.0,0.0016666666666666674,200000000000.0,800810262637.9834,1199459429598.8855,2.2434266043330267,1.8042330588485536e+35
5.0,39,1000000000000.0,0.04,2.6388279066624124e-27,1.0,0.0016666666666666674,200000000000.0,800770295719.5333,1199486112255.2654,2.2437503750878514,3.6084661176971224e+34
5.0,40,1000000000000.0,0.04,5.277655813324811e-28,1.0,0.0016666666666666674,200000000000.0,800733213702.6063,1199510867176.0735,2.2440508187049186,7.216932235394226e+33
5.0,41,1000000000000.0,0.04,1.055531162664959e-28,1.0,0.0016666666666666674,200000000000.0,800698745551.364,1199533875666.9077,2.244330121855054,1.443386447078841e+33
5.0,42,1000000000000.0,0.04,2.1110623253299422e-29,1.0,0.0016666666666666674,200000000000.0,800666651319.1238,1199555298210.7246,2.244590221038909,2.8867728941577146e+32
5.0,43,1000000000000.0,0.04,4.222124650659873e-30,1.0,0.0016666666666666674,200000000000.0,800636717966.3313,1199575277272.7944,2.2448328361403926,5.773545788315415e+31
5.0,44,1000000000000.0,0.04,8.44424930131972e-31,1.0,0.0016666666666666674,200000000000.0,800608755820.2635,1199593939674.559,2.2450594988480788,1.1547091576630794e+31
5.0,45,1000000000000.0,0.04,1.6888498602639397e-31,1.0,0.0016666666666666674,200000000000.0,800582595566.369,1199611398610.49,2.2452715768219034,2.3094183153261526e+30
5.0,46,1000000000000.0,0.04,3.37769972052787e-32,1.0,0.0016666666666666674,200000000000.0,800558085681.9438,1199627755367.998,2.2454702943173994,4.618836630652292e+29
5.0,47,1000000000000.0,0.04,6.755399441055816e-33,1.0,0.0016666666666666674,200000000000.0,800535090239.3716,1199643100799.3342,2.245656749848394,9.23767326130469e+28
5.0,48,1000000000000.0,0.04,1.3510798882111596e-33,1.0,0.0016666666666666676,200000000000.0,800513487019.3414,1199657516585.5188,2.2458319313641435,1.8475346522609329e+28
5.0,49,1000000000000.0,0.04,2.7021597764223116e-34,1.0,0.0016666666666666674,200000000000.0,800493165885.0632,1199671076325.2188,2.2459967293325533,3.6950693045218557e+27
5.0,50,1000000000000.0,0.04,5.404319552844608e-35,1.0,0.0016666666666666674,200000000000.0,800474027377.0176,1199683846475.736,2.246151948053087,7.39013860904369e+26
5.0,51,1000000000000.0,0.04,1.0808639105689185e-35,1.0,0.0016666666666666674,200000000000.0,800455981494.7184,1199695887168.6304,2.246298315467808,1.4780277218087337e+26
5.0,52,1000000000000.0,0.04,2.1617278211378616e-36,1.0,0.0016666666666666674,200000000000.0,800438946637.5756,1199707252918.698,2.2464364916940562,2.9560554436175015e+25
5.0,53,1000000000000.0,0.04,4.323455642275711e-37,1.0,0.0016666666666666674,200000000000.0,800422848681.5533,1199717993241.9565,2.2465670764655683,5.912110887234987e+24
5.0,54,1000000000000.0,0.04,8.646911284551399e-38,1.0,0.0016666666666666674,200000000000.0,800407620172.0881,1199728153195.737,2.2466906156386894,1.182422177446994e+24
5.0,55,1000000000000.0,0.04,1.729382256910275e-38,1.0,0.0016666666666666674,200000000000.0,800393199616.8342,1199737773851.9058,2.246807606895496,2.3648443548939814e+23
5.0,56,1000000000000.0,0.04,3.45876451382054e-39,1.0,0.0016666666666666674,200000000000.0,800379530864.3728,1199746892712.5115,2.2469185047551052,4.729688709787949e+22
5.0,57,1000000000000.0,0.04,6.9175290276411595e-40,1.0,0.0016666666666666674,200000000000.0,800366562557.1515,1199755544075.7295,2.2470237249874128,9.459377419576007e+21
5.0,58,1000000000000.0,0.04,1.383505805528228e-40,1.0,0.0016666666666666674,200000000000.0,800354247648.6868,1199763759358.7766,2.247123648509299,1.891875483915196e+21
5.0,59,1000000000000.0,0.04,2.7670116110564487e-41,1.0,0.0016666666666666674,200000000000.0,800342542976.5498,1199771567383.487,2.2472186248314796,3.783750967830382e+20
5.0,60,1000000000000.0,0.04,5.534023222112881e-42,1.0,0.0016666666666666674,200000000000.0,800331408883.8872,1199778994629.3994,2.2473089751142594,7.567501935660741e+19
5.0,61,1000000000000.0,0.04,1.1068046444225731e-42,1.0,0.0016666666666666674,200000000000.0,800320808883.2747,1199786065458.5137,2.2473949948820686,1.5135003871321442e+19
5.0,62,1000000000000.0,0.04,2.2136092888451715e-43,1.0,0.0016666666666666674,200000000000.0,800310709357.5789,1199792802315.2869,2.2474769564396317,3.027000774264323e+18
5.0,63,1000000000000.0,0.04,4.427218577690331e-44,1.0,0.0016666666666666674,200000000000.0,800301079293.2438,1199799225904.93,2.2475551110266583,6.054001548528628e+17
5.0,64,1000000000000.0,0.04,8.854437155380637e-45,1.0,0.0016666666666666674,200000000000.0,800291890042.0454,1199805355352.6633,2.247629690742882,1.2108003097057224e+17
5.0,65,1000000000000.0,0.04,1.7708874310761224e-45,1.0,0.0016666666666666674,200000000000.0,800283115107.8953,1199811208346.2144,2.2477009102710164,2.421600619411438e+16
5.0,66,1000000000000.0,0.04,3.541774862152235e-46,1.0,0.0016666666666666674,200000000000.0,800274729955.7292,1199816801263.5447,2.247768968421479,4843201238822863.0
5.0,67,1000000000000.0,0.04,7.083549724304551e-47,1.0,0.0016666666666666674,200000000000.0,800266711839.9033,1199822149287.5305,2.247834049519656,968640247764583.8
5.0,68,1000000000000.0,0.04,1.4167099448609062e-47,1.0,0.0016666666666666674,200000000000.0,800259039649.8555,1199827266509.0967,2.2478963246537904,193728049552916.2
5.0,69,1000000000000.0,0.04,2.833419889721804e-48,1.0,0.0016666666666666674,200000000000.0,800251693771.0748,1199832166020.1172,2.247955952799244,38745609910583.125
5.0,70,1000000000000.0,0.04,5.6668397794435935e-49,1.0,0.0016666666666666674,200000000000.0,800244655959.6699,1199836859997.2205,2.2480130818329522,7749121982116.6045
5.0,71,1000000000000.0,0.04,1.1333679558887155e-49,1.0,0.0016666666666666674,200000000000.0,800237909229.0347,1199841359777.5095,2.2480678494501447,1549824396423.3164
5.0,72,1000000000000.0,0.04,2.266735911777457e-50,1.0,0.0016666666666666674,200000000000.0,800231437747.2983,1199845675927.0718,2.2481203839939505,309964879284.6669
5.0,73,1000000000000.0,0.04,4.533471823554901e-51,1.0,0.0016666666666666674,200000000000.0,800225226744.4006,1199849818303.0544,2.2481708052072134,61992975856.9332
5.0,74,1000000000000.0,0.04,9.066943647109776e-52,1.0,0.0016666666666666674,200000000000.0,800219262427.7777,1199853796109.9858,2.248219224914747,12398595171.386604
5.0,75,1000000000000.0,0.04,1.8133887294219502e-52,1.0,0.0016666666666666674,200000000000.0,800213531905.7529,1199857617950.947,2.248265747643287,2479719034.2773137
5.0,76,1000000000000.0,0.04,3.6267774588438905e-53,1.0,0.0016666666666666674,200000000000.0,800208023117.8433,1199861291874.1206,2.248310471185551,495943806.85546136
5.0,77,1000000000000.0,0.04,7.253554917687863e-54,1.0,0.0016666666666666674,200000000000.0,800202724771.2747,1199864825415.1914,2.248353487114101,99188761.37109339
5.0,78,1000000000000.0,0.04,1.4507109835375686e-54,1.0,0.0016666666666666674,200000000000.0,800197626283.0822,1199868225636.0156,2.2483948812500407,19837752.274218626
5.0,79,1000000000000.0,0.04,2.901421967075129e-55,1.0,0.0016666666666666674,200000000000.0,800192717727.2428,1199871499159.9265,2.2484347340910245,3967550.454843714
5.0,80,1000000000000.0,0.04,5.8028439341502425e-56,1.0,0.0016666666666666676,200000000000.0,800187989786.3427,1199874652204.0093,2.248473121202577,793510.0909687406
5.0,81,1000000000000.0,0.04,1.1605687868300616e-56,1.0,0.0016666666666666674,200000000000.0,800183433707.3444,1199877690608.6401,2.2485101135762635,158702.01819374991
5.0,82,1000000000000.0,0.04,2.321137573660084e-57,1.0,0.0016666666666666674,200000000000.0,800179041261.0588,1199880619864.5483,2.248545777957882,31740.403638749453
5.0,83,1000000000000.0,0.04,4.642275147320221e-58,1.0,0.0016666666666666674,200000000000.0,800174804704.9723,1199883445137.6348,2.2485801771485106,6348.080727749962
5.0,84,1000000000000.0,0.04,9.284550294640547e-59,1.0,0.0016666666666666674,200000000000.0,800170716749.114,1199886171291.7644,2.248613370280954,1269.6161455500069
5.0,85,1000000000000.0,0.04,1.856910058928078e-59,1.0,0.0016666666666666674,200000000000.0,800166770524.6852,1199888802909.7095,2.2486454130738456,253.92322910999707
5.0,86,1000000000000.0,0.04,3.713820117856198e-60,1.0,0.0016666666666666674,200000000000.0,800162959555.1954,1199891344312.4219,2.2486763580654565,50.78464582199999
5.0,87,1000000000000.0,0.04,7.42764023571227e-61,1.0,0.0016666666666666674,200000000000.0,800159277729.88,1199893799576.7778,2.248706254829033,10.156929164399827
5.0,88,1000000000000.0,0.04,1.4855280471424712e-61,1.0,0.0016666666666666674,200000000000.0,800155719279.1968,1199896172551.9385,2.2487351501713246,2.0313858328799883
5.0,89,1000000000000.0,0.04,2.971056094284976e-62,1.0,0.0016666666666666674,200000000000.0,800152278752.2147,1199898466874.4426,2.248763088315774,0.4062771665760023
5.0,90,1000000000000.0,0.04,5.942112188569851e-63,1.0,0.0016666666666666674,200000000000.0,800148950995.7329,1199900685982.1475,2.2487901110717052,0.08125543331519908
5.0,91,1000000000000.0,0.04,1.1884224377139839e-63,1.0,0.0016666666666666674,200000000000.0,800145731134.9792,1199902833127.1118,2.2488162579907383,0.016251086663040003
5.0,92,1000000000000.0,0.04,2.3768448754279272e-64,1.0,0.0016666666666666674,200000000000.0,800142614555.7507,1199904911387.5178,2.248841566511498,0.003250217332607945
5.0,93,1000000000000.0,0.04,4.7536897508559085e-65,1.0,0.0016666666666666674,200000000000.0,800139596887.8795,1199906923678.7085,2.2488660720936235,0.0006500434665215964
5.0,94,1000000000000.0,0.04,9.507379501711925e-66,1.0,0.0016666666666666674,200000000000.0,800136673989.9064,1199908872763.4155,2.2488898083419677,0.00013000869330432078
5.0,95,1000000000000.0,0.04,1.901475900342353e-66,1.0,0.0016666666666666674,200000000000.0,800133841934.869,1199910761261.2473,2.248912807121794,2.600173866086371e-05
5.0,96,1000000000000.0,0.04,3.8029518006847485e-67,1.0,0.0016666666666666674,200000000000.0,800131096997.107,1199912591657.4949,2.248935098665717,5.200347732172801e-06
5.0,97,1000000000000.0,0.04,7.605903601369368e-68,1.0,0.0016666666666666674,200000000000.0,800128435640.0071,1199914366311.311,2.248956711673048,1.0400695464345426e-06
5.0,98,1000000000000.0,0.04,1.5211807202738912e-68,1.0,0.0016666666666666674,200000000000.0,800125854504.606,1199916087463.3167,2.2489776734021647,2.080139092869109e-07
5.0,99,1000000000000.0,0.04,3.0423614405478165e-69,1.0,0.0016666666666666674,200000000000.0,800123350398.9916,1199917757242.6755,2.2489980097564546,4.160278185738265e-08
5.0,100,1000000000000.0,0.04,6.08472288109553e-70,1.0,0.0016666666666666674,200000000000.0,800120920288.4304,1199919377673.6816,2.2490177453643265,8.320556371476389e-09
5.0,101,1000000000000.0,0.04,1.21694457621912e-70,1.0,0.0016666666666666674,200000000000.0,800118561286.1719,1199920950681.8965,2.249036903653782,1.664111274295297e-09
5.0,102,1000000000000.0,0.04,2.433889152438199e-71,1.0,0.0016666666666666674,200000000000.0,800116270644.8728,1199922478099.8733,2.249055506921932,3.3282225485905376e-10
5.0,103,1000000000000.0,0.04,4.867778304876453e-72,1.0,0.0016666666666666674,200000000000.0,800114045748.5962,1199923961672.4941,2.2490735763998746,6.65644509718115e-11
5.0,104,1000000000000.0,0.04,9.735556609753017e-73,1.0,0.0016666666666666674,200000000000.0,800111884105.341,1199925403061.9575,2.2490911323132625,1.3312890194362454e-11
5.0,105,1000000000000.0,0.04,1.94711132195057e-73,1.0,0.0016666666666666674,200000000000.0,800109783340.0629,1199926803852.434,2.2491081939389033,2.662578038872445e-12
5.0,106,1000000000000.0,0.04,3.894222643901185e-74,1.0,0.0016666666666666674,200000000000.0,800107741188.1481,1199928165554.4216,2.2491247796576643,5.325156077744951e-13
5.0,107,1000000000000.0,0.04,7.788445287802237e-75,1.0,0.0016666666666666674,200000000000.0,800105755489.3102,1199929489608.8188,2.2491409070039836,1.0650312155489722e-13
5.0,108,1000000000000.0,0.04,1.557689057560465e-75,1.0,0.0016666666666666674,200000000000.0,800103824181.8743,1199930777390.7378,2.249156592712207,2.1300624310979684e-14
5.0,109,1000000000000.0,0.04,3.115378115120966e-76,1.0,0.0016666666666666674,200000000000.0,800101945297.4255,1199932030213.0767,2.2491718527599986,4.260124862195986e-15
5.0,110,1000000000000.0,0.04,6.230756230241826e-77,1.0,0.0016666666666666674,200000000000.0,800100116955.7915,1199933249329.8652,2.249186702409026,8.520249724391827e-16
5.0,111,1000000000000.0,0.04,1.2461512460483794e-77,1.0,0.0016666666666666674,200000000000.0,800098337360.339,1199934435939.4062,2.2492011562431125,1.7040499448783847e-16
5.0,112,1000000000000.0,0.04,2.4923024920967164e-78,1.0,0.0016666666666666676,200000000000.0,800096604793.5577,1199935591187.2192,2.24921522820405,3.408099889756712e-17
5.0,113,1000000000000.0,0.04,4.9846049841934893e-79,1.0,0.0016666666666666674,200000000000.0,800094917612.9163,1199936716168.8071,2.2492289316252108,6.8161997795135e-18
5.0,114,1000000000000.0,0.04,9.969209968387094e-80,1.0,0.0016666666666666674,200000000000.0,800093274246.9691,1199937811932.2537,2.249242279263134,1.363239955902716e-18
5.0,115,1000000000000.0,0.04,1.993841993677385e-80,1.0,0.0016666666666666674,200000000000.0,800091673191.6952,1199938879480.6648,2.2492552833272104,2.726479911805385e-19
5.0,116,1000000000000.0,0.04,3.9876839873548154e-81,1.0,0.0016666666666666674,200000000000.0,800090113007.0574,1199939919774.4668,2.2492679555076003,5.452959823610833e-20
5.0,117,1000000000000.0,0.04,7.975367974709496e-82,1.0,0.0016666666666666674,200000000000.0,800088592313.7631,1199940933733.5654,2.2492803070015084,1.0905919647221481e-20
5.0,118,1000000000000.0,0.04,1.5950735949419173e-82,1.0,0.0016666666666666674,200000000000.0,800087109790.2156,1199941922239.3806,2.2492923485379155,2.1811839294443213e-21
5.0,119,1000000000000.0,0.04,3.190147189883871e-83,1.0,0.0016666666666666674,200000000000.0,800085664169.642,1199942886136.7622,2.2493040904008748,4.362367858888692e-22
5.0,120,1000000000000.0,0.04,6.380294379767634e-84,1.0,0.0016666666666666674,200000000000.0,800084254237.3867,1199943826235.797,2.249315542451473,8.724735717777236e-23
5.0,121,1000000000000.0,0.04,1.2760588759535412e-84,1.0,0.0016666666666666674,200000000000.0,800082878828.3591,1199944743313.51,2.2493267141485305,1.744947143555467e-23
5.0,122,1000000000000.0,0.04,2.552117751907039e-85,1.0,0.0016666666666666674,200000000000.0,800081536824.6273,1199945638115.4702,2.2493376145681325,3.489894287110874e-24
5.0,123,1000000000000.0,0.04,5.104235503814136e-86,1.0,0.0016666666666666674,200000000000.0,800080227153.1448,1199946511357.3071,2.2493482524220605,6.979788574221829e-25
5.0,124,1000000000000.0,0.04,1.020847100762839e-86,1.0,0.0016666666666666674,200000000000.0,800078948783.6061,1199947363726.1428,2.249358636075204,1.3959577148443818e-25
5.0,125,1000000000000.0,0.04,2.041694201525643e-87,1.0,0.0016666666666666674,200000000000.0,800077700726.4192,1199948195881.9417,2.2493687735619945,2.791915429688716e-26
5.0,126,1000000000000.0,0.04,4.083388403051333e-88,1.0,0.0016666666666666674,200000000000.0,800076482030.791,1199949008458.79,2.249378672601957,5.583830859377496e-27
5.0,127,1000000000000.0,0.04,8.166776806102527e-89,1.0,0.0016666666666666674,200000000000.0,800075291782.916,1199949802066.1038,2.249388340614397,1.11676617187548e-27
5.0,128,1000000000000.0,0.04,1.633355361220524e-89,1.0,0.0016666666666666674,200000000000.0,800074129104.2626,1199950577289.7715,2.249397784732306,2.233532343750986e-28
5.0,129,1000000000000.0,0.04,3.2667107224410854e-90,1.0,0.0016666666666666674,200000000000.0,800072993149.9519,1199951334693.2354,2.2494070118155167,4.467064687502023e-29
5.0,130,1000000000000.0,0.04,6.53342144488206e-91,1.0,0.0016666666666666674,200000000000.0,800071883107.2227,1199952074818.5166,2.249416028463161,8.934129375003893e-30
5.0,131,1000000000000.0,0.04,1.3066842889764268e-91,1.0,0.0016666666666666674,200000000000.0,800070798193.9775,1199952798187.1836,2.2494248410254647,1.786825875000799e-30
5.0,132,1000000000000.0,0.04,2.6133685779528093e-92,1.0,0.0016666666666666674,200000000000.0,800069737657.405,1199953505301.2725,2.249433455614932,3.573651750001538e-31
5.0,133,1000000000000.0,0.04,5.226737155905679e-93,1.0,0.0016666666666666674,200000000000.0,800068700772.6735,1199954196644.1577,2.249441878116941,7.147303500003157e-32
5.0,134,1000000000000.0,0.04,1.0453474311811475e-93,1.0,0.0016666666666666674,200000000000.0,800067686841.6918,1199954872681.3792,2.249450114199801,1.4294607000006477e-32
5.0,135,1000000000000.0,0.04,2.0906948623622596e-94,1.0,0.0016666666666666674,200000000000.0,800066695191.9353,1199955533861.4238,2.249458169324281,2.858921400001247e-33
5.0,136,1000000000000.0,0.04,4.181389724724567e-95,1.0,0.0016666666666666674,200000000000.0,800065725175.33,1199956180616.473,2.2494660487526694,5.7178428000025585e-34
5.0,137,1000000000000.0,0.04,8.36277944944899e-96,1.0,0.0016666666666666674,200000000000.0,800064776167.1927,1199956813363.1057,2.249473757557362,1.1435685600004922e-34
5.0,138,1000000000000.0,0.04,1.6725558898898173e-96,1.0,0.0016666666666666674,200000000000.0,800063847565.2273,1199957432502.972,2.249481300629026,2.2871371200010104e-35
5.0,139,1000000000000.0,0.04,3.3451117797796727e-97,1.0,0.0016666666666666674,200000000000.0,800062938788.5665,1199958038423.4285,2.249488682684362,4.574274240002073e-36
5.0,140,1000000000000.0,0.04,6.690223559559232e-98,1.0,0.0016666666666666674,200000000000.0,800062049276.8649,1199958631498.1462,2.2494959082734702,9.14854848000399e-37
5.0,141,1000000000000.0,0.04,1.3380447119118618e-98,1.0,0.0016666666666666674,200000000000.0,800061178489.4346,1199959212087.6848,2.2495029817868653,1.8297096960008193e-37
5.0,142,1000000000000.0,0.04,2.676089423823678e-99,1.0,0.0016666666666666674,200000000000.0,800060325904.4237,1199959780540.0427,2.2495099074621456,3.659419392001576e-38
5.0,143,1000000000000.0,0.04,5.352178847647416e-100,1.0,0.0016666666666666674,200000000000.0,800059491018.0345,1199960337191.177,2.249516689390338,7.318838784003235e-39
5.0,144,1000000000000.0,0.04,1.0704357695294955e-100,1.0,0.0016666666666666676,200000000000.0,800058673343.7782,1199960882365.5017,2.2495233315219436,1.4637677568006637e-39
5.0,145,1000000000000.0,0.04,2.140871539058955e-101,1.0,0.0016666666666666674,200000000000.0,800057872411.7673,1199961416376.3584,2.249529837672683,2.927535513601278e-40
5.0,146,1000000000000.0,0.04,4.2817430781179584e-102,1.0,0.0016666666666666674,200000000000.0,800057087768.0396,1199961939526.4683,2.2495362115289845,5.855071027202622e-41
5.0,147,1000000000000.0,0.04,8.56348615623577e-103,1.0,0.0016666666666666674,200000000000.0,800056318973.9158,1199962452108.3599,2.249542456653198,1.1710142054405043e-41
5.0,148,1000000000000.0,0.04,1.7126972312471738e-103,1.0,0.0016666666666666674,200000000000.0,800055565605.3851,1199962954404.7798,2.2495485764885794,2.3420284108810358e-42
5.0,149,1000000000000.0,0.04,3.425394462494387e-104,1.0,0.0016666666666666674,200000000000.0,800054827252.5214,1199963446689.0808,2.249554574364032,4.684056821762125e-43
5.0,150,1000000000000.0,0.04,6.8507889249886566e-105,1.0,0.0016666666666666674,200000000000.0,800054103518.925,1199963929225.5952,2.2495604534986344,9.368113643524091e-44
5.0,151,1000000000000.0,0.04,1.3701577849977468e-105,1.0,0.0016666666666666674,200000000000.0,800053394021.1913,1199964402269.9893,2.2495662170059636,1.8736227287048393e-44
5.0,152,1000000000000.0,0.04,2.740315569995448e-106,1.0,0.0016666666666666674,200000000000.0,800052698388.402,1199964866069.6013,2.2495718678982075,3.747245457409616e-45
5.0,153,1000000000000.0,0.04,5.480631139990957e-107,1.0,0.0016666666666666674,200000000000.0,800052016261.6411,1199965320863.7668,2.249577409090111,7.494490914819316e-46
5.0,154,1000000000000.0,0.04,1.096126227998204e-107,1.0,0.0016666666666666674,200000000000.0,800051347293.5316,1199965766884.1245,2.2495828434027283,1.4988981829638804e-46
5.0,155,1000000000000.0,0.04,2.192252455996371e-108,1.0,0.0016666666666666674,200000000000.0,800050691147.7922,1199966204354.9143,2.249588173567017,2.99779636592771e-47
5.0,156,1000000000000.0,0.04,4.384504911992792e-109,1.0,0.0016666666666666674,200000000000.0,800050047498.8167,1199966633493.257,2.249593402227265,5.995592731855488e-48
5.0,157,1000000000000.0,0.04,8.769009823985434e-110,1.0,0.0016666666666666674,200000000000.0,800049416031.2686,1199967054509.4255,2.2495985319443723,1.1991185463710772e-48
5.0,158,1000000000000.0,0.04,1.753801964797107e-110,1.0,0.0016666666666666674,200000000000.0,800048796439.6945,1199967467607.0999,2.249603565198989,2.398237092742182e-49
5.0,159,1000000000000.0,0.04,3.5076039295942534e-111,1.0,0.0016666666666666674,200000000000.0,800048188428.1559,1199967872983.617,2.249608504394509,4.796474185484418e-50
5.0,160,1000000000000.0,0.04,7.015207859188388e-112,1.0,0.0016666666666666674,200000000000.0,800047591709.875,1199968270830.2039,2.2496133518599435,9.592948370968675e-51
5.0,161,1000000000000.0,0.04,1.4030415718376936e-112,1.0,0.0016666666666666674,200000000000.0,800047006006.8966,1199968661332.2036,2.249618109852664,1.918589674193757e-51
5.0,162,1000000000000.0,0.04,2.806083143675419e-113,1.0,0.0016666666666666674,200000000000.0,800046431049.7648,1199969044669.2922,2.249622780561031,3.837179348387558e-52
5.0,163,1000000000000.0,0.04,5.612166287350903e-114,1.0,0.0016666666666666674,200000000000.0,800045866577.2122,1199969421015.6848,2.24962736610691,7.6743586967752035e-53
5.0,164,1000000000000.0,0.04,1.1224332574701294e-114,1.0,0.0016666666666666674,200000000000.0,800045312335.8638,1199969790540.3328,2.2496318685480823,1.5348717393549705e-53
5.0,165,1000000000000.0,0.04,2.2448665149402847e-115,1.0,0.0016666666666666674,200000000000.0,800044768079.9525,1199970153407.115,2.2496362898805526,3.069743478709977e-54
5.0,166,1000000000000.0,0.04,4.489733029880621e-116,1.0,0.0016666666666666674,200000000000.0,800044233571.0465,1199970509775.018,2.249640632040762,6.1394869574200234e-55
5.0,167,1000000000000.0,0.04,8.979466059761345e-117,1.0,0.0016666666666666674,200000000000.0,800043708577.7886,1199970859798.3113,2.249644896907704,1.2278973914840189e-55
5.0,168,1000000000000.0,0.04,1.7958932119522895e-117,1.0,0.0016666666666666674,200000000000.0,800043192875.6445,1199971203626.7136,2.2496490863049656,2.4557947829680656e-56
5.0,169,1000000000000.0,0.04,3.5917864239044153e-118,1.0,0.0016666666666666674,200000000000.0,800042686246.6644,1199971541405.554,2.2496532020026687,4.9115895659359075e-57
5.0,170,1000000000000.0,0.04,7.183572847808913e-119,1.0,0.0016666666666666674,200000000000.0,800042188479.252,1199971873275.9236,2.249657245719345,9.823179131871929e-58
5.0,171,1000000000000.0,0.04,1.436714569561799e-119,1.0,0.0016666666666666674,200000000000.0,800041699367.9426,1199972199374.825,2.2496612191237246,1.964635826374408e-58
5.0,172,1000000000000.0,0.04,2.8734291391236308e-120,1.0,0.0016666666666666674,200000000000.0,800041218713.1926,1199972519835.3125,2.249665123836465,3.929271652748861e-59
5.0,173,1000000000000.0,0.04,5.746858278247327e-121,1.0,0.0016666666666666674,200000000000.0,800040746321.1754,1199972834786.6282,2.249668961431796,7.858543305497811e-60
5.0,174,1000000000000.0,0.04,1.1493716556494132e-121,1.0,0.0016666666666666674,200000000000.0,800040282003.5856,1199973144354.3323,2.249672733439111,1.5717086610994906e-60
5.0,175,1000000000000.0,0.04,2.2987433112988526e-122,1.0,0.0016666666666666674,200000000000.0,800039825577.4513,1199973448660.4282,2.2496764413444903,3.143417322199017e-61
5.0,176,1000000000000.0,0.04,4.5974866225977574e-123,1.0,0.0016666666666666676,200000000000.0,800039376864.9547,1199973747823.4827,2.2496800865921633,6.286834644398107e-62
5.0,177,1000000000000.0,0.04,9.19497324519562e-124,1.0,0.0016666666666666674,200000000000.0,800038935693.2578,1199974041958.7415,2.2496836705859153,1.2573669288796354e-62
5.0,178,1000000000000.0,0.04,1.838994649039145e-124,1.0,0.0016666666666666674,200000000000.0,800038501894.3368,1199974331178.2402,2.249687194690439,2.5147338577593e-63
5.0,179,1000000000000.0,0.04,3.6779892980781234e-125,1.0,0.0016666666666666674,200000000000.0,800038075304.8218,1199974615590.9119,2.2496906602326354,5.029467715518372e-64
5.0,180,1000000000000.0,0.04,7.355978596156331e-126,1.0,0.0016666666666666674,200000000000.0,800037655765.8424,1199974895302.6873,2.249694068502859,1.005893543103686e-64
5.0,181,1000000000000.0,0.04,1.4711957192312829e-126,1.0,0.0016666666666666674,200000000000.0,800037243122.8813,1199975170416.5964,2.249697420756121,2.0117870862073947e-65
5.0,182,1000000000000.0,0.04,2.942391438462599e-127,1.0,0.0016666666666666674,200000000000.0,800036837225.63,1199975441032.8616,2.2497007182132474,4.023574172414835e-66
5.0,183,1000000000000.0,0.04,5.884782876925265e-128,1.0,0.0016666666666666674,200000000000.0,800036437927.8535,1199975707248.9893,2.249703962061985,8.04714834482976e-67
5.0,184,1000000000000.0,0.04,1.1769565753849997e-128,1.0,0.0016666666666666674,200000000000.0,800036045087.258,1199975969159.8574,2.2497071534580746,1.6094296689658794e-67
5.0,185,1000000000000.0,0.04,2.3539131507700262e-129,1.0,0.0016666666666666674,200000000000.0,800035658565.3643,1199976226857.8005,2.2497102935262787,3.218859337931795e-68
5.0,186,1000000000000.0,0.04,4.707826301540106e-130,1.0,0.0016666666666666674,200000000000.0,800035278227.3846,1199976480432.6921,2.2497133833613763,6.437718675863664e-69
5.0,187,1000000000000.0,0.04,9.41565260308032e-131,1.0,0.0016666666666666674,200000000000.0,800034903942.1074,1199976729972.0203,2.2497164240291103,1.2875437351727476e-69
5.0,188,1000000000000.0,0.04,1.8831305206160856e-131,1.0,0.0016666666666666674,200000000000.0,800034535581.7821,1199976975560.9658,2.2497194165671117,2.5750874703455248e-70
5.0,189,1000000000000.0,0.04,3.7662610412319995e-132,1.0,0.0016666666666666674,200000000000.0,800034173022.0105,1199977217282.4731,2.2497223619857847,5.150174940690815e-71
5.0,190,1000000000000.0,0.04,7.532522082464086e-133,1.0,0.0016666666666666674,200000000000.0,800033816141.643,1199977455217.3218,2.249725261269155,1.0300349881381748e-71
5.0,191,1000000000000.0,0.04,1.5065044164928344e-133,1.0,0.0016666666666666674,200000000000.0,800033464822.6757,1199977689444.1934,2.2497281153756994,2.060069976276373e-72
5.0,192,1000000000000.0,0.04,3.013008832985703e-134,1.0,0.0016666666666666674,200000000000.0,800033118950.1536,1199977920039.7354,2.249730925239131,4.120139952552793e-73
5.0,193,1000000000000.0,0.04,6.026017665971475e-135,1.0,0.0016666666666666674,200000000000.0,800032778412.0769,1199978147078.626,2.2497336917691646,8.24027990510568e-74
5.0,194,1000000000000.0,0.04,1.2052035331942404e-135,1.0,0.0016666666666666674,200000000000.0,800032443099.3097,1199978370633.6333,2.2497364158522544,1.6480559810210615e-74
5.0,195,1000000000000.0,0.04,2.410407066388508e-136,1.0,0.0016666666666666674,200000000000.0,800032112905.493,1199978590775.674,2.2497390983523053,3.29611196204216e-75
5.0,196,1000000000000.0,0.04,4.8208141327770715e-137,1.0,0.0016666666666666674,200000000000.0,800031787726.9602,1199978807573.869,2.249741740111353,6.592223924084396e-76
5.0,197,1000000000000.0,0.04,9.641628265554252e-138,1.0,0.0016666666666666674,200000000000.0,800031467462.6555,1199979021095.5981,2.249744341950229,1.3184447848168942e-76
5.0,198,1000000000000.0,0.04,1.9283256531108726e-138,1.0,0.0016666666666666674,200000000000.0,800031152014.0557,1199979231406.5535,2.2497469046691987,2.6368895696338186e-77
5.0,199,1000000000000.0,0.04,3.85665130622157e-139,1.0,0.0016666666666666674,200000000000.0,800030841285.0944,1199979438570.7883,2.2497494290485713,5.273779139267397e-78
5.0,200,1000000000000.0,0.04,7.713302612443228e-140,1.0,0.0016666666666666674,200000000000.0,800030535182.0883,1199979642650.7664,2.2497519158493002,1.0547558278534915e-78
5.0,201,1000000000000.0,0.04,1.5426605224886634e-140,1.0,0.0016666666666666674,200000000000.0,800030233613.6681,1199979843707.41,2.249754365813552,2.1095116557070074e-79
5.0,202,1000000000000.0,0.04,3.0853210449773617e-141,1.0,0.0016666666666666674,200000000000.0,800029936490.7079,1199980041800.1436,2.249756779665265,4.219023311414062e-80
5.0,203,1000000000000.0,0.04,6.170642089954793e-142,1.0,0.0016666666666666674,200000000000.0,800029643726.2617,1199980236986.9392,2.249759158110677,8.43804662282822e-81
5.0,204,1000000000000.0,0.04,1.2341284179909027e-142,1.0,0.0016666666666666674,200000000000.0,800029355235.4985,1199980429324.359,2.249761501838848,1.6876093245655677e-81
5.0,205,1000000000000.0,0.04,2.4682568359818334e-143,1.0,0.0016666666666666674,200000000000.0,800029070935.641,1199980618867.5945,2.249763811522158,3.3752186491311736e-82
5.0,206,1000000000000.0,0.04,4.9365136719637233e-144,1.0,0.0016666666666666674,200000000000.0,800028790745.9066,1199980805670.5085,2.249766087816784,6.750437298262424e-83
5.0,207,1000000000000.0,0.04,9.87302734392756e-145,1.0,0.0016666666666666674,200000000000.0,800028514587.4495,1199980989785.6711,2.249768331363176,1.3500874596525004e-83
5.0,208,1000000000000.0,0.04,1.9746054687855343e-145,1.0,0.0016666666666666676,200000000000.0,800028242383.3058,1199981171264.3987,2.249770542786497,2.7001749193050316e-84
5.0,209,1000000000000.0,0.04,3.9492109375708893e-146,1.0,0.0016666666666666674,200000000000.0,800027974058.3391,1199981350156.7888,2.2497727226970676,5.400349838609818e-85
5.0,210,1000000000000.0,0.04,7.898421875141869e-147,1.0,0.0016666666666666674,200000000000.0,800027709539.19,1199981526511.7534,2.2497748716907777,1.0800699677219758e-85
5.0,211,1000000000000.0,0.04,1.5796843750283918e-147,1.0,0.0016666666666666674,200000000000.0,800027448754.2239,1199981700377.0547,2.249776990349503,2.1601399354439762e-86
5.0,212,1000000000000.0,0.04,3.1593687500568196e-148,1.0,0.0016666666666666674,200000000000.0,800027191633.4847,1199981871799.3367,2.2497790792414936,4.320279870888001e-87
5.0,213,1000000000000.0,0.04,6.318737500113712e-149,1.0,0.0016666666666666674,200000000000.0,800026938108.6464,1199982040824.155,2.249781138921755,8.640559741776104e-88
5.0,214,1000000000000.0,0.04,1.2637475000226848e-149,1.0,0.0016666666666666674,200000000000.0,800026688112.9679,1199982207496.0095,2.2497831699324187,1.728111948355142e-88
5.0,215,1000000000000.0,0.04,2.5274950000453986e-150,1.0,0.0016666666666666674,200000000000.0,800026441581.2499,1199982371858.3713,2.249785172803098,3.456223896710324e-89
5.0,216,1000000000000.0,0.04,5.054990000090855e-151,1.0,0.0016666666666666674,200000000000.0,800026198449.7914,1199982533953.7134,2.2497871480512353,6.912447793420725e-90
5.0,217,1000000000000.0,0.04,1.0109980000181827e-151,1.0,0.0016666666666666674,200000000000.0,800025958656.3495,1199982693823.5356,2.249789096182429,1.3824895586841612e-90
5.0,218,1000000000000.0,0.04,2.0219960000363884e-152,1.0,0.0016666666666666674,200000000000.0,800025722140.098,1199982851508.3933,2.249791017690768,2.7649791173683537e-91
5.0,219,1000000000000.0,0.04,4.043992000072593e-153,1.0,0.0016666666666666674,200000000000.0,800025488841.591,1199983007047.922,2.2497929130591374,5.529958234736456e-92
5.0,220,1000000000000.0,0.04,8.087984000145277e-154,1.0,0.0016666666666666674,200000000000.0,800025258702.7239,1199983160480.8625,2.249794782759522,1.1059916469473038e-92
5.0,221,1000000000000.0,0.04,1.617596800029074e-154,1.0,0.0016666666666666674,200000000000.0,800025031666.6975,1199983311845.0854,2.249796627253305,2.211983293894633e-93
5.0,222,1000000000000.0,0.04,3.235193600058185e-155,1.0,0.0016666666666666674,200000000000.0,800024807677.9836,1199983461177.6135,2.249798446991547,4.423966587789316e-94
5.0,223,1000000000000.0,0.04,6.470387200116444e-156,1.0,0.0016666666666666674,200000000000.0,800024586682.2906,1199983608514.6455,2.2498002424152657,8.847933175578735e-95
5.0,224,1000000000000.0,0.04,1.29407744002323e-156,1.0,0.0016666666666666674,200000000000.0,800024368626.5304,1199983753891.5774,2.2498020139557022,1.7695866351156664e-95
5.0,225,1000000000000.0,0.04,2.5881548800464895e-157,1.0,0.0016666666666666674,200000000000.0,800024153458.7863,1199983897343.024,2.2498037620345794,3.5391732702313727e-96
5.0,226,1000000000000.0,0.04,5.1763097600930376e-158,1.0,0.0016666666666666674,200000000000.0,800023941128.2836,1199984038902.8384,2.249805487064351,7.078346540462826e-97
5.0,227,1000000000000.0,0.04,1.0352619520186193e-158,1.0,0.0016666666666666674,200000000000.0,800023731585.3577,1199984178604.1345,2.2498071894484495,1.415669308092581e-97
5.0,228,1000000000000.0,0.04,2.0705239040372624e-159,1.0,0.0016666666666666674,200000000000.0,800023524781.4264,1199984316479.304,2.2498088695815177,2.8313386161851952e-98
5.0,229,1000000000000.0,0.04,4.141047808074337e-160,1.0,0.0016666666666666674,200000000000.0,800023320668.9609,1199984452560.0356,2.24981052784964,5.662677232370134e-99
5.0,230,1000000000000.0,0.04,8.282095616148769e-161,1.0,0.0016666666666666674,200000000000.0,800023119201.4596,1199984586877.3347,2.249812164630563,1.1325354464740398e-99
5.0,231,1000000000000.0,0.04,1.6564191232297726e-161,1.0,0.0016666666666666674,200000000000.0,800022920333.4197,1199984719461.5383,2.2498137802939113,2.2650708929481053e-100
5.0,232,1000000000000.0,0.04,3.312838246459583e-162,1.0,0.0016666666666666674,200000000000.0,800022724020.3138,1199984850342.3352,2.2498153752013965,4.530141785896262e-101
5.0,233,1000000000000.0,0.04,6.625676492919241e-163,1.0,0.0016666666666666674,200000000000.0,800022530218.563,1199984979548.781,2.249816949707017,9.060283571792625e-102
5.0,234,1000000000000.0,0.04,1.3251352985837882e-163,1.0,0.0016666666666666674,200000000000.0,800022338885.5144,1199985107109.3137,2.249818504157259,1.8120567143584434e-102
5.0,235,1000000000000.0,0.04,2.6502705971676063e-164,1.0,0.0016666666666666674,200000000000.0,800022149979.4161,1199985233051.7708,2.2498200388912815,3.6241134287169275e-103
5.0,236,1000000000000.0,0.04,5.300541194335273e-165,1.0,0.0016666666666666674,200000000000.0,800021963459.3955,1199985357403.4033,2.249821554241107,7.248226857433937e-104
5.0,237,1000000000000.0,0.04,1.0601082388670669e-165,1.0,0.0016666666666666674,200000000000.0,800021779285.4366,1199985480190.8916,2.249823050531798,1.449645371486804e-104
5.0,238,1000000000000.0,0.04,2.120216477734158e-166,1.0,0.0016666666666666674,200000000000.0,800021597418.3588,1199985601440.358,2.24982452808163,2.8992907429736417e-105
5.0,239,1000000000000.0,0.04,4.240432955468124e-167,1.0,0.0016666666666666674,200000000000.0,800021417819.7963,1199985721177.3823,2.2498259872022635,5.79858148594702e-106
5.0,240,1000000000000.0,0.04,8.480865910936342e-168,1.0,0.0016666666666666676,200000000000.0,800021240452.1774,1199985839427.0156,2.2498274281989077,1.159716297189417e-106
5.0,241,1000000000000.0,0.04,1.6961731821872882e-168,1.0,0.0016666666666666674,200000000000.0,800021065278.7047,1199985956213.7913,2.2498288513704803,2.3194325943788612e-107
5.0,242,1000000000000.0,0.04,3.392346364374615e-169,1.0,0.0016666666666666674,200000000000.0,800020892263.3365,1199986071561.739,2.2498302570097612,4.638865188757775e-108
5.0,243,1000000000000.0,0.04,6.784692728749306e-170,1.0,0.0016666666666666674,200000000000.0,800020721370.7686,1199986185494.3977,2.2498316454035416,9.277730377515655e-109
5.0,244,1000000000000.0,0.04,1.3569385457497996e-170,1.0,0.0016666666666666674,200000000000.0,800020552566.4152,1199986298034.8267,2.249833016832778,1.8555460755030467e-109
5.0,245,1000000000000.0,0.04,2.7138770914996305e-171,1.0,0.0016666666666666674,200000000000.0,800020385816.3923,1199986409205.6172,2.2498343715727227,3.7110921510061355e-110
5.0,246,1000000000000.0,0.04,5.427754182999323e-172,1.0,0.0016666666666666674,200000000000.0,800020221087.5001,1199986519028.9045,2.249835709893072,7.422184302012355e-111
5.0,247,1000000000000.0,0.04,1.0855508365998769e-172,1.0,0.0016666666666666674,200000000000.0,800020058347.207,1199986627526.3784,2.2498370320580947,1.484436860402488e-111
5.0,248,1000000000000.0,0.04,2.1711016731997785e-173,1.0,0.0016666666666666674,200000000000.0,800019897563.6334,1199986734719.2942,2.2498383383267657,2.96887372080501e-112
5.0,249,1000000000000.0,0.04,4.34220334639936e-174,1.0,0.0016666666666666674,200000000000.0,800019738705.5356,1199986840628.4822,2.2498396289528917,5.937747441609751e-113
5.0,250,1000000000000.0,0.04,8.68440669279882e-175,1.0,0.0016666666666666674,200000000000.0,800019581742.2915,1199986945274.3596,2.24984090418523,1.1875494883219638e-113
5.0,251,1000000000000.0,0.04,1.7368813385597836e-175,1.0,0.0016666666666666674,200000000000.0,800019426643.8846,1199987048676.939,2.24984216426762,2.3750989766439546e-114
5.0,252,1000000000000.0,0.04,3.4737626771196074e-176,1.0,0.0016666666666666674,200000000000.0,800019273380.8916,1199987150855.8374,2.2498434094390842,4.750197953287964e-115
5.0,253,1000000000000.0,0.04,6.947525354239294e-177,1.0,0.0016666666666666674,200000000000.0,800019121924.4657,1199987251830.2878,2.2498446399339564,9.500395906576035e-116
5.0,254,1000000000000.0,0.04,1.3895050708477955e-177,1.0,0.0016666666666666674,200000000000.0,800018972246.3259,1199987351619.1462,2.2498458559819823,1.9000791813151205e-116
5.0,255,1000000000000.0,0.04,2.779010141695623e-178,1.0,0.0016666666666666674,200000000000.0,800018824318.7421,1199987450240.9006,2.249847057808428,3.800158362630285e-117
5.0,256,1000000000000.0,0.04,5.5580202833913094e-179,1.0,0.0016666666666666674,200000000000.0,800018678114.5219,1199987547713.6807,2.2498482456341904,7.6003167252606565e-118
5.0,257,1000000000000.0,0.04,1.1116040566782744e-179,1.0,0.0016666666666666674,200000000000.0,800018533606.9996,1199987644055.2651,2.249849419675891,1.5200633450521484e-118
5.0,258,1000000000000.0,0.04,2.2232081133565747e-180,1.0,0.0016666666666666674,200000000000.0,800018390770.0234,1199987739283.0903,2.249850580145978,3.0401266901043324e-119
5.0,259,1000000000000.0,0.04,4.4464162267129474e-181,1.0,0.0016666666666666674,200000000000.0,800018249577.9429,1199987833414.2578,2.2498517272528242,6.080253380208389e-120
5.0,260,1000000000000.0,0.04,8.892832453425995e-182,1.0,0.0016666666666666674,200000000000.0,800018110005.5983,1199987926465.5417,2.2498528612008166,1.2160506760416913e-120
