phase,chi,U_eV4,tree_ratio,loop_ratio,total_ratio,scalar_log_parameter
zero,137.6422999547138,6.161810271353063e-14,1.041028881668764e-06,1.285123957485613e-06,2.326152839154377e-06,3.6340372776770016e-23
zero,137.6446975125387,6.132334405062116e-14,1.0435278030671966e-06,1.288208813067959e-06,2.331736616135156e-06,3.6340372776770016e-23
zero,137.6470949797527,6.103000646625425e-14,1.0460326281802063e-06,1.2913009566373867e-06,2.337333584817593e-06,3.6340372776770016e-23
zero,137.6494923559408,6.073808310710849e-14,1.0485433702891315e-06,1.2944004045893736e-06,2.342943774878505e-06,3.6340372776770016e-23
zero,137.65188964068614,6.044756715291477e-14,1.0510600427004747e-06,1.2975071733504632e-06,2.348567216050938e-06,3.6340372776770016e-23
zero,137.65428683356984,6.015845181631314e-14,1.0535826587457748e-06,1.3006212793781037e-06,2.3542039381238785e-06,3.6340372776770016e-23
zero,137.6566839341712,5.987073034266884e-14,1.0561112317818372e-06,1.3037427391609359e-06,2.359853970942773e-06,3.6340372776770016e-23
zero,137.6590809420675,5.958439600994089e-14,1.0586457751905134e-06,1.306871569218519e-06,2.3655173444090325e-06,3.6340372776770016e-23
zero,137.66147785683407,5.929944212850655e-14,1.0611863023788748e-06,1.3100077861015445e-06,2.3711940884804193e-06,3.6340372776770016e-23
zero,137.6638746780442,5.901586204102098e-14,1.0637328267790786e-06,1.313151406391673e-06,2.3768842331707516e-06,3.6340372776770016e-23
zero,137.66627140526938,5.873364912223672e-14,1.0662853618486025e-06,1.3163024467018216e-06,2.382587808550424e-06,3.6340372776770016e-23
zero,137.66866803807892,5.845279677888151e-14,1.0688439210699592e-06,1.3194609236758133e-06,2.3883048447457726e-06,3.6340372776770016e-23
zero,137.6710645760403,5.817329844946942e-14,1.0714085179510203e-06,1.3226268539887758e-06,2.394035371939796e-06,3.6340372776770016e-23
zero,137.67346101871888,5.78951476041765e-14,1.073979166024763e-06,1.3258002543468286e-06,2.3997794203715914e-06,3.6340372776770016e-23
zero,137.67585736567807,5.761833774467365e-14,1.076555878849409e-06,1.328981141487255e-06,2.405537020336664e-06,3.6340372776770016e-23
zero,137.67825361647925,5.734286240397369e-14,1.079138670008443e-06,1.3321695321785263e-06,2.4113082021869694e-06,3.6340372776770016e-23
zero,137.68064977068175,5.706871514628889e-14,1.0817275531105427e-06,1.3353654432202108e-06,2.4170929963307534e-06,3.6340372776770016e-23
zero,137.68304582784293,5.679588956686642e-14,1.0843225417897154e-06,1.3385688914431487e-06,2.422891433232864e-06,3.6340372776770016e-23
zero,137.685441787518,5.6524379291860255e-14,1.0869236497051042e-06,1.341779893709208e-06,2.428703543414312e-06,3.6340372776770016e-23
zero,137.6878376492602,5.62541779781552e-14,1.089530890541249e-06,1.344998466911609e-06,2.434529357452858e-06,3.6340372776770016e-23
zero,137.69023341262064,5.598527931324332e-14,1.0921442780078588e-06,1.3482246279746424e-06,2.440368905982501e-06,3.6340372776770016e-23
zero,137.69262907714844,5.571767701505923e-14,1.094763825839984e-06,1.351458393853882e-06,2.446222219693866e-06,3.6340372776770016e-23
zero,137.69502464239056,5.5451364831841746e-14,1.0973895477979382e-06,1.3546997815360891e-06,2.4520893293340274e-06,3.6340372776770016e-23
zero,137.69742010789196,5.518633654198035e-14,1.1000214576673784e-06,1.3579488080393101e-06,2.4579702657066885e-06,3.6340372776770016e-23
zero,137.69981547319537,5.492258595388442e-14,1.1026595692591652e-06,1.3612054904127052e-06,2.46386505967187e-06,3.6340372776770016e-23
zero,137.7022107378415,5.466010690582164e-14,1.105303896409534e-06,1.3644698457367586e-06,2.4697737421462926e-06,3.6340372776770016e-23
zero,137.70460590136898,5.439889326577928e-14,1.1079544529800493e-06,1.3677418911232226e-06,2.4756963441032717e-06,3.6340372776770016e-23
zero,137.70700096331421,5.413893893132591e-14,1.110611252857557e-06,1.3710216437150594e-06,2.4816328965726167e-06,3.6340372776770016e-23
zero,137.7093959232115,5.388023782946769e-14,1.1132743099541986e-06,1.374309120686457e-06,2.487583430640656e-06,3.6340372776770016e-23
zero,137.71179078059302,5.362278391649913e-14,1.1159436382074895e-06,1.3776043392429283e-06,2.493547977450418e-06,3.6340372776770016e-23
zero,137.71418553498881,5.336657117786392e-14,1.1186192515803023e-06,1.3809073166212877e-06,2.4995265682015902e-06,3.6340372776770016e-23
zero,137.7165801859267,5.31115936280254e-14,1.1213011640607544e-06,1.384218070089514e-06,2.5055192341502684e-06,3.6340372776770016e-23
zero,137.71897473293237,5.285784531030735e-14,1.1239893896624116e-06,1.3875366169470018e-06,2.5115260066094132e-06,3.6340372776770016e-23
zero,137.72136917552928,5.2605320296777903e-14,1.1266839424240466e-06,1.3908629745242626e-06,2.5175469169483093e-06,3.6340372776770016e-23
zero,137.72376351323877,5.2354012688085726e-14,1.12938483640991e-06,1.3941971601832596e-06,2.5235819965931693e-06,3.6340372776770016e-23
zero,137.7261577455799,5.2103916613342196e-14,1.1320920857095158e-06,1.3975391913171437e-06,2.5296312770266597e-06,3.6340372776770016e-23
zero,137.72855187206963,5.185502622997108e-14,1.134805704437785e-06,1.4008890853504297e-06,2.5356947897882147e-06,3.6340372776770016e-23
zero,137.73094589222254,5.160733572358574e-14,1.1375257067348957e-06,1.4042468597388112e-06,2.541772566473707e-06,3.6340372776770016e-23
zero,137.7333398055511,5.1360839307834404e-14,1.1402521067664903e-06,1.4076125319694175e-06,2.5478646387359078e-06,3.6340372776770016e-23
zero,137.73573361156554,5.11155312242816e-14,1.14298491872349e-06,1.4109861195605838e-06,2.553971038284074e-06,3.6340372776770016e-23
zero,137.73812730977374,5.087140574226653e-14,1.1457241568221745e-06,1.4143676400619495e-06,2.560091796884124e-06,3.6340372776770016e-23
zero,137.74052089968143,5.062845715876809e-14,1.1484698353041903e-06,1.417757111054469e-06,2.5662269463586594e-06,3.6340372776770016e-23
zero,137.74291438079203,5.038667979827057e-14,1.1512219684365626e-06,1.4211545501504258e-06,2.5723765185869886e-06,3.6340372776770016e-23
zero,137.74530775260664,5.0146068012641364e-14,1.1539805705115752e-06,1.4245599749932844e-06,2.5785405455048596e-06,3.6340372776770016e-23
zero,137.74770101462417,4.99066161809779e-14,1.1567456558470086e-06,1.4279734032579847e-06,2.5847190591049933e-06,3.6340372776770016e-23
zero,137.75009416634114,4.96683187095009e-14,1.159517238785856e-06,1.431394852650591e-06,2.590912091436447e-06,3.6340372776770016e-23
zero,137.7524872072518,4.9431170031408284e-14,1.1622953336964946e-06,1.4348243409085034e-06,2.597119674604998e-06,3.6340372776770016e-23
zero,137.75488013684807,4.919516460674407e-14,1.1650799549726975e-06,1.4382618858004722e-06,2.60334184077317e-06,3.6340372776770016e-23
zero,137.75727295461957,4.896029692227909e-14,1.1678711170335072e-06,1.4417075051264427e-06,2.60957862215995e-06,3.6340372776770016e-23
zero,137.75966566005354,4.872656149137266e-14,1.1706688343233454e-06,1.4451612167176902e-06,2.6158300510410356e-06,3.6340372776770016e-23
zero,137.76205825263492,4.8493952853848856e-14,1.1734731213119528e-06,1.4486230384367451e-06,2.622096159748698e-06,3.6340372776770016e-23
zero,137.76445073184627,4.826246557586512e-14,1.1762839924944314e-06,1.4520929881774466e-06,2.628376980671878e-06,3.6340372776770016e-23
zero,137.76684309716774,4.80320942497952e-14,1.1791014623911175e-06,1.4555710838647843e-06,2.634672546255902e-06,3.6340372776770016e-23
zero,137.76923534807716,4.780283349408794e-14,1.1819255455477547e-06,1.459057343455112e-06,2.6409828890028667e-06,3.6340372776770016e-23
zero,137.77162748405,4.757467795314878e-14,1.1847562565354015e-06,1.4625517849360356e-06,2.647308041471437e-06,3.6340372776770016e-23
zero,137.77401950455922,4.7347622297218897e-14,1.1875936099503693e-06,1.4660544263263335e-06,2.653648036276703e-06,3.6340372776770016e-23
zero,137.77641140907548,4.7121661222244195e-14,1.1904376204142948e-06,1.4695652856760488e-06,2.6600029060903434e-06,3.6340372776770016e-23
zero,137.77880319706696,4.6896789449752963e-14,1.1932883025741128e-06,1.4730843810664537e-06,2.6663726836405662e-06,3.6340372776770016e-23
zero,137.78119486799943,4.667300172673419e-14,1.1961456711020256e-06,1.4766117306100128e-06,2.6727574017120383e-06,3.6340372776770016e-23
zero,137.78358642133625,4.645029282550839e-14,1.1990097406955765e-06,1.4801473524504736e-06,2.6791570931460503e-06,3.6340372776770016e-23
zero,137.7859778565383,4.6228657543615085e-14,1.201880526077519e-06,1.4836912647627042e-06,2.685571790840223e-06,3.6340372776770016e-23
zero,137.78836917306396,4.600809070368741e-14,1.2047580419958503e-06,1.4872434857527368e-06,2.6920015277485873e-06,3.6340372776770016e-23
zero,137.7907603703692,4.578858715332489e-14,1.2076423032238885e-06,1.49080403365786e-06,2.698446336881749e-06,3.6340372776770016e-23
zero,137.79315144790755,4.5570141764979834e-14,1.2105333245601682e-06,1.4943729267464932e-06,2.704906251306661e-06,3.6340372776770016e-23
zero,137.79554240512994,4.53527494358365e-14,1.2134311208284456e-06,1.4979501833181897e-06,2.7113813041466353e-06,3.6340372776770016e-23
zero,137.79793324148486,4.513640508769075e-14,1.2163357068776994e-06,1.5015358217036408e-06,2.7178715285813402e-06,3.6340372776770016e-23
zero,137.80032395641828,4.492110366683036e-14,1.2192470975821333e-06,1.505129860264676e-06,2.724376957846809e-06,3.6340372776770016e-23
zero,137.80271454937363,4.4706840143921e-14,1.222165307841107e-06,1.5087323173941804e-06,2.7308976252352873e-06,3.6340372776770016e-23
zero,137.80510501979185,4.449360951388001e-14,1.2250903525792414e-06,1.5123432115162224e-06,2.737433564095464e-06,3.6340372776770016e-23
zero,137.8074953671113,4.4281406795768627e-14,1.228022246746281e-06,1.5159625610858855e-06,2.7439848078321666e-06,3.6340372776770016e-23
zero,137.8098855907678,4.407022703266944e-14,1.2309610053171614e-06,1.5195903845893514e-06,2.750551389906513e-06,3.6340372776770016e-23
zero,137.8122756901946,4.38600652915746e-14,1.2339066432919416e-06,1.523226700543815e-06,2.7571333438357566e-06,3.6340372776770016e-23
zero,137.81466566482237,4.3650916663269454e-14,1.2368591756958011e-06,1.5268715274974822e-06,2.763730703193283e-06,3.6340372776770016e-23
zero,137.8170555140792,4.3442776262214324e-14,1.239818617579074e-06,1.530524884029612e-06,2.770343501608686e-06,3.6340372776770016e-23
zero,137.81944523739054,4.3235639226434316e-14,1.242784984017178e-06,1.534186788750428e-06,2.7769717727676058e-06,3.6340372776770016e-23
zero,137.82183483417933,4.302950071740219e-14,1.245758290110645e-06,1.5378572603011572e-06,2.783615550411802e-06,3.6340372776770016e-23
zero,137.8242243038658,4.282435591992919e-14,1.2487385509850515e-06,1.5415363173539424e-06,2.7902748683389937e-06,3.6340372776770016e-23
zero,137.8266136458676,4.2620200042049045e-14,1.2517257817910469e-06,1.5452239786118797e-06,2.7969497604029263e-06,3.6340372776770016e-23
zero,137.8290028595997,4.2417028314909874e-14,1.2547199977042817e-06,1.5489202628089276e-06,2.8036402605132093e-06,3.6340372776770016e-23
zero,137.83139194447446,4.2214835992656795e-14,1.257721213925473e-06,1.552625188709989e-06,2.8103464026354623e-06,3.6340372776770016e-23
zero,137.83378089990154,4.201361835232496e-14,1.2607294456803297e-06,1.556338775110818e-06,2.817068220791148e-06,3.6340372776770016e-23
zero,137.83616972528793,4.181337069373048e-14,1.2637447082195116e-06,1.5600610408379704e-06,2.8238057490574817e-06,3.6340372776770016e-23
zero,137.83855842003797,4.161408833935485e-14,1.2667670168186936e-06,1.5637920047488828e-06,2.8305590215675764e-06,3.6340372776770016e-23
zero,137.84094698355324,4.1415766634244124e-14,1.2697963867784194e-06,1.5675316857316909e-06,2.8373280725101105e-06,3.6340372776770016e-23
zero,137.84333541523267,4.121840094588966e-14,1.2728328334242366e-06,1.571280102705398e-06,2.8441129361296345e-06,3.6340372776770016e-23
zero,137.84572371447246,4.102198666412833e-14,1.2758763721065466e-06,1.575037274619688e-06,2.8509136467262344e-06,3.6340372776770016e-23
zero,137.84811188066604,4.0826519201031366e-14,1.278927018200633e-06,1.578803220454962e-06,2.857730238655595e-06,3.6340372776770016e-23
zero,137.85049991320417,4.063199399079393e-14,1.2819847871066897e-06,1.5825779592223716e-06,2.8645627463290615e-06,3.6340372776770016e-23
zero,137.85288781147477,4.043840648963894e-14,1.2850496942496314e-06,1.586361509963586e-06,2.8714112042132174e-06,3.6340372776770016e-23
zero,137.85527557486304,4.02457521756983e-14,1.288121755079266e-06,1.5901538917510037e-06,2.8782756468302697e-06,3.6340372776770016e-23
zero,137.85766320275144,4.0054026548910955e-14,1.2912009850702128e-06,1.5939551236876532e-06,2.885156108757866e-06,3.6340372776770016e-23
zero,137.8600506945196,3.98632251309213e-14,1.294287399721819e-06,1.5977652249070887e-06,2.892052624628908e-06,3.6340372776770016e-23
zero,137.86243804954432,3.967334346497576e-14,1.297381014558114e-06,1.6015842145733337e-06,2.8989652291314477e-06,3.6340372776770016e-23
zero,137.86482526719965,3.9484377115810833e-14,1.3004818451279062e-06,1.605412111881001e-06,2.905893957008907e-06,3.6340372776770016e-23
zero,137.86721234685677,3.9296321669555324e-14,1.3035899070046619e-06,1.6092489360551427e-06,2.9128388430598046e-06,3.6340372776770016e-23
zero,137.86959928788409,3.9109172733623894e-14,1.3067052157865327e-06,1.6130947063512844e-06,2.919799922137817e-06,3.6340372776770016e-23
zero,137.87198608964712,3.8922925936615755e-14,1.3098277870963015e-06,1.616949442055359e-06,2.9267772291516608e-06,3.6340372776770016e-23
zero,137.8743727515085,3.873757692821812e-14,1.3129576365812628e-06,1.620813162483557e-06,2.93377079906482e-06,3.6340372776770016e-23
zero,137.87675927282808,3.8553121379090324e-14,1.3160947799134283e-06,1.624685886982583e-06,2.940780666896011e-06,3.6340372776770016e-23
zero,137.8791456529627,3.836955498078149e-14,1.3192392327891791e-06,1.628567634929224e-06,2.9478068677184034e-06,3.6340372776770016e-23
zero,137.88153189126646,3.818687344560917e-14,1.3223910109295876e-06,1.6324584257307488e-06,2.954849436660336e-06,3.6340372776770016e-23
zero,137.88391798709046,3.8005072506575623e-14,1.3255501300801016e-06,1.6363582788245162e-06,2.961908408904618e-06,3.6340372776770016e-23
zero,137.8863039397829,3.782414791726067e-14,1.328716606010642e-06,1.6402672136780968e-06,2.968983819688739e-06,3.6340372776770016e-23
zero,137.88868974868902,3.7644095451725697e-14,1.3318904545155108e-06,1.644185249789159e-06,2.97607570430467e-06,3.6340372776770016e-23
zero,137.89107541315119,3.746491090440971e-14,1.335071691413449e-06,1.64811240668554e-06,2.9831840980989887e-06,3.6340372776770016e-23
zero,137.89346093250882,3.728659009003227e-14,1.338260332547582e-06,1.6520487039251804e-06,2.9903090364727627e-06,3.6340372776770016e-23
zero,137.89584630609826,3.710912884350536e-14,1.3414563937852123e-06,1.6559941610958649e-06,2.997450554881077e-06,3.6340372776770016e-23
zero,137.89823153325304,3.693252301981809e-14,1.344659891018104e-06,1.6599487978155768e-06,3.004608688833681e-06,3.6340372776770016e-23
zero,137.90061661330355,3.675676849395795e-14,1.3478708401621212e-06,1.6639126337320498e-06,3.011783473894171e-06,3.6340372776770016e-23
zero,137.90300154557727,3.6581861160802846e-14,1.351089257157399e-06,1.6678856885229799e-06,3.0189749456803787e-06,3.6340372776770016e-23
zero,137.90538632939862,3.640779693502851e-14,1.3543151579682467e-06,1.6718679818959042e-06,3.026183139864151e-06,3.6340372776770016e-23
zero,137.90777096408908,3.6234571751009975e-14,1.3575485585831651e-06,1.6758595335882256e-06,3.0334080921713905e-06,3.6340372776770016e-23
zero,137.91015544896695,3.606218156273802e-14,1.3607894750145931e-06,1.6798603633668965e-06,3.0406498383814896e-06,3.6340372776770016e-23
zero,137.91253978334763,3.5890622343705126e-14,1.3640379232992347e-06,1.6838704910288248e-06,3.0479084143280596e-06,3.6340372776770016e-23
zero,137.91492396654334,3.571989008683099e-14,1.3672939194976487e-06,1.6878899364003655e-06,3.055183855898014e-06,3.6340372776770016e-23
zero,137.91730799786328,3.55499808043577e-14,1.3705574796944165e-06,1.6919187193375304e-06,3.062476199031947e-06,3.6340372776770016e-23
zero,137.9196918766136,3.538089052775358e-14,1.3738286199981606e-06,1.6959568597260079e-06,3.0697854797241685e-06,3.6340372776770016e-23
zero,137.92207560209727,3.5212615307633714e-14,1.3771073565412466e-06,1.7000043774807978e-06,3.077111734022044e-06,3.6340372776770016e-23
zero,137.9244591736142,3.504515121365459e-14,1.3803937054799897e-06,1.7040612925464647e-06,3.0844549980264544e-06,3.6340372776770016e-23
zero,137.92684259046118,3.4878494334427356e-14,1.3836876829945147e-06,1.708127624896965e-06,3.0918153078914797e-06,3.6340372776770016e-23
zero,137.92922585193182,3.4712640777429474e-14,1.3869893052886484e-06,1.7122033945355155e-06,3.099192699824164e-06,3.6340372776770016e-23
zero,137.93160895731663,3.4547586668906894e-14,1.3902985885900095e-06,1.7162886214947033e-06,3.106587210084713e-06,3.6340372776770016e-23
zero,137.93399190590293,3.438332815378846e-14,1.3936155491498688e-06,1.7203833258363127e-06,3.1139988749861815e-06,3.6340372776770016e-23
zero,137.93637469697487,3.4219861395595e-14,1.3969402032431111e-06,1.7244875276512802e-06,3.1214277308943913e-06,3.6340372776770016e-23
zero,137.93875732981343,3.4057182576346723e-14,1.4002725671682547e-06,1.7286012470597156e-06,3.1288738142279703e-06,3.6340372776770016e-23
zero,137.9411398036964,3.3895287896477016e-14,1.403612657247336e-06,1.7327245042107629e-06,3.136337161458099e-06,3.6340372776770016e-23
zero,137.94352211789825,3.3734173574746585e-14,1.4069604898258018e-06,1.7368573192824644e-06,3.1438178091082665e-06,3.6340372776770016e-23
zero,137.94590427169038,3.357383584814643e-14,1.4103160812726386e-06,1.740999712481922e-06,3.1513157937545605e-06,3.6340372776770016e-23
zero,137.94828626434088,3.341427097181482e-14,1.4136794479802185e-06,1.745151704045107e-06,3.1588311520253255e-06,3.6340372776770016e-23
zero,137.95066809511454,3.32554752189546e-14,1.4170506063641479e-06,1.7493133142366717e-06,3.16636392060082e-06,3.6340372776770016e-23
zero,137.953049763273,3.309744488073371e-14,1.4204295728634748e-06,1.7534845633502081e-06,3.173914136213683e-06,3.6340372776770016e-23
zero,137.95543126807448,3.294017626621282e-14,1.4238163639403345e-06,1.757665471707807e-06,3.1814818356481414e-06,3.6340372776770016e-23
zero,137.95781260877405,3.2783665702246865e-14,1.4272109960801534e-06,1.761856059660313e-06,3.1890670557404666e-06,3.6340372776770016e-23
zero,137.96019378462339,3.2627909533407625e-14,1.4306134857914155e-06,1.766056347587034e-06,3.1966698333784496e-06,3.6340372776770016e-23
zero,137.9625747948709,3.247290412189188e-14,1.4340238496057452e-06,1.7702663558958443e-06,3.2042902055015895e-06,3.6340372776770016e-23
zero,137.9649556387616,3.231864584744471e-14,1.4374421040776685e-06,1.77448610502289e-06,3.2119282091005587e-06,3.6340372776770016e-23
zero,137.9673363155373,3.216513110726115e-14,1.4408682657848612e-06,1.7787156154328942e-06,3.219583881217755e-06,3.6340372776770016e-23
zero,137.96971682443626,3.201235631591942e-14,1.4443023513277012e-06,1.782954907618606e-06,3.227257258946307e-06,3.6340372776770016e-23
zero,137.9720971646935,3.186031790528344e-14,1.447744377329517e-06,1.787204002101106e-06,3.234948379430623e-06,3.6340372776770016e-23
zero,137.97447733554068,3.170901232442227e-14,1.451194360436465e-06,1.7914629194296555e-06,3.2426572798661204e-06,3.6340372776770016e-23
zero,137.97685733620597,3.155843603953343e-14,1.4546523173173256e-06,1.7957316801814444e-06,3.25038399749877e-06,3.6340372776770016e-23
zero,137.97923716591416,3.1408585533854005e-14,1.4581182646635868e-06,1.8000103049616943e-06,3.258128569625281e-06,3.6340372776770016e-23
zero,137.98161682388667,3.125945730757764e-14,1.461592219189399e-06,1.8042988144036038e-06,3.2658910335930026e-06,3.6340372776770016e-23
zero,137.98399630934142,3.111104787777901e-14,1.4650741976313697e-06,1.8085972291680932e-06,3.273671426799463e-06,3.6340372776770016e-23
zero,137.98637562149293,3.096335377832617e-14,1.4685642167486435e-06,1.8129055699439052e-06,3.2814697866925487e-06,3.6340372776770016e-23
zero,137.98875475955225,3.081637155980052e-14,1.4720622933228167e-06,1.8172238574474976e-06,3.2892861507703146e-06,3.6340372776770016e-23
zero,137.9911337227269,3.067009778942406e-14,1.4755684441576832e-06,1.8215521124227317e-06,3.297120556580415e-06,3.6340372776770016e-23
zero,137.99351251022097,3.052452905096431e-14,1.4790826860795233e-06,1.8258903556412268e-06,3.30497304172075e-06,3.6340372776770016e-23
zero,137.99589112123505,3.0379661944667576e-14,1.482605035936725e-06,1.8302386079018936e-06,3.3128436438386184e-06,3.6340372776770016e-23
zero,137.99826955496616,3.023549308717515e-14,1.4861355105998142e-06,1.8345968900309725e-06,3.3207324006307867e-06,3.6340372776770016e-23
zero,138.00064781060783,3.0092019111441614e-14,1.4896741269614549e-06,1.8389652228820316e-06,3.3286393498434865e-06,3.6340372776770016e-23
zero,138.00302588735002,2.99492366666605e-14,1.4932209019362713e-06,1.843343627335749e-06,3.3365645292720203e-06,3.6340372776770016e-23
zero,138.00540378437918,2.9807142418179986e-14,1.4967758524609243e-06,1.8477321243000065e-06,3.344507976760931e-06,3.6340372776770016e-23
zero,138.00778150087817,2.9665733047430937e-14,1.5003389954938939e-06,1.8521307347096204e-06,3.3524697302035143e-06,3.6340372776770016e-23
zero,138.0101590360262,2.952500525184848e-14,1.5039103480154249e-06,1.8565394795262763e-06,3.360449827541701e-06,3.6340372776770016e-23
zero,138.01253638899897,2.938495574479224e-14,1.5074899270275196e-06,1.8609583797385178e-06,3.3684483067660374e-06,3.6340372776770016e-23
zero,138.01491355896852,2.9245581255468757e-14,1.511077749553883e-06,1.8653874563616805e-06,3.3764652059155635e-06,3.6340372776770016e-23
zero,138.01729054510326,2.9106878528859207e-14,1.5146738326397424e-06,1.8698267304376683e-06,3.3845005630774107e-06,3.6340372776770016e-23
zero,138.01966734656799,2.896884432564077e-14,1.5182781933518362e-06,1.8742762230349404e-06,3.3925544163867766e-06,3.6340372776770016e-23
zero,138.0220439625238,2.883147542211013e-14,1.521890848778354e-06,1.8787359552484369e-06,3.400626804026791e-06,3.6340372776770016e-23
zero,138.0244203921282,2.869476861010896e-14,1.5255118160288437e-06,1.883205948199464e-06,3.4087177642283077e-06,3.6340372776770016e-23
zero,138.02679663453492,2.8558720696951337e-14,1.5291411122340625e-06,1.8876862230355106e-06,3.416827335269573e-06,3.6340372776770016e-23
zero,138.02917268889408,2.842332850534182e-14,1.5327787545460942e-06,1.8921768009303924e-06,3.4249555554764866e-06,3.6340372776770016e-23
zero,138.03154855435199,2.8288588873313356e-14,1.5364247601379449e-06,1.8966777030837532e-06,3.433102463221698e-06,3.6340372776770016e-23
zero,138.03392423005133,2.815449865413956e-14,1.5400791462038273e-06,1.901188950721416e-06,3.4412680969252436e-06,3.6340372776770016e-23
zero,138.03629971513098,2.8021054716271676e-14,1.5437419299587976e-06,1.9057105650949347e-06,3.4494524950537323e-06,3.6340372776770016e-23
zero,138.0386750087261,2.788825394325974e-14,1.5474131286388246e-06,1.9102425674816787e-06,3.4576556961205037e-06,3.6340372776770016e-23
zero,138.04105010996807,2.7756093233682123e-14,1.5510927595006398e-06,1.914784979184649e-06,3.465877738685289e-06,3.6340372776770016e-23
zero,138.04342501798445,2.762456950107379e-14,1.5547808398216283e-06,1.9193378215323427e-06,3.474118661353971e-06,3.6340372776770016e-23
zero,138.04579973189908,2.7493679673848612e-14,1.558477386899899e-06,1.9239011158788393e-06,3.4823785027787384e-06,3.6340372776770016e-23
zero,138.04817425083195,2.736342069523471e-14,1.5621824180539986e-06,1.92847488360345e-06,3.4906573016574482e-06,3.6340372776770016e-23
zero,138.05054857389916,2.7233789523202072e-14,1.5658959506228433e-06,1.9330591461106297e-06,3.498955096733473e-06,3.6340372776770016e-23
zero,138.05292270021312,2.7104783130382943e-14,1.5696180019658756e-06,1.937653924830174e-06,3.5072719267960495e-06,3.6340372776770016e-23
zero,138.05529662888225,2.6976398504012677e-14,1.5733485894626416e-06,1.942259241216694e-06,3.5156078306793358e-06,3.6340372776770016e-23
zero,138.05767035901113,2.6848632645853828e-14,1.577087730512852e-06,1.9468751167496965e-06,3.5239628472625485e-06,3.6340372776770016e-23
zero,138.0600438897005,2.6721482572123786e-14,1.5808354425363614e-06,1.951501572933552e-06,3.5323370154699133e-06,3.6340372776770016e-23
zero,138.06241722004717,2.659494531342881e-14,1.5845917429729602e-06,1.9561386312972436e-06,3.540730374270204e-06,3.6340372776770016e-23
zero,138.06479034914403,2.646901791469385e-14,1.5883566492823045e-06,1.9607863133942775e-06,3.549142962676582e-06,3.6340372776770016e-23
zero,138.06716327608007,2.6343697435092646e-14,1.5921301789438426e-06,1.9654446408025925e-06,3.5575748197464354e-06,3.6340372776770016e-23
zero,138.06953599994034,2.6218980947976767e-14,1.5959123494567871e-06,1.9701136351245266e-06,3.5660259845813137e-06,3.6340372776770016e-23
zero,138.0719085198059,2.609486554081387e-14,1.599703178339814e-06,1.9747933179864435e-06,3.5744964963262574e-06,3.6340372776770016e-23
zero,138.07428083475386,2.5971348315112876e-14,1.6035026831311688e-06,1.979483711038867e-06,3.582986394170036e-06,3.6340372776770016e-23
zero,138.0766529438573,2.584842638636136e-14,1.6073108813884074e-06,1.984184835956158e-06,3.5914957173445657e-06,3.6340372776770016e-23
zero,138.07902484618543,2.5726096883950016e-14,1.611127790688546e-06,1.9888967144367004e-06,3.600024505125246e-06,3.6340372776770016e-23
zero,138.08139654080327,2.5604356951118e-14,1.614953428627575e-06,1.993619368202301e-06,3.608572796829876e-06,3.6340372776770016e-23
zero,138.0837680267719,2.5483203744875116e-14,1.6187878128206952e-06,1.998352818998482e-06,3.617140631819177e-06,3.6340372776770016e-23
zero,138.0861393031484,2.5362634435938992e-14,1.622630960902101e-06,2.0030970885942135e-06,3.6257280494963146e-06,3.6340372776770016e-23
zero,138.08851036898568,2.5242646208672536e-14,1.6264828905247638e-06,2.0078521987816444e-06,3.634335089306408e-06,3.6340372776770016e-23
zero,138.09088122333264,2.512323626101299e-14,1.6303436193604845e-06,2.0126181713761673e-06,3.642961790736652e-06,3.6340372776770016e-23
zero,138.0932518652341,2.5004401804408584e-14,1.6342131650997182e-06,2.0173950282162044e-06,3.6516081933159224e-06,3.6340372776770016e-23
zero,138.09562229373074,2.488614006375258e-14,1.6380915454514903e-06,2.0221827911631015e-06,3.660274336614592e-06,3.6340372776770016e-23
zero,138.09799250785912,2.476844827732192e-14,1.6419787781431714e-06,2.026981482100852e-06,3.6689602602440236e-06,3.6340372776770016e-23
zero,138.1003625066517,2.4651323696706246e-14,1.6458748809205754e-06,2.0317911229362174e-06,3.677666003856793e-06,3.6340372776770016e-23
zero,138.10273228913675,2.4534763586748567e-14,1.649779871547687e-06,2.0366117355983877e-06,3.6863916071460748e-06,3.6340372776770016e-23
zero,138.10510185433841,2.4418765225480554e-14,1.653693767806572e-06,2.0414433420388775e-06,3.6951371098454492e-06,3.6340372776770016e-23
zero,138.1074712012766,2.4303325904058168e-14,1.6576165874972868e-06,2.0462859642314074e-06,3.7039025517286947e-06,3.6340372776770016e-23
zero,138.10984032896707,2.4188442926698983e-14,1.6615483484377417e-06,2.05113962417174e-06,3.7126879726094817e-06,3.6340372776770016e-23
zero,138.11220923642134,2.4074113610617054e-14,1.6654890684636541e-06,2.056004343877619e-06,3.721493412341273e-06,3.6340372776770016e-23
zero,138.11457792264673,2.3960335285962238e-14,1.6694387654283625e-06,2.060880145388542e-06,3.7303189108169047e-06,3.6340372776770016e-23
zero,138.11694638664628,2.384710529575976e-14,1.6733974572026377e-06,2.065767050765526e-06,3.7391645079681636e-06,3.6340372776770016e-23
zero,138.11931462741882,2.373442099584193e-14,1.6773651616747756e-06,2.070665082091221e-06,3.7480302437659965e-06,3.6340372776770016e-23
zero,138.12168264395888,2.3622279754792405e-14,1.6813418967502643e-06,2.0755742614695025e-06,3.7569161582197673e-06,3.6340372776770016e-23
zero,138.12405043525666,2.351067895388392e-14,1.685327680351686e-06,2.080494611025347e-06,3.765822291377033e-06,3.6340372776770016e-23
zero,138.12641800029814,2.3399615987012314e-14,1.6893225304187613e-06,2.0854261529048882e-06,3.7747486833236493e-06,3.6340372776770016e-23
zero,138.12878533806494,2.328908826064027e-14,1.6933264649080583e-06,2.0903689092750575e-06,3.7836953741831156e-06,3.6340372776770016e-23
zero,138.13115244753433,2.317909319373594e-14,1.6973395017928928e-06,2.095322902323461e-06,3.792662404116354e-06,3.6340372776770016e-23
zero,138.13351932767927,2.3069628217710603e-14,1.7013616590632713e-06,2.100288154258309e-06,3.80164981332158e-06,3.6340372776770016e-23
zero,138.1358859774683,2.29606907763618e-14,1.705392954725645e-06,2.105264687308112e-06,3.810657642033757e-06,3.6340372776770016e-23
zero,138.1382523958656,2.2852278325810303e-14,1.7094334068029018e-06,2.1102525237216723e-06,3.819685930524574e-06,3.6340372776770016e-23
zero,138.140618581831,2.274438833444251e-14,1.7134830333341631e-06,2.1152516857678306e-06,3.8287347191019935e-06,3.6340372776770016e-23
zero,138.14298453431985,2.2637018282851886e-14,1.71754185237463e-06,2.120262195735279e-06,3.837804048109909e-06,3.6340372776770016e-23
zero,138.14535025228312,2.2530165663776746e-14,1.7216098819955707e-06,2.1252840759325423e-06,3.846893957928113e-06,3.6340372776770016e-23
zero,138.14771573466732,2.2423827982046125e-14,1.7256871402840178e-06,2.1303173486876086e-06,3.856004488971627e-06,3.6340372776770016e-23
zero,138.15008098041446,2.231800275451945e-14,1.7297736453427044e-06,2.135362036347845e-06,3.865135681690549e-06,3.6340372776770016e-23
zero,138.15244598846215,2.2212687510026498e-14,1.7338694152900054e-06,2.1404181612799304e-06,3.874287576569936e-06,3.6340372776770016e-23
zero,138.15481075774346,2.2107879789312793e-14,1.7379744682596739e-06,2.145485745869526e-06,3.8834602141292e-06,3.6340372776770016e-23
zero,138.15717528718696,2.2003577144981373e-14,1.7420888224007276e-06,2.150564812521137e-06,3.892653634921865e-06,3.6340372776770016e-23
zero,138.1595395757167,2.1899777141433653e-14,1.746212495877386e-06,2.1556553836580366e-06,3.901867879535422e-06,3.6340372776770016e-23
zero,138.16190362225223,2.179647735481431e-14,1.75034550686885e-06,2.16075748172199e-06,3.91110298859084e-06,3.6340372776770016e-23
zero,138.16426742570846,2.1693675372955177e-14,1.7544878735691393e-06,2.165871129173057e-06,3.9203590027421964e-06,3.6340372776770016e-23
zero,138.16663098499583,2.159136879531569e-14,1.7586396141870697e-06,2.170996348489562e-06,3.929635962676631e-06,3.6340372776770016e-23
zero,138.1689942990201,2.1489555232932254e-14,1.762800746945886e-06,2.1761331621676427e-06,3.9389339091135284e-06,3.6340372776770016e-23
zero,138.1713573666825,2.1388232308356802e-14,1.7669712900833381e-06,2.181281592721342e-06,3.94825288280468e-06,3.6340372776770016e-23
zero,138.17372018687962,2.1287397655604222e-14,1.7711512618514087e-06,2.1864416626822733e-06,3.957592924533682e-06,3.6340372776770016e-23
zero,138.17608275850338,2.118704892009636e-14,1.775340680516192e-06,2.1916133945994706e-06,3.966954075115662e-06,3.6340372776770016e-23
zero,138.17844508044112,2.108718375860634e-14,1.779539564357763e-06,2.196796811039226e-06,3.976336375396989e-06,3.6340372776770016e-23
zero,138.18080715157546,2.0987799839205493e-14,1.7837479316699547e-06,2.201991934584816e-06,3.985739866254771e-06,3.6340372776770016e-23
zero,138.18316897078435,2.0888894841208188e-14,1.7879658007602298e-06,2.2071987878363436e-06,3.995164588596573e-06,3.6340372776770016e-23
zero,138.18553053694106,2.079046645511572e-14,1.7921931899496003e-06,2.2124173934106353e-06,4.004610583360235e-06,3.6340372776770016e-23
zero,138.18789184891412,2.0692512382565243e-14,1.7964301175723427e-06,2.2176477739408958e-06,4.014077891513238e-06,3.6340372776770016e-23
zero,138.19025290556735,2.0595030336274176e-14,1.800676601975924e-06,2.2228899520766102e-06,4.023566554052534e-06,3.6340372776770016e-23
zero,138.1926137057598,2.049801803998726e-14,1.8049326615208095e-06,2.2281439504833114e-06,4.033076612004121e-06,3.6340372776770016e-23
zero,138.19497424834583,2.0401473228422715e-14,1.809198314580335e-06,2.23340979184242e-06,4.0426081064227554e-06,3.6340372776770016e-23
zero,138.19733453217495,2.0305393647219797e-14,1.8134735795405144e-06,2.2386874988510077e-06,4.052161078391522e-06,3.6340372776770016e-23
zero,138.19969455609183,2.0209777052890046e-14,1.817758474799701e-06,2.243977094221378e-06,4.0617355690210794e-06,3.6340372776770016e-23
zero,138.20205431893646,2.0114621212754975e-14,1.822053018768858e-06,2.249278600681403e-06,4.071331619450261e-06,3.6340372776770016e-23
zero,138.20441381954393,2.0019923904903633e-14,1.8263572298709559e-06,2.2545920409737744e-06,4.08094927084473e-06,3.6340372776770016e-23
zero,138.20677305674445,1.9925682918137652e-14,1.8306711265409336e-06,2.2599174378559617e-06,4.090588564396896e-06,3.6340372776770016e-23
zero,138.20913202936347,1.9831896051915544e-14,1.834994727225711e-06,2.265254814100223e-06,4.100249541325934e-06,3.6340372776770016e-23
zero,138.21149073622146,1.9738561116308566e-14,1.8393280503836833e-06,2.2706041924929824e-06,4.109932242876666e-06,3.6340372776770016e-23
zero,138.2138491761341,1.9645675931942098e-14,1.8436711144848845e-06,2.2759655958350323e-06,4.119636710319917e-06,3.6340372776770016e-23
zero,138.21620734791202,1.9553238329951922e-14,1.8480239380104784e-06,2.2813390469409046e-06,4.1293629849513825e-06,3.6340372776770016e-23
zero,138.2185652503611,1.9461246151925096e-14,1.8523865394529746e-06,2.286724568639136e-06,4.139111108092111e-06,3.6340372776770016e-23
zero,138.22092288228217,1.936969724985887e-14,1.8567589373156087e-06,2.2921221837715066e-06,4.1488811210871154e-06,3.6340372776770016e-23
zero,138.2232802424711,1.9278589486103198e-14,1.861141150112502e-06,2.2975319151932322e-06,4.1586730653057345e-06,3.6340372776770016e-23
zero,138.22563732971886,1.9187920733313457e-14,1.8655331963683557e-06,2.3029537857725912e-06,4.168486982140947e-06,3.6340372776770016e-23
zero,138.22799414281135,1.90976888744023e-14,1.8699350946181919e-06,2.308387818390601e-06,4.178322913008793e-06,3.6340372776770016e-23
zero,138.23035068052948,1.900789180248842e-14,1.874346863407244e-06,2.3138340359408864e-06,4.188180899348131e-06,3.6340372776770016e-23
zero,138.23270694164918,1.8918527420845627e-14,1.8787685212908611e-06,2.319292461329558e-06,4.198060982620419e-06,3.6340372776770016e-23
zero,138.23506292494133,1.8829593642856485e-14,1.8832000868341823e-06,2.3247631174748137e-06,4.207963204308996e-06,3.6340372776770016e-23
zero,138.2374186291717,1.874108839196397e-14,1.8876415786119324e-06,2.3302460273066835e-06,4.217887605918615e-06,3.6340372776770016e-23
zero,138.23977405310106,1.8653009601621247e-14,1.892093015208305e-06,2.3357412137668865e-06,4.227834228975191e-06,3.6340372776770016e-23
zero,138.24212919548503,1.8565355215242768e-14,1.8965544152168048e-06,2.341248699808637e-06,4.237803115025441e-06,3.6340372776770016e-23
zero,138.2444840550742,1.847812318615773e-14,1.9010257972399746e-06,2.3467685083963054e-06,4.2477943056362795e-06,3.6340372776770016e-23
zero,138.24683863061392,1.8391311477563718e-14,1.9055071798891215e-06,2.352300662505082e-06,4.257807842394204e-06,3.6340372776770016e-23
zero,138.24919292084456,1.8304918062473252e-14,1.90999858178442e-06,2.3578451851211037e-06,4.267843766905524e-06,3.6340372776770016e-23
zero,138.25154692450118,1.821894092367524e-14,1.914500021554254e-06,2.363402099240642e-06,4.277902120794896e-06,3.6340372776770016e-23
zero,138.2539006403138,1.8133378053678862e-14,1.9190115178354844e-06,2.368971427870432e-06,4.287982945705917e-06,3.6340372776770016e-23
zero,138.25625406700712,1.8048227454673346e-14,1.9235330892728915e-06,2.3745531940269872e-06,4.298086283299878e-06,3.6340372776770016e-23
zero,138.25860720330076,1.796348713847756e-14,1.928064754519169e-06,2.3801474207365866e-06,4.308212175255755e-06,3.6340372776770016e-23
zero,138.26096004790907,1.7879155126493997e-14,1.9326065322346907e-06,2.3857541310349933e-06,4.3183606632696844e-06,3.6340372776770016e-23
zero,138.26331259954114,1.7795229449665005e-14,1.9371584410871743e-06,2.391373347967035e-06,4.328531789054209e-06,3.6340372776770016e-23
zero,138.26566485690083,1.771170814842413e-14,1.9417204997516074e-06,2.397005094586514e-06,4.338725594338121e-06,3.6340372776770016e-23
zero,138.26801681868673,1.762858927265075e-14,1.946292726910017e-06,2.4026493939559216e-06,4.348942120865939e-06,3.6340372776770016e-23
zero,138.27036848359214,1.7545870881625937e-14,1.950875141251175e-06,2.408306269146078e-06,4.359181410397253e-06,3.6340372776770016e-23
zero,138.27271985030507,1.7463551043984518e-14,1.9554677614705277e-06,2.4139757432360396e-06,4.369443504706567e-06,3.6340372776770016e-23
zero,138.27507091750815,1.7381627837674326e-14,1.960070606269733e-06,2.419657839312533e-06,4.379728445582266e-06,3.6340372776770016e-23
zero,138.2774216838788,1.7300099349903783e-14,1.9646836943568625e-06,2.425352580470203e-06,4.390036274827065e-06,3.6340372776770016e-23
zero,138.27977214808894,1.721896367710748e-14,1.9693070444456038e-06,2.431059989810624e-06,4.400367034256228e-06,3.6340372776770016e-23
zero,138.2821223088052,1.7138218924892255e-14,1.9739406752555694e-06,2.436780090442688e-06,4.410720765698257e-06,3.6340372776770016e-23
zero,138.28447216468882,1.705786320799922e-14,1.978584605511717e-06,2.4425129054818834e-06,4.4210975109936005e-06,3.6340372776770016e-23
zero,138.28682171439564,1.697789465025425e-14,1.983238853944435e-06,2.448258458050404e-06,4.431497311994839e-06,3.6340372776770016e-23
zero,138.28917095657607,1.689831138452943e-14,1.987903439289014e-06,2.4540167712764937e-06,4.441920210565507e-06,3.6340372776770016e-23
zero,138.29151988987505,1.681911155269785e-14,1.9925783802855027e-06,2.4597878682942713e-06,4.452366248579774e-06,3.6340372776770016e-23
zero,138.29386851293214,1.674029330558675e-14,1.9972636956786822e-06,2.465571772243698e-06,4.462835467922381e-06,3.6340372776770016e-23
zero,138.29621682438136,1.6661854802939516e-14,2.001959404217529e-06,2.471368506269913e-06,4.473327910487442e-06,3.6340372776770016e-23
zero,138.29856482285126,1.6583794213370172e-14,2.0066655246551208e-06,2.4771780935231185e-06,4.483843618178239e-06,3.6340372776770016e-23
zero,138.30091250696495,1.6506109714318154e-14,2.0113820757485537e-06,2.4830005571584786e-06,4.494382632907032e-06,3.6340372776770016e-23
zero,138.30325987533993,1.6428799492010866e-14,2.016109076258393e-06,2.488835920335438e-06,4.504944996593831e-06,3.6340372776770016e-23
zero,138.30560692658824,1.6351861741416927e-14,2.020846544948696e-06,2.494684206217754e-06,4.51553075116645e-06,3.6340372776770016e-23
zero,138.3079536593163,1.6275294666207237e-14,2.025594500586575e-06,2.5005454379729533e-06,4.526139938559528e-06,3.6340372776770016e-23
zero,138.31030007212502,1.619909647870964e-14,2.0303529619421573e-06,2.5064196387722875e-06,4.536772600714445e-06,3.6340372776770016e-23
zero,138.31264616360968,1.6123265399870315e-14,2.0351219477881505e-06,2.5123068317901902e-06,4.547428779578341e-06,3.6340372776770016e-23
zero,138.31499193236,1.6047799659210764e-14,2.0399014768996773e-06,2.5182070402040786e-06,4.558108517103756e-06,3.6340372776770016e-23
zero,138.31733737696,1.5972697494785873e-14,2.0446915680540674e-06,2.5241202871940943e-06,4.568811855248162e-06,3.6340372776770016e-23
zero,138.31968249598822,1.589795715314316e-14,2.049492240030583e-06,2.530046595942762e-06,4.5795388359733445e-06,3.6340372776770016e-23
zero,138.32202728801738,1.5823576889283068e-14,2.0543035116100785e-06,2.5359859896345757e-06,4.590289501244654e-06,3.6340372776770016e-23
zero,138.3243717516146,1.5749554966617644e-14,2.0591254015747877e-06,2.5419384914557297e-06,4.601063893030518e-06,3.6340372776770016e-23
zero,138.32671588534134,1.567588965692677e-14,2.063957928708269e-06,2.5479041245940546e-06,4.611862053302324e-06,3.6340372776770016e-23
zero,138.32905968775333,1.5602579240323516e-14,2.0688011117947802e-06,2.553882912238243e-06,4.6226840240330236e-06,3.6340372776770016e-23
zero,138.33140315740056,1.5529622005209858e-14,2.073654969619279e-06,2.5598748775778536e-06,4.633529847197133e-06,3.6340372776770016e-23
zero,138.33374629282733,1.5457016248237048e-14,2.078519520967144e-06,2.5658800438029622e-06,4.644399564770107e-06,3.6340372776770016e-23
zero,138.3360890925722,1.5384760274266232e-14,2.0833947846238825e-06,2.571898434103806e-06,4.6552932187276884e-06,3.6340372776770016e-23
zero,138.33843155516786,1.5312852396331785e-14,2.0882807793746637e-06,2.5779300716702032e-06,4.6662108510448665e-06,3.6340372776770016e-23
zero,138.34077367914134,1.5241290935596166e-14,2.0931775240044413e-06,2.5839749796917067e-06,4.677152503696148e-06,3.6340372776770016e-23
zero,138.34311546301382,1.5170074221314538e-14,2.0980850372974226e-06,2.5900331813569475e-06,4.68811821865437e-06,3.6340372776770016e-23
zero,138.3454569053006,1.509920059079696e-14,2.1030033380367126e-06,2.596104699853196e-06,4.699108037889909e-06,3.6340372776770016e-23
zero,138.34779800451128,1.502866838936471e-14,2.1079324450043724e-06,2.602189558366434e-06,4.710122003370806e-06,3.6340372776770016e-23
zero,138.35013875914944,1.4958475970317143e-14,2.1128723769807615e-06,2.6082877800805433e-06,4.721160157061305e-06,3.6340372776770016e-23
zero,138.35247916771297,1.4888621694887593e-14,2.117823152744655e-06,2.6143993881774477e-06,4.732222540922102e-06,3.6340372776770016e-23
zero,138.35481922869374,1.4819103932210558e-14,2.1227847910725783e-06,2.6205244058362973e-06,4.7433091969088755e-06,3.6340372776770016e-23
zero,138.35715894057782,1.4749921059278866e-14,2.127757310738864e-06,2.6266628562335314e-06,4.754420166972395e-06,3.6340372776770016e-23
zero,138.35949830184526,1.4681071460910307e-14,2.1327407305150393e-06,2.632814762542129e-06,4.765555493057168e-06,3.6340372776770016e-23
zero,138.36183731097026,1.4612553529706064e-14,2.1377350691698186e-06,2.6389801479315958e-06,4.776715217101414e-06,3.6340372776770016e-23
zero,138.36417596642104,1.454436566601435e-14,2.142740345468734e-06,2.645159035567508e-06,4.7878993810362425e-06,3.6340372776770016e-23
zero,138.36651426665986,1.447650627789422e-14,2.147756578173753e-06,2.651351448611044e-06,4.799108026784797e-06,3.6340372776770016e-23
zero,138.368852210143,1.4408973781077064e-14,2.152783786043091e-06,2.6575574102187467e-06,4.810341196261838e-06,3.6340372776770016e-23
zero,138.37118979532073,1.434176659892912e-14,2.15782198783095e-06,2.6637769435422084e-06,4.821598931373159e-06,3.6340372776770016e-23
zero,138.3735270206373,1.427488316241746e-14,2.162871202287014e-06,2.6700100717274404e-06,4.832881274014455e-06,3.6340372776770016e-23
zero,138.37586388453096,1.4208321910070378e-14,2.167931448156373e-06,2.6762568179147863e-06,4.84418826607116e-06,3.6340372776770016e-23
zero,138.3782003854339,1.4142081287940489e-14,2.173002744179258e-06,2.682517205238588e-06,4.855519949417846e-06,3.6340372776770016e-23
zero,138.38053652177226,1.4076159749571183e-14,2.178085109090531e-06,2.6887912568265623e-06,4.866876365917093e-06,3.6340372776770016e-23
zero,138.38287229196604,1.4010555755960022e-14,2.1831785616194163e-06,2.6950789957994652e-06,4.878257557418882e-06,3.6340372776770016e-23
zero,138.3852076944292,1.3945267775520714e-14,2.1882831204893534e-06,2.7013804452709114e-06,4.889663565760265e-06,3.6340372776770016e-23
zero,138.38754272756958,1.3880294284048503e-14,2.1933988044176037e-06,2.7076956283468894e-06,4.9010944327644935e-06,3.6340372776770016e-23
zero,138.38987738978886,1.3815633764685662e-14,2.1985256321148526e-06,2.714024568125269e-06,4.912550200240121e-06,3.6340372776770016e-23
zero,138.39221167948267,1.3751284707882482e-14,2.2036636222851813e-06,2.720367287695768e-06,4.92403090998095e-06,3.6340372776770016e-23
zero,138.39454559504037,1.368724561136705e-14,2.2088127936253547e-06,2.7267238101390716e-06,4.935536603764426e-06,3.6340372776770016e-23
zero,138.3968791348452,1.3623514980106573e-14,2.2139731648247894e-06,2.733094158526795e-06,4.9470673233515845e-06,3.6340372776770016e-23
zero,138.39921229727415,1.3560091326274332e-14,2.2191447545650853e-06,2.7394783559209033e-06,4.958623110485989e-06,3.6340372776770016e-23
zero,138.40154508069813,1.3496973169211423e-14,2.2243275815199944e-06,2.745876425373673e-06,4.970204006893668e-06,3.6340372776770016e-23
zero,138.40387748348166,1.3434159035398655e-14,2.2295216643545653e-06,2.752288389926637e-06,4.981810054281203e-06,3.6340372776770016e-23
zero,138.40620950398315,1.3371647458415537e-14,2.2347270217253635e-06,2.7587142726108556e-06,4.993441294336219e-06,3.6340372776770016e-23
zero,138.4085411405547,1.3309436978909435e-14,2.239943672279862e-06,2.7651540964461663e-06,5.0050977687260285e-06,3.6340372776770016e-23
zero,138.4108723915421,1.3247526144561056e-14,2.2451716346561515e-06,2.771607884440821e-06,5.0167795190969725e-06,3.6340372776770016e-23
zero,138.41320325528497,1.3185913510050078e-14,2.2504109274826457e-06,2.778075659591129e-06,5.028486587073775e-06,3.6340372776770016e-23
zero,138.41553373011652,1.3124597637020984e-14,2.2556615693777857e-06,2.784557444881087e-06,5.040219014258873e-06,3.6340372776770016e-23
zero,138.41786381436367,1.3063577094051294e-14,2.260923578949548e-06,2.7910532632817742e-06,5.051976842231322e-06,3.6340372776770016e-23
zero,138.420193506347,1.3002850456616198e-14,2.266196974795274e-06,2.7975631377511396e-06,5.063760112546414e-06,3.6340372776770016e-23
zero,138.42252280438078,1.2942416307055626e-14,2.271481775501303e-06,2.804087091233552e-06,5.075568866734855e-06,3.6340372776770016e-23
zero,138.42485170677287,1.2882273234541473e-14,2.2767779996426027e-06,2.8106251466593412e-06,5.087403146301944e-06,3.6340372776770016e-23
zero,138.42718021182475,1.2822419835045689e-14,2.2820856657823337e-06,2.817177326944262e-06,5.099262992726596e-06,3.6340372776770016e-23
zero,138.4295083178315,1.2762854711305615e-14,2.287404792471668e-06,2.82374365498927e-06,5.1111484474609386e-06,3.6340372776770016e-23
zero,138.43183602308184,1.2703576472791678e-14,2.2927353982494173e-06,2.830324153680061e-06,5.1230595519294785e-06,3.6340372776770016e-23
zero,138.434163325858,1.2644583735675976e-14,2.2980775016415848e-06,2.83691884588652e-06,5.134996347528105e-06,3.6340372776770016e-23
zero,138.4364902244358,1.2585875122799534e-14,2.3034311211610552e-06,2.8435277544623373e-06,5.1469588756233926e-06,3.6340372776770016e-23
zero,138.43881671708456,1.2527449263639766e-14,2.308796275307269e-06,2.8501509022446064e-06,5.158947177551876e-06,3.6340372776770016e-23
zero,138.44114280206722,1.2469304794277341e-14,2.3141729825659788e-06,2.8567883120535234e-06,5.170961294619503e-06,3.6340372776770016e-23
zero,138.4434684776401,1.2411440357368237e-14,2.3195612614085237e-06,2.8634400066914928e-06,5.183001268100017e-06,3.6340372776770016e-23
zero,138.4457937420531,1.2353854602107356e-14,2.3249611302919058e-06,2.8701060089432182e-06,5.195067139235124e-06,3.6340372776770016e-23
zero,138.4481185935496,1.2296546184199456e-14,2.330372607658197e-06,2.8767863415749745e-06,5.207158949233172e-06,3.6340372776770016e-23
zero,138.45044303036642,1.2239513765827365e-14,2.3357957119342133e-06,2.8834810273342006e-06,5.2192767392684135e-06,3.6340372776770016e-23
zero,138.4527670507338,1.2182756015621745e-14,2.3412304615310477e-06,2.890190088948929e-06,5.231420550479976e-06,3.6340372776770016e-23
zero,138.4550906528755,1.212627160862684e-14,2.3466768748440053e-06,2.8969135491276996e-06,5.243590423971705e-06,3.6340372776770016e-23
zero,138.45741383500862,1.2070059226273339e-14,2.3521349702518694e-06,2.903651430558659e-06,5.255786400810529e-06,3.6340372776770016e-23
zero,138.45973659534374,1.2014117556344438e-14,2.3576047661168272e-06,2.910403755909465e-06,5.268008522026292e-06,3.6340372776770016e-23
zero,138.46205893208472,1.1958445292948949e-14,2.363086280783733e-06,2.917170547826378e-06,5.280256828610111e-06,3.6340372776770016e-23
zero,138.46438084342887,1.1903041136486325e-14,2.368579532580163e-06,2.9239518289343303e-06,5.292531361514493e-06,3.6340372776770016e-23
zero,138.4667023275669,1.1847903793618022e-14,2.374084539815876e-06,2.930747621836258e-06,5.304832161652134e-06,3.6340372776770016e-23
zero,138.4690233826828,1.1793031977239641e-14,2.379601320782191e-06,2.9375579491123346e-06,5.317159269894526e-06,3.6340372776770016e-23
zero,138.47134400695384,1.1738424406448459e-14,2.3851298937518465e-06,2.944382833319795e-06,5.329512727071642e-06,3.6340372776770016e-23
zero,138.47366419855078,1.1684079806511865e-14,2.3906702769787775e-06,2.951222296992664e-06,5.3418925739714414e-06,3.6340372776770016e-23
zero,138.4759839556375,1.1629996908842571e-14,2.3962224886972295e-06,2.9580763626406577e-06,5.354298851337887e-06,3.6340372776770016e-23
zero,138.47830327637126,1.1576174450964646e-14,2.4017865471218e-06,2.964945052749238e-06,5.3667315998710385e-06,3.6340372776770016e-23
zero,138.4806221589026,1.1522611176485028e-14,2.40736247044695e-06,2.9718283897790103e-06,5.37919086022596e-06,3.6340372776770016e-23
zero,138.48294060137528,1.1469305835065815e-14,2.412950276846437e-06,2.978726396165021e-06,5.391676673011458e-06,3.6340372776770016e-23
zero,138.4852586019263,1.1416257182393414e-14,2.4185499844730915e-06,2.985639094316481e-06,5.404189078789572e-06,3.6340372776770016e-23
zero,138.48757615868593,1.136346398014917e-14,2.4241616114584466e-06,2.9925665066163132e-06,5.41672811807476e-06,3.6340372776770016e-23
zero,138.48989326977764,1.1310924995982057e-14,2.42978517591217e-06,2.9995086554204455e-06,5.4292938313326155e-06,3.6340372776770016e-23
zero,138.49220993331812,1.1258639003478286e-14,2.4354206959218287e-06,3.006465563057526e-06,5.441886258979354e-06,3.6340372776770016e-23
zero,138.49452614741716,1.1206604782135548e-14,2.4410681895521722e-06,3.013437251828031e-06,5.454505441380203e-06,3.6340372776770016e-23
zero,138.49684191017786,1.115482111732908e-14,2.4467276748453105e-06,3.0204237440044927e-06,5.467151418849803e-06,3.6340372776770016e-23
zero,138.4991572196964,1.1103286800288727e-14,2.4523991698197173e-06,3.0274250618302627e-06,5.47982423164998e-06,3.6340372776770016e-23
zero,138.50147207406212,1.1052000628067869e-14,2.458082692470123e-06,3.034441227519384e-06,5.492523919989507e-06,3.6340372776770016e-23
zero,138.50378647135744,1.1000961403517519e-14,2.4637782607668566e-06,3.041472263255775e-06,5.505250524022631e-06,3.6340372776770016e-23
zero,138.50610040965802,1.0950167935254312e-14,2.469485892655881e-06,3.0485181911932744e-06,5.518004083849155e-06,3.6340372776770016e-23
zero,138.50841388703253,1.0899619037636767e-14,2.4752056060579174e-06,3.0555790334545633e-06,5.530784639512481e-06,3.6340372776770016e-23
zero,138.51072690154277,1.0849313530736045e-14,2.480937418868196e-06,3.0626548121308512e-06,5.543592230999047e-06,3.6340372776770016e-23
zero,138.5130394512436,1.0799250240308096e-14,2.4866813489560634e-06,3.069745549281398e-06,5.556426898237461e-06,3.6340372776770016e-23
zero,138.51535153418297,1.074942799776657e-14,2.492437414164519e-06,3.0768512669329367e-06,5.5692886810974555e-06,3.6340372776770016e-23
zero,138.51766314840188,1.0699845640155245e-14,2.4982056323098203e-06,3.0839719870791897e-06,5.58217761938901e-06,3.6340372776770016e-23
zero,138.51997429193432,1.0650502010122401e-14,2.503986021180871e-06,3.091107731680111e-06,5.595093752860981e-06,3.6340372776770016e-23
zero,138.5222849628074,1.060139595589048e-14,2.509778598539174e-06,3.0982585226618276e-06,5.6080371212010016e-06,3.6340372776770016e-23
zero,138.52459515904113,1.0552526331233155e-14,2.5155833821179317e-06,3.105424381915533e-06,5.621007764033465e-06,3.6340372776770016e-23
zero,138.52690487864862,1.0503891995445257e-14,2.5214003896219947e-06,3.112605331297419e-06,5.634005720919414e-06,3.6340372776770016e-23
zero,138.52921411963592,1.0455491813318285e-14,2.527229638727169e-06,3.1198013926278244e-06,5.647031031354993e-06,3.6340372776770016e-23
zero,138.5315228800021,1.040732465511242e-14,2.53307114707995e-06,3.127012587690902e-06,5.6600837347708515e-06,3.6340372776770016e-23
zero,138.5338311577391,1.0359389396531674e-14,2.538924932296888e-06,3.134238938233841e-06,5.6731638705307294e-06,3.6340372776770016e-23
zero,138.53613895083188,1.0311684918696173e-14,2.5447910119643244e-06,3.1414804659665367e-06,5.686271477930861e-06,3.6340372776770016e-23
zero,138.53844625725836,1.026421010811696e-14,2.550669403637824e-06,3.148737192560892e-06,5.699406596198716e-06,3.6340372776770016e-23
zero,138.54075307498934,1.0216963856669155e-14,2.5565601248418267e-06,3.156009139650388e-06,5.712569264492215e-06,3.6340372776770016e-23
zero,138.54305940198853,1.0169945061567564e-14,2.5624631930690106e-06,3.163296328829295e-06,5.725759521898305e-06,3.6340372776770016e-23
zero,138.5453652362126,1.0123152625338371e-14,2.5683786257801518e-06,3.1705987816525016e-06,5.738977407432654e-06,3.6340372776770016e-23
zero,138.54767057561102,1.0076585455797299e-14,2.5743064404031916e-06,3.1779165196343633e-06,5.752222960037555e-06,3.6340372776770016e-23
zero,138.54997541812622,1.0030242466019837e-14,2.5802466543333146e-06,3.1852495642487967e-06,5.765496218582111e-06,3.6340372776770016e-23
zero,138.55227976169346,9.984122574319065e-15,2.5861992849320758e-06,3.192597936928205e-06,5.77879722186028e-06,3.6340372776770016e-23
zero,138.55458360424083,9.938224704219013e-15,2.592164349527112e-06,3.1999616590631203e-06,5.792126008590232e-06,3.6340372776770016e-23
zero,138.5568869436893,9.892547784429858e-15,2.5981418654116304e-06,3.207340752001571e-06,5.805482617413202e-06,3.6340372776770016e-23
zero,138.5591897779527,9.847090748822114e-15,2.6041318498440438e-06,3.214735237048634e-06,5.8188670868926776e-06,3.6340372776770016e-23
zero,138.56149210493757,9.801852536403773e-15,2.610134320047229e-06,3.222145135465517e-06,5.832279455512746e-06,3.6340372776770016e-23
zero,138.5637939225434,9.756832091292493e-15,2.6161492932084516e-06,3.2295704684694667e-06,5.845719761677918e-06,3.6340372776770016e-23
zero,138.56609522866236,9.712028362694076e-15,2.622176786478474e-06,3.2370112572326683e-06,5.859188043711142e-06,3.6340372776770016e-23
zero,138.56839602117947,9.667440304876047e-15,2.628216816971327e-06,3.2444675228819618e-06,5.872684339853289e-06,3.6340372776770016e-23
zero,138.5706962979725,9.623066877143567e-15,2.634269401763782e-06,3.2519392864981915e-06,5.8862086882619736e-06,3.6340372776770016e-23
zero,138.572996056912,9.578907043814947e-15,2.640334557894894e-06,3.2594265691156422e-06,5.899761127010536e-06,3.6340372776770016e-23
zero,138.57529529586125,9.53495977419833e-15,2.646412302365397e-06,3.266929391721292e-06,5.913341694086689e-06,3.6340372776770016e-23
zero,138.57759401267634,9.491224042566349e-15,2.652502652137388e-06,3.2744477752544234e-06,5.926950427391811e-06,3.6340372776770016e-23
zero,138.579892205206,9.447698828134129e-15,2.6586056241335673e-06,3.2819817406056844e-06,5.940587364739251e-06,3.6340372776770016e-23
zero,138.58218987129175,9.404383115032572e-15,2.6647212352371465e-06,3.289531308616973e-06,5.9542525438541194e-06,3.6340372776770016e-23
zero,138.58448700876778,9.361275892287658e-15,2.670849502290927e-06,3.2970965000803057e-06,5.967946002371232e-06,3.6340372776770016e-23
zero,138.58678361546103,9.318376153794516e-15,2.676990442097133e-06,3.3046773357376043e-06,5.9816677778347376e-06,3.6340372776770016e-23
zero,138.5890796891911,9.275682898295343e-15,2.6831440714167094e-06,3.312273836279834e-06,5.995417907696543e-06,3.6340372776770016e-23
zero,138.59137522777027,9.233195129355311e-15,2.6893104069689194e-06,3.3198860223465043e-06,6.009196429315424e-06,3.6340372776770016e-23
zero,138.5936702290035,9.190911855340167e-15,2.6954894654307168e-06,3.327513914524895e-06,6.023003379955612e-06,3.6340372776770016e-23
zero,138.59596469068842,9.148832089391341e-15,2.7016812634364903e-06,3.3351575333497406e-06,6.0368387967862305e-06,3.6340372776770016e-23
zero,138.5982586106153,9.106954849405345e-15,2.707885817577198e-06,3.3428168993021608e-06,6.050702716879359e-06,3.6340372776770016e-23
zero,138.60055198656707,9.065279158008051e-15,2.714103144400266e-06,3.350492032809537e-06,6.0645951772098025e-06,3.6340372776770016e-23
zero,138.6028448163193,9.02380404253433e-15,2.7203332604087086e-06,3.3581829542444263e-06,6.0785162146531345e-06,3.6340372776770016e-23
zero,138.60513709764015,8.982528535004623e-15,2.726576182060724e-06,3.365889683924058e-06,6.0924658659847815e-06,3.6340372776770016e-23
zero,138.6074288282905,8.941451672100156e-15,2.7328319257694972e-06,3.373612242110097e-06,6.106444167879594e-06,3.6340372776770016e-23
zero,138.60972000602365,8.900572495145394e-15,2.7391005079019376e-06,3.381350649007081e-06,6.120451156909018e-06,3.6340372776770016e-23
zero,138.6120106285857,8.859890050079896e-15,2.7453819447790244e-06,3.389104924762849e-06,6.134486869541873e-06,3.6340372776770016e-23
zero,138.61430069371522,8.819403387439961e-15,2.7516762526746928e-06,3.396875089467163e-06,6.148551342141856e-06,3.6340372776770016e-23
zero,138.61659019914342,8.779111562335295e-15,2.7579834478154758e-06,3.4046611631512704e-06,6.162644610966746e-06,3.6340372776770016e-23
zero,138.61887914259407,8.739013634426313e-15,2.764303546380077e-06,3.4124631657873743e-06,6.176766712167451e-06,3.6340372776770016e-23
zero,138.62116752178346,8.699108667904022e-15,2.7706365644985516e-06,3.4202811172876207e-06,6.190917681786172e-06,3.6340372776770016e-23
zero,138.62345533442053,8.659395731465569e-15,2.7769825182521814e-06,3.4281150375039474e-06,6.205097555756128e-06,3.6340372776770016e-23
zero,138.6257425782067,8.619873898294342e-15,2.783341423672644e-06,3.4359649462270577e-06,6.219306369899702e-06,3.6340372776770016e-23
zero,138.62802925083597,8.58054224603869e-15,2.789713296741419e-06,3.4438308631856864e-06,6.233544159927106e-06,3.6340372776770016e-23
zero,138.63031534999487,8.541399856787813e-15,2.7960981533896654e-06,3.4517128080464473e-06,6.247810961436113e-06,3.6340372776770016e-23
zero,138.63260087336243,8.50244581705411e-15,2.8024960094970547e-06,3.4596108004123954e-06,6.26210680990945e-06,3.6340372776770016e-23
zero,138.6348858186103,8.463679217747846e-15,2.808906880891891e-06,3.467524859823174e-06,6.2764317407150645e-06,3.6340372776770016e-23
zero,138.63717018340247,8.425099154159694e-15,2.8153307833499397e-06,3.47545500575357e-06,6.290785789103509e-06,3.6340372776770016e-23
zero,138.6394539653956,8.386704725937066e-15,2.821767732594296e-06,3.483401257613346e-06,6.305168990207642e-06,3.6340372776770016e-23
zero,138.6417371622388,8.34849503706348e-15,2.828217744294775e-06,3.4913636347464954e-06,6.319581379041271e-06,3.6340372776770016e-23
zero,138.64401977157365,8.310469195838491e-15,2.834680834067207e-06,3.4993421564303687e-06,6.3340229904975755e-06,3.6340372776770016e-23
zero,138.6463017910343,8.272626314855823e-15,2.8411570174730694e-06,3.507336841875218e-06,6.348493859348287e-06,3.6340372776770016e-23
zero,138.6485832182472,8.234965510984901e-15,2.8476463100185353e-06,3.5153477102230226e-06,6.3629940202415575e-06,3.6340372776770016e-23
zero,138.65086405083153,8.197485905346379e-15,2.854148727154576e-06,3.5233747805476187e-06,6.377523507702195e-06,3.6340372776770016e-23
zero,138.65314428639877,8.160186623294818e-15,2.8606642842758524e-06,3.531418071853328e-06,6.39208235612918e-06,3.6340372776770016e-23
zero,138.65542392255287,8.123066794398166e-15,2.8671929967201574e-06,3.539477603074269e-06,6.406670599794427e-06,3.6340372776770016e-23
zero,138.65770295689032,8.086125552415027e-15,2.8737348797682793e-06,3.547553393074191e-06,6.4212882728424705e-06,3.6340372776770016e-23
zero,138.65998138700002,8.049362035276682e-15,2.8802899486430324e-06,3.5556454606452744e-06,6.435935409288307e-06,3.6340372776770016e-23
zero,138.6622592104633,8.012775385066411e-15,2.886858218508787e-06,3.563753824507554e-06,6.450612043016341e-06,3.6340372776770016e-23
zero,138.664536424854,7.976364747998929e-15,2.8934397044709856e-06,3.5718785033083176e-06,6.465318207779304e-06,3.6340372776770016e-23
zero,138.6668130277383,7.940129274401302e-15,2.900034421575422e-06,3.580019515621219e-06,6.4800539371966405e-06,3.6340372776770016e-23
zero,138.66908901667495,7.904068118691678e-15,2.906642384807918e-06,3.588176879945878e-06,6.494819264753796e-06,3.6340372776770016e-23
zero,138.671364389215,7.868180439361745e-15,2.913263609093346e-06,3.5963506147066747e-06,6.509614223800021e-06,3.6340372776770016e-23
zero,138.67363914290203,7.832465398954763e-15,2.9198981092954743e-06,3.604540738252556e-06,6.52443884754803e-06,3.6340372776770016e-23
zero,138.67591327527197,7.796922164048203e-15,2.926545900215972e-06,3.612747268855811e-06,6.539293169071783e-06,3.6340372776770016e-23
zero,138.6781867838532,7.761549905232442e-15,2.9332069965941734e-06,3.6209702247117767e-06,6.55417722130595e-06,3.6340372776770016e-23
zero,138.6804596661665,7.726347797092246e-15,2.939881413106329e-06,3.6292096239379147e-06,6.569091037044244e-06,3.6340372776770016e-23
zero,138.68273191972514,7.691315018187456e-15,2.9465691643650266e-06,3.6374654845730966e-06,6.584034648938123e-06,3.6340372776770016e-23
zero,138.68500354203465,7.656450751034631e-15,2.9532702649184402e-06,3.6457378245766775e-06,6.599008089495118e-06,3.6340372776770016e-23
zero,138.68727453059313,7.6217541820853e-15,2.9599847292502445e-06,3.6540266618283895e-06,6.6140113910786335e-06,3.6340372776770016e-23
zero,138.68954488289094,7.58722450171087e-15,2.9667125717782732e-06,3.662332014126686e-06,6.629044585904959e-06,3.6340372776770016e-23
zero,138.69181459641095,7.552860904180192e-15,2.9734538068546007e-06,3.6706538991888405e-06,6.644107706043441e-06,3.6340372776770016e-23
zero,138.69408366862837,7.518662587642904e-15,2.9802084487645235e-06,3.6789923346496927e-06,6.659200783414216e-06,3.6340372776770016e-23
zero,138.69635209701082,7.48462875410981e-15,2.9869765117261376e-06,3.6873473380611243e-06,6.674323849787262e-06,3.6340372776770016e-23
zero,138.6986198790183,7.450758609434661e-15,2.9937580098896515e-06,3.6957189268912115e-06,6.689476936780863e-06,3.6340372776770016e-23
zero,138.70088701210327,7.417051363295163e-15,3.000552957336867e-06,3.7041071185235845e-06,6.704660075860452e-06,3.6340372776770016e-23
zero,138.7031534937105,7.383506229174945e-15,3.007361368080497e-06,3.7125119302565844e-06,6.719873298337082e-06,3.6340372776770016e-23
zero,138.7054193212771,7.350122424346008e-15,3.014183256063383e-06,3.7209333793022983e-06,6.7351166353656815e-06,3.6340372776770016e-23
zero,138.70768449223277,7.316899169847517e-15,3.0210186351584793e-06,3.729371482786539e-06,6.750390117945019e-06,3.6340372776770016e-23
zero,138.70994900399938,7.283835690471783e-15,3.0278675191673986e-06,3.7378262577470503e-06,6.765693776914449e-06,3.6340372776770016e-23
zero,138.71221285399133,7.250931214742427e-15,3.0347299218205534e-06,3.746297721133681e-06,6.781027642954234e-06,3.6340372776770016e-23
zero,138.71447603961536,7.218184974898425e-15,3.0416058567761226e-06,3.7547858898071093e-06,6.7963917465832315e-06,3.6340372776770016e-23
zero,138.71673855827052,7.185596206877027e-15,3.048495337619251e-06,3.763290780537854e-06,6.811786118157105e-06,3.6340372776770016e-23
zero,138.71900040734837,7.15316415029262e-15,3.055398377862117e-06,3.7718124100063603e-06,6.827210787868477e-06,3.6340372776770016e-23
zero,138.72126158423282,7.120888048421884e-15,3.0623149909427124e-06,3.78035079480149e-06,6.842665785744202e-06,3.6340372776770016e-23
zero,138.72352208630008,7.088767148186105e-15,3.0692451902242016e-06,3.7889059514197336e-06,6.858151141643935e-06,3.6340372776770016e-23
zero,138.72578191091887,7.056800700131197e-15,3.0761889889948234e-06,3.797477896265088e-06,6.873666885259911e-06,3.6340372776770016e-23
zero,138.72804105545018,7.024987958413445e-15,3.0831464004665575e-06,3.8060666456474083e-06,6.889213046113966e-06,3.6340372776770016e-23
zero,138.7302995172475,6.993328180778912e-15,3.090117437775184e-06,3.8146722157824863e-06,6.90478965355767e-06,3.6340372776770016e-23
zero,138.73255729365664,6.9618206285481385e-15,3.0971021139792183e-06,3.8232946227907295e-06,6.920396736769948e-06,3.6340372776770016e-23
zero,138.7348143820158,6.9304645665993194e-15,3.104100442059176e-06,3.831933882696258e-06,6.936034324755434e-06,3.6340372776770016e-23
zero,138.7370707796556,6.899259263349189e-15,3.1111124349173695e-06,3.840590011426651e-06,6.951702446344021e-06,3.6340372776770016e-23
zero,138.73932648389902,6.8682039907375675e-15,3.118138105376916e-06,3.8492630248117255e-06,6.967401130188641e-06,3.6340372776770016e-23
zero,138.7415814920615,6.837298024209229e-15,3.125177466181347e-06,3.8579529385830495e-06,6.983130404764397e-06,3.6340372776770016e-23
zero,138.7438358014508,6.806540642698195e-15,3.132230529993703e-06,3.866659768372828e-06,6.998890298366531e-06,3.6340372776770016e-23
zero,138.74608940936716,6.775931128610174e-15,3.1392973093960494e-06,3.875383529713304e-06,7.014680839109354e-06,3.6340372776770016e-23
zero,138.74834231310317,6.7454687678054755e-15,3.146377816888913e-06,3.884124238036064e-06,7.030502054924977e-06,3.6340372776770016e-23
zero,138.75059450994382,6.715152849583543e-15,3.1534720648903615e-06,3.8928819086709e-06,7.046353973561261e-06,3.6340372776770016e-23
zero,138.75284599716656,6.684982666665268e-15,3.1605800657356056e-06,3.9016565568453175e-06,7.062236622580923e-06,3.6340372776770016e-23
zero,138.7550967720412,6.65495751517693e-15,3.1677018316762497e-06,3.910448197683616e-06,7.0781500293598655e-06,3.6340372776770016e-23
zero,138.75734683183003,6.625076694633814e-15,3.17483737487963e-06,3.919256846206064e-06,7.094094221085694e-06,3.6340372776770016e-23
zero,138.7595961737877,6.5953395079235584e-15,3.1819867074282293e-06,3.9280825173281835e-06,7.110069224756412e-06,3.6340372776770016e-23
zero,138.76184479516135,6.5657452612903294e-15,3.189149841318925e-06,3.936925225859817e-06,7.126075067178742e-06,3.6340372776770016e-23
zero,138.7640926931905,6.5362932643183135e-15,3.196326788462407e-06,3.945784986504414e-06,7.1421117749668215e-06,3.6340372776770016e-23
zero,138.76633986510708,6.506982829916055e-15,3.203517560682405e-06,3.954661813858068e-06,7.1581793745404725e-06,3.6340372776770016e-23
zero,138.76858630813558,6.477813274299385e-15,3.210722169715293e-06,3.9635557224090396e-06,7.1742778921243325e-06,3.6340372776770016e-23
zero,138.77083201949284,6.44878391697665e-15,3.217940627209133e-06,3.972466726536567e-06,7.1904073537456995e-06,3.6340372776770016e-23
zero,138.77307699638817,6.419894080732547e-15,3.2251729447230842e-06,3.981394840510141e-06,7.2065677852332255e-06,3.6340372776770016e-23
zero,138.77532123602336,6.391143091611662e-15,3.2324191337269012e-06,3.990340078488886e-06,7.222759212215787e-06,3.6340372776770016e-23
zero,138.77756473559265,6.362530278903573e-15,3.239679205600069e-06,3.99930245452049e-06,7.238981660120559e-06,3.6340372776770016e-23
zero,138.77980749228274,6.334054975126915e-15,3.2469531716311993e-06,4.008281982540459e-06,7.255235154171658e-06,3.6340372776770016e-23
zero,138.78204950327282,6.305716516013901e-15,3.254241043017347e-06,4.017278676371276e-06,7.271519719388623e-06,3.6340372776770016e-23
zero,138.7842907657346,6.2775142404938385e-15,3.261542830863585e-06,4.026292549721875e-06,7.287835380585461e-06,3.6340372776770016e-23
zero,138.78653127683222,6.249447490679602e-15,3.2688585461818515e-06,4.035323616186216e-06,7.304182162368068e-06,3.6340372776770016e-23
zero,138.78877103372238,6.221515611850591e-15,3.276188199890721e-06,4.044371889243003e-06,7.320560089133725e-06,3.6340372776770016e-23
zero,138.79101003355427,6.193717952438279e-15,3.2835318028145043e-06,4.053437382254578e-06,7.336969185069082e-06,3.6340372776770016e-23
zero,138.79324827346954,6.1660538640114604e-15,3.2908893656824637e-06,4.062520108465944e-06,7.353409474148408e-06,3.6340372776770016e-23
zero,138.79548575060244,6.138522701259828e-15,3.2982608991284784e-06,4.071620081004356e-06,7.369880980132834e-06,3.6340372776770016e-23
zero,138.79772246207975,6.1111238219793915e-15,3.3056464136902424e-06,4.080737312878334e-06,7.386383726568576e-06,3.6340372776770016e-23
zero,138.79995840502076,6.083856587058305e-15,3.313045919808372e-06,4.089871816976555e-06,7.402917736784927e-06,3.6340372776770016e-23
zero,138.8021935765373,6.056720360461724e-15,3.320459427825782e-06,4.099023606067087e-06,7.419483033892869e-06,3.6340372776770016e-23
zero,138.8044279737338,6.029714509215702e-15,3.3278869479873534e-06,4.1081926927969785e-06,7.436079640784332e-06,3.6340372776770016e-23
zero,138.80666159370725,6.002838403393943e-15,3.335328490438839e-06,4.117379089690906e-06,7.452707580129745e-06,3.6340372776770016e-23
zero,138.8088944335472,5.9760914161025374e-15,3.342784065226334e-06,4.1265828091505205e-06,7.469366874376854e-06,3.6340372776770016e-23
zero,138.81112649033585,5.949472923465129e-15,3.3502536822956486e-06,4.135803863453675e-06,7.486057545749323e-06,3.6340372776770016e-23
zero,138.81335776114793,5.9229823046088404e-15,3.3577373514914923e-06,4.145042264753415e-06,7.502779616244906e-06,3.6340372776770016e-23
zero,138.81558824305085,5.8966189416489096e-15,3.36523508255704e-06,4.154298025077445e-06,7.519533107634486e-06,3.6340372776770016e-23
zero,138.81781793310458,5.870382219676104e-15,3.3727468851327174e-06,4.163571156326629e-06,7.536318041459346e-06,3.6340372776770016e-23
zero,138.8200468283618,5.844271526739831e-15,3.3802727687562454e-06,4.172861670275041e-06,7.553134439031287e-06,3.6340372776770016e-23
zero,138.82227492586776,5.818286253836355e-15,3.3878127428612363e-06,4.182169578568241e-06,7.569982321429478e-06,3.6340372776770016e-23
zero,138.82450222266044,5.792425794892743e-15,3.3953668167770363e-06,4.191494892723071e-06,7.586861709500107e-06,3.6340372776770016e-23
zero,138.82672871577049,5.766689546753542e-15,3.402934999727798e-06,4.2008376241265135e-06,7.603772623854312e-06,3.6340372776770016e-23
zero,138.82895440222117,5.741076909167201e-15,3.4105173008316486e-06,4.2101977840346694e-06,7.620715084866318e-06,3.6340372776770016e-23
zero,138.83117927902853,5.7155872847709045e-15,3.418113729100334e-06,4.219575383572311e-06,7.637689112672644e-06,3.6340372776770016e-23
zero,138.83340334320133,5.690220079077143e-15,3.425724293438384e-06,4.228970433731856e-06,7.654694727170242e-06,3.6340372776770016e-23
zero,138.83562659174095,5.664974700460974e-15,3.43334900264208e-06,4.238382945372094e-06,7.671731948014173e-06,3.6340372776770016e-23
zero,138.83784902164166,5.639850560143807e-15,3.4409878653994795e-06,4.247812929218212e-06,7.688800794617691e-06,3.6340372776770016e-23
zero,138.8400706298904,5.6148470721821e-15,3.448640890288996e-06,4.257260395860045e-06,7.705901286149042e-06,3.6340372776770016e-23
zero,138.84229141346685,5.589963653452577e-15,3.4563080857790343e-06,4.266725355751628e-06,7.723033441530663e-06,3.6340372776770016e-23
zero,138.84451136934356,5.565199723638482e-15,3.4639894602273433e-06,4.276207819210391e-06,7.740197279437734e-06,3.6340372776770016e-23
zero,138.84673049448585,5.540554705216236e-15,3.4716850218802573e-06,4.285707796416224e-06,7.757392818296481e-06,3.6340372776770016e-23
zero,138.84894878585186,5.516028023442142e-15,3.479394778871948e-06,4.295225297410558e-06,7.774620076282506e-06,3.6340372776770016e-23
zero,138.85116624039253,5.4916191063391695e-15,3.4871187392236577e-06,4.304760332095417e-06,7.791879071319075e-06,3.6340372776770016e-23
zero,138.8533828550517,5.467327384682859e-15,3.4948569108432484e-06,4.314312910232856e-06,7.809169821076104e-06,3.6340372776770016e-23
zero,138.85559862676607,5.443152291988863e-15,3.50260930152424e-06,4.323883041443778e-06,7.826492342968018e-06,3.6340372776770016e-23
zero,138.85781355246513,5.41909326449993e-15,3.5103759189450435e-06,4.3334707352069915e-06,7.843846654152034e-06,3.6340372776770016e-23
zero,138.86002762907142,5.395149741171087e-15,3.5181567706687996e-06,4.343076000859e-06,7.8612327715278e-06,3.6340372776770016e-23
zero,138.8622408535003,5.371321163658622e-15,3.5259518641420102e-06,4.352698847592325e-06,7.878650711734334e-06,3.6340372776770016e-23
zero,138.86445322266013,5.3476069763057225e-15,3.533761206694276e-06,4.362339284455172e-06,7.896100491149448e-06,3.6340372776770016e-23
zero,138.86666473345215,5.324006626130331e-15,3.541584805537324e-06,4.371997320350239e-06,7.913582125887564e-06,3.6340372776770016e-23
zero,138.86887538277063,5.300519562811853e-15,3.5494226677644384e-06,4.381672964034005e-06,7.931095631798442e-06,3.6340372776770016e-23
zero,138.8710851675028,5.277145238678228e-15,3.5572748003497834e-06,4.3913662241159e-06,7.948641024465684e-06,3.6340372776770016e-23
zero,138.87329408452896,5.25388310869308e-15,3.5651412101477418e-06,4.401077109057488e-06,7.96621831920523e-06,3.6340372776770016e-23
zero,138.87550213072237,5.230732630444118e-15,3.5730219038918222e-06,4.410805627171117e-06,7.98382753106294e-06,3.6340372776770016e-23
zero,138.8777093029494,5.207693264128612e-15,3.580916888194604e-06,4.420551786619848e-06,8.001468674814451e-06,3.6340372776770016e-23
zero,138.87991559806946,5.1847644725425266e-15,3.5888261695464373e-06,4.430315595415855e-06,8.019141764962293e-06,3.6340372776770016e-23
zero,138.88212101293504,5.161945721067321e-15,3.5967497543149786e-06,4.440097061419851e-06,8.036846815734829e-06,3.6340372776770016e-23
zero,138.88432554439183,5.139236477656828e-15,3.6046876487447093e-06,4.4498961923404896e-06,8.0545838410852e-06,3.6340372776770016e-23
zero,138.88652918927852,5.116636212826553e-15,3.6126398589556415e-06,4.459712995732773e-06,8.072352854688415e-06,3.6340372776770016e-23
zero,138.88873194442712,5.0941443996389245e-15,3.6206063909434556e-06,4.469547478998217e-06,8.090153869941672e-06,3.6340372776770016e-23
zero,138.89093380666264,5.071760513694155e-15,3.6285872505776887e-06,4.479399649382618e-06,8.107986899960307e-06,3.6340372776770016e-23
zero,138.8931347728035,5.049484033114198e-15,3.6365824436023814e-06,4.489269513976849e-06,8.12585195757923e-06,3.6340372776770016e-23
zero,138.89533483966116,5.027314438534576e-15,3.6445919756339534e-06,4.499157079714238e-06,8.143749055348193e-06,3.6340372776770016e-23
zero,138.8975340040404,5.005251213089338e-15,3.652615852161547e-06,4.509062353370996e-06,8.161678205532543e-06,3.6340372776770016e-23
zero,138.89973226273935,4.983293842399851e-15,3.6606540785460284e-06,4.518985341564975e-06,8.179639420111004e-06,3.6340372776770016e-23
zero,138.9019296125493,4.961441814563616e-15,3.668706660018985e-06,4.528926050754438e-06,8.197632710773424e-06,3.6340372776770016e-23
zero,138.90412605025497,4.939694620141443e-15,3.6767736016823506e-06,4.5388844872375945e-06,8.215658088919945e-06,3.6340372776770016e-23
zero,138.90632157263437,4.918051752145846e-15,3.684854908507604e-06,4.548860657151609e-06,8.233715565659214e-06,3.6340372776770016e-23
zero,138.90851617645887,4.8965127060294626e-15,3.69295058533497e-06,4.55885456647162e-06,8.25180515180659e-06,3.6340372776770016e-23
zero,138.91070985849333,4.875076979672446e-15,3.7010606368730512e-06,4.568866221010276e-06,8.269926857883327e-06,3.6340372776770016e-23
zero,138.91290261549597,4.853744073371858e-15,3.7091850676977003e-06,4.5788956264163535e-06,8.288080694114054e-06,3.6340372776770016e-23
zero,138.9150944442184,4.83251348983e-15,3.7173238822513286e-06,4.588942788173897e-06,8.306266670425225e-06,3.6340372776770016e-23
zero,138.9172853414058,4.811384734141702e-15,3.7254770848426343e-06,4.5990077116018856e-06,8.32448479644452e-06,3.6340372776770016e-23
zero,138.91947530379682,4.790357313783894e-15,3.7336446796454773e-06,4.609090401852844e-06,8.342735081498322e-06,3.6340372776770016e-23
zero,138.92166432812363,4.769430738603569e-15,3.741826670698391e-06,4.619190863912241e-06,8.361017534610632e-06,3.6340372776770016e-23
zero,138.92385241111197,4.748604520806634e-15,3.7500230619037844e-06,4.629309102597503e-06,8.379332164501288e-06,3.6340372776770016e-23
zero,138.92603954948117,4.727878174946272e-15,3.7582338570273407e-06,4.63944512255727e-06,8.39767897958461e-06,3.6340372776770016e-23
zero,138.9282257399442,4.707251217911912e-15,3.766459059697214e-06,4.649598928270407e-06,8.416057987967622e-06,3.6340372776770016e-23
zero,138.9304109792076,4.686723168917981e-15,3.7746986734033255e-06,4.659770524045133e-06,8.43446919744846e-06,3.6340372776770016e-23
zero,138.93259526397165,4.666293549492706e-15,3.7829527014966593e-06,4.669959914018156e-06,8.452912615514815e-06,3.6340372776770016e-23
zero,138.9347785909303,4.645961883466459e-15,3.791221147188775e-06,4.680167102154063e-06,8.471388249342839e-06,3.6340372776770016e-23
zero,138.9369609567713,4.625727696961212e-15,3.7995040135508927e-06,4.6903920922442e-06,8.489896105795093e-06,3.6340372776770016e-23
zero,138.939142358176,4.605590518379782e-15,3.8078013035130775e-06,4.700634887905658e-06,8.508436191418736e-06,3.6340372776770016e-23
zero,138.94132279181974,4.585549878394079e-15,3.816113019863853e-06,4.710895492580798e-06,8.527008512444652e-06,3.6340372776770016e-23
zero,138.94350225437157,4.565605309934469e-15,3.824439165249398e-06,4.721173909536262e-06,8.545613074785661e-06,3.6340372776770016e-23
zero,138.9456807424944,4.545756348179189e-15,3.832779742172723e-06,4.731470141861954e-06,8.564249884034678e-06,3.6340372776770016e-23
zero,138.9478582528451,4.526002530543034e-15,3.841134752993186e-06,4.7417841924704416e-06,8.582918945463627e-06,3.6340372776770016e-23
zero,138.9500347820744,4.506343396666884e-15,3.849504199925672e-06,4.752116064095944e-06,8.601620264021615e-06,3.6340372776770016e-23
zero,138.95221032682696,4.486778488407533e-15,3.857888085039672e-06,4.762465759293198e-06,8.62035384433287e-06,3.6340372776770016e-23
zero,138.95438488374154,4.467307349825275e-15,3.8662864102593405e-06,4.7728332804375195e-06,8.639119690696861e-06,3.6340372776770016e-23
zero,138.95655844945077,4.447929527175889e-15,3.874699177361683e-06,4.783218629722581e-06,8.657917807084265e-06,3.6340372776770016e-23
zero,138.95873102058147,4.42864456889732e-15,3.8831263879770655e-06,4.793621809161027e-06,8.676748197138091e-06,3.6340372776770016e-23
zero,138.96090259375447,4.409452025601255e-15,3.8915680435876185e-06,4.8040428205825105e-06,8.695610864170129e-06,3.6340372776770016e-23
zero,138.96307316558477,4.390351450061452e-15,3.900024145527085e-06,4.814481665633503e-06,8.714505811160588e-06,3.6340372776770016e-23
zero,138.96524273268145,4.371342397204638e-15,3.908494694979551e-06,4.824938345775731e-06,8.733433040755282e-06,3.6340372776770016e-23
zero,138.9674112916479,4.352424424097968e-15,3.916979692979738e-06,4.83541286228653e-06,8.752392555266268e-06,3.6340372776770016e-23
zero,138.96957883908163,4.3335970899410174e-15,3.925479140411294e-06,4.8459052162567415e-06,8.771384356668035e-06,3.6340372776770016e-23
zero,138.97174537157454,4.31485995605386e-15,3.933993038006861e-06,4.856415408590794e-06,8.790408446597656e-06,3.6340372776770016e-23
zero,138.97391088571268,4.296212585868401e-15,3.942521386346695e-06,4.866943440004999e-06,8.809464826351693e-06,3.6340372776770016e-23
zero,138.97607537807656,4.277654544916575e-15,3.951064185858739e-06,4.8774893110276406e-06,8.82855349688638e-06,3.6340372776770016e-23
zero,138.97823884524104,4.259185400821048e-15,3.9596214368175795e-06,4.88805302199769e-06,8.84767445881527e-06,3.6340372776770016e-23
zero,138.98040128377536,4.240804723285479e-15,3.968193139343619e-06,4.8986345730637815e-06,8.866827712407401e-06,3.6340372776770016e-23
zero,138.98256269024327,4.22251208408386e-15,3.976779293402708e-06,4.9092339641837565e-06,8.886013257586465e-06,3.6340372776770016e-23
zero,138.984723061203,4.204307057050643e-15,3.9853798988054366e-06,4.919851195123794e-06,8.90523109392923e-06,3.6340372776770016e-23
zero,138.98688239320725,4.186189218071626e-15,3.993994955206078e-06,4.930486265457104e-06,8.924481220663181e-06,3.6340372776770016e-23
zero,138.98904068280336,4.168158145072982e-15,4.0026244621024525e-06,4.941139174563757e-06,8.94376363666621e-06,3.6340372776770016e-23
zero,138.99119792653332,4.1502134180115446e-15,4.0112684188352164e-06,4.951809921629811e-06,8.963078340465027e-06,3.6340372776770016e-23
zero,138.99335412093362,4.132354618866541e-15,4.01992682458647e-06,4.962498505645588e-06,8.982425330232058e-06,3.6340372776770016e-23
zero,138.99550926253562,4.11458133162738e-15,4.0285996783803014e-06,4.9732049254063506e-06,9.001804603786652e-06,3.6340372776770016e-23
zero,138.99766334786528,4.096893142286428e-15,4.037286979080938e-06,4.9839291795100145e-06,9.021216158590953e-06,3.6340372776770016e-23
zero,138.99981637344342,4.079289638827604e-15,4.045988725392951e-06,4.994671266357407e-06,9.040659991750358e-06,3.6340372776770016e-23
zero,139.00196833578568,4.061770411217383e-15,4.054704915860324e-06,5.005431184151113e-06,9.060136100011438e-06,3.6340372776770016e-23
zero,139.00411923140248,4.044335051395829e-15,4.063435548865513e-06,5.016208930894314e-06,9.079644479759828e-06,3.6340372776770016e-23
zero,139.00626905679923,4.026983153266291e-15,4.072180622629199e-06,5.027004504390484e-06,9.099185127019682e-06,3.6340372776770016e-23
zero,139.00841780847622,4.0097143126863075e-15,4.080940135209466e-06,5.037817902242379e-06,9.118758037451845e-06,3.6340372776770016e-23
zero,139.0105654829288,3.992528127458099e-15,4.089714084501215e-06,5.048649121851305e-06,9.13836320635252e-06,3.6340372776770016e-23
zero,139.0127120766473,3.975424197319338e-15,4.098502468235456e-06,5.059498160416255e-06,9.158000628651712e-06,3.6340372776770016e-23
zero,139.01485758611716,3.958402123933514e-15,4.107305283978841e-06,5.070365014933318e-06,9.177670298912159e-06,3.6340372776770016e-23
zero,139.01700200781892,3.941461510881471e-15,4.116122529132602e-06,5.081249682194383e-06,9.197372211326985e-06,3.6340372776770016e-23
zero,139.0191453382283,3.924601963651199e-15,4.124954200932442e-06,5.092152158786992e-06,9.217106359719434e-06,3.6340372776770016e-23
zero,139.02128757381627,3.907823089629017e-15,4.133800296447709e-06,5.103072441093332e-06,9.236872737541042e-06,3.6340372776770016e-23
zero,139.02342871104904,3.891124498090584e-15,4.1426608125806986e-06,5.114010525289362e-06,9.25667133787006e-06,3.6340372776770016e-23
zero,139.02556874638805,3.8745058001923936e-15,4.151535746065719e-06,5.124966407343671e-06,9.276502153409389e-06,3.6340372776770016e-23
zero,139.02770767629022,3.857966608961099e-15,4.1604250934693285e-06,5.135940083017758e-06,9.296365176487086e-06,3.6340372776770016e-23
zero,139.02984549720784,3.841506539285778e-15,4.169328851189053e-06,5.146931547864462e-06,9.316260399053515e-06,3.6340372776770016e-23
zero,139.03198220558858,3.825125207909333e-15,4.1782470154525715e-06,5.157940797226945e-06,9.336187812679517e-06,3.6340372776770016e-23
zero,139.0341177978757,3.8088222334179835e-15,4.18717958231796e-06,5.1689678262390055e-06,9.356147408556966e-06,3.6340372776770016e-23
zero,139.0362522705079,3.7925972362342966e-15,4.196126547672054e-06,5.180012629823041e-06,9.376139177495095e-06,3.6340372776770016e-23
zero,139.03838561991964,3.776449838606347e-15,4.205087907230941e-06,5.191075202690671e-06,9.396163109921612e-06,3.6340372776770016e-23
zero,139.04051784254088,3.760379664600828e-15,4.214063656538316e-06,5.2021555393407e-06,9.416219195879015e-06,3.6340372776770016e-23
zero,139.0426489347973,3.744386340093385e-15,4.223053790965383e-06,5.213253634058994e-06,9.436307425024378e-06,3.6340372776770016e-23
zero,139.04477889311045,3.7284694927594486e-15,4.2320583057105306e-06,5.224369480918086e-06,9.456427786628617e-06,3.6340372776770016e-23
zero,139.04690771389747,3.7126287520670214e-15,4.241077195797919e-06,5.235503073775426e-06,9.476580269573345e-06,3.6340372776770016e-23
zero,139.04903539357153,3.69686374926632e-15,4.250110456077872e-06,5.2466544062738696e-06,9.496764862351742e-06,3.6340372776770016e-23
zero,139.05116192854163,3.681174117382439e-15,4.259158081225596e-06,5.2578234718400915e-06,9.516981553065687e-06,3.6340372776770016e-23
zero,139.0532873152127,3.665559491206564e-15,4.268220065740732e-06,5.269010263684039e-06,9.53723032942477e-06,3.6340372776770016e-23
zero,139.05541154998573,3.6500195072872456e-15,4.277296403946913e-06,5.280214774798376e-06,9.557511178745288e-06,3.6340372776770016e-23
zero,139.0575346292577,3.6345538039221225e-15,4.2863870899910855e-06,5.291436997957661e-06,9.577824087948746e-06,3.6340372776770016e-23
zero,139.0596565494218,3.619162021149079e-15,4.295492117843197e-06,5.302676925717941e-06,9.598169043561137e-06,3.6340372776770016e-23
zero,139.06177730686724,3.6038438007388865e-15,4.304611481295024e-06,5.313934550415322e-06,9.618546031710346e-06,3.6340372776770016e-23
zero,139.06389689797962,3.588598786185619e-15,4.313745173960351e-06,5.3252098641661816e-06,9.638955038126532e-06,3.6340372776770016e-23
zero,139.0660153191407,3.573426622699379e-15,4.322893189273815e-06,5.336502858865745e-06,9.65939604813956e-06,3.6340372776770016e-23
zero,139.06813256672856,3.558326957197622e-15,4.33205552049059e-06,5.347813526187695e-06,9.679869046678285e-06,3.6340372776770016e-23
zero,139.07024863711777,3.543299438296747e-15,4.341232160685965e-06,5.359141857583648e-06,9.700374018269613e-06,3.6340372776770016e-23
zero,139.0723635266792,3.528343716304718e-15,4.350423102754309e-06,5.370487844281882e-06,9.72091094703619e-06,3.6340372776770016e-23
zero,139.07447723178035,3.5134594432115326e-15,4.359628339409385e-06,5.38185147728772e-06,9.741479816697105e-06,3.6340372776770016e-23
zero,139.07658974878515,3.498646272682935e-15,4.3688478631827e-06,5.3932327473814975e-06,9.762080610564197e-06,3.6340372776770016e-23
zero,139.07870107405427,3.483903860050568e-15,4.378081666424079e-06,5.404631645119265e-06,9.782713311543344e-06,3.6340372776770016e-23
zero,139.0808112039449,3.4692318623055646e-15,4.3873297413001365e-06,5.416048160830904e-06,9.803377902131042e-06,3.6340372776770016e-23
zero,139.0829201348111,3.454629938089191e-15,4.39659207979461e-06,5.427482284620543e-06,9.824074364415153e-06,3.6340372776770016e-23
zero,139.08502786300363,3.440097747685918e-15,4.40586867370721e-06,5.438934006365128e-06,9.844802680072338e-06,3.6340372776770016e-23
zero,139.0871343848701,3.425634953015142e-15,4.415159514653333e-06,5.450403315714078e-06,9.86556283036741e-06,3.6340372776770016e-23
zero,139.08923969675502,3.411241217623344e-15,4.424464594063539e-06,5.461890202088637e-06,9.886354796152176e-06,3.6340372776770016e-23
zero,139.09134379499986,3.396916206676294e-15,4.433783903183031e-06,5.473394654681225e-06,9.907178557864255e-06,3.6340372776770016e-23
zero,139.09344667594314,3.3826595869510945e-15,4.443117433071249e-06,5.484916662454948e-06,9.928034095526197e-06,3.6340372776770016e-23
zero,139.09554833592045,3.3684710268286627e-15,4.452465174601236e-06,5.496456214142805e-06,9.948921388744041e-06,3.6340372776770016e-23
zero,139.09764877126452,3.3543501962860465e-15,4.461827118459116e-06,5.508013298247053e-06,9.969840416706168e-06,3.6340372776770016e-23
zero,139.09974797830526,3.3402967668885977e-15,4.471203255143708e-06,5.519587903038721e-06,9.990791158182428e-06,3.6340372776770016e-23
zero,139.10184595336986,3.3263104117825635e-15,4.4805935749658875e-06,5.531180016556831e-06,1.0011773591522718e-05,3.6340372776770016e-23
zero,139.10394269278285,3.312390805687146e-15,4.489998068048339e-06,5.542789626608083e-06,1.0032787694656422e-05,3.6340372776770016e-23
zero,139.1060381928661,3.298537624887553e-15,4.499416724324663e-06,5.554416720765763e-06,1.0053833445090425e-05,3.6340372776770016e-23
zero,139.108132449939,3.2847505472263866e-15,4.508849533539644e-06,5.566061286370062e-06,1.0074910819909705e-05,3.6340372776770016e-23
zero,139.11022546031845,3.271029252097332e-15,4.518296485247982e-06,5.577723310526523e-06,1.0096019795774506e-05,3.6340372776770016e-23
zero,139.11231722031883,3.2573734204373746e-15,4.52775756881406e-06,5.589402780105744e-06,1.0117160348919804e-05,3.6340372776770016e-23
zero,139.11440772625227,3.2437827347188795e-15,4.537232773411827e-06,5.601099681743237e-06,1.0138332455155065e-05,3.6340372776770016e-23
zero,139.11649697442857,3.230256878942641e-15,4.546722088024065e-06,5.612814001838523e-06,1.0159536089862588e-05,3.6340372776770016e-23
zero,139.1185849611553,3.2167955386305924e-15,4.556225501441892e-06,5.624545726554519e-06,1.018077122799641e-05,3.6340372776770016e-23
zero,139.12067168273788,3.2033984008183724e-15,4.565743002264414e-06,5.63629484181711e-06,1.0202037844081525e-05,3.6340372776770016e-23
zero,139.1227571354796,3.1900651540481134e-15,4.5752745788982504e-06,5.648061333314558e-06,1.0223335912212808e-05,3.6340372776770016e-23
zero,139.12484131568172,3.176795488361086e-15,4.5848202195571794e-06,5.659845186497069e-06,1.0244665406054249e-05,3.6340372776770016e-23
zero,139.12692421964357,3.163589095290742e-15,4.594379912261546e-06,5.6716463865760616e-06,1.0266026298837607e-05,3.6340372776770016e-23
zero,139.12900584366255,3.150445667855254e-15,4.60395364483805e-06,5.683464918523899e-06,1.0287418563361949e-05,3.6340372776770016e-23
zero,139.13108618403425,3.1373649005506325e-15,4.613541404919148e-06,5.695300767073165e-06,1.0308842171992314e-05,3.6340372776770016e-23
zero,139.13316523705248,3.1243464893433433e-15,4.623143179942863e-06,5.707153916716414e-06,1.0330297096659277e-05,3.6340372776770016e-23
zero,139.13524299900936,3.1113901316636736e-15,4.632758957152057e-06,5.719024351705278e-06,1.0351783308857335e-05,3.6340372776770016e-23
zero,139.13731946619538,3.0984955263984226e-15,4.642388723594245e-06,5.730912056050243e-06,1.0373300779644488e-05,3.6340372776770016e-23
zero,139.13939463489945,3.085662373883984e-15,4.6520324661211455e-06,5.742817013520083e-06,1.0394849479641229e-05,3.6340372776770016e-23
zero,139.14146850140904,3.0728903758991137e-15,4.6616901713885e-06,5.75473920764165e-06,1.041642937903015e-05,3.6340372776770016e-23
zero,139.14354106201014,3.0601792356586138e-15,4.671361825855229e-06,5.76667862169882e-06,1.0438040447554047e-05,3.6340372776770016e-23
zero,139.14561231298742,3.0475286578059915e-15,4.681047415783402e-06,5.778635238732464e-06,1.0459682654515867e-05,3.6340372776770016e-23
zero,139.14768225062429,3.0349383484065162e-15,4.6907469272379285e-06,5.790609041540065e-06,1.0481355968777993e-05,3.6340372776770016e-23
zero,139.14975087120288,3.022408014940827e-15,4.700460346085868e-06,5.8026000126748606e-06,1.0503060358760729e-05,3.6340372776770016e-23
zero,139.15181817100424,3.0099373662978784e-15,4.710187657996269e-06,5.814608134445654e-06,1.0524795792441924e-05,3.6340372776770016e-23
zero,139.15388414630834,2.9975261127679326e-15,4.719928848440017e-06,5.826633388916617e-06,1.0546562237356634e-05,3.6340372776770016e-23
zero,139.15594879339415,2.9851739660364366e-15,4.729683902689013e-06,5.838675757906286e-06,1.05683596605953e-05,3.6340372776770016e-23
zero,139.15801210853968,2.97288063917691e-15,4.739452805816172e-06,5.850735222987547e-06,1.0590188028803719e-05,3.6340372776770016e-23
zero,139.16007408802218,2.9606458466440386e-15,4.749235542695277e-06,5.862811765487466e-06,1.0612047308182743e-05,3.6340372776770016e-23
zero,139.162134728118,2.948469304268161e-15,4.75903209799977e-06,5.874905366485793e-06,1.0633937464485565e-05,3.6340372776770016e-23
zero,139.16419402510286,2.9363507292470788e-15,4.768842456203703e-06,5.887016006816136e-06,1.065585846301984e-05,3.6340372776770016e-23
zero,139.1662519752518,2.92428984014094e-15,4.778666601580263e-06,5.899143667064141e-06,1.0677810268644404e-05,3.6340372776770016e-23
zero,139.1683085748394,2.9122863568646385e-15,4.7885045182023296e-06,5.911288327568176e-06,1.0699792845770506e-05,3.6340372776770016e-23
zero,139.1703638201396,2.900340000681914e-15,4.798356189941685e-06,5.923449968418366e-06,1.0721806158360053e-05,3.6340372776770016e-23
zero,139.17241770742606,2.8884504941989888e-15,4.8082216004686315e-06,5.935628569456108e-06,1.074385016992474e-05,3.6340372776770016e-23
zero,139.17447023297206,2.8766175613574086e-15,4.8181007332523045e-06,5.947824110274464e-06,1.0765924843526768e-05,3.6340372776770016e-23
zero,139.17652139305056,2.8648409274285707e-15,4.827993571559606e-06,5.960036570216848e-06,1.0788030141776454e-05,3.6340372776770016e-23
zero,139.17857118393442,2.853120319006632e-15,4.83790009845554e-06,5.972265928377433e-06,1.0810166026832974e-05,3.6340372776770016e-23
zero,139.18061960189635,2.8414554640024454e-15,4.847820296802705e-06,5.984512163600527e-06,1.0832332460403233e-05,3.6340372776770016e-23
zero,139.18266664320907,2.8298460916370326e-15,4.8577541492612155e-06,5.99677525448048e-06,1.0854529403741695e-05,3.6340372776770016e-23
zero,139.18471230414525,2.8182919324360592e-15,4.867701638287802e-06,6.009055179360564e-06,1.0876756817648367e-05,3.6340372776770016e-23
zero,139.18675658097777,2.806792718222409e-15,4.8776627461365655e-06,6.0213519163339175e-06,1.0899014662470484e-05,3.6340372776770016e-23
zero,139.18879946997964,2.795348182111042e-15,4.887637454857822e-06,6.033665443242104e-06,1.0921302898099925e-05,3.6340372776770016e-23
zero,139.19084096742424,2.7839580585018028e-15,4.897625746298716e-06,6.045995737675881e-06,1.0943621483974598e-05,3.6340372776770016e-23
zero,139.19288106958516,2.7726220830744896e-15,4.90762760210194e-06,6.058342776973614e-06,1.0965970379075554e-05,3.6340372776770016e-23
zero,139.19491977273657,2.76133999278126e-15,4.917643003706789e-06,6.070706538222581e-06,1.098834954192937e-05,3.6340372776770016e-23
zero,139.19695707315302,2.7501115258420697e-15,4.927671932347593e-06,6.083086998257034e-06,1.1010758930604626e-05,3.6340372776770016e-23
zero,139.19899296710975,2.7389364217371496e-15,4.937714369054799e-06,6.095484133659536e-06,1.1033198502714335e-05,3.6340372776770016e-23
zero,139.2010274508826,2.7278144212020304e-15,4.947770294653825e-06,6.107897920759549e-06,1.1055668215413374e-05,3.6340372776770016e-23
zero,139.2030605207482,2.7167452662210268e-15,4.957839689765319e-06,6.120328335633751e-06,1.107816802539907e-05,3.6340372776770016e-23
zero,139.205092172984,2.705728700021381e-15,4.967922534804861e-06,6.132775354105668e-06,1.110069788891053e-05,3.6340372776770016e-23
zero,139.20712240386828,2.6947644670674333e-15,4.9780188099826755e-06,6.145238951745321e-06,1.1123257761727996e-05,3.6340372776770016e-23
zero,139.2091512096804,2.6838523130543613e-15,4.9881284953037675e-06,6.15771910386939e-06,1.1145847599173158e-05,3.6340372776770016e-23
zero,139.2111785867008,2.672991984902416e-15,4.998251570567649e-06,6.170215785540882e-06,1.116846735610853e-05,3.6340372776770016e-23
zero,139.21320453121098,2.6621832307514863e-15,5.00838801536777e-06,6.1827289715684255e-06,1.1191116986936196e-05,3.6340372776770016e-23
zero,139.21522903949372,2.651425799954476e-15,5.0185378090921205e-06,6.19525863650701e-06,1.121379644559913e-05,3.6340372776770016e-23
zero,139.2172521078331,2.640719443072232e-15,5.028700930922389e-06,6.207804754656956e-06,1.1236505685579345e-05,3.6340372776770016e-23
zero,139.2192737325146,2.630063911867288e-15,5.038877359834279e-06,6.220367300064299e-06,1.1259244659898577e-05,3.6340372776770016e-23
zero,139.2212939098252,2.6194589592982463e-15,5.0490670745972635e-06,6.232946246520488e-06,1.1282013321117751e-05,3.6340372776770016e-23
zero,139.22331263605338,2.608904339514033e-15,5.059270053774481e-06,6.245541567562254e-06,1.1304811621336735e-05,3.6340372776770016e-23
zero,139.22532990748928,2.5983998078484842e-15,5.0694862757223656e-06,6.258153236471161e-06,1.1327639512193527e-05,3.6340372776770016e-23
zero,139.22734572042478,2.5879451208142136e-15,5.079715718590973e-06,6.270781226274004e-06,1.1350496944864976e-05,3.6340372776770016e-23
zero,139.2293600711536,2.5775400360969632e-15,5.089958360323917e-06,6.283425509742728e-06,1.1373383870066645e-05,3.6340372776770016e-23
zero,139.23137295597124,2.5671843125507084e-15,5.100214178657574e-06,6.2960860593934494e-06,1.1396300238051023e-05,3.6340372776770016e-23
zero,139.23338437117528,2.5568777101911823e-15,5.11048315112187e-06,6.308762847487429e-06,1.14192459986093e-05,3.6340372776770016e-23
zero,139.2353943130653,2.546619990190745e-15,5.120765255039805e-06,6.3214558460304784e-06,1.1442221101070283e-05,3.6340372776770016e-23
zero,139.23740277794306,2.5364109148729874e-15,5.131060467527236e-06,6.334165026772703e-06,1.1465225494299939e-05,3.6340372776770016e-23
zero,139.2394097621125,2.5262502477067836e-15,5.141368765493283e-06,6.346890361208987e-06,1.1488259126702269e-05,3.6340372776770016e-23
zero,139.24141526187992,2.516137753301096e-15,5.151690125639991e-06,6.359631820578595e-06,1.1511321946218586e-05,3.6340372776770016e-23
zero,139.243419273554,2.5060731973995196e-15,5.1620245244622965e-06,6.372389375865119e-06,1.1534413900327415e-05,3.6340372776770016e-23
zero,139.24542179344584,2.496056346874993e-15,5.1723719382478625e-06,6.385162997796271e-06,1.1557534936044133e-05,3.6340372776770016e-23
zero,139.2474228178692,2.486086969723966e-15,5.182732343077492e-06,6.397952656844408e-06,1.15806849999219e-05,3.6340372776770016e-23
zero,139.24942234314042,2.476164835061318e-15,5.193105714824829e-06,6.4107583232261495e-06,1.1603864038050979e-05,3.6340372776770016e-23
zero,139.25142036557864,2.4662897131150032e-15,5.203492029156355e-06,6.423579966902378e-06,1.1627071996058733e-05,3.6340372776770016e-23
zero,139.25341688150579,2.456461375220594e-15,5.213891261531533e-06,6.43641755757842e-06,1.1650308819109953e-05,3.6340372776770016e-23
zero,139.25541188724665,2.446679593816404e-15,5.224303387202389e-06,6.449271064703524e-06,1.1673574451905913e-05,3.6340372776770016e-23
zero,139.25740537912915,2.4369441424372467e-15,5.234728381214553e-06,6.462140457472147e-06,1.16968688386867e-05,3.6340372776770016e-23
zero,139.25939735348416,2.4272547957104506e-15,5.245166218405956e-06,6.4750257048223495e-06,1.1720191923228305e-05,3.6340372776770016e-23
zero,139.26138780664576,2.417611329349805e-15,5.25561687340775e-06,6.4879267754369254e-06,1.1743543648844676e-05,3.6340372776770016e-23
zero,139.26337673495132,2.4080135201503798e-15,5.26608032064436e-06,6.5008436377434725e-06,1.1766923958387832e-05,3.6340372776770016e-23
zero,139.26536413474156,2.398461145983639e-15,5.276556534333221e-06,6.513776259914062e-06,1.1790332794247283e-05,3.6340372776770016e-23
zero,139.26735000236056,2.388953985792441e-15,5.287045488484688e-06,6.526724609865133e-06,1.181377009834982e-05,3.6340372776770016e-23
zero,139.269334334156,2.3794918195852438e-15,5.2975471569028576e-06,6.5396886552585e-06,1.1837235812161358e-05,3.6340372776770016e-23
zero,139.27131712647912,2.3700744284319763e-15,5.308061513184573e-06,6.552668363500131e-06,1.1860729876684705e-05,3.6340372776770016e-23
zero,139.2732983756849,2.360701594457762e-15,5.318588530720872e-06,6.5656637017419314e-06,1.1884252232462803e-05,3.6340372776770016e-23
zero,139.27527807813206,2.3513731008390968e-15,5.329128182695704e-06,6.578674636880161e-06,1.1907802819575865e-05,3.6340372776770016e-23
zero,139.2772562301832,2.3420887317980376e-15,5.339680442086941e-06,6.5917011355566865e-06,1.1931381577643628e-05,3.6340372776770016e-23
zero,139.27923282820493,2.332848272597486e-15,5.350245281666172e-06,6.604743164158715e-06,1.1954988445824887e-05,3.6340372776770016e-23
zero,139.28120786856786,2.3236515095359635e-15,5.360822673999125e-06,6.61780068881933e-06,1.1978623362818456e-05,3.6340372776770016e-23
zero,139.28318134764675,2.314498229943212e-15,5.37141259144516e-06,6.630873675416858e-06,1.2002286266862018e-05,3.6340372776770016e-23
zero,139.2851532618206,2.3053882221746206e-15,5.382015006158179e-06,6.643962089575989e-06,1.2025977095734168e-05,3.6340372776770016e-23
zero,139.2871236074727,2.2963212756068703e-15,5.392629890086135e-06,6.657065896667179e-06,1.2049695786753314e-05,3.6340372776770016e-23
zero,139.2890923809908,2.2872971806324184e-15,5.403257214971948e-06,6.670185061807774e-06,1.2073442276779722e-05,3.6340372776770016e-23
zero,139.29105957876715,2.2783157286553194e-15,5.413896952352884e-06,6.683319549861244e-06,1.2097216502214127e-05,3.6340372776770016e-23
zero,139.2930251971985,2.269376712086149e-15,5.424549073561027e-06,6.69646932543777e-06,1.2121018398998797e-05,3.6340372776770016e-23
zero,139.29498923268636,2.260479924336828e-15,5.435213549723906e-06,6.70963435289501e-06,1.2144847902618915e-05,3.6340372776770016e-23
zero,139.29695168163695,2.2516251598166367e-15,5.445890351763742e-06,6.72281459633718e-06,1.2168704948100922e-05,3.6340372776770016e-23
zero,139.29891254046146,2.2428122139263148e-15,5.456579450399033e-06,6.736010019617003e-06,1.2192589470016037e-05,3.6340372776770016e-23
zero,139.30087180557587,2.234040883054628e-15,5.46728081614319e-06,6.749220586334025e-06,1.2216501402477215e-05,3.6340372776770016e-23
zero,139.3028294734013,2.2253109645726513e-15,5.477994419305981e-06,6.7624462598364036e-06,1.2240440679142384e-05,3.6340372776770016e-23
zero,139.30478554036395,2.2166222568294813e-15,5.488720229993281e-06,6.775687003220591e-06,1.2264407233213873e-05,3.6340372776770016e-23
zero,139.3067400028953,2.2079745591474652e-15,5.499458218107437e-06,6.7889427793317944e-06,1.2288400997439232e-05,3.6340372776770016e-23
zero,139.30869285743208,2.199367671817826e-15,5.510208353347191e-06,6.802213550763872e-06,1.2312421904111062e-05,3.6340372776770016e-23
zero,139.31064410041645,2.1908013960954345e-15,5.520970605208692e-06,6.8154992798605895e-06,1.2336469885069282e-05,3.6340372776770016e-23
zero,139.31259372829606,2.1822755341948594e-15,5.531744942984962e-06,6.828799928714952e-06,1.2360544871699914e-05,3.6340372776770016e-23
zero,139.31454173752414,2.1737898892854326e-15,5.542531335766618e-06,6.8421154591701075e-06,1.2384646794936725e-05,3.6340372776770016e-23
zero,139.31648812455958,2.165344265486719e-15,5.553329752442136e-06,6.855445832819659e-06,1.2408775585261795e-05,3.6340372776770016e-23
zero,139.31843288586703,2.1569384678642504e-15,5.564140161697803e-06,6.868791011007618e-06,1.2432931172705421e-05,3.6340372776770016e-23
zero,139.320376017917,2.1485723024245444e-15,5.574962532018632e-06,6.882150954829527e-06,1.2457113486848158e-05,3.6340372776770016e-23
zero,139.322317517186,2.1402455761107615e-15,5.5857968316884896e-06,6.895525625132615e-06,1.2481322456821105e-05,3.6340372776770016e-23
zero,139.32425738015652,2.1319580967986273e-15,5.596643028789927e-06,6.908914982515597e-06,1.2505558011305524e-05,3.6340372776770016e-23
zero,139.3261956033172,2.1237096732915198e-15,5.607501091205108e-06,6.92231898732981e-06,1.252982007853492e-05,3.6340372776770016e-23
zero,139.32813218316284,2.115500115316309e-15,5.618370986615822e-06,6.9357375996792375e-06,1.2554108586295058e-05,3.6340372776770016e-23
zero,139.33006711619467,2.1073292335186174e-15,5.629252682504268e-06,6.949170779421474e-06,1.2578423461925743e-05,3.6340372776770016e-23
zero,139.33200039892023,2.0991968394589417e-15,5.640146146152777e-06,6.962618486167377e-06,1.2602764632320153e-05,3.6340372776770016e-23
zero,139.33393202785362,2.0911027456077143e-15,5.651051344644926e-06,6.976080679282453e-06,1.2627132023927379e-05,3.6340372776770016e-23
zero,139.33586199951543,2.0830467653417038e-15,5.661968244864955e-06,6.989557317886129e-06,1.2651525562751083e-05,3.6340372776770016e-23
zero,139.33779031043306,2.0750287129386496e-15,5.672896813499548e-06,7.0030483608539555e-06,1.2675945174353504e-05,3.6340372776770016e-23
zero,139.33971695714058,2.067048403574053e-15,5.683837017036783e-06,7.016553766816307e-06,1.2700390783853089e-05,3.6340372776770016e-23
zero,139.34164193617895,2.0591056533162143e-15,5.694788821767458e-06,7.030073494160022e-06,1.272486231592748e-05,3.6340372776770016e-23
zero,139.34356524409608,2.0512002791221168e-15,5.7057521937853336e-06,7.043607501028702e-06,1.2749359694814035e-05,3.6340372776770016e-23
zero,139.34548687744697,2.0433320988332156e-15,5.7167270989875215e-06,7.0571557453231895e-06,1.2773882844310711e-05,3.6340372776770016e-23
zero,139.34740683279367,2.0355009311714776e-15,5.7277135030745785e-06,7.070718184701684e-06,1.2798431687776263e-05,3.6340372776770016e-23
zero,139.34932510670555,2.02770659573451e-15,5.738711371551888e-06,7.084294776581451e-06,1.2823006148133339e-05,3.6340372776770016e-23
zero,139.3512416957592,2.019948912992337e-15,5.749720669728797e-06,7.09788547813775e-06,1.2847606147866547e-05,3.6340372776770016e-23
zero,139.35315659653875,2.012227704282111e-15,5.760741362720677e-06,7.111490246306387e-06,1.2872231609027065e-05,3.6340372776770016e-23
zero,139.35506980563568,2.004542791805267e-15,5.771773415447577e-06,7.125109037782044e-06,1.2896882453229621e-05,3.6340372776770016e-23
zero,139.3569813196492,1.9968939986220533e-15,5.78281679263664e-06,7.138741809021268e-06,1.2921558601657908e-05,3.6340372776770016e-23
zero,139.35889113518613,1.9892811486486036e-15,5.793871458820931e-06,7.152388516241019e-06,1.294625997506195e-05,3.6340372776770016e-23
zero,139.3607992488611,1.981704066651969e-15,5.804937378341229e-06,7.166049115420886e-06,1.2970986493762114e-05,3.6340372776770016e-23
zero,139.36270565729657,1.9741625782467665e-15,5.816014515345519e-06,7.179723562302461e-06,1.299573807764798e-05,3.6340372776770016e-23
zero,139.36461035712298,1.9666565098907113e-15,5.827102833790154e-06,7.193411812390764e-06,1.3020514646180917e-05,3.6340372776770016e-23
zero,139.36651334497887,1.95918568888051e-15,5.83820229744052e-06,7.207113820955081e-06,1.3045316118395601e-05,3.6340372776770016e-23
zero,139.36841461751087,1.9517499433482194e-15,5.8493128698710565e-06,7.220829543028971e-06,1.3070142412900027e-05,3.6340372776770016e-23
zero,139.3703141713738,1.944349102257288e-15,5.860434514465775e-06,7.234558933410919e-06,1.3094993447876694e-05,3.6340372776770016e-23
zero,139.37221200323089,1.9369829953980616e-15,5.871567194419628e-06,7.248301946666019e-06,1.3119869141085646e-05,3.6340372776770016e-23
zero,139.37410810975376,1.929651453384307e-15,5.882710872738394e-06,7.262058537125837e-06,1.314476940986423e-05,3.6340372776770016e-23
zero,139.37600248762251,1.92235430764931e-15,5.893865512239218e-06,7.275828658889074e-06,1.3169694171128293e-05,3.6340372776770016e-23
zero,139.37789513352587,1.91509139044166e-15,5.905031075551685e-06,7.2896122658228895e-06,1.3194643341374574e-05,3.6340372776770016e-23
zero,139.37978604416122,1.9078625348216063e-15,5.916207525118055e-06,7.303409311563205e-06,1.321961683668126e-05,3.6340372776770016e-23
zero,139.38167521623478,1.9006675746569964e-15,5.9273948231941905e-06,7.317219749515827e-06,1.3244614572710018e-05,3.6340372776770016e-23
zero,139.38356264646154,1.893506344619875e-15,5.938592931849464e-06,7.3310435328563526e-06,1.3269636464705817e-05,3.6340372776770016e-23
zero,139.38544833156558,1.886378680181814e-15,5.949801812968718e-06,7.3448806145325795e-06,1.3294682427501297e-05,3.6340372776770016e-23
zero,139.38733226827992,1.879284417611088e-15,5.961021428251363e-06,7.358730947263393e-06,1.3319752375514755e-05,3.6340372776770016e-23
zero,139.38921445334677,1.872223393968146e-15,5.972251739213175e-06,7.372594483540986e-06,1.3344846222754162e-05,3.6340372776770016e-23
zero,139.39109488351752,1.8651954471022856e-15,5.983492707186258e-06,7.3864711756308164e-06,1.3369963882817073e-05,3.6340372776770016e-23
zero,139.39297355555297,1.8582004156474833e-15,5.9947442933203665e-06,7.400360975573232e-06,1.3395105268893598e-05,3.6340372776770016e-23
zero,139.39485046622326,1.8512381390189955e-15,6.00600645858305e-06,7.414263835183655e-06,1.3420270293766705e-05,3.6340372776770016e-23
zero,139.39672561230805,1.8443084574095453e-15,6.0172791637604805e-06,7.428179706053603e-06,1.3445458869814083e-05,3.6340372776770016e-23
zero,139.39859899059655,1.837411211785635e-15,6.0285623694581385e-06,7.442108539551531e-06,1.347067090900967e-05,3.6340372776770016e-23
zero,139.40047059788773,1.8305462438836664e-15,6.039856036101831e-06,7.4560502868240935e-06,1.3495906322925924e-05,3.6340372776770016e-23
zero,139.40234043099022,1.8237133962067063e-15,6.0511601239377e-06,7.470004898796156e-06,1.3521165022733857e-05,3.6340372776770016e-23
zero,139.40420848672264,1.8169125120201206e-15,6.06247459303414e-06,7.483972326173154e-06,1.3546446919207294e-05,3.6340372776770016e-23
zero,139.4060747619134,1.8101434353488907e-15,6.073799403280949e-06,7.497952519440052e-06,1.3571751922721e-05,3.6340372776770016e-23
zero,139.40793925340108,1.8034060109730767e-15,6.085134514391618e-06,7.511945428864171e-06,1.359707994325579e-05,3.6340372776770016e-23
zero,139.4098019580343,1.7967000844248543e-15,6.0964798859030275e-06,7.5259510044948055e-06,1.3622430890397833e-05,3.6340372776770016e-23
zero,139.4116628726719,1.790025501984736e-15,6.107835477176532e-06,7.539969196164572e-06,1.3647804673341104e-05,3.6340372776770016e-23
zero,139.41352199418304,1.7833821106779157e-15,6.119201247398901e-06,7.5539999534905635e-06,1.3673201200889465e-05,3.6340372776770016e-23
zero,139.41537931944723,1.7767697582708373e-15,6.130577155582902e-06,7.568043225875075e-06,1.3698620381457977e-05,3.6340372776770016e-23
zero,139.4172348453545,1.7701882932674676e-15,6.1419631605684345e-06,7.582098962506993e-06,1.3724062123075428e-05,3.6340372776770016e-23
zero,139.41908856880542,1.7636375649061007e-15,6.153359221022779e-06,7.596167112362121e-06,1.3749526333384901e-05,3.6340372776770016e-23
zero,139.42094048671117,1.7571174231557622e-15,6.164765295441595e-06,7.610247624204394e-06,1.3775012919645989e-05,3.6340372776770016e-23
zero,139.42279059599372,1.7506277187125402e-15,6.176181342150048e-06,7.6243404465872754e-06,1.3800521788737323e-05,3.6340372776770016e-23
zero,139.42463889358584,1.7441683029962286e-15,6.187607319303474e-06,7.638445527854581e-06,1.3826052847158056e-05,3.6340372776770016e-23
zero,139.4264853764312,1.7377390281469855e-15,6.199043184888028e-06,7.65256281614128e-06,1.3851606001029305e-05,3.6340372776770016e-23
zero,139.42833004148443,1.7313397470220066e-15,6.210488896721337e-06,7.66669225937429e-06,1.3877181156095625e-05,3.6340372776770016e-23
zero,139.43017288571133,1.7249703131915228e-15,6.221944412454418e-06,7.680833805274856e-06,1.3902778217729275e-05,3.6340372776770016e-23
zero,139.43201390608877,1.7186305809361953e-15,6.23340968957113e-06,7.694987401357876e-06,1.3928397090929006e-05,3.6340372776770016e-23
zero,139.4338530996049,1.7123204052432436e-15,6.244884685389902e-06,7.709152994934025e-06,1.3954037680323927e-05,3.6340372776770016e-23
zero,139.43569046325928,1.7060396418029882e-15,6.256369357064827e-06,7.723330533111105e-06,1.3979699890175932e-05,3.6340372776770016e-23
zero,139.43752599406275,1.699788147006084e-15,6.267863661585455e-06,7.7375199627938e-06,1.4005383624379254e-05,3.6340372776770016e-23
zero,139.43935968903776,1.6935657779396046e-15,6.27936755577878e-06,7.751721230686123e-06,1.4031088786464903e-05,3.6340372776770016e-23
zero,139.4411915452183,1.6873723923840138e-15,6.290880996309617e-06,7.765934283291873e-06,1.405681527960149e-05,3.6340372776770016e-23
zero,139.44302155965008,1.6812078488095769e-15,6.302403939682051e-06,7.780159066916441e-06,1.4082563006598492e-05,3.6340372776770016e-23
zero,139.44484972939048,1.6750720063737408e-15,6.31393634223912e-06,7.794395527666406e-06,1.4108331869905525e-05,3.6340372776770016e-23
zero,139.44667605150886,1.6689647249169043e-15,6.325478160165552e-06,7.808643611452918e-06,1.413412177161847e-05,3.6340372776770016e-23
zero,139.44850052308632,1.662885864960208e-15,6.337029349486745e-06,7.822903263990436e-06,1.415993261347718e-05,3.6340372776770016e-23
zero,139.45032314121616,1.6568352877012441e-15,6.348589866071707e-06,7.837174430800361e-06,1.4185764296872067e-05,3.6340372776770016e-23
zero,139.4521439030036,1.6508128550118694e-15,6.360159665632041e-06,7.851457057209781e-06,1.4211616722841824e-05,3.6340372776770016e-23
zero,139.4539628055661,1.6448184294341365e-15,6.371738703724573e-06,7.865751088354718e-06,1.423748979207929e-05,3.6340372776770016e-23
zero,139.4557798460334,1.638851874177661e-15,6.383326935751237e-06,7.88005646917998e-06,1.4263383404931217e-05,3.6340372776770016e-23
zero,139.45759502154755,1.6329130531161497e-15,6.394924316960642e-06,7.894373144441101e-06,1.4289297461401744e-05,3.6340372776770016e-23
zero,139.459408329263,1.6270018307843229e-15,6.406530802448899e-06,7.908701058705359e-06,1.4315231861154258e-05,3.6340372776770016e-23
zero,139.4612197663467,1.6211180723749399e-15,6.4181463471602875e-06,7.923040156352605e-06,1.4341186503512892e-05,3.6340372776770016e-23
zero,139.46302932997818,1.6152616437352836e-15,6.429770905889016e-06,7.937390381577422e-06,1.4367161287466438e-05,3.6340372776770016e-23
zero,139.46483701734962,1.6094324113645824e-15,6.441404433279173e-06,7.951751678389084e-06,1.4393156111668256e-05,3.6340372776770016e-23
zero,139.46664282566596,1.6036302424103412e-15,6.45304688382689e-06,7.966123990614206e-06,1.4419170874441096e-05,3.6340372776770016e-23
zero,139.4684467521449,1.5978550046656946e-15,6.4646982118804786e-06,7.980507261896927e-06,1.4445205473777405e-05,3.6340372776770016e-23
zero,139.4702487940171,1.5921065665660437e-15,6.476358371642071e-06,7.994901435700934e-06,1.4471259807343004e-05,3.6340372776770016e-23
zero,139.47204894852612,1.5863847971862516e-15,6.488027317168154e-06,8.009306455310117e-06,1.4497333772478272e-05,3.6340372776770016e-23
zero,139.47384721292866,1.5806895662373083e-15,6.499705002371216e-06,8.023722263830601e-06,1.4523427266201818e-05,3.6340372776770016e-23
zero,139.47564358449446,1.5750207440636422e-15,6.511391381020124e-06,8.038148804191217e-06,1.454954018521134e-05,3.6340372776770016e-23
zero,139.47743806050653,1.5693782016398115e-15,6.5230864067417886e-06,8.05258601914555e-06,1.4575672425887338e-05,3.6340372776770016e-23
zero,139.4792306382611,1.5637618105677517e-15,6.534790033021747e-06,8.067033851272668e-06,1.4601823884294417e-05,3.6340372776770016e-23
zero,139.48102131506784,1.5581714430734955e-15,6.546502213205851e-06,8.081492242979202e-06,1.4627994456185054e-05,3.6340372776770016e-23
zero,139.48281008824975,1.5526069720046213e-15,6.558222900500499e-06,8.095961136499624e-06,1.4654184037000123e-05,3.6340372776770016e-23
zero,139.48459695514342,1.5470682708269122e-15,6.5699520479745216e-06,8.110440473898587e-06,1.4680392521873108e-05,3.6340372776770016e-23
zero,139.486381913099,1.5415552136215618e-15,6.581689608560002e-06,8.124930197071935e-06,1.4706619805631936e-05,3.6340372776770016e-23
zero,139.48816495948032,1.5360676750822176e-15,6.593435535053439e-06,8.139430247748132e-06,1.4732865782801572e-05,3.6340372776770016e-23
zero,139.4899460916649,1.5306055305122068e-15,6.6051897801165726e-06,8.153940567489285e-06,1.4759130347605858e-05,3.6340372776770016e-23
zero,139.49172530704413,1.5251686558214303e-15,6.616952296277956e-06,8.16846109769309e-06,1.4785413393971046e-05,3.6340372776770016e-23
zero,139.49350260302325,1.519756927523615e-15,6.628723035933794e-06,8.182991779593861e-06,1.4811714815527656e-05,3.6340372776770016e-23
zero,139.4952779770214,1.514370222733491e-15,6.640501951348973e-06,8.1975325542638e-06,1.4838034505612773e-05,3.6340372776770016e-23
zero,139.49705142647187,1.509008419163638e-15,6.652288994658856e-06,8.212083362615215e-06,1.486437235727407e-05,3.6340372776770016e-23
zero,139.49882294882195,1.5036713951220314e-15,6.664084117869588e-06,8.226644145400902e-06,1.489072826327049e-05,3.6340372776770016e-23
zero,139.50059254153317,1.4983590295089147e-15,6.67588727285991e-06,8.24121484321638e-06,1.491710211607629e-05,3.6340372776770016e-23
zero,139.5023602020812,1.4930712018142791e-15,6.6876984113816584e-06,8.2557953965005e-06,1.4943493807882159e-05,3.6340372776770016e-23
zero,139.50412592795618,1.4878077921145931e-15,6.6995174850619916e-06,8.27038574553821e-06,1.4969903230600202e-05,3.6340372776770016e-23
zero,139.5058897166625,1.4825686810705617e-15,6.711344445403341e-06,8.28498583046048e-06,1.499633027586382e-05,3.6340372776770016e-23
zero,139.50765156571907,1.4773537499238792e-15,6.723179243785649e-06,8.299595591247073e-06,1.5022774835032722e-05,3.6340372776770016e-23
zero,139.50941147265928,1.4721628804949238e-15,6.735021831466531e-06,8.314214967726744e-06,1.5049236799193275e-05,3.6340372776770016e-23
zero,139.51116943503118,1.4669959551794543e-15,6.746872159583733e-06,8.328843899580267e-06,1.5075716059164e-05,3.6340372776770016e-23
zero,139.51292545039743,1.4618528569463265e-15,6.7587301791553015e-06,8.343482326340654e-06,1.5102212505495955e-05,3.6340372776770016e-23
zero,139.51467951633543,1.4567334693346322e-15,6.770595841081106e-06,8.358130187395029e-06,1.5128726028476134e-05,3.6340372776770016e-23
zero,139.51643163043738,1.4516376764509354e-15,6.782469096144187e-06,8.372787421986297e-06,1.5155256518130482e-05,3.6340372776770016e-23
zero,139.5181817903103,1.446565362966684e-15,6.794349895011709e-06,8.38745396921431e-06,1.518180386422602e-05,3.6340372776770016e-23
zero,139.51992999357626,1.4415164141152227e-15,6.8062381882369145e-06,8.40212976803829e-06,1.5208367956275205e-05,3.6340372776770016e-23
zero,139.52167623787219,1.4364907156895576e-15,6.818133926259323e-06,8.416814757277076e-06,1.5234948683536398e-05,3.6340372776770016e-23
zero,139.52342052085015,1.4314881540393895e-15,6.8300370594067e-06,8.43150887561154e-06,1.526154593501824e-05,3.6340372776770016e-23
zero,139.5251628401773,1.4265086160686533e-15,6.841947537895856e-06,8.446212061585589e-06,1.5288159599481444e-05,3.6340372776770016e-23
zero,139.52690319353601,1.4215519892326585e-15,6.853865311834446e-06,8.460924253608376e-06,1.531478956544282e-05,3.6340372776770016e-23
zero,139.5286415786239,1.4166181615356478e-15,6.865790331221784e-06,8.475645389955316e-06,1.53414357211771e-05,3.6340372776770016e-23
zero,139.5303779931539,1.4117070215281253e-15,6.877722545950266e-06,8.490375408769832e-06,1.53680979547201e-05,3.6340372776770016e-23
zero,139.53211243485435,1.4068184583041925e-15,6.889661905806804e-06,8.50511424806513e-06,1.5394776153871932e-05,3.6340372776770016e-23
zero,139.53384490146894,1.401952361499298e-15,6.901608360473273e-06,8.51986184572475e-06,1.5421470206198024e-05,3.6340372776770016e-23
zero,139.53557539075697,1.397108621287036e-15,6.9135618595293405e-06,8.534618139506061e-06,1.54481799990354e-05,3.6340372776770016e-23
zero,139.53730390049324,1.3922871283772361e-15,6.925522352452148e-06,8.549383067039864e-06,1.5474905419492014e-05,3.6340372776770016e-23
zero,139.5390304284682,1.3874877740129453e-15,6.9374897886187685e-06,8.564156565833433e-06,1.5501646354452202e-05,3.6340372776770016e-23
zero,139.540754972488,1.3827104499681376e-15,6.949464117306885e-06,8.578938573271344e-06,1.5528402690578228e-05,3.6340372776770016e-23
zero,139.54247753037447,1.3779550485451935e-15,6.961445287696095e-06,8.593729026617083e-06,1.5555174314313176e-05,3.6340372776770016e-23
zero,139.5441980999653,1.3732214625721577e-15,6.973433248869768e-06,8.608527863015357e-06,1.5581961111885125e-05,3.6340372776770016e-23
zero,139.54591667911404,1.3685095854005527e-15,6.985427949815591e-06,8.623335019492749e-06,1.560876296930834e-05,3.6340372776770016e-23
zero,139.5476332656901,1.3638193109026567e-15,6.997429339427461e-06,8.638150432960059e-06,1.563557977238752e-05,3.6340372776770016e-23
zero,139.54934785757894,1.359150533469104e-15,7.009437366506611e-06,8.652974040213696e-06,1.5662411406720306e-05,3.6340372776770016e-23
zero,139.551060452682,1.3545031480063409e-15,7.02145197976314e-06,8.667805777937572e-06,1.568925775770071e-05,3.6340372776770016e-23
zero,139.55277104891684,1.3498770499343974e-15,7.0334731278167635e-06,8.682645582704014e-06,1.5716118710520777e-05,3.6340372776770016e-23
zero,139.5544796442171,1.3452721351842103e-15,7.045500759198747e-06,8.697493390976168e-06,1.5742994150174915e-05,3.6340372776770016e-23
zero,139.5561862365327,1.3406883001952608e-15,7.057534822353075e-06,8.712349139109429e-06,1.5769883961462504e-05,3.6340372776770016e-23
zero,139.55789082382975,1.3361254419132235e-15,7.069575265637613e-06,8.727212763352883e-06,1.5796788028990497e-05,3.6340372776770016e-23
zero,139.55959340409072,1.3315834577873207e-15,7.081622037326079e-06,8.742084199851734e-06,1.5823706237177813e-05,3.6340372776770016e-23
zero,139.56129397531436,1.3270622457683688e-15,7.093675085608235e-06,8.756963384647548e-06,1.5850638470255783e-05,3.6340372776770016e-23
zero,139.56299253551586,1.3225617043060006e-15,7.105734358592268e-06,8.771850253681189e-06,1.5877584612273458e-05,3.6340372776770016e-23
zero,139.56468908272694,1.3180817323462772e-15,7.1177998043062e-06,8.786744742794556e-06,1.5904544547100756e-05,3.6340372776770016e-23
zero,139.56638361499571,1.3136222293297595e-15,7.129871370698082e-06,8.801646787730827e-06,1.593151815842891e-05,3.6340372776770016e-23
zero,139.56807613038694,1.3091830951886132e-15,7.14194900563883e-06,8.816556324137965e-06,1.5958505329776794e-05,3.6340372776770016e-23
zero,139.56976662698196,1.3047642303446227e-15,7.154032656922627e-06,8.831473287569195e-06,1.598550594449182e-05,3.6340372776770016e-23
zero,139.57145510287876,1.3003655357067646e-15,7.1661222722685656e-06,8.84639761348506e-06,1.6012519885753623e-05,3.6340372776770016e-23
zero,139.57314155619207,1.295986912668793e-15,7.178217799322303e-06,8.861329237255435e-06,1.603954703657774e-05,3.6340372776770016e-23
zero,139.57482598505337,1.2916282631070545e-15,7.190319185657079e-06,8.876268094160808e-06,1.6066587279817887e-05,3.6340372776770016e-23
zero,139.5765083876109,1.2872894893782395e-15,7.2024263787749865e-06,8.891214119393833e-06,1.609364049816882e-05,3.6340372776770016e-23
zero,139.57818876202978,1.2829704943168468e-15,7.2145393261090486e-06,8.906167248061895e-06,1.6120706574170946e-05,3.6340372776770016e-23
zero,139.57986710649206,1.2786711812331733e-15,7.226657975023864e-06,8.921127415187923e-06,1.6147785390211786e-05,3.6340372776770016e-23
zero,139.58154341919666,1.2743914539109451e-15,7.2387822728173e-06,8.936094555712458e-06,1.6174876828529757e-05,3.6340372776770016e-23
zero,139.5832176983596,1.2701312166048854e-15,7.250912166722396e-06,8.951068604496014e-06,1.620198077121841e-05,3.6340372776770016e-23
zero,139.58488994221375,1.2658903740389456e-15,7.263047603907409e-06,8.966049496319133e-06,1.622909710022654e-05,3.6340372776770016e-23
zero,139.5865601490092,1.2616688314036005e-15,7.275188531478562e-06,8.981037165885777e-06,1.625622569736434e-05,3.6340372776770016e-23
zero,139.58822831701312,1.257466494353665e-15,7.287334896481348e-06,8.996031547824943e-06,1.6283366444306292e-05,3.6340372776770016e-23
zero,139.5898944445098,1.2532832690064712e-15,7.299486645900804e-06,9.011032576690994e-06,1.6310519222591796e-05,3.6340372776770016e-23
zero,139.5915585298008,1.2491190619391992e-15,7.311643726664291e-06,9.02604018696709e-06,1.633768391363138e-05,3.6340372776770016e-23
zero,139.59322057120485,1.244973780187e-15,7.32380608564198e-06,9.041054313065794e-06,1.6364860398707773e-05,3.6340372776770016e-23
zero,139.59488056705797,1.2408473312406998e-15,7.3359736696486085e-06,9.05607488933124e-06,1.6392048558979847e-05,3.6340372776770016e-23
zero,139.59653851571355,1.2367396230445143e-15,7.348146425445239e-06,9.071101850041296e-06,1.6419248275486534e-05,3.6340372776770016e-23
zero,139.59819441554222,1.2326505639942656e-15,7.360324299739556e-06,9.086135129407944e-06,1.64464594291475e-05,3.6340372776770016e-23
zero,139.59984826493218,1.22858006293462e-15,7.372507239189112e-06,9.101174661581273e-06,1.6473681900770384e-05,3.6340372776770016e-23
zero,139.60150006228892,1.2245280291575326e-15,7.384695190401002e-06,9.116220380649084e-06,1.6500915571050085e-05,3.6340372776770016e-23
zero,139.60314980603542,1.2204943723999224e-15,7.396888099933877e-06,9.131272220639377e-06,1.6528160320573255e-05,3.6340372776770016e-23
zero,139.60479749461223,1.2164790028412924e-15,7.409085914300145e-06,9.146330115523066e-06,1.655541602982321e-05,3.6340372776770016e-23
zero,139.60644312647736,1.2124818311020525e-15,7.421288579966099e-06,9.161393999214138e-06,1.658268257918024e-05,3.6340372776770016e-23
zero,139.60808670010647,1.2085027682410162e-15,7.433496043354563e-06,9.176463805572917e-06,1.660995984892748e-05,3.6340372776770016e-23
zero,139.60972821399275,1.2045417257536684e-15,7.445708250845235e-06,9.191539468406487e-06,1.6637247719251724e-05,3.6340372776770016e-23
zero,139.6113676666471,1.200598615569749e-15,7.457925148777154e-06,9.206620921471747e-06,1.66645460702489e-05,3.6340372776770016e-23
zero,139.61300505659807,1.196673350051467e-15,7.470146683449242e-06,9.221708098476061e-06,1.6691854781925302e-05,3.6340372776770016e-23
zero,139.61464038239188,1.1927658419912403e-15,7.482372801122369e-06,9.23680093307983e-06,1.67191737342022e-05,3.6340372776770016e-23
zero,139.61627364259255,1.1888760046097176e-15,7.494603448020557e-06,9.251899358897962e-06,1.674650280691852e-05,3.6340372776770016e-23
zero,139.6179048357818,1.1850037515538065e-15,7.5068385703321926e-06,9.267003309501374e-06,1.6773841879833567e-05,3.6340372776770016e-23
zero,139.61953396055915,1.1811489968945089e-15,7.519078114211883e-06,9.282112718419283e-06,1.6801190832631165e-05,3.6340372776770016e-23
zero,139.62116101554207,1.1773116551248308e-15,7.531322025782115e-06,9.297227519141254e-06,1.6828549544923367e-05,3.6340372776770016e-23
zero,139.6227859993657,1.173491641158171e-15,7.543570251133411e-06,9.312347645117395e-06,1.6855917896250805e-05,3.6340372776770016e-23
zero,139.6244089106832,1.1696888703257754e-15,7.5558227363274985e-06,9.327473029762266e-06,1.6883295766089765e-05,3.6340372776770016e-23
zero,139.6260297481656,1.1659032583750754e-15,7.568079427397686e-06,9.342603606455344e-06,1.6910683033853028e-05,3.6340372776770016e-23
zero,139.62764851050179,1.1621347214677593e-15,7.5803402703501124e-06,9.357739308542564e-06,1.6938079578892676e-05,3.6340372776770016e-23
zero,139.62926519639873,1.158383176177457e-15,7.5926052111663025e-06,9.372880069339482e-06,1.6965485280505783e-05,3.6340372776770016e-23
zero,139.63087980458133,1.1546485394880965e-15,7.60487419580354e-06,9.388025822131723e-06,1.6992900017935263e-05,3.6340372776770016e-23
zero,139.63249233379244,1.150930728791865e-15,7.617147170196591e-06,9.403176500177114e-06,1.7020323670373706e-05,3.6340372776770016e-23
zero,139.63410278279304,1.147229661887119e-15,7.629424080259591e-06,9.418332036708018e-06,1.704775611696761e-05,3.6340372776770016e-23
zero,139.63571115036214,1.1435452569764954e-15,7.64170487188734e-06,9.433492364932927e-06,1.707519723682027e-05,3.6340372776770016e-23
zero,139.63731743529678,1.1398774326652259e-15,7.653989490955925e-06,9.448657418037235e-06,1.710264690899316e-05,3.6340372776770016e-23
zero,139.63892163641214,1.1362261079588717e-15,7.666277883325304e-06,9.463827129186415e-06,1.713010501251172e-05,3.6340372776770016e-23
zero,139.6405237525415,1.1325912022615872e-15,7.678569994840156e-06,9.479001431527096e-06,1.715757142636725e-05,3.6340372776770016e-23
zero,139.64212378253632,1.128972635374131e-15,7.690865771331618e-06,9.494180258189173e-06,1.718504602952079e-05,3.6340372776770016e-23
zero,139.64372172526615,1.1253703274921437e-15,7.70316515861814e-06,9.50936354228689e-06,1.721252870090503e-05,3.6340372776770016e-23
zero,139.64531757961876,1.1217841992040412e-15,7.715468102507668e-06,9.524551216921515e-06,1.7240019319429185e-05,3.6340372776770016e-23
zero,139.64691134450013,1.1182141714892449e-15,7.72777454879873e-06,9.539743215182697e-06,1.7267517763981424e-05,3.6340372776770016e-23
zero,139.6485030188344,1.1146601657163482e-15,7.740084443281734e-06,9.554939470150063e-06,1.7295023913431798e-05,3.6340372776770016e-23
zero,139.65009260156395,1.1111221036411652e-15,7.752397731740749e-06,9.570139914895404e-06,1.7322537646636153e-05,3.6340372776770016e-23
zero,139.6516800916495,1.1075999074048493e-15,7.764714359955025e-06,9.585344482484573e-06,1.73500588424396e-05,3.6340372776770016e-23
zero,139.65326548806985,1.1040934995323366e-15,7.777034273699447e-06,9.600553105978027e-06,1.7377587379677473e-05,3.6340372776770016e-23
zero,139.6548487898222,1.1006028029300993e-15,7.789357418747396e-06,9.615765718434374e-06,1.740512313718177e-05,3.6340372776770016e-23
zero,139.65642999592205,1.0971277408845398e-15,7.801683740871439e-06,9.630982252911206e-06,1.7432665993782643e-05,3.6340372776770016e-23
zero,139.65800910540312,1.0936682370601992e-15,7.814013185844648e-06,9.646202642466752e-06,1.74602158283114e-05,3.6340372776770016e-23
zero,139.65958611731745,1.0902242154979738e-15,7.826345699441947e-06,9.661426820161515e-06,1.7487772519603463e-05,3.6340372776770016e-23
zero,139.66116103073546,1.0867956006130278e-15,7.838681227442573e-06,9.676654719061328e-06,1.7515335946503903e-05,3.6340372776770016e-23
zero,139.66273384474584,1.0833823171933978e-15,7.851019715630077e-06,9.691886272237353e-06,1.754290598786743e-05,3.6340372776770016e-23
zero,139.66430455845568,1.0799842903979173e-15,7.863361109794806e-06,9.707121412769135e-06,1.757048252256394e-05,3.6340372776770016e-23
zero,139.66587317099038,1.0766014457545856e-15,7.87570535573481e-06,9.72236007374573e-06,1.759806542948054e-05,3.6340372776770016e-23
zero,139.66743968149373,1.0732337091586964e-15,7.88805239925763e-06,9.737602188267911e-06,1.762565458752554e-05,3.6340372776770016e-23
zero,139.66900408912784,1.0698810068712756e-15,7.900402186181022e-06,9.75284768944906e-06,1.765324987563008e-05,3.6340372776770016e-23
zero,139.67056639307324,1.0665432655170423e-15,7.91275466233541e-06,9.768096510418205e-06,1.7680851172753614e-05,3.6340372776770016e-23
zero,139.67212659252885,1.0632204120828587e-15,7.925109773564619e-06,9.783348584320903e-06,1.770845835788552e-05,3.6340372776770016e-23
zero,139.6736846867119,1.059912373916071e-15,7.937467465726986e-06,9.798603844320639e-06,1.7736071310047623e-05,3.6340372776770016e-23
zero,139.67524067485814,1.0566190787224263e-15,7.949827684698121e-06,9.81386222360221e-06,1.7763689908300332e-05,3.6340372776770016e-23
zero,139.6767945562216,1.0533404545647866e-15,7.962190376370692e-06,9.82912365537148e-06,1.7791314031742172e-05,3.6340372776770016e-23
zero,139.67834633007476,1.050076429861183e-15,7.974555486656705e-06,9.844388072858185e-06,1.7818943559514892e-05,3.6340372776770016e-23
zero,139.6798959957085,1.0468269333830584e-15,7.986922961489138e-06,9.859655409317942e-06,1.784657837080708e-05,3.6340372776770016e-23
zero,139.6814435524321,1.043591894253758e-15,7.999292746822629e-06,9.87492559803311e-06,1.787421834485574e-05,3.6340372776770016e-23
zero,139.68298899957327,1.0403712419467213e-15,8.011664788635333e-06,9.890198572315084e-06,1.7901863360950416e-05,3.6340372776770016e-23
zero,139.6845323364781,1.037164906283748e-15,8.02403903293054e-06,9.905474265506285e-06,1.7929513298436823e-05,3.6340372776770016e-23
zero,139.68607356251107,1.0339728174335612e-15,8.036415425737168e-06,9.920752610980767e-06,1.7957168036717934e-05,3.6340372776770016e-23
zero,139.6876126770551,1.030794905909846e-15,8.048793913112292e-06,9.936033542147351e-06,1.7984827455259645e-05,3.6340372776770016e-23
zero,139.68914967951156,1.0276311025697673e-15,8.061174441141871e-06,9.951316992450504e-06,1.8012491433592377e-05,3.6340372776770016e-23
zero,139.69068456930012,1.024481338612318e-15,8.073556955942148e-06,9.966602895372092e-06,1.804015985131424e-05,3.6340372776770016e-23
zero,139.6922173458589,1.0213455455766681e-15,8.085941403661061e-06,9.981891184433095e-06,1.8067832588094156e-05,3.6340372776770016e-23
zero,139.6937480086444,1.0182236553404682e-15,8.09832773047988e-06,9.997181793195643e-06,1.8095509523675522e-05,3.6340372776770016e-23
zero,139.69527655713162,1.0151156001181574e-15,8.110715882614844e-06,1.001247465526504e-05,1.8123190537879886e-05,3.6340372776770016e-23
zero,139.69680299081378,1.0120213124596807e-15,8.123105806317207e-06,1.002776970428981e-05,1.815087551060702e-05,3.6340372776770016e-23
zero,139.6983273092026,1.0089407252484624e-15,8.135497447876256e-06,1.004306687396543e-05,1.8178564321841685e-05,3.6340372776770016e-23
zero,139.69984951182812,1.0058737717000787e-15,8.147890753619575e-06,1.0058366098034654e-05,1.820625685165423e-05,3.6340372776770016e-23
zero,139.7013695982388,1.0028203853604743e-15,8.160285669915167e-06,1.0073667310290128e-05,1.8233952980205297e-05,3.6340372776770016e-23
zero,139.70288756800144,9.997805001045871e-16,8.172682143171951e-06,1.0088970444575014e-05,1.8261652587746964e-05,3.6340372776770016e-23
zero,139.70440342070114,9.967540501346368e-16,8.18508011984163e-06,1.0104275434785289e-05,1.828935555462692e-05,3.6340372776770016e-23
zero,139.70591715594145,9.937409699784174e-16,8.197479546420605e-06,1.01195822148721e-05,1.8317061761292706e-05,3.6340372776770016e-23
zero,139.70742877334416,9.907411944880525e-16,8.209880369449996e-06,1.0134890718841812e-05,1.834477108829181e-05,3.6340372776770016e-23
zero,139.70893827254946,9.877546588381322e-16,8.222282535518234e-06,1.0150200880759182e-05,1.8372483416277416e-05,3.6340372776770016e-23
zero,139.71044565321583,9.847812985243078e-16,8.23468599126179e-06,1.0165512634748278e-05,1.840019862601007e-05,3.6340372776770016e-23
zero,139.71195091501997,9.81821049361891e-16,8.247090683365911e-06,1.018082591499338e-05,1.842791659835929e-05,3.6340372776770016e-23
zero,139.71345405765703,9.788738474838437e-16,8.259496558567927e-06,1.019614065574306e-05,1.8455637214310985e-05,3.6340372776770016e-23
zero,139.71495508084033,9.759396293397813e-16,8.271903563656328e-06,1.0211456791309052e-05,1.848336035496538e-05,3.6340372776770016e-23
zero,139.71645398430144,9.730183316941968e-16,8.28431164547315e-06,1.0226774256069182e-05,1.851108590154233e-05,3.6340372776770016e-23
zero,139.71795076779026,9.701098916248607e-16,8.29672075091565e-06,1.0242092984469453e-05,1.8538813735385102e-05,3.6340372776770016e-23
zero,139.7194454310749,9.672142465214504e-16,8.309130826937018e-06,1.0257412911024915e-05,1.856654373796193e-05,3.6340372776770016e-23
zero,139.7209379739416,9.643313340841236e-16,8.321541820547367e-06,1.0272733970320879e-05,1.8594275790868247e-05,3.6340372776770016e-23
zero,139.72242839619497,9.614610923217177e-16,8.333953678816334e-06,1.0288056097016152e-05,1.8622009775832486e-05,3.6340372776770016e-23
zero,139.72391669765764,9.586034595506662e-16,8.346366348872643e-06,1.0303379225842466e-05,1.864974557471511e-05,3.6340372776770016e-23
zero,139.72540287817054,9.557583743930988e-16,8.358779777907188e-06,1.0318703291608317e-05,1.8677483069515505e-05,3.6340372776770016e-23
zero,139.72688693759264,9.529257757757688e-16,8.371193913172588e-06,1.0334028229198386e-05,1.8705222142370973e-05,3.6340372776770016e-23
zero,139.72836887580112,9.5010560292822e-16,8.38360870198605e-06,1.034935397357709e-05,1.8732962675563143e-05,3.6340372776770016e-23
zero,139.7298486926913,9.472977953815058e-16,8.396024091729865e-06,1.0364680459789194e-05,1.8760704551519058e-05,3.6340372776770016e-23
zero,139.73132638817643,9.445022929669118e-16,8.408440029851887e-06,1.0380007622960396e-05,1.8788447652812283e-05,3.6340372776770016e-23
zero,139.73280196218803,9.417190358140356e-16,8.420856463868895e-06,1.0395335398301476e-05,1.881619186217037e-05,3.6340372776770016e-23
zero,139.73427541467558,9.389479643497897e-16,8.433273341365874e-06,1.0410663721107423e-05,1.8843937062473297e-05,3.6340372776770016e-23
zero,139.73574674560655,9.361890192968154e-16,8.445690609997957e-06,1.042599252675981e-05,1.8871683136757767e-05,3.6340372776770016e-23
zero,139.73721595496647,9.334421416719604e-16,8.45810821749208e-06,1.0441321750728862e-05,1.8899429968220943e-05,3.6340372776770016e-23
zero,139.73868304275885,9.307072727849709e-16,8.470526111647732e-06,1.0456651328574357e-05,1.892717744022209e-05,3.6340372776770016e-23
zero,139.74014800900517,9.279843542369802e-16,8.482944240338626e-06,1.0471981195947703e-05,1.8954925436286328e-05,3.6340372776770016e-23
zero,139.7416108537448,9.252733279192647e-16,8.495362551513177e-06,1.0487311288592533e-05,1.898267384010571e-05,3.6340372776770016e-23
zero,139.743071577035,9.225741360116888e-16,8.507780993196436e-06,1.0502641542347082e-05,1.901042253554352e-05,3.6340372776770016e-23
zero,139.744530178951,9.198867209813677e-16,8.520199513491042e-06,1.0517971893145357e-05,1.90381714066364e-05,3.6340372776770016e-23
zero,139.74598665958587,9.172110255811751e-16,8.53261806057891e-06,1.0533302277019242e-05,1.9065920337598152e-05,3.6340372776770016e-23
zero,139.74744101905043,9.14546992848574e-16,8.545036582721465e-06,1.0548632630098765e-05,1.9093669212820228e-05,3.6340372776770016e-23
zero,139.74889325747336,9.118945661040829e-16,8.557455028261565e-06,1.0563962888614486e-05,1.912141791687605e-05,3.6340372776770016e-23
zero,139.7503433750011,9.092536889499067e-16,8.569873345624696e-06,1.0579292988898962e-05,1.9149166334523658e-05,3.6340372776770016e-23
zero,139.75179137179788,9.066243052686242e-16,8.582291483319937e-06,1.0594622867387949e-05,1.9176914350707887e-05,3.6340372776770016e-23
zero,139.75323724804556,9.040063592218275e-16,8.594709389941142e-06,1.0609952460621855e-05,1.9204661850562997e-05,3.6340372776770016e-23
zero,139.75468100394377,9.013997952487169e-16,8.60712701416839e-06,1.0625281705247527e-05,1.923240871941592e-05,3.6340372776770016e-23
zero,139.75612263970973,8.988045580648539e-16,8.619544304768688e-06,1.0640610538019124e-05,1.926015484278781e-05,3.6340372776770016e-23
zero,139.75756215557834,8.962205926606638e-16,8.631961210597891e-06,1.065593889580049e-05,1.9287900106398382e-05,3.6340372776770016e-23
zero,139.75899955180205,8.936478443003017e-16,8.644377680600926e-06,1.0671266715565415e-05,1.931564439616634e-05,3.6340372776770016e-23
zero,139.76043482865086,8.910862585202146e-16,8.656793663813459e-06,1.0686593934399715e-05,1.9343387598213173e-05,3.6340372776770016e-23
zero,139.76186798641237,8.885357811277137e-16,8.669209109363578e-06,1.0701920489503298e-05,1.9371129598866877e-05,3.6340372776770016e-23
zero,139.76329902539158,8.859963581999537e-16,8.681623966471514e-06,1.0717246318189813e-05,1.9398870284661325e-05,3.6340372776770016e-23
zero,139.764727945911,8.834679360823102e-16,8.69403818445229e-06,1.0732571357889931e-05,1.9426609542342222e-05,3.6340372776770016e-23
zero,139.7661547483106,8.809504613872193e-16,8.70645171271618e-06,1.074789554615191e-05,1.9454347258868088e-05,3.6340372776770016e-23
zero,139.76757943294766,8.784438809930185e-16,8.718864500769125e-06,1.0763218820642106e-05,1.948208332141123e-05,3.6340372776770016e-23
zero,139.76900200019688,8.759481420422928e-16,8.731276498215676e-06,1.0778541119148602e-05,1.9509817617364277e-05,3.6340372776770016e-23
zero,139.7704224504502,8.734631919410267e-16,8.743687654757918e-06,1.0793862379579888e-05,1.9537550034337805e-05,3.6340372776770016e-23
zero,139.77184078411696,8.70988978356961e-16,8.756097920198392e-06,1.0809182539968468e-05,1.956528046016686e-05,3.6340372776770016e-23
zero,139.77325700162365,8.685254492185039e-16,8.768507244440276e-06,1.0824501538471073e-05,1.959300878291135e-05,3.6340372776770016e-23
zero,139.77467110341397,8.66072552713497e-16,8.780915577488309e-06,1.0839819313369813e-05,1.962073489085812e-05,3.6340372776770016e-23
zero,139.7760830899488,8.636302372878374e-16,8.79332286945045e-06,1.0855135803074215e-05,1.9648458672524667e-05,3.6340372776770016e-23
zero,139.7774929617062,8.611984516442048e-16,8.805729070539054e-06,1.0870450946122689e-05,1.9676180016661743e-05,3.6340372776770016e-23
zero,139.77890071918125,8.587771447409896e-16,8.818134131071043e-06,1.088576468118272e-05,1.970389881225376e-05,3.6340372776770016e-23
zero,139.78030636288608,8.563662657909299e-16,8.83053800146955e-06,1.0901076947052921e-05,1.973161494852247e-05,3.6340372776770016e-23
zero,139.7817098933499,8.539657642597567e-16,8.842940632265603e-06,1.0916387682665085e-05,1.9759328314930687e-05,3.6340372776770016e-23
zero,139.7831113111188,8.515755898652309e-16,8.855341974097766e-06,1.0931696827083761e-05,1.9787038801181525e-05,3.6340372776770016e-23
zero,139.78451061675585,8.491956925757011e-16,8.867741977714287e-06,1.0947004319508905e-05,1.981474629722319e-05,3.6340372776770016e-23
zero,139.785907810841,8.468260226089549e-16,8.880140593973781e-06,1.0962310099276709e-05,1.9842450693250492e-05,3.6340372776770016e-23
zero,139.787302893971,8.444665304310291e-16,8.892537773846095e-06,1.0977614105860685e-05,1.987015187970678e-05,3.6340372776770016e-23
zero,139.7886958667594,8.421171667550219e-16,8.904933468413218e-06,1.0992916278872782e-05,1.9897849747286e-05,3.6340372776770016e-23
zero,139.79008672983662,8.397778825396723e-16,8.917327628871437e-06,1.1008216558066039e-05,1.9925544186937476e-05,3.6340372776770016e-23
zero,139.7914754838496,8.374486289885181e-16,8.92972020653045e-06,1.1023514883333509e-05,1.9953235089863958e-05,3.6340372776770016e-23
zero,139.79286212946212,8.351293575483885e-16,8.942111152816023e-06,1.1038811194711521e-05,1.9980922347527546e-05,3.6340372776770016e-23
zero,139.79424666735443,8.328200199084747e-16,8.954500419269619e-06,1.1054105432379225e-05,2.0008605851648844e-05,3.6340372776770016e-23
quadrature,137.6422999547138,6.161810271353063e-14,3.4700962722292134e-07,4.283746524952044e-07,7.753842797181257e-07,3.6340372776770016e-23
quadrature,137.6446975125387,6.132334405062116e-14,3.4784260102239887e-07,4.2940293768931973e-07,7.772455387117187e-07,3.6340372776770016e-23
quadrature,137.6470949797527,6.103000646625425e-14,3.486775427267355e-07,4.304336522124622e-07,7.791111949391977e-07,3.6340372776770016e-23
quadrature,137.6494923559408,6.073808310710849e-14,3.495144567630438e-07,4.314668015297912e-07,7.80981258292835e-07,3.6340372776770016e-23
quadrature,137.65188964068614,6.044756715291477e-14,3.5035334756682495e-07,4.3250239111682107e-07,7.82855738683646e-07,3.6340372776770016e-23
quadrature,137.65428683356984,6.015845181631314e-14,3.51194219581925e-07,4.33540426459368e-07,7.847346460412929e-07,3.6340372776770016e-23
quadrature,137.6566839341712,5.987073034266884e-14,3.520370772606124e-07,4.3458091305364534e-07,7.866179903142577e-07,3.6340372776770016e-23
quadrature,137.6590809420675,5.958439600994089e-14,3.528819250635045e-07,4.35623856406173e-07,7.885057814696775e-07,3.6340372776770016e-23
quadrature,137.66147785683407,5.929944212850655e-14,3.5372876745962486e-07,4.366692620338481e-07,7.90398029493473e-07,3.6340372776770016e-23
quadrature,137.6638746780442,5.901586204102098e-14,3.5457760892635954e-07,4.3771713546389095e-07,7.922947443902505e-07,3.6340372776770016e-23
quadrature,137.66627140526938,5.873364912223672e-14,3.5542845394953426e-07,4.3876748223394063e-07,7.941959361834749e-07,3.6340372776770016e-23
quadrature,137.66866803807892,5.845279677888151e-14,3.5628130702331976e-07,4.398203078919378e-07,7.961016149152576e-07,3.6340372776770016e-23
quadrature,137.6710645760403,5.817329844946942e-14,3.5713617265034016e-07,4.4087561799625866e-07,7.980117906465988e-07,3.6340372776770016e-23
quadrature,137.67346101871888,5.78951476041765e-14,3.5799305534158775e-07,4.419334181156096e-07,7.999264734571973e-07,3.6340372776770016e-23
quadrature,137.67585736567807,5.761833774467365e-14,3.588519596164696e-07,4.42993713829085e-07,8.018456734455545e-07,3.6340372776770016e-23
quadrature,137.67825361647925,5.734286240397369e-14,3.597128900028144e-07,4.4405651072617544e-07,8.037694007289899e-07,3.6340372776770016e-23
quadrature,137.68064977068175,5.706871514628889e-14,3.605758510368475e-07,4.4512181440673693e-07,8.056976654435845e-07,3.6340372776770016e-23
quadrature,137.68304582784293,5.679588956686642e-14,3.6144084726323845e-07,4.461896304810496e-07,8.076304777442881e-07,3.6340372776770016e-23
quadrature,137.685441787518,5.6524379291860255e-14,3.623078832350347e-07,4.47259964569736e-07,8.095678478047708e-07,3.6340372776770016e-23
quadrature,137.6878376492602,5.62541779781552e-14,3.631769635137496e-07,4.4833282230386964e-07,8.115097858176192e-07,3.6340372776770016e-23
quadrature,137.69023341262064,5.598527931324332e-14,3.6404809266928625e-07,4.4940820932488077e-07,8.13456301994167e-07,3.6340372776770016e-23
quadrature,137.69262907714844,5.571767701505923e-14,3.6492127527999466e-07,4.5048613128462737e-07,8.15407406564622e-07,3.6340372776770016e-23
quadrature,137.69502464239056,5.5451364831841746e-14,3.65796515932646e-07,4.51566593845363e-07,8.173631097780091e-07,3.6340372776770016e-23
quadrature,137.69742010789196,5.518633654198035e-14,3.666738192224595e-07,4.5264960267977015e-07,8.193234219022296e-07,3.6340372776770016e-23
quadrature,137.69981547319537,5.492258595388442e-14,3.67553189753055e-07,4.537351634709017e-07,8.212883532239568e-07,3.6340372776770016e-23
quadrature,137.7022107378415,5.466010690582164e-14,3.6843463213651137e-07,4.548232819122529e-07,8.232579140487642e-07,3.6340372776770016e-23
quadrature,137.70460590136898,5.439889326577928e-14,3.693181509933498e-07,4.5591396370774085e-07,8.252321147010906e-07,3.6340372776770016e-23
quadrature,137.70700096331421,5.413893893132591e-14,3.7020375095251906e-07,4.5700721457168646e-07,8.272109655242055e-07,3.6340372776770016e-23
quadrature,137.7093959232115,5.388023782946769e-14,3.7109143665139956e-07,4.581030402288191e-07,8.291944768802187e-07,3.6340372776770016e-23
quadrature,137.71179078059302,5.362278391649913e-14,3.719812127358299e-07,4.5920144641430953e-07,8.311826591501394e-07,3.6340372776770016e-23
quadrature,137.71418553498881,5.336657117786392e-14,3.728730838601008e-07,4.6030243887376257e-07,8.331755227338634e-07,3.6340372776770016e-23
quadrature,137.7165801859267,5.31115936280254e-14,3.737670546869182e-07,4.614060233631714e-07,8.351730780500896e-07,3.6340372776770016e-23
quadrature,137.71897473293237,5.285784531030735e-14,3.7466312988747053e-07,4.6251220564900054e-07,8.371753355364711e-07,3.6340372776770016e-23
quadrature,137.72136917552928,5.2605320296777903e-14,3.755613141413489e-07,4.6362099150808754e-07,8.391823056494365e-07,3.6340372776770016e-23
quadrature,137.72376351323877,5.2354012688085726e-14,3.764616121366367e-07,4.647323867277532e-07,8.411939988643898e-07,3.6340372776770016e-23
quadrature,137.7261577455799,5.2103916613342196e-14,3.7736402856983854e-07,4.6584639710571454e-07,8.432104256755531e-07,3.6340372776770016e-23
quadrature,137.72855187206963,5.185502622997108e-14,3.782685681459284e-07,4.6696302845014324e-07,8.452315965960716e-07,3.6340372776770016e-23
quadrature,137.73094589222254,5.160733572358574e-14,3.7917523557829863e-07,4.680822865796038e-07,8.472575221579025e-07,3.6340372776770016e-23
quadrature,137.7333398055511,5.1360839307834404e-14,3.8008403558883017e-07,4.6920417732313926e-07,8.492882129119694e-07,3.6340372776770016e-23
quadrature,137.73573361156554,5.11155312242816e-14,3.8099497290783e-07,4.7032870652019466e-07,8.513236794280246e-07,3.6340372776770016e-23
quadrature,137.73812730977374,5.087140574226653e-14,3.8190805227405824e-07,4.714558800206499e-07,8.533639322947082e-07,3.6340372776770016e-23
quadrature,137.74052089968143,5.062845715876809e-14,3.8282327843473015e-07,4.7258570368482307e-07,8.554089821195533e-07,3.6340372776770016e-23
quadrature,137.74291438079203,5.038667979827057e-14,3.8374065614552097e-07,4.7371818338347533e-07,8.574588395289963e-07,3.6340372776770016e-23
quadrature,137.74530775260664,5.0146068012641364e-14,3.8466019017052505e-07,4.748533249977615e-07,8.595135151682866e-07,3.6340372776770016e-23
quadrature,137.74770101462417,4.99066161809779e-14,3.855818852823362e-07,4.7599113441932827e-07,8.615730197016644e-07,3.6340372776770016e-23
quadrature,137.75009416634114,4.96683187095009e-14,3.86505746261952e-07,4.77131617550197e-07,8.63637363812149e-07,3.6340372776770016e-23
quadrature,137.7524872072518,4.9431170031408284e-14,3.874317778988316e-07,4.782747803028345e-07,8.657065582016662e-07,3.6340372776770016e-23
quadrature,137.75488013684807,4.919516460674407e-14,3.8835998499089923e-07,4.794206286001575e-07,8.677806135910567e-07,3.6340372776770016e-23
quadrature,137.75727295461957,4.896029692227909e-14,3.892903723445024e-07,4.80569168375481e-07,8.698595407199834e-07,3.6340372776770016e-23
quadrature,137.75966566005354,4.872656149137266e-14,3.902229447744485e-07,4.817204055725634e-07,8.71943350347012e-07,3.6340372776770016e-23
quadrature,137.76205825263492,4.8493952853848856e-14,3.911577071039843e-07,4.828743461455819e-07,8.740320532495661e-07,3.6340372776770016e-23
quadrature,137.76445073184627,4.826246557586512e-14,3.920946641648105e-07,4.84030996059149e-07,8.761256602239595e-07,3.6340372776770016e-23
quadrature,137.76684309716774,4.80320942497952e-14,3.9303382079703916e-07,4.851903612882613e-07,8.782241820853005e-07,3.6340372776770016e-23
quadrature,137.76923534807716,4.780283349408794e-14,3.939751818492516e-07,4.863524478183707e-07,8.803276296676223e-07,3.6340372776770016e-23
quadrature,137.77162748405,4.757467795314878e-14,3.949187521784672e-07,4.875172616453452e-07,8.824360138238125e-07,3.6340372776770016e-23
quadrature,137.77401950455922,4.7347622297218897e-14,3.9586453665012313e-07,4.886848087754445e-07,8.845493454255677e-07,3.6340372776770016e-23
quadrature,137.77641140907548,4.7121661222244195e-14,3.9681254013809826e-07,4.898550952253496e-07,8.866676353634479e-07,3.6340372776770016e-23
quadrature,137.77880319706696,4.6896789449752963e-14,3.977627675247043e-07,4.910281270221513e-07,8.887908945468556e-07,3.6340372776770016e-23
quadrature,137.78119486799943,4.667300172673419e-14,3.9871522370067523e-07,4.922039102033377e-07,8.909191339040129e-07,3.6340372776770016e-23
quadrature,137.78358642133625,4.645029282550839e-14,3.9966991356519224e-07,4.933824508168246e-07,8.930523643820168e-07,3.6340372776770016e-23
quadrature,137.7859778565383,4.6228657543615085e-14,4.006268420258397e-07,4.945637549209014e-07,8.951905969467411e-07,3.6340372776770016e-23
quadrature,137.78836917306396,4.600809070368741e-14,4.015860139986169e-07,4.957478285842457e-07,8.973338425828626e-07,3.6340372776770016e-23
quadrature,137.7907603703692,4.578858715332489e-14,4.0254743440796286e-07,4.969346778859533e-07,8.994821122939162e-07,3.6340372776770016e-23
quadrature,137.79315144790755,4.5570141764979834e-14,4.035111081867227e-07,4.981243089154977e-07,9.016354171022204e-07,3.6340372776770016e-23
quadrature,137.79554240512994,4.53527494358365e-14,4.044770402761485e-07,4.9931672777273e-07,9.037937680488784e-07,3.6340372776770016e-23
quadrature,137.79793324148486,4.513640508769075e-14,4.054452356258998e-07,5.005119405678803e-07,9.059571761937801e-07,3.6340372776770016e-23
quadrature,137.80032395641828,4.492110366683036e-14,4.0641569919404437e-07,5.017099534215587e-07,9.08125652615603e-07,3.6340372776770016e-23
quadrature,137.80271454937363,4.4706840143921e-14,4.0738843594703565e-07,5.029107724647267e-07,9.102992084117624e-07,3.6340372776770016e-23
quadrature,137.80510501979185,4.449360951388001e-14,4.083634508597472e-07,5.041144038387408e-07,9.12477854698488e-07,3.6340372776770016e-23
quadrature,137.8074953671113,4.4281406795768627e-14,4.09340748915427e-07,5.053208536952951e-07,9.146616026107221e-07,3.6340372776770016e-23
quadrature,137.8098855907678,4.407022703266944e-14,4.103203351057205e-07,5.065301281964505e-07,9.16850463302171e-07,3.6340372776770016e-23
quadrature,137.8122756901946,4.38600652915746e-14,4.113022144306473e-07,5.07742233514605e-07,9.190444479452523e-07,3.6340372776770016e-23
quadrature,137.81466566482237,4.3650916663269454e-14,4.1228639189860035e-07,5.08957175832494e-07,9.212435677310944e-07,3.6340372776770016e-23
quadrature,137.8170555140792,4.3442776262214324e-14,4.1327287252635806e-07,5.10174961343204e-07,9.234478338695621e-07,3.6340372776770016e-23
quadrature,137.81944523739054,4.3235639226434316e-14,4.1426166133905934e-07,5.113955962501427e-07,9.256572575892021e-07,3.6340372776770016e-23
quadrature,137.82183483417933,4.302950071740219e-14,4.15252763370215e-07,5.126190867670524e-07,9.278718501372674e-07,3.6340372776770016e-23
quadrature,137.8242243038658,4.282435591992919e-14,4.162461836616838e-07,5.138454391179807e-07,9.300916227796646e-07,3.6340372776770016e-23
quadrature,137.8266136458676,4.2620200042049045e-14,4.172419272636823e-07,5.150746595372933e-07,9.323165868009755e-07,3.6340372776770016e-23
quadrature,137.8290028595997,4.2417028314909874e-14,4.182399992347606e-07,5.163067542696426e-07,9.345467535044032e-07,3.6340372776770016e-23
quadrature,137.83139194447446,4.2214835992656795e-14,4.1924040464182436e-07,5.175417295699964e-07,9.367821342118208e-07,3.6340372776770016e-23
quadrature,137.83378089990154,4.201361835232496e-14,4.2024314856010995e-07,5.18779591703606e-07,9.390227402637159e-07,3.6340372776770016e-23
quadrature,137.83616972528793,4.181337069373048e-14,4.212482360731705e-07,5.200203469459901e-07,9.412685830191607e-07,3.6340372776770016e-23
quadrature,137.83855842003797,4.161408833935485e-14,4.2225567227289786e-07,5.21264001582961e-07,9.435196738558589e-07,3.6340372776770016e-23
quadrature,137.84094698355324,4.1415766634244124e-14,4.2326546225947314e-07,5.225105619105638e-07,9.457760241700369e-07,3.6340372776770016e-23
quadrature,137.84333541523267,4.121840094588966e-14,4.242776111414122e-07,5.237600342351327e-07,9.480376453765449e-07,3.6340372776770016e-23
quadrature,137.84572371447246,4.102198666412833e-14,4.252921240355155e-07,5.250124248732294e-07,9.503045489087449e-07,3.6340372776770016e-23
quadrature,137.84811188066604,4.0826519201031366e-14,4.263090060668777e-07,5.262677401516541e-07,9.525767462185318e-07,3.6340372776770016e-23
quadrature,137.85049991320417,4.063199399079393e-14,4.273282623688966e-07,5.275259864074572e-07,9.548542487763538e-07,3.6340372776770016e-23
quadrature,137.85288781147477,4.043840648963894e-14,4.283498980832106e-07,5.287871699878621e-07,9.571370680710727e-07,3.6340372776770016e-23
quadrature,137.85527557486304,4.02457521756983e-14,4.2937391835975534e-07,5.300512972503345e-07,9.594252156100898e-07,3.6340372776770016e-23
quadrature,137.85766320275144,4.0054026548910955e-14,4.304003283567375e-07,5.31318374562551e-07,9.617187029192886e-07,3.6340372776770016e-23
quadrature,137.8600506945196,3.98632251309213e-14,4.3142913324060635e-07,5.32588408302363e-07,9.640175415429693e-07,3.6340372776770016e-23
quadrature,137.86243804954432,3.967334346497576e-14,4.32460338186038e-07,5.338614048577779e-07,9.66321743043816e-07,3.6340372776770016e-23
quadrature,137.86482526719965,3.9484377115810833e-14,4.3349394837596873e-07,5.351373706270004e-07,9.68631319002969e-07,3.6340372776770016e-23
quadrature,137.86721234685677,3.9296321669555324e-14,4.34529969001554e-07,5.36416312018381e-07,9.709462810199349e-07,3.6340372776770016e-23
quadrature,137.86959928788409,3.9109172733623894e-14,4.3556840526217757e-07,5.376982354504282e-07,9.732666407126058e-07,3.6340372776770016e-23
quadrature,137.87198608964712,3.8922925936615755e-14,4.366092623654339e-07,5.389831473517864e-07,9.755924097172204e-07,3.6340372776770016e-23
quadrature,137.8743727515085,3.873757692821812e-14,4.376525455270876e-07,5.402710541611857e-07,9.779235996882733e-07,3.6340372776770016e-23
quadrature,137.87675927282808,3.8553121379090324e-14,4.386982599711428e-07,5.415619623275276e-07,9.802602222986705e-07,3.6340372776770016e-23
quadrature,137.8791456529627,3.836955498078149e-14,4.397464109297264e-07,5.428558783097414e-07,9.826022892394677e-07,3.6340372776770016e-23
quadrature,137.88153189126646,3.818687344560917e-14,4.407970036431958e-07,5.441528085769162e-07,9.84949812220112e-07,3.6340372776770016e-23
quadrature,137.88391798709046,3.8005072506575623e-14,4.418500433600339e-07,5.454527596081722e-07,9.87302802968206e-07,3.6340372776770016e-23
quadrature,137.8863039397829,3.782414791726067e-14,4.429055353368808e-07,5.467557378926991e-07,9.896612732295799e-07,3.6340372776770016e-23
quadrature,137.88868974868902,3.7644095451725697e-14,4.439634848385037e-07,5.480617499297197e-07,9.920252347682234e-07,3.6340372776770016e-23
quadrature,137.89107541315119,3.746491090440971e-14,4.450238971378164e-07,5.493708022285134e-07,9.943946993663298e-07,3.6340372776770016e-23
quadrature,137.89346093250882,3.728659009003227e-14,4.4608677751586075e-07,5.506829013083935e-07,9.967696788242542e-07,3.6340372776770016e-23
quadrature,137.89584630609826,3.710912884350536e-14,4.471521312617375e-07,5.519980536986217e-07,9.991501849603592e-07,3.6340372776770016e-23
quadrature,137.89823153325304,3.693252301981809e-14,4.482199636727014e-07,5.533162659385257e-07,1.0015362296112271e-06,3.6340372776770016e-23
quadrature,137.90061661330355,3.675676849395795e-14,4.492902800540404e-07,5.546375445773499e-07,1.0039278246313904e-06,3.6340372776770016e-23
quadrature,137.90300154557727,3.6581861160802846e-14,4.5036308571913313e-07,5.559618961743267e-07,1.0063249818934598e-06,3.6340372776770016e-23
quadrature,137.90538632939862,3.640779693502851e-14,4.514383859894156e-07,5.572893272986348e-07,1.0087277132880503e-06,3.6340372776770016e-23
quadrature,137.90777096408908,3.6234571751009975e-14,4.5251618619438836e-07,5.586198445294085e-07,1.0111360307237968e-06,3.6340372776770016e-23
quadrature,137.91015544896695,3.606218156273802e-14,4.5359649167153107e-07,5.599534544556323e-07,1.0135499461271634e-06,3.6340372776770016e-23
quadrature,137.91253978334763,3.5890622343705126e-14,4.5467930776641163e-07,5.612901636762749e-07,1.0159694714426865e-06,3.6340372776770016e-23
quadrature,137.91492396654334,3.571989008683099e-14,4.557646398325495e-07,5.626299788001219e-07,1.0183946186326714e-06,3.6340372776770016e-23
quadrature,137.91730799786328,3.55499808043577e-14,4.568524932314722e-07,5.639729064458434e-07,1.0208253996773157e-06,3.6340372776770016e-23
quadrature,137.9196918766136,3.538089052775358e-14,4.5794287333272024e-07,5.653189532420027e-07,1.0232618265747229e-06,3.6340372776770016e-23
quadrature,137.92207560209727,3.5212615307633714e-14,4.590357855137489e-07,5.666681258269326e-07,1.0257039113406816e-06,3.6340372776770016e-23
quadrature,137.9244591736142,3.504515121365459e-14,4.6013123515999665e-07,5.680204308488216e-07,1.0281516660088182e-06,3.6340372776770016e-23
quadrature,137.92684259046118,3.4878494334427356e-14,4.612292276648383e-07,5.69375874965655e-07,1.0306051026304932e-06,3.6340372776770016e-23
quadrature,137.92922585193182,3.4712640777429474e-14,4.623297684295495e-07,5.707344648451719e-07,1.0330642332747214e-06,3.6340372776770016e-23
quadrature,137.93160895731663,3.4547586668906894e-14,4.634328628633366e-07,5.720962071649011e-07,1.0355290700282378e-06,3.6340372776770016e-23
quadrature,137.93399190590293,3.438332815378846e-14,4.6453851638328963e-07,5.734611086121043e-07,1.037999624995394e-06,3.6340372776770016e-23
quadrature,137.93637469697487,3.4219861395595e-14,4.656467344143705e-07,5.748291758837601e-07,1.0404759102981305e-06,3.6340372776770016e-23
quadrature,137.93875732981343,3.4057182576346723e-14,4.6675752238941825e-07,5.762004156865719e-07,1.0429579380759902e-06,3.6340372776770016e-23
quadrature,137.9411398036964,3.3895287896477016e-14,4.6787088574911197e-07,5.77574834736921e-07,1.0454457204860328e-06,3.6340372776770016e-23
quadrature,137.94352211789825,3.3734173574746585e-14,4.68986829941934e-07,5.789524397608215e-07,1.0479392697027555e-06,3.6340372776770016e-23
quadrature,137.94590427169038,3.357383584814643e-14,4.7010536042421286e-07,5.80333237493974e-07,1.0504385979181868e-06,3.6340372776770016e-23
quadrature,137.94828626434088,3.341427097181482e-14,4.7122648266007283e-07,5.817172346817023e-07,1.0529437173417752e-06,3.6340372776770016e-23
quadrature,137.95066809511454,3.32554752189546e-14,4.723502021213827e-07,5.831044380788906e-07,1.0554546402002734e-06,3.6340372776770016e-23
quadrature,137.953049763273,3.309744488073371e-14,4.7347652428782494e-07,5.844948544500693e-07,1.0579713787378942e-06,3.6340372776770016e-23
quadrature,137.95543126807448,3.294017626621282e-14,4.746054546467782e-07,5.858884905692691e-07,1.0604939452160474e-06,3.6340372776770016e-23
quadrature,137.95781260877405,3.2783665702246865e-14,4.7573699869338447e-07,5.872853532201043e-07,1.0630223519134887e-06,3.6340372776770016e-23
quadrature,137.96019378462339,3.2627909533407625e-14,4.768711619304719e-07,5.886854491956781e-07,1.06555661112615e-06,3.6340372776770016e-23
quadrature,137.9625747948709,3.247290412189188e-14,4.780079498685817e-07,5.900887852986148e-07,1.0680967351671966e-06,3.6340372776770016e-23
quadrature,137.9649556387616,3.231864584744471e-14,4.791473680258895e-07,5.914953683409634e-07,1.070642736366853e-06,3.6340372776770016e-23
quadrature,137.9673363155373,3.216513110726115e-14,4.802894219282871e-07,5.929052051442981e-07,1.073194627072585e-06,3.6340372776770016e-23
quadrature,137.96971682443626,3.201235631591942e-14,4.814341171092338e-07,5.943183025395355e-07,1.0757524196487694e-06,3.6340372776770016e-23
quadrature,137.9720971646935,3.186031790528344e-14,4.82581459109839e-07,5.957346673670354e-07,1.0783161264768744e-06,3.6340372776770016e-23
quadrature,137.97447733554068,3.170901232442227e-14,4.837314534788216e-07,5.971543064765518e-07,1.0808857599553733e-06,3.6340372776770016e-23
quadrature,137.97685733620597,3.155843603953343e-14,4.848841057724419e-07,5.985772267271481e-07,1.08346133249959e-06,3.6340372776770016e-23
quadrature,137.97923716591416,3.1408585533854005e-14,4.86039421554529e-07,6.000034349872316e-07,1.0860428565417605e-06,3.6340372776770016e-23
quadrature,137.98161682388667,3.125945730757764e-14,4.871974063964665e-07,6.014329381345347e-07,1.0886303445310011e-06,3.6340372776770016e-23
quadrature,137.98399630934142,3.111104787777901e-14,4.883580658771234e-07,6.028657430560311e-07,1.0912238089331546e-06,3.6340372776770016e-23
quadrature,137.98637562149293,3.096335377832617e-14,4.895214055828812e-07,6.043018566479684e-07,1.0938232622308496e-06,3.6340372776770016e-23
quadrature,137.98875475955225,3.081637155980052e-14,4.906874311076055e-07,6.057412858158325e-07,1.096428716923438e-06,3.6340372776770016e-23
quadrature,137.9911337227269,3.067009778942406e-14,4.918561480525611e-07,6.071840374742439e-07,1.0990401855268051e-06,3.6340372776770016e-23
quadrature,137.99351251022097,3.052452905096431e-14,4.930275620265078e-07,6.086301185470756e-07,1.1016576805735834e-06,3.6340372776770016e-23
quadrature,137.99589112123505,3.0379661944667576e-14,4.94201678645575e-07,6.100795359672978e-07,1.1042812146128728e-06,3.6340372776770016e-23
quadrature,137.99826955496616,3.023549308717515e-14,4.953785035332714e-07,6.115322966769908e-07,1.106910800210262e-06,3.6340372776770016e-23
quadrature,138.00064781060783,3.0092019111441614e-14,4.965580423204851e-07,6.129884076273439e-07,1.109546449947829e-06,3.6340372776770016e-23
quadrature,138.00302588735002,2.99492366666605e-14,4.977403006454237e-07,6.144478757785831e-07,1.1121881764240067e-06,3.6340372776770016e-23
quadrature,138.00540378437918,2.9807142418179986e-14,4.989252841536415e-07,6.159107081000023e-07,1.1148359922536438e-06,3.6340372776770016e-23
quadrature,138.00778150087817,2.9665733047430937e-14,5.001129984979647e-07,6.173769115698735e-07,1.1174899100678382e-06,3.6340372776770016e-23
quadrature,138.0101590360262,2.952500525184848e-14,5.01303449338475e-07,6.188464931754255e-07,1.1201499425139006e-06,3.6340372776770016e-23
quadrature,138.01253638899897,2.938495574479224e-14,5.024966423425065e-07,6.203194599128392e-07,1.1228161022553457e-06,3.6340372776770016e-23
quadrature,138.01491355896852,2.9245581255468757e-14,5.036925831846277e-07,6.217958187872268e-07,1.1254884019718545e-06,3.6340372776770016e-23
quadrature,138.01729054510326,2.9106878528859207e-14,5.048912775465809e-07,6.232755768125562e-07,1.1281668543591372e-06,3.6340372776770016e-23
quadrature,138.01966734656799,2.896884432564077e-14,5.060927311172787e-07,6.247587410116468e-07,1.1308514721289254e-06,3.6340372776770016e-23
quadrature,138.0220439625238,2.883147542211013e-14,5.072969495927847e-07,6.262453184161457e-07,1.1335422680089305e-06,3.6340372776770016e-23
quadrature,138.0244203921282,2.869476861010896e-14,5.085039386762813e-07,6.277353160664881e-07,1.1362392547427694e-06,3.6340372776770016e-23
quadrature,138.02679663453492,2.8558720696951337e-14,5.097137040780208e-07,6.292287410118368e-07,1.1389424450898576e-06,3.6340372776770016e-23
quadrature,138.02917268889408,2.842332850534182e-14,5.109262515153649e-07,6.30725600310131e-07,1.141651851825496e-06,3.6340372776770016e-23
quadrature,138.03154855435199,2.8288588873313356e-14,5.121415867126482e-07,6.322259010279178e-07,1.1443674877405661e-06,3.6340372776770016e-23
quadrature,138.03392423005133,2.815449865413956e-14,5.133597154012757e-07,6.337296502404721e-07,1.1470893656417478e-06,3.6340372776770016e-23
quadrature,138.03629971513098,2.8021054716271676e-14,5.145806433195993e-07,6.35236855031645e-07,1.1498174983512442e-06,3.6340372776770016e-23
quadrature,138.0386750087261,2.788825394325974e-14,5.158043762129416e-07,6.36747522493893e-07,1.1525518987068346e-06,3.6340372776770016e-23
quadrature,138.04105010996807,2.7756093233682123e-14,5.170309198335467e-07,6.382616597282164e-07,1.155292579561763e-06,3.6340372776770016e-23
quadrature,138.04342501798445,2.762456950107379e-14,5.182602799405428e-07,6.397792738441142e-07,1.158039553784657e-06,3.6340372776770016e-23
quadrature,138.04579973189908,2.7493679673848612e-14,5.194924622999665e-07,6.413003719596133e-07,1.1607928342595798e-06,3.6340372776770016e-23
quadrature,138.04817425083195,2.736342069523471e-14,5.207274726846662e-07,6.4282496120115e-07,1.1635524338858161e-06,3.6340372776770016e-23
quadrature,138.05054857389916,2.7233789523202072e-14,5.219653168742812e-07,6.443530487035433e-07,1.1663183655778245e-06,3.6340372776770016e-23
quadrature,138.05292270021312,2.7104783130382943e-14,5.232060006552919e-07,6.458846416100579e-07,1.1690906422653497e-06,3.6340372776770016e-23
quadrature,138.05529662888225,2.6976398504012677e-14,5.244495298208806e-07,6.474197470722315e-07,1.171869276893112e-06,3.6340372776770016e-23
quadrature,138.05767035901113,2.6848632645853828e-14,5.256959101709508e-07,6.489583722498989e-07,1.1746542824208497e-06,3.6340372776770016e-23
quadrature,138.0600438897005,2.6721482572123786e-14,5.269451475121205e-07,6.50500524311184e-07,1.1774456718233045e-06,3.6340372776770016e-23
quadrature,138.06241722004717,2.659494531342881e-14,5.281972476576535e-07,6.520462104324146e-07,1.180243458090068e-06,3.6340372776770016e-23
quadrature,138.06479034914403,2.646901791469385e-14,5.294522164274349e-07,6.535954377980926e-07,1.1830476542255274e-06,3.6340372776770016e-23
quadrature,138.06716327608007,2.6343697435092646e-14,5.307100596479476e-07,6.551482136008643e-07,1.1858582732488118e-06,3.6340372776770016e-23
quadrature,138.06953599994034,2.6218980947976767e-14,5.319707831522623e-07,6.567045450415088e-07,1.188675328193771e-06,3.6340372776770016e-23
quadrature,138.0719085198059,2.609486554081387e-14,5.332343927799379e-07,6.582644393288146e-07,1.1914988321087524e-06,3.6340372776770016e-23
quadrature,138.07428083475386,2.5971348315112876e-14,5.345008943770563e-07,6.598279036796225e-07,1.1943287980566788e-06,3.6340372776770016e-23
quadrature,138.0766529438573,2.584842638636136e-14,5.357702937961358e-07,6.613949453187193e-07,1.197165239114855e-06,3.6340372776770016e-23
quadrature,138.07902484618543,2.5726096883950016e-14,5.370425968961822e-07,6.629655714789002e-07,1.2000081683750824e-06,3.6340372776770016e-23
quadrature,138.08139654080327,2.5604356951118e-14,5.38317809542525e-07,6.64539789400767e-07,1.202857598943292e-06,3.6340372776770016e-23
quadrature,138.0837680267719,2.5483203744875116e-14,5.395959376068983e-07,6.661176063328274e-07,1.2057135439397257e-06,3.6340372776770016e-23
quadrature,138.0861393031484,2.5362634435938992e-14,5.40876986967367e-07,6.676990295314046e-07,1.2085760164987715e-06,3.6340372776770016e-23
quadrature,138.08851036898568,2.5242646208672536e-14,5.421609635082546e-07,6.692840662605481e-07,1.2114450297688028e-06,3.6340372776770016e-23
quadrature,138.09088122333264,2.512323626101299e-14,5.434478731201615e-07,6.708727237920558e-07,1.2143205969122173e-06,3.6340372776770016e-23
quadrature,138.0932518652341,2.5004401804408584e-14,5.447377216999061e-07,6.724650094054013e-07,1.2172027311053074e-06,3.6340372776770016e-23
quadrature,138.09562229373074,2.488614006375258e-14,5.460305151504968e-07,6.740609303877005e-07,1.2200914455381973e-06,3.6340372776770016e-23
quadrature,138.09799250785912,2.476844827732192e-14,5.473262593810571e-07,6.756604940336175e-07,1.2229867534146746e-06,3.6340372776770016e-23
quadrature,138.1003625066517,2.4651323696706246e-14,5.486249603068586e-07,6.772637076454058e-07,1.2258886679522644e-06,3.6340372776770016e-23
quadrature,138.10273228913675,2.4534763586748567e-14,5.499266238492289e-07,6.788705785327959e-07,1.2287972023820248e-06,3.6340372776770016e-23
quadrature,138.10510185433841,2.4418765225480554e-14,5.51231255935524e-07,6.804811140129592e-07,1.231712369948483e-06,3.6340372776770016e-23
quadrature,138.1074712012766,2.4303325904058168e-14,5.525388624990957e-07,6.820953214104692e-07,1.2346341839095647e-06,3.6340372776770016e-23
quadrature,138.10984032896707,2.4188442926698983e-14,5.538494494792472e-07,6.837132080572466e-07,1.237562657536494e-06,3.6340372776770016e-23
quadrature,138.11220923642134,2.4074113610617054e-14,5.551630228212181e-07,6.853347812925398e-07,1.240497804113758e-06,3.6340372776770016e-23
quadrature,138.11457792264673,2.3960335285962238e-14,5.564795884761209e-07,6.869600484628475e-07,1.2434396369389684e-06,3.6340372776770016e-23
quadrature,138.11694638664628,2.384710529575976e-14,5.577991524008793e-07,6.885890169218419e-07,1.246388169322721e-06,3.6340372776770016e-23
quadrature,138.11931462741882,2.373442099584193e-14,5.591217205582586e-07,6.902216940304071e-07,1.2493434145886656e-06,3.6340372776770016e-23
quadrature,138.12168264395888,2.3622279754792405e-14,5.604472989167548e-07,6.918580871565008e-07,1.2523053860732556e-06,3.6340372776770016e-23
quadrature,138.12405043525666,2.351067895388392e-14,5.61775893450562e-07,6.934982036751158e-07,1.255274097125678e-06,3.6340372776770016e-23
quadrature,138.12641800029814,2.3399615987012314e-14,5.63107510139587e-07,6.951420509682961e-07,1.2582495611078832e-06,3.6340372776770016e-23
quadrature,138.12878533806494,2.328908826064027e-14,5.644421549693528e-07,6.967896364250193e-07,1.261231791394372e-06,3.6340372776770016e-23
quadrature,138.13115244753433,2.317909319373594e-14,5.657798339309643e-07,6.984409674411538e-07,1.2642208013721182e-06,3.6340372776770016e-23
quadrature,138.13351932767927,2.3069628217710603e-14,5.671205530210905e-07,7.000960514194364e-07,1.2672166044405268e-06,3.6340372776770016e-23
quadrature,138.1358859774683,2.29606907763618e-14,5.684643182418817e-07,7.017548957693707e-07,1.2702192140112524e-06,3.6340372776770016e-23
quadrature,138.1382523958656,2.2852278325810303e-14,5.698111356009673e-07,7.03417507907224e-07,1.2732286435081914e-06,3.6340372776770016e-23
quadrature,138.140618581831,2.274438833444251e-14,5.711610111113877e-07,7.050838952559436e-07,1.2762449063673313e-06,3.6340372776770016e-23
quadrature,138.14298453431985,2.2637018282851886e-14,5.725139507915434e-07,7.06754065245093e-07,1.2792680160366365e-06,3.6340372776770016e-23
quadrature,138.14535025228312,2.2530165663776746e-14,5.738699606651903e-07,7.084280253108476e-07,1.282297985976038e-06,3.6340372776770016e-23
quadrature,138.14771573466732,2.2423827982046125e-14,5.752290467613393e-07,7.101057828958695e-07,1.2853348296572087e-06,3.6340372776770016e-23
quadrature,138.15008098041446,2.231800275451945e-14,5.765912151142348e-07,7.117873454492818e-07,1.2883785605635166e-06,3.6340372776770016e-23
quadrature,138.15244598846215,2.2212687510026498e-14,5.779564717633352e-07,7.134727204266435e-07,1.2914291921899787e-06,3.6340372776770016e-23
quadrature,138.15481075774346,2.2107879789312793e-14,5.793248227532247e-07,7.15161915289842e-07,1.2944867380430668e-06,3.6340372776770016e-23
quadrature,138.15717528718696,2.2003577144981373e-14,5.80696274133576e-07,7.168549375070459e-07,1.2975512116406218e-06,3.6340372776770016e-23
quadrature,138.1595395757167,2.1899777141433653e-14,5.820708319591286e-07,7.185517945526789e-07,1.3006226265118076e-06,3.6340372776770016e-23
quadrature,138.16190362225223,2.179647735481431e-14,5.834485022896166e-07,7.2025249390733e-07,1.3037009961969467e-06,3.6340372776770016e-23
quadrature,138.16426742570846,2.1693675372955177e-14,5.848292911897131e-07,7.219570430576857e-07,1.3067863342473987e-06,3.6340372776770016e-23
quadrature,138.16663098499583,2.159136879531569e-14,5.862132047290233e-07,7.236654494965207e-07,1.3098786542255441e-06,3.6340372776770016e-23
quadrature,138.1689942990201,2.1489555232932254e-14,5.876002489819621e-07,7.253777207225476e-07,1.3129779697045097e-06,3.6340372776770016e-23
quadrature,138.1713573666825,2.1388232308356802e-14,5.889904300277793e-07,7.270938642404473e-07,1.3160842942682267e-06,3.6340372776770016e-23
quadrature,138.17372018687962,2.1287397655604222e-14,5.903837539504696e-07,7.288138875607578e-07,1.3191976415112274e-06,3.6340372776770016e-23
quadrature,138.17608275850338,2.118704892009636e-14,5.917802268387306e-07,7.305377981998235e-07,1.322318025038554e-06,3.6340372776770016e-23
quadrature,138.17844508044112,2.108718375860634e-14,5.93179854785921e-07,7.322656036797419e-07,1.325445458465663e-06,3.6340372776770016e-23
quadrature,138.18080715157546,2.0987799839205493e-14,5.94582643889985e-07,7.339973115282721e-07,1.3285799554182571e-06,3.6340372776770016e-23
quadrature,138.18316897078435,2.0888894841208188e-14,5.959886002534101e-07,7.357329292787813e-07,1.3317215295321914e-06,3.6340372776770016e-23
quadrature,138.18553053694106,2.079046645511572e-14,5.973977299832002e-07,7.374724644702118e-07,1.3348701944534119e-06,3.6340372776770016e-23
quadrature,138.18789184891412,2.0692512382565243e-14,5.988100391907809e-07,7.392159246469653e-07,1.3380259638377463e-06,3.6340372776770016e-23
quadrature,138.19025290556735,2.0595030336274176e-14,6.002255339919746e-07,7.4096331735887e-07,1.3411888513508447e-06,3.6340372776770016e-23
quadrature,138.1926137057598,2.049801803998726e-14,6.016442205069366e-07,7.42714650161104e-07,1.3443588706680406e-06,3.6340372776770016e-23
quadrature,138.19497424834583,2.0401473228422715e-14,6.030661048601116e-07,7.4446993061414e-07,1.3475360354742516e-06,3.6340372776770016e-23
quadrature,138.19733453217495,2.0305393647219797e-14,6.044911931801714e-07,7.462291662836692e-07,1.3507203594638406e-06,3.6340372776770016e-23
quadrature,138.19969455609183,2.0209777052890046e-14,6.059194915999004e-07,7.479923647404595e-07,1.3539118563403597e-06,3.6340372776770016e-23
quadrature,138.20205431893646,2.0114621212754975e-14,6.073510062562861e-07,7.497595335604677e-07,1.3571105398167537e-06,3.6340372776770016e-23
quadrature,138.20441381954393,2.0019923904903633e-14,6.087857432903186e-07,7.515306803245915e-07,1.36031642361491e-06,3.6340372776770016e-23
quadrature,138.20677305674445,1.9925682918137652e-14,6.102237088469779e-07,7.53305812618654e-07,1.363529521465632e-06,3.6340372776770016e-23
quadrature,138.20913202936347,1.9831896051915544e-14,6.11664909075237e-07,7.550849380334077e-07,1.3667498471086447e-06,3.6340372776770016e-23
quadrature,138.21149073622146,1.9738561116308566e-14,6.131093501278944e-07,7.568680641643275e-07,1.369977414292222e-06,3.6340372776770016e-23
quadrature,138.2138491761341,1.9645675931942098e-14,6.145570381616281e-07,7.586551986116774e-07,1.3732122367733055e-06,3.6340372776770016e-23
quadrature,138.21620734791202,1.9553238329951922e-14,6.160079793368262e-07,7.604463489803016e-07,1.3764543283171277e-06,3.6340372776770016e-23
quadrature,138.2185652503611,1.9461246151925096e-14,6.174621798176583e-07,7.622415228797122e-07,1.3797037026973705e-06,3.6340372776770016e-23
quadrature,138.22092288228217,1.936969724985887e-14,6.189196457718695e-07,7.640407279238355e-07,1.382960373695705e-06,3.6340372776770016e-23
quadrature,138.2232802424711,1.9278589486103198e-14,6.203803833708339e-07,7.658439717310774e-07,1.3862243551019113e-06,3.6340372776770016e-23
quadrature,138.22563732971886,1.9187920733313457e-14,6.21844398789452e-07,7.676512619241972e-07,1.3894956607136493e-06,3.6340372776770016e-23
quadrature,138.22799414281135,1.90976888744023e-14,6.233116982060639e-07,7.694626061302003e-07,1.3927743043362642e-06,3.6340372776770016e-23
quadrature,138.23035068052948,1.900789180248842e-14,6.247822878024148e-07,7.712780119802956e-07,1.3960602997827105e-06,3.6340372776770016e-23
quadrature,138.23270694164918,1.8918527420845627e-14,6.262561737636203e-07,7.730974871098527e-07,1.399353660873473e-06,3.6340372776770016e-23
quadrature,138.23506292494133,1.8829593642856485e-14,6.277333622780607e-07,7.749210391582712e-07,1.402654401436332e-06,3.6340372776770016e-23
quadrature,138.2374186291717,1.874108839196397e-14,6.292138595373108e-07,7.767486757688946e-07,1.4059625353062053e-06,3.6340372776770016e-23
quadrature,138.23977405310106,1.8653009601621247e-14,6.306976717361016e-07,7.785804045889621e-07,1.4092780763250638e-06,3.6340372776770016e-23
quadrature,138.24212919548503,1.8565355215242768e-14,6.321848050722683e-07,7.804162332695457e-07,1.412601038341814e-06,3.6340372776770016e-23
quadrature,138.2444840550742,1.847812318615773e-14,6.336752657466582e-07,7.822561694654351e-07,1.4159314352120933e-06,3.6340372776770016e-23
quadrature,138.24683863061392,1.8391311477563718e-14,6.351690599630405e-07,7.841002208350273e-07,1.4192692807980677e-06,3.6340372776770016e-23
quadrature,138.24919292084456,1.8304918062473252e-14,6.366661939281399e-07,7.859483950403679e-07,1.4226145889685078e-06,3.6340372776770016e-23
quadrature,138.25154692450118,1.821894092367524e-14,6.381666738514179e-07,7.878006997468806e-07,1.4259673735982987e-06,3.6340372776770016e-23
quadrature,138.2539006403138,1.8133378053678862e-14,6.396705059451614e-07,7.896571426234774e-07,1.4293276485686388e-06,3.6340372776770016e-23
quadrature,138.25625406700712,1.8048227454673346e-14,6.411776964242973e-07,7.915177313423291e-07,1.4326954277666265e-06,3.6340372776770016e-23
quadrature,138.25860720330076,1.796348713847756e-14,6.426882515063897e-07,7.933824735788623e-07,1.436070725085252e-06,3.6340372776770016e-23
quadrature,138.26096004790907,1.7879155126493997e-14,6.442021774115636e-07,7.952513770116646e-07,1.4394535544232283e-06,3.6340372776770016e-23
quadrature,138.26331259954114,1.7795229449665005e-14,6.457194803623915e-07,7.971244493223451e-07,1.4428439296847365e-06,3.6340372776770016e-23
quadrature,138.26566485690083,1.771170814842413e-14,6.472401665838692e-07,7.990016981955046e-07,1.4462418647793737e-06,3.6340372776770016e-23
quadrature,138.26801681868673,1.762858927265075e-14,6.487642423033389e-07,8.008831313186406e-07,1.4496473736219795e-06,3.6340372776770016e-23
quadrature,138.27036848359214,1.7545870881625937e-14,6.502917137503917e-07,8.02768756382026e-07,1.4530604701324178e-06,3.6340372776770016e-23
quadrature,138.27271985030507,1.7463551043984518e-14,6.518225871568426e-07,8.046585810786798e-07,1.4564811682355224e-06,3.6340372776770016e-23
quadrature,138.27507091750815,1.7381627837674326e-14,6.533568687565777e-07,8.065526131041777e-07,1.4599094818607555e-06,3.6340372776770016e-23
quadrature,138.2774216838788,1.7300099349903783e-14,6.548945647856209e-07,8.084508601567344e-07,1.4633454249423551e-06,3.6340372776770016e-23
quadrature,138.27977214808894,1.721896367710748e-14,6.56435681481868e-07,8.103533299368748e-07,1.4667890114187427e-06,3.6340372776770016e-23
quadrature,138.2821223088052,1.7138218924892255e-14,6.5798022508519e-07,8.122600301475629e-07,1.470240255232753e-06,3.6340372776770016e-23
quadrature,138.28447216468882,1.705786320799922e-14,6.595282018372391e-07,8.141709684939614e-07,1.4736991703312004e-06,3.6340372776770016e-23
quadrature,138.28682171439564,1.697789465025425e-14,6.610796179814785e-07,8.160861526834681e-07,1.4771657706649466e-06,3.6340372776770016e-23
quadrature,138.28917095657607,1.689831138452943e-14,6.626344797630047e-07,8.180055904254979e-07,1.4806400701885025e-06,3.6340372776770016e-23
quadrature,138.29151988987505,1.681911155269785e-14,6.641927934285008e-07,8.199292894314237e-07,1.4841220828599245e-06,3.6340372776770016e-23
quadrature,138.29386851293214,1.674029330558675e-14,6.657545652262275e-07,8.218572574145662e-07,1.4876118226407938e-06,3.6340372776770016e-23
quadrature,138.29621682438136,1.6661854802939516e-14,6.67319801405843e-07,8.237895020899711e-07,1.491109303495814e-06,3.6340372776770016e-23
quadrature,138.29856482285126,1.6583794213370172e-14,6.688885082183734e-07,8.257260311743728e-07,1.4946145393927463e-06,3.6340372776770016e-23
quadrature,138.30091250696495,1.6506109714318154e-14,6.704606919161845e-07,8.276668523861594e-07,1.498127544302344e-06,3.6340372776770016e-23
quadrature,138.30325987533993,1.6428799492010866e-14,6.720363587527977e-07,8.296119734451461e-07,1.5016483321979437e-06,3.6340372776770016e-23
quadrature,138.30560692658824,1.6351861741416927e-14,6.736155149828988e-07,8.315614020725847e-07,1.5051769170554834e-06,3.6340372776770016e-23
quadrature,138.3079536593163,1.6275294666207237e-14,6.751981668621916e-07,8.335151459909844e-07,1.508713312853176e-06,3.6340372776770016e-23
quadrature,138.31030007212502,1.619909647870964e-14,6.767843206473859e-07,8.35473212924096e-07,1.5122575335714818e-06,3.6340372776770016e-23
quadrature,138.31264616360968,1.6123265399870315e-14,6.783739825960503e-07,8.374356105967303e-07,1.5158095931927806e-06,3.6340372776770016e-23
quadrature,138.31499193236,1.6047799659210764e-14,6.799671589665591e-07,8.39402346734693e-07,1.519369505701252e-06,3.6340372776770016e-23
quadrature,138.31733737696,1.5972697494785873e-14,6.815638560180226e-07,8.413734290646981e-07,1.5229372850827207e-06,3.6340372776770016e-23
quadrature,138.31968249598822,1.589795715314316e-14,6.831640800101943e-07,8.43348865314254e-07,1.5265129453244483e-06,3.6340372776770016e-23
quadrature,138.32202728801738,1.5823576889283068e-14,6.847678372033597e-07,8.453286632115255e-07,1.5300965004148852e-06,3.6340372776770016e-23
quadrature,138.3243717516146,1.5749554966617644e-14,6.863751338582625e-07,8.473128304852433e-07,1.533687964343506e-06,3.6340372776770016e-23
quadrature,138.32671588534134,1.567588965692677e-14,6.879859762360899e-07,8.493013748646851e-07,1.537287351100775e-06,3.6340372776770016e-23
quadrature,138.32905968775333,1.5602579240323516e-14,6.8960037059826e-07,8.512943040794144e-07,1.5408946746776745e-06,3.6340372776770016e-23
quadrature,138.33140315740056,1.5529622005209858e-14,6.912183232064264e-07,8.532916258592845e-07,1.5445099490657109e-06,3.6340372776770016e-23
quadrature,138.33374629282733,1.5457016248237048e-14,6.928398403223814e-07,8.55293347934321e-07,1.5481331882567024e-06,3.6340372776770016e-23
quadrature,138.3360890925722,1.5384760274266232e-14,6.944649282079608e-07,8.572994780346021e-07,1.5517644062425629e-06,3.6340372776770016e-23
quadrature,138.33843155516786,1.5312852396331785e-14,6.960935931248879e-07,8.593100238900677e-07,1.5554036170149557e-06,3.6340372776770016e-23
quadrature,138.34077367914134,1.5241290935596166e-14,6.977258413348137e-07,8.613249932305689e-07,1.5590508345653826e-06,3.6340372776770016e-23
quadrature,138.34311546301382,1.5170074221314538e-14,6.993616790991409e-07,8.633443937856492e-07,1.56270607288479e-06,3.6340372776770016e-23
quadrature,138.3454569053006,1.509920059079696e-14,7.010011126789042e-07,8.653682332843986e-07,1.5663693459633026e-06,3.6340372776770016e-23
quadrature,138.34779800451128,1.502866838936471e-14,7.026441483347908e-07,8.67396519455478e-07,1.5700406677902689e-06,3.6340372776770016e-23
quadrature,138.35013875914944,1.4958475970317143e-14,7.042907923269207e-07,8.694292600268478e-07,1.5737200523537684e-06,3.6340372776770016e-23
quadrature,138.35247916771297,1.4888621694887593e-14,7.059410509148849e-07,8.714664627258159e-07,1.5774075136407008e-06,3.6340372776770016e-23
quadrature,138.35481922869374,1.4819103932210558e-14,7.075949303575263e-07,8.735081352787658e-07,1.5811030656362922e-06,3.6340372776770016e-23
quadrature,138.35715894057782,1.4749921059278866e-14,7.092524369129547e-07,8.755542854111772e-07,1.5848067223241319e-06,3.6340372776770016e-23
quadrature,138.35949830184526,1.4681071460910307e-14,7.109135768383465e-07,8.776049208473763e-07,1.588518497685723e-06,3.6340372776770016e-23
quadrature,138.36183731097026,1.4612553529706064e-14,7.125783563899398e-07,8.796600493105322e-07,1.592238405700472e-06,3.6340372776770016e-23
quadrature,138.36417596642104,1.454436566601435e-14,7.142467818229112e-07,8.817196785225026e-07,1.5959664603454138e-06,3.6340372776770016e-23
quadrature,138.36651426665986,1.447650627789422e-14,7.15918859391251e-07,8.837838162036812e-07,1.5997026755949322e-06,3.6340372776770016e-23
quadrature,138.368852210143,1.4408973781077064e-14,7.175945953476971e-07,8.858524700729158e-07,1.6034470654206128e-06,3.6340372776770016e-23
quadrature,138.37118979532073,1.434176659892912e-14,7.1927399594365e-07,8.879256478474026e-07,1.6071996437910527e-06,3.6340372776770016e-23
quadrature,138.3735270206373,1.427488316241746e-14,7.209570674290046e-07,8.900033572424801e-07,1.6109604246714847e-06,3.6340372776770016e-23
quadrature,138.37586388453096,1.4208321910070378e-14,7.226438160521244e-07,8.920856059715954e-07,1.6147294220237199e-06,3.6340372776770016e-23
quadrature,138.3782003854339,1.4142081287940489e-14,7.243342480597527e-07,8.94172401746196e-07,1.6185066498059486e-06,3.6340372776770016e-23
quadrature,138.38053652177226,1.4076159749571183e-14,7.260283696968436e-07,8.962637522755208e-07,1.6222921219723644e-06,3.6340372776770016e-23
quadrature,138.38287229196604,1.4010555755960022e-14,7.277261872064721e-07,8.983596652664884e-07,1.6260858524729604e-06,3.6340372776770016e-23
quadrature,138.3852076944292,1.3945267775520714e-14,7.294277068297845e-07,9.004601484236372e-07,1.6298878552534218e-06,3.6340372776770016e-23
quadrature,138.38754272756958,1.3880294284048503e-14,7.31132934805868e-07,9.025652094489632e-07,1.6336981442548313e-06,3.6340372776770016e-23
quadrature,138.38987738978886,1.3815633764685662e-14,7.328418773716177e-07,9.046748560417564e-07,1.6375167334133741e-06,3.6340372776770016e-23
quadrature,138.39221167948267,1.3751284707882482e-14,7.345545407617272e-07,9.067890958985894e-07,1.6413436366603166e-06,3.6340372776770016e-23
quadrature,138.39454559504037,1.368724561136705e-14,7.362709312084515e-07,9.089079367130237e-07,1.6451788679214753e-06,3.6340372776770016e-23
quadrature,138.3968791348452,1.3623514980106573e-14,7.379910549415966e-07,9.110313861755986e-07,1.649022441117195e-06,3.6340372776770016e-23
quadrature,138.39921229727415,1.3560091326274332e-14,7.397149181883618e-07,9.131594519736345e-07,1.6528743701619962e-06,3.6340372776770016e-23
quadrature,138.40154508069813,1.3496973169211423e-14,7.414425271733314e-07,9.152921417912243e-07,1.6567346689645557e-06,3.6340372776770016e-23
quadrature,138.40387748348166,1.3434159035398655e-14,7.431738881181885e-07,9.174294633088791e-07,1.6606033514270677e-06,3.6340372776770016e-23
quadrature,138.40620950398315,1.3371647458415537e-14,7.449090072417878e-07,9.195714242036186e-07,1.6644804314454063e-06,3.6340372776770016e-23
quadrature,138.4085411405547,1.3309436978909435e-14,7.46647890759954e-07,9.21718032148722e-07,1.668365922908676e-06,3.6340372776770016e-23
quadrature,138.4108723915421,1.3247526144561056e-14,7.48390544885384e-07,9.238692948136072e-07,1.6722598396989912e-06,3.6340372776770016e-23
quadrature,138.41320325528497,1.3185913510050078e-14,7.501369758275485e-07,9.260252198637098e-07,1.6761621956912584e-06,3.6340372776770016e-23
quadrature,138.41553373011652,1.3124597637020984e-14,7.518871897925952e-07,9.281858149603623e-07,1.6800730047529576e-06,3.6340372776770016e-23
quadrature,138.41786381436367,1.3063577094051294e-14,7.536411929831827e-07,9.303510877605914e-07,1.6839922807437742e-06,3.6340372776770016e-23
quadrature,138.420193506347,1.3002850456616198e-14,7.553989915984247e-07,9.325210459170465e-07,1.6879200375154711e-06,3.6340372776770016e-23
quadrature,138.42252280438078,1.2942416307055626e-14,7.571605918337677e-07,9.346956970778507e-07,1.6918562889116182e-06,3.6340372776770016e-23
quadrature,138.42485170677287,1.2882273234541473e-14,7.589259998808676e-07,9.368750488864471e-07,1.6958010487673146e-06,3.6340372776770016e-23
quadrature,138.42718021182475,1.2822419835045689e-14,7.606952219274446e-07,9.390591089814208e-07,1.6997543309088654e-06,3.6340372776770016e-23
quadrature,138.4295083178315,1.2762854711305615e-14,7.624682641572227e-07,9.412478849964233e-07,1.703716149153646e-06,3.6340372776770016e-23
quadrature,138.43183602308184,1.2703576472791678e-14,7.642451327498059e-07,9.434413845600204e-07,1.7076865173098263e-06,3.6340372776770016e-23
quadrature,138.434163325858,1.2644583735675976e-14,7.660258338805283e-07,9.456396152955066e-07,1.711665449176035e-06,3.6340372776770016e-23
quadrature,138.4364902244358,1.2585875122799534e-14,7.678103737203518e-07,9.47842584820779e-07,1.7156529585411308e-06,3.6340372776770016e-23
quadrature,138.43881671708456,1.2527449263639766e-14,7.695987584357566e-07,9.500503007482022e-07,1.7196490591839588e-06,3.6340372776770016e-23
quadrature,138.44114280206722,1.2469304794277341e-14,7.713909941886597e-07,9.52262770684508e-07,1.7236537648731676e-06,3.6340372776770016e-23
quadrature,138.4434684776401,1.2411440357368237e-14,7.731870871361745e-07,9.544800022304976e-07,1.7276670893666722e-06,3.6340372776770016e-23
quadrature,138.4457937420531,1.2353854602107356e-14,7.749870434306353e-07,9.567020029810729e-07,1.7316890464117081e-06,3.6340372776770016e-23
quadrature,138.4481185935496,1.2296546184199456e-14,7.76790869219399e-07,9.589287805249915e-07,1.7357196497443905e-06,3.6340372776770016e-23
quadrature,138.45044303036642,1.2239513765827365e-14,7.785985706447378e-07,9.611603424447337e-07,1.7397589130894714e-06,3.6340372776770016e-23
quadrature,138.4527670507338,1.2182756015621745e-14,7.804101538436827e-07,9.633966963163097e-07,1.7438068501599925e-06,3.6340372776770016e-23
quadrature,138.4550906528755,1.212627160862684e-14,7.822256249480019e-07,9.656378497092335e-07,1.7478634746572354e-06,3.6340372776770016e-23
quadrature,138.45741383500862,1.2070059226273339e-14,7.840449900839565e-07,9.678838101862198e-07,1.7519288002701762e-06,3.6340372776770016e-23
quadrature,138.45973659534374,1.2014117556344438e-14,7.858682553722759e-07,9.701345853031552e-07,1.756002840675431e-06,3.6340372776770016e-23
quadrature,138.46205893208472,1.1958445292948949e-14,7.87695426927911e-07,9.723901826087926e-07,1.7600856095367035e-06,3.6340372776770016e-23
quadrature,138.46438084342887,1.1903041136486325e-14,7.895265108600543e-07,9.746506096447768e-07,1.764177120504831e-06,3.6340372776770016e-23
quadrature,138.4667023275669,1.1847903793618022e-14,7.913615132719586e-07,9.769158739454192e-07,1.7682773872173778e-06,3.6340372776770016e-23
quadrature,138.4690233826828,1.1793031977239641e-14,7.932004402607304e-07,9.79185983037445e-07,1.7723864232981754e-06,3.6340372776770016e-23
quadrature,138.47134400695384,1.1738424406448459e-14,7.950432979172821e-07,9.814609444399316e-07,1.7765042423572137e-06,3.6340372776770016e-23
quadrature,138.47366419855078,1.1684079806511865e-14,7.968900923262593e-07,9.837407656642214e-07,1.780630857990481e-06,3.6340372776770016e-23
quadrature,138.4759839556375,1.1629996908842571e-14,7.987408295657434e-07,9.860254542135526e-07,1.7847662837792962e-06,3.6340372776770016e-23
quadrature,138.47830327637126,1.1576174450964646e-14,8.005955157072667e-07,9.883150175830794e-07,1.788910533290346e-06,3.6340372776770016e-23
quadrature,138.4806221589026,1.1522611176485028e-14,8.024541568156499e-07,9.9060946325967e-07,1.79306362007532e-06,3.6340372776770016e-23
quadrature,138.48294060137528,1.1469305835065815e-14,8.043167589488124e-07,9.929087987216738e-07,1.797225557670486e-06,3.6340372776770016e-23
quadrature,138.4852586019263,1.1416257182393414e-14,8.061833281576973e-07,9.952130314388272e-07,1.8013963595965245e-06,3.6340372776770016e-23
quadrature,138.48757615868593,1.136346398014917e-14,8.08053870486149e-07,9.975221688721046e-07,1.8055760393582536e-06,3.6340372776770016e-23
quadrature,138.48989326977764,1.1310924995982057e-14,8.099283919707233e-07,9.99836218473482e-07,1.8097646104442052e-06,3.6340372776770016e-23
quadrature,138.49220993331812,1.1258639003478286e-14,8.118068986406096e-07,1.0021551876858418e-06,1.8139620863264514e-06,3.6340372776770016e-23
quadrature,138.49452614741716,1.1206604782135548e-14,8.136893965173908e-07,1.004479083942677e-06,1.8181684804600679e-06,3.6340372776770016e-23
quadrature,138.49684191017786,1.115482111732908e-14,8.155758916151035e-07,1.0068079146681643e-06,1.8223838062832678e-06,3.6340372776770016e-23
quadrature,138.4991572196964,1.1103286800288727e-14,8.174663899399057e-07,1.0091416872767544e-06,1.82660807721666e-06,3.6340372776770016e-23
quadrature,138.50147207406212,1.1052000628067869e-14,8.193608974900409e-07,1.011480409173128e-06,1.8308413066631688e-06,3.6340372776770016e-23
quadrature,138.50378647135744,1.1000961403517519e-14,8.212594202556188e-07,1.0138240877519249e-06,1.8350835080075438e-06,3.6340372776770016e-23
quadrature,138.50610040965802,1.0950167935254312e-14,8.23161964218627e-07,1.0161727303977583e-06,1.8393346946163852e-06,3.6340372776770016e-23
quadrature,138.50841388703253,1.0899619037636767e-14,8.250685353526392e-07,1.0185263444848545e-06,1.8435948798374938e-06,3.6340372776770016e-23
quadrature,138.51072690154277,1.0849313530736045e-14,8.269791396227321e-07,1.0208849373769503e-06,1.8478640769996825e-06,3.6340372776770016e-23
quadrature,138.5130394512436,1.0799250240308096e-14,8.288937829853544e-07,1.0232485164271325e-06,1.8521422994124869e-06,3.6340372776770016e-23
quadrature,138.51535153418297,1.074942799776657e-14,8.308124713881728e-07,1.0256170889776456e-06,1.8564295603658183e-06,3.6340372776770016e-23
quadrature,138.51766314840188,1.0699845640155245e-14,8.327352107699403e-07,1.0279906623597302e-06,1.8607258731296703e-06,3.6340372776770016e-23
quadrature,138.51997429193432,1.0650502010122401e-14,8.346620070602904e-07,1.0303692438933703e-06,1.8650312509536608e-06,3.6340372776770016e-23
quadrature,138.5222849628074,1.060139595589048e-14,8.365928661797248e-07,1.032752840887276e-06,1.8693457070670009e-06,3.6340372776770016e-23
quadrature,138.52459515904113,1.0552526331233155e-14,8.385277940393106e-07,1.0351414606385111e-06,1.8736692546778218e-06,3.6340372776770016e-23
quadrature,138.52690487864862,1.0503891995445257e-14,8.404667965406649e-07,1.0375351104324731e-06,1.878001906973138e-06,3.6340372776770016e-23
quadrature,138.52921411963592,1.0455491813318285e-14,8.42409879575723e-07,1.039933797542608e-06,1.8823436771183308e-06,3.6340372776770016e-23
quadrature,138.5315228800021,1.040732465511242e-14,8.443570490266499e-07,1.0423375292303005e-06,1.8866945782569505e-06,3.6340372776770016e-23
quadrature,138.5338311577391,1.0359389396531674e-14,8.463083107656294e-07,1.0447463127446135e-06,1.8910546235102431e-06,3.6340372776770016e-23
quadrature,138.53613895083188,1.0311684918696173e-14,8.48263670654775e-07,1.047160155322179e-06,1.895423825976954e-06,3.6340372776770016e-23
quadrature,138.53844625725836,1.026421010811696e-14,8.502231345459413e-07,1.049579064186964e-06,1.8998021987329054e-06,3.6340372776770016e-23
quadrature,138.54075307498934,1.0216963856669155e-14,8.521867082806089e-07,1.0520030465501296e-06,1.9041897548307384e-06,3.6340372776770016e-23
quadrature,138.54305940198853,1.0169945061567564e-14,8.541543976896702e-07,1.054432109609765e-06,1.908586507299435e-06,3.6340372776770016e-23
quadrature,138.5453652362126,1.0123152625338371e-14,8.561262085933839e-07,1.056866260550834e-06,1.9129924691442178e-06,3.6340372776770016e-23
quadrature,138.54767057561102,1.0076585455797299e-14,8.58102146801064e-07,1.0593055065447877e-06,1.9174076533458518e-06,3.6340372776770016e-23
quadrature,138.54997541812622,1.0030242466019837e-14,8.600822181111051e-07,1.0617498547495991e-06,1.9218320728607043e-06,3.6340372776770016e-23
quadrature,138.55227976169346,9.984122574319065e-15,8.62066428310692e-07,1.0641993123094016e-06,1.9262657406200937e-06,3.6340372776770016e-23
quadrature,138.55458360424083,9.938224704219013e-15,8.64054783175704e-07,1.0666538863543733e-06,1.9307086695300775e-06,3.6340372776770016e-23
quadrature,138.5568869436893,9.892547784429858e-15,8.660472884705434e-07,1.0691135840005237e-06,1.935160872471067e-06,3.6340372776770016e-23
quadrature,138.5591897779527,9.847090748822114e-15,8.680439499480146e-07,1.0715784123495447e-06,1.9396223622975593e-06,3.6340372776770016e-23
quadrature,138.56149210493757,9.801852536403773e-15,8.700447733490764e-07,1.0740483784885057e-06,1.944093151837582e-06,3.6340372776770016e-23
quadrature,138.5637939225434,9.756832091292493e-15,8.720497644028174e-07,1.0765234894898224e-06,1.94857325389264e-06,3.6340372776770016e-23
quadrature,138.56609522866236,9.712028362694076e-15,8.740589288261581e-07,1.0790037524108896e-06,1.9530626812370477e-06,3.6340372776770016e-23
quadrature,138.56839602117947,9.667440304876047e-15,8.760722723237757e-07,1.0814891742939872e-06,1.957561446617763e-06,3.6340372776770016e-23
quadrature,138.5706962979725,9.623066877143567e-15,8.780898005879274e-07,1.083979762166064e-06,1.9620695627539916e-06,3.6340372776770016e-23
quadrature,138.572996056912,9.578907043814947e-15,8.801115192982981e-07,1.0864755230385476e-06,1.9665870423368457e-06,3.6340372776770016e-23
quadrature,138.57529529586125,9.53495977419833e-15,8.82137434121799e-07,1.0889764639070975e-06,1.9711138980288964e-06,3.6340372776770016e-23
quadrature,138.57759401267634,9.491224042566349e-15,8.841675507124627e-07,1.0914825917514746e-06,1.975650142463937e-06,3.6340372776770016e-23
quadrature,138.579892205206,9.447698828134129e-15,8.862018747111892e-07,1.0939939135352281e-06,1.9801957882464172e-06,3.6340372776770016e-23
quadrature,138.58218987129175,9.404383115032572e-15,8.882404117457155e-07,1.0965104362056579e-06,1.984750847951373e-06,3.6340372776770016e-23
quadrature,138.58448700876778,9.361275892287658e-15,8.90283167430309e-07,1.0990321666934352e-06,1.9893153341237444e-06,3.6340372776770016e-23
quadrature,138.58678361546103,9.318376153794516e-15,8.923301473657111e-07,1.101559111912535e-06,1.9938892592782463e-06,3.6340372776770016e-23
quadrature,138.5890796891911,9.275682898295343e-15,8.94381357138903e-07,1.1040912787599447e-06,1.9984726358988476e-06,3.6340372776770016e-23
quadrature,138.59137522777027,9.233195129355311e-15,8.964368023229731e-07,1.1066286741155016e-06,2.0030654764384747e-06,3.6340372776770016e-23
quadrature,138.5936702290035,9.190911855340167e-15,8.984964884769055e-07,1.1091713048416316e-06,2.007667793318537e-06,3.6340372776770016e-23
quadrature,138.59596469068842,9.148832089391341e-15,9.005604211454968e-07,1.111719177783247e-06,2.0122795989287438e-06,3.6340372776770016e-23
quadrature,138.5982586106153,9.106954849405345e-15,9.026286058590658e-07,1.114272299767387e-06,2.0169009056264528e-06,3.6340372776770016e-23
quadrature,138.60055198656707,9.065279158008051e-15,9.04701048133422e-07,1.1168306776031792e-06,2.0215317257366013e-06,3.6340372776770016e-23
quadrature,138.6028448163193,9.02380404253433e-15,9.067777534695697e-07,1.1193943180814754e-06,2.026172071551045e-06,3.6340372776770016e-23
quadrature,138.60513709764015,8.982528535004623e-15,9.088587273535747e-07,1.121963227974686e-06,2.0308219553282607e-06,3.6340372776770016e-23
quadrature,138.6074288282905,8.941451672100156e-15,9.109439752564991e-07,1.1245374140366992e-06,2.0354813892931983e-06,3.6340372776770016e-23
quadrature,138.60972000602365,8.900572495145394e-15,9.130335026339792e-07,1.1271168830023604e-06,2.0401503856363397e-06,3.6340372776770016e-23
quadrature,138.6120106285857,8.859890050079896e-15,9.151273149263417e-07,1.1297016415876165e-06,2.0448289565139583e-06,3.6340372776770016e-23
quadrature,138.61430069371522,8.819403387439961e-15,9.172254175582311e-07,1.1322916964890545e-06,2.0495171140472857e-06,3.6340372776770016e-23
quadrature,138.61659019914342,8.779111562335295e-15,9.193278159384918e-07,1.1348870543837567e-06,2.0542148703222487e-06,3.6340372776770016e-23
quadrature,138.61887914259407,8.739013634426313e-15,9.214345154600258e-07,1.1374877219291248e-06,2.0589222373891506e-06,3.6340372776770016e-23
quadrature,138.62116752178346,8.699108667904022e-15,9.235455214995174e-07,1.1400937057625404e-06,2.0636392272620577e-06,3.6340372776770016e-23
quadrature,138.62345533442053,8.659395731465569e-15,9.256608394173938e-07,1.1427050125013159e-06,2.0683658519187096e-06,3.6340372776770016e-23
quadrature,138.6257425782067,8.619873898294342e-15,9.277804745575478e-07,1.1453216487423526e-06,2.0731021232999004e-06,3.6340372776770016e-23
quadrature,138.62802925083597,8.58054224603869e-15,9.299044322471397e-07,1.1479436210618957e-06,2.0778480533090353e-06,3.6340372776770016e-23
quadrature,138.63031534999487,8.541399856787813e-15,9.320327177965551e-07,1.1505709360154824e-06,2.0826036538120376e-06,3.6340372776770016e-23
quadrature,138.63260087336243,8.50244581705411e-15,9.341653364990182e-07,1.1532036001374651e-06,2.0873689366364835e-06,3.6340372776770016e-23
quadrature,138.6348858186103,8.463679217747846e-15,9.363022936306304e-07,1.1558416199410582e-06,2.0921439135716886e-06,3.6340372776770016e-23
quadrature,138.63717018340247,8.425099154159694e-15,9.3844359444998e-07,1.1584850019178567e-06,2.0969285963678365e-06,3.6340372776770016e-23
quadrature,138.6394539653956,8.386704725937066e-15,9.40589244198099e-07,1.1611337525377823e-06,2.101722996735881e-06,3.6340372776770016e-23
quadrature,138.6417371622388,8.34849503706348e-15,9.427392480982584e-07,1.1637878782488319e-06,2.1065271263470904e-06,3.6340372776770016e-23
quadrature,138.64401977157365,8.310469195838491e-15,9.448936113557358e-07,1.1664473854767898e-06,2.1113409968325255e-06,3.6340372776770016e-23
quadrature,138.6463017910343,8.272626314855823e-15,9.470523391576898e-07,1.1691122806250727e-06,2.1161646197827625e-06,3.6340372776770016e-23
quadrature,138.6485832182472,8.234965510984901e-15,9.492154366728451e-07,1.171782570074341e-06,2.120998006747186e-06,3.6340372776770016e-23
quadrature,138.65086405083153,8.197485905346379e-15,9.513829090515254e-07,1.1744582601825398e-06,2.125841169234065e-06,3.6340372776770016e-23
quadrature,138.65314428639877,8.160186623294818e-15,9.535547614252841e-07,1.1771393572844424e-06,2.1306941187097266e-06,3.6340372776770016e-23
quadrature,138.65542392255287,8.123066794398166e-15,9.557309989067191e-07,1.1798258676914229e-06,2.135556866598142e-06,3.6340372776770016e-23
quadrature,138.65770295689032,8.086125552415027e-15,9.579116265894265e-07,1.182517797691397e-06,2.1404294242808235e-06,3.6340372776770016e-23
quadrature,138.65998138700002,8.049362035276682e-15,9.600966495476777e-07,1.1852151535484252e-06,2.145311803096103e-06,3.6340372776770016e-23
quadrature,138.6622592104633,8.012775385066411e-15,9.622860728362625e-07,1.1879179415025182e-06,2.1502040143387807e-06,3.6340372776770016e-23
quadrature,138.664536424854,7.976364747998929e-15,9.644799014903286e-07,1.1906261677694393e-06,2.155106069259768e-06,3.6340372776770016e-23
quadrature,138.6668130277383,7.940129274401302e-15,9.666781405251406e-07,1.1933398385404061e-06,2.160017979065547e-06,3.6340372776770016e-23
quadrature,138.66908901667495,7.904068118691678e-15,9.688807949359728e-07,1.1960589599819593e-06,2.1649397549179324e-06,3.6340372776770016e-23
quadrature,138.671364389215,7.868180439361745e-15,9.710878696977822e-07,1.1987835382355584e-06,2.169871407933341e-06,3.6340372776770016e-23
quadrature,138.67363914290203,7.832465398954763e-15,9.732993697651583e-07,1.201513579417519e-06,2.1748129491826772e-06,3.6340372776770016e-23
quadrature,138.67591327527197,7.796922164048203e-15,9.755153000719906e-07,1.2042490896186035e-06,2.179764389690594e-06,3.6340372776770016e-23
quadrature,138.6781867838532,7.761549905232442e-15,9.77735665531391e-07,1.2069900749039254e-06,2.1847257404353167e-06,3.6340372776770016e-23
quadrature,138.6804596661665,7.726347797092246e-15,9.799604710354428e-07,1.209736541312638e-06,2.1896970123480807e-06,3.6340372776770016e-23
quadrature,138.68273191972514,7.691315018187456e-15,9.821897214550091e-07,1.2124884948576992e-06,2.194678216312708e-06,3.6340372776770016e-23
quadrature,138.68500354203465,7.656450751034631e-15,9.8442342163948e-07,1.2152459415255593e-06,2.199669363165039e-06,3.6340372776770016e-23
quadrature,138.68727453059313,7.6217541820853e-15,9.866615764167482e-07,1.21800888727613e-06,2.204670463692878e-06,3.6340372776770016e-23
quadrature,138.68954488289094,7.58722450171087e-15,9.889041905927578e-07,1.2207773380422286e-06,2.2096815286349864e-06,3.6340372776770016e-23
quadrature,138.69181459641095,7.552860904180192e-15,9.911512689515337e-07,1.2235512997296137e-06,2.214702568681147e-06,3.6340372776770016e-23
quadrature,138.69408366862837,7.518662587642904e-15,9.934028162548412e-07,1.2263307782165644e-06,2.219733594471406e-06,3.6340372776770016e-23
quadrature,138.69635209701082,7.48462875410981e-15,9.95658837242046e-07,1.2291157793537082e-06,2.2247746165957544e-06,3.6340372776770016e-23
quadrature,138.6986198790183,7.450758609434661e-15,9.979193366298838e-07,1.2319063089637374e-06,2.2298256455936214e-06,3.6340372776770016e-23
quadrature,138.70088701210327,7.417051363295163e-15,1.0001843191122892e-06,1.234702372841195e-06,2.234886691953484e-06,3.6340372776770016e-23
quadrature,138.7031534937105,7.383506229174945e-15,1.002453789360166e-06,1.237503976752195e-06,2.2399577661123607e-06,3.6340372776770016e-23
quadrature,138.7054193212771,7.350122424346008e-15,1.0047277520211275e-06,1.2403111264340992e-06,2.2450388784552267e-06,3.6340372776770016e-23
quadrature,138.70768449223277,7.316899169847517e-15,1.0070062117194931e-06,1.243123827595513e-06,2.250130039315006e-06,3.6340372776770016e-23
quadrature,138.70994900399938,7.283835690471783e-15,1.0092891730557996e-06,1.2459420859156836e-06,2.2552312589714834e-06,3.6340372776770016e-23
quadrature,138.71221285399133,7.250931214742427e-15,1.0115766406068512e-06,1.2487659070445606e-06,2.2603425476514116e-06,3.6340372776770016e-23
quadrature,138.71447603961536,7.218184974898425e-15,1.0138686189253742e-06,1.2515952966023697e-06,2.265463915527744e-06,3.6340372776770016e-23
quadrature,138.71673855827052,7.185596206877027e-15,1.0161651125397501e-06,1.2544302601792846e-06,2.270595372719035e-06,3.6340372776770016e-23
quadrature,138.71900040734837,7.15316415029262e-15,1.0184661259540392e-06,1.2572708033354535e-06,2.2757369292894927e-06,3.6340372776770016e-23
quadrature,138.72126158423282,7.120888048421884e-15,1.0207716636475707e-06,1.2601169316004967e-06,2.2808885952480674e-06,3.6340372776770016e-23
quadrature,138.72352208630008,7.088767148186105e-15,1.0230817300747341e-06,1.262968650473245e-06,2.286050380547979e-06,3.6340372776770016e-23
quadrature,138.72578191091887,7.056800700131197e-15,1.025396329664941e-06,1.2658259654216959e-06,2.291222295086637e-06,3.6340372776770016e-23
quadrature,138.72804105545018,7.024987958413445e-15,1.027715466822186e-06,1.2686888818824697e-06,2.2964043487046554e-06,3.6340372776770016e-23
quadrature,138.7302995172475,6.993328180778912e-15,1.0300391459250613e-06,1.2715574052608288e-06,2.3015965511858903e-06,3.6340372776770016e-23
quadrature,138.73255729365664,6.9618206285481385e-15,1.0323673713264064e-06,1.2744315409302434e-06,2.3067989122566497e-06,3.6340372776770016e-23
quadrature,138.7348143820158,6.9304645665993194e-15,1.0347001473530588e-06,1.277311294232086e-06,2.312011441585145e-06,3.6340372776770016e-23
quadrature,138.7370707796556,6.899259263349189e-15,1.0370374783057899e-06,1.2801966704755506e-06,2.3172341487813407e-06,3.6340372776770016e-23
quadrature,138.73932648389902,6.8682039907375675e-15,1.0393793684589719e-06,1.2830876749372418e-06,2.322467043396214e-06,3.6340372776770016e-23
quadrature,138.7415814920615,6.837298024209229e-15,1.0417258220604491e-06,1.2859843128610167e-06,2.327710134921466e-06,3.6340372776770016e-23
quadrature,138.7438358014508,6.806540642698195e-15,1.0440768433312346e-06,1.2888865894576096e-06,2.332963432788844e-06,3.6340372776770016e-23
quadrature,138.74608940936716,6.775931128610174e-15,1.0464324364653497e-06,1.2917945099044348e-06,2.3382269463697845e-06,3.6340372776770016e-23
quadrature,138.74834231310317,6.7454687678054755e-15,1.0487926056296375e-06,1.2947080793453547e-06,2.343500684974992e-06,3.6340372776770016e-23
quadrature,138.75059450994382,6.715152849583543e-15,1.0511573549634537e-06,1.2976273028902996e-06,2.3487846578537533e-06,3.6340372776770016e-23
quadrature,138.75284599716656,6.684982666665268e-15,1.0535266885785353e-06,1.300552185615106e-06,2.3540788741936413e-06,3.6340372776770016e-23
quadrature,138.7550967720412,6.65495751517693e-15,1.0559006105587497e-06,1.303482732561205e-06,2.3593833431199547e-06,3.6340372776770016e-23
quadrature,138.75734683183003,6.625076694633814e-15,1.0582791249598766e-06,1.3064189487353544e-06,2.3646980736952308e-06,3.6340372776770016e-23
quadrature,138.7595961737877,6.5953395079235584e-15,1.0606622358094096e-06,1.3093608391093944e-06,2.370023074918804e-06,3.6340372776770016e-23
quadrature,138.76184479516135,6.5657452612903294e-15,1.0630499471063086e-06,1.3123084086199395e-06,2.375358355726248e-06,3.6340372776770016e-23
quadrature,138.7640926931905,6.5362932643183135e-15,1.0654422628208022e-06,1.3152616621681377e-06,2.38070392498894e-06,3.6340372776770016e-23
quadrature,138.76633986510708,6.506982829916055e-15,1.067839186894135e-06,1.318220604619356e-06,2.3860597915134907e-06,3.6340372776770016e-23
quadrature,138.76858630813558,6.477813274299385e-15,1.0702407232384313e-06,1.3211852408030133e-06,2.3914259640414443e-06,3.6340372776770016e-23
quadrature,138.77083201949284,6.44878391697665e-15,1.0726468757363778e-06,1.324155575512189e-06,2.3968024512485667e-06,3.6340372776770016e-23
quadrature,138.77307699638817,6.419894080732547e-15,1.0750576482410279e-06,1.32713161350338e-06,2.402189261744408e-06,3.6340372776770016e-23
quadrature,138.77532123602336,6.391143091611662e-15,1.0774730445756337e-06,1.3301133594962955e-06,2.407586404071929e-06,3.6340372776770016e-23
quadrature,138.77756473559265,6.362530278903573e-15,1.0798930685333564e-06,1.3331008181734965e-06,2.412993886706853e-06,3.6340372776770016e-23
quadrature,138.77980749228274,6.334054975126915e-15,1.0823177238770666e-06,1.3360939941801531e-06,2.4184117180572196e-06,3.6340372776770016e-23
quadrature,138.78204950327282,6.305716516013901e-15,1.0847470143391156e-06,1.339092892123759e-06,2.423839906462875e-06,3.6340372776770016e-23
quadrature,138.7842907657346,6.2775142404938385e-15,1.0871809436211949e-06,1.3420975165739583e-06,2.429278460195153e-06,3.6340372776770016e-23
quadrature,138.78653127683222,6.249447490679602e-15,1.0896195153939507e-06,1.3451078720620723e-06,2.434727387456023e-06,3.6340372776770016e-23
quadrature,138.78877103372238,6.221515611850591e-15,1.092062733296907e-06,1.3481239630810014e-06,2.4401866963779084e-06,3.6340372776770016e-23
quadrature,138.79101003355427,6.193717952438279e-15,1.094510600938168e-06,1.3511457940848593e-06,2.445656395023027e-06,3.6340372776770016e-23
quadrature,138.79324827346954,6.1660538640114604e-15,1.0969631218941547e-06,1.354173369488648e-06,2.4511364913828026e-06,3.6340372776770016e-23
quadrature,138.79548575060244,6.138522701259828e-15,1.0994202997094929e-06,1.3572066936681188e-06,2.4566269933776114e-06,3.6340372776770016e-23
quadrature,138.79772246207975,6.1111238219793915e-15,1.1018821378967475e-06,1.3602457709594447e-06,2.4621279088561925e-06,3.6340372776770016e-23
quadrature,138.79995840502076,6.083856587058305e-15,1.1043486399361242e-06,1.3632906056588517e-06,2.467639245594976e-06,3.6340372776770016e-23
quadrature,138.8021935765373,6.056720360461724e-15,1.1068198092752606e-06,1.3663412020223622e-06,2.473161011297623e-06,3.6340372776770016e-23
quadrature,138.8044279737338,6.029714509215702e-15,1.109295649329118e-06,1.3693975642656598e-06,2.478693213594778e-06,3.6340372776770016e-23
quadrature,138.80666159370725,6.002838403393943e-15,1.111776163479613e-06,1.3724596965636353e-06,2.484235860043248e-06,3.6340372776770016e-23
quadrature,138.8088944335472,5.9760914161025374e-15,1.1142613550754448e-06,1.3755276030501736e-06,2.4897889581256186e-06,3.6340372776770016e-23
quadrature,138.81112649033585,5.949472923465129e-15,1.1167512274318829e-06,1.3786012878178916e-06,2.4953525152497744e-06,3.6340372776770016e-23
quadrature,138.81335776114793,5.9229823046088404e-15,1.1192457838304976e-06,1.3816807549178052e-06,2.5009265387483028e-06,3.6340372776770016e-23
quadrature,138.81558824305085,5.8966189416489096e-15,1.1217450275190135e-06,1.3847660083591485e-06,2.5065110358781622e-06,3.6340372776770016e-23
quadrature,138.81781793310458,5.870382219676104e-15,1.1242489617109059e-06,1.3878570521088763e-06,2.512106013819782e-06,3.6340372776770016e-23
quadrature,138.8200468283618,5.844271526739831e-15,1.1267575895854153e-06,1.3909538900916809e-06,2.517711479677096e-06,3.6340372776770016e-23
quadrature,138.82227492586776,5.818286253836355e-15,1.1292709142870788e-06,1.3940565261894137e-06,2.5233274404764925e-06,3.6340372776770016e-23
quadrature,138.82450222266044,5.792425794892743e-15,1.1317889389256787e-06,1.3971649642410235e-06,2.528953903166702e-06,3.6340372776770016e-23
quadrature,138.82672871577049,5.766689546753542e-15,1.1343116665759327e-06,1.4002792080421712e-06,2.534590874618104e-06,3.6340372776770016e-23
quadrature,138.82895440222117,5.741076909167201e-15,1.1368391002772163e-06,1.4033992613448897e-06,2.540238361622106e-06,3.6340372776770016e-23
quadrature,138.83117927902853,5.7155872847709045e-15,1.1393712430334445e-06,1.4065251278574368e-06,2.5458963708908815e-06,3.6340372776770016e-23
quadrature,138.83340334320133,5.690220079077143e-15,1.141908097812795e-06,1.4096568112439524e-06,2.5515649090567473e-06,3.6340372776770016e-23
quadrature,138.83562659174095,5.664974700460974e-15,1.14444966754736e-06,1.4127943151240311e-06,2.5572439826713913e-06,3.6340372776770016e-23
quadrature,138.83784902164166,5.639850560143807e-15,1.1469959551331598e-06,1.4159376430727372e-06,2.562933598205897e-06,3.6340372776770016e-23
quadrature,138.8400706298904,5.6148470721821e-15,1.1495469634296655e-06,1.4190867986200155e-06,2.5686337620496807e-06,3.6340372776770016e-23
quadrature,138.84229141346685,5.589963653452577e-15,1.1521026952596782e-06,1.422241785250543e-06,2.5743444805102214e-06,3.6340372776770016e-23
quadrature,138.84451136934356,5.565199723638482e-15,1.1546631534091146e-06,1.4254026064034637e-06,2.5800657598125783e-06,3.6340372776770016e-23
quadrature,138.84673049448585,5.540554705216236e-15,1.1572283406267527e-06,1.4285692654720747e-06,2.5857976060988274e-06,3.6340372776770016e-23
quadrature,138.84894878585186,5.516028023442142e-15,1.1597982596239827e-06,1.4317417658035196e-06,2.591540025427502e-06,3.6340372776770016e-23
quadrature,138.85116624039253,5.4916191063391695e-15,1.1623729130745524e-06,1.4349201106984722e-06,2.5972930237730246e-06,3.6340372776770016e-23
quadrature,138.8533828550517,5.467327384682859e-15,1.1649523036144163e-06,1.438104303410952e-06,2.603056607025368e-06,3.6340372776770016e-23
quadrature,138.85559862676607,5.443152291988863e-15,1.1675364338414133e-06,1.4412943471479263e-06,2.6088307809893397e-06,3.6340372776770016e-23
quadrature,138.85781355246513,5.41909326449993e-15,1.1701253063150144e-06,1.4444902450689972e-06,2.614615551384012e-06,3.6340372776770016e-23
quadrature,138.86002762907142,5.395149741171087e-15,1.1727189235562664e-06,1.4476920002863333e-06,2.6204109238426e-06,3.6340372776770016e-23
quadrature,138.8622408535003,5.371321163658622e-15,1.1753172880473367e-06,1.450899615864108e-06,2.6262169039114447e-06,3.6340372776770016e-23
quadrature,138.86445322266013,5.3476069763057225e-15,1.1779204022314256e-06,1.454113094818391e-06,2.6320334970498164e-06,3.6340372776770016e-23
quadrature,138.86666473345215,5.324006626130331e-15,1.1805282685124418e-06,1.4573324401167467e-06,2.6378607086291887e-06,3.6340372776770016e-23
quadrature,138.86887538277063,5.300519562811853e-15,1.1831408892548126e-06,1.4605576546780013e-06,2.643698543932814e-06,3.6340372776770016e-23
quadrature,138.8710851675028,5.277145238678228e-15,1.1857582667832613e-06,1.4637887413719669e-06,2.649547008155228e-06,3.6340372776770016e-23
quadrature,138.87329408452896,5.25388310869308e-15,1.1883804033825805e-06,1.4670257030191627e-06,2.6554061064017434e-06,3.6340372776770016e-23
quadrature,138.87550213072237,5.230732630444118e-15,1.191007301297274e-06,1.4702685423903722e-06,2.6612758436876463e-06,3.6340372776770016e-23
quadrature,138.8777093029494,5.207693264128612e-15,1.1936389627315347e-06,1.4735172622066158e-06,2.6671562249381505e-06,3.6340372776770016e-23
quadrature,138.87991559806946,5.1847644725425266e-15,1.1962753898488124e-06,1.4767718651386183e-06,2.6730472549874305e-06,3.6340372776770016e-23
quadrature,138.88212101293504,5.161945721067321e-15,1.1989165847716596e-06,1.480032353806617e-06,2.6789489385782763e-06,3.6340372776770016e-23
quadrature,138.88432554439183,5.139236477656828e-15,1.2015625495815697e-06,1.4832987307801632e-06,2.684861280361733e-06,3.6340372776770016e-23
quadrature,138.88652918927852,5.116636212826553e-15,1.2042132863185475e-06,1.4865709985775913e-06,2.6907842848961387e-06,3.6340372776770016e-23
quadrature,138.88873194442712,5.0941443996389245e-15,1.206868796981152e-06,1.4898491596660727e-06,2.6967179566472245e-06,3.6340372776770016e-23
quadrature,138.89093380666264,5.071760513694155e-15,1.2095290835258965e-06,1.4931332164608727e-06,2.7026622999867694e-06,3.6340372776770016e-23
quadrature,138.8931347728035,5.049484033114198e-15,1.2121941478674607e-06,1.4964231713256163e-06,2.708617319193077e-06,3.6340372776770016e-23
quadrature,138.89533483966116,5.027314438534576e-15,1.2148639918779845e-06,1.4997190265714129e-06,2.7145830184493974e-06,3.6340372776770016e-23
quadrature,138.8975340040404,5.005251213089338e-15,1.2175386173871824e-06,1.5030207844569987e-06,2.7205594018441813e-06,3.6340372776770016e-23
quadrature,138.89973226273935,4.983293842399851e-15,1.2202180261820095e-06,1.506328447188325e-06,2.7265464733703346e-06,3.6340372776770016e-23
quadrature,138.9019296125493,4.961441814563616e-15,1.2229022200063286e-06,1.509642016918146e-06,2.7325442369244747e-06,3.6340372776770016e-23
quadrature,138.90412605025497,4.939694620141443e-15,1.2255912005607835e-06,1.5129614957458647e-06,2.7385526963066482e-06,3.6340372776770016e-23
quadrature,138.90632157263437,4.918051752145846e-15,1.2282849695025347e-06,1.5162868857172033e-06,2.7445718552197377e-06,3.6340372776770016e-23
quadrature,138.90851617645887,4.8965127060294626e-15,1.2309835284449902e-06,1.5196181888238735e-06,2.7506017172688637e-06,3.6340372776770016e-23
quadrature,138.91070985849333,4.875076979672446e-15,1.2336868789576838e-06,1.5229554070034256e-06,2.7566422859611096e-06,3.6340372776770016e-23
quadrature,138.91290261549597,4.853744073371858e-15,1.2363950225659e-06,1.5262985421387843e-06,2.7626935647046846e-06,3.6340372776770016e-23
quadrature,138.9150944442184,4.83251348983e-15,1.239107960750443e-06,1.5296475960579659e-06,2.768755556808409e-06,3.6340372776770016e-23
quadrature,138.9172853414058,4.811384734141702e-15,1.241825694947545e-06,1.533002570533962e-06,2.774828265481507e-06,3.6340372776770016e-23
quadrature,138.91947530379682,4.790357313783894e-15,1.2445482265484923e-06,1.5363634672842811e-06,2.7809116938327735e-06,3.6340372776770016e-23
quadrature,138.92166432812363,4.769430738603569e-15,1.2472755568994638e-06,1.5397302879707473e-06,2.787005844870211e-06,3.6340372776770016e-23
quadrature,138.92385241111197,4.748604520806634e-15,1.2500076873012616e-06,1.543103034199168e-06,2.79311072150043e-06,3.6340372776770016e-23
quadrature,138.92603954948117,4.727878174946272e-15,1.2527446190091137e-06,1.5464817075190901e-06,2.799226326528204e-06,3.6340372776770016e-23
quadrature,138.9282257399442,4.707251217911912e-15,1.255486353232405e-06,1.5498663094234693e-06,2.8053526626558744e-06,3.6340372776770016e-23
quadrature,138.9304109792076,4.686723168917981e-15,1.258232891134442e-06,1.5532568413483781e-06,2.81148973248282e-06,3.6340372776770016e-23
quadrature,138.93259526397165,4.666293549492706e-15,1.2609842338322196e-06,1.5566533046727185e-06,2.817637538504938e-06,3.6340372776770016e-23
quadrature,138.9347785909303,4.645961883466459e-15,1.2637403823962586e-06,1.5600557007180215e-06,2.82379608311428e-06,3.6340372776770016e-23
quadrature,138.9369609567713,4.625727696961212e-15,1.2665013378502976e-06,1.5634640307480668e-06,2.8299653685983646e-06,3.6340372776770016e-23
quadrature,138.939142358176,4.605590518379782e-15,1.2692671011710257e-06,1.5668782959685524e-06,2.8361453971395784e-06,3.6340372776770016e-23
quadrature,138.94132279181974,4.585549878394079e-15,1.272037673287951e-06,1.5702984975269326e-06,2.8423361708148834e-06,3.6340372776770016e-23
quadrature,138.94350225437157,4.565605309934469e-15,1.2748130550831328e-06,1.5737246365120874e-06,2.84853769159522e-06,3.6340372776770016e-23
quadrature,138.9456807424944,4.545756348179189e-15,1.2775932473909078e-06,1.577156713953985e-06,2.8547499613448926e-06,3.6340372776770016e-23
quadrature,138.9478582528451,4.526002530543034e-15,1.2803782509977287e-06,1.5805947308234805e-06,2.8609729818212094e-06,3.6340372776770016e-23
quadrature,138.9500347820744,4.506343396666884e-15,1.2831680666418905e-06,1.5840386880319812e-06,2.867206754673872e-06,3.6340372776770016e-23
quadrature,138.95221032682696,4.486778488407533e-15,1.2859626950132245e-06,1.587488586431066e-06,2.8734512814442903e-06,3.6340372776770016e-23
quadrature,138.95438488374154,4.467307349825275e-15,1.2887621367531139e-06,1.590944426812507e-06,2.8797065635656206e-06,3.6340372776770016e-23
quadrature,138.95655844945077,4.447929527175889e-15,1.2915663924538944e-06,1.594406209907527e-06,2.8859726023614217e-06,3.6340372776770016e-23
quadrature,138.95873102058147,4.42864456889732e-15,1.2943754626590217e-06,1.5978739363870088e-06,2.8922493990460305e-06,3.6340372776770016e-23
quadrature,138.96090259375447,4.409452025601255e-15,1.2971893478625396e-06,1.601347606860837e-06,2.8985369547233766e-06,3.6340372776770016e-23
quadrature,138.96307316558477,4.390351450061452e-15,1.300008048509028e-06,1.6048272218778343e-06,2.9048352703868623e-06,3.6340372776770016e-23
quadrature,138.96524273268145,4.371342397204638e-15,1.3028315649931836e-06,1.6083127819252437e-06,2.9111443469184273e-06,3.6340372776770016e-23
quadrature,138.9674112916479,4.352424424097968e-15,1.3056598976599127e-06,1.6118042874288434e-06,2.9174641850887564e-06,3.6340372776770016e-23
quadrature,138.96957883908163,4.3335970899410174e-15,1.3084930468037648e-06,1.6153017387522474e-06,2.9237947855560122e-06,3.6340372776770016e-23
quadrature,138.97174537157454,4.31485995605386e-15,1.3113310126689537e-06,1.6188051361969314e-06,2.9301361488658853e-06,3.6340372776770016e-23
quadrature,138.97391088571268,4.296212585868401e-15,1.3141737954488984e-06,1.6223144800016665e-06,2.936488275450565e-06,3.6340372776770016e-23
quadrature,138.97607537807656,4.277654544916575e-15,1.3170213952862464e-06,1.625829770342547e-06,2.9428511656287936e-06,3.6340372776770016e-23
quadrature,138.97823884524104,4.259185400821048e-15,1.3198738122725266e-06,1.6293510073325636e-06,2.9492248196050903e-06,3.6340372776770016e-23
quadrature,138.98040128377536,4.240804723285479e-15,1.322731046447873e-06,1.6328781910212602e-06,2.955609237469133e-06,3.6340372776770016e-23
quadrature,138.98256269024327,4.22251208408386e-15,1.3255930978009028e-06,1.6364113213945856e-06,2.9620044191954887e-06,3.6340372776770016e-23
quadrature,138.984723061203,4.204307057050643e-15,1.3284599662684789e-06,1.639950398374598e-06,2.968410364643077e-06,3.6340372776770016e-23
quadrature,138.98688239320725,4.186189218071626e-15,1.3313316517353593e-06,1.6434954218190347e-06,2.9748270735543942e-06,3.6340372776770016e-23
quadrature,138.98904068280336,4.168158145072982e-15,1.3342081540341509e-06,1.6470463915212523e-06,2.9812545455554032e-06,3.6340372776770016e-23
quadrature,138.99119792653332,4.1502134180115446e-15,1.3370894729450724e-06,1.650603307209937e-06,2.9876927801550094e-06,3.6340372776770016e-23
quadrature,138.99335412093362,4.132354618866541e-15,1.3399756081954902e-06,1.6541661685485297e-06,2.99414177674402e-06,3.6340372776770016e-23
quadrature,138.99550926253562,4.11458133162738e-15,1.3428665594601005e-06,1.65773497513545e-06,3.0006015345955505e-06,3.6340372776770016e-23
quadrature,138.99766334786528,4.096893142286428e-15,1.3457623263603126e-06,1.6613097265033381e-06,3.0070720528636507e-06,3.6340372776770016e-23
quadrature,138.99981637344342,4.079289638827604e-15,1.348662908464317e-06,1.664890422119136e-06,3.013553330583453e-06,3.6340372776770016e-23
quadrature,139.00196833578568,4.061770411217383e-15,1.351568305286775e-06,1.6684770613837046e-06,3.0200453666704794e-06,3.6340372776770016e-23
quadrature,139.00411923140248,4.044335051395829e-15,1.3544785162885044e-06,1.6720696436314378e-06,3.026548159919942e-06,3.6340372776770016e-23
quadrature,139.00626905679923,4.026983153266291e-15,1.3573935408763996e-06,1.6756681681301613e-06,3.033061709006561e-06,3.6340372776770016e-23
quadrature,139.00841780847622,4.0097143126863075e-15,1.3603133784031552e-06,1.679272634080793e-06,3.039586012483948e-06,3.6340372776770016e-23
quadrature,139.0105654829288,3.992528127458099e-15,1.3632380281670715e-06,1.6828830406171022e-06,3.046121068784174e-06,3.6340372776770016e-23
quadrature,139.0127120766473,3.975424197319338e-15,1.3661674894118186e-06,1.6864993868054184e-06,3.052666876217237e-06,3.6340372776770016e-23
quadrature,139.01485758611716,3.958402123933514e-15,1.3691017613262801e-06,1.6901216716444393e-06,3.0592234329707194e-06,3.6340372776770016e-23
quadrature,139.01700200781892,3.941461510881471e-15,1.3720408430442005e-06,1.6937498940647941e-06,3.0657907371089946e-06,3.6340372776770016e-23
quadrature,139.0191453382283,3.924601963651199e-15,1.3749847336441476e-06,1.6973840529289978e-06,3.0723687865731453e-06,3.6340372776770016e-23
quadrature,139.02128757381627,3.907823089629017e-15,1.3779334321492363e-06,1.7010241470311106e-06,3.078957579180347e-06,3.6340372776770016e-23
quadrature,139.02342871104904,3.891124498090584e-15,1.3808869375268995e-06,1.7046701750964543e-06,3.0855571126233536e-06,3.6340372776770016e-23
quadrature,139.02556874638805,3.8745058001923936e-15,1.383845248688573e-06,1.7083221357812235e-06,3.0921673844697967e-06,3.6340372776770016e-23
quadrature,139.02770767629022,3.857966608961099e-15,1.3868083644897761e-06,1.711980027672586e-06,3.098788392162362e-06,3.6340372776770016e-23
quadrature,139.02984549720784,3.841506539285778e-15,1.3897762837296844e-06,1.7156438492881541e-06,3.1054201330178385e-06,3.6340372776770016e-23
quadrature,139.03198220558858,3.825125207909333e-15,1.3927490051508572e-06,1.7193135990756488e-06,3.112062604226506e-06,3.6340372776770016e-23
quadrature,139.0341177978757,3.8088222334179835e-15,1.3957265274393202e-06,1.722989275413002e-06,3.118715802852322e-06,3.6340372776770016e-23
quadrature,139.0362522705079,3.7925972362342966e-15,1.3987088492240178e-06,1.7266708766076802e-06,3.125379725831698e-06,3.6340372776770016e-23
quadrature,139.03838561991964,3.776449838606347e-15,1.4016959690769804e-06,1.7303584008968906e-06,3.132054369973871e-06,3.6340372776770016e-23
quadrature,139.04051784254088,3.760379664600828e-15,1.4046878855127718e-06,1.7340518464468997e-06,3.1387397319596717e-06,3.6340372776770016e-23
quadrature,139.0426489347973,3.744386340093385e-15,1.407684596988461e-06,1.737751211352998e-06,3.145435808341459e-06,3.6340372776770016e-23
quadrature,139.04477889311045,3.7284694927594486e-15,1.4106861019035103e-06,1.741456493639362e-06,3.1521425955428726e-06,3.6340372776770016e-23
quadrature,139.04690771389747,3.7126287520670214e-15,1.4136923985993066e-06,1.7451676912584757e-06,3.1588600898577825e-06,3.6340372776770016e-23
quadrature,139.04903539357153,3.69686374926632e-15,1.4167034853592908e-06,1.7488848020912899e-06,3.1655882874505807e-06,3.6340372776770016e-23
quadrature,139.05116192854163,3.681174117382439e-15,1.4197193604085321e-06,1.7526078239466975e-06,3.1723271843552296e-06,3.6340372776770016e-23
quadrature,139.0532873152127,3.665559491206564e-15,1.422740021913577e-06,1.7563367545613458e-06,3.179076776474923e-06,3.6340372776770016e-23
quadrature,139.05541154998573,3.6500195072872456e-15,1.4257654679823045e-06,1.7600715915994593e-06,3.1858370595817637e-06,3.6340372776770016e-23
quadrature,139.0575346292577,3.6345538039221225e-15,1.4287956966636955e-06,1.7638123326525538e-06,3.1926080293162494e-06,3.6340372776770016e-23
quadrature,139.0596565494218,3.619162021149079e-15,1.4318307059477323e-06,1.7675589752393135e-06,3.1993896811870456e-06,3.6340372776770016e-23
quadrature,139.06177730686724,3.6038438007388865e-15,1.4348704937650078e-06,1.771311516805107e-06,3.2061820105701147e-06,3.6340372776770016e-23
quadrature,139.06389689797962,3.588598786185619e-15,1.4379150579867836e-06,1.7750699547220607e-06,3.2129850127088444e-06,3.6340372776770016e-23
quadrature,139.0660153191407,3.573426622699379e-15,1.4409643964246052e-06,1.778834286288582e-06,3.219798682713187e-06,3.6340372776770016e-23
quadrature,139.06813256672856,3.558326957197622e-15,1.4440185068301968e-06,1.7826045087292316e-06,3.2266230155594283e-06,3.6340372776770016e-23
quadrature,139.07024863711777,3.543299438296747e-15,1.4470773868953219e-06,1.7863806191945493e-06,3.2334580060898714e-06,3.6340372776770016e-23
quadrature,139.0723635266792,3.528343716304718e-15,1.4501410342514365e-06,1.7901626147606273e-06,3.2403036490120636e-06,3.6340372776770016e-23
quadrature,139.07447723178035,3.5134594432115326e-15,1.4532094464697953e-06,1.7939504924292404e-06,3.2471599388990354e-06,3.6340372776770016e-23
quadrature,139.07658974878515,3.498646272682935e-15,1.4562826210609e-06,1.797744249127166e-06,3.254026870188066e-06,3.6340372776770016e-23
quadrature,139.07870107405427,3.483903860050568e-15,1.4593605554746928e-06,1.8015438817064215e-06,3.2609044371811146e-06,3.6340372776770016e-23
quadrature,139.0808112039449,3.4692318623055646e-15,1.4624432471000454e-06,1.805349386943635e-06,3.2677926340436807e-06,3.6340372776770016e-23
quadrature,139.0829201348111,3.454629938089191e-15,1.4655306932648702e-06,1.8091607615401813e-06,3.2746914548050513e-06,3.6340372776770016e-23
quadrature,139.08502786300363,3.440097747685918e-15,1.4686228912357364e-06,1.8129780021217092e-06,3.2816008933574456e-06,3.6340372776770016e-23
quadrature,139.0871343848701,3.425634953015142e-15,1.4717198382177775e-06,1.816801105238026e-06,3.2885209434558035e-06,3.6340372776770016e-23
quadrature,139.08923969675502,3.411241217623344e-15,1.4748215313545133e-06,1.820630067362879e-06,3.2954515987173924e-06,3.6340372776770016e-23
quadrature,139.09134379499986,3.396916206676294e-15,1.477927967727677e-06,1.8244648848937417e-06,3.3023928526214188e-06,3.6340372776770016e-23
quadrature,139.09344667594314,3.3826595869510945e-15,1.481039144357083e-06,1.8283055541516491e-06,3.309344698508732e-06,3.6340372776770016e-23
quadrature,139.09554833592045,3.3684710268286627e-15,1.4841550582004122e-06,1.8321520713809352e-06,3.3163071295813473e-06,3.6340372776770016e-23
quadrature,139.09764877126452,3.3543501962860465e-15,1.4872757061530388e-06,1.8360044327490175e-06,3.3232801389020564e-06,3.6340372776770016e-23
quadrature,139.09974797830526,3.3402967668885977e-15,1.4904010850479026e-06,1.8398626343462403e-06,3.330263719394143e-06,3.6340372776770016e-23
quadrature,139.10184595336986,3.3263104117825635e-15,1.4935311916552958e-06,1.8437266721856103e-06,3.337257863840906e-06,3.6340372776770016e-23
quadrature,139.10394269278285,3.312390805687146e-15,1.49666602268278e-06,1.8475965422026948e-06,3.3442625648854747e-06,3.6340372776770016e-23
quadrature,139.1060381928661,3.298537624887553e-15,1.4998055747748879e-06,1.8514722402552545e-06,3.351277815030142e-06,3.6340372776770016e-23
quadrature,139.108132449939,3.2847505472263866e-15,1.5029498445132143e-06,1.8553537621233539e-06,3.3583036066365684e-06,3.6340372776770016e-23
quadrature,139.11022546031845,3.271029252097332e-15,1.5060988284159942e-06,1.8592411035088415e-06,3.3653399319248358e-06,3.6340372776770016e-23
quadrature,139.11231722031883,3.2573734204373746e-15,1.50925252293802e-06,1.8631342600352482e-06,3.372386782973268e-06,3.6340372776770016e-23
quadrature,139.11440772625227,3.2437827347188795e-15,1.5124109244706093e-06,1.867033227247746e-06,3.379444151718355e-06,3.6340372776770016e-23
quadrature,139.11649697442857,3.230256878942641e-15,1.5155740293413552e-06,1.870938000612841e-06,3.386512029954196e-06,3.6340372776770016e-23
quadrature,139.1185849611553,3.2167955386305924e-15,1.518741833813964e-06,1.874848575518173e-06,3.3935904093321367e-06,3.6340372776770016e-23
quadrature,139.12067168273788,3.2033984008183724e-15,1.5219143340881383e-06,1.8787649472723703e-06,3.4006792813605087e-06,3.6340372776770016e-23
quadrature,139.1227571354796,3.1900651540481134e-15,1.525091526299417e-06,1.8826871111048529e-06,3.40777863740427e-06,3.6340372776770016e-23
quadrature,139.12484131568172,3.176795488361086e-15,1.5282734065190602e-06,1.88661506216569e-06,3.41488846868475e-06,3.6340372776770016e-23
quadrature,139.12692421964357,3.163589095290742e-15,1.5314599707538493e-06,1.8905487955253542e-06,3.4220087662792035e-06,3.6340372776770016e-23
quadrature,139.12900584366255,3.150445667855254e-15,1.534651214946017e-06,1.8944883061746336e-06,3.4291395211206505e-06,3.6340372776770016e-23
quadrature,139.13108618403425,3.1373649005506325e-15,1.5378471349730492e-06,1.8984335890243885e-06,3.4362807239974377e-06,3.6340372776770016e-23
quadrature,139.13316523705248,3.1243464893433433e-15,1.5410477266476211e-06,1.9023846389054714e-06,3.4434323655530925e-06,3.6340372776770016e-23
quadrature,139.13524299900936,3.1113901316636736e-15,1.5442529857173526e-06,1.9063414505684263e-06,3.450594436285779e-06,3.6340372776770016e-23
quadrature,139.13731946619538,3.0984955263984226e-15,1.5474629078647485e-06,1.9103040186834143e-06,3.4577669265481627e-06,3.6340372776770016e-23
quadrature,139.13939463489945,3.085662373883984e-15,1.5506774887070486e-06,1.914272337840028e-06,3.4649498265470763e-06,3.6340372776770016e-23
quadrature,139.14146850140904,3.0728903758991137e-15,1.5538967237961669e-06,1.918246402547217e-06,3.4721431263433835e-06,3.6340372776770016e-23
quadrature,139.14354106201014,3.0601792356586138e-15,1.5571206086184097e-06,1.92222620723294e-06,3.47934681585135e-06,3.6340372776770016e-23
quadrature,139.14561231298742,3.0475286578059915e-15,1.5603491385944673e-06,1.9262117462441546e-06,3.486560884838622e-06,3.6340372776770016e-23
quadrature,139.14768225062429,3.0349383484065162e-15,1.5635823090793094e-06,1.930203013846688e-06,3.493785322925998e-06,3.6340372776770016e-23
quadrature,139.14975087120288,3.022408014940827e-15,1.566820115361956e-06,1.934200004224954e-06,3.50102011958691e-06,3.6340372776770016e-23
quadrature,139.15181817100424,3.0099373662978784e-15,1.5700625526654233e-06,1.9382027114818852e-06,3.5082652641473085e-06,3.6340372776770016e-23
quadrature,139.15388414630834,2.9975261127679326e-15,1.5733096161466722e-06,1.9422111296388727e-06,3.5155207457855445e-06,3.6340372776770016e-23
quadrature,139.15594879339415,2.9851739660364366e-15,1.576561300896338e-06,1.946225252635429e-06,3.522786553531767e-06,3.6340372776770016e-23
quadrature,139.15801210853968,2.97288063917691e-15,1.5798176019387244e-06,1.9502450743291826e-06,3.5300626762679072e-06,3.6340372776770016e-23
quadrature,139.16007408802218,2.9606458466440386e-15,1.5830785142317591e-06,1.9542705884958223e-06,3.5373491027275814e-06,3.6340372776770016e-23
quadrature,139.162134728118,2.948469304268161e-15,1.5863440326665904e-06,1.958301788828598e-06,3.5446458214951886e-06,3.6340372776770016e-23
quadrature,139.16419402510286,2.9363507292470788e-15,1.5896141520679012e-06,1.9623386689387123e-06,3.5519528210066135e-06,3.6340372776770016e-23
quadrature,139.1662519752518,2.92428984014094e-15,1.5928888671934212e-06,1.966381222354714e-06,3.559270089548135e-06,3.6340372776770016e-23
quadrature,139.1683085748394,2.9122863568646385e-15,1.59616817273411e-06,1.9704294425227257e-06,3.5665976152568354e-06,3.6340372776770016e-23
quadrature,139.1703638201396,2.900340000681914e-15,1.5994520633138953e-06,1.9744833228061223e-06,3.573935386120018e-06,3.6340372776770016e-23
quadrature,139.17241770742606,2.8884504941989888e-15,1.6027405334895445e-06,1.9785428564853696e-06,3.5812833899749143e-06,3.6340372776770016e-23
quadrature,139.17447023297206,2.8766175613574086e-15,1.6060335777507682e-06,1.9826080367581544e-06,3.5886416145089226e-06,3.6340372776770016e-23
quadrature,139.17652139305056,2.8648409274285707e-15,1.6093311905198686e-06,1.9866788567389494e-06,3.596010047258818e-06,3.6340372776770016e-23
quadrature,139.17857118393442,2.853120319006632e-15,1.6126333661518471e-06,1.990755309459145e-06,3.6033886756109917e-06,3.6340372776770016e-23
quadrature,139.18061960189635,2.8414554640024454e-15,1.615940098934235e-06,1.9948373878668427e-06,3.6107774868010777e-06,3.6340372776770016e-23
quadrature,139.18266664320907,2.8298460916370326e-15,1.6192513830870718e-06,1.9989250848268265e-06,3.6181764679138984e-06,3.6340372776770016e-23
quadrature,139.18471230414525,2.8182919324360592e-15,1.6225672127626005e-06,2.0030183931201883e-06,3.6255856058827886e-06,3.6340372776770016e-23
quadrature,139.18675658097777,2.806792718222409e-15,1.6258875820455221e-06,2.0071173054446396e-06,3.6330048874901617e-06,3.6340372776770016e-23
quadrature,139.18879946997964,2.795348182111042e-15,1.6292124849526073e-06,2.0112218144140344e-06,3.640434299366642e-06,3.6340372776770016e-23
quadrature,139.19084096742424,2.7839580585018028e-15,1.6325419154329053e-06,2.015331912558627e-06,3.647873827991532e-06,3.6340372776770016e-23
quadrature,139.19288106958516,2.7726220830744896e-15,1.6358758673673134e-06,2.019447592324538e-06,3.6553234596918515e-06,3.6340372776770016e-23
quadrature,139.19491977273657,2.76133999278126e-15,1.6392143345689298e-06,2.023568846074194e-06,3.6627831806431236e-06,3.6340372776770016e-23
quadrature,139.19695707315302,2.7501115258420697e-15,1.642557310782531e-06,2.0276956660856776e-06,3.6702529768682087e-06,3.6340372776770016e-23
quadrature,139.19899296710975,2.7389364217371496e-15,1.6459047896849334e-06,2.031828044553179e-06,3.6777328342381122e-06,3.6340372776770016e-23
quadrature,139.2010274508826,2.7278144212020304e-15,1.6492567648846085e-06,2.0359659735865167e-06,3.6852227384711252e-06,3.6340372776770016e-23
quadrature,139.2030605207482,2.7167452662210268e-15,1.6526132299217731e-06,2.0401094452112505e-06,3.6927226751330236e-06,3.6340372776770016e-23
quadrature,139.205092172984,2.705728700021381e-15,1.6559741782682871e-06,2.044258451368556e-06,3.7002326296368437e-06,3.6340372776770016e-23
quadrature,139.20712240386828,2.6947644670674333e-15,1.6593396033275586e-06,2.0484129839151072e-06,3.7077525872426656e-06,3.6340372776770016e-23
quadrature,139.2091512096804,2.6838523130543613e-15,1.6627094984345894e-06,2.0525730346231302e-06,3.71528253305772e-06,3.6340372776770016e-23
quadrature,139.2111785867008,2.672991984902416e-15,1.666083856855883e-06,2.056738595180294e-06,3.722822452036177e-06,3.6340372776770016e-23
quadrature,139.21320453121098,2.6621832307514863e-15,1.669462671789257e-06,2.060909657189475e-06,3.730372328978732e-06,3.6340372776770016e-23
quadrature,139.21522903949372,2.651425799954476e-15,1.6728459363640404e-06,2.0650862121690037e-06,3.737932148533044e-06,3.6340372776770016e-23
quadrature,139.2172521078331,2.640719443072232e-15,1.6762336436407962e-06,2.069268251552319e-06,3.7455018951931152e-06,3.6340372776770016e-23
quadrature,139.2192737325146,2.630063911867288e-15,1.6796257866114264e-06,2.0734557666881e-06,3.753081553299526e-06,3.6340372776770016e-23
quadrature,139.2212939098252,2.6194589592982463e-15,1.683022358199088e-06,2.0776487488401627e-06,3.7606711070392504e-06,3.6340372776770016e-23
quadrature,139.22331263605338,2.608904339514033e-15,1.6864233512581606e-06,2.081847189187418e-06,3.7682705404455786e-06,3.6340372776770016e-23
quadrature,139.22532990748928,2.5983998078484842e-15,1.6898287585741217e-06,2.0860510788237205e-06,3.7758798373978422e-06,3.6340372776770016e-23
quadrature,139.22734572042478,2.5879451208142136e-15,1.6932385728636578e-06,2.0902604087580014e-06,3.7834989816216594e-06,3.6340372776770016e-23
quadrature,139.2293600711536,2.5775400360969632e-15,1.6966527867746394e-06,2.094475169914243e-06,3.7911279566888824e-06,3.6340372776770016e-23
quadrature,139.23137295597124,2.5671843125507084e-15,1.7000713928858578e-06,2.09869535313115e-06,3.7987667460170074e-06,3.6340372776770016e-23
quadrature,139.23338437117528,2.5568777101911823e-15,1.7034943837072904e-06,2.102920949162477e-06,3.806415332869767e-06,3.6340372776770016e-23
quadrature,139.2353943130653,2.546619990190745e-15,1.7069217516799349e-06,2.107151948676826e-06,3.814073700356761e-06,3.6340372776770016e-23
quadrature,139.23740277794306,2.5364109148729874e-15,1.7103534891757457e-06,2.1113883422575676e-06,3.821741831433313e-06,3.6340372776770016e-23
quadrature,139.2394097621125,2.5262502477067836e-15,1.7137895884977612e-06,2.115630120402996e-06,3.829419708900757e-06,3.6340372776770016e-23
quadrature,139.24141526187992,2.516137753301096e-15,1.717230041879997e-06,2.1198772735261987e-06,3.837107315406195e-06,3.6340372776770016e-23
quadrature,139.243419273554,2.5060731973995196e-15,1.7206748414874325e-06,2.1241297919550397e-06,3.8448046334424724e-06,3.6340372776770016e-23
quadrature,139.24542179344584,2.496056346874993e-15,1.7241239794159544e-06,2.1283876659320906e-06,3.852511645348045e-06,3.6340372776770016e-23
quadrature,139.2474228178692,2.486086969723966e-15,1.7275774476924977e-06,2.132650885614803e-06,3.860228333307301e-06,3.6340372776770016e-23
quadrature,139.24942234314042,2.476164835061318e-15,1.731035238274943e-06,2.136919441075383e-06,3.867954679350326e-06,3.6340372776770016e-23
quadrature,139.25142036557864,2.4662897131150032e-15,1.7344973430521184e-06,2.141193322300793e-06,3.875690665352911e-06,3.6340372776770016e-23
quadrature,139.25341688150579,2.456461375220594e-15,1.7379637538438443e-06,2.1454725191928067e-06,3.883436273036651e-06,3.6340372776770016e-23
quadrature,139.25541188724665,2.446679593816404e-15,1.7414344624007965e-06,2.1497570215678416e-06,3.891191483968638e-06,3.6340372776770016e-23
quadrature,139.25740537912915,2.4369441424372467e-15,1.7449094604048513e-06,2.1540468191573827e-06,3.898956279562234e-06,3.6340372776770016e-23
quadrature,139.25939735348416,2.4272547957104506e-15,1.748388739468652e-06,2.1583419016074497e-06,3.9067306410761016e-06,3.6340372776770016e-23
quadrature,139.26138780664576,2.417611329349805e-15,1.751872291135917e-06,2.1626422584789756e-06,3.914514549614893e-06,3.6340372776770016e-23
quadrature,139.26337673495132,2.4080135201503798e-15,1.7553601068814535e-06,2.1669478792478246e-06,3.922307986129278e-06,3.6340372776770016e-23
quadrature,139.26536413474156,2.398461145983639e-15,1.7588521781110735e-06,2.1712587533046875e-06,3.930110931415761e-06,3.6340372776770016e-23
quadrature,139.26735000236056,2.388953985792441e-15,1.7623484961615629e-06,2.1755748699550442e-06,3.937923366116607e-06,3.6340372776770016e-23
quadrature,139.269334334156,2.3794918195852438e-15,1.7658490523009524e-06,2.1798962184195e-06,3.945745270720453e-06,3.6340372776770016e-23
quadrature,139.27131712647912,2.3700744284319763e-15,1.7693538377281914e-06,2.1842227878333775e-06,3.953576625561569e-06,3.6340372776770016e-23
quadrature,139.2732983756849,2.360701594457762e-15,1.772862843573624e-06,2.1885545672473105e-06,3.961417410820934e-06,3.6340372776770016e-23
quadrature,139.27527807813206,2.3513731008390968e-15,1.7763760608985682e-06,2.192891545626721e-06,3.969267606525289e-06,3.6340372776770016e-23
quadrature,139.2772562301832,2.3420887317980376e-15,1.7798934806956474e-06,2.197233711852229e-06,3.977127192547876e-06,3.6340372776770016e-23
quadrature,139.27923282820493,2.332848272597486e-15,1.7834150938887245e-06,2.201581054719572e-06,3.984996148608297e-06,3.6340372776770016e-23
quadrature,139.28120786856786,2.3236515095359635e-15,1.786940891333042e-06,2.205933562939777e-06,3.9928744542728185e-06,3.6340372776770016e-23
quadrature,139.28318134764675,2.314498229943212e-15,1.790470863815054e-06,2.210291225138953e-06,4.000762088954007e-06,3.6340372776770016e-23
quadrature,139.2851532618206,2.3053882221746206e-15,1.7940050020527266e-06,2.2146540298586633e-06,4.00865903191139e-06,3.6340372776770016e-23
quadrature,139.2871236074727,2.2963212756068703e-15,1.7975432966953786e-06,2.2190219655557267e-06,4.016565262251106e-06,3.6340372776770016e-23
quadrature,139.2890923809908,2.2872971806324184e-15,1.8010857383239828e-06,2.223395020602592e-06,4.0244807589265745e-06,3.6340372776770016e-23
quadrature,139.29105957876715,2.2783157286553194e-15,1.8046323174509615e-06,2.227773183287082e-06,4.032405500738043e-06,3.6340372776770016e-23
quadrature,139.2930251971985,2.269376712086149e-15,1.8081830245203424e-06,2.2321564418125903e-06,4.040339466332933e-06,3.6340372776770016e-23
quadrature,139.29498923268636,2.260479924336828e-15,1.8117378499079684e-06,2.2365447842983368e-06,4.048282634206305e-06,3.6340372776770016e-23
quadrature,139.29695168163695,2.2516251598166367e-15,1.8152967839212473e-06,2.2409381987790605e-06,4.056234982700308e-06,3.6340372776770016e-23
quadrature,139.29891254046146,2.2428122139263148e-15,1.8188598167996779e-06,2.245336673205668e-06,4.064196490005346e-06,3.6340372776770016e-23
quadrature,139.30087180557587,2.234040883054628e-15,1.8224269387143967e-06,2.249740195444675e-06,4.072167134159072e-06,3.6340372776770016e-23
quadrature,139.3028294734013,2.2253109645726513e-15,1.8259981397686605e-06,2.254148753278801e-06,4.080146893047462e-06,3.6340372776770016e-23
quadrature,139.30478554036395,2.2166222568294813e-15,1.8295734099977606e-06,2.258562334406864e-06,4.088135744404624e-06,3.6340372776770016e-23
quadrature,139.3067400028953,2.2079745591474652e-15,1.833152739369146e-06,2.2629809264439315e-06,4.096133665813077e-06,3.6340372776770016e-23
quadrature,139.30869285743208,2.199367671817826e-15,1.8367361177823973e-06,2.267404516921291e-06,4.104140634703688e-06,3.6340372776770016e-23
quadrature,139.31064410041645,2.1908013960954345e-15,1.840323535069564e-06,2.271833093286863e-06,4.112156628356427e-06,3.6340372776770016e-23
quadrature,139.31259372829606,2.1822755341948594e-15,1.8439149809949875e-06,2.2762666429049844e-06,4.1201816238999716e-06,3.6340372776770016e-23
quadrature,139.31454173752414,2.1737898892854326e-15,1.8475104452555392e-06,2.280705153056702e-06,4.1282155983122415e-06,3.6340372776770016e-23
quadrature,139.31648812455958,2.165344265486719e-15,1.851109917480712e-06,2.2851486109398863e-06,4.1362585284205985e-06,3.6340372776770016e-23
quadrature,139.31843288586703,2.1569384678642504e-15,1.8547133872326007e-06,2.2895970036692063e-06,4.144310390901807e-06,3.6340372776770016e-23
quadrature,139.320376017917,2.1485723024245444e-15,1.8583208440062107e-06,2.294050318276509e-06,4.15237116228272e-06,3.6340372776770016e-23
quadrature,139.322317517186,2.1402455761107615e-15,1.8619322772294966e-06,2.2985085417108716e-06,4.160440818940368e-06,3.6340372776770016e-23
quadrature,139.32425738015652,2.1319580967986273e-15,1.8655476762633092e-06,2.3029716608385325e-06,4.1685193371018415e-06,3.6340372776770016e-23
quadrature,139.3261956033172,2.1237096732915198e-15,1.8691670304017031e-06,2.3074396624432704e-06,4.176606692844974e-06,3.6340372776770016e-23
quadrature,139.32813218316284,2.115500115316309e-15,1.8727903288719403e-06,2.311912533226412e-06,4.184702862098353e-06,3.6340372776770016e-23
quadrature,139.33006711619467,2.1073292335186174e-15,1.8764175608347564e-06,2.3163902598071583e-06,4.1928078206419145e-06,3.6340372776770016e-23
quadrature,139.33200039892023,2.0991968394589417e-15,1.8800487153842588e-06,2.3208728287224587e-06,4.200921544106718e-06,3.6340372776770016e-23
quadrature,139.33393202785362,2.0911027456077143e-15,1.883683781548309e-06,2.3253602264274845e-06,4.209044007975794e-06,3.6340372776770016e-23
quadrature,139.33586199951543,2.0830467653417038e-15,1.8873227482883182e-06,2.3298524392953764e-06,4.2171751875836946e-06,3.6340372776770016e-23
quadrature,139.33779031043306,2.0750287129386496e-15,1.8909656044998493e-06,2.334349453617985e-06,4.225315058117834e-06,3.6340372776770016e-23
quadrature,139.33971695714058,2.067048403574053e-15,1.8946123390122612e-06,2.338851255605436e-06,4.233463594617697e-06,3.6340372776770016e-23
quadrature,139.34164193617895,2.0591056533162143e-15,1.8982629405891526e-06,2.3433578313866743e-06,4.241620771975827e-06,3.6340372776770016e-23
quadrature,139.34356524409608,2.0512002791221168e-15,1.9019173979284447e-06,2.3478691670095677e-06,4.249786564938012e-06,3.6340372776770016e-23
quadrature,139.34548687744697,2.0433320988332156e-15,1.9055756996625075e-06,2.3523852484410636e-06,4.257960948103571e-06,3.6340372776770016e-23
quadrature,139.34740683279367,2.0355009311714776e-15,1.909237834358193e-06,2.356906061567228e-06,4.266143895925421e-06,3.6340372776770016e-23
quadrature,139.34932510670555,2.02770659573451e-15,1.912903790517296e-06,2.361431592193817e-06,4.2743353827111135e-06,3.6340372776770016e-23
quadrature,139.3512416957592,2.019948912992337e-15,1.9165735565762655e-06,2.3659618260459165e-06,4.282535382622182e-06,3.6340372776770016e-23
quadrature,139.35315659653875,2.012227704282111e-15,1.920247120906892e-06,2.3704967487687955e-06,4.2907438696756876e-06,3.6340372776770016e-23
quadrature,139.35506980563568,2.004542791805267e-15,1.923924471815859e-06,2.375036345927348e-06,4.298960817743207e-06,3.6340372776770016e-23
quadrature,139.3569813196492,1.9968939986220533e-15,1.927605597545547e-06,2.3795806030070898e-06,4.3071862005526364e-06,3.6340372776770016e-23
quadrature,139.35889113518613,1.9892811486486036e-15,1.9312904862736438e-06,2.384129505413673e-06,4.315419991687317e-06,3.6340372776770016e-23
quadrature,139.3607992488611,1.981704066651969e-15,1.9349791261137425e-06,2.3886830384736284e-06,4.323662164587371e-06,3.6340372776770016e-23
quadrature,139.36270565729657,1.9741625782467665e-15,1.9386715051151732e-06,2.3932411874341533e-06,4.331912692549327e-06,3.6340372776770016e-23
quadrature,139.36461035712298,1.9666565098907113e-15,1.942367611263385e-06,2.3978039374635883e-06,4.340171548726973e-06,3.6340372776770016e-23
quadrature,139.36651334497887,1.95918568888051e-15,1.9460674324801736e-06,2.402371273651694e-06,4.348438706131868e-06,3.6340372776770016e-23
quadrature,139.36841461751087,1.9517499433482194e-15,1.9497709566236852e-06,2.406943181009657e-06,4.356714137633343e-06,3.6340372776770016e-23
quadrature,139.3703141713738,1.944349102257288e-15,1.9534781714885916e-06,2.4115196444703064e-06,4.364997815958898e-06,3.6340372776770016e-23
quadrature,139.37221200323089,1.9369829953980616e-15,1.957189064806543e-06,2.4161006488886734e-06,4.373289713695216e-06,3.6340372776770016e-23
quadrature,139.37410810975376,1.929651453384307e-15,1.9609036242461314e-06,2.420686179041946e-06,4.381589803288077e-06,3.6340372776770016e-23
quadrature,139.37600248762251,1.92235430764931e-15,1.964621837413073e-06,2.4252762196296916e-06,4.389898057042765e-06,3.6340372776770016e-23
quadrature,139.37789513352587,1.91509139044166e-15,1.9683436918505617e-06,2.429870755274297e-06,4.398214447124859e-06,3.6340372776770016e-23
quadrature,139.37978604416122,1.9078625348216063e-15,1.9720691750393517e-06,2.4344697705210684e-06,4.40653894556042e-06,3.6340372776770016e-23
quadrature,139.38167521623478,1.9006675746569964e-15,1.9757982743980636e-06,2.4390732498386095e-06,4.414871524236673e-06,3.6340372776770016e-23
quadrature,139.38356264646154,1.893506344619875e-15,1.9795309772831545e-06,2.443681177618784e-06,4.4232121549019386e-06,3.6340372776770016e-23
quadrature,139.38544833156558,1.886378680181814e-15,1.983267270989573e-06,2.448293538177527e-06,4.4315608091671e-06,3.6340372776770016e-23
quadrature,139.38733226827992,1.879284417611088e-15,1.9870071427504543e-06,2.452910315754464e-06,4.439917458504919e-06,3.6340372776770016e-23
quadrature,139.38921445334677,1.872223393968146e-15,1.990750579737725e-06,2.4575314945136622e-06,4.448282074251388e-06,3.6340372776770016e-23
quadrature,139.39109488351752,1.8651954471022856e-15,1.994497569062086e-06,2.4621570585436056e-06,4.456654627605692e-06,3.6340372776770016e-23
quadrature,139.39297355555297,1.8582004156474833e-15,1.998248097773456e-06,2.4667869918577443e-06,4.465035089631201e-06,3.6340372776770016e-23
quadrature,139.39485046622326,1.8512381390189955e-15,2.0020021528610164e-06,2.4714212783945514e-06,4.473423431255568e-06,3.6340372776770016e-23
quadrature,139.39672561230805,1.8443084574095453e-15,2.0057597212534935e-06,2.4760599020178677e-06,4.481819623271361e-06,3.6340372776770016e-23
quadrature,139.39859899059655,1.837411211785635e-15,2.0095207898193798e-06,2.4807028465171773e-06,4.490223636336557e-06,3.6340372776770016e-23
quadrature,139.40047059788773,1.8305462438836664e-15,2.013285345367277e-06,2.485350095608031e-06,4.498635440975308e-06,3.6340372776770016e-23
quadrature,139.40234043099022,1.8237133962067063e-15,2.0170533746459005e-06,2.490001632932053e-06,4.507055007577953e-06,3.6340372776770016e-23
quadrature,139.40420848672264,1.8169125120201206e-15,2.0208248643447134e-06,2.494657442057718e-06,4.5154823064024315e-06,3.6340372776770016e-23
quadrature,139.4060747619134,1.8101434353488907e-15,2.0245998010936497e-06,2.4993175064800175e-06,4.523917307573668e-06,3.6340372776770016e-23
quadrature,139.40793925340108,1.8034060109730767e-15,2.028378171463873e-06,2.5039818096213906e-06,4.532359981085264e-06,3.6340372776770016e-23
quadrature,139.4098019580343,1.7967000844248543e-15,2.032159961967675e-06,2.508650334831601e-06,4.540810296799276e-06,3.6340372776770016e-23
quadrature,139.4116628726719,1.790025501984736e-15,2.0359451590588445e-06,2.5133230653881912e-06,4.549268224447036e-06,3.6340372776770016e-23
quadrature,139.41352199418304,1.7833821106779157e-15,2.0397337491329673e-06,2.517999984496855e-06,4.557733733629822e-06,3.6340372776770016e-23
quadrature,139.41537931944723,1.7767697582708373e-15,2.0435257185276345e-06,2.522681075291692e-06,4.5662067938193265e-06,3.6340372776770016e-23
quadrature,139.4172348453545,1.7701882932674676e-15,2.0473210535228115e-06,2.527366320835665e-06,4.574687374358477e-06,3.6340372776770016e-23
quadrature,139.41908856880542,1.7636375649061007e-15,2.0511197403409267e-06,2.5320557041207074e-06,4.5831754444616345e-06,3.6340372776770016e-23
quadrature,139.42094048671117,1.7571174231557622e-15,2.0549217651471987e-06,2.536749208068132e-06,4.59167097321533e-06,3.6340372776770016e-23
quadrature,139.42279059599372,1.7506277187125402e-15,2.058727114050016e-06,2.541446815529092e-06,4.600173929579108e-06,3.6340372776770016e-23
quadrature,139.42463889358584,1.7441683029962286e-15,2.062535773101158e-06,2.5461485092848607e-06,4.608684282386019e-06,3.6340372776770016e-23
quadrature,139.4264853764312,1.7377390281469855e-15,2.066347728296009e-06,2.5508542720470926e-06,4.617202000343102e-06,3.6340372776770016e-23
quadrature,139.42833004148443,1.7313397470220066e-15,2.070162965573779e-06,2.555564086458096e-06,4.6257270520318754e-06,3.6340372776770016e-23
quadrature,139.43017288571133,1.7249703131915228e-15,2.07398147081814e-06,2.5602779350916197e-06,4.63425940590976e-06,3.6340372776770016e-23
quadrature,139.43201390608877,1.7186305809361953e-15,2.077803229857043e-06,2.5649958004526256e-06,4.642799030309669e-06,3.6340372776770016e-23
quadrature,139.4338530996049,1.7123204052432436e-15,2.0816282284633016e-06,2.569717664978009e-06,4.65134589344131e-06,3.6340372776770016e-23
quadrature,139.43569046325928,1.7060396418029882e-15,2.0854564523549426e-06,2.574443511037035e-06,4.659899963391977e-06,3.6340372776770016e-23
quadrature,139.43752599406275,1.699788147006084e-15,2.0892878871951516e-06,2.5791733209312666e-06,4.668461208126418e-06,3.6340372776770016e-23
quadrature,139.43935968903776,1.6935657779396046e-15,2.093122518592927e-06,2.583907076895374e-06,4.677029595488301e-06,3.6340372776770016e-23
quadrature,139.4411915452183,1.6873723923840138e-15,2.096960332103206e-06,2.588644761097291e-06,4.685605093200497e-06,3.6340372776770016e-23
quadrature,139.44302155965008,1.6812078488095769e-15,2.1008013132273503e-06,2.593386355638814e-06,4.6941876688661645e-06,3.6340372776770016e-23
quadrature,139.44484972939048,1.6750720063737408e-15,2.10464544741304e-06,2.598131842555469e-06,4.702777289968509e-06,3.6340372776770016e-23
quadrature,139.44667605150886,1.6689647249169043e-15,2.1084927200551843e-06,2.6028812038176394e-06,4.711373923872823e-06,3.6340372776770016e-23
quadrature,139.44850052308632,1.662885864960208e-15,2.112343116495582e-06,2.6076344213301456e-06,4.719977537825727e-06,3.6340372776770016e-23
quadrature,139.45032314121616,1.6568352877012441e-15,2.1161966220239024e-06,2.6123914769334538e-06,4.728588098957356e-06,3.6340372776770016e-23
quadrature,139.4521439030036,1.6508128550118694e-15,2.1200532218773473e-06,2.617152352403261e-06,4.737205574280609e-06,3.6340372776770016e-23
quadrature,139.4539628055661,1.6448184294341365e-15,2.123912901241525e-06,2.621917029451573e-06,4.745829930693098e-06,3.6340372776770016e-23
quadrature,139.4557798460334,1.638851874177661e-15,2.1277756452504124e-06,2.62668548972666e-06,4.754461134977072e-06,3.6340372776770016e-23
quadrature,139.45759502154755,1.6329130531161497e-15,2.131641438986881e-06,2.6314577148137e-06,4.763099153800581e-06,3.6340372776770016e-23
quadrature,139.459408329263,1.6270018307843229e-15,2.1355102674829665e-06,2.63623368623512e-06,4.771743953718087e-06,3.6340372776770016e-23
quadrature,139.4612197663467,1.6211180723749399e-15,2.139382115720096e-06,2.6410133854508684e-06,4.780395501170964e-06,3.6340372776770016e-23
quadrature,139.46302932997818,1.6152616437352836e-15,2.143256968629672e-06,2.645796793859141e-06,4.789053762488813e-06,3.6340372776770016e-23
quadrature,139.46483701734962,1.6094324113645824e-15,2.147134811093058e-06,2.6505838927963614e-06,4.79771870388942e-06,3.6340372776770016e-23
quadrature,139.46664282566596,1.6036302424103412e-15,2.151015627942297e-06,2.6553746635380685e-06,4.806390291480365e-06,3.6340372776770016e-23
quadrature,139.4684467521449,1.5978550046656946e-15,2.1548994039601597e-06,2.660169087298976e-06,4.815068491259135e-06,3.6340372776770016e-23
quadrature,139.4702487940171,1.5921065665660437e-15,2.15878612388069e-06,2.6649671452336448e-06,4.823753269114334e-06,3.6340372776770016e-23
quadrature,139.47204894852612,1.5863847971862516e-15,2.1626757723893847e-06,2.669768818436706e-06,4.832444590826091e-06,3.6340372776770016e-23
quadrature,139.47384721292866,1.5806895662373083e-15,2.166568334123739e-06,2.674574087943534e-06,4.841142422067273e-06,3.6340372776770016e-23
quadrature,139.47564358449446,1.5750207440636422e-15,2.170463793673375e-06,2.6793829347304057e-06,4.84984672840378e-06,3.6340372776770016e-23
quadrature,139.47743806050653,1.5693782016398115e-15,2.1743621355805965e-06,2.684195339715184e-06,4.858557475295781e-06,3.6340372776770016e-23
quadrature,139.4792306382611,1.5637618105677517e-15,2.1782633443405826e-06,2.6890112837575566e-06,4.867274628098139e-06,3.6340372776770016e-23
quadrature,139.48102131506784,1.5581714430734955e-15,2.1821674044019506e-06,2.6938307476597343e-06,4.875998152061685e-06,3.6340372776770016e-23
quadrature,139.48281008824975,1.5526069720046213e-15,2.186074300166833e-06,2.698653712166541e-06,4.884728012333374e-06,3.6340372776770016e-23
quadrature,139.48459695514342,1.5470682708269122e-15,2.1899840159915075e-06,2.7034801579661965e-06,4.893464173957704e-06,3.6340372776770016e-23
quadrature,139.486381913099,1.5415552136215618e-15,2.193896536186668e-06,2.708310065690645e-06,4.902206601877313e-06,3.6340372776770016e-23
quadrature,139.48816495948032,1.5360676750822176e-15,2.1978118450178136e-06,2.713143415916044e-06,4.910955260933857e-06,3.6340372776770016e-23
quadrature,139.4899460916649,1.5306055305122068e-15,2.2017299267055246e-06,2.7179801891630954e-06,4.9197101158686205e-06,3.6340372776770016e-23
quadrature,139.49172530704413,1.5251686558214303e-15,2.2056507654259855e-06,2.7228203658976975e-06,4.9284711313236825e-06,3.6340372776770016e-23
quadrature,139.49350260302325,1.519756927523615e-15,2.209574345311265e-06,2.7276639265312874e-06,4.9372382718425525e-06,3.6340372776770016e-23
quadrature,139.4952779770214,1.514370222733491e-15,2.2135006504496573e-06,2.732510851421266e-06,4.946011501870923e-06,3.6340372776770016e-23
quadrature,139.49705142647187,1.509008419163638e-15,2.2174296648862855e-06,2.7373611208717386e-06,4.954790785758024e-06,3.6340372776770016e-23
quadrature,139.49882294882195,1.5036713951220314e-15,2.221361372623196e-06,2.7422147151336346e-06,4.963576087756831e-06,3.6340372776770016e-23
quadrature,139.50059254153317,1.4983590295089147e-15,2.22529575761997e-06,2.74707161440546e-06,4.9723673720254295e-06,3.6340372776770016e-23
quadrature,139.5023602020812,1.4930712018142791e-15,2.229232803793886e-06,2.7519317988335e-06,4.981164602627386e-06,3.6340372776770016e-23
quadrature,139.50412592795618,1.4878077921145931e-15,2.233172495020664e-06,2.7567952485127367e-06,4.9899677435334004e-06,3.6340372776770016e-23
quadrature,139.5058897166625,1.4825686810705617e-15,2.237114815134447e-06,2.761661943486827e-06,4.998776758621274e-06,3.6340372776770016e-23
quadrature,139.50765156571907,1.4773537499238792e-15,2.2410597479285495e-06,2.7665318637490246e-06,5.007591611677574e-06,3.6340372776770016e-23
quadrature,139.50941147265928,1.4721628804949238e-15,2.2450072771555107e-06,2.7714049892422485e-06,5.016412266397759e-06,3.6340372776770016e-23
quadrature,139.51116943503118,1.4669959551794543e-15,2.2489573865279114e-06,2.776281299860089e-06,5.025238686388001e-06,3.6340372776770016e-23
quadrature,139.51292545039743,1.4618528569463265e-15,2.2529100597184337e-06,2.7811607754468847e-06,5.034070835165318e-06,3.6340372776770016e-23
quadrature,139.51467951633543,1.4567334693346322e-15,2.2568652803603683e-06,2.786043395798343e-06,5.042908676158711e-06,3.6340372776770016e-23
quadrature,139.51643163043738,1.4516376764509354e-15,2.260823032048062e-06,2.7909291406620986e-06,5.051752172710161e-06,3.6340372776770016e-23
quadrature,139.5181817903103,1.446565362966684e-15,2.264783298337237e-06,2.795817989738104e-06,5.060601288075341e-06,3.6340372776770016e-23
quadrature,139.51992999357626,1.4415164141152227e-15,2.268746062745638e-06,2.8007099226794305e-06,5.0694559854250685e-06,3.6340372776770016e-23
quadrature,139.52167623787219,1.4364907156895576e-15,2.272711308753108e-06,2.805604919092359e-06,5.078316227845467e-06,3.6340372776770016e-23
quadrature,139.52342052085015,1.4314881540393895e-15,2.2766790198022333e-06,2.8105029585371798e-06,5.087181978339413e-06,3.6340372776770016e-23
quadrature,139.5251628401773,1.4265086160686533e-15,2.280649179298619e-06,2.8154040205285294e-06,5.096053199827148e-06,3.6340372776770016e-23
quadrature,139.52690319353601,1.4215519892326585e-15,2.2846217706114825e-06,2.820308084536126e-06,5.104929855147609e-06,3.6340372776770016e-23
quadrature,139.5286415786239,1.4166181615356478e-15,2.288596777073928e-06,2.8252151299851055e-06,5.113811907059033e-06,3.6340372776770016e-23
quadrature,139.5303779931539,1.4117070215281253e-15,2.2925741819834223e-06,2.830125136256611e-06,5.122699318240033e-06,3.6340372776770016e-23
quadrature,139.53211243485435,1.4068184583041925e-15,2.296553968602268e-06,2.8350380826883767e-06,5.131592051290644e-06,3.6340372776770016e-23
quadrature,139.53384490146894,1.401952361499298e-15,2.3005361201577578e-06,2.8399539485749166e-06,5.140490068732674e-06,3.6340372776770016e-23
quadrature,139.53557539075697,1.397108621287036e-15,2.304520619843114e-06,2.844872713168687e-06,5.1493933330118005e-06,3.6340372776770016e-23
quadrature,139.53730390049324,1.3922871283772361e-15,2.3085074508173827e-06,2.849794355679955e-06,5.158301806497337e-06,3.6340372776770016e-23
quadrature,139.5390304284682,1.3874877740129453e-15,2.3124965962062566e-06,2.8547188552778114e-06,5.167215451484068e-06,3.6340372776770016e-23
quadrature,139.540754972488,1.3827104499681376e-15,2.3164880391022954e-06,2.859646191090448e-06,5.176134230192743e-06,3.6340372776770016e-23
quadrature,139.54247753037447,1.3779550485451935e-15,2.320481762565365e-06,2.8645763422056948e-06,5.185058104771059e-06,3.6340372776770016e-23
quadrature,139.5441980999653,1.3732214625721577e-15,2.324477749623256e-06,2.869509287671786e-06,5.193987037295043e-06,3.6340372776770016e-23
quadrature,139.54591667911404,1.3685095854005527e-15,2.3284759832718637e-06,2.874445006497583e-06,5.202920989769447e-06,3.6340372776770016e-23
quadrature,139.5476332656901,1.3638193109026567e-15,2.3324764464758203e-06,2.8793834776533525e-06,5.211859924129173e-06,3.6340372776770016e-23
quadrature,139.54934785757894,1.359150533469104e-15,2.3364791221688707e-06,2.8843246800712323e-06,5.220803802240103e-06,3.6340372776770016e-23
quadrature,139.551060452682,1.3545031480063409e-15,2.3404839932543802e-06,2.8892685926458576e-06,5.229752585900237e-06,3.6340372776770016e-23
quadrature,139.55277104891684,1.3498770499343974e-15,2.344491042605588e-06,2.8942151942346713e-06,5.23870623684026e-06,3.6340372776770016e-23
quadrature,139.5544796442171,1.3452721351842103e-15,2.34850025306625e-06,2.8991644636587236e-06,5.247664716724973e-06,3.6340372776770016e-23
quadrature,139.5561862365327,1.3406883001952608e-15,2.352511607451025e-06,2.9041163797031433e-06,5.256627987154168e-06,3.6340372776770016e-23
quadrature,139.55789082382975,1.3361254419132235e-15,2.356525088545871e-06,2.9090709211176276e-06,5.265596009663498e-06,3.6340372776770016e-23
quadrature,139.55959340409072,1.3315834577873207e-15,2.360540679108693e-06,2.9140280666172443e-06,5.274568745725938e-06,3.6340372776770016e-23
quadrature,139.56129397531436,1.3270622457683688e-15,2.3645583618694122e-06,2.9189877948825163e-06,5.2835461567519286e-06,3.6340372776770016e-23
quadrature,139.56299253551586,1.3225617043060006e-15,2.368578119530756e-06,2.923950084560396e-06,5.292528204091152e-06,3.6340372776770016e-23
quadrature,139.56468908272694,1.3180817323462772e-15,2.372599934768733e-06,2.9289149142648517e-06,5.301514849033585e-06,3.6340372776770016e-23
quadrature,139.56638361499571,1.3136222293297595e-15,2.3766237902326943e-06,2.933882262576943e-06,5.310506052809637e-06,3.6340372776770016e-23
quadrature,139.56807613038694,1.3091830951886132e-15,2.380649668546277e-06,2.9388521080459882e-06,5.319501776592265e-06,3.6340372776770016e-23
quadrature,139.56976662698196,1.3047642303446227e-15,2.384677552307542e-06,2.9438244291897317e-06,5.328501981497274e-06,3.6340372776770016e-23
quadrature,139.57145510287876,1.3003655357067646e-15,2.3887074240895224e-06,2.9487992044950206e-06,5.3375066285845426e-06,3.6340372776770016e-23
quadrature,139.57314155619207,1.295986912668793e-15,2.392739266440768e-06,2.9537764124184787e-06,5.346515678859246e-06,3.6340372776770016e-23
quadrature,139.57482598505337,1.2916282631070545e-15,2.396773061885693e-06,2.958756031386936e-06,5.355529093272629e-06,3.6340372776770016e-23
quadrature,139.5765083876109,1.2872894893782395e-15,2.400808792924996e-06,2.9637380397979446e-06,5.364546832722941e-06,3.6340372776770016e-23
quadrature,139.57818876202978,1.2829704943168468e-15,2.4048464420363495e-06,2.968722416020632e-06,5.373568858056982e-06,3.6340372776770016e-23
quadrature,139.57986710649206,1.2786711812331733e-15,2.408885991674621e-06,2.9737091383959743e-06,5.382595130070595e-06,3.6340372776770016e-23
quadrature,139.58154341919666,1.2743914539109451e-15,2.412927424272433e-06,2.9786981852374856e-06,5.391625609509918e-06,3.6340372776770016e-23
quadrature,139.5832176983596,1.2701312166048854e-15,2.416970722240799e-06,2.9836895348320043e-06,5.400660257072803e-06,3.6340372776770016e-23
quadrature,139.58488994221375,1.2658903740389456e-15,2.4210158679691364e-06,2.9886831654397106e-06,5.409699033408847e-06,3.6340372776770016e-23
quadrature,139.5865601490092,1.2616688314036005e-15,2.425062843826188e-06,2.99367905529526e-06,5.418741899121448e-06,3.6340372776770016e-23
quadrature,139.58822831701312,1.257466494353665e-15,2.4291116321604492e-06,2.9986771826083147e-06,5.427788814768764e-06,3.6340372776770016e-23
quadrature,139.5898944445098,1.2532832690064712e-15,2.4331622153002678e-06,3.0036775255636647e-06,5.436839740863933e-06,3.6340372776770016e-23
quadrature,139.5915585298008,1.2491190619391992e-15,2.437214575554764e-06,3.0086800623223634e-06,5.445894637877127e-06,3.6340372776770016e-23
quadrature,139.59322057120485,1.244973780187e-15,2.4412686952139934e-06,3.0136847710219313e-06,5.454953466235925e-06,3.6340372776770016e-23
quadrature,139.59488056705797,1.2408473312406998e-15,2.4453245565495366e-06,3.0186916297770803e-06,5.4640161863266165e-06,3.6340372776770016e-23
quadrature,139.59653851571355,1.2367396230445143e-15,2.4493821418150796e-06,3.0237006166804322e-06,5.473082758495512e-06,3.6340372776770016e-23
quadrature,139.59819441554222,1.2326505639942656e-15,2.4534414332465187e-06,3.0287117098026483e-06,5.482153143049167e-06,3.6340372776770016e-23
quadrature,139.59984826493218,1.22858006293462e-15,2.4575024130630374e-06,3.0337248871937575e-06,5.4912273002567945e-06,3.6340372776770016e-23
quadrature,139.60150006228892,1.2245280291575326e-15,2.461565063467e-06,3.0387401268830275e-06,5.500305190350027e-06,3.6340372776770016e-23
quadrature,139.60314980603542,1.2204943723999224e-15,2.4656293666446257e-06,3.043757406879792e-06,5.509386773524418e-06,3.6340372776770016e-23
quadrature,139.60479749461223,1.2164790028412924e-15,2.4696953047667153e-06,3.048776705174356e-06,5.518472009941072e-06,3.6340372776770016e-23
quadrature,139.60644312647736,1.2124818311020525e-15,2.4737628599886996e-06,3.053797999738046e-06,5.527560859726746e-06,3.6340372776770016e-23
quadrature,139.60808670010647,1.2085027682410162e-15,2.4778320144515216e-06,3.058821268524306e-06,5.536653282975828e-06,3.6340372776770016e-23
quadrature,139.60972821399275,1.2045417257536684e-15,2.481902750281745e-06,3.0638464894688295e-06,5.545749239750575e-06,3.6340372776770016e-23
quadrature,139.6113676666471,1.200598615569749e-15,2.4859750495923852e-06,3.0688736404905825e-06,5.554848690082968e-06,3.6340372776770016e-23
quadrature,139.61300505659807,1.196673350051467e-15,2.4900488944830803e-06,3.07390269949202e-06,5.563951593975101e-06,3.6340372776770016e-23
quadrature,139.61464038239188,1.1927658419912403e-15,2.4941242670407897e-06,3.0789336443599436e-06,5.573057911400733e-06,3.6340372776770016e-23
quadrature,139.61627364259255,1.1888760046097176e-15,2.4982011493401857e-06,3.0839664529659876e-06,5.582167602306173e-06,3.6340372776770016e-23
quadrature,139.6179048357818,1.1850037515538065e-15,2.5022795234440643e-06,3.089001103167125e-06,5.591280626611189e-06,3.6340372776770016e-23
quadrature,139.61953396055915,1.1811489968945089e-15,2.5063593714039614e-06,3.0940375728064277e-06,5.600396944210389e-06,3.6340372776770016e-23
quadrature,139.62116101554207,1.1773116551248308e-15,2.5104406752607053e-06,3.0990758397137517e-06,5.609516514974457e-06,3.6340372776770016e-23
quadrature,139.6227859993657,1.173491641158171e-15,2.5145234170444704e-06,3.1041158817057986e-06,5.6186392987502695e-06,3.6340372776770016e-23
quadrature,139.6244089106832,1.1696888703257754e-15,2.518607578775833e-06,3.109157676587422e-06,5.627765255363255e-06,3.6340372776770016e-23
quadrature,139.6260297481656,1.1659032583750754e-15,2.522693142465895e-06,3.114201202151781e-06,5.636894344617676e-06,3.6340372776770016e-23
quadrature,139.62764851050179,1.1621347214677593e-15,2.5267800901167043e-06,3.119246436180855e-06,5.64602652629756e-06,3.6340372776770016e-23
quadrature,139.62926519639873,1.158383176177457e-15,2.530868403722101e-06,3.1242933564464943e-06,5.655161760168596e-06,3.6340372776770016e-23
quadrature,139.63087980458133,1.1546485394880965e-15,2.534958065267847e-06,3.1293419407105746e-06,5.664300005978421e-06,3.6340372776770016e-23
quadrature,139.63249233379244,1.150930728791865e-15,2.5390490567321967e-06,3.134392166725704e-06,5.673441223457901e-06,3.6340372776770016e-23
quadrature,139.63410278279304,1.147229661887119e-15,2.5431413600865303e-06,3.139444012236006e-06,5.682585372322537e-06,3.6340372776770016e-23
quadrature,139.63571115036214,1.1435452569764954e-15,2.54723495729578e-06,3.144497454977643e-06,5.691732412273423e-06,3.6340372776770016e-23
quadrature,139.63731743529678,1.1398774326652259e-15,2.5513298303186424e-06,3.149552472679079e-06,5.700882302997721e-06,3.6340372776770016e-23
quadrature,139.63892163641214,1.1362261079588717e-15,2.5554259611084344e-06,3.154609043062139e-06,5.710035004170573e-06,3.6340372776770016e-23
quadrature,139.6405237525415,1.1325912022615872e-15,2.5595233316133855e-06,3.1596671438423653e-06,5.719190475455751e-06,3.6340372776770016e-23
quadrature,139.64212378253632,1.128972635374131e-15,2.563621923777206e-06,3.1647267527297244e-06,5.72834867650693e-06,3.6340372776770016e-23
quadrature,139.64372172526615,1.1253703274921437e-15,2.56772171953938e-06,3.169787847428963e-06,5.737509566968343e-06,3.6340372776770016e-23
quadrature,139.64531757961876,1.1217841992040412e-15,2.5718227008358897e-06,3.174850405640505e-06,5.746673106476394e-06,3.6340372776770016e-23
quadrature,139.64691134450013,1.1182141714892449e-15,2.5759248495995765e-06,3.179914405060899e-06,5.755839254660476e-06,3.6340372776770016e-23
quadrature,139.6485030188344,1.1146601657163482e-15,2.5800281477605784e-06,3.1849798233833546e-06,5.765007971143933e-06,3.6340372776770016e-23
quadrature,139.65009260156395,1.1111221036411652e-15,2.5841325772469167e-06,3.1900466382984685e-06,5.774179215545385e-06,3.6340372776770016e-23
quadrature,139.6516800916495,1.1075999074048493e-15,2.588238119985008e-06,3.1951148274948576e-06,5.783352947479865e-06,3.6340372776770016e-23
quadrature,139.65326548806985,1.1040934995323366e-15,2.592344757899816e-06,3.200184368659343e-06,5.792529126559159e-06,3.6340372776770016e-23
quadrature,139.6548487898222,1.1006028029300993e-15,2.596452472915799e-06,3.2052552394781247e-06,5.8017077123939236e-06,3.6340372776770016e-23
quadrature,139.65642999592205,1.0971277408845398e-15,2.6005612469571463e-06,3.2103274176370694e-06,5.810888664594216e-06,3.6340372776770016e-23
quadrature,139.65800910540312,1.0936682370601992e-15,2.604671061948216e-06,3.2154008808222504e-06,5.820071942770467e-06,3.6340372776770016e-23
quadrature,139.65958611731745,1.0902242154979738e-15,2.608781899813982e-06,3.220475606720505e-06,5.829257506534487e-06,3.6340372776770016e-23
quadrature,139.66116103073546,1.0867956006130278e-15,2.6128937424808576e-06,3.225551573020443e-06,5.8384453155013e-06,3.6340372776770016e-23
quadrature,139.66273384474584,1.0833823171933978e-15,2.6170065718766926e-06,3.2306287574124513e-06,5.847635329289144e-06,3.6340372776770016e-23
quadrature,139.66430455845568,1.0799842903979173e-15,2.6211203699316023e-06,3.235707137589712e-06,5.856827507521314e-06,3.6340372776770016e-23
quadrature,139.66587317099038,1.0766014457545856e-15,2.62523511857827e-06,3.2407866912485763e-06,5.866021809826846e-06,3.6340372776770016e-23
quadrature,139.66743968149373,1.0732337091586964e-15,2.6293507997525436e-06,3.245867396089304e-06,5.8752181958418475e-06,3.6340372776770016e-23
quadrature,139.66900408912784,1.0698810068712756e-15,2.633467395393674e-06,3.2509492298163537e-06,5.884416625210027e-06,3.6340372776770016e-23
quadrature,139.67056639307324,1.0665432655170423e-15,2.637584887445137e-06,3.2560321701394016e-06,5.8936170575845384e-06,3.6340372776770016e-23
quadrature,139.67212659252885,1.0632204120828587e-15,2.641703257854873e-06,3.2611161947736347e-06,5.902819452628507e-06,3.6340372776770016e-23
quadrature,139.6736846867119,1.059912373916071e-15,2.6458224885756626e-06,3.2662012814402132e-06,5.912023770015876e-06,3.6340372776770016e-23
quadrature,139.67524067485814,1.0566190787224263e-15,2.6499425615660407e-06,3.2712874078674037e-06,5.9212299694334445e-06,3.6340372776770016e-23
quadrature,139.6767945562216,1.0533404545647866e-15,2.65406345879023e-06,3.2763745517904933e-06,5.930438010580724e-06,3.6340372776770016e-23
quadrature,139.67834633007476,1.050076429861183e-15,2.658185162218902e-06,3.281462690952729e-06,5.939647853171631e-06,3.6340372776770016e-23
quadrature,139.6798959957085,1.0468269333830584e-15,2.662307653829713e-06,3.2865518031059805e-06,5.948859456935693e-06,3.6340372776770016e-23
quadrature,139.6814435524321,1.043591894253758e-15,2.666430915607543e-06,3.2916418660110364e-06,5.958072781618579e-06,3.6340372776770016e-23
quadrature,139.68298899957327,1.0403712419467213e-15,2.6705549295451108e-06,3.2967328574383614e-06,5.967287786983472e-06,3.6340372776770016e-23
quadrature,139.6845323364781,1.037164906283748e-15,2.674679677643514e-06,3.3018247551687624e-06,5.976504432812276e-06,3.6340372776770016e-23
quadrature,139.68607356251107,1.0339728174335612e-15,2.6788051419123896e-06,3.3069175369935893e-06,5.985722678905978e-06,3.6340372776770016e-23
quadrature,139.6876126770551,1.030794905909846e-15,2.6829313043707643e-06,3.312011180715784e-06,5.994942485086549e-06,3.6340372776770016e-23
quadrature,139.68914967951156,1.0276311025697673e-15,2.6870581470472902e-06,3.3171056641501685e-06,6.004163811197459e-06,3.6340372776770016e-23
quadrature,139.69068456930012,1.024481338612318e-15,2.6911856519807162e-06,3.3222009651240308e-06,6.0133866171047466e-06,3.6340372776770016e-23
quadrature,139.6922173458589,1.0213455455766681e-15,2.695313801220354e-06,3.3272970614776983e-06,6.022610862698053e-06,3.6340372776770016e-23
quadrature,139.6937480086444,1.0182236553404682e-15,2.699442576826627e-06,3.3323939310652145e-06,6.031836507891841e-06,3.6340372776770016e-23
quadrature,139.69527655713162,1.0151156001181574e-15,2.7035719608716153e-06,3.3374915517550136e-06,6.0410635126266285e-06,3.6340372776770016e-23
quadrature,139.69680299081378,1.0120213124596807e-15,2.70770193543907e-06,3.3425899014299375e-06,6.0502918368690075e-06,3.6340372776770016e-23
quadrature,139.6983273092026,1.0089407252484624e-15,2.7118324826254185e-06,3.3476889579884767e-06,6.059521440613895e-06,3.6340372776770016e-23
quadrature,139.69984951182812,1.0058737717000787e-15,2.7159635845398585e-06,3.3527886993448844e-06,6.068752283884743e-06,3.6340372776770016e-23
quadrature,139.7013695982388,1.0028203853604743e-15,2.720095223305056e-06,3.3578891034300433e-06,6.0779843267350994e-06,3.6340372776770016e-23
quadrature,139.70288756800144,9.997805001045871e-16,2.7242273810573172e-06,3.362990148191672e-06,6.087217529248989e-06,3.6340372776770016e-23
quadrature,139.70440342070114,9.967540501346368e-16,2.7283600399472103e-06,3.368091811595096e-06,6.096451851542306e-06,3.6340372776770016e-23
quadrature,139.70591715594145,9.937409699784174e-16,2.732493182140202e-06,3.373194071624034e-06,6.105687253764236e-06,3.6340372776770016e-23
quadrature,139.70742877334416,9.907411944880525e-16,2.736626789816666e-06,3.3782969062806046e-06,6.11492369609727e-06,3.6340372776770016e-23
quadrature,139.70893827254946,9.877546588381322e-16,2.740760845172744e-06,3.383400293586394e-06,6.124161138759138e-06,3.6340372776770016e-23
quadrature,139.71044565321583,9.847812985243078e-16,2.7448953304205967e-06,3.38850421158276e-06,6.133399542003357e-06,3.6340372776770016e-23
quadrature,139.71195091501997,9.81821049361891e-16,2.749030227788637e-06,3.3936086383311274e-06,6.142638866119765e-06,3.6340372776770016e-23
quadrature,139.71345405765703,9.788738474838437e-16,2.7531655195226423e-06,3.3987135519143537e-06,6.1518790714369965e-06,3.6340372776770016e-23
quadrature,139.71495508084033,9.759396293397813e-16,2.757301187885443e-06,3.403818930436351e-06,6.1611201183217934e-06,3.6340372776770016e-23
quadrature,139.71645398430144,9.730183316941968e-16,2.761437215157717e-06,3.4089247520230614e-06,6.170361967180779e-06,3.6340372776770016e-23
quadrature,139.71795076779026,9.701098916248607e-16,2.76557358363855e-06,3.414030994823151e-06,6.179604578461701e-06,3.6340372776770016e-23
quadrature,139.7194454310749,9.672142465214504e-16,2.769710275645673e-06,3.419137637008305e-06,6.188847912653978e-06,3.6340372776770016e-23
quadrature,139.7209379739416,9.643313340841236e-16,2.773847273515789e-06,3.4242446567736265e-06,6.198091930289415e-06,3.6340372776770016e-23
quadrature,139.72242839619497,9.614610923217177e-16,2.7779845596054455e-06,3.4293520323387177e-06,6.207336591944163e-06,3.6340372776770016e-23
quadrature,139.72391669765764,9.586034595506662e-16,2.782122116290881e-06,3.4344597419474892e-06,6.21658185823837e-06,3.6340372776770016e-23
quadrature,139.72540287817054,9.557583743930988e-16,2.7862599259690626e-06,3.439567763869439e-06,6.225827689838502e-06,3.6340372776770016e-23
quadrature,139.72688693759264,9.529257757757688e-16,2.7903979710575296e-06,3.4446760763994623e-06,6.2350740474569914e-06,3.6340372776770016e-23
quadrature,139.72836887580112,9.5010560292822e-16,2.7945362339953507e-06,3.449784657859031e-06,6.244320891854381e-06,3.6340372776770016e-23
quadrature,139.7298486926913,9.472977953815058e-16,2.798674697243289e-06,3.454893486596399e-06,6.2535681838396875e-06,3.6340372776770016e-23
quadrature,139.73132638817643,9.445022929669118e-16,2.802813343283963e-06,3.460002540986799e-06,6.262815884270762e-06,3.6340372776770016e-23
quadrature,139.73280196218803,9.417190358140356e-16,2.8069521546229646e-06,3.465111799433825e-06,6.27206395405679e-06,3.6340372776770016e-23
quadrature,139.73427541467558,9.389479643497897e-16,2.811091113788625e-06,3.4702212403691406e-06,6.281312354157766e-06,3.6340372776770016e-23
quadrature,139.73574674560655,9.361890192968154e-16,2.8152302033326524e-06,3.4753308422532703e-06,6.290561045585923e-06,3.6340372776770016e-23
quadrature,139.73721595496647,9.334421416719604e-16,2.819369405830693e-06,3.480440583576287e-06,6.299809989406981e-06,3.6340372776770016e-23
quadrature,139.73868304275885,9.307072727849709e-16,2.823508703882578e-06,3.485550442858119e-06,6.309059146740697e-06,3.6340372776770016e-23
quadrature,139.74014800900517,9.279843542369802e-16,2.8276480801128758e-06,3.490660398649235e-06,6.318308478762111e-06,3.6340372776770016e-23
quadrature,139.7416108537448,9.252733279192647e-16,2.8317875171710592e-06,3.495770429530845e-06,6.327557946701904e-06,3.6340372776770016e-23
quadrature,139.743071577035,9.225741360116888e-16,2.8359269977321454e-06,3.500880514115694e-06,6.336807511847839e-06,3.6340372776770016e-23
quadrature,139.744530178951,9.198867209813677e-16,2.840066504497014e-06,3.5059906310484524e-06,6.3460571355454665e-06,3.6340372776770016e-23
quadrature,139.74598665958587,9.172110255811751e-16,2.8442060201929702e-06,3.511100759006414e-06,6.355306779199384e-06,3.6340372776770016e-23
quadrature,139.74744101905043,9.14546992848574e-16,2.848345527573822e-06,3.516210876699589e-06,6.364556404273411e-06,3.6340372776770016e-23
quadrature,139.74889325747336,9.118945661040829e-16,2.852485009420522e-06,3.5213209628714958e-06,6.373805972292018e-06,3.6340372776770016e-23
quadrature,139.7503433750011,9.092536889499067e-16,2.856624448541566e-06,3.5264309962996544e-06,6.38305544484122e-06,3.6340372776770016e-23
quadrature,139.75179137179788,9.066243052686242e-16,2.8607638277733122e-06,3.531540955795983e-06,6.392304783569295e-06,3.6340372776770016e-23
quadrature,139.75323724804556,9.040063592218275e-16,2.864903129980381e-06,3.5366508202072853e-06,6.401553950187666e-06,3.6340372776770016e-23
quadrature,139.75468100394377,9.013997952487169e-16,2.86904233805613e-06,3.541760568415842e-06,6.4108029064719725e-06,3.6340372776770016e-23
quadrature,139.75612263970973,8.988045580648539e-16,2.873181434922896e-06,3.5468701793397083e-06,6.4200516142626045e-06,3.6340372776770016e-23
quadrature,139.75756215557834,8.962205926606638e-16,2.8773204035326304e-06,3.5519796319334963e-06,6.429300035466127e-06,3.6340372776770016e-23
quadrature,139.75899955180205,8.936478443003017e-16,2.881459226866976e-06,3.5570889051884725e-06,6.4385481320554484e-06,3.6340372776770016e-23
quadrature,139.76043482865086,8.910862585202146e-16,2.8855978879378196e-06,3.562197978133239e-06,6.447795866071059e-06,3.6340372776770016e-23
quadrature,139.76186798641237,8.885357811277137e-16,2.88973636978786e-06,3.567306829834433e-06,6.457043199622293e-06,3.6340372776770016e-23
quadrature,139.76329902539158,8.859963581999537e-16,2.8938746554905054e-06,3.5724154393966046e-06,6.4662900948871096e-06,3.6340372776770016e-23
quadrature,139.764727945911,8.834679360823102e-16,2.8980127281507643e-06,3.5775237859633113e-06,6.475536514114075e-06,3.6340372776770016e-23
quadrature,139.7661547483106,8.809504613872193e-16,2.9021505709053935e-06,3.582631848717303e-06,6.484782419622696e-06,3.6340372776770016e-23
quadrature,139.76757943294766,8.784438809930185e-16,2.9062881669230424e-06,3.5877396068807024e-06,6.494027773803745e-06,3.6340372776770016e-23
quadrature,139.76900200019688,8.759481420422928e-16,2.910425499405226e-06,3.5928470397162013e-06,6.503272539121427e-06,3.6340372776770016e-23
quadrature,139.7704224504502,8.734631919410267e-16,2.9145625515859734e-06,3.597954126526631e-06,6.512516678112604e-06,3.6340372776770016e-23
quadrature,139.77184078411696,8.70988978356961e-16,2.9186993067327978e-06,3.6030608466561565e-06,6.521760153388954e-06,3.6340372776770016e-23
quadrature,139.77325700162365,8.685254492185039e-16,2.9228357481467593e-06,3.6081671794903585e-06,6.531002927637118e-06,3.6340372776770016e-23
quadrature,139.77467110341397,8.66072552713497e-16,2.92697185916277e-06,3.613273104456604e-06,6.540244963619374e-06,3.6340372776770016e-23
quadrature,139.7760830899488,8.636302372878374e-16,2.93110762315015e-06,3.6183786010247386e-06,6.549486224174888e-06,3.6340372776770016e-23
quadrature,139.7774929617062,8.611984516442048e-16,2.935243023513018e-06,3.623483648707563e-06,6.5587266722205815e-06,3.6340372776770016e-23
quadrature,139.77890071918125,8.587771447409896e-16,2.9393780436903478e-06,3.6285882270609072e-06,6.567966270751255e-06,3.6340372776770016e-23
quadrature,139.78030636288608,8.563662657909299e-16,2.9435126671565175e-06,3.6336923156843076e-06,6.577204982840825e-06,3.6340372776770016e-23
quadrature,139.7817098933499,8.539657642597567e-16,2.947646877421868e-06,3.638795894221695e-06,6.586442771643563e-06,3.6340372776770016e-23
quadrature,139.7831113111188,8.515755898652309e-16,2.9517806580325885e-06,3.6438989423612538e-06,6.595679600393842e-06,3.6340372776770016e-23
quadrature,139.78451061675585,8.491956925757011e-16,2.9559139925714286e-06,3.649001439836301e-06,6.60491543240773e-06,3.6340372776770016e-23
quadrature,139.785907810841,8.468260226089549e-16,2.960046864657928e-06,3.6541033664255705e-06,6.6141502310834985e-06,3.6340372776770016e-23
quadrature,139.787302893971,8.444665304310291e-16,2.9641792579486985e-06,3.6592047019535622e-06,6.62338395990226e-06,3.6340372776770016e-23
quadrature,139.7886958667594,8.421171667550219e-16,2.968311156137739e-06,3.664305426290927e-06,6.632616582428666e-06,3.6340372776770016e-23
quadrature,139.79008672983662,8.397778825396723e-16,2.9724425429571456e-06,3.6694055193553466e-06,6.641848062312492e-06,3.6340372776770016e-23
quadrature,139.7914754838496,8.374486289885181e-16,2.9765734021768163e-06,3.6745049611111695e-06,6.651078363287985e-06,3.6340372776770016e-23
quadrature,139.79286212946212,8.351293575483885e-16,2.9807037176053413e-06,3.679603731570507e-06,6.660307449175848e-06,3.6340372776770016e-23
quadrature,139.79424666735443,8.328200199084747e-16,2.984833473089873e-06,3.6847018107930757e-06,6.669535283882949e-06,3.6340372776770016e-23
