eta,s,p_over_M,local_cross,local_tau,ratio_to_abstract_static
0.5,0.000000000001,0.000001,3.3926525692151485056067570763193579338591396070715733235164673695e-73,3.0533873122936336550460813686874221404732256463644159911648206326e-72,0.0000000000039999999999185625000008747324218683196400909836849028399142865553
0.5,0.0000000000012589254117941672104239541063958006060936174094669310691079230195,0.0000011220184543019634355910389464779057367223085073605529624450744482,4.2710965327512048669375050828446702713648331780394696421014828117e-73,3.8439868794760843802437545745602032442283498602355226778913345306e-72,0.0000000000050357016470475991023365098167690881605924320715167845513518366831
0.5,0.0000000000015848931924611134852021013733915070132694421338250390683162968123,0.0000012589254117941672104239541063958006060936174094669310691079230195,5.3769919612707659580400701014482591116562249484883539965756779685e-73,4.8392927651436893622360630913034332004906024536395185969181101717e-72,0.0000000000063395727696398921895458264357641392471790514843454603090264388894
0.5,0.000000000001995262314968879601352455396739535557986274315405346099229913667,0.0000014125375446227543021556078639302409297897161501012685109119685596,6.7692318190001698459699612265171211432079200208834412818765319722e-73,6.092308637100152861372965103865409028887128018795097153688878775e-72,0.0000000000079810492595513098783972655099672527767315437768407337440408308388
0.5,0.0000000000025118864315095801110850320677993273941585181007824754286798884209,0.0000015848931924611134852021013733915070132694421338250390683162968123,8.5219579551753332008356407092023354405205795300100662840486485188e-73,7.669762159657799880752076638282101896468521577009059655643783667e-72,0.00000000001004754572552448455694293446829548369336078841500883822588384809
0.5,0.0000000000031622776601683793319988935444327185337195551393252168268575048528,0.0000017782794100389228012254211951926848447357905264022553580118307228,1.0728509427869623313811911062743808210150371441730055591212444739e-72,9.6556584850826609824307199564694273891353342975570500320912002647e-72,0.000000000012649110639859142328023235645693409045621058724799296519592598028
0.5,0.0000000000039810717055349725077025230508775204348767703729738044686528414806,0.000001995262314968879601352455396739535557986274315405346099229913667,1.350639314919321739169823784652450045233156184687849722059245446e-72,1.2155753834273895652528414061872050407098405662190647498533209014e-71,0.000000000015924286820849192637254764793600640213414672411553615138091795926
0.5,0.0000000000050118723362727228500155418688494576806047198983281926392969745589,0.000002238721138568339611954950852465742333707261397683803528065353234,1.7003541556845146006654846160199548984952087438683707324449014515e-72,1.5303187401160631405989361544179594086456878694815336592004113063e-71,0.000000000020047489343045273887511675459870612067353827828056954569818277821
0.5,0.0000000000063095734448019324943436013662234386467294525718822872452772952883,0.0000025118864315095801110850320677993273941585181007824754286798884209,2.1406190555844950701408746129656866926064599661613296755666651552e-72,1.9265571500260455631267871516691180233458139695451967080099986397e-71,0.000000000025238293775965644707399085079093857352700161207096299997733958496
0.5,0.0000000000079432823472428150206591828283638793258896063175548433209232392932,0.0000028183829312644538191019236991551107186830435837709540029410540597,2.6948797259565165833875221036531080878758409004052108209775703354e-72,2.4253917533608649250487698932877972790882568103646897388798133019e-71,0.000000000031773129383832901208964562261031467276034253779205161102851546031
0.5,0.00000000001,0.0000031622776601683793319988935444327185337195551393252168268575048528,3.3926525685934979325552683463827129233290449178909545906005850659e-72,3.0533873117341481392997415117444416309961404261018591315405265593e-71,0.000000000039999999991856250000874732421808196400913554037158790553034831869
0.5,0.000000000012589254117941672104239541063958006060936174094669310691079230195,0.000003548133892335754584332187022644906204913468320653236306803393404,4.2710965317659551056487919412115674314444880791985352916318546748e-72,3.8439868785893595950839127470904106883000392712786817624686692073e-71,0.000000000050357016458859714482598291947598255249015365830241117965141609582
0.5,0.000000000015848931924611134852021013733915070132694421338250390683162968123,0.0000039810717055349725077025230508775204348767703729738044686528414806,5.3769919597092503185597916932484149663486040429206132569667341504e-72,4.8392927637383252867038125239235734697137436386285519312700607354e-71,0.000000000063395727677988364284960284400230691758013291115930322943777380104
0.5,0.00000000001995262314968879601352455396739535557986274315405346099229913667,0.0000044668359215096311855625052431937661637730017860801456820167235233,6.7692318165253343391561010105697484230475956887196010508350005719e-72,6.0923086348728009052404909095127735807428361198476409457515005147e-71,0.000000000079810492566334331359096030114160876841406053341057995333992803043
0.5,0.000000000025118864315095801110850320677993273941585181007824754286798884209,0.0000050118723362727228500155418688494576806047198983281926392969745589,8.5219579512529832538647262559555755882027095276371343459263967273e-72,7.6697621561276849284782536303600180293824385748734209113337570546e-71,0.00000000010047545720899961571615911956504999586559823134792332642306290235
0.5,0.000000000031622776601683793319988935444327185337195551393252168268575048528,0.0000056234132519034908039495103977648123146825104309869166408168942374,1.0728509421653117584885209442536051606408119866510927781325312996e-71,9.6556584794878058263966884982824464457673078798598350031927816963e-71,0.00000000012649110632529767330761720973383132817476154351071355578068626581
0.5,0.000000000039810717055349725077025230508775204348767703729738044686528414806,0.0000063095734448019324943436013662234386467294525718822872452772952883,1.3506393139340719781979953464728883647232224053413951685528196162e-71,1.2155753825406647803781958118255995282509001648072556516975376546e-70,0.00000000015924286809232916100224087717087219179504215201878984230601053545
0.5,0.000000000050118723362727228500155418688494576806047198983281926392969745589,0.0000070794578438413791080221494218931270935443296555129868132715923463,1.7003541541229989618174743147449409992680680181093838739662273735e-71,1.5303187387106990656357268832704468993412612162984454865696046362e-70,0.00000000020047489324634716284468253185721014402921835697088675252662859799
0.5,0.000000000063095734448019324943436013662234386467294525718822872452772952883,0.0000079432823472428150206591828283638793258896063175548433209232392932,2.1406190531096595645885551235560830514404516637126031833449202721e-71,1.9265571477986936081296996112004747462964064973413428650104282449e-70,0.0000000002523829374678687729739625811179693878074606796960749252469861177
0.5,0.000000000079432823472428150206591828283638793258896063175548433209232392932,0.0000089125093813374552995310868107829696398587478293004836994794349507,2.6948797220341666389337123204484987729923301090237474604754119665e-71,2.4253917498307499750403410884036488956930970981213727144278707699e-70,0.00000000031773129337587671385371465804411354564645175855906898800803962509
0.5,0.0000000001,0.00001,3.3926525623769922086508508160944751698683031714013255931737512196e-71,3.0533873061392929877857657344850276528814728542611930338563760976e-70,0.00000000039999999918562500087473242120696400950725918442817968288095109054
0.5,0.00000000012589254117941672104239541063958006060936174094669310691079230195,0.000011220184543019634355910389464779057367223085073605529624450744482,4.2710965219134575059512817364682876636551065435561343725735338246e-71,3.8439868697221117553561535628214588972895958892005209353161804421e-70,0.00000000050357016342696949230438298341747551541790293414161154485644759514
0.5,0.00000000015848931924611134852021013733915070132694421338250390683162968123,0.000012589254117941672104239541063958006060936174094669310691079230195,5.3769919440940939500737617561731709391391592289993021254406839119e-71,4.8392927496846845550663855805558538452252433060993719128966155207e-70,0.00000000063395727493882788490259873681735101500713930201546965983599807106
0.5,0.0000000001995262314968879601352455396739535557986274315405346099229913667,0.000014125375446227543021556078639302409297897161501012685109119685596,6.7692317917769793235263266304958683048614304639751491729378915185e-71,6.0923086125992813911736939674462814743752874175776342556441023666e-70,0.00000000079810492274546657729418551738855739535527126614626574105461942256
0.5,0.00000000025118864315095801110850320677993273941585181007824754286798884209,0.000015848931924611134852021013733915070132694421338250390683162968123,8.5219579120294838889244669490322329290302246710567382414631057013e-71,7.6697621208265355000320202541290096361272022039510644173167951311e-70,0.0000000010047545674654731841870136319907717263083838655343752307880735999
0.5,0.00000000031622776601683793319988935444327185337195551393252168268575048528,0.000017782794100389228012254211951926848447357905264022553580118307228,1.072850935948806050465960159703313489236232370890586047391183511e-70,9.6556584235392544541936414373298214031260913380152744265206515986e-70,0.00000000126491105592360176046102531417243518725119590782727907384240893
0.5,0.00000000039810717055349725077025230508775204348767703729738044686528414806,0.00001995262314968879601352455396739535557986274315405346099229913667,1.3506393040815744101889553719162714064717871377215912568637128713e-70,1.2155753736734169691700598347246442658246084239494321311773415841e-69,0.0000000015924286693070151221677007111311518003648954873652798752725473419
0.5,0.00000000050118723362727228500155418688494576806047198983281926392969745589,0.00002238721138568339611954950852465742333707261397683803528065353234,1.7003541385078426565582547808651589259732135332467666469401263684e-70,1.5303187246570583909024293027786430333758921799220899822461137316e-69,0.0000000020047489140529141235223607382581969343797584931077803354254205011
0.5,0.00000000063095734448019324943436013662234386467294525718822872452772952883,0.000025118864315095801110850320677993273941585181007824754286798884209,2.1406190283613046751128526706016080879476176499863147770781784764e-70,1.9265571255251742076015674035414472791528558849876832993703606288e-69,0.0000000025238293454999205155098572990538954711350917630381678297427640695
0.5,0.00000000079432823472428150206591828283638793258896063175548433209232392932,0.000028183829312644538191019236991551107186830435837709540029410540597,2.6948796828106675257039181924590905421614940432712179087992427838e-70,2.4253917145296007731335263732131814879453446389440961179193185054e-69,0.0000000031773128875135377055626554046510064005699608256608614572863744093
0.5,0.000000001,0.000031622776601683793319988935444327185337195551393252168268575048528,3.3926525002119356306536473776445730923393880935928660550075097887e-70,3.0533872501907420675882826398801157831054492842335794495067588099e-69,0.0000000039999999185625008747324151946401322444729294423486745096585135947
0.5,0.0000000012589254117941672104239541063958006060936174094669310691079230195,0.00003548133892335754584332187022644906204913468320653236306803393404,4.2710964233884828279382881793905812722822476664602019790189077204e-70,3.8439867810496345451444593614515231450540228998141817811170169483e-69,0.0000000050357015181069312259645072427789082213970092105676884039417518086
0.5,0.0000000015848931924611134852021013733915070132694421338250390683162968123,0.000039810717055349725077025230508775204348767703729738044686528414806,5.3769917879425328968888450561088109134931252235347988614692918826e-70,4.8392926091482796071999605504979298221438127011813189753223626943e-69,0.0000000063395725652827061571194276875010023173458310344435719976250539753
0.5,0.000000001995262314968879601352455396739535557986274315405346099229913667,0.000044668359215096311855625052431937661637730017860801456820167235233,6.7692315442934344181112808374171996481381322929042397135082671809e-70,6.0923083898640909763001527536754796833243190636138157421574404628e-69,0.0000000079810489356669983341519973550081085210975445196170550635618992424
0.5,0.0000000025118864315095801110850320677993273941585181007824754286798884209,0.000050118723362727228500155418688494576806047198983281926392969745589,8.5219575197945007164101956533035642220316355389378054216123450772e-70,7.6697617678150506447691760879732077998284719850440248794511105695e-69,0.000000010047545212202446896857091360279142829732891317416784504156127946
0.5,0.0000000031622776601683793319988935444327185337195551393252168268575048528,0.000056234132519034908039495103977648123146825104309869166408168942374,1.0728508737837510606543854460600418056167320632737037998240168214e-69,9.6556578640537595458894690145403762505505885694633341984161513928e-69,0.000000012649109826298544989462869344699762971564712143838923757475047218
0.5,0.0000000039810717055349725077025230508775204348767703729738044686528414806,0.000063095734448019324943436013662234386467294525718822872452772952883,1.3506392055566029010228696660547367148021759200846476438378419697e-69,1.2155752850009426109205826994492630433219583280761828794540577727e-68,0.000000015924285531442551612173723359359166207516252167655358254028031851
0.5,0.0000000050118723362727228500155418688494576806047198983281926392969745589,0.000070794578438413791080221494218931270935443296555129868132715923463,1.7003539823562879260540891127938973490925182913166867241173660372e-69,1.5303185841206591334486802015145076141832664621850180517056294334e-68,0.000000020047487299473488861731091357864355528801486546261425017458426918
0.5,0.0000000063095734448019324943436013662234386467294525718822872452772952883,0.000079432823472428150206591828283638793258896063175548433209232392932,2.1406187808777723851042729319909326527971120952072575209638902667e-69,1.92655690278999514659384563879183938751740088568653176886750124e-68,0.000000025238290537122679505170752780753793731363012406725836211063945415
0.5,0.0000000079432823472428150206591828283638793258896063175548433209232392932,0.000089125093813374552995310868107829696398587478293004836994794349507,2.6948792905757095242343395091001214806768584472452120720073859801e-69,2.4253913615181385718109055581901093326091726025206908648066473821e-68,0.000000031773124250612824376759044857201411418129477468773988584654018634
0.5,0.00000001,0.0001,3.3926518785614359553737560479451531720047666329344961746511536285e-69,3.0533866907052923598363804431506378548042899696410465571860382656e-68,0.000000039999991856250874732355071405039632638943625140368307547286992349
0.5,0.000000012589254117941686598153973007165166288704887379154346553437656274,0.00011220184543019640814767806814585603896906998039407635907265870248,4.2710954381388728612856161871654349111687812960074788126906632414e-69,3.8439858943249855751570545684488914200519031664067309314215969173e-68,0.000000050357003564794555607862473120342979391063546095119880498625372465
0.5,0.000000015848931924611134852021013733915070132694421338250390683162968123,0.00012589254117941672104239541063958006060936174094669310691079230195,5.3769902264271855325461234957287158555336978417396953089345008182e-69,4.8392912037844669792915111461558442699803280575657257780410507364e-68,0.000000063395707242272895174014163756737545421247319668185194272066473655
0.5,0.00000001995262314968879601352455396739535557986274315405346099229913667,0.00014125375446227543021556078639302409297897161501012685109119685596,6.7692290694585104521506913579273637886313905135727803394318990096e-69,6.0923061625126594069356222221346274097682514622155023054887091086e-68,0.000000079810460177909430349212331345774148023383717546886567271156753197
0.5,0.000000025118864315095801110850320677993273941585181007824754286798884209,0.00015848931924611134852021013733915070132694421338250390683162968123,8.5219535974457166798988791568423558107341503053675348689271970875e-69,7.6697582377011450119089912411581202296607352748307813820344773787e-68,0.00000010047540587680832690961058023552307129331483602984880983560556991
0.5,0.000000031622776601683793319988935444327185337195551393252168268575048528,0.00017782794100389228012254211951926848447357905264022553580118307228,1.0728502521334102038915176186030387436322033271267892048821716761e-68,9.6556522692006918350236585674273486926898299441411028439395450853e-68,0.00000012649102496926283474123858612107140784326236946139400598751328754
0.5,0.000000039810717055349770910807047034845225988801028658054209617191000885,0.00019952623149688807499177711617729928155650425586574571637131064395,1.3506382203073064566451881233843182861594338253475002616419758443e-68,1.2155743982765758109806693110458864575434904428127502354777782599e-67,0.00000015924273915171491445882493965351718056928474349063920134054865459
0.5,0.000000050118723362727228500155418688494576806047198983281926392969745589,0.0002238721138568339611954950852465742333707261397683803528065353234,1.7003524208415728294971832941985853749747251280523565117346222815e-68,1.5303171787574155465474649647787268374772526152471208605611600534e-67,0.00000020047468888926777018448303920093140015510528636324417049386170506
0.5,0.00000006309573444801947022673358518259070070334379634375296687865737997,0.00025118864315095830030011583117850345896746320413875753287803909513,2.1406163060441148880084961665750862406650105336343074251636702791e-68,1.9265546754397033992076465499175776165985094802708766826473032512e-67,0.00000025238261358377058414541211528506323577011909311099779236148798981
0.5,0.000000079432823472428150206591828283638793258896063175548433209232392932,0.00028183829312644538191019236991551107186830435837709540029410540597,2.6948753682294425903670041815843261605723392262606453960935155347e-68,2.4253878314064983313303037634258935445151053036345808564841639812e-67,0.0000003177307800542635942257236327956553038307323215144911200769404079
0.5,0.0000001,0.00031622776601683793319988935444327185337195551393252168268575048528,3.3926456620630496667457629007853928903044327266232861130189059151e-68,3.0533810958567447000711866107068536012739894539609575017170153236e-67,0.00000039999918562587473175383942211491848760165193532179738106435011452
0.5,0.00000012589254117941686598153973007165166288704887379154346553437656274,0.00035481338923357566268022391324576806871163845925863916770487783187,4.2710855856559136290950332289250116754538948931911445840476696652e-68,3.8439770270903222661855299060325105079085054038720301256429026987e-67,0.00000050356887402201917236291188616391669268399088283013973325507006347
0.5,0.00000015848931924611134852021013733915070132694421338250390683162968123,0.00039810717055349725077025230508775204348767703729738044686528414806,5.3769746113000286079418545519399525362841898242757152028928834785e-68,4.8392771501700257471476690967459572826557708418481436826035951307e-67,0.00000063395523137041510174616020964234395764442111431635529705745575405
0.5,0.00000019952623149688841956137184568773315923629631385907472481863939557,0.00044668359215096363281974081023956621462328742328060290237465240423,6.7692043211617951182050702981242432456044395702830122319393121278e-68,6.092283889045615606384563268311818921043995613254711008745380915e-67,0.00000079810168390923171920491787618850995594572561355744352624370903595
0.5,0.00000025118864315095801110850320677993273941585181007824754286798884209,0.00050118723362727228500155418688494576806047198983281926392969745589,8.5219143740626449771447824061059238911470935629569494044865874767e-68,7.669722936656380479430304165495331502032384206661254464037928729e-67,0.0000010047494342588214818718343342508831323442998886606206444127281352
0.5,0.00000031622776601683793319988935444327185337195551393252168268575048528,0.00056234132519034908039495103977648123146825104309869166408168942374,1.0728440356509057211169918467873578918700631484022380552615749418e-67,9.6555963208581514900529266210862210268305683356201424973541744764e-67,0.0000012649029203450131339592918823850524965754020129545684234809225455
0.5,0.00000039810717055349770910807047034845225988801028658054209617191000885,0.0006309573444801936126426040654229210310550223080502932206512653763,1.3506283678560355668492577850405474583477835581721465744155857448e-67,1.2155655310704320101643320065364927125130052023549319169740271703e-66,0.0000015924157752952464480106742504204644350877913693444250622804825408
0.5,0.00000050118723362727228500155418688494576806047198983281926392969745589,0.00070794578438413791080221494218931270935443296555129868132715923463,1.7003368057776423941879867199914969146533769718440174395981026147e-67,1.5303031251998781547691880479923472231880392746596156956382923532e-66,0.0000020047284784440843998041477002518382290065071233085186566681323913
0.5,0.0000006309573444801947022673358518259070070334379634375296687865737997,0.00079432823472428241657009439303984960833616712990798046162269490463,2.1405915578735372326839408567285372597542804300392830555993306278e-67,1.926532402086183509415546771055683533778852387035354750039397565e-66,0.0000025237969572877986498970503000748306942257922481214242629793521507
0.5,0.00000079432823472428150206591828283638793258896063175548433209232392932,0.00089125093813374552995310868107829696398587478293004836994794349507,2.6948361450980793267405134453075065297916962541175378465389371507e-67,2.4253525305882713940664621007767558768125266287057840618850434356e-66,0.0000031772615557467869657234167853014367939801761574528865778563113121
0.5,0.000001,0.001,3.392583497740228154203694310564920112470612588713709957010646099e-67,3.0533251479662053387833248795084281012235513298423389613095814891e-66,0.0000039999185633747257415563928095289254482262365730436686207590710197
0.5,0.0000012589254117941686598153973007165166288704887379154346553437656274,0.0011220184543019640814767806814585603896906998039407635907265870248,4.2709870621452693538441496929550717545484062855425731171878883057e-67,3.8438883559307424184597347236595645790935656569883158054690994751e-66,0.0000050355725791826174439087917725684958804383877729342840121086097948
0.5,0.0000015848931924611134852021013733915070132694421338250390683162968123,0.0012589254117941672104239541063958006060936174094669310691079230195,5.3768184626600994229082439178025369520083138347136369178020190778e-67,4.8391366163940894806174195260222832568074824512422732260218171701e-66,0.000006339368211575518224210285807071779337265825516727130605661227229
0.5,0.0000019952623149688841956137184568773315923629631385907472481863939557,0.0014125375446227559283995546353140120050500976265639016711042444744,6.7689568434452798857854570089118618891871598669243138385020287234e-67,6.0920611591007518972069113080206757002684438802318824546518258511e-66,0.0000079807250582966580066155748060218319337721103625373788392149724041
0.5,0.0000025118864315095801110850320677993273941585181007824754286798884209,0.0015848931924611134852021013733915070132694421338250390683162968123,8.5215221507085934080505416693307201461009415440191417759574212468e-67,7.6693699356377340672454875023976481314908473896172275983616791221e-66,0.000010047031904014218047721708646873630174615908334576061169558642908
0.5,0.0000031622776601683793319988935444327185337195551393252168268575048528,0.0017782794100389228012254211951926848447357905264022553580118307228,1.0727818729162189459945124613060337341108278118914408100428428985e-66,9.6550368562459705139506121517543036069974503070229672903855860861e-66,0.000012648296293334317268268259718204964893707363667902825548757759499
0.5,0.0000039810717055349770910807047034845225988801028658054209617191000885,0.0019952623149688807499177711617729928155650425586574571637131064395,1.3505298475141103669681490272227051029103643985161395590497591894e-66,1.2154768627626993302713341245004345926193279586645256031447832705e-65,0.000015922996179936504456514253359175687188447266058167100491704803905
0.5,0.0000050118723362727228500155418688494576806047198983281926392969745589,0.002238721138568339611954950852465742333707261397683803528065353234,1.7001806634600728617167014205266988977159666752576043343406088602e-66,1.5301625971140655755450312784740290079443700077318439009065479741e-65,0.000020045443837696303336085309244800324968859785996337898472846139469
0.5,0.000006309573444801947022673358518259070070334379634375296687865737997,0.0025118864315095830030011583117850345896746320413875753287803909513,2.1403440927716219104056359813980439476029493237797608097445831128e-66,1.9263096834944597193650723832582395528426543914017847287701248015e-65,0.000025235051913649855959525035003165285181734814628656116175300685519
0.5,0.0000079432823472428150206591828283638793258896063175548433209232392932,0.0028183829312644538191019236991551107186830435837709540029410540597,2.6944439469130464954632487226348647893133757654974979436371976174e-66,2.4249995522217418459169238503713783103820381889477481492734778557e-65,0.000031767991468475278506690951830358456065011545094860233529512545567
0.5,0.00001,0.0031622776601683793319988935444327185337195551393252168268575048528,3.3919619206111073601805827742548891825310348507193564330732501158e-66,3.0527657285499966241625244968294002642779313656474207897659251042e-65,0.000039991857124665622405895273803186491029355913649271731809069311014
0.5,0.000012589254117941686598153973007165166288704887379154346553437656274,0.0035481338923357566268022391324576806871163845925863916770487783187,4.2700019589209639423638998011774351093555707336849138279197523155e-66,3.843001763028867548127509821059691598420013660316422445127777084e-65,0.000050344111242983488224452153782923574689896607336193476908460832392
0.5,0.000015848931924611134852021013733915070132694421338250390683162968123,0.0039810717055349725077025230508775204348767703729738044686528414806,5.3752572393929955054172228190709018099410572035335919779644860148e-66,4.8377315154536959548755005371638116289469514831802327801680374133e-65,0.000063375275005268966989411870786272993513109739388703035919384273292
0.5,0.000019952623149688841956137184568773315923629631385907472481863939557,0.0044668359215096363281974081023956621462328742328060290237465240423,6.7664825912796036129060685243155996186789384959896202299226762666e-66,6.0898343321516432516154616718840396568110446463906582069304086399e-65,0.00007977807869324138738386667099815195387517763803426467995666633603
0.5,0.000025118864315095801110850320677993273941585181007824754286798884209,0.0050118723362727228500155418688494576806047198983281926392969745589,8.5176009646338772751951986785143460433697027242481717111912836946e-66,7.6658408681704895476756788106629114390327324518233545400721553251e-65,0.00010042408753255761903592575124262801033629459988728210632043494532
0.5,0.000031622776601683793319988935444327185337195551393252168268575048528,0.0056234132519034908039495103977648123146825104309869166408168942374,1.0721604545547335221198026760288608576161322589758596640372714792e-65,9.6494440909926016990782240842597477185451903307827369763354433125e-65,0.00012640969656152408243746081618883316123565409181558226136381623155
0.5,0.000039810717055349770910807047034845225988801028658054209617191000885,0.006309573444801936126426040654229210310550223080502932206512653763,1.3495450610465786120923628589996902521529171558876509719719012536e-65,1.2145905549419207508831265730997212269376254402988858747747111283e-64,0.00015911385365714645902207554287238193547790695466553778280516534889
0.5,0.000050118723362727228500155418688494576806047198983281926392969745589,0.0070794578438413791080221494218931270935443296555129868132715923463,1.6986200721397527980881069886164266479320109134097480169786637882e-65,1.5287580649257775182792962897547839831388098220687732152807974094e-64,0.00020027044177979313028700986578507516747765611270927477627408337735
0.5,0.00006309573444801947022673358518259070070334379634375296687865737997,0.0079432823472428241657009439303984960833616712990798046162269490463,2.1378711013396148329246746976435670590065194359045610174000901951e-65,1.9240839912056533496322072278792103531058674923141049156600811756e-64,0.00025205894888207326460599165532005361869473105275313120414255297015
0.5,0.000079432823472428150206591828283638793258896063175548433209232392932,0.0089125093813374552995310868107829696398587478293004836994794349507,2.6905252759159844543883217443136210702206265235275312392896193914e-65,2.4214727483243860089494895698822589631985638711747781153606574523e-64,0.00031721789614120486153244050325798089247604003436178937176602290298
0.5,0.0001,0.01,3.3857527541894061209629290354540302628437489786497973825801719808e-65,3.0471774787704655088666361319086272365593740807848176443221547827e-64,0.0003991864990647986819134126413509315540851665112346792174931063939
0.5,0.00012589254117941660509107995509404292328392847989661378555092847467,0.01122018454301962918882445558493649711586120816378373755714973271,4.2601641022341626264695257078116869488748568731701758993242780283e-65,3.8341476920107463638225731370305182539873711858531583093918502255e-64,0.0005022812109679676095493829384395151270733040937463039607719397441
0.5,0.00015848931924611171345535403220986468263676132589204546144599865815,0.012589254117941686598153973007165166288704887379154346553437656274,5.3596712881537424179201885180961259312476796367837675761467713436e-65,4.8237041593383681761281696662865133381229116731053908185320942092e-64,0.00063191513763338539678907248213625289088001531992249423262159876627
0.5,0.00019952623149688828173353395388348820209127040532019356685356246796,0.014125375446227554405263706038986840928058392851045762100909456608,6.7417924897475455793625795749942449460860816593051215311934150972e-65,6.0676132407727910214263216174948204514774734933746093780740735875e-64,0.00079486977838935316992218559144689240284143933121190504029062869298
0.5,0.00025118864315095824246179330629876267952529101137083746860521269735,0.01584893192461114215072389163132262740511282785938097340855231602,8.4784936500317054018227971570496160369624921845089461770499915972e-65,7.6306442850285348616405174413446544332662429660580515593449924375e-64,0.00099963005075058321319338729202221824547939391666929565757732820521
0.5,0.00031622776601683793319988935444327185337195551393252168268575048528,0.017782794100389228012254211951926848447357905264022553580118307228,1.0659671191535843420894603384201261211984792366826977495169915147e-64,9.5937040723822590788051430457811350907863131301442797456529236319e-64,0.0012567949088621016779973269739215740631297236257383189247782594832
0.5,0.00039810717055349688409999777287957180062536902581311563465639202898,0.019952623149688786825002027847132457924106536223864425825922772215,1.3397387652047571379541728921228721210156481032576840398748443488e-64,1.2057648886842814241587556029105849089140832929319156358873599139e-63,0.0015795767327715660361152338120911125486524326604045231509643450088
0.5,0.00050118723362727343902780713596752893134458870828431384758932759077,0.022387211385683421893779113715252756147473636921293385432905696483,1.6830970273502631699652818389077636886846432139820645948263411259e-64,1.5147873246152368529687536550169873198161788925838581353437070133e-63,0.001984402461470272714385350622697681955475175770719634036956106019
0.5,0.00063095734448019426641744313726448681081227849065712869133643822457,0.025118864315095821354263204385889728396642677385493493030104962592,2.1133063498632522906414773788358534917013651754715668896228453306e-64,1.9019757148769270615773296409522681425312286579244102006605607975e-63,0.0024916271934194735722458268247134379534080496621664011305669821912
0.5,0.00079432823472428223366925917099907304423939014402901521395891304429,0.02818382931264455117015228474834101998257826791877835939974012366,2.6516676543703456350396001454396775144378561730543899473937643414e-64,2.3865008889333110715356401308957097629940705557489509526543879072e-63,0.0031263651083845492858387328025150302787654671399384172256103945706
0.5,0.001,0.031622776601683793319988935444327185337195551393252168268575048528,3.324316567988566687150348277043006968028811912259923546104315682e-64,2.9918849111897100184353134493387062712259307210339311914938841138e-63,0.0039194305931419655141100399294720701484913550031443674534802466311
0.5,0.0012589254117941660509107995509404292328392847989661378555092847467,0.035481338923357529503561453347955331521482127716802116676522481289,4.1630905313734674792656398299575575879196914670152180735486008217e-64,3.7467814782361207313390758469618018291277223203136962661937407395e-63,0.0049083605778728979509039145482699751871149353203966565659629104697
0.5,0.0015848931924611171345535403220986468263676132589204546144599865815,0.039810717055349770910807047034845225988801028658054209617191000885,5.2064084407575169002979406779279681649127195705542943678830971548e-64,4.6857675966817652102681466101351713484214476134988649310947874393e-63,0.0061384516503627259613117356222295055943645976401094591778298358079
0.5,0.0019952623149688828173353395388348820209127040532019356685356246796,0.044668359215096347854069372446344716803854456885148043222403657314,6.5000546382491548922129688280241861862057135293857229616031004846e-64,5.8500491744242394029916719452217675675851421764471506654427904361e-63,0.0076636843950343331263230463242675894285650438315903612848075586583
0.5,0.0025118864315095824246179330629876267952529101137083746860521269735,0.050118723362727251580680477670124982122553818689950192805056884555,8.0976777549174721044620334833614867835497626387484294258919166463e-64,7.2879099794257248940158301350253381051947863748735864833027249817e-63,0.0095473115381524774032036968030804163266936573371214278637659826105
0.5,0.0031622776601683793319988935444327185337195551393252168268575048528,0.056234132519034908039495103977648123146825104309869166408168942374,1.0060692294989195481069945836942840703124710893111431087047764976e-63,9.0546230654902759329629512532485566328122398038002879783429884783e-63,0.011861741913775500496547769985757824993323747559106838109453189748
0.5,0.0039810717055349853411614316781904240531146519492528451179220466001,0.063095734448019426641744313726448681081227849065712869133643822457,1.245709396366695145753986795632445981765579114760508281246590741e-63,1.1211384567300256311785881160692013835890212032844574531219316669e-62,0.014687143713386648940691287951442584212104185601629830073864415485
0.5,0.0050118723362727343902780713596752893134458870828431384758932759077,0.070794578438413872585491982763618497690137602035407526841827513083,1.5358458670172751770491289658321237387631011941029318020153944053e-63,1.3822612803155476593442160692489113648867910746926386218138549648e-62,0.0181079062550906206964384285477242761159357570609676475549412024
0.5,0.0063095734448019426641744313726448681081227849065712869133643822457,0.079432823472428214221884155997870055511862709226536250117451768235,1.8834092819312519073546027402260475446274445048360852419661643493e-63,1.6950683537381267166191424662034427901647000543524767177695479144e-62,0.022205743069395545413114703917399272237860396401575814580042086938
0.5,0.0079432823472428223366925917099907304423939014402901521395891304429,0.089125093813374594038933353382257303451980540638108980455008022904,2.2940974523070621396816184115974148293090307686064780400826590479e-63,2.0646877070763559257134565704376733463781276917458302360743931431e-62,0.027047832402020098879557741411977521437602264095933689721240591314
0.5,0.01,0.1,2.7707875322023517026697459951911797001521973505188854793364115157e-63,2.4937087789821165324027713956720617301369776154669969314027703641e-62,0.032668096430362514931091034521490003368022524801894593514040494537
0.5,0.012589254117941712687199950504980105272539327178352763744691480175,0.11220184543019652440711158044246757053686428504193207116735313942,3.3112106643685776196722687768335920424579737641491893783729937572e-63,2.9800895979317198577050418991502328382121763877342704405356943815e-62,0.039039784908681931768950435671808556036760031879589909418634710799
0.5,0.015848931924611171345535403220986468263676132589204546144599865815,0.12589254117941686598153973007165166288704887379154346553437656274,3.9048113673879216858181729746743547716691951047526381081906765446e-63,3.5143302306491295172363556772069192945022755942773742973716088902e-62,0.046038446762755383000133390088342517591758021518779608914742903718
0.5,0.019952623149688828173353395388348820209127040532019356685356246796,0.14125375446227554405263706038986840928058392851045762100909456608,4.5289301891004493077359129058312476055559736861083053689892537948e-63,4.0760371701904043769623216152481228450003763174974748320903284153e-62,0.053396922869186802554500723445313464554126249953460149763415990143
0.5,0.025118864315095824246179330629876267952529101137083746860521269735,0.1584893192461114215072389163132262740511282785938097340855231602,5.1448860051994321164955860083393260276967256558818313335269896094e-63,4.6303974046794889048460274075053934249270530902936482001742906485e-62,0.060659155632725412571898275999269317027892816826071415004790535327
0.5,0.031622776601683793319988935444327185337195551393252168268575048528,0.17782794100389228012254211951926848447357905264022553580118307228,5.6952551976833875710943123503084466794916125810991245460158045917e-63,5.1257296779150488139848811152776020115424513229892120914142241326e-62,0.06714810999801218191635538460259996012029713383543371949980845546
0.5,0.039810717055349853411614316781904240531146519492528451179220466001,0.19952623149688828173353395388348820209127040532019356685356246796,6.1045880481579769696689729105293899380454332509218433947748495386e-63,5.4941292433421792727020756194764509442408899258296590552973645848e-62,0.071974219858839459328749254788746202745639023641235599782488011699
0.5,0.050118723362727343902780713596752893134458870828431384758932759077,0.22387211385683421893779113715252756147473636921293385432905696483,6.2866052579944155706019209567974479495125302126174506916888123729e-63,5.6579447321949740135417288611177031545612771913557056225199311356e-62,0.074120236359136045262188733693135831659221577003844139683437983184
0.5,0.063095734448019426641744313726448681081227849065712869133643822457,0.25118864315095821354263204385889728396642677385493493030104962592,6.160713898696897334159682722954116474081380890250719342808852957e-63,5.5446425088272076007437144506587048266732428012256474085279676613e-62,0.072635953996275898957094182373070219580631966929505046323105900662
0.5,0.079432823472428223366925917099907304423939014402901521395891304429,0.2818382931264455117015228474834101998257826791877835939974012366,5.6781316445251868141416093466887509506295417336469989104384408227e-63,5.1103184800726681327274484120198758555665875602822990193945967405e-62,0.066946220145650276542462609957005659283813302062552597452660159633
0.5,0.1,0.31622776601683793319988935444327185337195551393252168268575048528,4.8519552347574526252989080835517574481423375305068481492324124442e-63,4.3667597112817073627690172751965817033281037774561633343091711997e-62,0.057205447780715304763971806684081663490903816686442579878884332094
0.5,0.12589254117941712687199950504980105272539327178352763744691480175,0.35481338923357603032483329301236376205714050241199951159366000059,3.7773046424722700954725068242537396462119677904726382922988943772e-63,3.3995741782250430859252561418283656815907710114253744630690049395e-62,0.044535118941096911672455953491077569653684528584335776481296336481
0.5,0.15848931924611174994886842169698229694996634531221383210260525473,0.39810717055349775494185228687455130397830433699783190927175900113,2.6228629801727164300637340781828656004685713155453817615818228119e-63,2.3605766821554447870573606703645790404217141839908435854236405307e-62,0.030924038658353820508292589829796735653780086401732717088854081401
0.5,0.19952623149688828173353395388348820209127040532019356685356246796,0.44668359215096347854069372446344716803854456885148043222403657314,1.583027867493458539351007511045624642978216130709259474142184053e-63,1.4247250807441126854159067599410621786803945176383335267279656477e-62,0.018664190749451772262024439030929251410332256774774039799306618966
0.5,0.25118864315095824246179330629876267952529101137083746860521269735,0.50118723362727251580680477670124982122553818689950192805056884555,8.0486078275571592567887027267515878555922959210229006969764974429e-64,7.2437470448014433311098324540764290700330663289206106272788476986e-63,0.0094894571880730460950927834693942312926872578795628469864755000595
0.5,0.31622776601683793319988935444327185337195551393252168268575048528,0.56234132519034908039495103977648123146825104309869166408168942374,3.3189768406387689310077052344097689906586106934069135517424190786e-64,2.9870791565748920379069347109687920915927496240662221965681771708e-63,0.003913134956037074071979713190944557574758876067712230152225021023
0.5,0.39810717055349853411614316781904240531146519492528451179220466001,0.63095734448019426641744313726448681081227849065712869133643822457,1.0603886132554601413895827704296270778057669044090990219869766798e-64,9.5434975192991412725062449338666437002519021396818911978827901178e-64,0.0012502177474414129105072536163871571369115579022038324310724901819
0.5,0.50118723362727351980964484240340926654905569290554911752794846441,0.70794578438413878290860916961750117736536195932706611669831559196,2.4845492467597937904551836239271121321445904866810275886871853287e-65,2.2360943220838144114096652615344009189301314380129248298184667958e-64,0.00029293294211779334234396720021068996398397676438801324517459261074
0.5,0.63095734448019426641744313726448681081227849065712869133643822457,0.79432823472428214221884155997870055511862709226536250117451768235,3.9989313319247366061334143064575604568469611829897089868790459545e-66,3.599038198732262945520072875811804411162265064690738088191141359e-65,0.000047148138517094640644248665261696688000774834036913271762523317642
0.5,0.79432823472428216050892508218277421065330634575547262249084606591,0.89125093813374589934571104854813692188741560790445416857018856084,4.0935083408320925674352370134878076662867240529550818230364203474e-67,3.6841575067488833106917133121390268996580516476595736407327783126e-66,0.0000048263218908922793508230176992490563390074003505343561830174063869
0.5,1.0,1.0,2.4370236239959010128005694340926249276042599087314464293947452895e-68,2.1933212615963109115205124906833624348438339178583017864552707605e-67,0.00000028732958347221063869622137048053491520530592109450243069187942673
0.5,1.2589254117941713266956527782709940210718865451006687223498402252,1.1220184543019652699065454738239363946870106580568311611085460084,7.619941105779410700084802008742423223305980093954272051003525044e-70,6.8579469952014696300763218078681809009753820845588448459031725396e-69,0.0000000089840512108636693868997429344515693713302804563898739605489577186
0.5,1.5848931924611173900081410485084613034707148542039008495653710984,1.2589254117941687612727983243190292422898979375309298973731873025,1.116843274683125305714813192123746754784698912398860887136791297e-71,1.0051589472148127751433318729113720793062290211589747984231121673e-70,0.00000000013167788352920040189504420518932255056680888777352203292532389719
0.5,1.9952623149688828173353395388348820209127040532019356685356246796,1.4125375446227554405263706038986840928058392851045762100909456608,6.7823358086184700344779728825706592212269726713683068770283646371e-74,6.1041022277566230310301755943135932991042754042314761893255281734e-73,0.00000000000079964991051817628169687867513237730066348288223444249777538134106
0.5,2.5118864315095821932646429634687009672288112221851432589416697074,1.5848931924611141420853603841581720424910983653459254116091453649,1.4988960413906111290633893767689114948640912735988473218601401391e-76,1.3490064372515500161570504390920203453776821462389625896741261252e-75,0.0000000000000017672260990836996358518088972697015418044816223617971092500013181
0.5,3.1622776601683793319988935444327185337195551393252168268575048528,1.7782794100389228012254211951926848447357905264022553580118307228,1.0573283519227229219688187498827207558960496776047935537350470907e-79,9.5159551673045062977193687489444868030644470984431419836154238165e-79,0.0000000000000000012466096428445041017943163586556361750571105061212313831848486074
0.5,3.9810717055349853411614316781904240531146519492528451179220466001,1.9952623149688828173353395388348820209127040532019356685356246796,2.0980031720695175128213303210229970382919400090457196647847886733e-83,1.888202854862565761539197288920697334462746008141147698306309806e-82,2.4735844643380652388185404300095800195049545864174859365831092142e-22
0.5,5.0118723362727355443043243087593339607358341853415521818961859602,2.2387211385683424471202074234313921480827727952103785598671925563,1.0442878909279917872038172895037440677218111873989812123105102325e-87,9.3985910183519260848343556055336966094963006865908309107945920923e-87,1.2312346986338360449535552090974047162530126536281955518897125269e-26
0.5,6.3095734448019426641744313726448681081227849065712869133643822457,2.5118864315095821354263204385889728396642677385493493030104962592,1.1853490897183619672975931115510856643525914237013745554785313896e-92,1.0668141807465257705678338003959770979173322813312370999306782507e-91,1.3975484556833899430579028123897832875446266832881089188273786024e-31
0.5,7.9432823472428223366925917099907304423939014402901521395891304429,2.818382931264455117015228474834101998257826791877835939974012366,2.8625720297365490740883173767391256841447411920549302342159599377e-98,2.576314826762894166679485639065213115730267072849437210794363944e-97,3.3750252597665693794949472664976319362436260024525734110630070985e-37
0.5,10.0,3.1622776601683793319988935444327185337195551393252168268575048528,1.4159028888700905937907943810600922561470540769816205576589149339e-104,1.2743125999830815344117149429540830305323486692834585018930234405e-103,1.6693756403931649121732233383180253968558090490184986553648109815e-43
1.0,0.000000000001,0.000001,8.481631423066496770069612855346610463604503632241952742574666758e-74,7.6334682807598470930626515698119494172440532690177574683172000822e-73,0.00000000000099999999998301562500014612060546790073952103036387779246415670817
1.0,0.0000000000012589254117941672104239541063958006060936174094669310691079230195,0.0000011220184543019634355910389464779057367223085073605529624450744482,1.0677741331923380537017220734835202847309887398875132211966944706e-73,9.6099671987310424833154986613516825625788986589876189907702502357e-73,0.0000000000012589254117672487901085389309831012647877105357369137420690135844
1.0,0.0000000000015848931924611134852021013733915070132694421338250390683162968123,0.0000012589254117941672104239541063958006060936174094669310691079230195,1.3442479903248818915348194186446600365105365231198970472070271456e-73,1.209823191292393702381337476780194032859482870807907342486324431e-72,0.0000000000015848931924184506640925125653003190926650004980684598852572697157
1.0,0.000000000001995262314968879601352455396739535557986274315405346099229913667,0.0000014125375446227543021556078639302409297897161501012685109119685596,1.6923079547614384807125568874294769118337952326791947426463695469e-73,1.5230771592852946326413011986865292206504157094112752683817325922e-72,0.0000000000019952623149012635866049205252800004119855009128867506217573999046
1.0,0.0000000000025118864315095801110850320677993273941585181007824754286798884209,0.0000015848931924611134852021013733915070132694421338250390683162968123,2.1304894888118947734917490927949471755700302357988740258300534224e-73,1.9174405399307052961425741835154524580130272122189866232470480802e-72,0.0000000000025118864314024159496107901011195336602894079253723174749766978352
1.0,0.0000000000031622776601683793319988935444327185337195551393252168268575048528,0.0000017782794100389228012254211951926848447357905264022553580118307228,2.6821273569960313345043671599508522796336852062541532025838700398e-73,2.4139146212964282010539304439557670516703166856287378823254830358e-72,0.0000000000031622776599985355820035142836962746641023100070776033727073596615
1.0,0.0000000000039810717055349725077025230508775204348767703729738044686528414806,0.000001995262314968879601352455396739535557986274315405346099229913667,3.3765982873436727175953622535585049720005476549349666337594692088e-73,3.038938458609305445835826028202654474800492889441469970383522288e-72,0.0000000000039810717052657883045546753942950527554873508176944209348240073709
1.0,0.0000000000050118723362727228500155418688494576806047198983281926392969745589,0.000002238721138568339611954950852465742333707261397683803528065353234,4.2508853892831905219064325809545120254511077791113695859134246948e-73,3.8257968503548714697157893228590608229059970012002326273220822253e-72,0.0000000000050118723358460946389322321161979593317065373625589651282031076858
1.0,0.0000000000063095734448019324943436013662234386467294525718822872452772952883,0.0000025118864315095801110850320677993273941585181007824754286798884209,5.3515476390751978675422816563169837908772687051813305219432690875e-73,4.8163928751676780807880534906852854117895418346631974697489421787e-72,0.0000000000063095734441257723468933497159910840275450428246295660219818103806
1.0,0.0000000000079432823472428150206591828283638793258896063175548433209232392932,0.0000028183829312644538191019236991551107186830435837709540029410540597,6.7371993150719061912761031264503434886467199733445502430561144085e-73,6.0634793835647155721484928138053091397820479760100952187505029676e-72,0.0000000000079432823461711734059668383883051522010286861971638975838570157788
1.0,0.00000000001,0.0000031622776601683793319988935444327185337195551393252168268575048528,8.4816314217699998918599821572326265404053790349635258883645708937e-73,7.6334682795929999026739839415093638863648411314671732995281138043e-72,0.0000000000099999999983015625001461206054602573952106413682479843097538230714
1.0,0.000000000012589254117941672104239541063958006060936174094669310691079230195,0.000003548133892335754584332187022644906204913468320653236306803393404,1.0677741329868571460746041843907118610120192453309996327536676498e-72,9.6099671968817143146714376595164067491081732079789966947830088479e-72,0.000000000012589254115249830072960417566445962004491659155516839012058762593
1.0,0.000000000015848931924611134852021013733915070132694421338250390683162968123,0.0000039810717055349725077025230508775204348767703729738044686528414806,1.3442479899992165998659155589506303151564468463683354958398080892e-72,1.2098231909992949398793240030555672836408021617315019462558272803e-71,0.000000000015848931920344852741585677871967780659840129326897738757896375033
1.0,0.00000000001995262314968879601352455396739535557986274315405346099229913667,0.0000044668359215096311855625052431937661637730017860801456820167235233,1.6923079542452937769456929383723996820398627034526437507083976873e-72,1.5230771588207643992511236445351597138358764331073793756375579186e-71,0.00000000001995262314292719453981567632469810668346657914759102403165783497
1.0,0.000000000025118864315095801110850320677993273941585181007824754286798884209,0.0000050118723362727228500155418688494576806047198983281926392969745589,2.1304894879938605462067829236394485782772693839393037982076783414e-72,1.9174405391944744915861046312755037204495424455453734183869105073e-71,0.000000000025118864304379384965510393985650647063805946779569613134147537796
1.0,0.000000000031622776601683793319988935444327185337195551393252168268575048528,0.0000056234132519034908039495103977648123146825104309869166408168942374,2.6821273556995344565600366236347089310646746627466773602425614788e-72,2.4139146201295810109040329612712380379582071964720096242183053309e-71,0.000000000031622776584699418324609674707118981288991848720360930071358420392
1.0,0.000000000039810717055349725077025230508775204348767703729738044686528414806,0.0000063095734448019324943436013662234386467294525718822872452772952883,3.3765982852888636418535267775873402033303744439960092323201126302e-72,3.0389384567599772776681740998286061829973369995964083090881013672e-71,0.000000000039810717028431304770538093076452568296431519366096349585236606742
1.0,0.000000000050118723362727228500155418688494576806047198983281926392969745589,0.0000070794578438413791080221494218931270935443296555129868132715923463,4.250885386026537606273572951470646919817218684165423544092748061e-72,3.8257968474238838456462156563235822278354968157488811896834732549e-71,0.000000000050118723320064407408380388325062177418537031090619556423477449437
1.0,0.000000000063095734448019324943436013662234386467294525718822872452772952883,0.0000079432823472428150206591828283638793258896063175548433209232392932,5.3515476339137508319809962571636660019834436261323840355006723358e-72,4.8163928705223757487828966314472994017850992635191456319506051023e-71,0.000000000063095734380403310231444301587356242401070083030292037812739484691
1.0,0.000000000079432823472428150206591828283638793258896063175548433209232392932,0.0000089125093813374552995310868107829696398587478293004836994794349507,6.7371993068915639226311656372658104963206227705294831897615844447e-72,6.0634793762024075303680490735392294466885604934765348707854260002e-71,0.000000000079432823365263988803267788072036906728554497734169415561399081015
1.0,0.0000000001,0.00001,8.4816314088050311208062045385665426714374782753999237776611866605e-72,7.6334682679245280087255840847098884042937304478599313998950679945e-71,0.000000000099999999830156250146120605383823952140186629473825058392169540497
1.0,0.00000000012589254117941672104239541063958006060936174094669310691079230195,0.000011220184543019634355910389464779057367223085073605529624450744482,1.0677741309320480720066995629827082098851542826794177128463248528e-71,9.6099671783884326480602960668443738889663885441147594156169236753e-71,0.000000000125892540910232518176877104456193521859447718951857370101332619
1.0,0.00000000015848931924611134852021013733915070132694421338250390683162968123,0.000012589254117941672104239541063958006060936174094669310691079230195,1.3442479867425636875729870805998601996561356121804557359065820326e-71,1.2098231880683073188156883725398741796905220509624101623159238293e-70,0.00000000015848931881948313800022149783848454330525904692134624675588151994
1.0,0.0000000001995262314968879601352455396739535557986274315405346099229913667,0.000014125375446227543021556078639302409297897161501012685109119685596,1.6923079490838467480484462975545041927857592877461232162628876489e-71,1.523077154175462073243601667799053773507183358971510894636598884e-70,0.00000000019952623082072781380896727746121981880349748763610175524721608847
1.0,0.00000000025118864315095801110850320677993273941585181007824754286798884209,0.000015848931924611134852021013733915070132694421338250390683162968123,2.1304894798135182908583508291508159439739889091769434160162275898e-71,1.9174405318321664617725157462357343495765900182592490744146048309e-70,0.00000000025118864207931639865878051016997508912921868022135450071135373721
1.0,0.00000000031622776601683793319988935444327185337195551393252168268575048528,0.000017782794100389228012254211951926848447357905264022553580118307228,2.6821273427345657120362751264658014918379159062690774809683266165e-71,2.4139146084611091408326476138192213426541243156421697328714939548e-70,0.00000000031622776431840043782062860959172350615569272304406771390616314693
1.0,0.00000000039810717055349725077025230508775204348767703729738044686528414806,0.00001995262314968879601352455396739535557986274315405346099229913667,3.3765982647407729541088219127892250042796794177800377272146364817e-71,3.0389384382666956586979397215103025038517114760020339544931728336e-70,0.00000000039810716786165522841916676877239962507323498615064689886107661452
1.0,0.00000000050118723362727228500155418688494576806047198983281926392969745589,0.00002238721138568339611954950852465742333707261397683803528065353234,4.2508853534600085889621845458408001637197486952603777937423281463e-71,3.8257968181140077300659660912567201473477738257343400143680953317e-70,0.00000000050118722936099019237999600451516157925359630746633691809778611675
1.0,0.00000000063095734448019324943436013662234386467294525718822872452772952883,0.000025118864315095801110850320677993273941585181007824754286798884209,5.3515475822992807537439380669453539416617304233510001043463221539e-71,4.8163928240693526783695442602508185474955573810159000939116899385e-70,0.00000000063095733771859181126864175756439246036706801602736914115623332859
1.0,0.00000000079432823472428150206591828283638793258896063175548433209232392932,0.000028183829312644538191019236991551107186830435837709540029410540597,6.7371992250881417896192626089822591662133066387832071366202266787e-71,6.0634793025793276106573363480840332495919759749048864229582040108e-70,0.00000000079432822400786542764391775470287887374403144270641073098249667723
1.0,0.000000001,0.000031622776601683793319988935444327185337195551393252168268575048528,8.4816312791553445145213581877243474862531672248698241559542751339e-71,7.6334681512398100630692223689519127376278505023828417403588476205e-70,0.00000000099999998301562514612060461948952477916098215158888539699577158503
1.0,0.0000000012589254117941672104239541063958006060936174094669310691079230195,0.00003548133892335754584332187022644906204913468320653236306803393404,1.0677741103839575516550786904004559649316867929105087182331256123e-70,9.6099669934556179648957082136041036843851811361945784640981305106e-70,0.0000000012589253848757471862661651551529516718610188219662046774057072778
1.0,0.0000000015848931924611134852021013733915070132694421338250390683162968123,0.000039810717055349725077025230508775204348767703729738044686528414806,1.3442479541760350042547101106259694008542896281760474236600809061e-70,1.2098231587584315038292390995633724607688606653584426812940728155e-69,0.0000000015848931497982929567481793429897306153517727181855298430371755757
1.0,0.000000001995262314968879601352455396739535557986274315405346099229913667,0.000044668359215096311855625052431937661637730017860801456820167235233,1.692307897469377336215254703030407344214885598567355019832114385e-70,1.5230771077224396025937292327273666097933970387106195178489029465e-69,0.0000000019952622473528660133341192397119097617710501803651775089220694982
1.0,0.0000000025118864315095801110850320677993273941585181007824754286798884209,0.000050118723362727228500155418688494576806047198983281926392969745589,2.1304893980100974874969640660322785627818443035669617207355557309e-70,1.9174404582090877387472676594290507065036598732102655486620001578e-69,0.0000000025118863243454209503827049066942174696751557693686989382477196395
1.0,0.0000000031622776601683793319988935444327185337195551393252168268575048528,0.000056234132519034908039495103977648123146825104309869166408168942374,2.6821272130848817587529826384610843402489157544824024078076341098e-70,2.4139144917763935828776843746149759062240241790341621670268706988e-69,0.0000000031622774903246339527380722594424385062570894683445074547884691788
1.0,0.0000000039810717055349725077025230508775204348767703729738044686528414806,0.000063095734448019324943436013662234386467294525718822872452772952883,3.3765980592598730440266017051360399420650993954674328372261391494e-70,3.0389382533338857396239415346224359478585894559206895535035252344e-69,0.00000000398107143635077857022198626404980772484017284419044286144527193
1.0,0.0000000050118723362727228500155418688494576806047198983281926392969745589,0.000070794578438413791080221494218931270935443296555129868132715923463,4.2508850277947323175686848685396235685201316372876699099830446823e-70,3.8257965250152590858118163816856612116681184735589029189847402141e-69,0.0000000050118719096445301438041001655398276754056003882784409529750869526
1.0,0.0000000063095734448019324943436013662234386467294525718822872452772952883,0.000079432823472428150206591828283638793258896063175548433209232392932,5.3515470661546077089519201329880553443595918358528939999405086747e-70,4.8163923595391469380567281196892498099236326522676045999464578073e-69,0.0000000063095727686418217112233926157762033145390631890132876780330571214
1.0,0.0000000079432823472428150206591828283638793258896063175548433209232392932,0.000089125093813374552995310868107829696398587478293004836994794349507,6.737198407053975803244866195638172393957392505279473250536698641e-70,6.0634785663485782229203795760743551545616532547515259254830287769e-69,0.0000000079432812756012734888596106003345777251296970125562601475639109801
1.0,0.00000001,0.0001,8.481629982658588876959466704557221509126153670429018661183909812e-70,7.6334669843927299892635200341014993582135383033861167950655188308e-69,0.0000000099999983015626461205969761455855210665779922978961483155102402546
1.0,0.000000012589254117941686598153973007165166288704887379154346553437656274,0.00011220184543019640814767806814585603896906998039407635907265870248,1.0677739049030756101996688091180680401210806288269522088673878512e-69,9.6099651441276804917970192820626123610897256594425698798064906612e-69,0.000000012589251426099946576391539564794317698141051068241702690603244724
1.0,0.000000015848931924611134852021013733915070132694421338250390683162968123,0.00012589254117941672104239541063958006060936174094669310691079230195,1.3442476285107921321686763456519224341479244657140599431704717316e-69,1.2098228656597129189518087110867301907331320191426539488534245584e-68,0.000000015848927658329605551522986382418417681048806921624682916216255486
1.0,0.00000001995262314968879601352455396739535557986274315405346099229913667,0.00014125375446227543021556078639302409297897161501012685109119685596,1.6923073813247709318006584913482073858447787454407292299132924611e-69,1.523076643192293838620592642213386647260300870896656306921963215e-68,0.000000019952616388088481821061075066895837533890761346673682156705427319
1.0,0.000000025118864315095801110850320677993273941585181007824754286798884209,0.00015848931924611134852021013733915070132694421338250390683162968123,2.1304885799760644661509897469136328229228099170991285902976543319e-69,1.9174397219784580195358907722222695406305289253892157312678888987e-68,0.000000025118853598681969310258860347715293548188341524706981085775187513
1.0,0.000000031622776601683793319988935444327185337195551393252168268575048528,0.00017782794100389228012254211951926848447357905264022553580118307228,2.6821259165883914212881905675601176432797295878314263523573159446e-69,2.4139133249295522791593715108041058789517566290482837171215843502e-68,0.000000031622759617313414058403316140450474055629326503906461336145285556
1.0,0.000000039810717055349770910807047034845225988801028658054209617191000885,0.00019952623149688807499177711617729928155650425586574571637131064395,3.3765960044515745669733765825547925325762300204221922915010690877e-69,3.038936404006417110276038924299313279318607018379973062350962179e-68,0.000000039810690136938674788807509435541399782880502135096272686389206159
1.0,0.000000050118723362727228500155418688494576806047198983281926392969745589,0.0002238721138568339611954950852465742333707261397683803528065353234,4.2508817711433597752675842016967532996597448596657402497899331707e-69,3.8257935940290237977408257815270779696937703736991662248109398536e-68,0.000000050118680699924513818613385212966654821304710041041206081933495843
1.0,0.00000006309573444801947022673358518259070070334379634375296687865737997,0.00025118864315095830030011583117850345896746320413875753287803909513,5.3515419047106633402393837825563118896812489281108625581359417314e-69,4.8163877142395970062154454043006807007131240352997763023223475583e-68,0.000000063095666832041425354037740673302449566018583944258058475389029245
1.0,0.000000079432823472428150206591828283638793258896063175548433209232392932,0.00028183829312644538191019236991551107186830435837709540029410540597,6.7371902267178503114118032206956411475170166553794154185976967131e-69,6.0634712040460652802706228986260770327653149898414738767379270418e-68,0.000000079432716308339907396990787784981524632371853425911437252852436163
1.0,0.0000001,0.00031622776601683793319988935444327185337195551393252168268575048528,8.4816170177020750235862006215756097851916915879568426202426249576e-69,7.6334553159318675212275805594180488066725224291611583582183624619e-68,0.00000009999983015639612052054273962814435657377090917726419753670342133
1.0,0.00000012589254117941686598153973007165166288704887379154346553437656274,0.00035481338923357566268022391324576806871163845925863916770487783187,1.0677718500964471749239412529300943668322972812307860003211166476e-68,9.6099466508680245743154712763708493014906755310770740028900498282e-68,0.00000012589227199550525763788417297535246262176096383723980801250917959
1.0,0.00000015848931924611134852021013733915070132694421338250390683162968123,0.00039810717055349725077025230508775204348767703729738044686528414806,1.3442443718627595169365163889539315349448947961377535037363478165e-68,1.2098199346764835652428647500585383814504053165239781533627130349e-67,0.00000015848889261848196288714366330391606570636271778186797978226222852
1.0,0.00000019952623149688841956137184568773315923629631385907472481863939557,0.00044668359215096363281974081023956621462328742328060290237465240423,1.6923022198874821658817059702159090139601796567690401935172177433e-68,1.523071997898733949293535373194318112564161691092136174165495969e-67,0.00000019952555533790160848277355477418840410301825868275485171754341749
1.0,0.00000025118864315095801110850320677993273941585181007824754286798884209,0.00050118723362727228500155418688494576806047198983281926392969745589,2.1304803996532354539557413775311667807864454633326949568219416266e-68,1.917432359687911908560167239778050102707800916999425461139747464e-67,0.00000025118757151165909767817518993911619966443062979968396365343228016
1.0,0.00000031622776601683793319988935444327185337195551393252168268575048528,0.00056234132519034908039495103977648123146825104309869166408168942374,2.6821129516584075193380810624142168358276097244549199943745949614e-68,2.4139016564925667674042729561727951522448487520094279949371354652e-67,0.00000031622606758395866397093748773056728530759281400871584038147245733
1.0,0.00000039810717055349770910807047034845225988801028658054209617191000885,0.0006309573444801936126426040654229210310550223080502932206512653763,3.3765754564382243930505626180858696933803050031510314172412835996e-68,3.0389179107944019537455063562772827240422745028359282755171552397e-67,0.00000039810447872068570401705612018527856233544044299021034189068520559
1.0,0.00000050118723362727228500155418688494576806047198983281926392969745589,0.00070794578438413791080221494218931270935443296555129868132715923463,4.2508492047686511111052903769221796706305901818823654429413957666e-68,3.8257642842917859999947613392299617035675311636941288986472561899e-67,0.00000050118296736355670870562518672848194952657385176960951720906846916
1.0,0.0000006309573444801947022673358518259070070334379634375296687865737997,0.00079432823472428241657009439303984960833616712990798046162269490463,5.3514902905484710970654772939596957810879671179156490689401101374e-68,4.8163412614936239873589295645637262029791704061240841620460991236e-67,0.0000006309505829154235347070810752291906250574783347831294164750622489
1.0,0.00000079432823472428150206591828283638793258896063175548433209232392932,0.00089125093813374552995310868107829696398587478293004836994794349507,6.7371084239100300316944565359837921240539924463671598343583758774e-68,6.0633975815190270285250108823854129116485932017304438509225382897e-67,0.00000079431751838136729021902261768875474761229454202058746618324860049
1.0,0.000001,0.001,8.4814873692411823028929650826001824833553241154358011985376769716e-68,7.6333386323170640726036685743401642350197917038922210786839092745e-67,0.00000099998301577111975621202356282782761074597026239901167856872210405
1.0,0.0000012589254117941686598153973007165166288704887379154346553437656274,0.0011220184543019640814767806814585603896906998039407635907265870248,1.0677513022504884598518023612305389125083888521415715480992920361e-67,9.609761720254396138666221251074850212575499669274143932893628325e-67,0.0000012588984936653997573272911784088888010888733757488212245873019671
1.0,0.0000015848931924611134852021013733915070132694421338250390683162968123,0.0012589254117941672104239541063958006060936174094669310691079230195,1.3442118058220398820452298314265062202576657434683349574882010063e-67,1.2097906252398358938407068482838555982318991691215014617393809057e-66,0.0000015848505302217145642708409902317550192138888574869009603842965238
1.0,0.0000019952623149688841956137184568773315923629631385907472481863939557,0.0014125375446227559283995546353140120050500976265639016711042444744,1.6922506063916835353895496614051565326330572309875358732015733402e-67,1.5230255457525151818505946952646408793697515078887822858814160062e-66,0.0000019951947001147992659891592014049459060330456611820784115355970497
1.0,0.0000025118864315095801110850320677993273941585181007824754286798884209,0.0015848931924611134852021013733915070132694421338250390683162968123,2.1303985981750399338996254377454869420921239263778946665058711932e-67,1.9173587383575359405096628939709382478829115337401051998552840738e-66,0.0000025117792696639252728266205923395581163773225190474175977754565513
1.0,0.0000031622776601683793319988935444327185337195551393252168268575048528,0.0017782794100389228012254211951926848447357905264022553580118307228,2.6819833058504516550441731122237630509372958141120606103357872674e-67,2.4137849752654064895397558010013867458435662327008545493022085407e-66,0.0000031621078210390336707786995835402355784768246982391765743585224056
1.0,0.0000039810717055349770910807047034845225988801028658054209617191000885,0.0019952623149688807499177711617729928155650425586574571637131064395,3.3763699832719087188004434531698418752357772999019565531840444789e-67,3.038732984944717846920399107852857687712199569911760897865640031e-66,0.0000039808025305511936224225661133452047156409716422360889149431024122
1.0,0.0000050118723362727228500155418688494576806047198983281926392969745589,0.002238721138568339611954950852465742333707261397683803528065353234,4.2505235549228358224135719890164427171290354671951093456712637385e-67,3.8254711994305522401722147901147984454161319204755984111041373646e-66,0.0000050114457264565796506342690488965453630347691044181650629504808198
1.0,0.000006309573444801947022673358518259070070334379634375296687865737997,0.0025118864315095830030011583117850345896746320413875753287803909513,5.3509741766629993198324325421662390662702162500344453666482953763e-67,4.8158767589966993878491892879496151596431946250310008299834658386e-66,0.0000063088973213569507385375885849796927840868477134043164785305511838
1.0,0.0000079432823472428150206591828283638793258896063175548433209232392932,0.0028183829312644538191019236991551107186830435837709540029410540597,6.7362904511727387085925525430397531347924927977708711570615387045e-67,6.062661406055464837733297288735777821313243517993784041355384834e-66,0.0000079422107788584506250611743276764329276828969784784707725268903588
1.0,0.00001,0.0031622776601683793319988935444327185337195551393252168268575048528,8.4801909950504251577155553152407939678326379706031414758786216727e-67,7.6321718955453826419439997837167145710493741735428273282907595054e-66,0.0000099983017086121132392017822497542700906671716908102102608509418813
1.0,0.000012589254117941686598153973007165166288704887379154346553437656274,0.0035481338923357566268022391324576806871163845925863916770487783187,1.0675458458218546668873343502416742342019357254165354993465910164e-66,9.6079126123966920019860091521750681078174215287488194941193191476e-66,0.000012586562567437722179621560233234776807421225956201845491100227694
1.0,0.000015848931924611134852021013733915070132694421338250390683162968123,0.0039810717055349725077025230508775204348767703729738044686528414806,1.3438861893714501719627668043897807354906430280757461886412041468e-66,1.2094975704343051547664901239508026619415787252681715697770837321e-65,0.000015844666224163144865508477005111397504765312270306189269752019544
1.0,0.000019952623149688841956137184568773315923629631385907472481863939557,0.0044668359215096363281974081023956621462328742328060290237465240423,1.6917345591363361429599414982047432703175959517974697951225981178e-66,1.5225611032227025286639473483842689432858363566177228156103383061e-65,0.000019945862708756611509072350171312889390519500438739781825205314551
1.0,0.000025118864315095801110850320677993273941585181007824754286798884209,0.0050118723362727228500155418688494576806047198983281926392969745589,2.1295807583770232023102084687759596333062106422900486355521345434e-66,1.9166226825393208820791876218983636699755895780610437719969210891e-65,0.000025108150214465615021580898091744835238471446617324363189837081239
1.0,0.000031622776601683793319988935444327185337195551393252168268575048528,0.0056234132519034908039495103977648123146825104309869166408168942374,2.6806871968951029156499595558168006275617469397988531870241928334e-66,2.41261847720559262408496360023512056480557224581896786832177355e-65,0.000031605796846573915134662068762275762129447223227746535374010709562
1.0,0.000039810717055349770910807047034845225988801028658054209617191000885,0.006309573444801936126426040654229210310550223080502932206512653763,3.3743159481663389159441851626608734581615202240017990060137264577e-66,3.0368843533497050243497666463947861123453682016016191054123538119e-65,0.000039783807852488113492030187132866522231771602997837686557485899652
1.0,0.000050118723362727228500155418688494576806047198983281926392969745589,0.0070794578438413791080221494218931270935443296555129868132715923463,4.2472684461873758495511424158058750572820221036194537260140615092e-66,3.8225416015686382645960281742252875515538198932575083534126553583e-65,0.000050076078931754114192765753467447971331530388702665355348542943371
1.0,0.00006309573444801947022673358518259070070334379634375296687865737997,0.0079432823472428241657009439303984960833616712990798046162269490463,5.3458158104374983820630475549262107930649984633096830768990719126e-66,4.8112342293937485438567427994335897137584986169787147692091647214e-65,0.000063028155123651278642301549553806928299518295692830857301392807592
1.0,0.000079432823472428150206591828283638793258896063175548433209232392932,0.0089125093813374552995310868107829696398587478293004836994794349507,6.7281162553394811334166688512455963752963212855057887661279822821e-66,6.0553046298055330200750019661210367377666891569552098895151840539e-65,0.000079325732510935817800621461227520450571994482222997994765175018019
1.0,0.0001,0.01,8.4672382885514492987577177594397058856942604017998388089148980658e-66,7.6205144596963043688819459834957352971248343616198549280234082592e-65,0.000099830302285716932902392006242406648821131671088671748403586548396
1.0,0.00012589254117941660509107995509404292328392847989661378555092847467,0.01122018454301962918882445558493649711586120816378373755714973271,1.0654934830213348926399028211176291398184274290978081826803534103e-65,9.5894413471920140337591253900586622583658468618802736441231806924e-65,0.00012562364831199109569079651881296498553319169242338508711444756208
1.0,0.00015848931924611171345535403220986468263676132589204546144599865815,0.012589254117941686598153973007165166288704887379154346553437656274,1.340634416483946777443972521401402326215942247098092257667720823e-65,1.2065709748355520996995752692612620935943480223882830319009487407e-64,0.00015806327221614593882685524469540512271605855902455339884695025433
1.0,0.00019952623149688828173353395388348820209127040532019356685356246796,0.014125375446227554405263706038986840928058392851045762100909456608,1.6865828466950654067351522486631757364322199785886033917494167503e-65,1.5179245620255588660616370237968581627889979807297430525744750753e-64,0.00019885123068182597288439767477461626958971881346439011112163150573
1.0,0.00025118864315095824246179330629876267952529101137083746860521269735,0.01584893192461114215072389163132262740511282785938097340855231602,2.1214198332972830743381207849280415851050293062721026979035656851e-65,1.9092778499675547669043087064352374265945263756448924281132091166e-64,0.00025011931401450382947668444899177832104465573352277285314423513532
1.0,0.00031622776601683793319988935444327185337195551393252168268575048528,0.017782794100389228012254211951926848447357905264022553580118307228,2.6677609557464548664547765392084931021702336125806545113886858459e-65,2.4009848601718093798092988852876437919532102513225890602498172613e-64,0.00031453394077534995036456472610416213071754018661761951134757854832
1.0,0.00039810717055349688409999777287957180062536902581311563465639202898,0.019952623149688786825002027847132457924106536223864425825922772215,3.353845092132594468633131769005377663165225895408281364907420533e-65,3.0184605829193350217698185921048398968487033058674532284166784797e-64,0.00039542452681385952888010866119109485626451449302557384504902818258
1.0,0.00050118723362727343902780713596752893134458870828431384758932759077,0.022387211385683421893779113715252756147473636921293385432905696483,4.2148559275537014923833582178963324036236415416073229000297525931e-65,3.7933703347983313431450223961066991632612773874465906100267773338e-64,0.00049693929354433702333236316220565888721009622861403041055685600511
1.0,0.00063095734448019426641744313726448681081227849065712869133643822457,0.025118864315095821354263204385889728396642677385493493030104962592,5.2945083980811808064175637130166610431846348665232468823551191973e-65,4.7650575582730627257758073417149949388661713798709221941196072776e-64,0.00062423231261764149142071476885633267629342130266482533004787649592
1.0,0.00079432823472428223366925917099907304423939014402901521395891304429,0.02818382931264455117015228474834101998257826791877835939974012366,6.6469249084103427927589960772009496111205939563660278718546371945e-65,5.982232417569308513483096469480854650008534560729425084669173475e-64,0.0007836847154452606806218502117312891140279962449657049406712025587
1.0,0.001,0.031622776601683793319988935444327185337195551393252168268575048528,8.3388083842255190091217324987371213192132112785025104534602001118e-65,7.5049275458029671082095592488634091872918901506522594081141801006e-64,0.00098316090008412907854293502014870234332594630526216573484100424233
1.0,0.0012589254117941660509107995509404292328392847989661378555092847467,0.035481338923357529503561453347955331521482127716802116676522481289,1.0451884029959236173741132699850266392893350708477512549909153795e-64,9.4066956269633125563670194298652397536040156376297612949182384156e-64,0.0012322964189833757792955884954406128807047323679040564563642758513
1.0,0.0015848931924611171345535403220986468263676132589204546144599865815,0.039810717055349770910807047034845225988801028658054209617191000885,1.3085518353240725509079731609464967982621817613127356543614189632e-64,1.1776966517916652958171758448518471184359635851814620889252770668e-63,0.0015428067668009398351177344964576847608287078174129671032067825068
1.0,0.0019952623149688828173353395388348820209127040532019356685356246796,0.044668359215096347854069372446344716803854456885148043222403657314,1.6359316706872563034640298231814507461990472082298690659519875229e-64,1.4723385036185306731176268408633056715791424874068821593567887706e-63,0.0019287936353971003861275270015830412468523300817713662084965505739
1.0,0.0025118864315095824246179330629876267952529101137083746860521269735,0.050118723362727251580680477670124982122553818689950192805056884555,2.0415326595817339968909159398627847998512602448042961909888642167e-64,1.8373793936235605972018243458765063198661342203238665718899777951e-63,0.0024070046877950193107537162652739308858405345307697049415784406369
1.0,0.0031622776601683793319988935444327185337195551393252168268575048528,0.056234132519034908039495103977648123146825104309869166408168942374,2.5419202532079154305062311556692747485404387348555216981068097378e-64,2.287728227887123887455608040102347273686394861369969528296128764e-63,0.0029969708967213318805442324250702732484477819927126660902419883738
1.0,0.0039810717055349853411614316781904240531146519492528451179220466001,0.063095734448019426641744313726448681081227849065712869133643822457,3.1559280856175865543505237248448654504066518230977105608710507042e-64,2.8403352770558278989154713523603789053659866407879395047839456337e-63,0.0037208974643500519887633350935585462512566365717710947782716384573
1.0,0.0050118723362727343902780713596752893134458870828431384758932759077,0.070794578438413872585491982763618497690137602035407526841827513083,3.9041928467193017403247174360324671603673180658649894576184504066e-64,3.513773562047371566292245692429220444330586259278490511856605366e-63,0.0046031154289907207561944789412044796344089867839971519426657677784
1.0,0.0063095734448019426641744313726448681081227849065712869133643822457,0.079432823472428214221884155997870055511862709226536250117451768235,4.8080738704011667517304562444778154202007073798274885017511727538e-64,4.3272664833610500765574106200300338781806366418447396515760554784e-63,0.0056688078395431695487165145251167150057438413749524022596170521317
1.0,0.0079432823472428223366925917099907304423939014402901521395891304429,0.089125093813374594038933353382257303451980540638108980455008022904,5.8876168297687106654995550072654214991868389665051845609476595249e-64,5.2988551467918395989495995065388793492681550698546661048528935724e-63,0.0069416089145973181676378500791952207272732647851984866927212096055
1.0,0.01,0.1,7.1581175392862144902324237191752681748188560782429971951971653289e-64,6.442305785357593041209181347257741357336970470418697475677448796e-63,0.0084395527017332382825737437818946385567573471421818730483094995611
1.0,0.012589254117941712687199950504980105272539327178352763744691480175,0.11220184543019652440711158044246757053686428504193207116735313942,8.6247705335378668031811448168476959950362418358758720550416660733e-64,7.7622934801840801228630303351629263955326176522882848495374994659e-63,0.010168763653105232880264679657570060187078423728061109607859936786
1.0,0.015848931924611171345535403220986468263676132589204546144599865815,0.12589254117941686598153973007165166288704887379154346553437656274,1.027492896284596815218297823237572985013460445997714478803166519e-63,9.2474360665613713369646804091381568651211440139794303092284986706e-63,0.012114330899510602935503138682937530890270163687675194615365117879
1.0,0.019952623149688828173353395388348820209127040532019356685356246796,0.14125375446227554405263706038986840928058392851045762100909456608,1.20678066829565760356158186227358469955500889936200795129632305e-63,1.086102601466091843205423676046226229599508009425807156166690745e-62,0.014228166824052523046904428000462201225705864218069086659223494126
1.0,0.025118864315095824246179330629876267952529101137083746860521269735,0.1584893192461114215072389163132262740511282785938097340855231602,1.3922254361357548959493188978549829274336802890849084213882541308e-63,1.2530028925221794063543870080694846346903122601764175792494287177e-62,0.016414594865863150130567075727324803516780712767032495517862953289
1.0,0.031622776601683793319988935444327185337195551393252168268575048528,0.17782794100389228012254211951926848447357905264022553580118307228,1.5704829936788284891087619733530898496723835516716136362861450258e-63,1.4134346943109456401978857760177808647051451965044522726575305232e-62,0.018516284371672844454009241965559963162339029385670675197292645685
1.0,0.039810717055349853411614316781904240531146519492528451179220466001,0.19952623149688828173353395388348820209127040532019356685356246796,1.7222956559016625698453087029896357132680117294226257621861506517e-63,1.5500660903114963128607778326906721419412105564803631859675355865e-62,0.02030618368051793964748081581728848348203676085024037177299842163
1.0,0.050118723362727343902780713596752893134458870828431384758932759077,0.22387211385683421893779113715252756147473636921293385432905696483,1.8231228103461389307304732517080829956456215034982731991940798197e-63,1.6408105293115250376574259265372746960810593531484458792746718378e-62,0.021494954441866471079935195170196567296318764779609900342259983149
1.0,0.063095734448019426641744313726448681081227849065712869133643822457,0.25118864315095821354263204385889728396642677385493493030104962592,1.8461396235857465114102594243608283707145172047601533340454520395e-63,1.6615256612271718602692334819247455336430654842841380006409068355e-62,0.021766326918352781614119106261771651745315693412503418822198401213
1.0,0.079432823472428223366925917099907304423939014402901521395891304429,0.2818382931264455117015228474834101998257826791877835939974012366,1.7684787169435984437695607607811252035676397290744342411390532921e-63,1.5916308452492385993926046847030126832108757561669908170251479629e-62,0.020850690494567331570140443960217548005419354814850413396672808648
1.0,0.1,0.31622776601683793319988935444327185337195551393252168268575048528,1.5804652054916328842217848631707915335267980123523242438057749544e-63,1.422418684942469595799606376853712380174118211117091819425197459e-62,0.018633976491439890738048112804712074516676848396671382808496392537
1.0,0.12589254117941712687199950504980105272539327178352763744691480175,0.35481338923357603032483329301236376205714050241199951159366000059,1.2951879490849499791886044397418466996364482726537807108189766293e-63,1.1656691541764549812697439957676620296728034453884026397370789664e-62,0.015270504982574242530596732196710439725982097359491952337381002394
1.0,0.15848931924611174994886842169698229694996634531221383210260525473,0.39810717055349775494185228687455130397830433699783190927175900113,9.5277381802909369639587445711133561765125424917607354086225922983e-64,8.5749643622618432675628701140020205588612882425846618677603330685e-63,0.011233379175399727744796538528078237797939062001945352900461557392
1.0,0.19952623149688828173353395388348820209127040532019356685356246796,0.44668359215096347854069372446344716803854456885148043222403657314,6.1286751628898062603992147815445361663251699050271746658172721534e-64,5.5158076466008256343592933033900825496926529145244571992355449381e-63,0.007225821138747289286090522318042036564124930974743459129563889284
1.0,0.25118864315095824246179330629876267952529101137083746860521269735,0.50118723362727251580680477670124982122553818689950192805056884555,3.3382197795063541174952554835773086268848867526111613570328081946e-64,3.0043978015557187057457299352195777641963980773500452213295273752e-63,0.0039358227361437709941574519000471755138424365163566983461081460598
1.0,0.31622776601683793319988935444327185337195551393252168268575048528,0.56234132519034908039495103977648123146825104309869166408168942374,1.4806577910201875707355504232043404419875277849441991027984516881e-64,1.3325920119181688136619953808839063977887750064497791925186065193e-63,0.0017457228652594693519362163066659711417582729127151817807297958033
1.0,0.39810717055349853411614316781904240531146519492528451179220466001,0.63095734448019426641744313726448681081227849065712869133643822457,5.1010794739215104747092903193897511775003403704404668841081404152e-65,4.5909715265293594272383612874507760597503063333964201956973263737e-64,0.00060142668543248237963490398155679113880590498897481498295400598429
1.0,0.50118723362727351980964484240340926654905569290554911752794846441,0.70794578438413878290860916961750117736536195932706611669831559196,1.2898544812450199350075667512971200057884499675967298099148730918e-65,1.1608690331205179415068100761674080052096049708370568289233857827e-64,0.0001520762241230203460934211293544925502200401156315151385522928978
1.0,0.63095734448019426641744313726448681081227849065712869133643822457,0.79432823472428214221884155997870055511862709226536250117451768235,2.2382725175144557286471392565081463598071842922219873645242205132e-66,2.0144452657630101557824253308573317238264658629997886280717984619e-65,0.000026389646116775048721158633498475670094995275909147499291468115145
1.0,0.79432823472428216050892508218277421065330634575547262249084606591,0.89125093813374589934571104854813692188741560790445416857018856084,2.4637037485450321823092585467387294238515649867311281052506960983e-67,2.2173333736905289640783326920648564814664084880580152947256264885e-66,0.0000029047521940212374754119525288748822864892661826703289035437584905
1.0,1.0,1.0,1.5706894798738325195272400210915150294017856938464612558619194463e-68,1.4136205318864492675745160189823635264616071244618151302757275016e-67,0.00000018518718882024696895130802054018107352785862725182266316924326201
1.0,1.2589254117941713266956527782709940210718865451006687223498402252,1.1220184543019652699065454738239363946870106580568311611085460084,5.231698136379747707519359506960919195439654413619257922982031806e-70,4.7085283227417729367674235562648272758956889722573321306838286254e-69,0.000000006168268668292818823835305348823124323368041425410798147734245861
1.0,1.5848931924611173900081410485084613034707148542039008495653710984,1.2589254117941687612727983243190292422898979375309298973731873025,8.1197119277598219994722259726732435713380392719391387939976369994e-72,7.3077407349838397995250033754059192142042353447452249145978732994e-71,0.000000000095732902346353874085883450647294273336526493260843218625622629518
1.0,1.9952623149688828173353395388348820209127040532019356685356246796,1.4125375446227554405263706038986840928058392851045762100909456608,5.1882664925742574229112850705798353301207735641245175078349193507e-74,4.6694398433168316806201565635218517971086962077120657570514274156e-73,0.00000000000061170619585946861215617369892542681425025457178274029557077474881
1.0,2.5118864315095821932646429634687009672288112221851432589416697074,1.5848931924611141420853603841581720424910983653459254116091453649,1.1987682835680323972744835465860838630392609810900542381485100167e-76,1.078891455211229157547035191927475476735334882981048814333659015e-75,0.0000000000000014133699329205968181378263174841881395762844763537905340704230027
1.0,3.1622776601683793319988935444327185337195551393252168268575048528,1.7782794100389228012254211951926848447357905264022553580118307228,8.7867453638447872679622925910075576683400204871588048859636619816e-80,7.9080708274603085411660633319068019015060184384429243973672957834e-79,0.0000000000000000010359734967731880652674979725641970885934411522433325619958587375
1.0,3.9810717055349853411614316781904240531146519492528451179220466001,1.9952623149688828173353395388348820209127040532019356685356246796,1.8013742042227268660658420855269122215932099284957468323548136545e-83,1.621236783800454179459257876974220999433888935646172149119332289e-82,2.1238534361362907242023746158530907842837178599579040983370037425e-22
1.0,5.0118723362727355443043243087593339607358341853415521818961859602,2.2387211385683424471202074234313921480827727952103785598671925563,9.2164741871716951180824979837877904557418950061834418820408612377e-88,8.2948267684545256062742481854090114101677055055650976938367751139e-87,1.0866393182271746376756399092585373184098809544893431132644446371e-26
1.0,6.3095734448019426641744313726448681081227849065712869133643822457,2.5118864315095821354263204385889728396642677385493493030104962592,1.0704555135890453517866955250957199492597668964692803019572084163e-92,9.6340996223014081660802597258614795433379020682235227176148757469e-92,1.2620868087472796850987638906941835201787958393387189777043375434e-31
1.0,7.9432823472428223366925917099907304423939014402901521395891304429,2.818382931264455117015228474834101998257826791877835939974012366,2.6348255541552117846373755202392998081621730893662714644997916026e-98,2.3713429987396906061736379682153698273459557804296443180498124424e-97,3.106507961363229406159242806827243616654877664158473276445389591e-37
1.0,10.0,3.1622776601683793319988935444327185337195551393252168268575048528,1.3238766222046886589444789310012254352974452570638400594642023119e-104,1.1914889599842197930500310379011028917677007313574560535177820807e-103,1.560874973394636895810428795674794218425874573941918050540088529e-43
2.0,0.000000000001,0.000001,2.1204078557684132866457057718617698350448179920587294131525905745e-74,1.9083670701915719579811351946755928515403361928528564718373315171e-73,0.00000000000024999999999596484375003288488769513208984661177246588441478032281
2.0,0.0000000000012589254117941672104239541063958006060936174094669310691079230195,0.0000011220184543019634355910389464779057367223085073605529624450744482,2.6694353329836806573589113701644096980068990575325507200675962469e-74,2.4024917996853125916230202331479687282062091517792956480608366222e-73,0.0000000000003147313529421465109349122256143275973261975068225644189661089071
2.0,0.0000000000015848931924611134852021013733915070132694421338250390683162968123,0.0000012589254117941672104239541063958006060936174094669310691079230195,3.3606199758166987301025797780108252888033457870722061053277085524e-74,3.0245579782350288570923218002097427599230112083649854947949376972e-73,0.00000000000039622329810514251706726018132369865734213535521003013202766369073
2.0,0.000000000001995262314968879601352455396739535557986274315405346099229913667,0.0000014125375446227543021556078639302409297897161501012685109119685596,4.2307698869107187137939937854104989651339402695441057604678934657e-74,3.8076928982196468424145944068694490686205462425896951844211041191e-73,0.00000000000049881557872615565396408745922476825939939508714761183417798478225
2.0,0.0000000000025118864315095801110850320677993273941585181007824754286798884209,0.0000015848931924611134852021013733915070132694421338250390683162968123,5.3262237220410253545312666778023166375281980792983855276219313457e-74,4.7936013498369228190781400100220849737753782713685469748597382111e-73,0.00000000000062797160785193491305115265937962748374901572444682530611990977715
2.0,0.0000000000031622776601683793319988935444327185337195551393252168268575048528,0.0000017782794100389228012254211951926848447357905264022553580118307228,6.7053183925079692775432749518155473877269505738385394287298049206e-74,6.0347865532571723497889474566339926489542555164546854858568244285e-73,0.00000000000079056941500174327050076329756532191982346757767034865651427141003
2.0,0.0000000000039810717055349725077025230508775204348767703729738044686528414806,0.000001995262314968879601352455396739535557986274315405346099229913667,8.4414957183875370250331336091034340902795215126941061619632424049e-74,7.5973461465487833225298202481930906812515693614246955457669181644e-73,0.00000000000099526792631979021021628650924298574877077928876624917381614752632
2.0,0.0000000000050118723362727228500155418688494576806047198983281926392969745589,0.000002238721138568339611954950852465742333707261397683803528065353234,1.0627213473252916317418732307227828781496261475320026861164686178e-73,9.5644921259276246856768590765050459033466353277880241750482175602e-73,0.0000000000012529680839668221701740646380894085978777768587998733576177428956
2.0,0.0000000000063095734448019324943436013662234386467294525718822872452772952883,0.0000025118864315095801110850320677993273941585181007824754286798884209,1.3378869097759219788976409500015376062275854275089294374545718729e-73,1.2040982187983297810078768550013838456048268847580364937091146856e-72,0.0000000000015773933610398406598512846127955908221411870022470255257294790635
2.0,0.0000000000079432823472428150206591828283638793258896063175548433209232392932,0.0000028183829312644538191019236991551107186830435837709540029410540597,1.6842998287792649686198601814557392180665768572904103955425969566e-73,1.5158698459013384717578741633101652962599191715613693559883372609e-72,0.0000000000019858205865561026079750117138161220763030973917256672969604381414
2.0,0.00000000001,0.0000031622776601683793319988935444327185337195551393252168268575048528,2.120407855460390914245238519098123067549120894894216479864812321e-73,1.9083670699143518228207146671883107607942088054047948318783310889e-72,0.0000000000024999999995964843750328848876935083984661851811587517144124712476
2.0,0.000000000012589254117941672104239541063958006060936174094669310691079230195,0.000003548133892335754584332187022644906204913468320653236306803393404,2.6694353324954980962270203076951490432422285404088068697822268451e-73,2.4024917992459482866043182769256341389180056863679261828040041606e-72,0.0000000000031473135288458888590113077469581564726566845247581642959246450606
2.0,0.000000000015848931924611134852021013733915070132694421338250390683162968123,0.0000039810717055349725077025230508775204348767703729738044686528414806,3.3606199750429815123090234794050367569766998535610074286521427132e-73,3.0245579775386833610781211314645330812790298682049066857869284419e-72,0.0000000000039622329801391982897965626173988420447799992254371729072488609371
2.0,0.00000000001995262314968879601352455396739535557986274315405346099229913667,0.0000044668359215096311855625052431937661637730017860801456820167235233,4.2307698856844595624681450331782585640324114860113956283407710261e-73,3.8076928971160136062213305298604327076291703374102560655066939234e-72,0.0000000000049881557858157743662135920489380831502041507224443251348104459495
2.0,0.000000000025118864315095801110850320677993273941585181007824754286798884209,0.0000050118723362727228500155418688494576806047198983281926392969745589,5.3262237200975355734917955219714861751436834293752277821336809391e-73,4.7936013480877820161426159697743375576293150864377050039203128452e-72,0.0000000000062797160762279388061711157241951188070381300566958387127132993982
2.0,0.000000000031622776601683793319988935444327185337195551393252168268575048528,0.0000056234132519034908039495103977648123146825104309869166408168942374,6.7053183894277455541356685257328054720964735439927516967845538943e-73,6.0347865504849709987221016731595249248868261895934765271060985049e-72,0.0000000000079056941463857920810371453180617135898510661217487136962814034789
2.0,0.000000000039810717055349725077025230508775204348767703729738044686528414806,0.0000063095734448019324943436013662234386467294525718822872452772952883,8.4414957135057114149055264763152825521444767360033999687507548855e-73,7.597346142155140273414973828683754296930029062403059971875679397e-72,0.0000000000099526792574421396001892888063444651338578324083914502232877470206
2.0,0.000000000050118723362727228500155418688494576806047198983281926392969745589,0.0000070794578438413791080221494218931270935443296555129868132715923463,1.0627213465515744141860132284079201417578405069704976548620947996e-72,9.5644921189641697276741190556712812758205645627344788937588531968e-72,0.000000000012529680830545952895782737629227494795125089217966818106517729729
2.0,0.000000000063095734448019324943436013662234386467294525718822872452772952883,0.0000079432823472428150206591828283638793258896063175548433209232392932,1.3378869085496628280460586601214125866874482642602251976700966655e-72,1.2040982176946965452414527941092713280187034378342026779030869989e-71,0.000000000015773933595940584869831709825022460926433468218670676269779771805
2.0,0.000000000079432823472428150206591828283638793258896063175548433209232392932,0.0000089125093813374552995310868107829696398587478293004836994794349507,1.6842998268357751885266750250970435900129407312553391050864212691e-72,1.5158698441521976696740075225873392310116466581298051945777791422e-71,0.000000000019858205842646922847502895039255965638159004495077688403085134836
2.0,0.0000000001,0.00001,2.1204078523801671927257208866618341864466791564081600794703145568e-72,1.9083670671421504734531487979956507678020112407673440715232831011e-71,0.000000000024999999959648437532884887677271484668597461576032821437951118655
2.0,0.00000000012589254117941672104239541063958006060936174094669310691079230195,0.000011220184543019634355910389464779057367223085073605529624450744482,2.6694353276136724898666455914740584946896630450744686315697537044e-72,2.402491794852305240879981032326652645220696740567021768412778334e-71,0.000000000031473135230901263614793680147293457419745287315600628973740620925
2.0,0.00000000015848931924611134852021013733915070132694421338250390683162968123,0.000012589254117941672104239541063958006060936174094669310691079230195,3.3606199673058093442670403269764614111841221142159777638682412537e-72,3.0245579705752284098403362942788152700657099027943799874814171283e-71,0.000000000039622329710169294927008838963255715527495298349361985113847064114
2.0,0.0000000001995262314968879601352455396739535557986274315405346099229913667,0.000014125375446227543021556078639302409297897161501012685109119685596,4.2307698734218680689499445080994418632937747515701632377342582052e-72,3.8076928860796812620549500572894976769643972764131469139608323847e-71,0.000000000049881557713579526552149293473455715517994594482536666700498731715
2.0,0.00000000025118864315095801110850320677993273941585181007824754286798884209,0.000015848931924611134852021013733915070132694421338250390683162968123,5.3262237006626378024841346835422271794135080692798883409520484159e-72,4.7936013305963740222357212151880044614721572623518995068568435743e-71,0.000000000062797160533138356092050668241960868932800736164691390624237346185
2.0,0.00000000031622776601683793319988935444327185337195551393252168268575048528,0.000017782794100389228012254211951926848447357905264022553580118307228,6.7053183586255083986471022329224702428734494715320801907402228715e-72,6.0347865227629575587823920096302232185861045243788721716662005844e-71,0.000000000079056941100693859339883793967043840740851702060878786209568883066
2.0,0.00000000039810717055349725077025230508775204348767703729738044686528414806,0.00001995262314968879601352455396739535557986274315405346099229913667,8.4414956646874554704321281935280440508116318604034318733418393184e-72,7.5973460982187099233889153741752396457304686743630886860076553865e-71,0.00000000009952679199884514765326771693936140029592971125253511102168536017
2.0,0.00000000050118723362727228500155418688494576806047198983281926392969745589,0.00002238721138568339611954950852465742333707261397683803528065353234,1.0627213388144022699136596269467719145990879996545918613226810768e-71,9.5644920493296204292229366425209472313917919968913267519041296916e-71,0.00000000012529680739323265205074270168870232897938254272060225604299616414
2.0,0.00000000063095734448019324943436013662234386467294525718822872452772952883,0.000025118864315095801110850320677993273941585181007824754286798884209,1.3378868962870713819545041740126238318187570493910122882486230689e-71,1.204098206658364243759053756611361448636881344451911059423760762e-70,0.00000000015773933451362368319013993511628432041101703633188620756432166568
2.0,0.00000000079432823472428150206591828283638793258896063175548433209232392932,0.000028183829312644538191019236991551107186830435837709540029410540597,1.6842998074008775121476136409448816275901017457612592326856336529e-71,1.5158698266607897609328522768503934648310915711851333094170702876e-70,0.00000000019858205613505891993531059938085183728529369926328795910309451817
2.0,0.000000001,0.000031622776601683793319988935444327185337195551393252168268575048528,2.1204078215779302260460327202965830684030423378951481714457329492e-71,1.9083670394201372034414294482669247615627381041056333543011596543e-70,0.0000000002499999959648437828848875149023473605396123709123409482367892761
2.0,0.0000000012589254117941672104239541063958006060936174094669310691079230195,0.00003548133892335754584332187022644906204913468320653236306803393404,2.6694352787954169221164858551745924586276576906071849666434858238e-71,2.4024917509158752299048372696571332127648919215464664699791372414e-70,0.00000000031473134655325019707805026209743683127497475856548038573457741006
2.0,0.0000000015848931924611134852021013733915070132694421338250390683162968123,0.000039810717055349725077025230508775204348767703729738044686528414806,3.360619889934088653205183571854980135462614247688777208386655671e-71,3.0245579009406797878846652146694821219163528229198994875479901039e-70,0.00000000039622328797942426882154102842007554160980332186692879157967496126
2.0,0.000000001995262314968879601352455396739535557986274315405346099229913667,0.000044668359215096311855625052431937661637730017860801456820167235233,4.2307697507959551077966173951040145215103109366381284152704016521e-71,3.8076927757163595970169556555936130693592798429743155737433614869e-70,0.00000000049881556267797378726445500308089957477660260358170594369606122164
2.0,0.0000000025118864315095801110850320677993273941585181007824754286798884209,0.000050118723362727228500155418688494576806047198983281926392969745589,5.3262235063136640311125440641521127433359153809416208698162983737e-71,4.7936011556822976280012896577369014690023238428474587828346685363e-70,0.00000000062797158241728082833504934955383100062429786032968074796020463638
2.0,0.0000000031622776601683793319988935444327185337195551393252168268575048528,0.000056234132519034908039495103977648123146825104309869166408168942374,6.705318050603144702511099904504700755671311062393716418461136917e-71,6.0347862455428302322599899140542306801041799561543447766150232253e-70,0.00000000079056937469053337291116250542048667115659802658547082224508252247
2.0,0.0000000039810717055349725077025230508775204348767703729738044686528414806,0.000063095734448019324943436013662234386467294525718822872452772952883,8.4414951765049117059651077510715996675739133683557872804100167787e-71,7.5973456588544205353685969759644397008165220315202085523690151008e-70,0.00000000099526786243082849040257720438880346188870723001849577131257337313
2.0,0.0000000050118723362727228500155418688494576806047198983281926392969745589,0.000070794578438413791080221494218931270935443296555129868132715923463,1.062721261442683955814679843417312011139589919261175841413814226e-70,9.5644913529841556023321185907558081002563092733505825727243280338e-70,0.0000000012529679827096425185050587975219569311977978755839487440953767324
2.0,0.0000000063095734448019324943436013662234386467294525718822872452772952883,0.000079432823472428150206591828283638793258896063175548433209232392932,1.3378867736611631634655847165152653390954056226503560329942312206e-70,1.2040980962950468471190262448637388051858650603853204296948080985e-69,0.0000000015773932005580276410198956875808854263599667543705489817284457763
2.0,0.0000000079432823472428150206591828283638793258896063175548433209232392932,0.000089125093813374552995310868107829696398587478293004836994794349507,1.6842996130519132036354755128954143523720083287271814210301631714e-70,1.5158696517467218832719279616058729171348074958544632789271468543e-69,0.0000000019858203322095730303844904722684885144647831552002967192500040073
2.0,0.00000001,0.0001,2.1204075135555854107966048362227283870476279183743160367579680356e-70,1.9083667622000268697169443526004555483428651265368844330821712321e-69,0.0000000024999995964844078848858912110410618935437839945156079909472189573
2.0,0.000000012589254117941686598153973007165166288704887379154346553437656274,0.00011220184543019640814767806814585603896906998039407635907265870248,2.6694347906129139032699631460195200359430482207269228657273223625e-70,2.4024913115516225129429668314175680323487433986542305791545901262e-69,0.0000000031473128899563201493181432473525536804439984272613431572401303188
2.0,0.000000015848931924611134852021013733915070132694421338250390683162968123,0.00012589254117941672104239541063958006060936174094669310691079230195,3.3606191162169806783754991709081171339021937519066550316771141934e-70,3.0245572045952826105379492538173054205119743767159895285094027741e-69,0.0000000039622319675674912904819018148179025359001963349662964977212969939
2.0,0.00000001995262314968879601352455396739535557986274315405346099229913667,0.00014125375446227543021556078639302409297897161501012685109119685596,4.2307685245370228991095734802215518994462385684800461393531269051e-70,3.8076916720833206091986161321993967095016147116320415254178142146e-69,0.0000000049881541809978227885400758466629936409752742973314677188371432681
2.0,0.000000025118864315095801110850320677993273941585181007824754286798884209,0.00015848931924611134852021013733915070132694421338250390683162968123,5.3262215628243201878441913640691972276452386038249336984315379539e-70,4.7935994065418881690597722276622775048807147434424403285883841585e-69,0.0000000062797135327629994053323974285887880334584362144513627175908075561
2.0,0.000000031622776601683793319988935444327185337195551393252168268575048528,0.00017782794100389228012254211951926848447357905264022553580118307228,6.7053149703802936159809345839674454382875766913194916419845294612e-70,6.034783473342264254382841125570700894458819022187542477786076515e-69,0.0000000079056901152657382412739840588035322995466873935029782472715695918
2.0,0.000000039810717055349770910807047034845225988801028658054209617191000885,0.00019952623149688807499177711617729928155650425586574571637131064395,8.4414902946810518062676306108539636990192830909985290070855934512e-70,7.5973412652129466256408675497685673291173547818986761063770341061e-69,0.0000000099526728685478464814602809243488440744233448205649034585004290037
2.0,0.000000050118723362727228500155418688494576806047198983281926392969745589,0.0002238721138568339611954950852465742333707261397683803528065353234,1.0627204877258136771945674683257029714612047199037984705420046948e-69,9.5644843895323230947511072149313267431508424791341862348780422533e-69,0.000000012529670704831713689899786298820625202713222513079370991974448171
2.0,0.00000006309573444801947022673358518259070070334379634375296687865737997,0.00025118864315095830030011583117850345896746320413875753287803909513,1.3378855474027083016152451908341634162231045466476519089848149563e-69,1.2040969926624374714537206717507470746007940919828867180863334607e-68,0.00000001577391754776675357646655942175949004269558798514982205061560426
2.0,0.000000079432823472428150206591828283638793258896063175548433209232392932,0.00028183829312644538191019236991551107186830435837709540029410540597,1.6842976695635156458194357512571042485226805579455896931302514091e-69,1.5158679026071640812374921761313938236704125021510307238172262682e-68,0.000000019858180408008798403809942439527335866117017641563479009177006812
2.0,0.0000001,0.00031622776601683793319988935444327185337195551393252168268575048528,2.1204044333346224116856843340335740800010380860179184345577483204e-69,1.9083639900011601705171159006302166720009342774161265911019734884e-68,0.000000024999959648470384869654304656266436462417548784587868812995523383
2.0,0.00000012589254117941686598153973007165166288704887379154346553437656274,0.00035481338923357566268022391324576806871163845925863916770487783187,2.669429908792811513906859151752390152658761190187847667830754378e-69,2.4024869179135303625161732365771511373928850711690629010476789402e-68,0.000000031473071342003119007921540890382041985294779944380720322592487682
2.0,0.00000015848931924611134852021013733915070132694421338250390683162968123,0.00039810717055349725077025230508775204348767703729738044686528414806,3.3606113790557945003732096869301799962727186264809149395035235992e-69,3.0245502411502150503358887182371619966454467638328234455531712393e-68,0.000000039622228453116420151373800547945474643897904432646056047206993895
2.0,0.00000019952623149688841956137184568773315923629631385907472481863939557,0.00044668359215096363281974081023956621462328742328060290237465240423,4.2307562619674508169202375719264565469646517795008046130176248548e-69,3.8076806357707057352282138147338108922681866015507241517158623693e-68,0.000000049881397232019575675554748302960643202112678808394907131914142805
2.0,0.00000025118864315095801110850320677993273941585181007824754286798884209,0.00050118723362727228500155418688494576806047198983281926392969745589,5.3262021279702687456930738953619145777540758626980304671250413612e-69,4.7935819151732418711237665058257231199786682764282274204125372251e-68,0.000000062796906187113486139853118043590859997672076873158815447171514812
2.0,0.00000031622776601683793319988935444327185337195551393252168268575048528,0.00056234132519034908039495103977648123146825104309869166408168942374,6.7052841682303700974632517452300222095781981434730486758205929851e-69,6.0347557514073330877169265707070199886203783291257438082385336866e-68,0.000000079056537989624392953033502307257541760525769270936837286325318067
2.0,0.00000039810717055349770910807047034845225988801028658054209617191000885,0.0006309573444801936126426040654229210310550223080502932206512653763,8.4414414765991579162823939132626818601136439056859179556616034826e-69,7.5972973289392421246541545219364136741022795151173261600954431344e-68,0.0000000995261531112822046937345840188884705530704121985218220838120652
2.0,0.00000050118723362727228500155418688494576806047198983281926392969745589,0.00070794578438413791080221494218931270935443296555129868132715923463,1.0627127505883970420245206587705299961412381974937732174592885698e-68,9.5644147552955733782206859289347699652711437774439589571335971281e-68,0.00000012529579482553468233775172961218219917085240042336688933166118365
2.0,0.0000006309573444801947022673358518259070070334379634375296687865737997,0.00079432823472428241657009439303984960833616712990798046162269490463,1.3378732848805529059360189613890154988213638513764371536467015397e-68,1.2040859563924976153424170652501139489392274662387934382820313858e-67,0.00000015773772970367152852639509514950917976738641009681111147148550452
2.0,0.00000079432823472428150206591828283638793258896063175548433209232392932,0.00089125093813374552995310868107829696398587478293004836994794349507,1.6842782348040922559651508627698265740065919767636519181100138517e-68,1.5158504113236830303686357764928439166059327790872867262990124665e-67,0.00000019857951268607972693150641797471571081459944318537752762057686481
2.0,0.000001,0.001,2.120373631373506396898351797253793638578477813819376176073483047e-68,1.9083362682361557572085166175284142747206300324374385584661347423e-67,0.00000024999596487663470728590862517349049285105646300781883324960769826
2.0,0.0000012589254117941686598153973007165166288704887379154346553437656274,0.0011220184543019640814767806814585603896906998039407635907265870248,2.6693810910876374101452129589652259780744404516725184166322360056e-68,2.402442981978873669130691663068703380266996406505266574969012405e-67,0.00000031472495772248454700715668403570908989150925734837259374278413622
2.0,0.0000015848931924611134852021013733915070132694421338250390683162968123,0.0012589254117941672104239541063958006060936174094669310691079230195,3.360534008433281156101845432850328462196329717050038517269079888e-68,3.0244806075899530404916608895652956159766967453450346655421718992e-67,0.00000039621316239196093286129111966684803071639062182800631210139626783
2.0,0.0000019952623149688841956137184568773315923629631385907472481863939557,0.0014125375446227559283995546353140120050500976265639016711042444744,4.2306336382456372952630289118555344796254537527321199961620248394e-68,3.8075702744210735657367260206699810316629083774589079965458223555e-67,0.00000049879951475705784986224510554056505708729089354040948321962748387
2.0,0.0000025118864315095801110850320677993273941585181007824754286798884209,0.0015848931924611134852021013733915070132694421338250390683162968123,5.3260077833683991550487941730622240572492998460000906820679737733e-68,4.793407005031559239543914755756001651524369861400081613861176396e-67,0.00000062794614828385756547221210964843805910232829770257129083422155274
2.0,0.0000031622776601683793319988935444327185337195551393252168268575048528,0.0017782794100389228012254211951926848447357905264022553580118307228,6.7049761545897333906466479478569992637419052204771502620530408328e-68,6.0344785391307600515819831530712993373677146984294352358477367495e-67,0.00000079052906451948824938172736298624536431827964561476025256122566547
2.0,0.0000039810717055349770910807047034845225988801028658054209617191000885,0.0019952623149688807499177711617729928155650425586574571637131064395,8.4409533114601062275055199287114967767542858062173578091834133667e-68,7.59685798031409560475496793584034709907885722559562202826507203e-67,0.00000099520397554188367861755053647758003524005345530625991393258796093
2.0,0.0000050118723362727228500155418688494576806047198983281926392969745589,0.002238721138568339611954950852465742333707261397683803528065353234,1.0626353823427598577518407581172561349026905050929895662457595488e-67,9.5637184410848387197665668230553052141242145458369060962118359395e-67,0.000001252866729665695001334147771658298345727526584218699226697420023
2.0,0.000006309573444801947022673358518259070070334379634375296687865737997,0.0025118864315095830030011583117850345896746320413875753287803909513,1.3377506659011859700126704796010248671773322995587689956553921417e-67,1.2039755993110673730114034316409223804595990696028920960898529275e-66,0.0000015772327269967682759177629506772318574590728709926724926027287292
2.0,0.0000079432823472428150206591828283638793258896063175548433209232392932,0.0028183829312644538191019236991551107186830435837709540029410540597,1.6840838996645349778859514477347925404179922074674238812278135606e-67,1.5156755096980814800973563029613132863761929867206814931050322046e-66,0.0000019855660021442651797869452503938012810296665101647294301649095146
2.0,0.00001,0.0031622776601683793319988935444327185337195551393252168268575048528,2.1200656366123819238284708617216872093171835383996019763469157685e-67,1.9080590729511437314456237755495184883854651845596417787122241916e-66,0.0000024995965172580836687277617341053893039095922009869042026410524718
2.0,0.000012589254117941686598153973007165166288704887379154346553437656274,0.0035481338923357566268022391324576806871163845925863916770487783187,2.6688929636174543180800176478932692172616295855430603587060466601e-67,2.4020036672557088862720158831039422955354666269887543228354419941e-66,0.0000031466740659277531458547397280037381837968482353048768896835232287
2.0,0.000015848931924611134852021013733915070132694421338250390683162968123,0.0039810717055349725077025230508775204348767703729738044686528414806,3.3597604011343981503826177749369185965196608237683916511979846212e-67,3.0237843610209583353443559974432267368676947413915524860781861591e-66,0.0000039612195266351576869438550535832788971861821810645399339610734807
2.0,0.000019952623149688841956137184568773315923629631385907472481863939557,0.0044668359215096363281974081023956621462328742328060290237465240423,4.2294075984063892253877381628205758192297167900838438643898483593e-67,3.8064668385657503028489643465385182373067451110754594779508635234e-66,0.0000049865496239701389301110956470810361774566260194750398864272631714
2.0,0.000025118864315095801110850320677993273941585181007824754286798884209,0.0050118723362727228500155418688494576806047198983281926392969745589,5.324064731159969618674910269550907245807312878662347678213958946e-67,4.7916582580439726568074192425958165212265815907961129103925630514e-66,0.0000062771705884204189732412051937007360673735118563608771804961091719
2.0,0.000031622776601683793319988935444327185337195551393252168268575048528,0.0056234132519034908039495103977648123146825104309869166408168942374,6.7018968039070320116459268080662331833464742338551125980233584793e-67,6.0317071235163288104813341272596098650118268104696013382210226314e-66,0.0000079016600339020190362188347694835768492898079589624560720434356199
2.0,0.000039810717055349770910807047034845225988801028658054209617191000885,0.006309573444801936126426040654229210310550223080502932206512653763,8.4360732277162492870757005632040751319015041393538651573027269729e-67,7.5924659049446243583681305068836676187113537254184786415724542756e-66,0.0000099462860466093472996476164299639865496521627804925775349779981862
2.0,0.000050118723362727228500155418688494576806047198983281926392969745589,0.0070794578438413791080221494218931270935443296555129868132715923463,1.061862012653386966619267713883181816061405963982539688749586645e-66,9.5567581138804826995734094249486363445526536758428571987462798051e-66,0.000012519549125272415273670379805911294696469045528191254010207211144
2.0,0.00006309573444801947022673358518259070070334379634375296687865737997,0.0079432823472428241657009439303984960833616712990798046162269490463,1.3365251001104158886322575360592463335960226563006161920395260069e-66,1.2028725900993742997690317824533217002364203906705545728355734062e-65,0.000015757877623082341354464595496736708395233636562727442109016274372
2.0,0.000079432823472428150206591828283638793258896063175548433209232392932,0.0089125093813374552995310868107829696398587478293004836994794349507,1.682141793194592963500742600972840663281477956657528109412783087e-66,1.5139276138751336671506683408755565969533301609917752984715047783e-65,0.000019832762227692415138624650042196369769820327969024508122640770214
2.0,0.0001,0.01,2.1169881726433128755260429166275571634168816002618366681605860669e-66,1.9052893553789815879734386249648014470751934402356530013445274602e-65,0.000024959681304354172625835747120074655837977217582561830460694547979
2.0,0.00012589254117941660509107995509404292328392847989661378555092847467,0.01122018454301962918882445558493649711586120816378373755714973271,2.6640166436521594218501624706018886510177943158526695554788678544e-66,2.397614979286943479665146223541699785916014884267402599930981069e-65,0.000031409247946826592829896025264651897522774807631968754127946069273
2.0,0.00015848931924611171345535403220986468263676132589204546144599865815,0.012589254117941686598153973007165166288704887379154346553437656274,3.3520342121831359581862343558555403584483830116883638504851911589e-66,3.016830790964822362367610920269986322603544710519527465436672043e-65,0.000039521102072533711133182148236489321716286047152001509460584279385
2.0,0.00019952623149688828173353395388348820209127040532019356685356246796,0.014125375446227554405263706038986840928058392851045762100909456608,4.2171669163359207365319863067318333419509158712246443865349671954e-66,3.7954502247023286628787876760586500077558242841021799478814704758e-65,0.000049721176338733150534854189258363401472934466640880364041564265783
2.0,0.00025118864315095824246179330629876267952529101137083746860521269735,0.01584893192461114215072389163132262740511282785938097340855231602,5.3046735359421262304889113014372694853931664341797945189280405338e-66,4.7742061823479136074400201712935425368538497907618150670352364804e-65,0.000062543080113402854451356487743048908078031784201096379667235262176
2.0,0.00031622776601683793319988935444327185337195551393252168268575048528,0.017782794100389228012254211951926848447357905264022553580118307228,6.6711817334431501575205352683651703137469840503671158772538511816e-66,6.0040635600988351417684817415286532823722856453304042895284660634e-65,0.000078654463988932776655972291591935713463821574720845337826809223854
2.0,0.00039810717055349688409999777287957180062536902581311563465639202898,0.019952623149688786825002027847132457924106536223864425825922772215,8.3874288134474550078940362574305531203707971457389273383030048191e-66,7.5486859321027095071046326316874978083337174311650346044727043372e-65,0.000098889333843188408007915252340200898485101901153232194570903557942
2.0,0.00050118723362727343902780713596752893134458870828431384758932759077,0.022387211385683421893779113715252756147473636921293385432905696483,1.0541595067203512143297921661105064986236492662495679601239445788e-65,9.4874355604831609289681294949945584876128433962461116411155012091e-65,0.00012428735158610797210976732877255552872604741984491930926582257251
2.0,0.00063095734448019426641744313726448681081227849065712869133643822457,0.025118864315095821354263204385889728396642677385493493030104962592,1.32433162725430101349915955918721450915578972175179324779036302e-65,1.191898464528870912149243603268493058240210749576613923011326718e-64,0.00015614114327465101719676139907276983093745578134390164597960397671
2.0,0.00079432823472428223366925917099907304423939014402901521395891304429,0.02818382931264455117015228474834101998257826791877835939974012366,1.662844680810890432681722100789939279192865323782146104197450895e-65,1.4965602127298013894135498907109453512735787914039314937777058055e-64,0.00019605245710871197331140817636615764717835109377094780272670204112
2.0,0.001,0.031622776601683793319988935444327185337195551393252168268575048528,2.0864605414153245538875909645704866331888732164506665557653505824e-65,1.8778144872737920984988318681134379698699858948055999001888155242e-64,0.00024599754897455053950626568291599275252333394794797792711559316639
2.0,0.0012589254117941660509107995509404292328392847989661378555092847467,0.035481338923357529503561453347955331521482127716802116676522481289,2.6157455162087794601010823751424601752444998200646061819744187331e-65,2.3541709645879015140909741376282141577200498380581455637769768598e-64,0.00030840122444493600721731151363846920217970445417212089374531342328
2.0,0.0015848931924611171345535403220986468263676132589204546144599865815,0.039810717055349770910807047034845225988801028658054209617191000885,3.2757521951897570350677979595697898918007984341043324200332077081e-65,2.9481769756707813315610181636128109026207185906938991780298869372e-64,0.00038621723012219582428673311769138566863809450026304963483726318091
2.0,0.0019952623149688828173353395388348820209127040532019356685356246796,0.044668359215096347854069372446344716803854456885148043222403657314,4.0967103387303535596463245604019398021747264831191245912523865825e-65,3.6870393048573182036816921043617458219572538348072121321271479242e-64,0.00048300971055160821615480959289334703457557431883343514635902330533
2.0,0.0025118864315095824246179330629876267952529101137083746860521269735,0.050118723362727251580680477670124982122553818689950192805056884555,5.1146406707539432062333668510544733686602235388999020249340373995e-65,4.6031766036785488856100301659490260317942011850099118224406336595e-64,0.00060302557556997663679861663965371705322678316969593424723782800536
2.0,0.0031622776601683793319988935444327185337195551393252168268575048528,0.056234132519034908039495103977648123146825104309869166408168942374,6.3717404299800857808192754483886711578381548941872379661867325089e-65,5.734566386982077202737347903549804042054339404768514169568059258e-64,0.00075123995750904616045034885708697940939165552192039247518699212055
2.0,0.0039810717055349853411614316781904240531146519492528451179220466001,0.063095734448019426641744313726448681081227849065712869133643822457,7.9162910664650299845371671580282794708295433235220404694031402075e-65,7.1246619598185269860834504422254515237465889911698364224628261867e-64,0.00093334532844725717796084751496009483386108948674132305161934517362
2.0,0.0050118723362727343902780713596752893134458870828431384758932759077,0.070794578438413872585491982763618497690137602035407526841827513083,9.8016956049875279693625089255930708365618900886584344670996219682e-65,8.8215260444887751724262580330337637529057010797925910203896597714e-64,0.0011556380035761200396794787031607957900115363387641032727680632978
2.0,0.0063095734448019426641744313726448681081227849065712869133643822457,0.079432823472428214221884155997870055511862709226536250117451768235,1.2084056927322816957235376780716836060195649882298535395503772681e-64,1.0875651234590535261511839102645152454176084894068681855953395413e-63,0.0014247326162103656747961146787692543127597107059444907070184112946
2.0,0.0079432823472428223366925917099907304423939014402901521395891304429,0.089125093813374594038933353382257303451980540638108980455008022904,1.4817459151240875653230326304037565907740569919142950149598207549e-64,1.3335713236116788087907293673633809316966512927228655134638386794e-63,0.0017470057836623160851249546029029061826851926354542435885712587368
2.0,0.01,0.1,1.8045838493670719649830762646927687025706865905154128899520448517e-64,1.6241254644303647684847686382234918323136179314638716009568403665e-63,0.0021276376670043778355933426950156496964627811799309718658210765556
2.0,0.012589254117941712687199950504980105272539327178352763744691480175,0.11220184543019652440711158044246757053686428504193207116735313942,2.1790108328663560914416552708390134971155424310745867963802996752e-64,1.9611097495797204822974897437551121474039881879671281167422697077e-63,0.0025690939916386217023222177578393012864278035117354449906723568001
2.0,0.015848931924611171345535403220986468263676132589204546144599865815,0.12589254117941686598153973007165166288704887379154346553437656274,2.6029218573665204639365944927835898877110868148319559078976957196e-64,2.3426296716298684175429350435052308989399781333487603171079261476e-63,0.0030688929139781417690694886844090587687336848543154444370442220627
2.0,0.019952623149688828173353395388348820209127040532019356685356246796,0.14125375446227554405263706038986840928058392851045762100909456608,3.0674430912832165443588965658697099700727624779966388031235683107e-64,2.7606987821548948899230069092827389730654862301969749228112114797e-63,0.0036165720227938144687071247038244325762098829452414123283555250122
2.0,0.025118864315095824246179330629876267952529101137083746860521269735,0.1584893192461114215072389163132262740511282785938097340855231602,3.5537848784883105432636697349106687761333327524169662166726601717e-64,3.1984063906394794889373027614196018985199994771752695950053941546e-63,0.0041899779666953463748430626338944605622937351776202669600227972249
2.0,0.031622776601683793319988935444327185337195551393252168268575048528,0.17782794100389228012254211951926848447357905264022553580118307228,4.0299913469400006076994603159897266702291356751564704754922073425e-64,3.6269922122460005469295142843907540032062221076408234279429866082e-63,0.0047514341827111935099493424388730544657962059077790349076973088956
2.0,0.039810717055349853411614316781904240531146519492528451179220466001,0.19952623149688828173353395388348820209127040532019356685356246796,4.448681266311802937185507353488024572011727478928654044683988704e-64,4.0038131396806226434669566181392221148105547310357886402155898336e-63,0.0052450773257343969781825932815784276073479318413605771983384585039
2.0,0.050118723362727343902780713596752893134458870828431384758932759077,0.22387211385683421893779113715252756147473636921293385432905696483,4.7477213833179715873591975579666778104977253722337904215044842335e-64,4.2729492449861744286232778021700100294479528350104113793540358102e-63,0.005597651143299524081299507238543268107311963484237497131001836317
2.0,0.063095734448019426641744313726448681081227849065712869133643822457,0.25118864315095821354263204385889728396642677385493493030104962592,4.8565407131738828024502916420936352320893929748178691521921627759e-64,4.3708866418564945222052624778842717088804536773360822369729464983e-63,0.0057259511417622252979211174420217759494737872200092755936239797165
2.0,0.079432823472428223366925917099907304423939014402901521395891304429,0.2818382931264455117015228474834101998257826791877835939974012366,4.7106890570417911477007512685930351728620735341267555204093233755e-64,4.239620151337612032930676141733731655575866180714079968368391038e-63,0.0055539893470856034897875122692033335131639861301460618603148440804
2.0,0.1,0.31622776601683793319988935444327185337195551393252168268575048528,4.2749373473650548182041780143658172823901971294173356542791413489e-64,3.8474436126285493363837602129292355541511774164756020888512272141e-63,0.00504023003837021576904203479926376920471085756046696399357033775
2.0,0.12589254117941712687199950504980105272539327178352763744691480175,0.35481338923357603032483329301236376205714050241199951159366000059,3.5695323557153269268843473796637509877966920448380742822620484543e-64,3.2125791201437942341959126416973758890170228403542668540358436089e-63,0.0042085445330093721863995237805407857542658145719319739702194409753
2.0,0.15848931924611174994886842169698229694996634531221383210260525473,0.39810717055349775494185228687455130397830433699783190927175900113,2.6861616467318061849862209370632678543380520764164318585830141833e-64,2.417545482058625566487598843356941068904246868774788672724712765e-63,0.0031670341620610217525838658951492122986016224348142982784253634142
2.0,0.19952623149688828173353395388348820209127040532019356685356246796,0.44668359215096347854069372446344716803854456885148043222403657314,1.7757047672772593690586425849311540146179463128023912372197512733e-64,1.598134290549533432152778326438038613156151681522152113497776146e-63,0.0020935886961769223354604330497555052824330516030821925134999939902
2.0,0.25118864315095824246179330629876267952529101137083746860521269735,0.50118723362727251580680477670124982122553818689950192805056884555,9.9917671846120902737622013719941425849768194990273921690343805209e-65,8.9925904661508812463859812347947283264791375491246529521309424688e-64,0.0011780477936436792956975179478500372953184890500058978790893901348
2.0,0.31622776601683793319988935444327185337195551393252168268575048528,0.56234132519034908039495103977648123146825104309869166408168942374,4.6047155172360451498426543220073110253543502563196255583559473399e-65,4.1442439655124406348583888898065799228189152306876630025203526059e-64,0.00054290445876189962584822091693796312663101617548757834985373657926
2.0,0.39810717055349853411614316781904240531146519492528451179220466001,0.63095734448019426641744313726448681081227849065712869133643822457,1.6584724474465281596153995007286134454336047925855315860034957176e-65,1.4926252027018753436538595506557521008902443133269784274031461458e-64,0.00019553696272488419179808718355528830518726731924237062818997678641
2.0,0.50118723362727351980964484240340926654905569290554911752794846441,0.70794578438413878290860916961750117736536195932706611669831559196,4.4121742038233509248840477372353023543002543567777624633149645226e-66,3.9709567834410158323956429635117721188702289210999862169834680704e-65,0.000052020348252214084123789017797426023372837657280128514923778011422
2.0,0.63095734448019426641744313726448681081227849065712869133643822457,0.79432823472428214221884155997870055511862709226536250117451768235,8.106366091323410180636977416006581630342673455482921424099363977e-67,7.2957294821910691625732796744059234673084061099346292816894275793e-66,0.0000095575552471424269808029781145491692508883972951589724399455576269
2.0,0.79432823472428216050892508218277421065330634575547262249084606591,0.89125093813374589934571104854813692188741560790445416857018856084,9.5029224059111478109547315867605308906784172151579229497705216085e-68,8.5526301653200330298592584280844778016105754936421306547934694477e-67,0.0000011204120919362004712236040707921147863542812736266946562980522442
2.0,1.0,1.0,6.485214792720319365389837273525672166691340923912028253818379688e-69,5.8366933134482874288508535461731049500222068315208254284365417192e-68,0.000000076461879432453231765935140593843470931550900814129563124542817055
2.0,1.2589254117941713266956527782709940210718865451006687223498402252,1.1220184543019652699065454738239363946870106580568311611085460084,2.3214018332833674020792562335655399377888350184408028175821758036e-70,2.0892616499550306618713306102089859440099515165967225358239582232e-69,0.0000000027369756093511631943020202629391841944707983705000273736978261544
2.0,1.5848931924611173900081410485084613034707148542039008495653710984,1.2589254117941687612727983243190292422898979375309298973731873025,3.8814891045047210906734994138052316867835552691306877808738482588e-72,3.4933401940542489816061494724247085181051997422176190027864634329e-71,0.000000000045763472978591906359974120955290084006883027259986001689269528801
2.0,1.9952623149688828173353395388348820209127040532019356685356246796,1.4125375446227554405263706038986840928058392851045762100909456608,2.6741849937051561538742089173320430779779765691614514479933497301e-74,2.4067664943346405384867880255988387701801789122453063031940147571e-73,0.00000000000031529134670802482204668616436000322344855288043552403981512723872
2.0,2.5118864315095821932646429634687009672288112221851432589416697074,1.5848931924611141420853603841581720424910983653459254116091453649,6.6563841110492978993824882729498360605660167167754389950180795769e-77,5.9907456999443681094442394456548524545094150450978950955162716192e-76,0.00000000000000078479997289597580667577847478049152747093843411418206592654647017
2.0,3.1622776601683793319988935444327185337195551393252168268575048528,1.7782794100389228012254211951926848447357905264022553580118307228,5.2430985503818262568182007684343096406415394336833250068924035099e-80,4.7187886953436436311363806915908786765773854903149925062031631589e-79,0.00000000000000000061817099668275329750169092035020803559615833151296332862116009232
2.0,3.9810717055349853411614316781904240531146519492528451179220466001,1.9952623149688828173353395388348820209127040532019356685356246796,1.1506368952472567051665409747947693031221726912988317794895183533e-83,1.035573205722531034649886877315292372809955422168948601540566518e-82,1.3566221376921211654175036835891005793338478338595155672742800113e-22
2.0,5.0118723362727355443043243087593339607358341853415521818961859602,2.2387211385683424471202074234313921480827727952103785598671925563,6.2707455267368551590637462380610543431126739462521254208559987542e-88,5.6436709740631696431573716142549489088014065516269128787703988787e-87,7.3933247200256077952813895587479401706513614132028015043817239059e-27
2.0,6.3095734448019426641744313726448681081227849065712869133643822457,2.5118864315095821354263204385889728396642677385493493030104962592,7.7138149597926938258741697467886855744549461110202305191454150046e-93,6.9424334638134244432867527721098170170094514999182074672308735041e-92,9.0947302174476987780633601870328135131098969360234771620141485759e-32
2.0,7.9432823472428223366925917099907304423939014402901521395891304429,2.818382931264455117015228474834101998257826791877835939974012366,1.9987444396907945906024018433472239213706144698298212362809033866e-98,1.798869995721715131542161659012501529233553022846839112652813048e-97,2.3565565867683152038322004416359683810248305329009197620637795941e-37
2.0,10.0,3.1622776601683793319988935444327185337195551393252168268575048528,1.0507132146327978289726006842618948442087892542817525964310786069e-104,9.4564189316951804607534061583570535978791032885357733678797074618e-104,1.2388102738789742779934223762918469589407538239146433034572330525e-43
