rH,chi,local_my2_eV2,moduli_budget,signed_chi_budget
0,139.79424666735443,9.983433908532248e-39,0.0002532868177684512,0.0002532867333013605
0,139.84424666735444,9.032394267662035e-39,0.0002532857508503125,0.0002532856554674734
0,139.89424666735442,8.171858014567669e-39,0.0002532846543563443,0.00025328454670259194
0,139.94424666735443,7.393212613190977e-39,0.00025328352845690457,0.0002532834070134383
0,139.99424666735442,6.688665118644114e-39,0.000253282373331796,0.0002532822363968181
0,140.04424666735443,6.05116418279426e-39,0.0002532811891713948,0.00025328103483849375
0,140.09424666735444,5.4743294820043836e-39,0.0002532799761779088,0.0002532798023119274
0,140.14424666735442,4.952387860708421e-39,0.00025327873456677954,0.00025327853877687946
0,140.19424666735443,4.4801155517292076e-39,0.0002532774645682469,0.00025327724417784623
0,140.24424666735442,4.052785895062816e-39,0.0002532761664290916,0.00025327591844231836
0,140.29424666735443,3.666122031874383e-39,0.0002532748404145782,0.000253274561478839
0,140.34424666735444,3.3162541002591593e-39,0.0002532734868106202,0.00025327317317484007
0,140.39424666735442,2.9996805043630366e-39,0.00025327210592619275,0.00025327175339423085
0,140.44424666735443,2.713232869233866e-39,0.00025327069809602147,0.0002532703019747108
0,140.49424666735442,2.4540443306612262e-39,0.0002532692636835777,0.000253268818724775
0,140.54424666735443,2.2195208426345105e-39,0.0002532678030844156,0.0002532673034203784
0,140.59424666735444,2.0073152152596344e-39,0.00025326631672988997,0.0002532657558012202
0,140.64424666735442,1.815303623293159e-39,0.0002532648050912967,0.0002532641755666028
0,140.69424666735443,1.6415643501851393e-39,0.0002532632686844855,0.0002532625623708226
0,140.74424666735442,1.4843585548947225e-39,0.0002532617080749961,0.0002532609158180332
0,140.79424666735443,1.3421128689837707e-39,0.00025326012388377834,0.00025325923545652774
0,140.84424666735444,1.2134036498173541e-39,0.00025325851679356185,0.00025325752077237
0,140.89424666735442,1.0969427322694544e-39,0.00025325688755594783,0.0002532557711823037
0,140.94424666735443,9.91564536333254e-40,0.00025325523699930535,0.00025325398602585786
0,140.99424666735442,8.962144016051084e-40,0.0002532535660375613,0.000253252164556558
0,141.04424666735443,8.09938031888263e-40,0.00025325187567998574,0.00025325030593214144
0,141.09424666735444,7.3187194427615805e-40,0.00025325016704208454,0.00025324840920366723
0,141.14424666735442,6.61234827125092e-40,0.0002532484413577215,0.0002532464733033934
0,141.19424666735443,5.973197204245813e-40,0.00025324669999261194,0.00025324449703128686
0,141.24424666735442,5.394869403042306e-40,0.0002532449444593373,0.00025324247904000795
0,141.29424666735443,4.871576768622611e-40,0.00025324317643405416,0.00025324041781820333
0,141.34424666735444,4.398082012417071e-40,0.0002532413977750875,0.0002532383116719147
0,141.39424666735442,3.969646239758725e-40,0.00025323961054361723,0.00025323615870389285
0,141.44424666735443,3.5819815214320817e-40,0.0002532378170266937,0.000253233956790583
0,141.49424666735442,3.231207978637963e-40,0.00025323601976284316,0.00025323170355652107
0,141.54424666735443,2.913814951860624e-40,0.0002532342215705523,0.0002532293963458507
0,141.59424666735444,2.6266258650088042e-40,0.00025323242557995175,0.0002532270321906394
0,141.64424666735442,2.3667664331738456e-40,0.0002532306352680606,0.00025322460777563757
0,141.69424666735443,2.1316358958198748e-40,0.0002532288544979832,0.0002532221193990808
0,141.74424666735442,1.91888098749922e-40,0.0002532270875625047,0.00025321956292909657
0,141.79424666735443,1.7263723855797712e-40,0.0002532253392325726,0.0002532169337552234
0,141.84424666735444,1.5521833992692685e-40,0.000253223614811211,0.00025321422673449883
0,141.89424666735442,1.3945706866458608e-40,0.00025322192019347034,0.0002532114361315093
0,141.94424666735443,1.2519568067059712e-40,0.0002532202619330874,0.0002532085555517322
0,141.99424666735442,1.1229144318051435e-40,0.0002532186473166012,0.0002532055778674214
0,142.04424666735443,1.0061520624825834e-40,0.00025321708444575364,0.000253202495135207
0,142.09424666735444,9.005011017009992e-41,0.00025321558232909764,0.00025319929850448904
0,142.14424666735442,8.049041591344261e-41,0.000253214150983835,0.0002531959781156006
0,142.19424666735443,7.184044684503064e-41,0.00025321280154902095,0.000253192522986604
0,142.24424666735442,6.401363116708226e-41,0.0002532115464113982,0.0002531889208874589
0,142.29424666735443,5.69316354776e-41,0.0002532103993452607,0.0002531851582001583
0,142.34424666735444,5.052358078338723e-41,0.00025320937566790597,0.0002531812197632781
0,142.39424666735442,4.4725333119245787e-41,0.0002532084924124039,0.00025317708869921024
0,142.44424666735443,3.9478861673688015e-41,0.00025320776851960026,0.00025317274622215874
0,142.49424666735442,3.4731657997092795e-41,0.0002532072250514892,0.0002531681714247697
0,142.54424666735443,3.043621047946909e-41,0.0002532068854283192,0.00025316334104102543
0,142.59424666735444,2.6549528838313574e-41,0.00025320677569206203,0.0002531582291827775
0,142.64424666735442,2.303271385740463e-41,0.0002532069247991609,0.00025315280704699876
0,142.69424666735443,1.9850568070366977e-41,0.00025320736494579903,0.0002531470425905173
0,142.74424666735442,1.6971243492611443e-41,0.00025320813192928287,0.00025314090016863284
0,142.79424666735443,1.4365922875986152e-41,0.0002532092655495338,0.00025313434013362696
0,142.84424666735444,1.2008531296083116e-41,0.00025321081005512034,0.00025312731838873196
0,142.89424666735442,9.875475185625142e-42,0.0002532128146387503,0.00025311978589264003
0,142.94424666735443,7.945406202111416e-42,0.00025321533398768413,0.00025311168810909004
0,142.99424666735442,6.199007566438551e-42,0.0002532184288951334,0.00025310296439547115
0,143.04424666735443,4.618800734073881e-42,0.0002532221669393712,0.0002530935473237131
0,143.09424666735444,3.1889704639142884e-42,0.00025322662323802445,0.0002530833619259953
0,143.14424666735442,1.895206534034152e-42,0.00025323188128583785,0.0002530723248569833
0,143.19424666735443,7.245605201726816e-43,0.000253238033885109,0.00025306034346339617
0,143.24424666735442,-3.346837964432272e-43,0.0002532451841790055,0.0002530473147506881
0,143.29424666735443,-1.2931276889597782e-42,0.0002532534467990984,0.0002530331242355188
0,143.34424666735444,-2.160363585996769e-42,0.00025326294913968376,0.000253017644671431
0,143.39424666735442,-2.945071075899378e-42,0.00025327383277285213,0.0002530007346337828
0,143.44424666735443,-3.6551037749767415e-42,0.00025328625501979123,0.00025298223694844606
0,143.49424666735442,-4.2975679291306444e-42,0.0002533003906955068,0.0002529619769470866
0,143.54424666735443,-4.878893535556253e-42,0.0002533164340460322,0.0002529397605299556
0,143.59424666735444,-5.4048986963125774e-42,0.0002533346008992856,0.0002529153720150337
0,143.64424666735442,-5.88084784784465e-42,0.0002533551310530536,0.0002528885717500477
0,143.69424666735443,-6.311504449233585e-42,0.000253378290926151,0.000252859093461313
0,143.74424666735442,-6.701178656494273e-42,0.0002534043765016594,0.00025282664131049526
0,143.79424666735443,-7.053770460067442e-42,0.0002534337165943124,0.00025279088662722614
0,143.84424666735444,-7.372808717233226e-42,0.00025346667647760455,0.00025275146428199637
0,143.89424666735442,-7.661486470101642e-42,0.0002535036619100923,0.0002527079686598542
0,143.94424666735443,-7.922692902651674e-42,0.00025354512360467813,0.00025265994919112416
0,143.99424666735442,-8.159042256654495e-42,0.00025359156218945043,0.0002526069053905675
0,144.04424666735443,-8.372899995884997e-42,0.0002536435337139685,0.0002525482813510969
0,144.09424666735444,-8.566406480477329e-42,0.00025370165576077197,0.0002524834596322703
0,144.14424666735442,-8.74149838836897e-42,0.00025376661422842186,0.0002524117544772496
0,144.19424666735443,-8.899928098224724e-42,0.00025383917085963016,0.0002523324042846723
0,144.24424666735442,-9.04328122783071e-42,0.0002539201715960646,0.0002522445632538476
0,144.29424666735443,-9.172992503490839e-42,0.0002540105558503289,0.00025214729211277796
0,144.34424666735444,-9.290360119249299e-42,0.0002541113667954911,0.00025203954782863024
0,144.39424666735442,-9.39655872965316e-42,0.00025422376278349715,0.000251920172189325
0,144.44424666735443,-9.492651206090051e-42,0.0002543490300159459,0.0002517878791327612
0,144.49424666735442,-9.57959927436184e-42,0.00025448859660417723,0.00025164124068672954
0,144.54424666735443,-9.658273139960145e-42,0.00025464404817056134,0.000251478671367624
0,144.59424666735444,-9.729460197375023e-42,0.0002548171451594343,0.00025129841086950775
0,144.64424666735442,-9.793872910603842e-42,0.0002550098420444919,0.0002510985048567193
0,144.69424666735443,-9.85215594373053e-42,0.00025522430863981273,0.0002508767836528519
0,144.74424666735442,-9.904892612940157e-42,0.00025546295374425076,0.0002506308385963611
0,144.79424666735443,-9.95261072454364e-42,0.0002557284513739719,0.00025035799580802815
0,144.84424666735444,-9.995787857440487e-42,0.0002560237698656514,0.00025005528708776605
0,144.89424666735442,-1.0034856142889043e-41,0.00025635220416361174,0.00024971941762748
0,144.94424666735443,-1.0070206589421426e-41,0.00025671741163829084,0.0002493467301926026
0,144.99424666735442,-1.010219299618819e-41,0.0002571234518212294,0.0002489331653871058
0,145.04424666735443,-1.013113549389929e-41,0.0002575748304836946,0.00024847421757487835
0,145.09424666735444,-1.0157323748799715e-41,0.0002580765485325111,0.00024796488598389626
0,145.14424666735442,-1.0181019861746669e-41,0.0002586341562481907,0.0002473996204680948
0,145.19424666735443,-1.0202460991403092e-41,0.00025925381344754726,0.00024677226134475256
0,145.24424666735442,-1.0221861727801173e-41,0.0002599423562162814,0.0002460759726619095
0,145.29424666735443,-1.023941624003162e-41,0.0002607073709271922,0.00024530316818015583
0,145.34424666735444,-1.0255300219553095e-41,0.00026155727633743356,0.00024444542927537554
0,145.39424666735442,-1.0269672638571437e-41,0.0002625014146444635,0.00024349341388279987
0,145.44424666735443,-1.0282677341086932e-41,0.00026355015247587896,0.0002424367555071717
0,145.49424666735442,-1.0294444482533371e-41,0.00026471499289424874,0.00024126395121791444
0,145.54424666735443,-1.0305091832417436e-41,0.00026600869961547496,0.00023996223743077218
0,145.59424666735444,-1.0314725952995459e-41,0.00026744543476930346,0.00023851745214729852
0,145.64424666735442,-1.0323443265784321e-41,0.00026904091167486425,0.00023691388217931842
0,145.69424666735443,-1.0331331016580409e-41,0.0002708125642639451,0.00023513409372565548
0,145.74424666735442,-1.033846814864485e-41,0.0002727797349618575,0.00023315874449126602
0,145.79424666735443,-1.0344926092794224e-41,0.00027496388303213974,0.00023096637534253804
0,145.84424666735444,-1.0350769482304164e-41,0.0002773888156088891,0.0002285331792749586
0,145.89424666735442,-1.0356056799780912e-41,0.00028008094388174337,0.00022583274522813523
0,145.94424666735443,-1.0360840962474914e-41,0.0002830695671657604,0.00022283577401591509
0,145.99424666735442,-1.0365169851894415e-41,0.0002863871878846365,0.00021950976334316928
0,146.04424666735443,-1.0369086793019722e-41,0.00029006986082400036,0.00021581865855249853
0,146.09424666735444,-1.0372630987914143e-41,0.0002941575803751901,0.00021172246538045812
0,146.14424666735442,-1.0375837908071426e-41,0.00029869470989311354,0.0002071768205996976
0,146.19424666735443,-1.0378739649426391e-41,0.00030373045773844084,0.0002021325159767701
0,146.24424666735442,-1.0381365253581824e-41,0.00030931940506935676,0.00019653497048037973
0,146.29424666735443,-1.0383740998466613e-41,0.0003155220909967294,0.00019032364512621458
0,146.34424666735444,-1.0385890661334076e-41,0.0003224056613242089,0.00018343139423684915
0,146.39424666735442,-1.0387835756732718e-41,0.00033004458776844046,0.00017578374622153134
0,146.44424666735443,-1.0389595751831061e-41,0.0003385214653007805,0.00016729810623446832
0,146.49424666735442,-1.0391188261251599e-41,0.00034792789607879454,0.0001578828722433278
0,146.54424666735443,-1.0392629223363879e-41,0.0003583654693522641,0.00014743645512323438
0,146.59424666735444,-1.0393933059801042e-41,0.0003699468477433909,0.0001358461923765645
0,146.64424666735442,-1.0395112819796384e-41,0.0003827969714260498,0.00012298714395369447
0,146.69424666735443,-1.0396180310784473e-41,0.0003970543929751254,0.0001087207574036657
0,146.74424666735442,-1.0397146216573911e-41,0.0004128727570378244,9.289338820287262e-05
0,146.79424666735443,-1.0398020204274492e-41,0.000430422440509136,7.533465957960303e-05
0,146.84424666735444,-1.0398811021048882e-41,0.00044989237058828854,5.585564445758282e-05
0,146.89424666735442,-1.039952658165716e-41,0.00047149203997156485,3.424685026316105e-05
0,146.94424666735443,-1.0400174047670403e-41,0.0004954537405172776,1.0275985260335529e-05
0,146.99424666735442,-1.0400759899146091e-41,0.0005220350390238058,1.631451722728216e-05
0,147.04424666735443,-1.0401289999482705e-41,0.0005515215213159372,4.581024290280943e-05
0,147.09424666735444,-1.0401769654102587e-41,0.0005842298336633304,7.852783791455284e-05
0,147.14424666735442,-1.0402203663550391e-41,0.000620511053690096,0.00011481837976558879
0,147.19424666735443,-1.0402596371538544e-41,0.0006607544264064502,0.00015507111334541615
0,147.24424666735442,-1.0402951708420587e-41,0.0007053915048400199,0.00019971759156126053
0,147.29424666735443,-1.0403273230527468e-41,0.0007549007390066159,0.0002492362643088474
0,147.34424666735444,-1.0403564155760499e-41,0.0008098125616798195,0.00030415756424198635
0,147.39424666735442,-1.0403827395797196e-41,0.000870715024649483,0.00036506954303107164
0,147.44424666735443,-1.0404065585232325e-41,0.0009382600449514861,0.00043262411759283765
0,147.49424666735442,-1.0404281107945812e-41,0.0010131703269679532,0.0005075439921905754
0,147.54424666735443,-1.0404476120961411e-41,0.001096247033406919,0.0005906303294137974
0,147.59424666735444,-1.0404652576034928e-41,0.0011883782860423742,0.0006827712509182818
0,147.64424666735442,-1.0404812239188048e-41,0.001290548585819861,0.0007849512575316684
0,147.69424666735443,-1.0404956708383274e-41,0.0014038492515927568,0.0008982616679897393
0,147.74424666735442,-1.0405087429516867e-41,0.001529489987455483,0.00102391218626963
0,147.79424666735443,-1.040520571088987e-41,0.0016688117004957296,0.00116324371934205
0,147.84424666735444,-1.0405312736302022e-41,0.0018233007039137295,0.0013177425802905578
0,147.89424666735442,-1.0405409576899616e-41,0.001994604455002885,0.0014890562262921876
0,147.94424666735443,-1.0405497201895904e-41,0.002184548993591427,0.0016790106970591058
0,147.99424666735442,-1.04055764882713e-41,0.0023951582643848873,0.0018896299371810826
0,148.04424666735443,-1.0405648229550501e-41,0.002628675526413215,0.0021231572055726094
0,148.09424666735444,-1.0405713143744338e-41,0.0028875870746664033,0.0023820787971085226
0,148.14424666735442,-1.0405771880535884e-41,0.00317464852324854,0.0026691503257780546
0,148.19424666735443,-1.040582502778269e-41,0.003492913926223573,0.002987425845530599
0,148.24424666735442,-1.0405873117400265e-41,0.003845768042058873,0.0033402901147192698
0,148.29424666735443,-1.0405916630685667e-41,0.0042369620805101284,0.0037314943429857987
0,148.34424666735444,-1.040595600313448e-41,0.004670653307252825,0.004165195795892013
0,148.39424666735442,-1.0405991628799406e-41,0.005151448921967685,0.004646001673005271
0,148.44424666735443,-1.0406023864234073e-41,0.005684454670314978,0.005179017719872779
0,148.49424666735442,-1.0406053032061546e-41,0.0062753286997720694,0.005769902083859129
0,148.54424666735443,-1.0406079424203247e-41,0.006930341224184049,0.006424924978696938
0,148.59424666735444,-1.04061033048006e-41,0.00765644062262106,0.007151034783344163
0,148.64424666735442,-1.040612491285865e-41,0.00846132666544076,0.007955931268046577
0,148.69424666735443,-1.0406144464638105e-41,0.00935353163496029,0.008848146715009723
0,148.74424666735442,-1.0406162155819744e-41,0.010342510190659253,0.009837135783601896
0,148.79424666735443,-1.0406178163462862e-41,0.011438738920235553,0.010933375061409989
0,148.84424666735444,-1.0406192647777329e-41,0.012653826619005,0.012148473343639084
0,148.89424666735442,-1.0406205753727033e-41,0.014000636452225554,0.013495293795436708
0,148.94424666735443,-1.0406217612480725e-41,0.015493421279004611,0.01498808927580011
0,148.99424666735442,-1.0406228342724796e-41,0.017147973553856975,0.016642652239134234
0,149.04424666735443,-1.0406238051851136e-41,0.018981791374177902,0.01847648078272476
0,149.09424666735444,-1.0406246837031944e-41,0.021014262410346728,0.020508962576841736
0,149.14424666735442,-1.0406254786192264e-41,0.02326686764180523,0.022761578600817945
0,149.19424666735443,-1.0406261978889965e-41,0.025763407029028514,0.025258128815019775
0,149.24424666735442,-1.040626848711198e-41,0.02853024948006742,0.028024982127389627
0,149.29424666735443,-1.0406274375994784e-41,0.031596609723704615,0.031091353266602013
0,149.34424666735444,-1.0406279704476296e-41,0.03499485498167723,0.03448960945428621
0,149.39424666735442,-1.040628452588575e-41,0.038760844643071266,0.03825561007942063
0,149.44424666735443,-1.0406288888477431e-41,0.04293430648782862,0.042429082921839854
0,149.49424666735442,-1.0406292835913623e-41,0.047559253387053226,0.047054040852540786
0,149.54424666735443,-1.0406296407701595e-41,0.05268444482947785,0.052179243360149466
0,149.59424666735444,-1.0406299639589002e-41,0.058363898090116655,0.05785870771957356
0,149.64424666735442,-1.0406302563921658e-41,0.06465745437409944,0.0641522751358367
0,149.69424666735443,-1.0406305209967269e-41,0.07163140584084518,0.07112623776825196
0,149.74424666735442,-1.0406307604208346e-41,0.07935919004728846,0.07885403317364825
0,149.79424666735443,-1.0406309770607262e-41,0.08792215905049351,0.08741701340898446
0,149.84424666735444,-1.0406311730846062e-41,0.09741043118644173,0.09690529681013688
0,149.89424666735442,-1.0406313504543478e-41,0.10792383440187908,0.1074187113237467
0,149.94424666735443,-1.0406315109451268e-41,0.11957295096800262,0.1190678392209064
0,149.99424666735442,-1.0406316561631888e-41,0.13248027445873484,0.1319751740754342
0,150.04424666735443,-1.0406317875619251e-41,0.14678149104349786,0.14627640205664824
0,150.09424666735444,-1.0406319064564185e-41,0.1626268984359664,0.16212182087811952
0,150.14424666735442,-1.0406320140366048e-41,0.18018297727094634,0.1796779111745505
0,150.19424666735443,-1.0406321113791829e-41,0.19963413126478402,0.19912907666218424
0,150.24424666735442,-1.0406321994583899e-41,0.22118461426769023,0.22067957119112872
0,150.29424666735443,-1.040632279155752e-41,0.24506066425751277,0.244555632739129
0,150.34424666735444,-1.0406323512689076e-41,0.27151286647244116,0.2710078465442723
0,150.39424666735442,-1.0406324165195889e-41,0.3008187702593212,0.3003137619533022
0,150.44424666735443,-1.040632475560847e-41,0.33328578684707066,0.3327807901950347
0,150.49424666735442,-1.0406325289835866e-41,0.36925439816961886,0.3687494132032976
0,150.54424666735443,-1.0406325773224801e-41,0.40910171009048524,0.4085967368415089
0,150.59424666735444,-1.04063262106132e-41,0.4532453869524993,0.45274042545239707
0,150.64424666735442,-1.0406326606378588e-41,0.5021480083318782,0.5016430586120786
0,150.69424666735443,-1.040632696448192e-41,0.5563218932530859,0.5558169553449166
0,150.74424666735442,-1.0406327288507214e-41,0.6163344419669338,0.6158295159016226
0,150.79424666735443,-1.0406327581697426e-41,0.6828140507601466,0.6823091365688212
0,150.84424666735444,-1.0406327846986898e-41,0.75645666120151,0.7559517589151983
0,150.89424666735442,-1.040632808703074e-41,0.838033011805217,0.8375281214548473
0,150.94424666735443,-1.0406328304231391e-41,0.9283966673678661,0.9278917889842675
0,150.99424666735442,-1.0406328500762666e-41,1.0284929092903632,1.0279880429042658
0,151.04424666735443,-1.0406328678591519e-41,1.1393685791142771,1.1388637247563127
0,151.09424666735444,-1.0406328839497717e-41,1.262182977369378,1.2616781350700794
0,151.14424666735442,-1.0406328985091668e-41,1.398219930757125,1.3977151005469273
0,151.19424666735443,-1.0406329116830521e-41,1.548901152786457,1.5483963346956966
0,151.24424666735442,-1.0406329236032765e-41,1.7158010363637117,1.7152962304226282
0,151.29424666735443,-1.0406329343891417e-41,1.9006630316584503,1.9001582378971855
0,151.34424666735444,-1.040632944148596e-41,2.105417778962979,2.1049129974115774
0,151.39424666735442,-1.0406329529793155e-41,2.3322031844215725,2.331698415109982
0,151.44424666735443,-1.0406329609696808e-41,2.5833866465961246,2.5828818895541956
0,151.49424666735442,-1.0406329681996624e-41,2.8615896640746445,2.861084919332132
0,151.54424666735443,-1.0406329747416202e-41,3.169715078951274,3.1692103465378367
0,151.59424666735444,-1.0406329806610285e-41,3.5109772382460114,3.5104725181912113
0,151.64424666735442,-1.0406329860171307e-41,3.8889353854985567,3.888430677831861
0,151.69424666735443,-1.0406329908635322e-41,4.307530628145882,4.307025932896662
0,151.74424666735442,-1.0406329952487377e-41,4.771126863237155,4.770622180434687
0,151.79424666735443,-1.0406329992166357e-41,5.284556084939721,5.284051414613186
0,151.84424666735444,-1.0406330028069383e-41,5.853168542535948,5.852663884714432
0,151.89424666735442,-1.0406330060555784e-41,6.482888267716363,6.482383622428858
0,151.94424666735443,-1.0406330089950697e-41,7.180274545408163,7.179769912683568
0,151.99424666735442,-1.0406330116548312e-41,7.952589963737056,7.952085343604176
0,152.04424666735443,-1.040633014061483e-41,8.807875746647435,8.807371139134977
0,152.09424666735444,-1.0406330162391116e-41,9.755035147847936,9.754530552984521
0,152.14424666735442,-1.0406330182095115e-41,10.803925767959193,10.803421185773342
0,152.19424666735443,-1.040633019992403e-41,11.965461748794795,11.96495717931494
0,152.24424666735442,-1.0406330216056299e-41,13.251726900597246,13.251222343851724
0,152.29424666735443,-1.040633023065338e-41,14.676099930843783,14.67559538686084
0,152.34424666735444,-1.0406330243861366e-41,16.253393068006776,16.252888536814563
0,152.39424666735442,-1.0406330255812444e-41,18.00000551181392,17.999500993440503
0,152.44424666735443,-1.0406330266626229e-41,19.934093294394586,19.933588788867933
0,152.49424666735442,-1.0406330276410944e-41,22.075757305865007,22.075252813212995
0,152.54424666735443,-1.0406330285264521e-41,24.447251425167423,24.446746945417836
0,152.59424666735444,-1.040633029327557e-41,27.073212904115337,27.072708437295876
0,152.64424666735442,-1.0406330300524265e-41,29.980917381959934,29.9804129280982
0,152.69424666735443,-1.0406330307083157e-41,33.20056116151563,33.20005672063913
0,152.74424666735442,-1.0406330313017887e-41,36.76557365869955,36.76506923083572
0,152.79424666735443,-1.0406330318387853e-41,40.712963248183144,40.71245883335932
0,152.84424666735444,-1.0406330323246799e-41,45.08370007168003,45.08319566992344
0,152.89424666735442,-1.0406330327643355e-41,49.92313975609556,49.922635367433365
0,152.94424666735443,-1.0406330331621524e-41,55.28149240989062,55.28098803434989
0,152.99424666735442,-1.040633033522112e-41,61.21434173208732,61.21383736969503
0,153.04424666735443,-1.0406330338478168e-41,67.78321958424505,67.78271523502809
0,153.09424666735444,-1.0406330341425269e-41,75.05624194635158,75.05573761033675
0,153.14424666735442,-1.0406330344091915e-41,83.10881280937639,83.10830848659037
0,153.19424666735443,-1.0406330346504796e-41,92.02440325609348,92.02389894656292
0,153.24424666735442,-1.0406330348688061e-41,101.89541375521891,101.89490945897033
0,153.29424666735443,-1.0406330350663561e-41,112.82412854999333,112.82362426705319
0,153.34424666735444,-1.0406330352451068e-41,124.92377196919779,124.92326769959243
0,153.39424666735442,-1.040633035406847e-41,138.31967753694,138.3191732806957
0,153.44424666735443,-1.0406330355531957e-41,153.1505819171383,153.15007767428128
0,153.49424666735442,-1.0406330356856175e-41,169.57005701191326,169.56955278246954
0,153.54424666735443,-1.0406330358054376e-41,187.74809495347563,187.74759073747128
0,153.59424666735444,-1.0406330359138553e-41,207.87286230003,207.87235809749092
0,153.64424666735442,-1.0406330360119557e-41,230.15264148547533,230.15213729642738
0,153.69424666735443,-1.0406330361007206e-41,254.817979496444,254.8174753209129
0,153.74424666735442,-1.0406330361810386e-41,282.12406587911994,282.12356171713134
0,153.79424666735443,-1.0406330362537132e-41,312.3533645345544,312.3528603861339
0,153.84424666735444,-1.0406330363194718e-41,345.81852636711653,345.8180222322897
0,153.89424666735442,-1.0406330363789728e-41,382.8656127358351,382.8651086146272
0,153.94424666735443,-1.0406330364328114e-41,423.8776628494089,423.8771587418454
0,153.99424666735442,-1.0406330364815266e-41,469.2786417768976,469.27813768300365
0,154.04424666735443,-1.040633036525606e-41,519.5378096543448,519.5373055741454
0,154.09424666735444,-1.0406330365654907e-41,575.174556989809,575.1740529233297
0,154.14424666735442,-1.0406330366015798e-41,636.7637557544019,636.7632517016673
0,154.19424666735443,-1.0406330366342346e-41,704.9416812393087,704.9411772003436
0,154.24424666735442,-1.0406330366637819e-41,780.4125655151871,780.4120614900166
0,154.29424666735443,-1.0406330366905173e-41,863.9558498118624,863.9553458005113
0,154.34424666735444,-1.0406330367147086e-41,956.4342103040759,956.4337063065686
0,154.39424666735442,-1.0406330367365978e-41,1058.8024397243735,1058.8019357407347
0,154.44424666735443,-1.0406330367564039e-41,1172.1172760004492,1172.1167720307035
0,154.49424666735442,-1.0406330367743253e-41,1297.5482788255874,1297.547774869759
0,154.54424666735443,-1.0406330367905412e-41,1436.3898658184423,1436.3893618765555
0,154.59424666735444,-1.0406330368052139e-41,1590.0746318137103,1590.0741278857893
0,154.64424666735442,-1.0406330368184904e-41,1760.1880879827943,1760.1875840688633
0,154.69424666735443,-1.0406330368305033e-41,1948.4849720350553,1948.4844681351387
0,154.74424666735442,-1.0406330368413732e-41,2156.907296851663,2156.906792965785
0,154.79424666735443,-1.0406330368512087e-41,2387.6043227232694,2387.603818851453
0,154.84424666735444,-1.040633036860108e-41,2642.9546580675533,2642.954154209823
0,154.89424666735442,-1.0406330368681607e-41,2925.59071531636,2925.5902114727387
0,154.94424666735443,-1.040633036875447e-41,3238.4257727859817,3238.4252689564946
0,154.99424666735442,-1.0406330368820398e-41,3584.683920037054,3584.6834162217233
0,155.04424666735443,-1.0406330368880054e-41,3967.9331937700317,3967.9326899688813
0,155.09424666735444,-1.0406330368934032e-41,4392.122243967192,4392.121740180245
0,155.14424666735442,-1.0406330368982873e-41,4861.620906151549,4861.6204023788305
0,155.19424666735443,-1.0406330369027066e-41,5381.265095621252,5381.264591862784
0,155.24424666735442,-1.0406330369067054e-41,5956.406483763449,5956.405980019254
0,155.29424666735443,-1.0406330369103237e-41,6592.967465514372,6592.966961784474
0,155.34424666735444,-1.0406330369135976e-41,7297.501981174115,7297.501477458536
0,155.39424666735442,-1.04063303691656e-41,8077.2628157170575,8077.262312015822
0,155.44424666735443,-1.0406330369192404e-41,8940.2760650156,8940.27556132873
0,155.49424666735442,-1.0406330369216659e-41,9895.423531725459,9895.423028052977
0,155.54424666735443,-1.0406330369238604e-41,10952.533894728236,10952.533391070167
0,155.59424666735444,-1.0406330369258462e-41,12122.483585754686,12122.48308211105
0,155.64424666735442,-1.0406330369276429e-41,13417.308406135084,13417.307902505903
0,155.69424666735443,-1.0406330369292688e-41,14850.327026456716,14850.326522842015
0,155.74424666735442,-1.0406330369307398e-41,16436.27763342896,16436.277129828763
0,155.79424666735443,-1.0406330369320708e-41,18191.469122727725,18191.46861914205
0,155.84424666735444,-1.0406330369332753e-41,20133.948385276955,20133.947881705826
0,155.89424666735442,-1.0406330369343651e-41,22283.685399006892,22283.68489545033
0,155.94424666735443,-1.0406330369353512e-41,24662.778020123234,24662.77751658126
0,155.99424666735442,-1.0406330369362434e-41,27295.6785692762,27295.67806574884
0,156.04424666735443,-1.0406330369370507e-41,30209.444530826444,30209.44402731372
0,156.09424666735444,-1.0406330369377812e-41,33434.015929760106,33434.015426262034
0,156.14424666735442,-1.0406330369384423e-41,37002.522223492204,37002.521720008815
0,156.19424666735443,-1.0406330369390404e-41,40951.621847326045,40951.621343857354
0,156.24424666735442,-1.0406330369395815e-41,45321.87788593546,45321.87738248149
0,156.29424666735443,-1.0406330369400712e-41,50158.17371236713,50158.1732089279
0,156.34424666735444,-1.0406330369405143e-41,55510.1728441966,55510.17234077213
0,156.39424666735442,-1.0406330369409152e-41,61432.82771821712,61432.82721480744
0,156.44424666735443,-1.040633036941278e-41,67986.94258455775,67986.94208116287
0,156.49424666735442,-1.0406330369416062e-41,75239.79627375846,75239.79577037842
0,156.54424666735443,-1.0406330369419033e-41,83265.83120181123,83265.83069844605
0,156.59424666735444,-1.0406330369421719e-41,92147.41565425067,92147.41515090036
0,156.64424666735442,-1.0406330369424151e-41,101975.68713868206,101975.68663534662
0,156.69424666735443,-1.0406330369426352e-41,112851.48542254671,112851.48491922619
0,156.74424666735442,-1.0406330369428343e-41,124886.38478829782,124886.38428499224
0,156.79424666735443,-1.0406330369430143e-41,138203.8360509903,138203.83554769968
0,156.84424666735444,-1.0406330369431773e-41,152940.43000308215,152940.4294998065
0,156.89424666735442,-1.0406330369433249e-41,169247.29519064652,169247.29468738587
0,156.94424666735443,-1.0406330369434584e-41,187291.64429559314,187291.64379234752
0,156.99424666735442,-1.040633036943579e-41,207258.48491454354,207258.4844113129
0,157.04424666735443,-1.0406330369436883e-41,229352.5122024338,229352.51169921827
0,157.09424666735444,-1.0406330369437872e-41,253800.20270344446,253800.202200244
0,157.14424666735442,-1.0406330369438767e-41,280852.1307444413,280852.130241256
0,157.19424666735443,-1.0406330369439576e-41,310785.5310355776,310785.5305324073
0,157.24424666735442,-1.0406330369440309e-41,343907.13363333564,343907.13313018053
0,157.29424666735443,-1.0406330369440971e-41,380556.30019910034,380556.2996959604
0,157.34424666735444,-1.040633036944157e-41,421108.49355738284,421108.49305425806
0,157.39424666735442,-1.0406330369442113e-41,465979.11595674657,465979.11545363703
0,157.44424666735443,-1.0406330369442604e-41,515627.7551944846,515627.7546913902
0,157.49424666735442,-1.0406330369443049e-41,570562.8819233364,570562.8814202574
0,157.54424666735443,-1.040633036944345e-41,631347.046058116,631347.0455550521
0,157.59424666735444,-1.0406330369443815e-41,698602.6252850977,698602.6247820492
0,157.64424666735442,-1.0406330369444144e-41,773018.1843048149,773018.1838017815
0,157.69424666735443,-1.040633036944444e-41,855355.509661132,855355.509158114
0,157.74424666735442,-1.0406330369444711e-41,946457.391892553,946457.3913895503
0,157.79424666735443,-1.0406330369444954e-41,1047256.2343570641,1047256.2338540768
0,157.84424666735444,-1.0406330369445175e-41,1158783.576500604,1158783.575997632
0,157.89424666735442,-1.0406330369445375e-41,1282180.6286566127,1282180.6281536561
0,157.94424666735443,-1.0406330369445556e-41,1418709.925765324,1418709.9252623827
0,157.99424666735442,-1.0406330369445719e-41,1569768.2187966309,1569768.2182937053
0,158.04424666735443,-1.0406330369445867e-41,1736900.735267441,1736900.734764531
0,158.09424666735444,-1.0406330369446e-41,1921816.954181479,1921816.9536785844
0,158.14424666735442,-1.0406330369446121e-41,2126408.0561436503,2126408.0556407715
0,158.19424666735443,-1.0406330369446231e-41,2352766.2264536987,2352766.225950835
0,158.24424666735442,-1.040633036944633e-41,2603206.0078469915,2603206.0073441435
0,158.29424666735443,-1.040633036944642e-41,2880287.9204192376,2880287.919916405
0,158.34424666735444,-1.0406330369446501e-41,3186844.5893418477,3186844.588839031
0,158.39424666735442,-1.0406330369446574e-41,3526009.646505809,3526009.6460030074
0,158.44424666735443,-1.040633036944664e-41,3901249.700458088,3901249.6999553023
0,158.49424666735442,-1.04063303694467e-41,4316399.700216796,4316399.6997140255
0,158.54424666735443,-1.0406330369446755e-41,4775702.053093235,4775702.05259048
0,158.59424666735444,-1.0406330369446805e-41,5283849.894832875,5283849.894330136
0,158.64424666735442,-1.0406330369446849e-41,5846034.952644256,5846034.952141533
0,158.69424666735443,-1.0406330369446889e-41,6468000.488401408,6468000.487898701
0,158.74424666735442,-1.0406330369446926e-41,7156099.8609797,7156099.860477008
0,158.79424666735443,-1.0406330369446959e-41,7917361.303852549,7917361.303349872
0,158.84424666735444,-1.0406330369446988e-41,8759559.577270504,8759559.576767843
0,158.89424666735442,-1.0406330369447015e-41,9691295.224277714,9691295.223775068
0,158.94424666735443,-1.040633036944704e-41,10722082.23713331,10722082.236630682
0,158.99424666735445,-1.0406330369447062e-41,11862445.026222177,11862445.025719563
0,159.04424666735443,-1.0406330369447082e-41,13124025.678138321,13124025.677635722
0,159.09424666735444,-1.04063303694471e-41,14519702.594219659,14519702.593717078
0,159.14424666735442,-1.0406330369447117e-41,16063721.716501512,16063721.715998944
0,159.19424666735443,-1.0406330369447131e-41,17771841.676038846,17771841.675536294
0,159.24424666735445,-1.0406330369447145e-41,19661494.340018574,19661494.33951604
0,159.29424666735443,-1.0406330369447156e-41,21751962.390637115,21751962.390134595
0,159.34424666735444,-1.0406330369447168e-41,24064575.741786353,24064575.74128385
0,159.39424666735442,-1.0406330369447178e-41,26622928.791017357,26622928.79051487
0,159.44424666735443,-1.0406330369447187e-41,29453120.71601637,29453120.715513904
0,159.49424666735445,-1.0406330369447195e-41,32584021.25890656,32584021.258404106
0,159.54424666735443,-1.0406330369447202e-41,36047564.70071975,36047564.700217314
0,159.59424666735444,-1.0406330369447209e-41,39879075.014731795,39879075.01422937
0,159.64424666735442,-1.0406330369447215e-41,44117625.50407426,44117625.50357185
0,159.69424666735443,-1.040633036944722e-41,48806436.57939882,48806436.57889642
0,159.74424666735445,-1.0406330369447225e-41,53993315.71964574,53993315.71914337
0,159.79424666735443,-1.040633036944723e-41,59731144.087519415,59731144.08701706
0,159.84424666735444,-1.0406330369447234e-41,66078414.74501093,66078414.74450858
0,159.89424666735442,-1.0406330369447238e-41,73099827.93828289,73099827.93778056
0,159.94424666735443,-1.040633036944724e-41,80866949.50085758,80866949.50035524
0,159.99424666735445,-1.0406330369447244e-41,89458939.06472708,89458939.0642248
0,160.04424666735443,-1.0406330369447247e-41,98963355.47795828,98963355.477456
0,160.09424666735444,-1.040633036944725e-41,109477047.61105299,109477047.61055073
0,160.14424666735442,-1.0406330369447251e-41,121107139.60110928,121107139.60060702
0,160.19424666735443,-1.0406330369447253e-41,133972120.54165341,133972120.5411512
0,160.24424666735445,-1.0406330369447255e-41,148203049.68581918,148203049.68531695
0,160.29424666735443,-1.0406330369447257e-41,163944889.40327087,163944889.40276867
0,160.34424666735444,-1.0406330369447258e-41,181357979.42760026,181357979.4270981
0,160.39424666735442,-1.040633036944726e-41,200619667.3646785,200619667.36417633
0,160.44424666735443,-1.0406330369447261e-41,221926112.01842558,221926112.01792344
0,160.49424666735445,-1.0406330369447262e-41,245494277.84343344,245494277.8429313
0,160.54424666735443,-1.0406330369447263e-41,271564140.77360237,271564140.77310026
0,160.59424666735444,-1.0406330369447263e-41,300401127.82008356,300401127.8195814
0,160.64424666735442,-1.0406330369447265e-41,332298815.20321965,332298815.20271754
0,160.69424666735443,-1.0406330369447265e-41,367581912.40630937,367581912.40580726
0,160.74424666735445,-1.0406330369447266e-41,406609562.43831694,406609562.4378149
0,160.79424666735443,-1.0406330369447266e-41,449778991.8007484,449778991.80024636
0,160.84424666735444,-1.0406330369447267e-41,497529547.200057,497529547.1995551
0,160.89424666735442,-1.0406330369447267e-41,550347159.968867,550347159.9683648
0,160.94424666735443,-1.0406330369447269e-41,608769283.4975126,608769283.4970106
0,160.99424666735445,-1.0406330369447269e-41,673390353.7722417,673390353.7717398
0,161.04424666735443,-1.0406330369447269e-41,744867828.4218991,744867828.4213972
0,161.09424666735444,-1.040633036944727e-41,823928865.5393368,823928865.5388349
0,161.14424666735442,-1.040633036944727e-41,911377710.0295696,911377710.0290676
0,161.19424666735443,-1.040633036944727e-41,1008103862.4108022,1008103862.4103004
0,161.24424666735445,-1.040633036944727e-41,1115091112.9235451,1115091112.923043
0,161.29424666735443,-1.040633036944727e-41,1233427532.5764396,1233427532.5759377
0,161.34424666735444,-1.040633036944727e-41,1364316522.4549685,1364316522.4544668
0,161.39424666735442,-1.0406330369447271e-41,1509089033.344101,1509089033.3435993
0,161.44424666735443,-1.0406330369447271e-41,1669217079.5788443,1669217079.5783427
0,161.49424666735445,-1.0406330369447271e-41,1846328684.1478152,1846328684.1473136
0,161.54424666735443,-1.0406330369447271e-41,2042224406.5820596,2042224406.5815578
0,161.59424666735444,-1.0406330369447271e-41,2258895621.196184,2258895621.1956825
0,161.64424666735442,-1.0406330369447271e-41,2498544730.98231,2498544730.9818077
0,161.69424666735443,-1.0406330369447271e-41,2763607522.0720654,2763607522.071564
0,161.74424666735445,-1.0406330369447271e-41,3056777885.3603253,3056777885.3598237
0,161.79424666735443,-1.0406330369447271e-41,3381035155.870387,3381035155.8698854
0,161.84424666735444,-1.0406330369447271e-41,3739674346.9521875,3739674346.9516864
0,161.89424666735442,-1.0406330369447272e-41,4136339585.7247925,4136339585.724291
0,161.94424666735443,-1.0406330369447272e-41,4575061088.604192,4575061088.603691
0,161.99424666735445,-1.0406330369447272e-41,5060296051.598631,5060296051.598129
0,162.04424666735443,-1.0406330369447272e-41,5596973869.709634,5596973869.709131
0,162.09424666735444,-1.0406330369447272e-41,6190546143.60804,6190546143.607538
0,162.14424666735442,-1.0406330369447272e-41,6847041980.226781,6847041980.226278
0,162.19424666735443,-1.0406330369447272e-41,7573129147.525893,7573129147.525392
0,162.24424666735445,-1.0406330369447272e-41,8376181702.9376335,8376181702.937131
0,162.29424666735443,-1.0406330369447272e-41,9264354780.55792,9264354780.55742
0,162.34424666735444,-1.0406330369447272e-41,10246667294.60962,10246667294.609118
0,162.39424666735442,-1.0406330369447272e-41,11333093396.834654,11333093396.834152
0,162.44424666735443,-1.0406330369447272e-41,12534663614.100773,12534663614.100273
0,162.49424666735445,-1.0406330369447272e-41,13863576690.458426,13863576690.457926
0,162.54424666735443,-1.0406330369447272e-41,15333323266.254633,15333323266.254133
0,162.59424666735444,-1.0406330369447272e-41,16958822646.689201,16958822646.688704
0,162.64424666735442,-1.0406330369447272e-41,18756574044.65712,18756574044.656616
0,162.69424666735443,-1.0406330369447272e-41,20744823829.22404,20744823829.22354
0,162.74424666735445,-1.0406330369447272e-41,22943750472.989502,22943750472.989002
0,162.79424666735443,-1.0406330369447272e-41,25375669070.725697,25375669070.725193
0,162.84424666735444,-1.0406330369447272e-41,28065257499.664413,28065257499.66391
0,162.89424666735442,-1.0406330369447272e-41,31039806510.74632,31039806510.74582
0,162.94424666735443,-1.0406330369447272e-41,34329496282.299828,34329496282.299328
0,162.99424666735445,-1.0406330369447272e-41,37967702235.22778,37967702235.22728
0,163.04424666735443,-1.0406330369447272e-41,41991333204.859406,41991333204.8589
0,163.09424666735444,-1.0406330369447272e-41,46441205391.85766,46441205391.85716
0,163.14424666735442,-1.0406330369447272e-41,51362455876.4394,51362455876.438896
0,163.19424666735443,-1.0406330369447272e-41,56804999880.38991,56804999880.389404
0,163.24424666735445,-1.0406330369447272e-41,62824036403.65027,62824036403.64977
0,163.29424666735443,-1.0406330369447272e-41,69480607351.59534,69480607351.59483
0,163.34424666735444,-1.0406330369447272e-41,76842215809.94371,76842215809.94322
0,163.39424666735442,-1.0406330369447272e-41,84983509722.29468,84983509722.29419
0,163.44424666735443,-1.0406330369447272e-41,93987037886.72899,93987037886.72849
0,163.49424666735445,-1.0406330369447272e-41,103944085918.87013,103944085918.86963
0,163.54424666735443,-1.0406330369447272e-41,114955600637.50284,114955600637.50233
0,163.59424666735444,-1.0406330369447272e-41,127133212222.61324,127133212222.61273
0,163.64424666735442,-1.0406330369447272e-41,140600364484.05347,140600364484.05295
0,163.69424666735443,-1.0406330369447272e-41,155493564672.11432,155493564672.11383
0,163.74424666735445,-1.0406330369447272e-41,171963765469.2291,171963765469.2286
0,163.79424666735443,-1.0406330369447272e-41,190177893138.43848,190177893138.43802
0,163.84424666735444,-1.0406330369447272e-41,210320537281.20172,210320537281.20123
0,163.89424666735442,-1.0406330369447272e-41,232595819290.35587,232595819290.3554
0,163.94424666735443,-1.0406330369447272e-41,257229458390.3007,257229458390.3002
0,163.99424666735445,-1.0406330369447272e-41,284471056152.5564,284471056152.5559
0,164.04424666735443,-1.0406330369447272e-41,314596622583.1407,314596622583.1402
0,164.09424666735444,-1.0406330369447272e-41,347911369318.75287,347911369318.7523
0,164.14424666735442,-1.0406330369447272e-41,384752798167.45667,384752798167.4562
0,164.19424666735443,-1.0406330369447272e-41,425494116214.1885,425494116214.1879
0,164.24424666735445,-1.0406330369447272e-41,470548012009.6119,470548012009.6113
0,164.29424666735443,-1.0406330369447272e-41,520370831009.68207,520370831009.68164
0,164.34424666735444,-1.0406330369447272e-41,575467192465.8132,575467192465.8127
0,164.39424666735442,-1.0406330369447272e-41,636395094424.5675,636395094424.5669
0,164.44424666735443,-1.0406330369447272e-41,703771558427.2291,703771558427.2286
0,164.49424666735445,-1.0406330369447272e-41,778278870949.0509,778278870949.0504
0,164.54424666735443,-1.0406330369447272e-41,860671484646.7034,860671484646.7029
0,164.59424666735444,-1.0406330369447272e-41,951783649145.0415,951783649145.0411
0,164.64424666735442,-1.0406330369447272e-41,1052537848461.4988,1052537848461.4983
0,164.69424666735443,-1.0406330369447272e-41,1163954130313.9773,1163954130313.9768
0,164.74424666735445,-1.0406330369447272e-41,1287160421561.4492,1287160421561.4487
0,164.79424666735443,-1.0406330369447272e-41,1423403933986.7468,1423403933986.7463
0,164.84424666735444,-1.0406330369447272e-41,1574063775638.4097,1574063775638.409
0,164.89424666735442,-1.0406330369447272e-41,1740664895119.7705,1740664895119.77
0,164.94424666735443,-1.0406330369447272e-41,1924893499673.9204,1924893499673.9197
0,164.99424666735445,-1.0406330369447272e-41,2128614102787.1882,2128614102787.1875
0,165.04424666735443,-1.0406330369447272e-41,2353888373488.6577,2353888373488.6567
0,165.09424666735444,-1.0406330369447272e-41,2602995977707.602,2602995977707.6016
0,165.14424666735442,-1.0406330369447272e-41,2878457622157.8887,2878457622157.888
0,165.19424666735443,-1.0406330369447272e-41,3183060533454.8374,3183060533454.837
0,165.24424666735445,-1.0406330369447272e-41,3519886629741.4614,3519886629741.461
0,165.29424666735443,-1.0406330369447272e-41,3892343669283.5654,3892343669283.565
0,165.34424666735444,-1.0406330369447272e-41,4304199690532.685,4304199690532.6846
0,165.39424666735442,-1.0406330369447272e-41,4759621091370.978,4759621091370.978
0,165.44424666735443,-1.0406330369447272e-41,5263214731984.543,5263214731984.543
0,165.49424666735445,-1.0406330369447272e-41,5820074486400.763,5820074486400.763
0,165.54424666735443,-1.0406330369447272e-41,6435832712626.825,6435832712626.825
0,165.59424666735444,-1.0406330369447272e-41,7116717160947.309,7116717160947.309
0,165.64424666735442,-1.0406330369447272e-41,7869613894804.168,7869613894804.168
0,165.69424666735443,-1.0406330369447272e-41,8702136859357.284,8702136859357.284
0,165.74424666735445,-1.0406330369447272e-41,9622704799868.307,9622704799868.307
0,165.79424666735443,-1.0406330369447272e-41,10640626306217.873,10640626306217.873
0,165.84424666735444,-1.0406330369447272e-41,11766193841827.13,11766193841827.13
0,165.89424666735442,-1.0406330369447272e-41,13010787705878.219,13010787705878.219
0,165.94424666735443,-1.0406330369447272e-41,14386990977945.8,14386990977945.8
0,165.99424666735445,-1.0406330369447272e-41,15908716604889.428,15908716604889.428
0,166.04424666735443,-1.0406330369447272e-41,17591347912357.635,17591347912357.635
0,166.09424666735444,-1.0406330369447272e-41,19451893958626.91,19451893958626.91
0,166.14424666735442,-1.0406330369447272e-41,21509161298176.62,21509161298176.62
0,166.19424666735443,-1.0406330369447272e-41,23783943887924.52,23783943887924.52
0,166.24424666735445,-1.0406330369447272e-41,26299233051942.4,26299233051942.4
0,166.29424666735443,-1.0406330369447272e-41,29080449622795.227,29080449622795.227
0,166.34424666735444,-1.0406330369447272e-41,32155700601224.355,32155700601224.355
0,166.39424666735442,-1.0406330369447272e-41,35556062923099.47,35556062923099.47
0,166.44424666735443,-1.0406330369447272e-41,39315897195932.65,39315897195932.65
0,166.49424666735445,-1.0406330369447272e-41,43473194569306.266,43473194569306.266
0,166.54424666735443,-1.0406330369447272e-41,48069960237705.086,48069960237705.086
0,166.59424666735444,-1.0406330369447272e-41,53152637443482.836,53152637443482.836
0,166.64424666735442,-1.0406330369447272e-41,58772576255943.93,58772576255943.93
0,166.69424666735443,-1.0406330369447272e-41,64986551853981.86,64986551853981.86
0,166.74424666735445,-1.0406330369447272e-41,71857337538547.83,71857337538547.83
0,166.79424666735443,-1.0406330369447272e-41,79454338253032.92,79454338253032.92
0,166.84424666735444,-1.0406330369447272e-41,87854290999412.1,87854290999412.1
0,166.89424666735442,-1.0406330369447272e-41,97142039212186.31,97142039212186.31
0,166.94424666735443,-1.0406330369447272e-41,107411388897691.86,107411388897691.86
0,166.99424666735445,-1.0406330369447272e-41,118766055170100.94,118766055170100.94
0,167.04424666735443,-1.0406330369447272e-41,131320708726669.56,131320708726669.56
0,167.09424666735444,-1.0406330369447272e-41,145202132811714.6,145202132811714.6
0,167.14424666735442,-1.0406330369447272e-41,160550502332100.34,160550502332100.34
0,167.19424666735443,-1.0406330369447272e-41,177520798018117.88,177520798018117.88
0,167.24424666735445,-1.0406330369447272e-41,196284369883890.94,196284369883890.94
0,167.29424666735443,-1.0406330369447272e-41,217030665746140.38,217030665746140.38
0,167.34424666735444,-1.0406330369447272e-41,239969142222823.0,239969142222823.0
0,167.39424666735442,-1.0406330369447272e-41,265331377471488.72,265331377471488.72
0,167.44424666735443,-1.0406330369447272e-41,293373406960021.75,293373406960021.75
0,167.49424666735445,-1.0406330369447272e-41,324378305808493.9,324378305808493.9
0,167.54424666735443,-1.0406330369447272e-41,358659043725396.44,358659043725396.44
0,167.59424666735444,-1.0406330369447272e-41,396561641306908.56,396561641306908.56
0,167.64424666735442,-1.0406330369447272e-41,438468659503235.7,438468659503235.7
0,167.69424666735443,-1.0406330369447272e-41,484803057412533.4,484803057412533.4
0,167.74424666735445,-1.0406330369447272e-41,536032457271476.2,536032457271476.2
0,167.79424666735443,-1.0406330369447272e-41,592673859613794.2,592673859613794.2
0,167.84424666735444,-1.0406330369447272e-41,655298856101007.1,655298856101007.1
0,167.89424666735442,-1.0406330369447272e-41,724539392541259.5,724539392541259.5
0,167.94424666735443,-1.0406330369447272e-41,801094140153928.5,801094140153928.5
0,167.99424666735445,-1.0406330369447272e-41,885735539260710.9,885735539260710.9
0,168.04424666735443,-1.0406330369447272e-41,979317586356859.2,979317586356859.2
0,168.09424666735444,-1.0406330369447272e-41,1082784443000211.0,1082784443000211.0
0,168.14424666735442,-1.0406330369447272e-41,1197179953229946.8,1197179953229946.8
0,168.19424666735443,-1.0406330369447272e-41,1323658165376465.5,1323658165376465.5
0,168.24424666735445,-1.0406330369447272e-41,1463494964232751.0,1463494964232751.0
0,168.29424666735443,-1.0406330369447272e-41,1618100930739534.8,1618100930739534.8
0,168.34424666735444,-1.0406330369447272e-41,1789035558692233.8,1789035558692233.8
0,168.39424666735442,-1.0406330369447272e-41,1978022971637951.5,1978022971637951.5
0,168.44424666735443,-1.0406330369447272e-41,2186969298235859.2,2186969298235859.2
0,168.49424666735445,-1.0406330369447272e-41,2417981881043234.5,2417981881043234.5
0,168.54424666735443,-1.0406330369447272e-41,2673390512149636.0,2673390512149636.0
0,168.59424666735444,-1.0406330369447272e-41,2955770909479338.5,2955770909479338.5
0,168.64424666735442,-1.0406330369447272e-41,3267970670133459.0,3267970670133459.0
0,168.69424666735443,-1.0406330369447272e-41,3613137962079334.5,3613137962079334.5
0,168.74424666735445,-1.0406330369447272e-41,3994753243045367.0,3994753243045367.0
0,168.79424666735443,-1.0406330369447272e-41,4416664325954022.5,4416664325954022.5
0,168.84424666735444,-1.0406330369447272e-41,4883125143898240.0,4883125143898240.0
0,168.89424666735442,-1.0406330369447272e-41,5398838604893909.0,5398838604893909.0
0,168.94424666735443,-1.0406330369447272e-41,5969003967805122.0,5969003967805122.0
0,168.99424666735445,-1.0406330369447272e-41,6599369216318483.0,6599369216318483.0
0,169.04424666735443,-1.0406330369447272e-41,7296288958148390.0,7296288958148390.0
0,169.09424666735444,-1.0406330369447272e-41,8066788432239686.0,8066788432239686.0
0,169.14424666735442,-1.0406330369447272e-41,8918634268186160.0,8918634268186160.0
0,169.19424666735443,-1.0406330369447272e-41,9860412710032982.0,9860412710032982.0
0,169.24424666735445,-1.0406330369447272e-41,1.090161609170408e+16,1.090161609170408e+16
0,169.29424666735443,-1.0406330369447272e-41,1.2052738434333852e+16,1.2052738434333852e+16
0,169.34424666735444,-1.0406330369447272e-41,1.332538112753386e+16,1.332538112753386e+16
0,169.39424666735442,-1.0406330369447272e-41,1.473236975806108e+16,1.473236975806108e+16
0,169.44424666735443,-1.0406330369447272e-41,1.6287883261514742e+16,1.6287883261514742e+16
0,169.49424666735445,-1.0406330369447272e-41,1.8007596696605228e+16,1.8007596696605228e+16
0,169.54424666735443,-1.0406330369447272e-41,1.9908839078603176e+16,1.9908839078603176e+16
0,169.59424666735444,-1.0406330369447272e-41,2.2010767860020764e+16,2.2010767860020764e+16
0,169.64424666735442,-1.0406330369447272e-41,2.4334561814005692e+16,2.4334561814005692e+16
0,169.69424666735443,-1.0406330369447272e-41,2.6903634261056604e+16,2.6903634261056604e+16
0,169.74424666735445,-1.0406330369447272e-41,2.974386878420053e+16,2.974386878420053e+16
0,169.79424666735443,-1.0406330369447272e-41,3.2883879804002604e+16,3.2883879804002604e+16
2,139.79424666735443,9.993840238901696e-39,0.00025328686000199646,0.00025328677553490585
2,139.84424666735444,9.042800598031483e-39,0.00025328579854173205,0.00025328570315889294
2,139.89424666735442,8.182264344937116e-39,0.0002532847081832205,0.0002532846005294681
2,139.94424666735443,7.403618943560425e-39,0.0002532835891786377,0.00025328346773517143
2,139.99424666735442,6.699071449013562e-39,0.00025328244179928495,0.00025328230486430705
2,140.04424666735443,6.061570513163708e-39,0.0002532812663378454,0.0002532811120049443
2,140.09424666735444,5.484735812373831e-39,0.0002532800631108995,0.0002532798892449181
2,140.14424666735442,4.962794191077868e-39,0.00025327883246172955,0.00025327863667182947
2,140.19424666735443,4.490521882098655e-39,0.0002532775747634472,0.0002532773543730466
2,140.24424666735442,4.0631922254322633e-39,0.00025327629042247825,0.000253276042435705
2,140.29424666735443,3.67652836224383e-39,0.0002532749798824478,0.0002532747009467086
2,140.34424666735444,3.3266604306286065e-39,0.00025327364362851023,0.0002532733299927301
2,140.39424666735442,3.010086834732484e-39,0.0002532722821921737,0.00025327192966021183
2,140.44424666735443,2.723639199603313e-39,0.00025327089615667685,0.00025327050003536613
2,140.49424666735442,2.4644506610306733e-39,0.0002532694861629791,0.00025326904120417633
2,140.54424666735443,2.2299271730039576e-39,0.0002532680529164342,0.000253267553252397
2,140.59424666735444,2.0177215456290815e-39,0.00025326659719422483,0.00025326603626555505
2,140.64424666735442,1.825709953662606e-39,0.0002532651198536436,0.00025326449032894976
2,140.69424666735443,1.6519706805545865e-39,0.000253263621841317,0.00025326291552765404
2,140.74424666735442,1.4947648852641697e-39,0.00025326210420347753,0.00025326131194651464
2,140.79424666735443,1.352519199353218e-39,0.00025326056809740364,0.00025325967967015304
2,140.84424666735444,1.2238099801868014e-39,0.0002532590148041578,0.0002532580187829659
2,140.89424666735442,1.1073490626389017e-39,0.00025325744574276996,0.00025325632936912577
2,140.94424666735443,1.0019708667027014e-39,0.0002532558624860291,0.00025325461151258163
2,140.99424666735442,9.066207319745557e-40,0.00025325426677806287,0.0002532528652970596
2,141.04424666735443,8.203443622577104e-40,0.0002532526605539079,0.0002532510908060636
2,141.09424666735444,7.422782746456053e-40,0.00025325104596129317,0.00025324928812287586
2,141.14424666735442,6.716411574945393e-40,0.0002532494253848855,0.00025324745733055744
2,141.19424666735443,6.077260507940286e-40,0.00025324780147327453,0.0002532455985119494
2,141.24424666735442,5.498932706736779e-40,0.00025324617716900196,0.00025324371174967266
2,141.29424666735443,4.975640072317084e-40,0.0002532445557419796,0.00025324179712612875
2,141.34424666735444,4.502145316111544e-40,0.000253242940826674,0.0002532398547235011
2,141.39424666735442,4.073709543453198e-40,0.0002532413364634794,0.000253237884623755
2,141.44424666735443,3.686044825126555e-40,0.000253239747144749,0.00025323588690863837
2,141.49424666735442,3.335271282332436e-40,0.00025323817786600424,0.00025323386165968214
2,141.54424666735443,3.0178782555550967e-40,0.000253236634182903,0.0002532318089582015
2,141.59424666735444,2.730689168703277e-40,0.00025323512227460796,0.0002532297288852956
2,141.64424666735442,2.4708297368683185e-40,0.0002532336490142722,0.0002532276215218491
2,141.69424666735443,2.2356991995143477e-40,0.00025323222204743447,0.000253225486948532
2,141.74424666735442,2.022944291193693e-40,0.00025323084987920874,0.0002532233252458006
2,141.79424666735443,1.8304356892742439e-40,0.0002532295419712472,0.000253221136493898
2,141.84424666735444,1.6562467029637412e-40,0.0002532283088495671,0.0002532189207728549
2,141.89424666735442,1.4986339903403335e-40,0.00025322716222445085,0.0002532166781624898
2,141.94424666735443,1.356020110400444e-40,0.000253226115123765,0.0002532144087424098
2,141.99424666735442,1.2269777354996162e-40,0.00025322518204119114,0.0002532121125920113
2,142.04424666735443,1.110215366177056e-40,0.00025322437910102696,0.0002532097897904803
2,142.09424666735444,1.004564405395472e-40,0.0002532237242414019,0.00025320744041679334
2,142.14424666735442,9.089674628288988e-41,0.0002532232374179522,0.00025320506454971784
2,142.19424666735443,8.224677721447791e-41,0.0002532229408302294,0.0002532026622678125
2,142.24424666735442,7.441996153652953e-41,0.00025322285917336786,0.00025320023364942856
2,142.29424666735443,6.733796584704727e-41,0.00025322301991781193,0.0002531977787727095
2,142.34424666735444,6.09299111528345e-41,0.00025322345362021996,0.00025319529771559204
2,142.39424666735442,5.513166348869306e-41,0.00025322419426900076,0.0002531927905558071
2,142.44424666735443,4.988519204313528e-41,0.00025322527966832104,0.0002531902573708795
2,142.49424666735442,4.513798836654007e-41,0.000253226751864849,0.00025318769823812947
2,142.54424666735443,4.084254084891636e-41,0.0002532286576219661,0.0002531851132346723
2,142.59424666735444,3.695585920776085e-41,0.0002532310489467043,0.00025318250243741976
2,142.64424666735442,3.3439044226851905e-41,0.0002532339836752419,0.00025317986592307985
2,142.69424666735443,3.025689843981425e-41,0.00025323752612343986,0.00025317720376815815
2,142.74424666735442,2.7377573862058715e-41,0.0002532417478096078,0.00025317451604895785
2,142.79424666735443,2.4772253245433424e-41,0.0002532467282574872,0.0002531718028415804
2,142.84424666735444,2.2414861665530388e-41,0.0002532525558883145,0.00025316906422192615
2,142.89424666735442,2.0281805555072414e-41,0.00025325932901180536,0.00025316630026569516
2,142.94424666735443,1.8351736571558688e-41,0.0002532671569269812,0.0002531635110483871
2,142.99424666735442,1.6605337935885823e-41,0.00025327616114496454,0.00025316069664530226
2,143.04424666735443,1.5025131103521153e-41,0.00025328647674720023,0.0002531578571315422
2,143.09424666735444,1.359530083336156e-41,0.0002532982538940391,0.00025315499258200987
2,143.14424666735442,1.2301536903481424e-41,0.0002533116595002651,0.0002531521030714106
2,143.19424666735443,1.1130890889619954e-41,0.0002533268790959654,0.0002531491886742526
2,143.24424666735442,1.0071646573004045e-41,0.00025334411889316427,0.00025314624946484683
2,143.29424666735443,9.113202680487494e-42,0.00025336360808088826,0.00025314328551730863
2,143.34424666735444,8.245966783450503e-42,0.0002533856013738101,0.0002531402969055574
2,143.39424666735442,7.461259293547894e-42,0.0002534103818423868,0.00025313728370331747
2,143.44424666735443,6.751226594470531e-42,0.0002534382640554638,0.0002531342459841186
2,143.49424666735442,6.108762440316628e-42,0.0002534695975697169,0.0002531311838212967
2,143.54424666735443,5.527436833891019e-42,0.00025350477080407046,0.00025312809728799394
2,143.59424666735444,5.001431673134695e-42,0.00025354421534141156,0.00025312498645715963
2,143.64424666735442,4.525482521602622e-42,0.0002535884107045566,0.00025312185140155064
2,143.69424666735443,4.094825920213686e-42,0.00025363788965857,0.000253118692193732
2,143.74424666735442,3.7051517129530005e-42,0.00025369324409724143,0.0002531155089060773
2,143.79424666735443,3.35255990937983e-42,0.00025375513157785553,0.00025311230161076924
2,143.84424666735444,3.033521652214047e-42,0.00025382428257540864,0.00025310907037980046
2,143.89424666735442,2.7448438993456297e-42,0.0002539015085352114,0.00025310581528497326
2,143.94424666735443,2.4836374667955986e-42,0.00025398771081145517,0.00025310253639790114
2,143.99424666735442,2.247288112792777e-42,0.00025408389058889186,0.00025309923379000896
2,144.04424666735443,2.033430373562275e-42,0.00025419115989540423,0.0002530959075325327
2,144.09424666735444,1.8399238889699434e-42,0.0002543107538250228,0.00025309255769652113
2,144.14424666735442,1.664831981078302e-42,0.00025444404410400804,0.0002530891843528357
2,144.19424666735443,1.506402271222548e-42,0.0002545925541471091,0.0002530857875721512
2,144.24424666735442,1.3630491416165623e-42,0.00025475797576717316,0.0002530823674249561
2,144.29424666735443,1.2333378659564332e-42,0.0002549421877191044,0.00025307892398155344
2,144.34424666735444,1.115970250197974e-42,0.0002551472762789215,0.0002530754573120607
2,144.39424666735442,1.009771639794113e-42,0.0002553755580805832,0.0002530719674864111
2,144.44424666735443,9.136791633572214e-43,0.0002556296054575382,0.0002530684545743536
2,144.49424666735442,8.267310950854321e-43,0.000255912274562901,0.0002530649186454534
2,144.54424666735443,7.48057229487127e-43,0.00025622673657203,0.00025306135976909267
2,144.59424666735444,6.7687017207224965e-43,0.0002565765123043976,0.000253057778014471
2,144.64424666735442,6.1245745884343095e-43,0.0002569655106383782,0.0002530541734506056
2,144.69424666735443,5.541744257167425e-43,0.00025739807113329315,0.0002530505461463323
2,144.74424666735442,5.01437756507115e-43,0.00025787901131819554,0.0002530468961703059
2,144.79424666735443,4.5371964490363184e-43,0.00025841367915694377,0.00025304322359100004
2,144.84424666735444,4.105425120067853e-43,0.00025900801125459407,0.0002530395284767087
2,144.89424666735442,3.714742265582293e-43,0.0002596685974316776,0.0002530358108955459
2,144.94424666735443,3.361237800258456e-43,0.000260402752361135,0.00025303207091544673
2,144.99424666735442,3.041373732590833e-43,0.0002612185950382912,0.0002530283086041676
2,145.04424666735443,2.751948755479816e-43,0.0002621251369381027,0.00025302452402928646
2,145.09424666735444,2.4900662064755725e-43,0.0002631323798068185,0.0002530207172582037
2,145.14424666735442,2.25310507700603e-43,0.00026425142413823865,0.00025301688835814275
2,145.19424666735443,2.038693780441802e-43,0.00026549458949894463,0.0002530130373961499
2,145.24424666735442,1.844686416460992e-43,0.00026687554799346736,0.0002530091644390955
2,145.29424666735443,1.6691412941565332e-43,0.00026840947230071037,0.000253005269553674
2,145.34424666735444,1.5103014989417635e-43,0.00027011319986846254,0.0002530013528064045
2,145.39424666735442,1.3665773087583512e-43,0.0002720054150252953,0.0002529974142636317
2,145.44424666735443,1.2365302836034087e-43,0.00027410685096023254,0.00025299345399152533
2,145.49424666735442,1.1188588691390193e-43,0.00027644051373241585,0.0002529894720560816
2,145.54424666735443,1.0123853702983607e-43,0.00027903193070782635,0.00025298546852312357
2,145.59424666735444,9.160441645181269e-44,0.0002819094260803059,0.000252981443458301
2,145.64424666735442,8.288710366295181e-44,0.00028510442642263716,0.00025297739692709133
2,145.69424666735443,7.499935286686253e-44,0.00028865179953308987,0.0002529733289948003
2,145.74424666735442,6.786222080242203e-44,0.00029259023019715324,0.00025296923972656176
2,145.79424666735443,6.140427665304835e-44,0.0002969626368769406,0.0002529651291873389
2,145.84424666735444,5.556088714310875e-44,0.0003018166337758544,0.00025296099744192386
2,145.89424666735442,5.027356966635958e-44,0.0003072050432085475,0.0002529568445549393
2,145.94424666735443,4.548940697235872e-44,0.000313186463740683,0.00025295267059083777
2,145.99424666735442,4.116051755285744e-44,0.0003198259001553701,0.0002529484756139029
2,146.04424666735443,3.724357642755047e-44,0.00032719546195975134,0.00025294425968824943
2,146.09424666735444,3.3699381533128925e-44,0.0003353751378725561,0.0002529400228778241
2,146.14424666735442,3.0492461375846113e-44,0.00034445365453982153,0.00025293576524640555
2,146.19424666735443,2.75907200208812e-44,0.00035452942861927616,0.00025293148685760547
2,146.24424666735442,2.496511586544805e-44,0.00036571162236384526,0.00025292718777486826
2,146.29424666735443,2.2589370980660074e-44,0.0003781213139319868,0.000252922868061472
2,146.34424666735444,2.0439708113196425e-44,0.00039189279486788876,0.000252918527780529
2,146.39424666735442,1.8494612714553938e-44,0.000407175008541895,0.0002529141669949859
2,146.44424666735443,1.6734617616211633e-44,0.00042413314483393655,0.0002529097857676244
2,146.49424666735442,1.5142108195672535e-44,0.00044295040799652795,0.0002529053841610612
2,146.54424666735443,1.370114608339317e-44,0.00046382997646677893,0.00025290096223774925
2,146.59424666735444,1.239730964623069e-44,0.0004869971754268041,0.0002528965200599777
2,146.64424666735442,1.1217549650888059e-44,0.0005127018851622275,0.00025289205768987214
2,146.69424666735443,1.01500586627995e-44,0.0005412212107608553,0.00025288757518939555
2,146.74424666735442,9.184152873361335e-45,0.0005728624414553003,0.0002528830726203485
2,146.79424666735443,8.310165172779623e-45,0.0006079663309739025,0.00025287855004436954
2,146.84424666735444,7.519348398390096e-45,0.0006469107336536414,0.00025287400752293566
2,146.89424666735442,6.803787790112356e-45,0.0006901146348257667,0.00025286944511736297
2,146.94424666735443,6.15632177686971e-45,0.0007380426181457487,0.0002528648628888066
2,146.99424666735442,5.5704703011815285e-45,0.0007912098171493498,0.0002528602608982618
2,147.04424666735443,5.0403699645669744e-45,0.0008501874034253104,0.00025285563920656384
2,147.09424666735444,4.560715344684679e-45,0.0009156086694522721,0.0002528509978743888
2,147.14424666735442,4.126705896881607e-45,0.0009881757704179384,0.00025284633696225366
2,147.19424666735443,3.7339979087280373e-45,0.0010686671962823835,0.0002528416565305171
2,147.24424666735442,3.3786610266852644e-45,0.00115794605304066,0.0002528369566393797
2,147.29424666735443,3.05713891980455e-45,0.0012569692406643475,0.00025283223734888423
2,147.34424666735444,2.766213686773128e-45,0.0013667976246407225,0.0002528274987189166
2,147.39424666735442,2.5029736500756156e-45,0.0014886073084897603,0.0002528227408092057
2,147.44424666735443,2.26478421494641e-45,0.0016237021262236482,0.00025281796367932424
2,147.49424666735442,2.049261501460777e-45,0.0017735274865472177,0.00025281316738868896
2,147.54424666735443,1.854248485862221e-45,0.001939685714817277,0.0002528083519965608
2,147.59424666735444,1.6777934123446217e-45,0.002123953054522702,0.00025280351756204613
2,147.64424666735442,1.518130259223701e-45,0.0023282985074956257,0.0002527986641440963
2,147.69424666735443,1.3736610639982046e-45,0.002554904711384005,0.00025279379180150876
2,147.74424666735442,1.2429399304047068e-45,0.0028061910743180396,0.0002527889005929266
2,147.79424666735443,1.1246585574011647e-45,0.0030848394104146196,0.0002527839905768399
2,147.84424666735444,1.0176331452508936e-45,0.0033938223460158734,0.00025277906181158587
2,147.89424666735442,9.207925476566628e-46,0.0037364347956504213,0.00025277411435534875
2,147.94424666735443,8.33167551368389e-46,0.004116328838916694,0.0002527691482661608
2,147.99424666735442,7.538811759715414e-46,0.004537552365167873,0.0002527641636019024
2,148.04424666735443,6.8213989677198704e-46,0.005004591892406127,0.00025275916042030293
2,148.09424666735444,6.172257029344667e-46,0.005522420010553866,0.0002527541387789405
2,148.14424666735442,5.58488911388672e-46,0.006096547947761838,0.0002527490987352427
2,148.19424666735443,5.053416645826283e-46,0.006733083812100659,0.00025274404034648717
2,148.24424666735442,4.57252047006955e-46,0.007438797120447945,0.0002527389636698018
2,148.29424666735443,4.1373876160542095e-46,0.00822119029225809,0.0002527338687621649
2,148.34424666735444,3.74366312792436e-46,0.009088577858825244,0.00025272875568040624
2,148.39424666735442,3.387406478667617e-46,0.010050174219454162,0.00025272362448120687
2,148.44424666735443,3.0650521319958195e-46,0.011116190865408857,0.00025271847522109964
2,148.49424666735442,2.773373857260805e-46,0.012297944091587668,0.00025271330795646995
2,148.54424666735443,2.5094524402522395e-46,0.013607974325624543,0.0002527081227435558
2,148.59424666735444,2.2706464667218225e-46,0.015060178325603671,0.000252702919638448
2,148.64424666735442,2.0545658862211184e-46,0.01666995563218443,0.0002526976986970913
2,148.69424666735443,1.8590480916730378e-46,0.018454370809945293,0.0002526924599752838
2,148.74424666735442,1.6821362752741665e-46,0.02043233317778983,0.0002526872035286785
2,148.79424666735443,1.5220598441036684e-46,0.022624795911058326,0.0002526819294127823
2,148.84424666735444,1.3772166994349472e-46,0.025054976600327045,0.00025267663768295783
2,148.89424666735442,1.2461572023927663e-46,0.027748601576056686,0.0002526713283944228
2,148.94424666735443,1.1275696654799599e-46,0.03073417655640697,0.00025266600160225085
2,148.99424666735442,1.0202672247685921e-46,0.034043286450352574,0.0002526606573613718
2,149.04424666735443,9.23175961366306e-47,0.03771092745262923,0.0002526552957265721
2,149.09424666735444,8.353241532755342e-47,0.04177587490394096,0.00025264991675249507
2,149.14424666735442,7.558325500729342e-47,0.046281090763116824,0.0002526445204936416
2,149.19424666735443,6.839055730755133e-47,0.05127417495105266,0.0002526391070043703
2,149.24424666735442,6.188233529220718e-47,0.056807865283795944,0.00025263367633889775
2,149.29424666735443,5.599345248783501e-47,0.06294059121885792,0.0002526282285512992
2,149.34424666735444,5.066497097601066e-47,0.06973708719965895,0.0002526227636955088
2,149.39424666735442,4.584356152280188e-47,0.07726907200431722,0.00025261728182531993
2,149.44424666735443,4.148096984186378e-47,0.08561600119266287,0.00025261178299438545
2,149.49424666735442,3.7533533649340807e-47,0.09486590050685023,0.00025260626725621873
2,149.54424666735443,3.3961745677034574e-47,0.1051162889242915,0.00025260073466419316
2,149.59424666735444,3.0729858270401175e-47,0.11647520099496177,0.0002525951852715428
2,149.64424666735442,2.7805525614001727e-47,0.1290623191290675,0.00025258961913136337
2,149.69424666735443,2.515948000370549e-47,0.14301022764539376,0.0002525840362966116
2,149.74424666735442,2.276523892568101e-47,0.1584658016577568,0.00025257843682010645
2,149.79424666735443,2.059884001048445e-47,0.1755917452802325,0.00025257282075452907
2,149.84424666735444,1.8638601209622148e-47,0.19456829518473104,0.0002525671881524231
2,149.89424666735442,1.6864903794316993e-47,0.21559510726469197,0.00025256153906619543
2,149.94424666735443,1.5259996004674297e-47,0.23889334606245713,0.0002525558735481161
2,149.99424666735442,1.3807815384109023e-47,0.26470799872581935,0.0002525501916503192
2,150.04424666735443,1.2493828020874124e-47,0.29331043759357095,0.00025254449342480243
2,150.09424666735444,1.130488308779281e-47,0.3250012580930094,0.00025253877892342843
2,150.14424666735442,1.0229081224357179e-47,0.3601134214936948,0.0002525330481979245
2,150.19424666735443,9.255655443927253e-48,0.39901573522826816,0.000252527301299883
2,150.24424666735442,8.374863374113895e-48,0.4421167069970997,0.0002525215382807621
2,150.29424666735443,7.577889751836968e-48,0.48986881275583366,0.00025251575919188566
2,150.34424666735444,6.856758197213164e-48,0.5427732229807979,0.00025250996408444383
2,150.39424666735442,6.204251383263471e-48,0.6013850363656329,0.00025250415300949377
2,150.44424666735443,5.613838802478023e-48,0.6663190753681233,0.0002524983260179591
2,150.49424666735442,5.079611407304471e-48,0.7382563038560771,0.000252492483160631
2,150.54424666735443,4.59622247041128e-48,0.8179509335564823,0.00025248662448816843
2,150.59424666735444,4.158834072845708e-48,0.9062382931549475,0.0002524807500510983
2,150.64424666735442,3.7630686845138124e-48,1.0040435418038567,0.00025247485989981605
2,150.69424666735443,3.404965352387376e-48,1.1123913175520872,0.00025246895408458553
2,150.74424666735442,3.080940057956199e-48,1.2324164209012118,0.0002524630326555402
2,150.79424666735443,2.7877498471645836e-48,1.3653756444246303,0.00025245709566268257
2,150.84424666735444,2.5224603738384852e-48,1.5126608712598641,0.0002524511431558851
2,150.89424666735442,2.282416531762114e-48,1.6758135784352493,0.0002524451751848905
2,150.94424666735443,2.0652158814821743e-48,1.8565408955439329,0.00025243919179931176
2,150.99424666735442,1.8686846058872526e-48,2.0567333853876777,0.00025243319304863306
2,151.04424666735443,1.6908557539145283e-48,2.278484731049572,0.00025242717898220926
2,151.09424666735444,1.5299495546432327e-48,2.5241135335891065,0.0002524211496492672
2,151.14424666735442,1.3843556047486957e-48,2.796187446409151,0.00025241510509890546
2,151.19424666735443,1.2526167510443909e-48,3.0975498965275334,0.0002524090453800947
2,151.24424666735442,1.1334145068036377e-48,3.4313496697568815,0.0002524029705416782
2,151.29424666735443,1.0255558559006809e-48,3.8010736664362685,0.00025239688063237247
2,151.34424666735444,9.279613127048093e-49,4.210583167150257,0.0002523907757007666
2,151.39424666735442,8.39654118225108e-49,4.664153984187349,0.0002523846557953238
2,151.44424666735443,7.5975046437805e-49,5.166520914671285,0.00025237852096438084
2,151.49424666735442,6.874506485394794e-49,5.722926955778033,0.00025237237125614925
2,151.54424666735443,6.220310698515942e-49,6.339177791695829,0.00025236620671871454
2,151.59424666735444,5.6283698718264936e-49,7.021702116464623,0.00025236002740003735
2,151.64424666735442,5.092759662575043e-49,7.777618417163765,0.00025235383334795366
2,151.69424666735443,4.608119503761982e-49,8.614808908667152,0.00025234762461017493
2,151.74424666735442,4.169598953785282e-49,9.542001385073076,0.0002523414012342887
2,151.79424666735443,3.7728091515884265e-49,10.568859834716175,0.0002523351632677585
2,151.84424666735444,3.4137788914656333e-49,11.706084756161138,0.00025232891075792455
2,151.89424666735442,3.088914877899529e-49,12.965524212788972,0.000252322643752004
2,151.94424666735443,2.7949657626514082e-49,14.36029677445403,0.00025231636229709124
2,151.99424666735442,2.5289896041764928e-49,15.904927617407672,0.00025231006644015806
2,152.04424666735443,2.288324423682789e-49,17.61549918953864,0.00025230375622805424
2,152.09424666735444,2.0705615631537134e-49,19.509817998264165,0.00025229743170750776
2,152.14424666735442,1.87352157868857e-49,21.607599244825458,0.00025229109292512514
2,152.19424666735443,1.6952324278951821e-49,23.930671212849663,0.00025228473992739163
2,152.24424666735442,1.5339097330275598e-49,26.50320152282173,0.0002522783727606719
2,152.29424666735443,1.3879389223328536e-49,29.351947589696096,0.0002522719914712098
2,152.34424666735444,1.2558590708752432e-49,32.50653387041744,0.0002522655961051291
2,152.39424666735442,1.136348279107833e-49,35.99975876444113,0.0002522591867084339
2,152.44424666735443,1.028210442857514e-49,39.86793433602584,0.00025225276332700844
2,152.49424666735442,9.303632823128353e-50,44.15126236540401,0.00025224632600661794
2,152.54424666735443,8.418275102033873e-50,48.89425061046005,0.00025223987479290854
2,152.59424666735444,7.617170307640561e-50,54.14617357482094,0.00025223340973140775
2,152.64424666735442,6.892300713905896e-50,59.961582536989,0.00025222693086752513
2,152.69424666735443,6.23641158229787e-50,66.400870102593,0.00025222043824655194
2,152.74424666735442,5.642938553936151e-50,73.53089510346719,0.0002522139319136619
2,152.79424666735443,5.105941951279042e-50,81.42567428895438,0.0002522074119139111
2,152.84424666735444,4.620047331836712e-50,90.16714794248176,0.0002522008782922391
2,152.89424666735442,4.180391698943198e-50,99.84602731786002,0.0002521943310934685
2,152.94424666735443,3.782574831250636e-50,110.56273263201086,0.0002521877703623051
2,152.99424666735442,3.422615243836747e-50,122.4284312829785,0.00025218119614333923
2,153.04424666735443,3.0969103401636884e-50,135.56618699388162,0.0002521746084810449
2,153.09424666735444,2.8022003560825133e-50,150.11223172469573,0.0002521680074197808
2,153.14424666735442,2.5355357350172342e-50,166.21737345735977,0.0002521613930037907
2,153.19424666735443,2.294247607810851e-50,184.04855435742166,0.000252154765277203
2,153.24424666735442,2.0759210817868181e-50,203.79057536231352,0.0002521481242840318
2,153.29424666735443,1.878371071690358e-50,225.6480049585166,0.0002521414700681768
2,153.34424666735444,1.6996204306217032e-50,249.8472918035929,0.00025213480267342387
2,153.39424666735442,1.5378801620849602e-50,276.6391029457578,0.00025212812214344505
2,153.44424666735443,1.391531515109647e-50,306.30091171284806,0.000252121428521799
2,153.49424666735442,1.2591097832475227e-50,339.13986190910464,0.00025211472185193153
2,153.54424666735443,1.1392896452974793e-50,375.4959377989491,0.0002521080021771752
2,153.59424666735444,1.030871901046052e-50,415.74547249879043,0.00025210126954075074
2,153.64424666735442,9.327714692683627e-51,460.3050308764267,0.00025209452398576603
2,153.69424666735443,8.440065278703747e-51,509.63570690512245,0.0002520877655552176
2,153.74424666735442,7.636886874837512e-51,564.2478796772456,0.00025208099429198985
2,153.79424666735443,6.910141001660526e-51,624.7064769948985,0.0002520742102388565
2,153.84424666735444,6.252554142206787e-51,691.6368006668196,0.00025206741343847977
2,153.89424666735442,5.657544946164627e-51,765.7309734110662,0.00025206060393341144
2,153.94424666735443,5.1191583615098766e-51,847.7550736450361,0.00025205378176609264
2,153.99424666735442,4.6320060343459496e-51,938.5570315068483,0.00025204694697885467
2,154.04424666735443,4.191212380444478e-51,1039.0753672685898,0.0002520400996139186
2,154.09424666735444,3.792365788761644e-51,1150.3488619463785,0.0002520332397133964
2,154.14424666735442,3.4314744685511087e-51,1273.5272594824364,0.0002520263673192904
2,154.19424666735443,3.1049264981800315e-51,1409.883110459135,0.00025201948247349434
2,154.24424666735442,2.8094536758047494e-51,1560.824879017789,0.00025201258521779276
2,154.29424666735443,2.5420988101067484e-51,1727.9114476180491,0.00025200567559386213
2,154.34424666735444,2.3001861237292236e-51,1912.868168609398,0.00025199875364327097
2,154.39424666735442,2.081294473197364e-51,2117.6046274569276,0.0002519918194074795
2,154.44424666735443,1.8832331173003734e-51,2344.234300016026,0.0002519848729278408
2,154.49424666735442,1.7040197914179402e-51,2595.0963056732603,0.00025197791424560063
2,154.54424666735443,1.5418608683487487e-51,2872.779479665941,0.00025197094340189747
2,154.59424666735444,1.3951334070873328e-51,3180.1490116634604,0.0002519639604377636
2,154.64424666735442,1.2623689098846576e-51,3520.375924008623,0.0002519569653941243
2,154.69424666735443,1.1422386250288771e-51,3896.9696921201526,0.0002519499583117992
2,154.74424666735442,1.0335402482521093e-51,4313.814341760387,0.0002519429392315019
2,154.79424666735443,9.351858896646627e-52,4775.208393510631,0.00025193590819384034
2,154.84424666735444,8.461911857878162e-52,5285.909064206242,0.00025192886523931726
2,154.89424666735442,7.656654477130612e-52,5851.181178710909,0.0002519218104083303
2,154.94424666735443,6.928027467880184e-52,6476.85129365722,0.0002519147437411725
2,154.99424666735442,6.2687384861191305e-52,7169.367588166443,0.0002519076652780322
2,155.04424666735443,5.6721891461225606e-52,7935.866135639488,0.00025190057505899375
2,155.09424666735444,5.13240898158902e-52,8784.24423604091,0.00025189347312403734
2,155.14424666735442,4.6439956912057414e-52,9723.24156041674,0.00025188635951304005
2,155.19424666735443,4.202061070600634e-52,10762.529939363269,0.0002518792342657747
2,155.24424666735442,3.802182089551833e-52,11912.8127156548,0.0002518720974219117
2,155.29424666735443,3.440356624812578e-52,13185.934679163794,0.0002518649490210183
2,155.34424666735444,3.112963405518256e-52,14595.00371049044,0.0002518577891025596
2,155.39424666735442,2.8167257702896682e-52,16154.525379583496,0.0002518506177058978
2,155.44424666735443,2.5486788733042e-52,17880.55187818776,0.00025184343487029344
2,155.49424666735442,2.306140011123455e-52,19790.84681161468,0.00025183624063490525
2,155.54424666735443,2.086681773294324e-52,21905.067537627438,0.0002518290350387903
2,155.59424666735444,1.888107748010296e-52,24244.96691968755,0.00025182181812090474
2,155.64424666735442,1.7084305396833904e-52,26834.616560455575,0.0002518145899201035
2,155.69424666735443,1.54585187842087e-52,29700.65380110608,0.00025180735047514093
2,155.74424666735442,1.3987446223364312e-52,32872.55501505782,0.00025180009982467093
2,155.79424666735443,1.2656364725665562e-52,36382.937993662614,0.0002517928380072471
2,155.84424666735444,1.1451952380092417e-52,40267.89651876835,0.00025178556506132323
2,155.89424666735442,1.036215502307399e-52,44567.3705462355,0.0002517782810252536
2,155.94424666735443,9.376065596366461e-53,49325.55578847548,0.00025177098593729286
2,155.99424666735442,8.483814985552362e-53,54591.35688678872,0.0002517636798355967
2,156.04424666735443,7.67647324662186e-53,60418.888809896525,0.0002517563627582218
2,156.09424666735444,6.945960232095339e-53,66868.03160777118,0.0002517490347431264
2,156.14424666735442,6.28496472218987e-53,74005.04419524272,0.0002517416958281703
2,156.19424666735443,5.686871251673299e-53,81903.24344291775,0.00025173434605111516
2,156.24424666735442,5.145693900067223e-53,90643.75552014394,0.00025172698544962486
2,156.29424666735443,4.65601638254016e-53,100316.34717301464,0.00025171961406126567
2,156.34424666735444,4.212937841910726e-53,111020.34543668096,0.00025171223192350673
2,156.39424666735442,3.812023799220672e-53,122865.6551847294,0.0002517048390737198
2,156.44424666735443,3.449261771978437e-53,135973.88491741807,0.00025169743554918
2,156.49424666735442,3.1210211158872686e-53,150479.59229582688,0.00025169002138706567
2,156.54424666735443,2.824016688135135e-53,166531.66215193988,0.00025168259662445924
2,156.59424666735444,2.5552759685826532e-53,184294.8310568262,0.0002516751612983469
2,156.64424666735442,2.3121093097817966e-53,203951.3740256964,0.0002516677154456187
2,156.69424666735443,2.0920830180798717e-53,225702.9705934332,0.0002516602591030698
2,156.74424666735442,1.8929949963963875e-53,249772.76932494284,0.00025165279230739937
2,156.79424666735443,1.7128527048943126e-53,276407.6718503353,0.0002516453150952119
2,156.84424666735444,1.5498532189724977e-53,305880.85975452646,0.00025163782750301704
2,156.89424666735442,1.4023651849898974e-53,338494.5901296627,0.00025163032956722987
2,156.94424666735443,1.2689124931298042e-53,374583.28833956347,0.0002516228213241709
2,156.99424666735442,1.1481595039972376e-53,414516.9695774718,0.00025161530281006696
2,157.04424666735443,1.0388976810903387e-53,458705.0241532599,0.00025160777406105087
2,157.09424666735444,9.400334953613605e-54,507600.4051552887,0.00025160023511316173
2,157.14424666735442,8.505774808101743e-54,561704.26123729,0.0002515926860023455
2,157.19424666735443,7.696343315758455e-54,621571.06181957,0.0002515851267644552
2,157.24424666735442,6.963939414149974e-54,687814.2670150937,0.0002515775574352504
2,157.29424666735443,6.30123295885871e-54,761112.6001466308,0.00025156997805039874
2,157.34424666735444,5.701591360937214e-54,842216.9868632032,0.00025156238864547506
2,157.39424666735442,5.1590132057272774e-54,931958.2316619384,0.0002515547892559623
2,157.44424666735443,4.6680681886841204e-54,1031255.510137422,0.0002515471799172515
2,157.49424666735442,4.2238427670654216e-54,1141125.7635951333,0.0002515395606646417
2,157.54424666735443,3.8218909835417906e-54,1262694.0918647,0.00025153193153334107
2,157.59424666735444,3.458189969563328e-54,1397205.2503186713,0.0002515242925584662
2,157.64424666735442,3.129099683138182e-54,1546036.368358113,0.00025151664377504295
2,157.69424666735443,2.8313264780683657e-54,1710711.019070755,0.0002515089852180065
2,157.74424666735442,2.5618901400328528e-54,1892914.7835336046,0.0002515013169222014
2,157.79424666735443,2.3180940595995958e-54,2094512.4684626346,0.00025149363892238206
2,157.84424666735444,2.097498243653085e-54,2317567.152749722,0.0002514859512532129
2,157.89424666735442,1.8978948951226213e-54,2564361.257061747,0.0002514782539492688
2,157.94424666735443,1.717286316606881e-54,2837419.8512791772,0.0002514705470450346
2,157.99424666735442,1.5538649167476452e-54,3139536.4373417986,0.0002514628305749064
2,158.04424666735443,1.4059951192471073e-54,3473801.4702834273,0.00025145510457319096
2,158.09424666735444,1.2721969934712236e-54,3843633.908111511,0.0002514473690741062
2,158.14424666735442,1.1511314428061906e-54,4252816.112035861,0.0002514396241117815
2,158.19424666735443,1.0415868025292777e-54,4705532.452655965,0.0002514318697202578
2,158.24424666735442,9.424667130614935e-55,5206412.0154425595,0.00025142410593348826
2,158.29424666735443,8.527791472319188e-55,5760575.840587059,0.00025141633278533766
2,158.34424666735444,7.716264817367583e-55,6373689.178432287,0.0002514085503095833
2,158.39424666735442,6.981965134234226e-55,7052019.292760218,0.00025140075853991495
2,158.44424666735443,6.3175433048828326e-55,7802499.400664783,0.0002513929575099354
2,158.49424666735442,5.71634957232613e-55,8632799.400182206,0.00025138514725316026
2,158.54424666735443,5.172366987619808e-55,9551404.105935093,0.0002513773278030182
2,158.59424666735444,4.680151190217623e-55,10567699.78941438,0.0002513694991928518
2,158.64424666735442,4.234775918979971e-55,11692069.90503715,0.00025136166145591675
2,158.69424666735443,3.831783708495996e-55,12936000.976551464,0.0002513538146253831
2,158.74424666735442,3.467141277273277e-55,14312199.721708054,0.00025134595873433486
2,158.79424666735443,3.137199161299169e-55,15834722.60745376,0.0002513380938157704
2,158.84424666735444,2.8386551889798428e-55,17519119.154289678,0.00025133021990260266
2,158.89424666735442,2.5685214318963766e-55,19382590.448304106,0.0002513223370276593
2,158.94424666735443,2.3240943006124787e-55,21444164.474015307,0.000251314445223683
2,158.99424666735445,2.1029274862436257e-55,23724890.05219305,0.0002513065445233319
2,159.04424666735443,1.9028074769749864e-55,26248051.356025342,0.00025129863495917937
2,159.09424666735444,1.721731404490915e-55,29039405.188188024,0.0002512907165637144
2,159.14424666735442,1.5578869985964275e-55,32127443.43275174,0.00025128278936934205
2,159.19424666735443,1.4096344494071389e-55,35543683.35182642,0.0002512748534083835
2,159.24424666735445,1.2754899955814569e-55,39322988.67978588,0.000251266908713076
2,159.29424666735443,1.1541110743380508e-55,43503924.781022966,0.0002512589553155736
2,159.34424666735444,1.0442828846361143e-55,48129151.48332145,0.00025125099324794706
2,159.39424666735442,9.449062290387065e-56,53245857.581783466,0.0002512430225421839
2,159.44424666735443,8.549865125748476e-56,58906241.43178151,0.0002512350432301892
2,159.49424666735445,7.736237884991658e-56,65168042.51756189,0.0002512270553437852
2,159.54424666735443,7.00003751322195e-56,72095129.40118828,0.0002512190589147116
2,159.59424666735444,6.33389586967235e-56,79758150.02921237,0.0002512110539746264
2,159.64424666735442,5.731145984877042e-56,88235251.00789732,0.0002512030405551052
2,159.69424666735443,5.185755335397069e-56,97612873.15854643,0.00025119501868764216
2,159.74424666735445,4.692265468300665e-56,107986631.43904029,0.0002511869884036496
2,159.79424666735443,4.2457373711305e-56,119462288.17478764,0.00025117894973445884
2,159.84424666735444,3.841702040606304e-56,132156829.48977068,0.00025117090271131975
2,159.89424666735442,3.47611575533969e-56,146199655.87631464,0.0002511628473654017
2,159.94424666735443,3.1453196049095005e-56,161733899.00146398,0.00025115478372779296
2,159.99424666735445,2.84600287025802e-56,178917878.12920302,0.0002511467118295016
2,160.04424666735443,2.5751698889011714e-56,197926710.9556654,0.0002511386317014552
2,160.09424666735444,2.3301100733311195e-56,218954095.22185487,0.00025113054337450144
2,160.14424666735442,2.1083707825464697e-56,242214279.20196742,0.0002511224468794082
2,160.19424666735443,1.907732775195647e-56,267944241.0830557,0.0002511143422468633
2,160.24424666735445,1.726187998664453e-56,296406099.37138724,0.0002511062295074756
2,160.29424666735443,1.5619194918101445e-56,327889778.8062907,0.00025109810869177433
2,160.34424666735444,1.4132832002033847e-56,362715958.8549495,0.00025108997983021
2,160.39424666735442,1.2787915218795595e-56,401239334.7291059,0.00025108184295315395
2,160.44424666735443,1.157098418917637e-56,443852224.03660005,0.0002510736980908991
2,160.49424666735445,1.0469859458407894e-56,490988555.6866158,0.00025106554527366
2,160.54424666735443,9.473520600084367e-57,543128281.5469537,0.0002510573845315727
2,160.59424666735444,8.571995920029489e-57,600802255.6399161,0.00025104921589469534
2,160.64424666735442,7.7562626562334e-57,664597630.4061882,0.00025104103939300863
2,160.69424666735443,7.018156676013676e-57,735163824.8123677,0.0002510328550564147
2,160.74424666735445,6.350290766634776e-57,813219124.876383,0.00025102466291473946
2,160.79424666735443,5.745980701598473e-57,899557983.6012459,0.00025101646299773044
2,160.84424666735444,5.199178342657571e-57,995059094.3998631,0.0002510082553350591
2,160.89424666735442,4.704411108017789e-57,1100694319.9374828,0.0002510000399563193
2,160.94424666735443,4.2567272008972805e-57,1217538566.9947743,0.00025099181689102883
2,160.99424666735445,3.851646050282118e-57,1346780707.5442326,0.00025098358616862875
2,161.04424666735443,3.4851134678646653e-57,1489735656.8435473,0.000250975347818484
2,161.09424666735444,3.153461072363814e-57,1647857731.0784228,0.00025096710186988335
2,161.14424666735442,2.853369575133552e-57,1822755420.0588884,0.0002509588483520398
2,161.19424666735443,2.5818355596050206e-57,2016207724.8213537,0.0002509505872940908
2,161.24424666735445,2.336141422085254e-57,2230182225.846839,0.00025094231872509827
2,161.29424666735443,2.1138281730654212e-57,2466855065.1526284,0.00025093404267404867
2,161.34424666735444,1.9126708268270148e-57,2728633044.909686,0.00025092575916985365
2,161.39424666735442,1.7306561330377924e-57,3018178066.687951,0.0002509174682413499
2,161.44424666735443,1.5659624274648515e-57,3338434159.157438,0.00025090916991729953
2,161.49424666735445,1.4169414001474607e-57,3692657368.2953796,0.00025090086422638986
2,161.54424666735443,1.2821015985566028e-57,4084448813.1638684,0.0002508925511972342
2,161.59424666735444,1.1600935006365795e-57,4517791242.3921175,0.00025088423085837164
2,161.64424666735442,1.0496960083352094e-57,4997089461.964369,0.00025087590323826745
2,161.69424666735443,9.498042264435356e-58,5527215044.14388,0.0002508675683653128
2,161.74424666735445,8.59418404433664e-58,6113555770.7204,0.000250859226267826
2,161.79424666735443,7.776339306192403e-58,6762070311.740523,0.0002508508769740514
2,161.84424666735444,7.03632278497525e-58,7479348693.904124,0.0002508425205121604
2,161.89424666735442,6.3667281466135464e-58,8272679171.449334,0.00025083415691025136
2,161.94424666735443,5.760853862907271e-58,9150122177.208134,0.00025082578619635003
2,161.99424666735445,5.212636140384112e-58,10120592103.197012,0.00025081740839840946
2,162.04424666735443,4.716588231814982e-58,11193947739.419016,0.0002508090235443102
2,162.09424666735444,4.2677455230028946e-58,12381092287.215828,0.00025080063166186075
2,162.14424666735442,3.8616158452573275e-58,13694083960.45331,0.00025079223277879717
2,162.19424666735443,3.494134516258042e-58,15146258295.051535,0.00025078382692278434
2,162.24424666735445,3.1616236593499126e-58,16752363405.875015,0.00025077541412141485
2,162.29424666735443,2.860755394116406e-58,18528709561.115593,0.00025076699440221013
2,162.34424666735444,2.5885185298334052e-58,20493334589.21899,0.0002507585677926201
2,162.39424666735442,2.342188428461507e-58,22666186793.66906,0.0002507501343200238
2,162.44424666735443,2.119299735551495e-58,25069327228.201298,0.000250741694011729
2,162.49424666735445,1.9176217061493944e-58,27727153380.916603,0.0002507332468949731
2,162.54424666735443,1.7351358787507198e-58,30666646532.509018,0.00025072479299692265
2,162.59424666735444,1.5700158738590528e-58,33917645293.378155,0.00025071633234467376
2,162.64424666735442,1.4206091149668758e-58,37513148089.31399,0.0002507078649652525
2,162.69424666735443,1.2854202890136796e-58,41489647658.44783,0.0002506993908856149
2,162.74424666735445,1.1630963807908795e-58,45887500945.97875,0.000250690910132647
2,162.79424666735443,1.0524131315105557e-58,50751338141.45114,0.0002506824227331653
2,162.84424666735444,9.522627860118595e-59,56130514999.328575,0.0002506739287139166
2,162.89424666735442,8.61643005975461e-59,62079613021.492386,0.00025066542810157867
2,162.94424666735443,7.796468381842923e-59,68658992564.5994,0.0002506569209227598
2,162.99424666735445,7.054536374312899e-59,75935404470.4553,0.0002506484072039997
2,163.04424666735443,6.383208532261573e-59,83982666409.71855,0.00025063988697176875
2,163.09424666735444,5.7757659810038485e-59,92882410783.71506,0.00025063136025246926
2,163.14424666735442,5.226129231318944e-59,102724911752.87854,0.00025062282707243483
2,163.19424666735443,4.7287973338760925e-59,113609999760.77956,0.00025061428745793085
2,163.24424666735445,4.278792823886988e-59,125648072807.30028,0.0002506057414351545
2,163.29424666735443,3.8716119049641382e-59,138961214703.19043,0.0002505971890302353
2,163.34424666735444,3.5031793736122663e-59,153684431619.88718,0.0002505886302692348
2,163.39424666735442,3.1698078332235732e-59,169967019444.5891,0.00025058006517814704
2,163.44424666735443,2.868160789371424e-59,187974075773.45773,0.0002505714937828987
2,163.49424666735445,2.595219257054072e-59,207888171837.74002,0.00025056291610934915
2,163.54424666735443,2.3482515456774e-59,229911201275.00543,0.00025055433218329086
2,163.59424666735444,2.124785919376953e-59,254266424445.22623,0.0002505457420304492
2,163.64424666735442,1.9225858590555827e-59,281200728968.1067,0.00025053714567648314
2,163.69424666735443,1.7396276785475726e-59,310987129344.2284,0.0002505285431469849
2,163.74424666735445,1.5740802708881524e-59,343927530938.45795,0.00025051993446748
2,163.79424666735443,1.4242867819791402e-59,380355786276.8767,0.00025051131966342857
2,163.84424666735444,1.2887480282360334e-59,420641074562.4032,0.00025050269876022394
2,163.89424666735442,1.166107492255378e-59,465191638580.7115,0.000250494071783194
2,163.94424666735443,1.0551377463320322e-59,514458916780.60114,0.0002504854387576009
2,163.99424666735445,9.547281679506474e-60,568942112305.1125,0.00025047679970864096
2,164.04424666735443,8.638738243020072e-60,629193245166.2811,0.00025046815466144554
2,164.09424666735444,7.816654145775726e-60,695822738637.5055,0.0002504595036410805
2,164.14424666735442,7.072801693817149e-60,769505596334.9131,0.0002504508466725471
2,164.19424666735443,6.399736161786844e-60,850988232428.3767,0.0002504421837807812
2,164.24424666735445,5.790721283615558e-60,941096024019.2235,0.0002504335149906541
2,164.29424666735443,5.239661833705878e-60,1040741662019.3639,0.00025042484032697284
2,164.34424666735444,4.7410426238649995e-60,1150934384931.6262,0.0002504161598144798
2,164.39424666735442,4.2898733054497025e-60,1272790188849.1348,0.0002504074734778534
2,164.44424666735443,3.8816384242775274e-60,1407543116854.458,0.00025039878134170795
2,164.49424666735445,3.512252228445488e-60,1556557741898.1016,0.00025039008343059356
2,164.54424666735443,3.178017776750889e-60,1721342969293.4065,0.0002503813797689972
2,164.59424666735444,2.875589938460709e-60,1903567298290.0828,0.00025037267038134175
2,164.64424666735442,2.60194191412018e-60,2105075696922.9973,0.000250363955291987
2,164.69424666735443,2.3543349423251124e-60,2327908260627.9546,0.0002503552345252294
2,164.74424666735445,2.1302908892783658e-60,2574320843122.8984,0.0002503465081053025
2,164.79424666735443,1.9275674467933502e-60,2846807867973.4937,0.00025033777605637666
2,164.84424666735444,1.7441356905197418e-60,3148127551276.8193,0.0002503290384025598
2,164.89424666735442,1.5781597737874217e-60,3481329790239.541,0.000250320295167897
2,164.94424666735443,1.427978553835112e-60,3849786999347.841,0.00025031154637637114
2,164.99424666735445,1.2920889665359764e-60,4257228205574.3765,0.0002503027920519025
2,165.04424666735443,1.169130983226324e-60,4707776746977.314,0.00025029403221834965
2,165.09424666735444,1.0578739990814453e-60,5205991955415.203,0.0002502852668995087
2,165.14424666735442,9.572045168093822e-61,5756915244315.776,0.0002502764961191147
2,165.19424666735443,8.661150023952595e-61,6366121066909.674,0.00025026771990084026
2,165.24424666735445,7.836938013626374e-61,7039773259482.922,0.00025025893826829726
2,165.29424666735443,7.091160146288988e-61,7784687338567.13,0.00025025015124503547
2,165.34424666735444,6.416352426378676e-61,8608399381065.369,0.0002502413588545441
2,165.39424666735442,5.8057611514246384e-61,9519242182741.955,0.0002502325611202512
2,165.44424666735443,5.253275318719626e-61,10526429463969.086,0.0002502237580655237
2,165.49424666735445,4.753365464353387e-61,11640148972801.525,0.0002502149497136682
2,165.54424666735443,4.301028322478162e-61,12871665425253.65,0.0002502061360879306
2,165.59424666735444,3.891736750941782e-61,14233434321894.617,0.0002501973172114962
2,165.64424666735442,3.5213944221291324e-61,15739227789608.336,0.0002501884931074903
2,165.69424666735443,3.186294825536678e-61,17404273718714.568,0.00025017966379897825
2,165.74424666735445,2.8830841717710766e-61,19245409599736.613,0.000250170829308965
2,165.79424666735443,2.6087278266969685e-61,21281252612435.746,0.00025016198966039605
2,165.84424666735444,2.3604799397981878e-61,23532387683654.26,0.00025015314487615727
2,165.89424666735442,2.1358559627839386e-61,26021575411756.438,0.00025014429497907485
2,165.94424666735443,1.93260778339328e-61,28773981955891.6,0.00025013543999191586
2,165.99424666735445,1.7487012255329308e-61,31817433209778.855,0.000250126579937388
2,166.04424666735443,1.5822956905587853e-61,35182695824715.27,0.00025011771483814013
2,166.09424666735444,1.4317257359458002e-61,38903787917253.82,0.00025010884471676206
2,166.14424666735442,1.2954844069800724e-61,43018322596353.24,0.00025009996959578516
2,166.19424666735443,1.1722081546488643e-61,47567887775849.04,0.0002500910894976817
2,166.24424666735445,1.0606631887843473e-61,52598466103884.8,0.000250082204444866
2,166.29424666735443,9.597331298766452e-62,58160899245590.45,0.0002500733144596937
2,166.34424666735444,8.6840783597233e-62,64311401202448.71,0.00025006441956446285
2,166.39424666735442,7.857732928346211e-62,71112125846198.94,0.00025005551978141296
2,166.44424666735443,7.110024661812724e-62,78631794391865.3,0.0002500466151327259
2,166.49424666735445,6.433470244478438e-62,86946389138612.53,0.0002500377056405259
2,166.54424666735443,5.821298492337203e-62,96139920475410.17,0.0002500287913268796
2,166.59424666735444,5.26738258473486e-62,106305274886965.67,0.00025001987221379623
2,166.64424666735442,4.7661787450911935e-62,117545152511887.86,0.0002500109483232278
2,166.69424666735443,4.312670756918047e-62,129973103707963.72,0.0002500020196770692
2,166.74424666735445,3.902319759840786e-62,143714675077095.66,0.0002499930862971582
2,166.79424666735443,3.531018823157124e-62,158908676506065.84,0.000249984148205276
2,166.84424666735444,3.195051842293753e-62,175708581998824.2,0.00024997520542314696
2,166.89424666735442,2.891056346784174e-62,194284078424372.62,0.00024996625797243883
2,166.94424666735443,2.6159898475325675e-62,214822777795383.72,0.0002499573058747632
2,166.99424666735445,2.367099386561559e-62,237532110340201.88,0.00024994834915167534
2,167.04424666735443,2.1418939844828986e-62,262641417453339.12,0.0002499393878246742
2,167.09424666735444,1.9381197099381766e-62,290404265623429.2,0.0002499304219152032
2,167.14424666735442,1.7537371214970835e-62,321101004664200.7,0.00024992145144464947
2,167.19424666735443,1.5869008562411617e-62,355041596036235.75,0.00024991247643434464
2,167.24424666735445,1.4359411607522344e-62,392568739767781.9,0.000249903496905565
2,167.29424666735443,1.2993471796586157e-62,434061331492280.75,0.0002498945128795312
2,167.34424666735444,1.1757518344865423e-62,479938284445646.0,0.00024988552437740867
2,167.39424666735442,1.063918141479843e-62,530662754942977.44,0.00024987653142030794
2,167.44424666735443,9.627268314501767e-63,586746813920043.5,0.0002498675340292843
2,167.49424666735445,8.711651477552594e-63,648756611616987.8,0.00024985853222533834
2,167.54424666735443,7.88316710289772e-63,717318087450792.9,0.00024984952602941595
2,167.59424666735444,7.133523440451436e-63,793123282613817.1,0.0002498405154624085
2,167.64424666735442,6.455217804476901e-63,876937319006471.4,0.00024983150054515296
2,167.69424666735443,5.841461484182111e-63,969606114825066.8,0.0002498224812984319
2,167.74424666735445,5.286111800023334e-63,1072064914542952.4,0.0002498134577429739
2,167.79424666735443,4.783610625702304e-63,1185347719227588.5,0.0002498044298994536
2,167.84424666735444,4.328928760569364e-63,1310597712202014.2,0.0002497953977884915
2,167.89424666735442,3.917515595694932e-63,1449078785082519.0,0.00024978636143065493
2,167.94424666735443,3.545253569843735e-63,1602188280307857.0,0.0002497773208464571
2,167.99424666735445,3.2084169595397095e-63,1771471078521421.8,0.00024976827605635815
2,168.04424666735443,2.903634590772402e-63,1958635172713718.5,0.0002497592270807647
2,168.09424666735444,2.6278560991539505e-63,2165568886000422.0,0.00024975017394003027
2,168.14424666735442,2.3783214008481983e-63,2394359906459893.5,0.00024974111665445584
2,168.19424666735443,2.1525330687227104e-63,2647316330752931.0,0.0002497320552442887
2,168.24424666735445,1.9482313372596426e-63,2926989928465502.0,0.00024972298972972414
2,168.29424666735443,1.7633714860624285e-63,3236201861479069.5,0.00024971392013090456
2,168.34424666735444,1.5961033756065336e-63,3578071117384467.5,0.0002497048464679199
2,168.39424666735442,1.4447529304219531e-63,3956045943275903.0,0.00024969576876080786
2,168.44424666735443,1.3078053843824656e-63,4373938596471718.5,0.00024968668702955434
2,168.49424666735445,1.1838901204177381e-63,4835963762086469.0,0.0002496776012940925
2,168.54424666735443,1.0717669529167125e-63,5346781024299272.0,0.0002496685115743043
2,168.59424666735444,9.70313715533013e-64,5911541818958677.0,0.0002496594178900199
2,168.64424666735442,8.785150301674088e-64,6535941340266918.0,0.0002496503202610176
2,168.69424666735443,7.954521447220523e-64,7226275924158669.0,0.00024964121870702465
2,168.74424666735445,7.202937379210608e-64,7989506486090734.0,0.0002496321132477168
2,168.79424666735443,6.522875991675936e-64,8833328651908045.0,0.000249623003902719
2,168.84424666735444,5.907531001672759e-64,9766250287796480.0,0.000249613890691605
2,168.89424666735442,5.3507438297172345e-64,1.0797677209787818e+16,0.0002496047736338978
2,168.94424666735443,4.8469419626491636e-64,1.1938007935610244e+16,0.0002495956527490701
2,168.99424666735445,4.391083182049606e-64,1.3198738432636966e+16,0.00024958652805654374
2,169.04424666735443,3.9786051000231126e-64,1.459257791629678e+16,0.00024957739957569074
2,169.09424666735444,3.605379497285622e-64,1.6133576864479372e+16,0.0002495682673258327
2,169.14424666735442,3.2676710065599067e-64,1.783726853637232e+16,0.00024955913132624133
2,169.19424666735443,2.962099727762654e-64,1.9720825420065964e+16,0.00024954999159613886
2,169.24424666735445,2.6856074008298075e-64,2.180323218340816e+16,0.00024954084815469787
2,169.29424666735443,2.435426797621277e-64,2.4105476868667704e+16,0.0002495317010210416
2,169.34424666735444,2.2090540265712613e-64,2.665076225506772e+16,0.0002495225502142441
2,169.39424666735442,2.0042234729008354e-64,2.946473951612216e+16,0.00024951339575333053
2,169.44424666735443,1.818885123582704e-64,3.2575766523029484e+16,0.00024950423765727765
2,169.49424666735445,1.651184050122643e-64,3.6015193393210456e+16,0.0002494950759450134
2,169.54424666735443,1.4994418438112691e-64,3.981767815720635e+16,0.0002494859106354177
2,169.59424666735444,1.362139817645326e-64,4.402153572004153e+16,0.0002494767417473224
2,169.64424666735442,1.2379038067982984e-64,4.8669123628011384e+16,0.00024946756929951184
2,169.69424666735443,1.1254904155163221e-64,5.380726852211321e+16,0.00024945839331072284
2,169.74424666735445,1.0237745727960745e-64,5.948773756840106e+16,0.0002494492137996453
2,169.79424666735443,9.317382722957861e-65,6.576775960800521e+16,0.00024944003078492205
4,139.79424666735443,1.0004246569271143e-38,0.0002532869022355418,0.00025328681776845113
4,139.84424666735444,9.05320692840093e-39,0.0002532858462331516,0.0002532857508503125
4,139.89424666735442,8.192670675306564e-39,0.0002532847620100967,0.0002532846543563443
4,139.94424666735443,7.414025273929873e-39,0.00025328364990037086,0.00025328352845690457
4,139.99424666735442,6.70947777938301e-39,0.0002532825102667739,0.000253282373331796
4,140.04424666735443,6.071976843533156e-39,0.0002532813435042959,0.00025328118917139486
4,140.09424666735444,5.495142142743278e-39,0.00025328015004389017,0.0002532799761779088
4,140.14424666735442,4.973200521447315e-39,0.0002532789303566796,0.00025327873456677954
4,140.19424666735443,4.500928212468102e-39,0.0002532776849586475,0.0002532774645682469
4,140.24424666735442,4.0735985558017105e-39,0.00025327641441586483,0.00025327616642909157
4,140.29424666735443,3.686934692613277e-39,0.00025327511935031746,0.0002532748404145782
4,140.34424666735444,3.3370667609980536e-39,0.0002532738004464003,0.0002532734868106201
4,140.39424666735442,3.020493165101931e-39,0.0002532724584581546,0.00025327210592619275
4,140.44424666735443,2.7340455299727603e-39,0.0002532710942173322,0.00025327069809602147
4,140.49424666735442,2.4748569914001204e-39,0.0002532697086423805,0.0002532692636835777
4,140.54424666735443,2.2403335033734047e-39,0.0002532683027484528,0.0002532678030844156
4,140.59424666735444,2.0281278759985286e-39,0.00025326687765855974,0.0002532663167298899
4,140.64424666735442,1.8361162840320533e-39,0.0002532654346159905,0.0002532648050912967
4,140.69424666735443,1.6623770109240336e-39,0.00025326397499814845,0.00025326326868448557
4,140.74424666735442,1.5051712156336168e-39,0.000253262500331959,0.0002532617080749961
4,140.79424666735443,1.3629255297226653e-39,0.00025326101231102895,0.00025326012388377834
4,140.84424666735444,1.2342163105562487e-39,0.0002532595128147537,0.00025325851679356185
4,140.89424666735442,1.117755393008349e-39,0.000253258003929592,0.00025325688755594783
4,140.94424666735443,1.0123771970721487e-39,0.0002532564879727528,0.00025325523699930535
4,140.99424666735442,9.17027062344003e-40,0.0002532549675185645,0.0002532535660375613
4,141.04424666735443,8.307506926271576e-40,0.00025325344542783003,0.00025325187567998574
4,141.09424666735444,7.526846050150526e-40,0.00025325192488050185,0.00025325016704208454
4,141.14424666735442,6.820474878639866e-40,0.00025325040941204957,0.0002532484413577215
4,141.19424666735443,6.181323811634759e-40,0.00025324890295393707,0.00025324669999261194
4,141.24424666735442,5.602996010431252e-40,0.0002532474098786666,0.0002532449444593373
4,141.29424666735443,5.079703376011557e-40,0.000253245935049905,0.00025324317643405416
4,141.34424666735444,4.606208619806017e-40,0.0002532444838782604,0.0002532413977750875
4,141.39424666735442,4.1777728471476705e-40,0.0002532430623833416,0.00025323961054361723
4,141.44424666735443,3.7901081288210275e-40,0.00025324167726280435,0.00025323781702669366
4,141.49424666735442,3.439334586026909e-40,0.00025324033596916526,0.0002532360197628432
4,141.54424666735443,3.1219415592495696e-40,0.0002532390467952538,0.00025323422157055224
4,141.59424666735444,2.83475247239775e-40,0.0002532378189692641,0.0002532324255799518
4,141.64424666735442,2.5748930405627914e-40,0.0002532366627604837,0.00025323063526806066
4,141.69424666735443,2.3397625032088206e-40,0.0002532355895968857,0.00025322885449798326
4,141.74424666735442,2.127007594888166e-40,0.0002532346121959128,0.0002532270875625047
4,141.79424666735443,1.9344989929687166e-40,0.0002532337447099218,0.0002532253392325726
4,141.84424666735444,1.760310006658214e-40,0.0002532330028879232,0.00025322361481121096
4,141.89424666735442,1.6026972940348062e-40,0.00025323240425543137,0.00025322192019347034
4,141.94424666735443,1.4600834140949166e-40,0.0002532319683144426,0.0002532202619330874
4,141.99424666735442,1.3310410391940889e-40,0.00025323171676578103,0.0002532186473166012
4,142.04424666735443,1.2142786698715288e-40,0.0002532316737563003,0.00025321708444575364
4,142.09424666735444,1.1086277090899446e-40,0.0002532318661537062,0.00025321558232909764
4,142.14424666735442,1.0130307665233716e-40,0.0002532323238520694,0.00025321415098383506
4,142.19424666735443,9.265310758392518e-41,0.0002532330801114379,0.000253212801549021
4,142.24424666735442,8.48262919059768e-41,0.00025323417193533757,0.00025321154641139826
4,142.29424666735443,7.774429621649454e-41,0.00025323564049036315,0.0002532103993452607
4,142.34424666735444,7.133624152228177e-41,0.0002532375315725339,0.00025320937566790597
4,142.39424666735442,6.553799385814033e-41,0.0002532398961255976,0.0002532084924124039
4,142.44424666735443,6.029152241258255e-41,0.0002532427908170418,0.00025320776851960026
4,142.49424666735442,5.554431873598734e-41,0.0002532462786782087,0.0002532072250514892
4,142.54424666735443,5.124887121836363e-41,0.000253250429815613,0.0002532068854283192
4,142.59424666735444,4.736218957720812e-41,0.0002532553222013466,0.00025320677569206203
4,142.64424666735442,4.384537459629918e-41,0.00025326104255132294,0.0002532069247991609
4,142.69424666735443,4.066322880926152e-41,0.00025326768730108074,0.00025320736494579903
4,142.74424666735442,3.778390423150599e-41,0.00025327536368993284,0.0002532081319292828
4,142.79424666735443,3.5178583614880694e-41,0.0002532841909654406,0.00025320926554953376
4,142.84424666735444,3.2821192034977663e-41,0.00025329430172150866,0.00025321081005512034
4,142.89424666735442,3.0688135924519686e-41,0.0002533058433848605,0.0002532128146387503
4,142.94424666735443,2.875806694100596e-41,0.0002533189798662782,0.00025321533398768413
4,142.99424666735442,2.7011668305333095e-41,0.0002533338933947957,0.0002532184288951334
4,143.04424666735443,2.543146147296843e-41,0.00025335078655502923,0.0002532221669393712
4,143.09424666735444,2.4001631202808833e-41,0.0002533698845500537,0.00025322662323802445
4,143.14424666735442,2.2707867272928697e-41,0.00025339143771469235,0.00025323188128583785
4,143.19424666735443,2.1537221259067225e-41,0.0002534157243068218,0.00025323803388510894
4,143.24424666735442,2.0477976942451318e-41,0.00025344305360732296,0.0002532451841790056
4,143.29424666735443,1.9519533049934768e-41,0.00025347376936267805,0.0002532534467990984
4,143.34424666735444,1.8652297152897776e-41,0.00025350825360793646,0.00025326294913968376
4,143.39424666735442,1.7867589662995167e-41,0.00025354693091192144,0.00025327383277285213
4,143.44424666735443,1.7157556963917803e-41,0.0002535902730911364,0.00025328625501979123
4,143.49424666735442,1.65150928097639e-41,0.000253638804443927,0.0002533003906955068
4,143.54424666735443,1.5933767203338293e-41,0.00025369310756210873,0.0002533164340460322
4,143.59424666735444,1.5407762042581966e-41,0.00025375382978353757,0.0002533346008992856
4,143.64424666735442,1.4931812891049893e-41,0.00025382169035605953,0.0002533551310530536
4,143.69424666735443,1.450115628966096e-41,0.000253897488390989,0.00025337829092615097
4,143.74424666735442,1.4111482082400272e-41,0.00025398211169282354,0.00025340437650165943
4,143.79424666735443,1.3758890278827104e-41,0.0002540765465613987,0.0002534337165943124
4,143.84424666735444,1.343985202166132e-41,0.00025418188867321273,0.00025346667647760455
4,143.89424666735442,1.3151174268792903e-41,0.00025429935516033044,0.0002535036619100923
4,143.94424666735443,1.288996783624287e-41,0.00025443029801823215,0.00025354512360467813
4,143.99424666735442,1.2653618482240048e-41,0.00025457621898833334,0.00025359156218945043
4,144.04424666735443,1.2439760743009548e-41,0.00025473878607684,0.00025364353371396843
4,144.09424666735444,1.2246254258417215e-41,0.00025491985188927363,0.00025370165576077197
4,144.14424666735442,1.2071162350525574e-41,0.0002551214739795942,0.00025376661422842186
4,144.19424666735443,1.191273264066982e-41,0.00025534593743458805,0.00025383917085963016
4,144.24424666735442,1.1769379511063836e-41,0.00025559577993828166,0.00025392017159606465
4,144.29424666735443,1.1639668235403705e-41,0.00025587381958787987,0.0002540105558503289
4,144.34424666735444,1.1522300619645247e-41,0.00025618318576235195,0.0002541113667954911
4,144.39424666735442,1.1416102009241385e-41,0.00025652735337766935,0.0002542237627834972
4,144.44424666735443,1.1320009532804494e-41,0.00025691018089913053,0.0002543490300159459
4,144.49424666735442,1.1233061464532704e-41,0.00025733595252162486,0.00025448859660417723
4,144.54424666735443,1.11543875989344e-41,0.0002578094249734986,0.0002546440481705613
4,144.59424666735444,1.1083200541519522e-41,0.00025833587944936083,0.0002548171451594343
4,144.64424666735442,1.1018787828290703e-41,0.0002589211792322645,0.0002550098420444919
4,144.69424666735443,1.0960504795164015e-41,0.00025957183362677357,0.00025522430863981273
4,144.74424666735442,1.0907768125954387e-41,0.0002602950688921404,0.0002554629537442507
4,144.79424666735443,1.0860050014350904e-41,0.0002610989069399156,0.0002557284513739719
4,144.84424666735444,1.0816872881454058e-41,0.00026199225264353674,0.00025602376986565134
4,144.89424666735442,1.0777804596005502e-41,0.00026298499069974345,0.00025635220416361174
4,144.94424666735443,1.0742454149473118e-41,0.0002640880930839791,0.0002567174116382909
4,144.99424666735442,1.0710467742706355e-41,0.000265313738255353,0.00025712345182122935
4,145.04424666735443,1.0681525244995254e-41,0.0002666754433925109,0.0002575748304836946
4,145.09424666735444,1.0655336990094829e-41,0.00026818821108112593,0.00025807654853251107
4,145.14424666735442,1.0631640877147876e-41,0.0002698686920282866,0.00025863415624819065
4,145.19424666735443,1.0610199747491453e-41,0.000271735365550342,0.00025925381344754726
4,145.24424666735442,1.0590799011093371e-41,0.00027380873977065327,0.0002599423562162814
4,145.29424666735443,1.0573244498862925e-41,0.00027611157367422856,0.00026070737092719217
4,145.34424666735444,1.0557360519341449e-41,0.0002786691233994916,0.00026155727633743356
4,145.39424666735442,1.0542988100323108e-41,0.00028150941540612713,0.0002625014146444635
4,145.44424666735443,1.0529983397807613e-41,0.0002846635494445862,0.0002635501524758789
4,145.49424666735442,1.0518216256361174e-41,0.000288166034570583,0.0002647149928942487
4,145.54424666735443,1.0507568906477108e-41,0.00029205516180017774,0.0002660086996154749
4,145.59424666735444,1.0497934785899085e-41,0.00029637341739130837,0.0002674454347693035
4,145.64424666735442,1.0489217473110224e-41,0.0003011679411704101,0.00026904091167486425
4,145.69424666735443,1.0481329722314135e-41,0.00030649103480223465,0.0002708125642639451
4,145.74424666735442,1.0474192590249695e-41,0.0003124007254324489,0.0002727797349618575
4,145.79424666735443,1.0467734646100321e-41,0.00031896139072174146,0.0002749638830321398
4,145.84424666735444,1.0461891256590381e-41,0.0003262444519428196,0.00027738881560888907
4,145.89424666735442,1.0456603939113632e-41,0.00033432914253535154,0.00028008094388174337
4,145.94424666735443,1.0451819776419631e-41,0.0003433033603156057,0.00028306956716576037
4,145.99424666735442,1.044749088700013e-41,0.00035326461242610375,0.0002863871878846365
4,146.04424666735443,1.0443573945874823e-41,0.00036432106309550226,0.00029006986082400036
4,146.09424666735444,1.0440029750980402e-41,0.0003765926953699221,0.0002941575803751901
4,146.14424666735442,1.0436822830823119e-41,0.0003902125991865295,0.00029869470989311354
4,146.19424666735443,1.0433921089468153e-41,0.00040532839950011153,0.0003037304577384408
4,146.24424666735442,1.0431295485312721e-41,0.0004221038396583338,0.00030931940506935676
4,146.29424666735443,1.0428919740427932e-41,0.00044072053686724415,0.0003155220909967294
4,146.34424666735444,1.0426770077560469e-41,0.0004613799284115686,0.0003224056613242089
4,146.39424666735442,1.0424824982161826e-41,0.00048430542931534963,0.0003300445877684405
4,146.44424666735443,1.0423064987063484e-41,0.0005097448243670927,0.00033852146530078043
4,146.49424666735442,1.0421472477642945e-41,0.0005379729199142614,0.00034792789607879454
4,146.54424666735443,1.0420031515530666e-41,0.0005692944835812937,0.00035836546935226406
4,146.59424666735444,1.0418727679093503e-41,0.0006040475031102172,0.00036994684774339085
4,146.64424666735442,1.041754791909816e-41,0.0006426067988984051,0.00038279697142604987
4,146.69424666735443,1.0416480428110072e-41,0.0006853880285465851,0.00039705439297512546
4,146.74424666735442,1.0415514522320634e-41,0.0007328521258727762,0.00041287275703782446
4,146.79424666735443,1.0414640534620052e-41,0.0007855102214386691,0.000430422440509136
4,146.84424666735444,1.0413849717845663e-41,0.0008439290967189942,0.00044989237058828854
4,146.89424666735442,1.0413134157237385e-41,0.0009087372296799687,0.00047149203997156485
4,146.94424666735443,1.0412486691224141e-41,0.0009806314957742197,0.0004954537405172776
4,146.99424666735442,1.0411900839748453e-41,0.0010603845952748938,0.0005220350390238058
4,147.04424666735443,1.041137073941184e-41,0.0011488532855346836,0.0005515215213159372
4,147.09424666735444,1.0410891084791958e-41,0.0012469875052412136,0.0005842298336633304
4,147.14424666735442,1.0410457075344154e-41,0.0013558404871457808,0.0006205110536900961
4,147.19424666735443,1.0410064367356e-41,0.0014765799661583165,0.0006607544264064503
4,147.24424666735442,1.0409709030473957e-41,0.0016105006012413002,0.0007053915048400198
4,147.29424666735443,1.0409387508367077e-41,0.0017590377423220792,0.0007549007390066159
4,147.34424666735444,1.0409096583134046e-41,0.0019237826876016256,0.0008098125616798194
4,147.39424666735442,1.0408833343097348e-41,0.002106499592330038,0.0008707150246494831
4,147.44424666735443,1.0408595153662219e-41,0.00230914420749581,0.0009382600449514861
4,147.49424666735442,1.0408379630948733e-41,0.002533884646126482,0.0010131703269679532
4,147.54424666735443,1.0408184617933134e-41,0.0027831243962276354,0.0010962470334069188
4,147.59424666735444,1.0408008162859617e-41,0.00305952782300303,0.001188378286042374
4,147.64424666735442,1.0407848499706497e-41,0.0033660484291713907,0.001290548585819861
4,147.69424666735443,1.040770403051127e-41,0.0037059601711752527,0.0014038492515927566
4,147.74424666735442,1.0407573309377678e-41,0.004082892161180596,0.001529489987455483
4,147.79424666735443,1.0407455028004674e-41,0.004500867120333509,0.0016688117004957296
4,147.84424666735444,1.0407348002592523e-41,0.004964343988118017,0.0018233007039137295
4,147.89424666735442,1.0407251161994929e-41,0.005478265136297958,0.001994604455002885
4,147.94424666735443,1.040716353699864e-41,0.00604810868424196,0.002184548993591427
4,147.99424666735442,1.0407084250623244e-41,0.006679946465950858,0.0023951582643848873
4,148.04424666735443,1.0407012509344044e-41,0.00738050825839904,0.0026286755264132156
4,148.09424666735444,1.0406947595150207e-41,0.008157252946441328,0.0028875870746664033
4,148.14424666735442,1.0406888858358661e-41,0.009018447372275133,0.00317464852324854
4,148.19424666735443,1.0406835711111855e-41,0.009973253697977745,0.0034929139262235734
4,148.24424666735442,1.0406787621494279e-41,0.011031826198837018,0.0038457680420588736
4,148.29424666735443,1.0406744108208878e-41,0.012205418504006055,0.0042369620805101284
4,148.34424666735444,1.0406704735760064e-41,0.013506502410397662,0.004670653307252825
4,148.39424666735442,1.0406669110095139e-41,0.01494889951694064,0.005151448921967685
4,148.44424666735443,1.0406636874660472e-41,0.01654792706050274,0.005684454670314978
4,148.49424666735442,1.0406607706832999e-41,0.01832055948340327,0.0062753286997720694
4,148.54424666735443,1.0406581314691298e-41,0.020285607427065037,0.0069303412241840485
4,148.59424666735444,1.0406557434093945e-41,0.022463916028586287,0.00765644062262106
4,148.64424666735442,1.0406535826035894e-41,0.0248785845989281,0.00846132666544076
4,148.69424666735443,1.040651627425644e-41,0.027555209984930298,0.00935353163496029
4,148.74424666735442,1.04064985830748e-41,0.030522156164920402,0.010342510190659253
4,148.79424666735443,1.0406482575431683e-41,0.03381085290188109,0.011438738920235555
4,148.84424666735444,1.0406468091117215e-41,0.03745612658164908,0.012653826619005002
4,148.89424666735442,1.0406454985167511e-41,0.04149656669988782,0.014000636452225556
4,148.94424666735443,1.040644312641382e-41,0.04597493183380933,0.01549342127900461
4,148.99424666735442,1.0406432396169749e-41,0.050938599346848176,0.017147973553856975
4,149.04424666735443,1.0406422687043408e-41,0.05644006353108056,0.018981791374177902
4,149.09424666735444,1.04064139018626e-41,0.0625374873975352,0.021014262410346728
4,149.14424666735442,1.040640595270228e-41,0.06929531388442842,0.02326686764180523
4,149.19424666735443,1.040639876000458e-41,0.07678494287307681,0.025763407029028514
4,149.24424666735442,1.0406392251782565e-41,0.08508548108752448,0.028530249480067424
4,149.29424666735443,1.040638636289976e-41,0.09428457271401124,0.031596609723704615
4,149.34424666735444,1.0406381034418249e-41,0.10447931941764066,0.034994854981677224
4,149.39424666735442,1.0406376213008795e-41,0.11577729936556316,0.038760844643071266
4,149.44424666735443,1.0406371850417114e-41,0.1282976958974971,0.04293430648782862
4,149.49424666735442,1.0406367902980922e-41,0.14217254762664722,0.047559253387053226
4,149.54424666735443,1.040636433119295e-41,0.15754813301910514,0.05268444482947785
4,149.59424666735444,1.0406361099305543e-41,0.17458650389980687,0.058363898090116655
4,149.64424666735442,1.0406358174972887e-41,0.19346718388403555,0.06465745437409942
4,149.69424666735443,1.0406355528927276e-41,0.21438904944994233,0.07163140584084518
4,149.74424666735442,1.0406353134686198e-41,0.23757241326822517,0.07935919004728845
4,149.79424666735443,1.0406350968287283e-41,0.2632613315099715,0.08792215905049351
4,149.84424666735444,1.0406349008048482e-41,0.29172615918302036,0.09741043118644173
4,149.89424666735442,1.0406347234351066e-41,0.3232663801275049,0.10792383440187908
4,149.94424666735443,1.0406345629443277e-41,0.3582137411569116,0.11957295096800263
4,149.99424666735442,1.0406344177262657e-41,0.39693572299290386,0.13248027445873484
4,150.04424666735443,1.0406342863275293e-41,0.439839384143644,0.14678149104349789
4,150.09424666735444,1.040634167433036e-41,0.4873756177500524,0.1626268984359664
4,150.14424666735442,1.0406340598528497e-41,0.5400438657164432,0.18018297727094632
4,150.19424666735443,1.0406339625102716e-41,0.5983973391917523,0.19963413126478402
4,150.24424666735442,1.0406338744310646e-41,0.6630487997265092,0.22118461426769023
4,150.29424666735443,1.0406337947337024e-41,0.7346769612541546,0.2450606642575128
4,150.34424666735444,1.0406337226205469e-41,0.8140335794891547,0.2715128664724411
4,150.39424666735442,1.0406336573698656e-41,0.9019513024719445,0.30081877025932124
4,150.44424666735443,1.0406335983286075e-41,0.9993523638891759,0.3332857868470706
4,150.49424666735442,1.0406335449058679e-41,1.1072582095425354,0.36925439816961886
4,150.54424666735443,1.0406334965669743e-41,1.2268001570224794,0.40910171009048524
4,150.59424666735444,1.0406334528281345e-41,1.3592311993573956,0.45324538695249933
4,150.64424666735442,1.0406334132515957e-41,1.5059390752758353,0.5021480083318782
4,150.69424666735443,1.0406333774412624e-41,1.6684607418510886,0.5563218932530859
4,150.74424666735442,1.040633345038733e-41,1.84849839983549,0.6163344419669338
4,150.79424666735443,1.0406333157197119e-41,2.0479372380891143,0.6828140507601466
4,150.84424666735444,1.0406332891907646e-41,2.2688650813182183,0.75645666120151
4,150.89424666735442,1.0406332651863805e-41,2.5135941450652814,0.8380330118052172
4,150.94424666735443,1.0406332434663154e-41,2.7846851237199997,0.9283966673678661
4,150.99424666735442,1.0406332238131878e-41,3.084973861484992,1.028492909290363
4,151.04424666735443,1.0406332060303026e-41,3.417600882984867,1.1393685791142771
4,151.09424666735444,1.0406331899396828e-41,3.7860440898088354,1.262182977369378
4,151.14424666735442,1.0406331753802877e-41,4.1941549620611775,1.398219930757125
4,151.19424666735443,1.0406331622064024e-41,4.646198640268611,1.548901152786457
4,151.24424666735442,1.0406331502861779e-41,5.146898303150052,1.7158010363637117
4,151.29424666735443,1.0406331395003128e-41,5.701484301214086,1.9006630316584505
4,151.34424666735444,1.0406331297408585e-41,6.315748555337535,2.105417778962979
4,151.39424666735442,1.040633120910139e-41,6.996104783953126,2.3322031844215725
4,151.44424666735443,1.0406331129197737e-41,7.749655182746445,2.583386646596124
4,151.49424666735442,1.040633105689792e-41,8.58426424748142,2.861589664074644
4,151.54424666735443,1.0406330991478343e-41,9.508640504440384,3.1697150789512736
4,151.59424666735444,1.040633093228426e-41,10.532426994683235,3.5109772382460114
4,151.64424666735442,1.0406330878723238e-41,11.666301448828973,3.8889353854985567
4,151.69424666735443,1.0406330830259223e-41,12.922087189188424,4.307530628145882
4,151.74424666735442,1.0406330786407167e-41,14.312875906908998,4.771126863237155
4,151.79424666735443,1.0406330746728188e-41,15.853163584492629,5.284556084939721
4,151.84424666735444,1.0406330710825162e-41,17.55900096978633,5.853168542535948
4,151.89424666735442,1.040633067833876e-41,19.448160157861587,6.482888267716362
4,151.94424666735443,1.0406330648943848e-41,21.540319003499892,7.180274545408163
4,151.99424666735442,1.0406330622346233e-41,23.857265271078287,7.952589963737056
4,152.04424666735443,1.0406330598279715e-41,26.423122632429845,8.807875746647435
4,152.09424666735444,1.0406330576503429e-41,29.264600848680395,9.755035147847938
4,152.14424666735442,1.040633055679943e-41,32.41127272169173,10.803925767959193
4,152.19424666735443,1.0406330538970515e-41,35.89588067690453,11.965461748794796
4,152.24424666735442,1.0406330522838246e-41,39.75467614504622,13.251726900597246
4,152.29424666735443,1.0406330508241165e-41,44.02779524854841,14.676099930843783
4,152.34424666735444,1.0406330495033179e-41,48.75967467282811,16.253393068006776
4,152.39424666735442,1.04063304830821e-41,53.99951201706834,18.000005511813917
4,152.44424666735443,1.0406330472268316e-41,59.8017753776571,19.934093294394582
4,152.49424666735442,1.04063304624836e-41,66.22676742494302,22.07575730586501
4,152.54424666735443,1.0406330453630024e-41,73.34124979575269,24.447251425167423
4,152.59424666735444,1.0406330445618975e-41,81.21913424552653,27.073212904115334
4,152.64424666735442,1.040633043837028e-41,89.94224769201806,29.980917381959934
4,152.69424666735443,1.0406330431811388e-41,99.60117904367038,33.20056116151562
4,152.74424666735442,1.0406330425876658e-41,110.29621654823482,36.765573658699545
4,152.79424666735443,1.0406330420506691e-41,122.13838532972561,40.712963248183144
4,152.84424666735444,1.0406330415647746e-41,135.2505958132835,45.08370007168003
4,152.89424666735442,1.0406330411251189e-41,149.76891487962448,49.92313975609556
4,152.94424666735443,1.0406330407273021e-41,165.84397285413112,55.28149240989062
4,152.99424666735442,1.0406330403673425e-41,183.64252083386967,61.21434173208731
4,153.04424666735443,1.0406330400416376e-41,203.34915440351818,67.78321958424505
4,153.09424666735444,1.0406330397469276e-41,225.1682215030399,75.05624194635158
4,153.14424666735442,1.040633039480263e-41,249.32593410534315,83.10881280937639
4,153.19424666735443,1.0406330392389748e-41,276.0727054587499,92.02440325609348
4,153.24424666735442,1.0406330390206483e-41,305.68573696940814,101.89541375521891
4,153.29424666735443,1.0406330388230983e-41,338.4718813670399,112.82412854999333
4,153.34424666735444,1.0406330386443477e-41,374.770811637988,124.92377196919779
4,153.39424666735442,1.0406330384826074e-41,414.95852835457566,138.31967753694
4,153.44424666735443,1.0406330383362587e-41,459.4512415085578,153.1505819171383
4,153.49424666735442,1.040633038203837e-41,508.70966680629607,169.57005701191326
4,153.54424666735443,1.0406330380840168e-41,563.2437806444226,187.7480949534756
4,153.59424666735444,1.0406330379755992e-41,623.6180826975509,207.87286230003
4,153.64424666735442,1.0406330378774987e-41,690.457420267378,230.15264148547536
4,153.69424666735443,1.0406330377887338e-41,764.4534343138009,254.81797949644402
4,153.74424666735442,1.0406330377084159e-41,846.3716934753712,282.12406587911994
4,153.79424666735443,1.0406330376357413e-41,937.0595894552425,312.3533645345544
4,153.84424666735444,1.0406330375699827e-41,1037.4550749665227,345.81852636711653
4,153.89424666735442,1.0406330375104817e-41,1148.5963340862975,382.8656127358351
4,153.94424666735443,1.0406330374566431e-41,1271.6324844406633,423.8776628494089
4,153.99424666735442,1.0406330374079279e-41,1407.835421236799,469.27864177689753
4,154.04424666735443,1.0406330373638484e-41,1558.612924882835,519.5378096543446
4,154.09424666735444,1.0406330373239638e-41,1725.5231669029479,575.1745569898092
4,154.14424666735442,1.0406330372878746e-41,1910.290763210471,636.7637557544019
4,154.19424666735443,1.0406330372552198e-41,2114.824539678961,704.9416812393087
4,154.24424666735442,1.0406330372256726e-41,2341.237192520391,780.4125655151871
4,154.29424666735443,1.0406330371989372e-41,2591.867045424236,863.9558498118624
4,154.34424666735444,1.0406330371747459e-41,2869.3021269147202,956.4342103040759
4,154.39424666735442,1.0406330371528567e-41,3176.4068151894817,1058.8024397243735
4,154.44424666735443,1.0406330371330506e-41,3516.3513240316024,1172.1172760004492
4,154.49424666735442,1.0406330371151292e-41,3892.6443325209334,1297.5482788255872
4,154.54424666735443,1.0406330370989133e-41,4309.169093513439,1436.3898658184423
4,154.59424666735444,1.0406330370842405e-41,4770.22339151321,1590.0746318137103
4,154.64424666735442,1.0406330370709641e-41,5280.563760034452,1760.1880879827943
4,154.69424666735443,1.0406330370589512e-41,5845.454412205249,1948.4849720350553
4,154.74424666735442,1.0406330370480813e-41,6470.721386669111,2156.907296851663
4,154.79424666735443,1.0406330370382458e-41,7162.812464297992,2387.6043227232694
4,154.84424666735444,1.0406330370293464e-41,7928.863470344931,2642.9546580675533
4,154.89424666735442,1.0406330370212938e-41,8776.771642105457,2925.59071531636
4,154.94424666735443,1.0406330370140075e-41,9715.276814528457,3238.4257727859817
4,154.99424666735442,1.0406330370074146e-41,10754.051256295832,3584.683920037054
4,155.04424666735443,1.0406330370014491e-41,11903.799077508946,3967.9331937700317
4,155.09424666735444,1.0406330369960513e-41,13176.366228114628,4392.122243967192
4,155.14424666735442,1.0406330369911671e-41,14584.86221468193,4861.620906151549
4,155.19424666735443,1.0406330369867479e-41,16143.794783105286,5381.265095621252
4,155.24424666735442,1.0406330369827491e-41,17869.218947546153,5956.40648376345
4,155.29424666735443,1.0406330369791308e-41,19778.901892813217,6592.967465514372
4,155.34424666735444,1.0406330369758569e-41,21892.505439806766,7297.501981174114
4,155.39424666735442,1.0406330369728945e-41,24231.787943449937,8077.2628157170575
4,155.44424666735443,1.040633036970214e-41,26820.827691359926,8940.2760650156
4,155.49424666735442,1.0406330369677886e-41,29686.2700915039,9895.423531725459
4,155.54424666735443,1.040633036965594e-41,32857.60118052664,10952.533894728238
4,155.59424666735444,1.0406330369636083e-41,36367.450253620416,12122.483585754686
4,155.64424666735442,1.0406330369618116e-41,40251.924714776076,13417.308406135082
4,155.69424666735443,1.0406330369601857e-41,44550.98057575545,14850.327026456716
4,155.74424666735442,1.0406330369587147e-41,49308.83239668668,16436.27763342896
4,155.79424666735443,1.0406330369573836e-41,54574.406864597506,18191.469122727725
4,155.84424666735444,1.0406330369561791e-41,60401.844652259744,20133.948385276955
4,155.89424666735442,1.0406330369550893e-41,66851.05569346412,22283.685399006892
4,155.94424666735443,1.0406330369541033e-41,73988.33355682773,24662.77802012323
4,155.99424666735442,1.040633036953211e-41,81887.03520430124,27295.6785692762
4,156.04424666735443,1.0406330369524038e-41,90628.33308896661,30209.444530826448
4,156.09424666735444,1.0406330369516732e-41,100302.04728578225,33434.015929760106
4,156.14424666735442,1.0406330369510122e-41,111007.56616699323,37002.522223492204
4,156.19424666735443,1.040633036950414e-41,122854.86503850945,40951.621847326045
4,156.24424666735442,1.0406330369498729e-41,135965.6331543524,45321.87788593546
4,156.29424666735443,1.0406330369493833e-41,150474.52063366215,50158.17371236713
4,156.34424666735444,1.0406330369489401e-41,166530.5180291653,55510.17284419659
4,156.39424666735442,1.0406330369485393e-41,184298.48265124168,61432.82771821712
4,156.44424666735443,1.0406330369481765e-41,203960.82725027838,67986.94258455775
4,156.49424666735442,1.0406330369478483e-41,225719.38831789533,75239.79627375845
4,156.54424666735443,1.0406330369475512e-41,249797.49310206852,83265.83120181123
4,156.59424666735444,1.0406330369472826e-41,276442.2464594017,92147.41565425068
4,156.64424666735442,1.0406330369470394e-41,305927.06091271073,101975.68713868204
4,156.69424666735443,1.0406330369468193e-41,338554.45576431963,112851.48542254673
4,156.74424666735442,1.0406330369466202e-41,374659.15386158787,124886.38478829782
4,156.79424666735443,1.0406330369464401e-41,414611.5076496803,138203.83605099033
4,156.84424666735444,1.0406330369462771e-41,458821.2895059708,152940.43000308215
4,156.89424666735442,1.0406330369461295e-41,507741.8850686789,169247.29519064652
4,156.94424666735443,1.0406330369459961e-41,561874.9323835338,187291.64429559314
4,156.99424666735442,1.0406330369458754e-41,621775.4542404,207258.48491454354
4,157.04424666735443,1.0406330369457662e-41,688057.5361040859,229352.51220243383
4,157.09424666735444,1.0406330369456673e-41,761400.607607133,253800.20270344446
4,157.14424666735442,1.0406330369455778e-41,842556.3917301387,280852.13074444135
4,157.19424666735443,1.0406330369454969e-41,932356.5926035624,310785.53103557753
4,157.24424666735442,1.0406330369454236e-41,1031721.4003968517,343907.13363333564
4,157.29424666735443,1.0406330369453573e-41,1141668.900094161,380556.3001991004
4,157.34424666735444,1.0406330369452974e-41,1263325.4801690236,421108.4935573829
4,157.39424666735442,1.0406330369452431e-41,1397937.3473671302,465979.1159567466
4,157.44424666735443,1.0406330369451941e-41,1546883.2650803595,515627.7551944846
4,157.49424666735442,1.0406330369451496e-41,1711688.64526693,570562.8819233364
4,157.54424666735443,1.0406330369451094e-41,1894041.1376712841,631347.046058116
4,157.59424666735444,1.040633036945073e-41,2095807.8753522448,698602.6252850979
4,157.64424666735442,1.0406330369450401e-41,2319054.5524114114,773018.1843048148
4,157.69424666735443,1.0406330369450104e-41,2566066.5284803775,855355.5096611319
4,157.74424666735442,1.0406330369449834e-41,2839372.1751746563,946457.391892553
4,157.79424666735443,1.040633036944959e-41,3141768.702568205,1047256.234357064
4,157.84424666735444,1.040633036944937e-41,3476350.72899884,1158783.576500604
4,157.89424666735442,1.040633036944917e-41,3846541.8854668816,1282180.6286566125
4,157.94424666735443,1.0406330369448989e-41,4256129.77679303,1418709.925765324
4,157.99424666735442,1.0406330369448826e-41,4709304.655886967,1569768.2187966309
4,158.04424666735443,1.0406330369448678e-41,5210702.205299413,1736900.735267441
4,158.09424666735444,1.0406330369448544e-41,5765450.862041543,1921816.954181479
4,158.14424666735442,1.0406330369448423e-41,6379224.167928073,2126408.056143651
4,158.19424666735443,1.0406330369448314e-41,7058298.678858233,2352766.2264536987
4,158.24424666735442,1.0406330369448214e-41,7809618.023038127,2603206.0078469915
4,158.29424666735443,1.0406330369448125e-41,8640863.76075488,2880287.920419238
4,158.34424666735444,1.0406330369448043e-41,9560533.767522726,3186844.5893418477
4,158.39424666735442,1.0406330369447971e-41,10578028.939014625,3526009.646505809
4,158.44424666735443,1.0406330369447904e-41,11703749.10087148,3901249.700458088
4,158.49424666735442,1.0406330369447845e-41,12949199.100147618,4316399.700216796
4,158.54424666735443,1.040633036944779e-41,14327106.158776952,4775702.053093235
4,158.59424666735444,1.040633036944774e-41,15851549.683995886,5283849.894832875
4,158.64424666735442,1.0406330369447695e-41,17538104.85743004,5846034.952644256
4,158.69424666735443,1.0406330369447656e-41,19404001.46470152,6468000.488401407
4,158.74424666735442,1.0406330369447619e-41,21468299.58243641,7156099.8609796995
4,158.79424666735443,1.0406330369447586e-41,23752083.91105497,7917361.30385255
4,158.84424666735444,1.0406330369447557e-41,26278678.73130885,8759559.577270504
4,158.89424666735442,1.040633036944753e-41,29073885.6723305,9691295.224277714
4,158.94424666735443,1.0406330369447504e-41,32166246.710897304,10722082.237133311
4,158.99424666735445,1.0406330369447483e-41,35587335.07816392,11862445.026222179
4,159.04424666735443,1.0406330369447462e-41,39372077.03391237,13124025.678138321
4,159.09424666735444,1.0406330369447444e-41,43559107.78215639,14519702.594219659
4,159.14424666735442,1.0406330369447428e-41,48191165.14900198,16063721.716501513
4,159.19424666735443,1.0406330369447414e-41,53315525.027614,17771841.676038846
4,159.24424666735445,1.04063303694474e-41,58984483.019553185,19661494.34001857
4,159.29424666735443,1.0406330369447388e-41,65255887.171408825,21751962.390637115
4,159.34424666735444,1.0406330369447377e-41,72193727.22485656,24064575.74178635
4,159.39424666735442,1.0406330369447367e-41,79868786.37254958,26622928.791017354
4,159.44424666735443,1.0406330369447358e-41,88359362.14754665,29453120.71601637
4,159.49424666735445,1.040633036944735e-41,97752063.77621722,32584021.258906554
4,159.54424666735443,1.0406330369447342e-41,108142694.10165681,36047564.70071975
4,159.59424666735444,1.0406330369447336e-41,119637225.04369295,39879075.014731795
4,159.64424666735442,1.040633036944733e-41,132352876.51172037,44117625.50407426
4,159.69424666735443,1.0406330369447325e-41,146419309.73769405,48806436.57939882
4,159.74424666735445,1.040633036944732e-41,161979947.1584348,53993315.71964573
4,159.79424666735443,1.0406330369447314e-41,179193432.26205587,59731144.087519415
4,159.84424666735444,1.040633036944731e-41,198235244.23453045,66078414.74501093
4,159.89424666735442,1.0406330369447307e-41,219299483.81434637,73099827.93828289
4,159.94424666735443,1.0406330369447304e-41,242600848.5020704,80866949.50085758
4,159.99424666735445,1.04063303694473e-41,268376817.19367895,89458939.0647271
4,160.04424666735443,1.0406330369447298e-41,296890066.4333725,98963355.47795828
4,160.09424666735444,1.0406330369447295e-41,328431142.8326567,109477047.611053
4,160.14424666735442,1.0406330369447294e-41,363321418.80282557,121107139.60110928
4,160.19424666735443,1.0406330369447291e-41,401916361.624458,133972120.54165341
4,160.24424666735445,1.040633036944729e-41,444609149.0569553,148203049.68581918
4,160.29424666735443,1.0406330369447288e-41,491834668.2093105,163944889.40327087
4,160.34424666735444,1.0406330369447286e-41,544073938.2822986,181357979.42760026
4,160.39424666735442,1.0406330369447285e-41,601859002.0935333,200619667.3646785
4,160.44424666735443,1.0406330369447284e-41,665778336.0547745,221926112.01842555
4,160.49424666735445,1.0406330369447283e-41,736482833.5297983,245494277.84343347
4,160.54424666735443,1.0406330369447281e-41,814692422.320305,271564140.7736023
4,160.59424666735444,1.0406330369447281e-41,901203383.4597485,300401127.82008356
4,160.64424666735442,1.040633036944728e-41,996896445.6091568,332298815.20321965
4,160.69424666735443,1.040633036944728e-41,1102745737.218426,367581912.4063093
4,160.74424666735445,1.0406330369447279e-41,1219828687.3144488,406609562.43831694
4,160.79424666735443,1.0406330369447279e-41,1349336975.4017432,449778991.80074847
4,160.84424666735444,1.0406330369447277e-41,1492588641.5996692,497529547.20005697
4,160.89424666735442,1.0406330369447277e-41,1651041479.9060986,550347159.9688668
4,160.94424666735443,1.0406330369447276e-41,1826307850.492036,608769283.4975126
4,160.99424666735445,1.0406330369447276e-41,2020171061.3162234,673390353.7722417
4,161.04424666735443,1.0406330369447276e-41,2234603485.2651954,744867828.4218991
4,161.09424666735444,1.0406330369447275e-41,2471786596.6175084,823928865.5393368
4,161.14424666735442,1.0406330369447275e-41,2734133130.088207,911377710.0295697
4,161.19424666735443,1.0406330369447275e-41,3024311587.231905,1008103862.4108024
4,161.24424666735445,1.0406330369447275e-41,3345273338.770133,1115091112.923545
4,161.29424666735443,1.0406330369447275e-41,3700282597.728817,1233427532.5764399
4,161.34424666735444,1.0406330369447275e-41,4092949567.3644037,1364316522.4549685
4,161.39424666735442,1.0406330369447274e-41,4527267100.031801,1509089033.344101
4,161.44424666735443,1.0406330369447274e-41,5007651238.736032,1669217079.5788445
4,161.49424666735445,1.0406330369447274e-41,5538986052.442945,1846328684.1478152
4,161.54424666735443,1.0406330369447274e-41,6126673219.745677,2042224406.5820599
4,161.59424666735444,1.0406330369447274e-41,6776686863.588051,2258895621.196184
4,161.64424666735442,1.0406330369447274e-41,7495634192.946427,2498544730.98231
4,161.69424666735443,1.0406330369447274e-41,8290822566.215694,2763607522.0720654
4,161.74424666735445,1.0406330369447274e-41,9170333656.080475,3056777885.3603253
4,161.79424666735443,1.0406330369447274e-41,10143105467.61066,3381035155.870387
4,161.84424666735444,1.0406330369447274e-41,11219023040.856062,3739674346.9521875
4,161.89424666735442,1.0406330369447272e-41,12409018757.173878,4136339585.7247925
4,161.94424666735443,1.0406330369447272e-41,13725183265.812075,4575061088.604192
4,161.99424666735445,1.0406330369447272e-41,15180888154.795391,5060296051.59863
4,162.04424666735443,1.0406330369447272e-41,16790921609.128399,5596973869.709634
4,162.09424666735444,1.0406330369447272e-41,18571638430.82362,6190546143.608039
4,162.14424666735442,1.0406330369447272e-41,20541125940.67984,6847041980.226781
4,162.19424666735443,1.0406330369447272e-41,22719387442.57718,7573129147.525893
4,162.24424666735445,1.0406330369447272e-41,25128545108.8124,8376181702.9376335
4,162.29424666735443,1.0406330369447272e-41,27793064341.673264,9264354780.55792
4,162.34424666735444,1.0406330369447272e-41,30740001883.82836,10246667294.609621
4,162.39424666735442,1.0406330369447272e-41,33999280190.503464,11333093396.834656
4,162.44424666735443,1.0406330369447272e-41,37603990842.30182,12534663614.10077
4,162.49424666735445,1.0406330369447272e-41,41590730071.37478,13863576690.458426
4,162.54424666735443,1.0406330369447272e-41,45999969798.763405,15333323266.254635
4,162.59424666735444,1.0406330369447272e-41,50876467940.06711,16958822646.689201
4,162.64424666735442,1.0406330369447272e-41,56269722133.970856,18756574044.65712
4,162.69424666735443,1.0406330369447272e-41,62234471487.67162,20744823829.22404
4,162.74424666735445,1.0406330369447272e-41,68831251418.96799,22943750472.989502
4,162.79424666735443,1.0406330369447272e-41,76127007212.17657,25375669070.725697
4,162.84424666735444,1.0406330369447272e-41,84195772498.99274,28065257499.66441
4,162.89424666735442,1.0406330369447272e-41,93119419532.23845,31039806510.74632
4,162.94424666735443,1.0406330369447272e-41,102988488846.89897,34329496282.299824
4,162.99424666735445,1.0406330369447272e-41,113903106705.68283,37967702235.22778
4,163.04424666735443,1.0406330369447272e-41,125973999614.5777,41991333204.8594
4,163.09424666735444,1.0406330369447272e-41,139323616175.57245,46441205391.85766
4,163.14424666735442,1.0406330369447272e-41,154087367629.3177,51362455876.4394
4,163.19424666735443,1.0406330369447272e-41,170414999641.16922,56804999880.389915
4,163.24424666735445,1.0406330369447272e-41,188472109210.9503,62824036403.65027
4,163.29424666735443,1.0406330369447272e-41,208441822054.78552,69480607351.59535
4,163.34424666735444,1.0406330369447272e-41,230526647429.83063,76842215809.94373
4,163.39424666735442,1.0406330369447272e-41,254950529166.88354,84983509722.29468
4,163.44424666735443,1.0406330369447272e-41,281961113660.18646,93987037886.72899
4,163.49424666735445,1.0406330369447272e-41,311832257756.6099,103944085918.87015
4,163.54424666735443,1.0406330369447272e-41,344866801912.50806,114955600637.50285
4,163.59424666735444,1.0406330369447272e-41,381399636667.83923,127133212222.61325
4,163.64424666735442,1.0406330369447272e-41,421801093452.1599,140600364484.05347
4,163.69424666735443,1.0406330369447272e-41,466480694016.34247,155493564672.11435
4,163.74424666735445,1.0406330369447272e-41,515891296407.68677,171963765469.2291
4,163.79424666735443,1.0406330369447272e-41,570533679415.315,190177893138.43848
4,163.84424666735444,1.0406330369447272e-41,630961611843.6047,210320537281.20172
4,163.89424666735442,1.0406330369447272e-41,697787457871.0671,232595819290.35587
4,163.94424666735443,1.0406330369447272e-41,771688375170.9016,257229458390.30072
4,163.99424666735445,1.0406330369447272e-41,853413168457.6687,284471056152.55634
4,164.04424666735443,1.0406330369447272e-41,943789867749.4216,314596622583.1407
4,164.09424666735444,1.0406330369447272e-41,1043734107956.258,347911369318.7529
4,164.14424666735442,1.0406330369447272e-41,1154258394502.3694,384752798167.45667
4,164.19424666735443,1.0406330369447272e-41,1276482348642.565,425494116214.1885
4,164.24424666735445,1.0406330369447272e-41,1411644036028.8352,470548012009.61194
4,164.29424666735443,1.0406330369447272e-41,1561112493029.0457,520370831009.682
4,164.34424666735444,1.0406330369447272e-41,1726401577397.4392,575467192465.8132
4,164.39424666735442,1.0406330369447272e-41,1909185283273.702,636395094424.5675
4,164.44424666735443,1.0406330369447272e-41,2111314675281.6868,703771558427.2291
4,164.49424666735445,1.0406330369447272e-41,2334836612847.1523,778278870949.051
4,164.54424666735443,1.0406330369447272e-41,2582014453940.11,860671484646.7032
4,164.59424666735444,1.0406330369447272e-41,2855350947435.1245,951783649145.0415
4,164.64424666735442,1.0406330369447272e-41,3157613545384.496,1052537848461.4987
4,164.69424666735443,1.0406330369447272e-41,3491862390941.9316,1163954130313.9773
4,164.74424666735445,1.0406330369447272e-41,3861481264684.347,1287160421561.4492
4,164.79424666735443,1.0406330369447272e-41,4270211801960.24,1423403933986.747
4,164.84424666735444,1.0406330369447272e-41,4722191326915.229,1574063775638.4097
4,164.89424666735442,1.0406330369447272e-41,5221994685359.311,1740664895119.7708
4,164.94424666735443,1.0406330369447272e-41,5774680499021.761,1924893499673.9204
4,164.99424666735445,1.0406330369447272e-41,6385842308361.564,2128614102787.1885
4,165.04424666735443,1.0406330369447272e-41,7061665120465.972,2353888373488.6577
4,165.09424666735444,1.0406330369447272e-41,7808987933122.805,2602995977707.6016
4,165.14424666735442,1.0406330369447272e-41,8635372866473.664,2878457622157.888
4,165.19424666735443,1.0406330369447272e-41,9549181600364.512,3183060533454.837
4,165.24424666735445,1.0406330369447272e-41,10559659889224.383,3519886629741.461
4,165.29424666735443,1.0406330369447272e-41,11677031007850.695,3892343669283.565
4,165.34424666735444,1.0406330369447272e-41,12912599071598.055,4304199690532.6846
4,165.39424666735442,1.0406330369447272e-41,14278863274112.934,4759621091370.978
4,165.44424666735443,1.0406330369447272e-41,15789644195953.629,5263214731984.543
4,165.49424666735445,1.0406330369447272e-41,17460223459202.29,5820074486400.763
4,165.54424666735443,1.0406330369447272e-41,19307498137880.477,6435832712626.825
4,165.59424666735444,1.0406330369447272e-41,21350151482841.926,7116717160947.309
4,165.64424666735442,1.0406330369447272e-41,23608841684412.504,7869613894804.168
4,165.69424666735443,1.0406330369447272e-41,26106410578071.85,8702136859357.284
4,165.74424666735445,1.0406330369447272e-41,28868114399604.92,9622704799868.307
4,165.79424666735443,1.0406330369447272e-41,31921878918653.617,10640626306217.873
4,165.84424666735444,1.0406330369447272e-41,35298581525481.39,11766193841827.13
4,165.89424666735442,1.0406330369447272e-41,39032363117634.66,13010787705878.219
4,165.94424666735443,1.0406330369447272e-41,43160972933837.41,14386990977945.8
4,165.99424666735445,1.0406330369447272e-41,47726149814668.28,15908716604889.428
4,166.04424666735443,1.0406330369447272e-41,52774043737072.91,17591347912357.635
4,166.09424666735444,1.0406330369447272e-41,58355681875880.734,19451893958626.91
4,166.14424666735442,1.0406330369447272e-41,64527483894529.86,21509161298176.62
4,166.19424666735443,1.0406330369447272e-41,71351831663773.56,23783943887924.52
4,166.24424666735445,1.0406330369447272e-41,78897699155827.19,26299233051942.4
4,166.29424666735443,1.0406330369447272e-41,87241348868385.69,29080449622795.227
4,166.34424666735444,1.0406330369447272e-41,96467101803673.06,32155700601224.355
4,166.39424666735442,1.0406330369447272e-41,106668188769298.4,35556062923099.47
4,166.44424666735443,1.0406330369447272e-41,117947691587797.94,39315897195932.65
4,166.49424666735445,1.0406330369447272e-41,130419583707918.8,43473194569306.266
4,166.54424666735443,1.0406330369447272e-41,144209880713115.25,48069960237705.086
4,166.59424666735444,1.0406330369447272e-41,159457912330448.5,53152637443482.836
4,166.64424666735442,1.0406330369447272e-41,176317728767831.78,58772576255943.93
4,166.69424666735443,1.0406330369447272e-41,194959655561945.56,64986551853981.86
4,166.74424666735445,1.0406330369447272e-41,215572012615643.5,71857337538547.83
4,166.79424666735443,1.0406330369447272e-41,238363014759098.75,79454338253032.92
4,166.84424666735444,1.0406330369447272e-41,263562872998236.28,87854290999412.1
4,166.89424666735442,1.0406330369447272e-41,291426117636558.94,97142039212186.31
4,166.94424666735443,1.0406330369447272e-41,322234166693075.56,107411388897691.86
4,166.99424666735445,1.0406330369447272e-41,356298165510302.8,118766055170100.94
4,167.04424666735443,1.0406330369447272e-41,393962126180008.7,131320708726669.56
4,167.09424666735444,1.0406330369447272e-41,435606398435143.75,145202132811714.6
4,167.14424666735442,1.0406330369447272e-41,481651506996301.0,160550502332100.34
4,167.19424666735443,1.0406330369447272e-41,532562394054353.6,177520798018117.88
4,167.24424666735445,1.0406330369447272e-41,588853109651672.8,196284369883890.94
4,167.29424666735443,1.0406330369447272e-41,651091997238421.1,217030665746140.38
4,167.34424666735444,1.0406330369447272e-41,719907426668469.0,239969142222823.0
4,167.39424666735442,1.0406330369447272e-41,795994132414466.1,265331377471488.72
4,167.44424666735443,1.0406330369447272e-41,880120220880065.2,293373406960021.75
4,167.49424666735445,1.0406330369447272e-41,973134917425481.6,324378305808493.9
4,167.54424666735443,1.0406330369447272e-41,1075977131176189.2,358659043725396.44
4,167.59424666735444,1.0406330369447272e-41,1189684923920725.8,396561641306908.56
4,167.64424666735442,1.0406330369447272e-41,1315405978509707.0,438468659503235.7
4,167.69424666735443,1.0406330369447272e-41,1454409172237600.0,484803057412533.4
4,167.74424666735445,1.0406330369447272e-41,1608097371814428.5,536032457271476.2
4,167.79424666735443,1.0406330369447272e-41,1778021578841382.8,592673859613794.2
4,167.84424666735444,1.0406330369447272e-41,1965896568303021.5,655298856101007.1
4,167.89424666735442,1.0406330369447272e-41,2173618177623778.5,724539392541259.5
4,167.94424666735443,1.0406330369447272e-41,2403282420461785.5,801094140153928.5
4,167.99424666735445,1.0406330369447272e-41,2657206617782132.5,885735539260710.9
4,168.04424666735443,1.0406330369447272e-41,2937952759070578.0,979317586356859.2
4,168.09424666735444,1.0406330369447272e-41,3248353329000633.0,1082784443000211.0
4,168.14424666735442,1.0406330369447272e-41,3591539859689840.0,1197179953229946.8
4,168.19424666735443,1.0406330369447272e-41,3970974496129396.5,1323658165376465.5
4,168.24424666735445,1.0406330369447272e-41,4390484892698253.0,1463494964232751.0
4,168.29424666735443,1.0406330369447272e-41,4854302792218604.0,1618100930739534.8
4,168.34424666735444,1.0406330369447272e-41,5367106676076701.0,1789035558692233.8
4,168.39424666735442,1.0406330369447272e-41,5934068914913854.0,1978022971637951.5
4,168.44424666735443,1.0406330369447272e-41,6560907894707578.0,2186969298235859.2
4,168.49424666735445,1.0406330369447272e-41,7253945643129704.0,2417981881043234.5
4,168.54424666735443,1.0406330369447272e-41,8020171536448908.0,2673390512149636.0
4,168.59424666735444,1.0406330369447272e-41,8867312728438016.0,2955770909479338.5
4,168.64424666735442,1.0406330369447272e-41,9803912010400376.0,3267970670133459.0
4,168.69424666735443,1.0406330369447272e-41,1.0839413886238004e+16,3613137962079334.5
4,168.74424666735445,1.0406330369447272e-41,1.19842597291361e+16,3994753243045367.0
4,168.79424666735443,1.0406330369447272e-41,1.3249992977862068e+16,4416664325954022.5
4,168.84424666735444,1.0406330369447272e-41,1.464937543169472e+16,4883125143898240.0
4,168.89424666735442,1.0406330369447272e-41,1.6196515814681728e+16,5398838604893909.0
4,168.94424666735443,1.0406330369447272e-41,1.7907011903415366e+16,5969003967805122.0
4,168.99424666735445,1.0406330369447272e-41,1.979810764895545e+16,6599369216318483.0
4,169.04424666735443,1.0406330369447272e-41,2.188886687444517e+16,7296288958148390.0
4,169.09424666735444,1.0406330369447272e-41,2.4200365296719056e+16,8066788432239686.0
4,169.14424666735442,1.0406330369447272e-41,2.675590280455848e+16,8918634268186160.0
4,169.19424666735443,1.0406330369447272e-41,2.9581238130098944e+16,9860412710032982.0
4,169.24424666735445,1.0406330369447272e-41,3.270484827511224e+16,1.090161609170408e+16
4,169.29424666735443,1.0406330369447272e-41,3.615821530300155e+16,1.2052738434333852e+16
4,169.34424666735444,1.0406330369447272e-41,3.997614338260158e+16,1.332538112753386e+16
4,169.39424666735442,1.0406330369447272e-41,4.419710927418324e+16,1.473236975806108e+16
4,169.44424666735443,1.0406330369447272e-41,4.886364978454422e+16,1.6287883261514742e+16
4,169.49424666735445,1.0406330369447272e-41,5.402279008981568e+16,1.8007596696605228e+16
4,169.54424666735443,1.0406330369447272e-41,5.972651723580953e+16,1.9908839078603176e+16
4,169.59424666735444,1.0406330369447272e-41,6.603230358006229e+16,2.2010767860020764e+16
4,169.64424666735442,1.0406330369447272e-41,7.300368544201707e+16,2.4334561814005692e+16
4,169.69424666735443,1.0406330369447272e-41,8.071090278316981e+16,2.6903634261056604e+16
4,169.74424666735445,1.0406330369447272e-41,8.923160635260158e+16,2.974386878420053e+16
4,169.79424666735443,1.0406330369447272e-41,9.86516394120078e+16,3.2883879804002604e+16
1000000.0,139.79424666735443,5.2131486186321685e-36,0.0002744035904201114,0.0002744035059530208
1000000.0,139.84424666735444,5.2121975789912986e-36,0.00027713146063112223,0.00027713136524828313
1000000.0,139.89424666735442,5.2113370427382044e-36,0.000280198092451681,0.0002801979847979287
1000000.0,139.94424666735443,5.2105583973368274e-36,0.00028364439502484866,0.00028364427358138237
1000000.0,139.99424666735442,5.2098538498422806e-36,0.000287516117809301,0.000287515980874323
1000000.0,140.04424666735443,5.2092163489064305e-36,0.0002918644144478837,0.0002918642601149826
1000000.0,140.09424666735444,5.2086395142056405e-36,0.0002967464715229168,0.0002967462976569354
1000000.0,140.14424666735442,5.208117572584345e-36,0.00030222620959139687,0.0003022260138014968
1000000.0,140.19424666735443,5.2076453002753655e-36,0.0003083750647286618,0.0003083748443382611
1000000.0,140.24424666735442,5.2072179706186995e-36,0.0003152728597383195,0.00031527261175154624
1000000.0,140.29424666735443,5.206831306755511e-36,0.00032300877521985484,0.00032300849628411565
1000000.0,140.34424666735444,5.206481438823896e-36,0.0003316824318344957,0.00033168211819871555
1000000.0,140.39424666735442,5.2061648652279995e-36,0.0003414050963882333,0.00034140474385627146
1000000.0,140.44424666735443,5.20587841759287e-36,0.00035230102577202526,0.00035230062965071454
1000000.0,140.49424666735442,5.205619229054298e-36,0.000364508964379467,0.00036450851942066424
1000000.0,140.54424666735443,5.205384705566271e-36,0.000378183812379507,0.00037818331271546976
1000000.0,140.59424666735444,5.205172499938896e-36,0.000393498484174934,0.00039349792324626425
1000000.0,140.64424666735442,5.20498048834693e-36,0.0004106459785494853,0.0004106453490247915
1000000.0,140.69424666735443,5.2048067490738216e-36,0.0004298416844205114,0.0004298409781068485
1000000.0,140.74424666735442,5.204649543278531e-36,0.00045132594879784767,0.0004513251565408848
1000000.0,140.79424666735443,5.20450729759262e-36,0.00047536693653310385,0.00047536604810585325
1000000.0,140.84424666735444,5.204378588373454e-36,0.000502263814758825,0.0005022628187376333
1000000.0,140.89424666735442,5.204262127455906e-36,0.0005323502986029605,0.0005323491822293164
1000000.0,140.94424666735443,5.20415674925997e-36,0.0005659985988596169,0.0005659973478861695
1000000.0,140.99424666735442,5.2040613991252414e-36,0.0006036238168489201,0.0006036224153679169
1000000.0,141.04424666735443,5.203975122755525e-36,0.0006456888367579899,0.0006456872670101456
1000000.0,141.09424666735444,5.203897056667913e-36,0.00069270977137527,0.0006927080135368526
1000000.0,141.14424666735442,5.2038264195507615e-36,0.0007452620233777201,0.0007452600553233921
1000000.0,141.19424666735443,5.203762504444061e-36,0.0008039870312701956,0.0008039848283088705
1000000.0,141.24424666735442,5.203704671663941e-36,0.0008695997767874509,0.0008695973113681216
1000000.0,141.29424666735443,5.203652342400499e-36,0.0009428971391380322,0.0009428943805221814
1000000.0,141.34424666735444,5.203604992924878e-36,0.0010247671909860117,0.001024764104882839
1000000.0,141.39424666735442,5.203562149347612e-36,0.0011161995416428666,0.0011161960898031424
1000000.0,141.44424666735443,5.2035233828757797e-36,0.0012182968446877785,0.001218292984451668
1000000.0,141.49424666735442,5.2034883055215e-36,0.0013322876002834637,0.0013322832840771419
1000000.0,141.54424666735443,5.2034565662188225e-36,0.0014595403969516628,0.0014595355717269616
1000000.0,141.59424666735444,5.2034278473101375e-36,0.0016015797536697472,0.0016015743602804347
1000000.0,141.64424666735442,5.203401861366954e-36,0.0017601037410358115,0.0017600977135433886
1000000.0,141.69424666735443,5.203378348313219e-36,0.0019370035801097028,0.0019369968450108003
1000000.0,141.74424666735442,5.2033570728223864e-36,0.002134385439595385,0.0021343779149619775
1000000.0,141.79424666735443,5.2033378219621945e-36,0.002354594676531909,0.00235458627105456
1000000.0,141.84424666735444,5.203320403063563e-36,0.002600242792860568,0.0026002334047838557
1000000.0,141.89424666735442,5.203304641792301e-36,0.0028742374104534485,0.0028742269263914875
1000000.0,141.94424666735443,5.203290380404307e-36,0.0031798156007340744,0.003179803894352719
1000000.0,141.99424666735442,5.203277476166817e-36,0.003520580942272564,0.003520567872823384
1000000.0,142.04424666735443,5.203265799929885e-36,0.0039005447211082536,0.0039005301317977066
1000000.0,142.09424666735444,5.2032552348338067e-36,0.004324171734471487,0.004324155450646879
1000000.0,142.14424666735442,5.20324567513955e-36,0.00479643120957911,0.004796413036710875
1000000.0,142.19424666735443,5.203237025170482e-36,0.005322853405788005,0.005322833127225588
1000000.0,142.24424666735442,5.2032291983548036e-36,0.005909592531243595,0.005909569905719656
1000000.0,142.29424666735443,5.203222116359114e-36,0.006563496674950764,0.006563471433805661
1000000.0,142.34424666735444,5.20321570830442e-36,0.007292185532642884,0.007292157376738256
1000000.0,142.39424666735442,5.2032099100567554e-36,0.008104136790835256,0.008104105387122062
1000000.0,142.44424666735443,5.20320466358531e-36,0.009008782128896331,0.00900874710659889
1000000.0,142.49424666735442,5.2031999163816334e-36,0.010016613904927984,0.010016574851301266
1000000.0,142.54424666735443,5.203195620934116e-36,0.011139303708877847,0.011139260164490553
1000000.0,142.59424666735444,5.203191734252475e-36,0.012389834096826133,0.012389785550316848
1000000.0,142.64424666735442,5.203188217437494e-36,0.013782644965313336,0.013782590847561177
1000000.0,142.69424666735443,5.203185035291707e-36,0.01533379618537511,0.015333735863019827
1000000.0,142.74424666735442,5.203182155967129e-36,0.01706114829442694,0.01706108106266629
1000000.0,142.79424666735443,5.2031795506465126e-36,0.018984563242254563,0.018984488316838657
1000000.0,142.84424666735444,5.2031771932549324e-36,0.021126127407144847,0.02112604391547846
1000000.0,142.89424666735442,5.203175060198822e-36,0.023510399342193358,0.023510306313447246
1000000.0,142.94424666735443,5.2031731301298384e-36,0.026164684982512856,0.02616458133663426
1000000.0,142.99424666735442,5.203171383731203e-36,0.02911934334446586,0.0291192278799662
1000000.0,143.04424666735443,5.2031698035243706e-36,0.032408126081446054,0.0324079974618304
1000000.0,143.09424666735444,5.2031683736941e-36,0.03606855463054074,0.03606841136922871
1000000.0,143.14424666735442,5.2031670799301705e-36,0.040142339094914124,0.040142179538485256
1000000.0,143.19424666735443,5.2031659092841564e-36,0.04467584346208753,0.04467566577166582
1000000.0,143.24424666735442,5.20316485003984e-36,0.049720602263536515,0.04972040439410819
1000000.0,143.29424666735443,5.2031638915959474e-36,0.055333894341701946,0.055333674019138364
1000000.0,143.34424666735444,5.20316302436005e-36,0.06157938001231658,0.061579134707848336
1000000.0,143.39424666735442,5.2031622396525604e-36,0.06852780860010374,0.06852753550196466
1000000.0,143.44424666735443,5.2031615296198614e-36,0.07625780409131132,0.07625750007323996
1000000.0,143.49424666735442,5.2031608871557074e-36,0.08485673749574205,0.08485639908199363
1000000.0,143.54424666735443,5.203160305830101e-36,0.09442169545317353,0.09442131877965745
1000000.0,143.59424666735444,5.20315977982494e-36,0.10506055566388459,0.10506013643500034
1000000.0,143.64424666735442,5.203159303875789e-36,0.11689318088253427,0.11689271432323127
1000000.0,143.69424666735443,5.203158873219187e-36,0.13005274450042414,0.1300522253029593
1000000.0,143.74424666735442,5.20315848354498e-36,0.1446872021675342,0.144686624432343
1000000.0,143.79424666735443,5.2031581309531765e-36,0.16096092548816637,0.1609602826581993
1000000.0,143.84424666735444,5.203157811914919e-36,0.17905651557852262,0.17905580036632698
1000000.0,143.89424666735442,5.2031575232371667e-36,0.19917681622143926,0.19917602052818906
1000000.0,143.94424666735443,5.203157262030734e-36,0.22154714851210744,0.22154626333769392
1000000.0,143.99424666735442,5.20315702568138e-36,0.2464177912829218,0.2464168066261229
1000000.0,144.04424666735443,5.2031568118236406e-36,0.27406673425160216,0.27406563899923925
1000000.0,144.09424666735444,5.203156618317156e-36,0.30480273378117484,0.30480151558504637
1000000.0,144.14424666735442,5.203156443225248e-36,0.33896870440731564,0.33896734954756447
1000000.0,144.19424666735443,5.203156284795538e-36,0.3769454829103332,0.3769439761437582
1000000.0,144.24424666735442,5.203156141442408e-36,0.4191560057258581,0.4191543301175159
1000000.0,144.29424666735443,5.203156011731133e-36,0.4660699449435885,0.466068081679851
1000000.0,144.34424666735444,5.203155894363517e-36,0.5182088530820076,0.5182067812630408
1000000.0,144.39424666735442,5.203155788164907e-36,0.5761518723058244,0.5761495687152303
1000000.0,144.44424666735443,5.20315569207243e-36,0.6405420698261756,0.6405395086752923
1000000.0,144.49424666735442,5.203155605124362e-36,0.712093467958514,0.7120906206025966
1000000.0,144.54424666735443,5.203155526450496e-36,0.791598844782498,0.7915956794056952
1000000.0,144.59424666735444,5.203155455263439e-36,0.8799383896268029,0.8799348708925131
1000000.0,144.64424666735442,5.203155390850726e-36,0.978089306785198,0.9780853954480102
1000000.0,144.69424666735443,5.2031553325676924e-36,1.0871364710488476,1.0871321235238605
1000000.0,144.74424666735442,5.203155279831024e-36,1.2082842499261512,1.2082794178110035
1000000.0,144.79424666735443,5.203155232112912e-36,1.3428696199373031,1.342864249481737
1000000.0,144.84424666735444,5.203155188935779e-36,1.4923767182412029,1.4923707497584253
1000000.0,144.89424666735442,5.2031551498674936e-36,1.6584529862370894,1.6584463534505531
1000000.0,144.94424666735443,5.203155114517047e-36,1.8429270788337044,1.8429197081522588
1000000.0,144.99424666735442,5.20315508253064e-36,2.0478287319827198,2.047820541696286
1000000.0,145.04424666735443,5.203155053588142e-36,2.2754108020345503,2.2754017014216417
1000000.0,145.09424666735444,5.203155027399888e-36,2.528173713702236,2.5281636020396876
1000000.0,145.14424666735442,5.2031550037037746e-36,2.8088925791802266,2.8088813446444467
1000000.0,145.19424666735443,5.203154982262645e-36,3.120647279512131,3.120634797960028
1000000.0,145.24424666735442,5.2031549628619086e-36,3.4668558309491804,3.466841964565626
1000000.0,145.29424666735443,5.2031549453073964e-36,3.851311394130018,3.851295989927271
1000000.0,145.34424666735444,5.203154929423417e-36,4.2782233227908435,4.278206210943781
1000000.0,145.39424666735442,5.2031549150509977e-36,4.752262691830553,4.752243683829792
1000000.0,145.44424666735443,5.2031549020462955e-36,5.27861279232928,5.278591678932313
1000000.0,145.49424666735442,5.203154890279154e-36,5.863025134076468,5.863001683034791
1000000.0,145.54424666735443,5.2031548796318044e-36,6.511881554875312,6.511855508413126
1000000.0,145.59424666735444,5.2031548699976837e-36,7.232263100936,7.232234172953377
1000000.0,145.64424666735442,5.203154861280371e-36,8.032026414798136,8.03199428776864
1000000.0,145.69424666735443,5.20315485339262e-36,8.91988844713666,8.919852768666123
1000000.0,145.74424666735442,5.203154846255488e-36,9.905520397382826,9.905480776392356
1000000.0,145.79424666735443,5.203154839797544e-36,10.999651886283456,10.999607888775765
1000000.0,145.84424666735444,5.203154833954154e-36,12.214186472298232,12.214137616661901
1000000.0,145.89424666735442,5.2031548286668366e-36,13.562329744345917,13.562275496147263
1000000.0,145.94424666735443,5.203154823882674e-36,15.058731357028483,15.058671123235335
1000000.0,145.99424666735442,5.203154819553785e-36,16.719642522554693,16.719575645130153
1000000.0,146.04424666735443,5.2031548156368434e-36,18.563090637736295,18.563016386534024
1000000.0,146.09424666735444,5.2031548120926485e-36,20.60907290626338,20.60899047114838
1000000.0,146.14424666735442,5.2031548088857284e-36,22.879771018063884,22.879679500174593
1000000.0,146.19424666735443,5.203154805983987e-36,25.39978917087541,25.39968757293365
1000000.0,146.24424666735442,5.203154803358383e-36,28.19641796664932,28.196305182214736
1000000.0,146.29424666735443,5.203154800982638e-36,31.299926989719697,31.29980179127383
1000000.0,146.34424666735444,5.203154798832975e-36,34.743889177501245,34.743750203234164
1000000.0,146.39424666735442,5.20315479688788e-36,38.56554043131504,38.56538617047351
1000000.0,146.44424666735443,5.2031547951278845e-36,42.80617828804333,42.80600706468428
1000000.0,146.49424666735442,5.203154793535375e-36,47.51160388676277,47.511413841738936
1000000.0,146.54424666735443,5.203154792094413e-36,52.732611922726775,52.73240099371255
1000000.0,146.59424666735444,5.203154790790577e-36,58.52553378855435,58.52529968789898
1000000.0,146.64424666735442,5.2031547896108164e-36,64.95283966506027,64.9525798552328
1000000.0,146.69424666735443,5.2031547885433256e-36,72.0838059472579,72.08351761362233
1000000.0,146.74424666735442,5.20315478757742e-36,79.99525508149499,79.99493510212616
1000000.0,146.79424666735443,5.2031547867034324e-36,88.77237565482373,88.77202056704282
1000000.0,146.84424666735444,5.2031547859126155e-36,98.509631425047,98.50923738832088
1000000.0,146.89424666735442,5.203154785197055e-36,109.31176891914093,109.31133167395123
1000000.0,146.94424666735443,5.203154784549589e-36,121.29493426797603,121.2944490902208
1000000.0,146.99424666735442,5.2031547839637377e-36,134.587911097811,134.58737274825475
1000000.0,147.04424666735443,5.203154783433637e-36,149.33349257620796,149.3328952444437
1000000.0,147.09424666735444,5.2031547829539825e-36,165.69000212430447,165.6893393666329
1000000.0,147.14424666735442,5.203154782519973e-36,183.8329788749749,183.83224354554144
1000000.0,147.19424666735443,5.203154782127265e-36,203.957045692393,203.95622986685328
1000000.0,147.24424666735442,5.203154781771928e-36,226.27797949182488,226.27707438272856
1000000.0,147.29424666735443,5.203154781450406e-36,251.03500572960476,251.03400159260153
1000000.0,147.34424666735444,5.203154781159481e-36,278.4933412930132,278.4922273228873
1000000.0,147.39424666735442,5.2031547808962404e-36,308.94701263516333,308.9457768505957
1000000.0,147.44424666735443,5.203154780658051e-36,342.72197889612585,342.7206080119633
1000000.0,147.49424666735442,5.2031547804425285e-36,380.1795929599591,380.17807224563995
1000000.0,147.54424666735443,5.2031547802475156e-36,421.7204369522124,421.71875007484954
1000000.0,147.59424666735444,5.20315478007106e-36,467.78857261845,467.78670146891307
1000000.0,147.64424666735442,5.2031547799113974e-36,518.8762513864682,518.8741758866248
1000000.0,147.69424666735443,5.203154779766928e-36,575.5291337448756,575.526831633956
1000000.0,147.74424666735442,5.203154779636207e-36,638.3520729212657,638.3495195190919
1000000.0,147.79424666735443,5.2031547795179257e-36,708.0155237711454,708.0126917157255
1000000.0,147.84424666735444,5.2031547794109e-36,785.2626443517757,785.2595033084916
1000000.0,147.89424666735442,5.20315477931406e-36,870.9171649282231,870.913681267542
1000000.0,147.94424666735443,5.2031547792264346e-36,965.8921072116267,965.888243651936
1000000.0,147.99424666735442,5.2031547791471484e-36,1071.1994455497568,1071.1951607615551
1000000.0,148.04424666735443,5.203154779075407e-36,1187.9608116719828,1187.9560598392507
1000000.0,148.09424666735444,5.2031547790104926e-36,1317.4193555308061,1317.4140858649343
1000000.0,148.14424666735442,5.203154778951756e-36,1460.9528869051717,1460.9470431063228
1000000.0,148.19424666735443,5.2031547788986087e-36,1620.088435852469,1620.0819555126975
1000000.0,148.24424666735442,5.203154778850519e-36,1796.518384962578,1796.5111989044208
1000000.0,148.29424666735443,5.2031547788070057e-36,1992.118342836062,1992.1103743796389
1000000.0,148.34424666735444,5.203154778767633e-36,2208.9669464395165,2208.9581105904135
1000000.0,148.39424666735442,5.203154778732008e-36,2449.3678001921603,2449.358002741566
1000000.0,148.44424666735443,5.2031547786997723e-36,2715.8737820016095,2715.8629185292198
1000000.0,148.49424666735442,5.2031547786706045e-36,3011.3139712364996,3011.3019260057163
1000000.0,148.54424666735443,5.203154778644212e-36,3338.8234810614713,3338.810125795268
1000000.0,148.59424666735444,5.203154778620332e-36,3701.8765079319282,3701.8617004565226
1000000.0,148.64424666735442,5.203154778598724e-36,4104.3229446985,4104.306527440565
1000000.0,148.69424666735443,5.203154778579172e-36,4550.428941024137,4550.410739345787
1000000.0,148.74424666735442,5.203154778561481e-36,5044.921836075478,5044.901656429503
1000000.0,148.79424666735443,5.203154778545473e-36,5593.039934150305,5593.017562036324
1000000.0,148.84424666735444,5.2031547785309886e-36,6200.587644487639,6200.562842187677
1000000.0,148.89424666735442,5.203154778517883e-36,6873.996562552018,6873.969066621769
1000000.0,148.94424666735443,5.203154778506024e-36,7620.39313212246,7620.362650611905
1000000.0,148.99424666735442,5.203154778495294e-36,8447.673596221353,8447.639805595561
1000000.0,149.04424666735443,5.203154778485584e-36,9364.58702101704,9364.549562744882
1000000.0,149.09424666735444,5.2031547784767996e-36,10380.827261059525,10380.785737834538
1000000.0,149.14424666735442,5.20315477846885e-36,11507.134827523434,11507.088799077193
1000000.0,149.19424666735443,5.203154778461658e-36,12755.409724419102,12755.358702883257
1000000.0,149.24424666735442,5.2031547784551496e-36,14138.836432113741,14138.779876882136
1000000.0,149.29424666735443,5.203154778449261e-36,15672.022344186378,15671.95965622339
1000000.0,149.34424666735444,5.203154778443932e-36,17371.15110384584,17371.081619381403
1000000.0,149.39424666735442,5.20315477843911e-36,19254.152441467617,19254.075425012892
1000000.0,149.44424666735443,5.203154778434748e-36,21340.890286723603,21340.804923334195
1000000.0,149.49424666735442,5.2031547784308007e-36,23653.371119151885,23653.276505857648
1000000.0,149.54424666735443,5.2031547784272285e-36,26215.974731851657,26215.86986816347
1000000.0,149.59424666735444,5.203154778423997e-36,29055.70981632064,29055.59359371483
1000000.0,149.64424666735442,5.2031547784210725e-36,32202.497034938402,32202.368225208895
1000000.0,149.69424666735443,5.2031547784184264e-36,35689.48253368013,35689.33977603652
1000000.0,149.74424666735442,5.203154778416032e-36,39553.38516442422,39553.226951201
1000000.0,149.79424666735443,5.203154778413866e-36,43834.88103702855,43834.70569785609
1000000.0,149.84424666735444,5.2031547784119056e-36,48579.02940957583,48578.83509384783
1000000.0,149.89424666735442,5.203154778410132e-36,53835.74435524085,53835.52901269512
1000000.0,149.94424666735443,5.203154778408527e-36,59660.317120178224,59660.07847938803
1000000.0,149.99424666735442,5.2031547784070745e-36,66113.99461381671,66113.73015836817
1000000.0,150.04424666735443,5.203154778405761e-36,73264.62005652758,73264.32699863447
1000000.0,150.09424666735444,5.203154778404572e-36,81187.34245541993,81187.0177067006
1000000.0,150.14424666735442,5.2031547784034964e-36,89965.40229435147,89965.04243346304
1000000.0,150.19424666735443,5.203154778402523e-36,99691.00161587333,99690.6028526654
1000000.0,150.24424666735442,5.203154778401642e-36,110466.267549319,110465.82568513355
1000000.0,150.29424666735443,5.203154778400845e-36,122404.3193098247,122403.8296935277
1000000.0,150.34424666735444,5.203154778400124e-36,135630.4497670448,135629.9072463318
1000000.0,150.39424666735442,5.203154778399471e-36,150283.43387192613,150282.8327393939
1000000.0,150.44424666735443,5.203154778398881e-36,166516.97754631314,166516.31147973615
1000000.0,150.49424666735442,5.2031547783983466e-36,184501.3220976273,184500.58409381594
1000000.0,150.54424666735443,5.2031547783978635e-36,204425.0208347086,204424.20313626167
1000000.0,150.59424666735444,5.203154778397426e-36,226496.90634661107,226496.00036079864
1000000.0,150.64424666735442,5.20315477839703e-36,250948.2688839975,250947.26509293058
1000000.0,150.69424666735443,5.203154778396672e-36,278035.2684713939,278034.1563325453
1000000.0,150.74424666735442,5.203154778396348e-36,308041.6058015811,308040.37363762315
1000000.0,150.79424666735443,5.203154778396055e-36,341281.4796462927,341280.1145231054
1000000.0,150.84424666735444,5.2031547783957895e-36,378102.86148583825,378101.3490774181
1000000.0,150.89424666735442,5.2031547783955496e-36,418891.1213480279,418889.44578689465
1000000.0,150.94424666735443,5.2031547783953324e-36,464073.04248470074,464071.1861962444
1000000.0,150.99424666735442,5.203154778395136e-36,514121.26654156647,514119.2100606143
1000000.0,151.04424666735443,5.2031547783949576e-36,569559.2153362266,569556.9371039227
1000000.0,151.09424666735444,5.203154778394797e-36,630966.5402928417,630964.0164317293
1000000.0,151.14424666735442,5.2031547783946515e-36,698985.1560459437,698982.3601109125
1000000.0,151.19424666735443,5.20315477839452e-36,774325.9207716911,774322.8234742037
1000000.0,151.24424666735442,5.2031547783944e-36,857776.0324976214,857772.6014003545
1000000.0,151.29424666735443,5.203154778394293e-36,950207.2180519407,950203.4172306712
1000000.0,151.34424666735444,5.203154778394195e-36,1052584.799511418,1052580.5891806418
1000000.0,151.39424666735442,5.203154778394107e-36,1165977.7320860731,1165973.0681844733
1000000.0,151.44424666735443,5.203154778394027e-36,1291569.7174242267,1291564.5511556906
1000000.0,151.49424666735442,5.2031547783939546e-36,1430671.5074413582,1430665.7847667749
1000000.0,151.54424666735443,5.203154778393889e-36,1584734.5260873565,1584728.187161931
1000000.0,151.59424666735444,5.2031547783938296e-36,1755365.9500865438,1755358.9286367877
1000000.0,151.64424666735442,5.203154778393776e-36,1944345.4047679896,1944337.6274019263
1000000.0,151.69424666735443,5.203154778393728e-36,2153643.4477912635,2153634.8332347027
1000000.0,151.74424666735442,5.203154778393684e-36,2385442.0320448233,2385432.49029578
1000000.0,151.79424666735443,5.2031547783936446e-36,2642157.159444312,2642146.5908368123
1000000.0,151.84424666735444,5.2031547783936085e-36,2926463.9599811374,2926452.25414871
1000000.0,151.89424666735442,5.203154778393576e-36,3241324.455424573,3241311.490152683
1000000.0,151.94424666735443,5.203154778393546e-36,3590018.294797478,3590003.93475302
1000000.0,151.99424666735442,5.2031547783935196e-36,3976176.7794252723,3976160.8747499646
1000000.0,152.04424666735443,5.2031547783934956e-36,4403820.529321349,4403802.914074463
1000000.0,152.09424666735444,5.203154778393474e-36,4877401.180243262,4877381.670677561
1000000.0,152.14424666735442,5.203154778393454e-36,5401847.5423589,5401825.9350119475
1000000.0,152.19424666735443,5.203154778393437e-36,5982616.6974891815,5982592.767070254
1000000.0,152.24424666735442,5.203154778393421e-36,6625750.562839143,6625724.059889898
1000000.0,152.29424666735443,5.203154778393406e-36,7337938.505526086,7337909.153830769
1000000.0,152.34424666735444,5.2031547783933926e-36,8126586.654598402,8126554.148316799
1000000.0,152.39424666735442,5.2031547783933806e-36,8999894.62631912,8999858.626812613
1000000.0,152.44424666735443,5.20315477839337e-36,9966940.454908922,9966900.58722684
1000000.0,152.49424666735442,5.20315477839336e-36,11037774.605526805,11037730.454516688
1000000.0,152.54424666735443,5.203154778393351e-36,12223524.039897738,12223475.145899368
1000000.0,152.59424666735444,5.203154778393343e-36,13536507.408565708,13536453.262644365
1000000.0,152.64424666735442,5.203154778393336e-36,14990362.558431914,14990302.597101603
1000000.0,152.69424666735443,5.203154778393329e-36,16600187.67109985,16600121.270481968
1000000.0,152.74424666735442,5.203154778393323e-36,18382697.487957474,18382623.957314584
1000000.0,152.79424666735443,5.203154778393318e-36,20356396.23334886,20356314.80792678
1000000.0,152.84424666735444,5.203154778393313e-36,22541769.019100938,22541678.8522052
1000000.0,152.89424666735442,5.203154778393309e-36,24961493.704021987,24961393.858246867
1000000.0,152.94424666735443,5.203154778393305e-36,27640675.392552532,27640564.830072086
1000000.0,152.99424666735442,5.203154778393301e-36,30607105.989787314,30606983.56160821
1000000.0,153.04424666735443,5.203154778393298e-36,33891551.48803786,33891415.92210305
1000000.0,153.09424666735444,5.203154778393295e-36,37528069.94541402,37527919.83343447
1000000.0,153.14424666735442,5.2031547783932924e-36,41554363.4328045,41554197.21568321
1000000.0,153.19424666735443,5.20315477839329e-36,46012167.575067356,46011983.52676515
1000000.0,153.24424666735442,5.203154778393288e-36,50947682.698961064,50947478.90863785
1000000.0,153.29424666735443,5.203154778393286e-36,56412051.028390184,56411825.38063737
1000000.0,153.34424666735444,5.203154778393284e-36,62461884.840969525,62461634.99392986
1000000.0,153.39424666735442,5.2031547783932824e-36,69159851.02408645,69159574.38523564
1000000.0,153.44424666735443,5.203154778393281e-36,76575318.04843682,76575011.74777722
1000000.0,153.49424666735442,5.20315477839328e-36,84785072.01865269,84784732.87904291
1000000.0,153.54424666735443,5.2031547783932784e-36,93874109.17083168,93873733.675146
1000000.0,153.59424666735444,5.203154778393277e-36,103936512.9722425,103936097.22702213
1000000.0,153.64424666735442,5.2031547783932764e-36,115076424.84811717,115075964.54333837
1000000.0,153.69424666735443,5.203154778393276e-36,127409118.5223187,127408608.8868639
1000000.0,153.74424666735442,5.2031547783932744e-36,141062189.0231287,141061624.7755011
1000000.0,153.79424666735443,5.203154778393274e-36,156176868.5835366,156176243.87731168
1000000.0,153.84424666735444,5.203154778393273e-36,172909482.9683779,172908791.3318293
1000000.0,153.89424666735442,5.2031547783932724e-36,191433063.20322832,191432297.47250697
1000000.0,153.94424666735443,5.2031547783932724e-36,211939129.27547643,211938281.52065483
1000000.0,153.99424666735442,5.203154778393272e-36,234639664.14361703,234638725.58683762
1000000.0,154.04424666735443,5.203154778393271e-36,259769298.34493217,259768259.26981696
1000000.0,154.09424666735444,5.203154778393271e-36,287587727.6528416,287586577.3042317
1000000.0,154.14424666735442,5.2031547783932704e-36,318382388.62777305,318381115.10076565
1000000.0,154.19424666735443,5.2031547783932704e-36,352471419.55159426,352470009.66873586
1000000.0,154.24424666735442,5.20315477839327e-36,390206937.1638664,390205376.3392395
1000000.0,154.29424666735443,5.20315477839327e-36,431978662.8589432,431976934.9477476
1000000.0,154.34424666735444,5.203154778393269e-36,478217935.5868714,478216022.71895486
1000000.0,154.39424666735442,5.203154778393269e-36,529402152.6687168,529400035.06434137
1000000.0,154.44424666735443,5.203154778393269e-36,586059684.1250643,586057339.8910161
1000000.0,154.49424666735442,5.203154778393269e-36,648775310.9721153,648772715.8760617
1000000.0,154.54424666735443,5.2031547783932684e-36,718196243.3136153,718193370.5343876
1000000.0,154.59424666735444,5.2031547783932684e-36,795038779.9995067,795035599.8507471
1000000.0,154.64424666735442,5.2031547783932684e-36,880095678.2010025,880092157.8253304
1000000.0,154.69424666735443,5.2031547783932684e-36,974244308.5275207,974240411.5580803
1000000.0,154.74424666735442,5.2031547783932684e-36,1078455679.3616588,1078451365.547569
1000000.0,154.79424666735443,5.203154778393268e-36,1193804422.9980035,1193799647.7898617
1000000.0,154.84424666735444,5.203154778393268e-36,1321479846.024002,1321474560.11519
1000000.0,154.89424666735442,5.203154778393268e-36,1462798157.2879899,1462792306.107063
1000000.0,154.94424666735443,5.203154778393268e-36,1619215998.8613918,1619209522.01035
1000000.0,154.99424666735442,5.203154778393268e-36,1792345418.7486145,1792338249.381278
1000000.0,155.04424666735443,5.203154778393268e-36,1983970438.867922,1983962503.0020382
1000000.0,155.09424666735444,5.203154778393268e-36,2196065388.159103,2196056603.915119
1000000.0,155.14424666735442,5.203154778393268e-36,2430815188.753501,2430805465.5121927
1000000.0,155.19424666735443,5.203154778393268e-36,2690637803.1361046,2690627040.606417
1000000.0,155.24424666735442,5.203154778393268e-36,2978209072.3521595,2978197159.5396957
1000000.0,155.29424666735443,5.203154778393268e-36,3296490199.7921767,3296477013.8577495
1000000.0,155.34424666735444,5.203154778393267e-36,3648758162.160144,3648743567.156685
1000000.0,155.39424666735442,5.203154778393267e-36,4038639359.1960354,4038623204.670908
1000000.0,155.44424666735443,5.203154778393267e-36,4470146846.862146,4470128966.31052
1000000.0,155.49424666735442,5.203154778393267e-36,4947721535.368141,4947701744.521582
1000000.0,155.54424666735443,5.203154778393267e-36,5476277773.983495,5476255868.91621
1000000.0,155.59424666735444,5.203154778393267e-36,6061253789.450019,6061229544.483352
1000000.0,155.64424666735442,5.203154778393267e-36,6708667494.468652,6708640659.852344
1000000.0,155.69424666735443,5.203154778393267e-36,7425178237.651709,7425148536.998159
1000000.0,155.74424666735442,5.203154778393267e-36,8218155127.092064,8218122254.5373
1000000.0,155.79424666735443,5.203154778393267e-36,9095752626.936565,9095716243.998827
1000000.0,155.84424666735444,5.203154778393267e-36,10066994200.69408,10066953932.797813
1000000.0,155.89424666735442,5.203154778393267e-36,11141864857.299704,11141820289.92941
1000000.0,155.94424666735443,5.203154778393267e-36,12331413546.954142,12331364221.398605
1000000.0,155.99424666735442,5.203154778393267e-36,13647866454.43483,13647811863.078194
1000000.0,156.04424666735443,5.203154778393267e-36,15104752348.979572,15104691930.091015
1000000.0,156.09424666735444,5.203154778393267e-36,16717041273.021465,16716974404.99011
1000000.0,156.14424666735442,5.203154778393267e-36,18501297988.397476,18501223983.35353
1000000.0,156.19424666735443,5.203154778393267e-36,20475851749.417698,20475769846.174507
1000000.0,156.24424666735442,5.203154778393267e-36,22660984138.982124,22660893495.226856
1000000.0,156.29424666735443,5.203154778393267e-36,25079136888.497467,25079036572.150547
1000000.0,156.34424666735444,5.203154778393267e-36,27755141806.415024,27755030786.06984
1000000.0,156.39424666735442,5.203154778393267e-36,30716475166.083855,30716352300.42892
1000000.0,156.44424666735443,5.203154778393267e-36,33993539153.372738,33993403179.48807
1000000.0,156.49424666735442,5.203154778393267e-36,37619973250.83049,37619822771.23844
1000000.0,156.54424666735443,5.203154778393267e-36,41632998740.895515,41632832209.23362
1000000.0,156.59424666735444,5.203154778393267e-36,46073799848.703415,46073615553.87261
1000000.0,156.64424666735442,5.203154778393267e-36,50987945419.194305,50987741467.820526
1000000.0,156.69424666735443,5.203154778393267e-36,56425855436.92864,56425629733.958305
1000000.0,156.74424666735442,5.203154778393267e-36,62443317154.7073,62443067381.938225
1000000.0,156.79424666735443,5.203154778393267e-36,69102056103.50854,69101779695.83696
1000000.0,156.84424666735444,5.203154778393267e-36,76470367816.15215,76470061935.29266
1000000.0,156.89424666735442,5.203154778393267e-36,84623816716.80327,84623478222.21341
1000000.0,156.94424666735443,5.203154778393267e-36,93646009313.62944,93645634730.34137
1000000.0,156.99424666735442,5.203154778393267e-36,103629449589.94902,103629035072.9797
1000000.0,157.04424666735443,5.203154778393267e-36,114676485327.92522,114676026622.90132
1000000.0,157.09424666735444,5.203154778393267e-36,126900355026.12482,126899847425.7199
1000000.0,157.14424666735442,5.203154778393267e-36,140426346098.55505,140425784394.2941
1000000.0,157.19424666735443,5.203154778393267e-36,155393076177.52725,155392454606.46567
1000000.0,157.24424666735442,5.203154778393267e-36,171953910598.01266,171953222783.7459
1000000.0,157.29424666735443,5.203154778393267e-36,190278530530.0654,190277769417.4655
1000000.0,157.34424666735444,5.203154778393267e-36,210554667761.4038,210553825544.41718
1000000.0,157.39424666735442,5.203154778393267e-36,232990023831.71185,232989091873.48047
1000000.0,157.44424666735443,5.203154778393267e-36,257814393099.2239,257813361843.71402
1000000.0,157.49424666735442,5.203154778393267e-36,285282011398.78033,285280870273.017
1000000.0,157.54424666735443,5.203154778393267e-36,315674154250.338,315672891556.24646
1000000.0,157.59424666735444,5.203154778393267e-36,349302011119.41205,349300613914.162
1000000.0,157.64424666735442,5.203154778393267e-36,386509865044.8334,386508319008.4652
1000000.0,157.69424666735443,5.203154778393267e-36,427678610060.3211,427676899349.3023
1000000.0,157.74424666735442,5.203154778393267e-36,473229642277.9177,473227749363.13446
1000000.0,157.79424666735443,5.203154778393267e-36,523629164309.0196,523627069796.5514
1000000.0,157.84424666735444,5.203154778393267e-36,579392946908.1355,579390629340.983
1000000.0,157.89424666735442,5.203154778393267e-36,641091596383.1958,641089032021.939
1000000.0,157.94424666735443,5.203154778393267e-36,709356381466.8523,709353544047.0013
1000000.0,157.99424666735442,5.203154778393267e-36,784885679040.8026,784882539504.3657
1000000.0,158.04424666735443,5.203154778393267e-36,868452104408.7281,868448630607.2582
1000000.0,158.09424666735444,5.203154778393267e-36,960910398781.97,960906555148.0621
1000000.0,158.14424666735442,5.203154778393267e-36,1063206154354.1616,1063201901538.0499
1000000.0,158.19424666735443,5.203154778393267e-36,1176385465867.3599,1176380760334.9075
1000000.0,158.24424666735442,5.203154778393267e-36,1301605607003.7915,1301600400591.7764
1000000.0,158.29424666735443,5.203154778393267e-36,1440146840371.831,1440141079795.9907
1000000.0,158.34424666735444,5.203154778393267e-36,1593425481389.8088,1593419107700.6306
1000000.0,158.39424666735442,5.203154778393267e-36,1763008349136.8506,1763001297117.558
1000000.0,158.44424666735443,5.203154778393267e-36,1950628751353.0479,1950620948853.6475
1000000.0,158.49424666735442,5.203154778393267e-36,2158204166382.4055,2158195533583.0059
1000000.0,158.54424666735443,5.203154778393267e-36,2387855802122.982,2387846250718.8765
1000000.0,158.59424666735444,5.203154778393267e-36,2641930231140.6475,2641919663440.8584
1000000.0,158.64424666735442,5.203154778393267e-36,2923023322231.4,2923011630161.495
1000000.0,158.69424666735443,5.203154778393267e-36,3234006712075.5156,3233993776074.539
1000000.0,158.74424666735442,5.203154778393267e-36,3578057086464.038,3578042774264.3164
1000000.0,158.79424666735443,5.203154778393267e-36,3958688569161.909,3958672734439.3022
1000000.0,158.84424666735444,5.203154778393267e-36,4379788548069.1646,4379771028950.01
1000000.0,158.89424666735442,5.203154778393267e-36,4845657303308.419,4845637920717.971
1000000.0,158.94424666735443,5.203154778393267e-36,5361051840523.235,5361030396358.761
1000000.0,158.99424666735445,5.203154778393267e-36,5931234375430.461,5931210650540.409
1000000.0,159.04424666735443,5.203154778393267e-36,6562025962969.189,6561999714917.834
1000000.0,159.09424666735444,5.203154778393267e-36,7259865816686.777,7259836777281.59
1000000.0,159.14424666735442,5.203154778393267e-36,8031876921846.831,8031844794403.399
1000000.0,159.19424666735443,5.203154778393267e-36,8885938609735.46,8885903066052.11
1000000.0,159.24424666735445,5.203154778393267e-36,9830766831377.994,9830727508389.314
1000000.0,159.29424666735443,5.203154778393267e-36,10876002947155.318,10875959443230.537
1000000.0,159.34424666735444,5.203154778393267e-36,12032311935343.291,12032263806191.809
1000000.0,159.39424666735442,5.203154778393267e-36,13311491018311.848,13311437772454.266
1000000.0,159.44424666735443,5.203154778393267e-36,14726589811003.283,14726530904761.854
1000000.0,159.49424666735445,5.203154778393267e-36,16292043213348.922,16291978045306.406
1000000.0,159.54424666735443,5.203154778393267e-36,18023818397798.965,18023746302669.562
1000000.0,159.59424666735444,5.203154778393267e-36,19939577386315.31,19939497628165.277
1000000.0,159.64424666735442,5.203154778393267e-36,22058856869537.035,22058768634286.027
1000000.0,159.69424666735443,5.203154778393267e-36,24403267096010.387,24403169483137.23
1000000.0,159.74424666735445,5.203154778393267e-36,26996711853012.992,26996603866381.555
1000000.0,159.79424666735443,5.203154778393267e-36,29865631774778.203,29865512312490.03
1000000.0,159.84424666735444,5.203154778393267e-36,33039273450794.62,33039141293965.13
1000000.0,159.89424666735442,5.203154778393267e-36,36549987068843.805,36549840869187.93
1000000.0,159.94424666735443,5.203154778393267e-36,40433555617252.7,40433393883353.7
1000000.0,159.99424666735445,5.203154778393267e-36,44729558991177.04,44729380073298.91
1000000.0,160.04424666735443,5.203154778393267e-36,49481776702209.04,49481578775498.086
1000000.0,160.09424666735444,5.203154778393267e-36,54738633282448.54,54738414328353.33
1000000.0,160.14424666735442,5.203154778393267e-36,60553690907568.67,60553448693289.47
1000000.0,160.19424666735443,5.203154778393267e-36,66986194242821.69,66985926298580.61
1000000.0,160.24424666735445,5.203154778393267e-36,74101673045833.7,74101376639734.34
1000000.0,160.29424666735443,5.203154778393267e-36,81972608646399.3,81972280756620.48
1000000.0,160.34424666735444,5.203154778393267e-36,90679171071654.0,90678808355695.16
1000000.0,160.39424666735442,5.203154778393267e-36,100310034301881.06,100309633062546.34
1000000.0,160.44424666735443,5.203154778393267e-36,110963277935199.25,110962834082975.22
1000000.0,160.49424666735445,5.203154778393267e-36,122747384415869.02,122746893427313.34
1000000.0,160.54424666735443,5.203154778393267e-36,135782341950816.4,135781798822534.88
1000000.0,160.59424666735444,5.203154778393267e-36,150200864311044.03,150200263508788.44
1000000.0,160.64424666735442,5.203154778393267e-36,166149739900299.44,166149075302669.06
1000000.0,160.69424666735443,5.203154778393267e-36,183791323784941.53,183790588621116.75
1000000.0,160.74424666735445,5.203154778393267e-36,203305187828595.38,203304374609470.53
1000000.0,160.79424666735443,5.203154778393267e-36,224889945679240.47,224889046121256.88
1000000.0,160.84424666735444,5.203154778393267e-36,248765271129450.22,248764276070355.8
1000000.0,160.89424666735442,5.203154778393267e-36,275174130331467.88,275173029637147.9
1000000.0,160.94424666735443,5.203154778393267e-36,304385250517914.3,304384032979347.3
1000000.0,160.99424666735445,5.203154778393267e-36,336695850276349.1,336694503495641.6
1000000.0,161.04424666735443,5.203154778393267e-36,372434659078652.5,372433169342995.6
1000000.0,161.09424666735444,5.203154778393267e-36,411965256698408.5,411963608840677.44
1000000.0,161.14424666735442,5.203154778393267e-36,455689766392369.3,455687943636949.3
1000000.0,161.19424666735443,5.203154778393267e-36,504052939309138.06,504050923101413.25
1000000.0,161.24424666735445,5.203154778393267e-36,557546671552759.94,557544441370534.0
1000000.0,161.29424666735443,5.203154778393267e-36,616714999715627.0,616712532860561.9
1000000.0,161.34424666735444,5.203154778393267e-36,682159625543881.4,682156896910836.4
1000000.0,161.39424666735442,5.203154778393267e-36,754546025760958.4,754543007582891.8
1000000.0,161.44424666735443,5.203154778393267e-36,834610209006376.2,834606870572217.1
1000000.0,161.49424666735445,5.203154778393267e-36,923166188402466.2,923162495745098.1
1000000.0,161.54424666735443,5.203154778393267e-36,1021114245515311.0,1021110161066498.0
1000000.0,161.59424666735444,5.203154778393267e-36,1129450069493587.5,1129445551702345.2
1000000.0,161.64424666735442,5.203154778393267e-36,1249274864035760.2,1249269866946298.5
1000000.0,161.69424666735443,5.203154778393267e-36,1381806524643429.5,1381800997428385.5
1000000.0,161.74424666735445,5.203154778393267e-36,1528391999457922.5,1528385885902151.8
1000000.0,161.79424666735443,5.203154778393267e-36,1690520958970224.0,1690514196899912.5
1000000.0,161.84424666735444,5.203154778393267e-36,1869840913150315.0,1869833433801621.2
1000000.0,161.89424666735442,5.203154778393267e-36,2068173929201856.2,2068165656522685.0
1000000.0,161.94424666735443,5.203154778393267e-36,2287535119363059.0,2287525969240882.0
1000000.0,161.99424666735445,5.203154778393267e-36,2530153086095241.5,2530142965503138.0
1000000.0,162.04424666735443,5.203154778393267e-36,2798492531828560.5,2798481337880821.5
1000000.0,162.09424666735444,5.203154778393267e-36,3095279262350037.5,3095266881257751.0
1000000.0,162.14424666735442,5.203154778393267e-36,3423527837155244.5,3423514143071285.0
1000000.0,162.19424666735443,5.203154778393267e-36,3786572146891968.5,3786557000633674.0
1000000.0,162.24424666735445,5.203154778393267e-36,4188099227650394.0,4188082475286988.0
1000000.0,162.29424666735443,5.203154778393267e-36,4632186654633615.0,4632168125924055.0
1000000.0,162.34424666735444,5.203154778393267e-36,5123343893971979.0,5123323400637390.0
1000000.0,162.39424666735442,5.203154778393267e-36,5666558031510598.0,5666535365323804.0
1000000.0,162.44424666735443,5.203154778393267e-36,6267344341713876.0,6267319272386648.0
1000000.0,162.49424666735445,5.203154778393267e-36,6931802208805778.0,6931774481652398.0
1000000.0,162.54424666735443,5.203154778393267e-36,7666676966450456.0,7666646299803925.0
1000000.0,162.59424666735444,5.203154778393267e-36,8479428282167123.0,8479394364521830.0
1000000.0,162.64424666735442,5.203154778393267e-36,9378305778902478.0,9378268265754390.0
1000000.0,162.69424666735443,5.203154778393267e-36,1.0372432659435726e+16,1.0372391169788066e+16
1000000.0,162.74424666735445,5.203154778393267e-36,1.1471898180245096e+16,1.1471852292744152e+16
1000000.0,162.79424666735443,5.203154778393267e-36,1.268785991103179e+16,1.268780915969365e+16
1000000.0,162.84424666735444,5.203154778393267e-36,1.403265681508958e+16,1.4032600684574582e+16
1000000.0,162.89424666735442,5.203154778393267e-36,1.5519934295179542e+16,1.551987221556652e+16
1000000.0,162.94424666735443,5.203154778393267e-36,1.7164782470646066e+16,1.7164713811653506e+16
1000000.0,162.99424666735445,5.203154778393267e-36,1.8983889085316004e+16,1.898381314991153e+16
1000000.0,163.04424666735443,5.203154778393267e-36,2.099570859376278e+16,2.099562461109637e+16
1000000.0,163.09424666735444,5.203154778393267e-36,2.3220649137134096e+16,2.3220556254723316e+16
1000000.0,163.14424666735442,5.203154778393267e-36,2.568127930067545e+16,2.5681176575763696e+16
1000000.0,163.19424666735443,5.203154778393267e-36,2.8402556745194704e+16,2.8402443135194948e+16
1000000.0,163.24424666735445,5.203154778393267e-36,3.141208102586141e+16,3.1411955377788604e+16
1000000.0,163.29424666735443,5.203154778393267e-36,3.47403731564049e+16,3.47402341951902e+16
1000000.0,163.34424666735444,5.203154778393267e-36,3.8421184747187544e+16,3.842103106275593e+16
1000000.0,163.39424666735442,5.203154778393267e-36,4.249183984465694e+16,4.2491669877637496e+16
1000000.0,163.44424666735443,5.203154778393267e-36,4.699361293040226e+16,4.699342495632648e+16
1000000.0,163.49424666735445,5.203154778393267e-36,5.197214690352086e+16,5.1971939015349016e+16
1000000.0,163.54424666735443,5.203154778393267e-36,5.747791527435193e+16,5.7477685363150664e+16
1000000.0,163.59424666735444,5.203154778393267e-36,6.356673324451872e+16,6.356647897809427e+16
1000000.0,163.64424666735442,5.203154778393267e-36,7.0300322842391096e+16,7.030004164166212e+16
1000000.0,163.69424666735443,5.203154778393267e-36,7.774693782962171e+16,7.774662684249237e+16
1000000.0,163.74424666735445,5.203154778393267e-36,8.598205469837989e+16,8.598171077084896e+16
1000000.0,163.79424666735443,5.203154778393267e-36,9.508913674711226e+16,9.5088756391326e+16
1000000.0,163.84424666735444,5.203154778393267e-36,1.0516047896113803e+17,1.0516005832006346e+17
1000000.0,163.89424666735442,5.203154778393267e-36,1.1629814224099709e+17,1.1629767704935851e+17
1000000.0,163.94424666735443,5.203154778393267e-36,1.2861498642460859e+17,1.2861447196569182e+17
1000000.0,163.99424666735445,5.203154778393267e-36,1.4223581254733422e+17,1.4223524360522192e+17
1000000.0,164.04424666735443,5.203154778393267e-36,1.572986258881928e+17,1.5729799669494765e+17
1000000.0,164.09424666735444,5.203154778393267e-36,1.739560325707456e+17,1.7395533674800698e+17
1000000.0,164.14424666735442,5.203154778393267e-36,1.9237678383652637e+17,1.9237601433093005e+17
1000000.0,164.19424666735443,5.203154778393267e-36,2.127474836012103e+17,2.127466326129779e+17
1000000.0,164.24424666735445,5.203154778393267e-36,2.352744765528178e+17,2.3527353545679376e+17
1000000.0,164.29424666735443,5.203154778393267e-36,2.6018593587567194e+17,2.601848951340099e+17
1000000.0,164.34424666735444,5.203154778393267e-36,2.87734171700099e+17,2.8773302076571408e+17
1000000.0,164.39424666735442,5.203154778393267e-36,3.1819818360737805e+17,3.181969108171892e+17
1000000.0,164.44424666735443,5.203154778393267e-36,3.518864829851728e+17,3.5188507544205594e+17
1000000.0,164.49424666735445,5.203154778393267e-36,3.891402137533963e+17,3.8913865719565434e+17
1000000.0,164.54424666735443,5.203154778393267e-36,4.3033660299483616e+17,4.303348816518669e+17
1000000.0,164.59424666735444,5.203154778393267e-36,4.758927763561697e+17,4.758908727888715e+17
1000000.0,164.64424666735442,5.203154778393267e-36,5.2626997676859776e+17,5.2626787169290074e+17
1000000.0,164.69424666735443,5.203154778393267e-36,5.819782291111187e+17,5.819759012028581e+17
1000000.0,164.74424666735445,5.203154778393267e-36,6.435814979411461e+17,6.43578923620303e+17
1000000.0,164.79424666735443,5.203154778393267e-36,7.117033903973074e+17,7.117005435894394e+17
1000000.0,164.84424666735444,5.203154778393267e-36,7.870334618829802e+17,7.87030313755429e+17
1000000.0,164.89424666735442,5.203154778393267e-36,8.703341882247803e+17,8.7033070689499e+17
1000000.0,164.94424666735443,5.203154778393267e-36,9.624486747304595e+17,9.624448249434604e+17
1000000.0,164.99424666735445,5.203154778393267e-36,1.0643091800076965e+18,1.0643049227794911e+18
1000000.0,165.04424666735443,5.203154778393267e-36,1.1769465406327022e+18,1.1769418328559552e+18
1000000.0,165.09424666735444,5.203154778393267e-36,1.3015005918497782e+18,1.301495385857823e+18
1000000.0,165.14424666735442,5.203154778393267e-36,1.4392316895365663e+18,1.439225932621322e+18
1000000.0,165.19424666735443,5.203154778393267e-36,1.591533449787952e+18,1.591527083666885e+18
1000000.0,165.24424666735445,5.203154778393267e-36,1.7599468347573599e+18,1.7599397949841006e+18
1000000.0,165.29424666735443,5.203154778393267e-36,1.9461757269854518e+18,1.946167942298113e+18
1000000.0,165.34424666735444,5.203154778393267e-36,2.1521041494660326e+18,2.152095541066652e+18
1000000.0,165.39424666735442,5.203154778393267e-36,2.3798153053065795e+18,2.379805786064397e+18
1000000.0,165.44424666735443,5.203154778393267e-36,2.631612629207003e+18,2.6316021027775396e+18
1000000.0,165.49424666735445,5.203154778393267e-36,2.910043063274867e+18,2.9100314231258947e+18
1000000.0,165.54424666735443,5.203154778393267e-36,3.2179227921461253e+18,3.2179099204807e+18
1000000.0,165.59424666735444,5.203154778393267e-36,3.5583656971908147e+18,3.5583514637564933e+18
1000000.0,165.64424666735442,5.203154778393267e-36,3.934814817015978e+18,3.9347990777881887e+18
1000000.0,165.69424666735443,5.203154778393267e-36,4.351077131815502e+18,4.3510597275417836e+18
1000000.0,165.74424666735445,5.203154778393267e-36,4.811362022638953e+18,4.811342777229354e+18
1000000.0,165.79424666735443,5.203154778393267e-36,5.320323793735242e+18,5.32030251248263e+18
1000000.0,165.84424666735444,5.203154778393267e-36,5.883108687107408e+18,5.883085154719724e+18
1000000.0,165.89424666735442,5.203154778393267e-36,6.505406863726814e+18,6.505380842151404e+18
1000000.0,165.94424666735443,5.203154778393267e-36,7.193509875963878e+18,7.193481101981922e+18
1000000.0,165.99424666735445,5.203154778393267e-36,7.954374211161317e+18,7.95434239372811e+18
1000000.0,166.04424666735443,5.203154778393267e-36,8.795691547526731e+18,8.795656364830906e+18
1000000.0,166.09424666735444,5.203154778393267e-36,9.725966431207414e+18,9.725927527419496e+18
1000000.0,166.14424666735442,5.203154778393267e-36,1.0754602158249607e+19,1.0754559139927011e+19
1000000.0,166.19424666735443,5.203154778393267e-36,1.1891995727906148e+19,1.1891948160018373e+19
1000000.0,166.24424666735445,5.203154778393267e-36,1.314964282520425e+19,1.3149590226738147e+19
1000000.0,166.29424666735443,5.203154778393267e-36,1.4540253891847234e+19,1.454019573094799e+19
1000000.0,166.34424666735444,5.203154778393267e-36,1.6077882456312779e+19,1.6077818144911577e+19
1000000.0,166.39424666735442,5.203154778393267e-36,1.7778067017612659e+19,1.7777995905486811e+19
1000000.0,166.44424666735443,5.203154778393267e-36,1.965798791386352e+19,1.9657909282069127e+19
1000000.0,166.49424666735445,5.203154778393267e-36,2.1736640757847704e+19,2.1736553811458564e+19
1000000.0,166.54424666735443,5.203154778393267e-36,2.403502818881278e+19,2.40349320488923e+19
1000000.0,166.59424666735444,5.203154778393267e-36,2.6576371874378863e+19,2.657626556910398e+19
1000000.0,166.64424666735442,5.203154778393267e-36,2.938634690054822e+19,2.938622935539571e+19
1000000.0,166.69424666735443,5.203154778393267e-36,3.2493340913542787e+19,3.249321094043908e+19
1000000.0,166.74424666735445,5.203154778393267e-36,3.592874062661144e+19,3.5928596911936373e+19
1000000.0,166.79424666735443,5.203154778393267e-36,3.972724858085472e+19,3.9727089672178205e+19
1000000.0,166.84424666735444,5.203154778393267e-36,4.392723335399705e+19,4.3927057645415055e+19
1000000.0,166.89424666735442,5.203154778393267e-36,4.857111674813237e+19,4.857092246405394e+19
1000000.0,166.94424666735443,5.203154778393267e-36,5.370580186023483e+19,5.370558703745702e+19
1000000.0,166.99424666735445,5.203154778393267e-36,5.938314635110563e+19,5.938290881899529e+19
1000000.0,167.04424666735443,5.203154778393267e-36,6.56604856840435e+19,6.566022304262605e+19
1000000.0,167.09424666735444,5.203154778393267e-36,7.26012116079901e+19,7.260092120372449e+19
1000000.0,167.14424666735442,5.203154778393267e-36,8.02754117165525e+19,8.027509061554785e+19
1000000.0,167.19424666735443,5.203154778393267e-36,8.876057652985694e+19,8.87602214882609e+19
1000000.0,167.24424666735445,5.203154778393267e-36,9.814238122631533e+19,9.814198865757558e+19
1000000.0,167.29424666735443,5.203154778393267e-36,1.0851554990373595e+20,1.0851511584240445e+20
1000000.0,167.34424666735444,5.203154778393267e-36,1.1998481108055374e+20,1.199843311422693e+20
1000000.0,167.39424666735442,5.203154778393267e-36,1.3266595406712183e+20,1.3266542340436687e+20
1000000.0,167.44424666735443,5.203154778393267e-36,1.4668699685341782e+20,1.466864101066039e+20
1000000.0,167.49424666735445,5.203154778393267e-36,1.6218947728255277e+20,1.6218882852594113e+20
1000000.0,167.54424666735443,5.203154778393267e-36,1.7932988052174193e+20,1.793291632036545e+20
1000000.0,167.59424666735444,5.203154778393267e-36,1.9828121721509557e+20,1.9828042409181295e+20
1000000.0,167.64424666735442,5.203154778393267e-36,2.1923476822027734e+20,2.1923389128295835e+20
1000000.0,167.69424666735443,5.203154778393267e-36,2.4240201350932408e+20,2.4240104390320928e+20
1000000.0,167.74424666735445,5.203154778393267e-36,2.680167646681953e+20,2.6801569260328082e+20
1000000.0,167.79424666735443,5.203154778393267e-36,2.9633752248075675e+20,2.9633633713303755e+20
1000000.0,167.84424666735444,5.203154778393267e-36,3.276500833493596e+20,3.276487727516475e+20
1000000.0,167.89424666735442,5.203154778393267e-36,3.6227042081002226e+20,3.622689717312372e+20
1000000.0,167.94424666735443,5.203154778393267e-36,4.005478711711044e+20,4.0054626898282414e+20
1000000.0,167.99424666735445,5.203154778393267e-36,4.4286865536589464e+20,4.428668838948161e+20
1000000.0,168.04424666735443,5.203154778393267e-36,4.896597724960159e+20,4.896578138608432e+20
1000000.0,168.09424666735444,5.203154778393267e-36,5.4139330428454856e+20,5.413911387156625e+20
1000000.0,168.14424666735442,5.203154778393267e-36,5.985911737949266e+20,5.985887794350201e+20
1000000.0,168.19424666735443,5.203154778393267e-36,6.61830406346398e+20,6.618277590300673e+20
1000000.0,168.24424666735445,5.203154778393267e-36,7.317489456113397e+20,7.317460186214113e+20
1000000.0,168.29424666735443,5.203154778393267e-36,8.09052083470698e+20,8.090488472688367e+20
1000000.0,168.34424666735444,5.203154778393267e-36,8.945195683816757e+20,8.945159903105581e+20
1000000.0,168.39424666735442,5.203154778393267e-36,9.890134638419473e+20,9.890095077960041e+20
1000000.0,168.44424666735443,5.203154778393267e-36,1.0934868360872277e+21,1.0934824621486312e+21
1000000.0,168.49424666735445,5.203154778393267e-36,1.2089933585034985e+21,1.2089885225397364e+21
1000000.0,168.54424666735443,5.203154778393267e-36,1.3366979294653304e+21,1.336692582684306e+21
1000000.0,168.59424666735444,5.203154778393267e-36,1.4778884105105787e+21,1.4778824989687598e+21
1000000.0,168.64424666735442,5.203154778393267e-36,1.6339886030374e+21,1.6339820670960594e+21
1000000.0,168.69424666735443,5.203154778393267e-36,1.806572594177629e+21,1.806565367901705e+21
1000000.0,168.74424666735445,5.203154778393267e-36,1.9973806162759265e+21,1.99737262676944e+21
1000000.0,168.79424666735443,5.203154778393267e-36,2.208336579641337e+21,2.2083277463126852e+21
1000000.0,168.84424666735444,5.203154778393267e-36,2.441567455074264e+21,2.441557688823976e+21
1000000.0,168.89424666735442,5.203154778393267e-36,2.6994247012855594e+21,2.69941390360835e+21
1000000.0,168.94424666735443,5.203154778393267e-36,2.984507952906529e+21,2.984496014898593e+21
1000000.0,168.99424666735445,5.203154778393267e-36,3.2996912075284577e+21,3.299678008790025e+21
1000000.0,169.04424666735443,5.203154778393267e-36,3.6481517753631533e+21,3.648137182785237e+21
1000000.0,169.09424666735444,5.203154778393267e-36,4.0334022829082747e+21,4.033386149331411e+21
1000000.0,169.14424666735442,5.203154778393267e-36,4.459326052727349e+21,4.459308215458812e+21
1000000.0,169.19424666735443,5.203154778393267e-36,4.930216215429202e+21,4.930196494603781e+21
1000000.0,169.24424666735445,5.203154778393267e-36,5.450818947468131e+21,5.450797144235948e+21
1000000.0,169.29424666735443,5.203154778393267e-36,6.026381269905361e+21,6.026357164428492e+21
1000000.0,169.34424666735444,5.203154778393267e-36,6.662703889148057e+21,6.662677238385802e+21
1000000.0,169.39424666735442,5.203154778393267e-36,7.366199611400298e+21,7.366170146660783e+21
1000000.0,169.44424666735443,5.203154778393267e-36,8.143957918640632e+21,8.143925342874109e+21
1000000.0,169.49424666735445,5.203154778393267e-36,9.003816355899311e+21,9.003780340705917e+21
1000000.0,169.54424666735443,5.203154778393267e-36,9.954439448140664e+21,9.954399630462508e+21
1000000.0,169.59424666735444,5.203154778393267e-36,1.1005405940778241e+22,1.1005361919242522e+22
1000000.0,169.64424666735442,5.203154778393267e-36,1.2167305241564658e+22,1.2167256572441032e+22
1000000.0,169.69424666735443,5.203154778393267e-36,1.3451844034162558e+22,1.345179022689404e+22
1000000.0,169.74424666735445,5.203154778393267e-36,1.487196413596905e+22,1.487190464823148e+22
1000000.0,169.79424666735443,5.203154778393267e-36,1.6441972785881106e+22,1.64419070181215e+22
