k_h_mpc,pk_z49_mpc_over_h3,pk_z0_mpc_over_h3
1.00000000000000002e-03,2.35607940559508622e+00,3.81464734149998822e+03
1.00450736425446250e-03,2.36617602762201784e+00,3.83066138136712834e+03
1.00903504484144732e-03,2.37631456293879983e+00,3.84673865697929386e+03
1.01358313333406577e-03,2.38649516442133125e+00,3.86287935185662309e+03
1.01815172171818187e-03,2.39671799217258874e+00,3.87908373102919768e+03
1.02274090239427374e-03,2.40698320915895625e+00,3.89535208896859740e+03
1.02735076817930251e-03,2.41729097889553923e+00,3.91168472197594429e+03
1.03198141230858849e-03,2.42764146527367863e+00,3.92808192544872600e+03
1.03663292843769804e-03,2.43803482754239820e+00,3.94454391438004768e+03
1.04130541064433686e-03,2.44847121940937429e+00,3.96107080914775042e+03
1.04599895343025361e-03,2.45895079460519250e+00,3.97766272367326746e+03
1.05071365172315027e-03,2.46947370721051263e+00,3.99431977059722522e+03
1.05544960087860292e-03,2.48004011366770394e+00,4.01104208837300621e+03
1.06020689668198990e-03,2.49065017891617346e+00,4.02782992388895264e+03
1.06498563535042902e-03,2.50130407046127212e+00,4.04468355252529818e+03
1.06978591353472374e-03,2.51200195636556556e+00,4.06160325107958988e+03
1.07460782832131735e-03,2.52274400490777229e+00,4.07858929557188276e+03
1.07945147723425856e-03,2.53353037864313624e+00,4.09564192302822448e+03
1.08431695823717092e-03,2.54436123506529865e+00,4.11276133575840686e+03
1.08920436973523665e-03,2.55523673183559374e+00,4.12994773501348845e+03
1.09411381057718574e-03,2.56615702696511061e+00,4.14720132215964441e+03
1.09904538005729520e-03,2.57712227873623378e+00,4.16452229824531878e+03
1.10399917791739765e-03,2.58813264554908828e+00,4.18191086315528719e+03
1.10897530434889862e-03,2.59918828610385777e+00,4.19936721661694173e+03
1.11397385999480246e-03,2.61028935944094709e+00,4.21689155842304990e+03
1.11899494595174846e-03,2.62143602563571321e+00,4.23448408915539949e+03
1.12403866377205571e-03,2.63262845351815766e+00,4.25214501826300511e+03
1.12910511546577565e-03,2.64386681799475154e+00,4.26987456125030440e+03
1.13419440350275686e-03,2.65515129466046496e+00,4.28767293403024178e+03
1.13930663081471674e-03,2.66648205966749785e+00,4.30554035288015257e+03
1.14444190079732297e-03,2.67785928326858969e+00,4.32347704590311332e+03
1.14960031731228601e-03,2.68928312205799003e+00,4.34148326679296588e+03
1.15478198468945835e-03,2.70075373101239169e+00,4.35955927345318378e+03
1.15998700772894478e-03,2.71227126531738527e+00,4.37770532475403979e+03
1.16521549170322310e-03,2.72383588026807022e+00,4.39592167318886732e+03
1.17046754235927220e-03,2.73544773055101587e+00,4.41420851058062544e+03
1.17574326592071094e-03,2.74710697063406606e+00,4.43256599788641688e+03
1.18104276908994710e-03,2.75881375515858718e+00,4.45099429515416887e+03
1.18636615905033443e-03,2.77056823915705452e+00,4.46949356222133429e+03
1.19171354346834200e-03,2.78237059277428544e+00,4.48806399194949881e+03
1.19708503049572993e-03,2.79422101095431286e+00,4.50670583207179334e+03
1.20248072877173861e-03,2.80611969172520448e+00,4.52541933613426318e+03
1.20790074742528424e-03,2.81806683399826641e+00,4.54420475851813171e+03
1.21334519607716775e-03,2.83006263232319144e+00,4.56306234763655721e+03
1.21881418484228983e-03,2.84210725065111536e+00,4.58199231192101797e+03
1.22430782433187967e-03,2.85420084157643039e+00,4.60099484478289651e+03
1.22982622565573200e-03,2.86634355774715122e+00,4.62007013940876732e+03
1.23536950042445323e-03,2.87853555190926214e+00,4.63921838932331593e+03
1.24093776075171955e-03,2.89077697791460064e+00,4.65843980673255101e+03
1.24653111925654468e-03,2.90306799097765600e+00,4.67773462723283137e+03
1.25214968906555671e-03,2.91540874648809822e+00,4.69710308833431918e+03
1.25779358381528724e-03,2.92779939992925931e+00,4.71654542804977427e+03
1.26346291765446861e-03,2.94024011078558134e+00,4.73606188006635875e+03
1.26915780524634327e-03,2.95273105566931715e+00,4.75565265754193297e+03
1.27487836177098265e-03,2.96527241623517535e+00,4.77531796802577537e+03
1.28062470292761711e-03,2.97786437465405873e+00,4.79505801904183681e+03
1.28639694493697457e-03,2.99050711344464482e+00,4.81487301864028814e+03
1.29219520454363344e-03,3.00320081219346235e+00,4.83476318620967231e+03
1.29801959901838120e-03,3.01594564771788720e+00,4.85472875192868833e+03
1.30387024616058817e-03,3.02874179711332303e+00,4.87476994671017383e+03
1.30974726430058987e-03,3.04158943787298996e+00,4.89488700179292755e+03
1.31565077230207821e-03,3.05448874538492809e+00,4.91508013638450484e+03
1.32158088956450879e-03,3.06743988746707874e+00,4.93534953069034418e+03
1.32753773602551262e-03,3.08044303059263802e+00,4.95569535666704269e+03
1.33352143216332406e-03,3.09349834142524927e+00,4.97611778560671246e+03
1.33953209899921664e-03,3.10660598659212051e+00,4.99661699311269967e+03
1.34556985809995092e-03,3.11976612993223101e+00,5.01719322021092739e+03
1.35163483158023284e-03,3.13297893330680877e+00,5.03784675521785175e+03
1.35772714210518394e-03,3.14624455862153374e+00,5.05857788867847830e+03
1.36384691289282269e-03,3.15956316788704950e+00,5.07938691225037292e+03
1.36999426771655468e-03,3.17293492851569603e+00,5.10027407995615067e+03
1.37616933090767887e-03,3.18636002050430012e+00,5.12123955567552912e+03
1.38237222735789985e-03,3.19983862599106272e+00,5.14228348951303724e+03
1.38860308252185434e-03,3.21337092751735032e+00,5.16340603049039328e+03
1.39486202241964987e-03,3.22695710616767562e+00,5.18460733397909553e+03
1.40114917363941163e-03,3.24059732649783161e+00,5.20588762204569957e+03
1.40746466333984332e-03,3.25429174412564803e+00,5.22724715299203581e+03
1.41380861925280064e-03,3.26804051451253308e+00,5.24868618614884417e+03
1.42018116968587165e-03,3.28184379315631292e+00,5.27020498118486648e+03
1.42658244352497458e-03,3.29570174514816339e+00,5.29180376820257607e+03
1.43301257023696268e-03,3.30961455252374925e+00,5.31348272475419890e+03
1.43947167987224433e-03,3.32358239936686672e+00,5.33524202243424497e+03
1.44595990306741157e-03,3.33760547014459164e+00,5.35708183207267575e+03
1.45247737104788380e-03,3.35168394748505483e+00,5.37900232871223034e+03
1.45902421563056067e-03,3.36581800001723108e+00,5.40100371890040788e+03
1.46560056922648914e-03,3.38000779077094338e+00,5.42308622179225222e+03
1.47220656484354064e-03,3.39425348276296468e+00,5.44525005658473219e+03
1.47884233608910117e-03,3.40855523929036242e+00,5.46749544300661546e+03
1.48550801717277511e-03,3.42291323494537414e+00,5.48982262172600804e+03
1.49220374290909741e-03,3.43732765936599360e+00,5.51223186128761154e+03
1.49892964872026086e-03,3.45179870363002106e+00,5.53472343290036315e+03
1.50568587063885646e-03,3.46632655926128042e+00,5.55729760859930138e+03
1.51247254531062343e-03,3.48091140794116427e+00,5.57995463890112569e+03
1.51928980999721259e-03,3.49555338354648715e+00,5.60269467037460981e+03
1.52613780257896303e-03,3.51025260538301120e+00,5.62551781788077278e+03
1.53301666155769155e-03,3.52500919197081908e+00,5.64842419452902232e+03
1.53992652605949203e-03,3.53982326304839034e+00,5.67141391519681474e+03
1.54686753583755114e-03,3.55469498358135683e+00,5.69448717377492449e+03
1.55383983127497399e-03,3.56962456442053044e+00,5.71764424426947244e+03
1.56084355338762274e-03,3.58461221914972983e+00,5.74088540502390515e+03
1.56787884382697052e-03,3.59965816213864009e+00,5.76421093529916379e+03
1.57494584488296406e-03,3.61476259372491304e+00,5.78762109479100127e+03
1.58204469948690406e-03,3.62992566432238029e+00,5.81111607403880316e+03
1.58917555121433304e-03,3.64514751331365128e+00,5.83469604821656503e+03
1.59633854428794229e-03,3.66042827959353989e+00,5.85836119171076643e+03
1.60353382358048666e-03,3.67576810353830341e+00,5.88211167966277480e+03
1.61076153461771473e-03,3.69116715384427962e+00,5.90594770904171583e+03
1.61802182358131391e-03,3.70662562099544290e+00,5.92986949349449696e+03
1.62531483731186447e-03,3.72214369637238551e+00,5.95387724692562824e+03
1.63264072331181158e-03,3.73772157167597019e+00,5.97797118305245567e+03
1.63999962974844724e-03,3.75335942108594534e+00,6.00215150624639136e+03
1.64739170545690687e-03,3.76905737409031527e+00,6.02641839759673258e+03
1.65481709994318160e-03,3.78481555260748292e+00,6.05077203395983815e+03
1.66227596338713868e-03,3.80063407774356898e+00,6.07521259142124654e+03
1.66976844664556219e-03,3.81651307474215962e+00,6.09974024703228224e+03
1.67729470125520187e-03,3.83245271713159275e+00,6.12435519435259994e+03
1.68485487943583899e-03,3.84845320648401135e+00,6.14905763630160254e+03
1.69244913409336483e-03,3.86451474521252747e+00,6.17384777556433710e+03
1.70007761882287308e-03,3.88063753600808559e+00,6.19872581456328135e+03
1.70774048791176710e-03,3.89682175667642605e+00,6.22369196484947952e+03
1.71543789634287925e-03,3.91306753777381289e+00,6.24874645544157920e+03
1.72316999979760526e-03,3.92937500399367723e+00,6.27388951734995226e+03
1.73093695465905513e-03,3.94574427923587123e+00,6.29912138167489229e+03
1.73873891801521363e-03,3.96217549199711527e+00,6.32444226898380111e+03
1.74657604766211829e-03,3.97866880773138787e+00,6.34985232569076106e+03
1.75444850210705085e-03,3.99522440784039201e+00,6.37535166536905399e+03
1.76235644057174366e-03,4.01184247393486526e+00,6.40094039967135450e+03
1.77030002299559831e-03,4.02852318740297921e+00,6.42661863984739830e+03
1.77827941003892297e-03,4.04526671258936688e+00,6.45238656127242029e+03
1.78629476308617900e-03,4.06207318957220220e+00,6.47824443108521609e+03
1.79434624424924740e-03,4.07894275607165291e+00,6.50419252402504753e+03
1.80243401637070568e-03,4.09587554921347241e+00,6.53023111562722079e+03
1.81055824302712217e-03,4.11287170701637450e+00,6.55636046012439328e+03
1.81871908853236492e-03,4.12993137444644631e+00,6.58258070097873315e+03
1.82691671794092420e-03,4.14705469836180285e+00,6.60889194541060078e+03
1.83515129705125114e-03,4.16424182517801267e+00,6.63529429872395758e+03
1.84342299240911056e-03,4.18149290122625050e+00,6.66178786619836774e+03
1.85173197131094998e-03,4.19880808181514276e+00,6.68837280001673480e+03
1.86007840180728236e-03,4.21618753198004459e+00,6.71504930312998567e+03
1.86846245270608615e-03,4.23363141709446111e+00,6.74181758065458598e+03
1.87688429357621899e-03,4.25113990238745476e+00,6.76867783739606330e+03
1.88534409475084644e-03,4.26871314259064061e+00,6.79563026828722559e+03
1.89384202733088839e-03,4.28635125420159380e+00,6.82267503278412914e+03
1.90237826318847853e-03,4.30405434408038978e+00,6.84981228129056308e+03
1.91095297497044059e-03,4.32182251797163453e+00,6.87704216302906934e+03
1.91956633610178133e-03,4.33965588244128408e+00,6.90436482911108760e+03
1.92821852078919605e-03,4.35755457425806281e+00,6.93178047898815112e+03
1.93690970402459373e-03,4.37551875485774122e+00,6.95928935167252439e+03
1.94564006158863567e-03,4.39354858619194122e+00,6.98689168754984894e+03
1.95440977005429057e-03,4.41164423000341444e+00,7.01458772716318890e+03
1.96321900679040547e-03,4.42980584040579117e+00,7.04237765526731255e+03
1.97206794996529445e-03,4.44803355124415489e+00,7.07026150556061566e+03
1.98095677855033864e-03,4.46632749238876237e+00,7.09823928374512889e+03
1.98988567232361198e-03,4.48468779298110398e+00,7.12631099207084117e+03
1.99885481187351026e-03,4.50311458088390726e+00,7.15447664744351823e+03
2.00786437860240967e-03,4.52160797738951903e+00,7.18273645884786220e+03
2.01691455473033054e-03,4.54016809938148036e+00,7.21109075419099736e+03
2.02600552329862708e-03,4.55879506275921997e+00,7.23953986476143473e+03
2.03513746817368711e-03,4.57748898249051983e+00,7.26808412288206182e+03
2.04431057405065047e-03,4.59624997460905593e+00,7.29672377041642449e+03
2.05352502645714642e-03,4.61507815824650969e+00,7.32545886576328485e+03
2.06278101175704377e-03,4.63397365212911616e+00,7.35428944295392921e+03
2.07207871715422119e-03,4.65293657409597827e+00,7.38321553305164070e+03
2.08141833069635466e-03,4.67196704295814857e+00,7.41223717363272954e+03
2.09080004127871859e-03,4.69106519076032580e+00,7.44135447113693772e+03
2.10022403864800703e-03,4.71023115533137116e+00,7.47056756297989159e+03
2.10969051340617175e-03,4.72946507396883131e+00,7.49987658546384682e+03
2.11919965701427718e-03,4.74876708301834860e+00,7.52928167412227594e+03
2.12875166179637282e-03,4.76813729753587978e+00,7.55878299157980837e+03
2.13834672094338155e-03,4.78757580062986676e+00,7.58838074211399362e+03
2.14798502851700846e-03,4.80708267141727852e+00,7.61807513327776905e+03
2.15766677945366690e-03,4.82665798750823072e+00,7.64786637246498867e+03
2.16739216956841766e-03,4.84630183167564255e+00,7.67775465014832207e+03
2.17716139555893234e-03,4.86601432151922531e+00,7.70774006551136699e+03
2.18697465500947066e-03,4.88579558601666886e+00,7.73782268522809318e+03
2.19683214639487551e-03,4.90564575348605469e+00,7.76800257359885745e+03
2.20673406908459017e-03,4.92556495070202782e+00,7.79827979297476668e+03
2.21668062334668672e-03,4.94555327856335580e+00,7.82865441563262993e+03
2.22667201035191926e-03,4.96561080829591628e+00,7.85912652559543858e+03
2.23670843217779140e-03,4.98573760799432009e+00,7.88969620561629472e+03
2.24679009181264454e-03,5.00593374411794034e+00,7.92036353641946425e+03
2.25691719315976140e-03,5.02619928954389028e+00,7.95112861868830896e+03
2.26708994104149117e-03,5.04653434743018536e+00,7.98199163814009080e+03
2.27730854120339332e-03,5.06693902773648119e+00,8.01295280147426547e+03
2.28757320031839576e-03,5.08741343949744529e+00,8.04401231532131806e+03
2.29788412599097767e-03,5.10795768891432456e+00,8.07517038025108923e+03
2.30824152676136580e-03,5.12857184749134465e+00,8.10642709028900663e+03
2.31864561210975637e-03,5.14925595617613663e+00,8.13778244609315425e+03
2.32909659246054602e-03,5.17001005295713068e+00,8.16923644209617487e+03
2.33959467918659321e-03,5.19083417379650758e+00,8.20078906945690323e+03
2.35014008461348952e-03,5.21172837615231810e+00,8.23244036473393135e+03
2.36073302202385567e-03,5.23269278370111124e+00,8.26419050236195108e+03
2.37137370566165538e-03,5.25372753164814910e+00,8.29603968144660394e+03
2.38206235073652696e-03,5.27483275475155011e+00,8.32798810099147340e+03
2.39279917342813788e-03,5.29600858003709618e+00,8.36003594838615209e+03
2.40358439089055544e-03,5.31725504835369289e+00,8.39218327541393410e+03
2.41441822125663952e-03,5.33857214283807213e+00,8.42443004336214653e+03
2.42530088364245481e-03,5.35995984281174653e+00,8.45677620827861028e+03
2.43623259815170089e-03,5.38141812495121652e+00,8.48922172275045523e+03
2.44721358588016616e-03,5.40294700851660981e+00,8.52176659339924845e+03
2.45824406892019773e-03,5.42454660765157115e+00,8.55441094730501754e+03
2.46932427036519308e-03,5.44621704827194009e+00,8.58715492629306937e+03
2.48045441431411426e-03,5.46795845578677753e+00,8.61999867131940846e+03
2.49163472587601723e-03,5.48977094451150016e+00,8.65294231592595497e+03
2.50286543117460812e-03,5.51165454160564039e+00,8.68598593925857676e+03
2.51414675735281467e-03,5.53360922988355419e+00,8.71912959254679481e+03
2.52547893257737887e-03,5.55563498911066489e+00,8.75237332462152153e+03
2.53686218604347704e-03,5.57773179665676277e+00,8.78571718189506100e+03
2.54829674797934710e-03,5.59989965291329028e+00,8.81916119717243419e+03
2.55978284965095206e-03,5.62213859716599185e+00,8.85270538266451331e+03
2.57132072336665454e-03,5.64444867061297373e+00,8.88634974620530375e+03
2.58291060248191625e-03,5.66682991270466374e+00,8.92009429283109785e+03
2.59455272140401549e-03,5.68928235958319295e+00,8.95393903483967733e+03
2.60624731559679079e-03,5.71180603655512353e+00,8.98788404077157429e+03
2.61799462158540056e-03,5.73440096369112684e+00,9.02192939870667215e+03
2.62979487696110960e-03,5.75706715902699884e+00,9.05607519524557210e+03
2.64164832038609300e-03,5.77980463896023888e+00,9.09032151321451420e+03
2.65355519159826215e-03,5.80261343140908714e+00,9.12466835916924174e+03
2.66551573141611542e-03,5.82549357885352137e+00,9.15911564662299133e+03
2.67753018174360802e-03,5.84844512313548037e+00,9.19366327960389208e+03
2.68959878557504346e-03,5.87146810447948564e+00,9.22831115793788922e+03
2.70172178699999016e-03,5.89456254637411092e+00,9.26305922285491215e+03
2.71389943120821679e-03,5.91772840631314256e+00,9.29790760568082806e+03
2.72613196449465051e-03,5.94096562187862176e+00,9.33285648841621878e+03
2.73841963426436127e-03,5.96427412745724705e+00,9.36790605313592641e+03
2.75076268903756303e-03,5.98765385629232760e+00,9.40305647312985820e+03
2.76316137845463968e-03,6.01110477944197541e+00,9.43830774667825972e+03
2.77561595328119828e-03,6.03462690302384797e+00,9.47365970883566115e+03
2.78812666541313359e-03,6.05822023251818464e+00,9.50911218362511499e+03
2.80069376788173079e-03,6.08188477137648409e+00,9.54466498986905754e+03
2.81331751485877678e-03,6.10562050861639971e+00,9.58031799624650193e+03
2.82599816166170413e-03,6.12942739261748404e+00,9.61607123764774769e+03
2.83873596475875487e-03,6.15330536148742890e+00,9.65192477993263310e+03
2.85153118177416606e-03,6.17725435033355197e+00,9.68787868747184621e+03
2.86438407149337999e-03,6.20127429537584263e+00,9.72393301842497203e+03
2.87729489386828090e-03,6.22536518310136966e+00,9.76008776871566079e+03
2.89026391002245031e-03,6.24952703484316530e+00,9.79634288960894446e+03
2.90329138225644883e-03,6.27375987105976041e+00,9.83269832838708317e+03
2.91637757405312052e-03,6.29806371038622537e+00,9.86915402914759943e+03
2.92952275008292367e-03,6.32243852219602775e+00,9.90570992919206583e+03
2.94272717620928242e-03,6.34688416464081762e+00,9.94236595431885689e+03
2.95599111949396316e-03,6.37140047666364495e+00,9.97912202577219250e+03
2.96931484820247941e-03,6.39598729286220014e+00,1.00159780613468229e+04
2.98269863180951203e-03,6.42064445738764444e+00,1.00529339763527751e+04
2.99614274100436402e-03,6.44537193368115435e+00,1.00899896913739849e+04
3.00964744769643446e-03,6.47016974744860995e+00,1.01271451281983445e+04
3.02321302502071539e-03,6.49503792360952215e+00,1.01644002053239619e+04
3.03683974734331955e-03,6.51997648480006387e+00,1.02017548381241850e+04
3.05052789026702582e-03,6.54498537860381990e+00,1.02392089563400241e+04
3.06427773063685594e-03,6.57006442420962866e+00,1.02767625168795712e+04
3.07808954654567460e-03,6.59521342404831223e+00,1.03144154769062461e+04
3.09196361733980957e-03,6.62043217587916377e+00,1.03521677909041482e+04
3.10590022362470554e-03,6.64572049142261889e+00,1.03900194082590224e+04
3.11989964727059886e-03,6.67107829568460442e+00,1.04279702604535214e+04
3.13396217141821611e-03,6.69650555678433079e+00,1.04660202700905429e+04
3.14808808048450432e-03,6.72200224093677345e+00,1.05041693566701942e+04
3.16227766016837939e-03,6.74756831121519163e+00,1.05424174344404419e+04
3.17653119745650797e-03,6.77320368577536858e+00,1.05807643328686481e+04
3.19084898062910877e-03,6.79890822476729451e+00,1.06192097717967972e+04
3.20523129926578425e-03,6.82468178112651724e+00,1.06577534582031440e+04
3.21967844425137930e-03,6.85052420414534247e+00,1.06963950930096526e+04
3.23419070778186097e-03,6.87643534076639806e+00,1.07351344259841844e+04
3.24876838337023266e-03,6.90241504027908004e+00,1.07739714525342533e+04
3.26341176585246339e-03,6.92846315008846325e+00,1.08129062379579991e+04
3.27812115139345913e-03,6.95457951400141816e+00,1.08519388468450634e+04
3.29289683749304759e-03,6.98076397240842272e+00,1.08910693351961909e+04
3.30773912299199644e-03,7.00701636656348459e+00,1.09302975845293731e+04
3.32264830807805795e-03,7.03333653853267649e+00,1.09696233031456923e+04
3.33762469429203876e-03,7.05972432701626840e+00,1.10090461864745885e+04
3.35266858453390224e-03,7.08617956714738018e+00,1.10485659240218392e+04
3.36778028306888941e-03,7.11270209182651669e+00,1.10881822327810696e+04
3.38296009553367815e-03,7.13929173488062130e+00,1.11278949356023022e+04
3.39820832894255917e-03,7.16594832753252042e+00,1.11677038745274058e+04
3.41352529169365202e-03,7.19267169745612378e+00,1.12076088879501913e+04
3.42891129357513662e-03,7.21946166801019817e+00,1.12476098091704262e+04
3.44436664577151951e-03,7.24631804840717653e+00,1.12877064476111573e+04
3.45989166086993353e-03,7.27324063625842765e+00,1.13278985937209836e+04
3.47548665286645129e-03,7.30022922507690275e+00,1.13681860333482909e+04
3.49115193717244258e-03,7.32728360447338734e+00,1.14085685481430883e+04
3.50688783062095156e-03,7.35440357234572950e+00,1.14490459409715586e+04
3.52269465147310185e-03,7.38158895278677196e+00,1.14896180732201592e+04
3.53857271942453798e-03,7.40883957101724278e+00,1.15302848125663604e+04
3.55452235561188852e-03,7.43615524892863000e+00,1.15710460237116240e+04
3.57054388261926091e-03,7.46353579964601543e+00,1.16119015483487310e+04
3.58663762448476874e-03,7.49098098064649598e+00,1.16528510320787009e+04
3.60280390670708172e-03,7.51849051598298335e+00,1.16938940066719242e+04
3.61904305625201190e-03,7.54606412471290344e+00,1.17350299951604629e+04
3.63535540155912303e-03,7.57370152137317820e+00,1.17762585145656140e+04
3.65174127254837754e-03,7.60140243388423364e+00,1.18175792305064242e+04
3.66820100062680791e-03,7.62916661874975777e+00,1.18589920883468185e+04
3.68473491869521653e-03,7.65699383196304595e+00,1.19004970622667406e+04
3.70134336115491300e-03,7.68488382552037397e+00,1.19420941253431174e+04
3.71802666391447476e-03,7.71283635055397987e+00,1.19837832104333756e+04
3.73478516439654153e-03,7.74085117568306913e+00,1.20255639823282836e+04
3.75161920154463892e-03,7.76892807478880965e+00,1.20674359893246874e+04
3.76852911583003660e-03,7.79706681819729130e+00,1.21093987724146227e+04
3.78551524925862994e-03,7.82526717169596431e+00,1.21514518672279501e+04
3.80257794537786206e-03,7.85352885598825079e+00,1.21935948738539391e+04
3.81971754928366568e-03,7.88185153049699849e+00,1.22358274846416425e+04
3.83693440762744977e-03,7.91023484541637956e+00,1.22781493943774894e+04
3.85422886862310738e-03,7.93867844577246018e+00,1.23205602932231395e+04
3.87160128205405645e-03,7.96718198789787291e+00,1.23630598586766901e+04
3.88905199928031792e-03,7.99574520431540670e+00,1.24056477240157856e+04
3.90658137324562029e-03,8.02436784862979735e+00,1.24483235050710555e+04
3.92418975848453627e-03,8.05304967095359814e+00,1.24910868121420899e+04
3.94187751112965758e-03,8.08179041581998447e+00,1.25339372528478852e+04
3.95964498891879235e-03,8.11058977301166983e+00,1.25768745003617987e+04
3.97749255120220715e-03,8.13944737461469359e+00,1.26198982974109967e+04
3.99542055894988677e-03,8.16836284514523747e+00,1.26630083865948454e+04
4.01342937475884266e-03,8.19733580398868256e+00,1.27062045069532960e+04
4.03151936286044038e-03,8.22636588091292609e+00,1.27494863533025655e+04
4.04969088912777043e-03,8.25545275637814946e+00,1.27928534707226063e+04
4.06794432108304772e-03,8.28459611911094918e+00,1.28363053655813510e+04
4.08628002790504142e-03,8.31379565380972707e+00,1.28798415376497687e+04
4.10469838043654462e-03,8.34305103922626579e+00,1.29234614817436104e+04
4.12319975119187446e-03,8.37236192037909355e+00,1.29671647120309372e+04
4.14178451436440602e-03,8.40172791431082722e+00,1.30109507569322741e+04
4.16045304583413829e-03,8.43114863256513125e+00,1.30548191393769521e+04
4.17920572317530010e-03,8.46062368184379388e+00,1.30987693762453400e+04
4.19804292566398549e-03,8.49015268641695009e+00,1.31428009867536475e+04
4.21696503428582292e-03,8.51973532497656727e+00,1.31869135062464884e+04
4.23597243174368178e-03,8.54937128198575458e+00,1.32311064679334613e+04
4.25506550246541188e-03,8.57906023822614650e+00,1.32753793993286017e+04
4.27424463261162017e-03,8.60880186073181264e+00,1.33197318292847558e+04
4.29351021008348224e-03,8.63859570725161063e+00,1.33641633549821636e+04
4.31286262453058327e-03,8.66844126721118258e+00,1.34086736131233865e+04
4.33230226735879971e-03,8.69833802299663361e+00,1.34532622368989723e+04
4.35182953173821920e-03,8.72828545125264377e+00,1.34979288546212720e+04
4.37144481261108990e-03,8.75828308228217089e+00,1.35426729960491884e+04
4.39114850669980895e-03,8.78833055789693951e+00,1.35874940012237112e+04
4.41094101251494376e-03,8.81842752956205977e+00,1.36323911810487116e+04
4.43082273036329594e-03,8.84857364505779742e+00,1.36773638382774152e+04
4.45079406235599721e-03,8.87876854667216087e+00,1.37224112920247571e+04
4.47085541241663484e-03,8.90901185972010801e+00,1.37675330342268353e+04
4.49100718628943091e-03,8.93930319967928533e+00,1.38127286320505118e+04
4.51124979154744667e-03,8.96964217799334662e+00,1.38579976485415118e+04
4.53158363760081898e-03,9.00002840050360042e+00,1.39033396402876933e+04
4.55200913570504798e-03,9.03046138690345401e+00,1.39487540579492925e+04
4.57252669896931162e-03,9.06094053119229592e+00,1.39942401974853565e+04
4.59313674236482092e-03,9.09146521095945381e+00,1.40397973351688088e+04
4.61383968273321437e-03,9.12203479684241536e+00,1.40854247392706257e+04
4.63463593879498686e-03,9.15264869397516456e+00,1.41311216926501002e+04
4.65552593115795867e-03,9.18330652080379473e+00,1.41768875902332729e+04
4.67651008232578339e-03,9.21400796478444128e+00,1.42227218602586236e+04
4.69758881670649317e-03,9.24475271086699735e+00,1.42686239252544983e+04
4.71876256062107868e-03,9.27554043770714820e+00,1.43145932034952784e+04
4.74003174231211761e-03,9.30637071666528470e+00,1.43606291492780292e+04
4.76139679195243266e-03,9.33724299870146091e+00,1.44067312581135138e+04
4.78285814165379207e-03,9.36815672316387094e+00,1.44528990232990127e+04
4.80441622547564656e-03,9.39911132376495040e+00,1.44991319335197495e+04
4.82607147943391566e-03,9.43010623686494931e+00,1.45454293854549160e+04
4.84782434150979758e-03,9.46114092524865136e+00,1.45917904332526159e+04
4.86967525165863183e-03,9.49221485426269496e+00,1.46382140398977845e+04
4.89162465181879839e-03,9.52332748420517738e+00,1.46846991572784373e+04
4.91367298592065328e-03,9.55447827290131713e+00,1.47312447441767163e+04
4.93582069989551182e-03,9.58566671764012312e+00,1.47778500586407117e+04
4.95806824168465703e-03,9.61689234879490407e+00,1.48245146133933395e+04
4.98041606124841139e-03,9.64815469393436764e+00,1.48712379255830820e+04
5.00286461057523370e-03,9.67945327662525656e+00,1.49180195086409913e+04
5.02541434369085677e-03,9.71078758705269962e+00,1.49648588150164596e+04
5.04806571666747191e-03,9.74215702812309203e+00,1.50117551311594634e+04
5.07081918763295676e-03,9.77356098280723806e+00,1.50587077088478709e+04
5.09367521678013527e-03,9.80499882845377968e+00,1.51057157930969024e+04
5.11663426637609230e-03,9.83646994235310856e+00,1.51527786056291407e+04
5.13969680077151336e-03,9.86797375998212445e+00,1.51998951721781577e+04
5.16286328641008679e-03,9.89950975274582490e+00,1.52470643885262361e+04
5.18613419183792772e-03,9.93107738846187615e+00,1.52942851376576418e+04
5.20950998771306517e-03,9.96267613063516855e+00,1.53415562930160231e+04
5.23299114681494842e-03,9.99430542642294206e+00,1.53888769326649126e+04
5.25657814405402091e-03,1.00259646932947355e+01,1.54362465765599318e+04
5.28027145648131847e-03,1.00576533408348752e+01,1.54836647982948762e+04
5.30407156329812043e-03,1.00893707738683762e+01,1.55311311694075303e+04
5.32797894586564159e-03,1.01211163912559119e+01,1.55786451914947265e+04
5.35199408771476568e-03,1.01528895774924113e+01,1.56262058221248371e+04
5.37611747455582576e-03,1.01846897075835425e+01,1.56738117504128968e+04
5.40034959428842970e-03,1.02165161515468057e+01,1.57214616512415651e+04
5.42469093701132641e-03,1.02483682747388052e+01,1.57691541918782696e+04
5.44914199503231805e-03,1.02802454560652006e+01,1.58168883375143505e+04
5.47370326287821736e-03,1.03121470987038073e+01,1.58646635310506517e+04
5.49837523730485091e-03,1.03440726039904884e+01,1.59124792547891666e+04
5.52315841730709970e-03,1.03760213689221796e+01,1.59603349885157513e+04
5.54805330412900394e-03,1.04079927781299233e+01,1.60082301136977167e+04
5.57306040127388685e-03,1.04399861659601374e+01,1.60561634610044257e+04
5.59818021451454970e-03,1.04720008455093083e+01,1.61041336569667110e+04
5.62341325190349184e-03,1.05040361246618463e+01,1.61521393153838417e+04
5.64876002378319250e-03,1.05360913066441384e+01,1.62001790473993133e+04
5.67422104279642885e-03,1.05681657065207997e+01,1.62482517656795044e+04
5.69979682389664885e-03,1.06002586545592656e+01,1.62963567462929550e+04
5.72548788435837952e-03,1.06323694774656268e+01,1.63444932825321011e+04
5.75129474378769431e-03,1.06644974972344002e+01,1.63926606636337528e+04
5.77721792413272289e-03,1.06966420448959969e+01,1.64408580809835548e+04
5.80325794969419832e-03,1.07288025039519201e+01,1.64890843317522740e+04
5.82941534713607521e-03,1.07609782688339184e+01,1.65373381025562594e+04
5.85569064549617147e-03,1.07931687303054051e+01,1.65856180691365662e+04
5.88208437619687149e-03,1.08253732699115623e+01,1.66339229072015805e+04
5.90859707305587366e-03,1.08575911592920900e+01,1.66822514889010381e+04
5.93522927229698724e-03,1.08898215695927192e+01,1.67306028644027174e+04
5.96198151256097878e-03,1.09220636624625858e+01,1.67789760843066215e+04
5.98885433491646180e-03,1.09543165934472313e+01,1.68273701930737116e+04
6.01584828287084726e-03,1.09865795632355265e+01,1.68757841812075931e+04
6.04296390238132954e-03,1.10188519222691195e+01,1.69242168876597789e+04
6.07020174186592969e-03,1.10511330465714366e+01,1.69726671157636374e+04
6.09756235221459338e-03,1.10834223088207970e+01,1.70211336602504234e+04
6.12504628680032165e-03,1.11157190656877685e+01,1.70696153072798043e+04
6.15265410149037385e-03,1.11480225117662339e+01,1.71181108347268746e+04
6.18038635465750427e-03,1.11803317283071948e+01,1.71666190120974024e+04
6.20824360719125432e-03,1.12126457879522619e+01,1.72151386003355110e+04
6.23622642250930368e-03,1.12449637572899643e+01,1.72636683520256083e+04
6.26433536656885621e-03,1.12772848034199029e+01,1.73122070528163895e+04
6.29257100787809429e-03,1.13096083275586192e+01,1.73607535733388504e+04
6.32093391750767133e-03,1.13419337608370885e+01,1.74093067898296540e+04
6.34942466910226513e-03,1.13742605322123804e+01,1.74578655716670546e+04
6.37804383889217872e-03,1.14065880378946449e+01,1.75064287506461587e+04
6.40679200570499607e-03,1.14389154073001293e+01,1.75549948857847739e+04
6.43566975097728793e-03,1.14712416290268493e+01,1.76035623899960665e+04
6.46467765876636898e-03,1.15035656835999429e+01,1.76521296635174513e+04
6.49381631576211472e-03,1.15358865459256421e+01,1.77006950978033456e+04
6.52308631129882611e-03,1.15682032850024648e+01,1.77492572797709508e+04
6.55248823736714805e-03,1.16005151331040537e+01,1.77978151334431095e+04
6.58202268862604321e-03,1.16328213346862253e+01,1.78463676103577964e+04
6.61169026241481723e-03,1.16651211304892435e+01,1.78949136569845577e+04
6.64149155876520361e-03,1.16974137447191691e+01,1.79434521670549220e+04
6.67142718041349638e-03,1.17296983187118204e+01,1.79919817350419944e+04
6.70149773281274088e-03,1.17619739590473120e+01,1.80405008349780983e+04
6.73170382414498263e-03,1.17942397672549166e+01,1.80890079308096501e+04
6.76204606533356394e-03,1.18264948398339662e+01,1.81375014787980072e+04
6.79252507005547769e-03,1.18587382663572267e+01,1.81859800043448886e+04
6.82314145475378542e-03,1.18909691289483508e+01,1.82344421236862545e+04
6.85389583865008388e-03,1.19231865046038497e+01,1.82828864515989226e+04
6.88478884375702451e-03,1.19553894653704802e+01,1.83313115951095169e+04
6.91582109489089717e-03,1.19875770769008021e+01,1.83797160611764957e+04
6.94699321968426670e-03,1.20197483933824110e+01,1.84280979358270524e+04
6.97830584859866418e-03,1.20519024622061437e+01,1.84764551771212318e+04
7.00975961493734492e-03,1.20840383257935411e+01,1.85247857289853782e+04
7.04135515485808817e-03,1.21161550220613830e+01,1.85730875842584865e+04
7.07309310738607130e-03,1.21482515934213335e+01,1.86213600647485473e+04
7.10497411442678750e-03,1.21803270865159057e+01,1.86696037798796679e+04
7.13699882077903792e-03,1.22123805436746213e+01,1.87178194046545650e+04
7.16916787414795861e-03,1.22444110025692936e+01,1.87660076279030545e+04
7.20148192515813329e-03,1.22764174572087938e+01,1.88141670449016274e+04
7.23394162736674950e-03,1.23083987695313724e+01,1.88622893833137459e+04
7.26654763727681025e-03,1.23403537693741914e+01,1.89103649005053885e+04
7.29930061435042112e-03,1.23722812800430670e+01,1.89583837627952962e+04
7.33220122102211987e-03,1.24041801336825692e+01,1.90063368784585691e+04
7.36525012271228158e-03,1.24360493666822816e+01,1.90542265045073218e+04
7.39844798784057220e-03,1.24678881643433410e+01,1.91020632384549244e+04
7.43179548783946299e-03,1.24996957128734216e+01,1.91498579803509856e+04
7.46529329716782812e-03,1.25314711955999325e+01,1.91976217294258386e+04
7.49894209332455965e-03,1.25632136711166318e+01,1.92453601149724927e+04
7.53274255686229612e-03,1.25949219013627296e+01,1.92930656822706878e+04
7.56669537140116331e-03,1.26265945987477952e+01,1.93407289819061662e+04
7.60080122364262603e-03,1.26582304687163862e+01,1.93883404783191691e+04
7.63506080338334590e-03,1.26898282218625553e+01,1.94358911786052231e+04
7.66947480352916499e-03,1.27213866753061460e+01,1.94833779079428750e+04
7.70404392010909551e-03,1.27529047026007181e+01,1.95308006988083653e+04
7.73876885228940228e-03,1.27843811729854053e+01,1.95781596261489467e+04
7.77365030238776154e-03,1.28158149508214390e+01,1.96254547669392050e+04
7.80868897588743362e-03,1.28472048975794841e+01,1.96726854864524721e+04
7.84388558145156581e-03,1.28785498734509272e+01,1.97198498629830829e+04
7.87924083093749332e-03,1.29098487342658981e+01,1.97669458318408688e+04
7.91475543941116272e-03,1.29411003311733737e+01,1.98139713178084239e+04
7.95043012516157693e-03,1.29723035010489802e+01,1.98609242479890599e+04
7.98626560971533311e-03,1.30034570120305322e+01,1.99078026241600346e+04
8.02226261785120472e-03,1.30345596008613072e+01,1.99546044733713316e+04
8.05842187761481900e-03,1.30656099987482399e+01,2.00013278137907728e+04
8.09474412033335880e-03,1.30966069315073828e+01,2.00479706553886535e+04
8.13123008063037014e-03,1.31275491204913681e+01,2.00945310292477152e+04
8.16788049644061494e-03,1.31584352829605624e+01,2.01410069983289104e+04
8.20469610902499133e-03,1.31892641310213996e+01,2.01873966204182288e+04
8.24167766298554080e-03,1.32200343715939237e+01,2.02336979453866843e+04
8.27882590628048129e-03,1.32507447091609922e+01,2.02799090161654058e+04
8.31614159023937038e-03,1.32813938561045575e+01,2.03260278722455660e+04
8.35362546957826163e-03,1.33119805238139826e+01,2.03720525467846528e+04
8.39127830241500824e-03,1.33425034188914680e+01,2.04179810654082939e+04
8.42910085028455991e-03,1.33729612392102020e+01,2.04638114441830949e+04
8.46709387815439141e-03,1.34033525824694877e+01,2.05095416413716775e+04
8.50525815443996247e-03,1.34336759432947712e+01,2.05551695559670698e+04
8.54359445102026438e-03,1.34639298055794452e+01,2.06006930765309116e+04
8.58210354325341686e-03,1.34941126469214332e+01,2.06461100835946600e+04
8.62078620999237252e-03,1.35242230038956741e+01,2.06914184691438131e+04
8.65964323360065603e-03,1.35542596357157752e+01,2.07366161853560006e+04
8.69867539996818477e-03,1.35842213480050784e+01,2.07817011922681813e+04
8.73788349852717451e-03,1.36141069433974096e+01,2.08266714431657601e+04
8.77726832226809195e-03,1.36439152038498257e+01,2.08715248770627441e+04
8.81683066775571130e-03,1.36736446402922418e+01,2.09162593113022012e+04
8.85657133514520210e-03,1.37032935506244140e+01,2.09608724665494665e+04
8.89649112819833332e-03,1.37328602203221575e+01,2.10053620529981126e+04
8.93659085429971377e-03,1.37623429281513747e+01,2.10497257727770593e+04
8.97687132447314538e-03,1.37917400595288147e+01,2.10939613136095941e+04
9.01733335339798513e-03,1.38210502856799859e+01,2.11380663387276036e+04
9.05797775942566129e-03,1.38502723207373339e+01,2.11820385008485355e+04
9.09880536459621581e-03,1.38794048760311881e+01,2.12258754449115804e+04
9.13981699465490557e-03,1.39084466398228930e+01,2.12695748324888373e+04
9.18101347906894426e-03,1.39373960899810285e+01,2.13131345656998783e+04
9.22239565104423543e-03,1.39662515784542087e+01,2.13565526865088141e+04
9.26396434754226533e-03,1.39950114502694625e+01,2.13998272348178944e+04
9.30572040929699036e-03,1.40236740455007762e+01,2.14429562447089993e+04
9.34766468083188078e-03,1.40522377400095628e+01,2.14859375127178464e+04
9.38979801047696086e-03,1.40807009832188097e+01,2.15287683830787464e+04
9.43212125038600871e-03,1.41090622293169510e+01,2.15714461408736643e+04
9.47463525655375428e-03,1.41373199286005473e+01,2.16139680621044172e+04
9.51734088883321623e-03,1.41654725140130449e+01,2.16563314516219943e+04
9.56023901095308035e-03,1.41935183173163590e+01,2.16985338770969429e+04
9.60333049053516651e-03,1.42214556232132789e+01,2.17405730186350011e+04
9.64661619911199621e-03,1.42492827115191645e+01,2.17824465517219251e+04
9.69009701214438961e-03,1.42769978590034974e+01,2.18241521463603931e+04
9.73377380903920481e-03,1.43045994145397550e+01,2.18656874423248955e+04
9.77764747316708926e-03,1.43320858333302006e+01,2.19070500379991790e+04
9.82171889188038043e-03,1.43594555762769893e+01,2.19482375239425892e+04
9.86598895653102020e-03,1.43867071016213579e+01,2.19892474858528185e+04
9.91045856248860997e-03,1.44138388486331941e+01,2.20300774858064797e+04
9.95512860915850201e-03,1.44408491690752427e+01,2.20707249833090427e+04
1.00000000000000019e-02,1.44677363842102338e+01,2.21111874010558058e+04
1.00450736425446302e-02,1.44944988120886151e+01,2.21514621564282497e+04
1.00903504484144771e-02,1.45211347662396744e+01,2.21915466624236142e+04
1.01358313333406620e-02,1.45476425185045137e+01,2.22314383469045133e+04
1.01815172171818204e-02,1.45740202954227129e+01,2.22711346546882778e+04
1.02274090239427434e-02,1.46002663180916912e+01,2.23106330274013271e+04
1.02735076817930260e-02,1.46263788044071621e+01,2.23499309025817674e+04
1.03198141230858888e-02,1.46523559859534718e+01,2.23890256746671912e+04
1.03663292843769808e-02,1.46781961545977282e+01,2.24279145865353712e+04
1.04130541064433729e-02,1.47038976148089571e+01,2.24665948415257808e+04
1.04599895343025374e-02,1.47294586690418488e+01,2.25050636381306613e+04
1.05071365172315044e-02,1.47548776147334273e+01,2.25433181787872527e+04
1.05544960087860362e-02,1.47801526953328342e+01,2.25813558046153485e+04
1.06020689668199011e-02,1.48052821091379734e+01,2.26191739717644377e+04
1.06498563535042945e-02,1.48302640509968118e+01,2.26567701377335907e+04
1.06978591353472374e-02,1.48550967137012879e+01,2.26941417579571316e+04
1.07460782832131778e-02,1.48797782645815300e+01,2.27312862210359635e+04
1.07945147723425873e-02,1.49043068040895026e+01,2.27682007342891047e+04
1.08431695823717131e-02,1.49286804194159348e+01,2.28048824714760412e+04
1.08920436973523691e-02,1.49528971956751437e+01,2.28413286034432240e+04
1.09411381057718613e-02,1.49769552379193058e+01,2.28775363033814683e+04
1.09904538005729524e-02,1.50008528927559315e+01,2.29135027979545666e+04
1.10399917791739795e-02,1.50245886588067545e+01,2.29492253469161806e+04
1.10897530434889858e-02,1.50481610381844266e+01,2.29847012091790421e+04
1.11397385999480267e-02,1.50715685328280298e+01,2.30199276421331851e+04
1.11899494595174911e-02,1.50948094289871797e+01,2.30549018458682804e+04
1.12403866377205584e-02,1.51178815694490805e+01,2.30896209042231822e+04
1.12910511546577622e-02,1.51407827405107298e+01,2.31240818855177968e+04
1.13419440350275708e-02,1.51635107260266366e+01,2.31582818568027324e+04
1.13930663081471713e-02,1.51860633510203638e+01,2.31922178875099162e+04
1.14444190079732305e-02,1.52084387760411026e+01,2.32258870726656532e+04
1.14960031731228644e-02,1.52306353199675168e+01,2.32592865193191465e+04
1.15478198468945813e-02,1.52526513040681024e+01,2.32924133346331982e+04
1.15998700772894509e-02,1.52744850497410951e+01,2.33252646262194103e+04
1.16521549170322310e-02,1.52961347916630412e+01,2.33578375101245765e+04
1.17046754235927246e-02,1.53175986301745279e+01,2.33901291153377279e+04
1.17574326592071159e-02,1.53388746549696471e+01,2.34221365731166843e+04
1.18104276908994714e-02,1.53599609567282318e+01,2.34538570162492033e+04
1.18636615905033486e-02,1.53808556214345113e+01,2.34852875568988893e+04
1.19171354346834200e-02,1.54015567036894439e+01,2.35164251841443038e+04
1.19708503049573041e-02,1.54220622481081850e+01,2.35472668453454535e+04
1.20248072877173866e-02,1.54423703007783395e+01,2.35778094895020658e+04
1.20790074742528480e-02,1.54624789079863802e+01,2.36080500688932880e+04
1.21334519607716792e-02,1.54823860725686959e+01,2.36379855773999589e+04
1.21881418484229009e-02,1.55020897465944163e+01,2.36676130573342052e+04
1.22430782433187967e-02,1.55215878809785242e+01,2.36969295569333044e+04
1.22982622565573230e-02,1.55408784286346418e+01,2.37259321281272569e+04
1.23536950042445384e-02,1.55599593940596748e+01,2.37546178062110812e+04
1.24093776075171990e-02,1.55788289843948231e+01,2.37829835470941762e+04
1.24653111925654512e-02,1.55974854612618792e+01,2.38110262896675995e+04
1.25214968906555701e-02,1.56159270905702048e+01,2.38387429772048563e+04
1.25779358381528771e-02,1.56341521272932358e+01,2.38661305530283316e+04
1.26346291765446865e-02,1.56521585462280175e+01,2.38931858791413360e+04
1.26915780524634366e-02,1.56699440748210090e+01,2.39199057464773396e+04
1.27487836177098274e-02,1.56875064345405590e+01,2.39462869483947361e+04
1.28062470292761733e-02,1.57048433497554480e+01,2.39723262837021866e+04
1.28639694493697457e-02,1.57219526484780694e+01,2.39980206398117152e+04
1.29219520454363357e-02,1.57388324599990064e+01,2.40233671557111520e+04
1.29801959901838116e-02,1.57554809736740200e+01,2.40483630233687763e+04
1.30387024616058847e-02,1.57718963846250411e+01,2.40730054431494718e+04
1.30974726430059026e-02,1.57880768774949178e+01,2.40972915978881138e+04
1.31565077230207869e-02,1.58040204429693016e+01,2.41212183601640536e+04
1.32158088956450918e-02,1.58197249438709964e+01,2.41447823977633598e+04
1.32753773602551275e-02,1.58351882458716240e+01,2.41679803822190006e+04
1.33352143216332458e-02,1.58504082203293066e+01,2.41908089933510746e+04
1.33953209899921686e-02,1.58653827743543889e+01,2.42132649714266372e+04
1.34556985809995144e-02,1.58801098867357489e+01,2.42353451794865177e+04
1.35163483158023297e-02,1.58945875516164588e+01,2.42570465054948872e+04
1.35772714210518446e-02,1.59088137701287611e+01,2.42783658477667523e+04
1.36384691289282260e-02,1.59227865464333416e+01,2.42993001418391686e+04
1.36999426771655490e-02,1.59365038566482031e+01,2.43198465572659879e+04
1.37616933090767939e-02,1.59499636667327458e+01,2.43400023875764709e+04
1.38237222735789998e-02,1.59631639503686333e+01,2.43597649402663737e+04
1.38860308252185503e-02,1.59761026878340964e+01,2.43791315254038600e+04
1.39486202241965000e-02,1.59887777607786976e+01,2.43980987047100680e+04
1.40114917363941202e-02,1.60011868839493800e+01,2.44166618038277848e+04
1.40746466333984358e-02,1.60133277639868830e+01,2.44348160415329767e+04
1.41380861925280103e-02,1.60251981159257006e+01,2.44525566455956578e+04
1.42018116968587182e-02,1.60367957790734543e+01,2.44698797512704587e+04
1.42658244352497493e-02,1.60481192964220334e+01,2.44867869011623079e+04
1.43301257023696286e-02,1.60591674807028397e+01,2.45032816714096189e+04
1.43947167987224477e-02,1.60699391575833488e+01,2.45193676744559707e+04
1.44595990306741213e-02,1.60804331170080950e+01,2.45350481592647629e+04
1.45247737104788402e-02,1.60906464729430603e+01,2.45503125920045750e+04
1.45902421563056123e-02,1.61005742588763994e+01,2.45651333461901195e+04
1.46560056922648927e-02,1.61102113828900677e+01,2.45794816940563069e+04
1.47220656484354090e-02,1.61195527577405038e+01,2.45933288688699431e+04
1.47884233608910152e-02,1.61285944534727328e+01,2.46066561071614669e+04
1.48550801717277567e-02,1.61373375682855666e+01,2.46194883770966007e+04
1.49220374290909719e-02,1.61457845874105779e+01,2.46318626428079442e+04
1.49892964872026125e-02,1.61539380187417514e+01,2.46438159715452166e+04
1.50568587063885651e-02,1.61618002197439630e+01,2.46553839537321364e+04
1.51247254531062386e-02,1.61693700197356023e+01,2.46665699118417033e+04
1.51928980999721241e-02,1.61766429309346158e+01,2.46773468247940800e+04
1.52613780257896351e-02,1.61836143456172543e+01,2.46876864704917461e+04
1.53301666155769220e-02,1.61902796657771866e+01,2.46975606052550102e+04
1.53992652605949229e-02,1.61966350069184912e+01,2.47069477248548501e+04
1.54686753583755197e-02,1.62026787313828926e+01,2.47158477974019734e+04
1.55383983127497412e-02,1.62084096604160095e+01,2.47242650766421575e+04
1.56084355338762335e-02,1.62138266321750812e+01,2.47322038513119005e+04
1.56787884382697078e-02,1.62189284520987336e+01,2.47396680427385327e+04
1.57494584488296480e-02,1.62237132793233592e+01,2.47466562576791621e+04
1.58204469948690397e-02,1.62281788177845101e+01,2.47531633262716205e+04
1.58917555121433351e-02,1.62323227778860932e+01,2.47591840202399326e+04
1.59633854428794242e-02,1.62361428877642950e+01,2.47647131383481392e+04
1.60353382358048684e-02,1.62396370963963115e+01,2.47697463768220005e+04
1.61076153461771551e-02,1.62428038470931888e+01,2.47742815016288223e+04
1.61802182358131430e-02,1.62456416699487036e+01,2.47783165993162656e+04
1.62531483731186525e-02,1.62481491140944492e+01,2.47818497855750575e+04
1.63264072331181197e-02,1.62503247126480481e+01,2.47848791246977307e+04
1.63999962974844780e-02,1.62521666957153705e+01,2.47874019721573932e+04
1.64739170545690726e-02,1.62536731404210002e+01,2.47894153178990964e+04
1.65481709994318230e-02,1.62548421422901868e+01,2.47909161784937714e+04
1.66227596338713902e-02,1.62556718174021988e+01,2.47919016033877597e+04
1.66976844664556284e-02,1.62561603140356290e+01,2.47923688353332509e+04
1.67729470125520183e-02,1.62563058215775698e+01,2.47923154320029498e+04
1.68485487943583929e-02,1.62561065529940940e+01,2.47917390122866600e+04
1.69244913409336527e-02,1.62555607432001992e+01,2.47906372282957709e+04
1.70007761882287334e-02,1.62546666850894752e+01,2.47890077257398880e+04
1.70774048791176788e-02,1.62534229253226137e+01,2.47868479245199742e+04
1.71543789634287930e-02,1.62518281256410013e+01,2.47841551757309899e+04
1.72316999979760591e-02,1.62498809712656858e+01,2.47809268656682580e+04
1.73093695465905521e-02,1.62475801662644415e+01,2.47771604197465313e+04
1.73873891801521428e-02,1.62449242499052922e+01,2.47728534234474282e+04
1.74657604766211838e-02,1.62419115369738165e+01,2.47680036621384315e+04
1.75444850210705154e-02,1.62385403500595231e+01,2.47626089698346332e+04
1.76235644057174366e-02,1.62348090369624884e+01,2.47566672185757234e+04
1.77030002299559848e-02,1.62307160036603548e+01,2.47501762948366231e+04
1.77827941003892362e-02,1.62262598348188156e+01,2.47431340111866120e+04
1.78629476308617939e-02,1.62214391859787526e+01,2.47355381868305849e+04
1.79434624424924805e-02,1.62162527391280022e+01,2.47273866812582419e+04
1.80243401637070547e-02,1.62106992001836439e+01,2.47186773900632652e+04
1.81055824302712269e-02,1.62047772367077663e+01,2.47094081415611581e+04
1.81871908853236536e-02,1.61984854783414036e+01,2.46995766974990765e+04
1.82691671794092472e-02,1.61918225798716122e+01,2.46891808577122247e+04
1.83515129705125145e-02,1.61847872244426050e+01,2.46782184654482953e+04
1.84342299240911091e-02,1.61773781452333694e+01,2.46666875312022021e+04
1.85173197131094994e-02,1.61695941772720495e+01,2.46545865307521744e+04
1.86007840180728266e-02,1.61614342003395457e+01,2.46419140736433365e+04
1.86846245270608641e-02,1.61528971237306465e+01,2.46286688136479861e+04
1.87688429357621908e-02,1.61439818841898131e+01,2.46148494269421208e+04
1.88534409475084701e-02,1.61346874137260805e+01,2.46004543094318287e+04
1.89384202733088869e-02,1.61250126484487737e+01,2.45854816566254885e+04
1.90237826318847940e-02,1.61149565547535580e+01,2.45699297053102673e+04
1.91095297497044063e-02,1.61045181303440899e+01,2.45537967403787698e+04
1.91956633610178180e-02,1.60936964188218887e+01,2.45370811482027675e+04
1.92821852078919609e-02,1.60824905315431756e+01,2.45197814969167739e+04
1.93690970402459438e-02,1.60708996174815759e+01,2.45018964241666436e+04
1.94564006158863580e-02,1.60589228579760572e+01,2.44834246170241677e+04
1.95440977005429152e-02,1.60465594727884771e+01,2.44643648317978914e+04
1.96321900679040547e-02,1.60338087717803646e+01,2.44447160670126686e+04
1.97206794996529454e-02,1.60206701305427757e+01,2.44244774810670824e+04
1.98095677855033986e-02,1.60071429582480960e+01,2.44036482837879812e+04
1.98988567232361233e-02,1.59932266965094207e+01,2.43822277338952554e+04
1.99885481187351138e-02,1.59789207135526610e+01,2.43602149712922474e+04
2.00786437860241002e-02,1.59642242119681050e+01,2.43376088708778152e+04
2.01691455473033132e-02,1.59491364078318867e+01,2.43144083263050088e+04
2.02600552329862751e-02,1.59336565530105290e+01,2.42906122852783992e+04
2.03513746817368772e-02,1.59177839900613716e+01,2.42662198088711630e+04
2.04431057405065064e-02,1.59015184796485052e+01,2.42412304246728600e+04
2.05352502645714668e-02,1.58848599804293844e+01,2.42156438895578249e+04
2.06278101175704325e-02,1.58678084860757806e+01,2.41894600140660878e+04
2.07207871715422154e-02,1.58503640217429496e+01,2.41626786590877200e+04
2.08141833069635553e-02,1.58325265036399401e+01,2.41352996018713857e+04
2.09080004127871893e-02,1.58142956815493907e+01,2.41073224812571243e+04
2.10022403864800755e-02,1.57956713267410986e+01,2.40787469772803488e+04
2.10969051340617227e-02,1.57766532474305556e+01,2.40495728260572432e+04
2.11919965701427813e-02,1.57572413210602988e+01,2.40197998743034404e+04
2.12875166179637282e-02,1.57374356240504074e+01,2.39894282985942336e+04
2.13834672094338207e-02,1.57172363203096790e+01,2.39584584168752626e+04
2.14798502851700872e-02,1.56966436102497724e+01,2.39268906022434276e+04
2.15766677945366768e-02,1.56756577287954784e+01,2.38947252824037532e+04
2.16739216956841792e-02,1.56542788930623935e+01,2.38619629223015654e+04
2.17716139555893286e-02,1.56325072992369183e+01,2.38286040232146479e+04
2.18697465500947048e-02,1.56103431783468789e+01,2.37946491415500604e+04
2.19683214639487569e-02,1.55877867992566479e+01,2.37600988899679251e+04
2.20673406908459095e-02,1.55648387052697821e+01,2.37249539411322839e+04
2.21668062334668681e-02,1.55415003444726327e+01,2.36892150374251833e+04
2.22667201035191969e-02,1.55177733955609849e+01,2.36528829808672781e+04
2.23670843217779157e-02,1.54936595673012611e+01,2.36159586302135467e+04
2.24679009181264523e-02,1.54691605302325925e+01,2.35784429144095375e+04
2.25691719315976175e-02,1.54442768868426619e+01,2.35403370342797825e+04
2.26708994104149221e-02,1.54190083893996466e+01,2.35016424199391986e+04
2.27730854120339367e-02,1.53933548077981381e+01,2.34623605609442093e+04
2.28757320031839663e-02,1.53673159560168777e+01,2.34224930012818695e+04
2.29788412599097741e-02,1.53408920347107536e+01,2.33820413476257345e+04
2.30824152676136658e-02,1.53140842081782900e+01,2.33410072832444421e+04
2.31864561210975706e-02,1.52868938294280188e+01,2.32993925492274029e+04
2.32909659246054654e-02,1.52593222856319155e+01,2.32571989406966604e+04
2.33959467918659382e-02,1.52313709931679426e+01,2.32144283195728240e+04
2.35014008461349004e-02,1.52030413498843213e+01,2.31710827401564638e+04
2.36073302202385663e-02,1.51743347558573820e+01,2.31271643940161048e+04
2.37137370566165573e-02,1.51452526451527660e+01,2.30826755258237317e+04
2.38206235073652808e-02,1.51157964869198373e+01,2.30376184330891228e+04
2.39279917342813814e-02,1.50859678817630378e+01,2.29919956144255520e+04
2.40358439089055596e-02,1.50557686576294980e+01,2.29458099170647583e+04
2.41441822125663952e-02,1.50252006971671115e+01,2.28990642712100962e+04
2.42530088364245541e-02,1.49942659143114163e+01,2.28517616540029849e+04
2.43623259815170211e-02,1.49629662439665783e+01,2.28039050414600279e+04
2.44721358588016677e-02,1.49313035754771963e+01,2.27554970952774602e+04
2.45824406892019842e-02,1.48992797946350546e+01,2.27065403616430121e+04
2.46932427036519325e-02,1.48668968185914565e+01,2.26570374365879106e+04
2.48045441431411461e-02,1.48341565995354490e+01,2.26069909776976965e+04
2.49163472587601714e-02,1.48010613237317816e+01,2.25564043018210978e+04
2.50286543117460882e-02,1.47676135107350461e+01,2.25052816831762393e+04
2.51414675735281458e-02,1.47338157311741078e+01,2.24536275067279239e+04
2.52547893257738000e-02,1.46996705811818060e+01,2.24014461918260167e+04
2.53686218604347695e-02,1.46651806957979183e+01,2.23487420961775497e+04
2.54829674797934745e-02,1.46303488093740359e+01,2.22955190934103048e+04
2.55978284965095171e-02,1.45951777051018059e+01,2.22417809205681988e+04
2.57132072336665567e-02,1.45596701892176661e+01,2.21875313542189069e+04
2.58291060248191755e-02,1.45238290896835629e+01,2.21327742231442862e+04
2.59455272140401635e-02,1.44876572296766000e+01,2.20775137753735435e+04
2.60624731559679149e-02,1.44511574238442737e+01,2.20217547250318639e+04
2.61799462158540074e-02,1.44143325072892843e+01,2.19655018389412435e+04
2.62979487696111056e-02,1.43771853368769218e+01,2.19087599123660075e+04
2.64164832038609326e-02,1.43397189086788259e+01,2.18515338297539420e+04
2.65355519159826275e-02,1.43019367035976384e+01,2.17938287444045927e+04
2.66551573141611542e-02,1.42638423316822855e+01,2.17356498926082349e+04
2.67753018174360854e-02,1.42254394156579433e+01,2.16770025324677154e+04
2.68959878557504355e-02,1.41867315910369598e+01,2.16178919531044776e+04
2.70172178699999085e-02,1.41477225163542712e+01,2.15583236414194434e+04
2.71389943120821792e-02,1.41084158709253433e+01,2.14983032546391187e+04
2.72613196449465120e-02,1.40688153447086126e+01,2.14378364699739286e+04
2.73841963426436283e-02,1.40289246375283572e+01,2.13769289788490096e+04
2.75076268903756346e-02,1.39887475381920190e+01,2.13155865945113692e+04
2.76316137845464098e-02,1.39482880732620487e+01,2.12538154544540885e+04
2.77561595328119810e-02,1.39075503151050572e+01,2.11916217590142078e+04
2.78812666541313446e-02,1.38665383396097237e+01,2.11290117137221387e+04
2.80069376788173070e-02,1.38252562459868962e+01,2.10659915588050171e+04
2.81331751485877704e-02,1.37837083758673966e+01,2.10025678958293283e+04
2.82599816166170456e-02,1.37418992259959651e+01,2.09387475575093049e+04
2.83873596475875609e-02,1.36998332918798660e+01,2.08745373745788238e+04
2.85153118177416676e-02,1.36575150647096475e+01,2.08099441713132765e+04
2.86438407149338069e-02,1.36149490811364693e+01,2.07449748620594655e+04
2.87729489386828220e-02,1.35721399794915669e+01,2.06796365602162587e+04
2.89026391002245100e-02,1.35290924034962483e+01,2.06139363922833872e+04
2.90329138225644962e-02,1.34858109875292538e+01,2.05478814696288609e+04
2.91637757405312087e-02,1.34423003895279987e+01,2.04814789261117912e+04
2.92952275008292462e-02,1.33985655308179243e+01,2.04147361938622998e+04
2.94272717620928242e-02,1.33546114516008263e+01,2.03476608367186454e+04
2.95599111949396420e-02,1.33104431752899224e+01,2.02802603938549764e+04
2.96931484820247941e-02,1.32660657096437689e+01,2.02125423836226764e+04
2.98269863180951229e-02,1.32214842233129382e+01,2.01445146855006096e+04
2.99614274100436402e-02,1.31767041505234559e+01,2.00761857667331860e+04
3.00964744769643515e-02,1.31317309245716043e+01,2.00075641068387195e+04
3.02321302502071704e-02,1.30865699509411328e+01,1.99386581399331080e+04
3.03683974734332042e-02,1.30412266399426269e+01,1.98694762540729862e+04
3.05052789026702721e-02,1.29957065671575975e+01,1.98000267921551203e+04
3.06427773063685689e-02,1.29500153457945633e+01,1.97303180493879954e+04
3.07808954654567556e-02,1.29041585544933266e+01,1.96603582714534241e+04
3.09196361733980983e-02,1.28581417418502646e+01,1.95901556667801051e+04
3.10590022362470623e-02,1.28119705965274804e+01,1.95197188335679602e+04
3.11989964727059851e-02,1.27656509808037502e+01,1.94490568445061508e+04
3.13396217141821698e-02,1.27191887268017698e+01,1.93781787366393546e+04
3.14808808048450406e-02,1.26725896229305697e+01,1.93070934779817471e+04
3.16227766016838052e-02,1.26258594895408667e+01,1.92358100532823373e+04
3.17653119745650928e-02,1.25790044246495381e+01,1.91643377431363806e+04
3.19084898062910877e-02,1.25320305607166400e+01,1.90926858472484746e+04
3.20523129926578512e-02,1.24849439769142769e+01,1.90208635844782148e+04
3.21967844425137956e-02,1.24377507091173172e+01,1.89488801095174094e+04
3.23419070778186227e-02,1.23904569477716500e+01,1.88767448415430699e+04
3.24876838337023258e-02,1.23430690168143187e+01,1.88044674292829113e+04
3.26341176585246417e-02,1.22955931856111693e+01,1.87320574387957313e+04
3.27812115139345939e-02,1.22480356612968126e+01,1.86595243407986600e+04
3.29289683749304854e-02,1.22004026974055897e+01,1.85868776433823659e+04
3.30773912299199627e-02,1.21527008205563867e+01,1.85141271691026777e+04
3.32264830807805847e-02,1.21049365519964134e+01,1.84412827143258182e+04
3.33762469429204067e-02,1.20571163409508397e+01,1.83683539676118453e+04
3.35266858453390354e-02,1.20092465812834703e+01,1.82953505538691934e+04
3.36778028306889132e-02,1.19613338135017315e+01,1.82222825650654449e+04
3.38296009553367902e-02,1.19133846538448100e+01,1.81491603743914638e+04
3.39820832894256117e-02,1.18654056420878931e+01,1.80759942369994096e+04
3.41352529169365315e-02,1.18174032386328527e+01,1.80027942813059672e+04
3.42891129357513688e-02,1.17693839406589724e+01,1.79295704957736889e+04
3.44436664577151969e-02,1.17213544300419077e+01,1.78563327122314331e+04
3.45989166086993413e-02,1.16733213390516806e+01,1.77830906315851062e+04
3.47548665286645103e-02,1.16252912125228676e+01,1.77098538278223423e+04
3.49115193717244379e-02,1.15772705621704510e+01,1.76366318818999644e+04
3.50688783062095139e-02,1.15292662937916912e+01,1.75634354341806429e+04
3.52269465147310237e-02,1.14812854688340451e+01,1.74902755970553808e+04
3.53857271942453894e-02,1.14333350502689388e+01,1.74171633288822704e+04
3.55452235561188948e-02,1.13854218960416436e+01,1.73441094190980111e+04
3.57054388261926273e-02,1.13375524153568588e+01,1.72711237442692327e+04
3.58663762448476961e-02,1.12897323285994329e+01,1.71982147484303314e+04
3.60280390670708398e-02,1.12419672138140054e+01,1.71253906257267045e+04
3.61904305625201234e-02,1.11942625660335491e+01,1.70526594486953472e+04
3.63535540155912398e-02,1.11466243431972512e+01,1.69800301070410387e+04
3.65174127254837763e-02,1.10990618537189381e+01,1.69075172733665822e+04
3.66820100062680843e-02,1.10515855936901648e+01,1.68351376836128256e+04
3.68473491869521635e-02,1.10042058894121766e+01,1.67629078025017880e+04
3.70134336115491430e-02,1.09569328467837774e+01,1.66908437346751125e+04
3.71802666391447614e-02,1.09097745484110842e+01,1.66189580588078097e+04
3.73478516439654240e-02,1.08627365526617155e+01,1.65472589479033522e+04
3.75161920154464049e-02,1.08158241647139945e+01,1.64757541570257999e+04
3.76852911583003755e-02,1.07690425977418975e+01,1.64044513061785110e+04
3.78551524925863150e-02,1.07223969531769505e+01,1.63333578408405028e+04
3.80257794537786215e-02,1.06758921490851737e+01,1.62624808895593742e+04
3.81971754928366672e-02,1.06295329888877550e+01,1.61918273999516805e+04
3.83693440762745003e-02,1.05833241890208836e+01,1.61214041932277414e+04
3.85422886862310798e-02,1.05372703964663739e+01,1.60512180005349855e+04
3.87160128205405601e-02,1.04913765452056520e+01,1.59812762103522964e+04
3.88905199928031853e-02,1.04456478419127432e+01,1.59115868379989861e+04
3.90658137324562116e-02,1.04000894113151521e+01,1.58421577811059396e+04
3.92418975848453713e-02,1.03547062815933657e+01,1.57729967884590114e+04
3.94187751112965931e-02,1.03095034607524365e+01,1.57041114618003685e+04
3.95964498891879374e-02,1.02644861119584618e+01,1.56355092581600275e+04
3.97749255120220871e-02,1.02196593511538811e+01,1.55671974903397204e+04
3.99542055894988798e-02,1.01750281950024117e+01,1.54991833281787658e+04
4.01342937475884370e-02,1.01305975618740494e+01,1.54314738202466087e+04
4.03151936286044038e-02,1.00863722716275106e+01,1.53640761600542992e+04
4.04969088912777234e-02,1.00423570471376635e+01,1.52969976088440708e+04
4.06794432108304807e-02,9.99855651650186594e+00,1.52302452873962484e+04
4.08628002790504263e-02,9.95497521503648208e+00,1.51638261737679604e+04
4.10469838043654445e-02,9.91161785894309766e+00,1.50977474600042060e+04
4.12319975119187498e-02,9.86848973737066615e+00,1.50320170630525517e+04
4.14178451436440706e-02,9.82559613368483120e+00,1.49666428712684228e+04
4.16045304583413864e-02,9.78294222470646879e+00,1.49016326134633327e+04
4.17920572317530201e-02,9.74053306590676904e+00,1.48369938726050514e+04
4.19804292566398687e-02,9.69837345212771140e+00,1.47727341866203024e+04
4.21696503428582517e-02,9.65646799135654632e+00,1.47088610002524183e+04
4.23597243174368143e-02,9.61482119479037500e+00,1.46453816055782590e+04
4.25506550246541257e-02,9.57343748522145432e+00,1.45823031502941558e+04
4.27424463261162069e-02,9.53232176860358393e+00,1.45196332744202427e+04
4.29351021008348363e-02,9.49147990046071044e+00,1.44573806300016840e+04
4.31286262453058275e-02,9.45091773091298215e+00,1.43955538193297471e+04
4.33230226735880006e-02,9.41064099301134860e+00,1.43341612714856874e+04
4.35182953173822093e-02,9.37065488998078244e+00,1.42732107101417696e+04
4.37144481261109094e-02,9.33096169192317859e+00,1.42127060528492839e+04
4.39114850669981086e-02,9.29156243421568462e+00,1.41526496030666876e+04
4.41094101251494480e-02,9.25245811348506919e+00,1.40930435938435858e+04
4.43082273036329854e-02,9.21364979655890615e+00,1.40338903515084148e+04
4.45079406235599703e-02,9.17514315171007588e+00,1.39751991301810904e+04
4.47085541241663553e-02,9.13695010902262084e+00,1.39169886161770864e+04
4.49100718628943144e-02,9.09908284811859147e+00,1.38592778601687478e+04
4.51124979154744685e-02,9.06155333125805384e+00,1.38020855732838281e+04
4.53158363760081881e-02,9.02437089057084840e+00,1.37454262757876986e+04
4.55200913570504920e-02,8.98753279357256218e+00,1.36892952379394064e+04
4.57252669896931335e-02,8.95103268477635794e+00,1.36336819542205594e+04
4.59313674236482214e-02,8.91486429622408139e+00,1.35785760658119307e+04
4.61383968273321662e-02,8.87902161204074858e+00,1.35239676283266872e+04
4.63463593879498842e-02,8.84350280974400071e+00,1.34698535283842612e+04
4.65552593115796040e-02,8.80831036680469381e+00,1.34162376569389598e+04
4.67651008232578408e-02,8.77344690962022611e+00,1.33631241510023283e+04
4.69758881670649386e-02,8.73891501086161959e+00,1.33105170635970117e+04
4.71876256062107868e-02,8.70471645457693555e+00,1.32584191572326017e+04
4.74003174231211882e-02,8.67085034670096277e+00,1.32068288020341497e+04
4.76139679195243387e-02,8.63731520554244980e+00,1.31557434073073910e+04
4.78285814165379311e-02,8.60410956212273881e+00,1.31051604069021250e+04
4.80441622547564742e-02,8.57123196340570104e+00,1.30550772771789398e+04
4.82607147943391671e-02,8.53868101775193189e+00,1.30054917984935164e+04
4.84782434150979949e-02,8.50645538417537672e+00,1.29564019925895755e+04
4.86967525165863321e-02,8.47455373461968442e+00,1.29078059044025867e+04
4.89162465181880030e-02,8.44297475256852081e+00,1.28597015952518777e+04
4.91367298592065502e-02,8.41171688396132566e+00,1.28120866671694075e+04
4.93582069989551286e-02,8.38077793457751063e+00,1.27649574940538914e+04
4.95806824168465721e-02,8.35015562933489974e+00,1.27183102896467099e+04
4.98041606124841330e-02,8.31984772016119045e+00,1.26721413134837803e+04
5.00286461057523404e-02,8.28985195585982737e+00,1.26264468573340400e+04
5.02541434369085729e-02,8.26016579795201977e+00,1.25812231203998999e+04
5.04806571666747209e-02,8.23078655139006798e+00,1.25364662662033243e+04
5.07081918763295711e-02,8.20171155212001857e+00,1.24921725043700135e+04
5.09367521678013788e-02,8.17293816675878304e+00,1.24483380864441315e+04
5.11663426637609317e-02,8.14446348480772997e+00,1.24049587138805837e+04
5.13969680077151631e-02,8.11628402725680864e+00,1.23620289775771889e+04
5.16286328641008749e-02,8.08839628953696099e+00,1.23195434029191656e+04
5.18613419183793015e-02,8.06079681181222263e+00,1.22774965852883561e+04
5.20950998771306517e-02,8.03348214907181912e+00,1.22358831794639773e+04
5.23299114681494912e-02,8.00644868474854299e+00,1.21946978383974038e+04
5.25657814405402074e-02,7.97969275186197979e+00,1.21539352515339069e+04
5.28027145648131968e-02,7.95321072933420403e+00,1.21135901751148849e+04
5.30407156329812113e-02,7.92699902264094103e+00,1.20736574014398175e+04
5.32797894586564333e-02,7.90105308669795203e+00,1.20341302292364489e+04
5.35199408771476759e-02,7.87536697164166366e+00,1.19949997526689913e+04
5.37611747455582697e-02,7.84993468574570219e+00,1.19562569952196300e+04
5.40034959428843248e-02,7.82475031228371343e+00,1.19178930927586571e+04
5.42469093701132832e-02,7.79980781887015162e+00,1.18798989712478287e+04
5.44914199503232083e-02,7.77510024385872534e+00,1.18422639704208468e+04
5.47370326287822118e-02,7.75062037956191041e+00,1.18049770000661556e+04
5.49837523730485195e-02,7.72636110605525328e+00,1.17680271050907922e+04
5.52315841730710022e-02,7.70231535795652267e+00,1.17314034135872989e+04
5.54805330412900255e-02,7.67847526262653002e+00,1.16950937880475103e+04
5.57306040127388963e-02,7.65483204933217287e+00,1.16590846832234274e+04
5.59818021451455108e-02,7.63137699996068886e+00,1.16233626341421914e+04
5.62341325190349184e-02,7.60810149966950711e+00,1.15879143354100306e+04
5.64876002378319614e-02,7.58499676168656922e+00,1.15527262355394887e+04
5.67422104279643180e-02,7.56205304715295057e+00,1.15177833871812436e+04
5.69979682389665024e-02,7.53926047657372678e+00,1.14830706427489986e+04
5.72548788435837952e-02,7.51660928554209029e+00,1.14485730311377738e+04
5.75129474378769795e-02,7.49408979646920503e+00,1.14142757154170486e+04
5.77721792413272359e-02,7.47169198552833436e+00,1.13801633457336284e+04
5.80325794969419884e-02,7.44940555797264992e+00,1.13462201717882763e+04
5.82941534713607365e-02,7.42722032592696912e+00,1.13124306072478248e+04
5.85569064549617407e-02,7.40512621910067548e+00,1.12787792456984735e+04
5.88208437619687288e-02,7.38311309577484387e+00,1.12452505707311611e+04
5.90859707305587331e-02,7.36117040121020860e+00,1.12118284319856593e+04
5.93522927229699140e-02,7.33928761063106450e+00,1.11784967246565557e+04
5.96198151256098069e-02,7.31745432242258254e+00,1.11452395324622375e+04
5.98885433491646302e-02,7.29566022471651188e+00,1.11120410958604243e+04
6.01584828287084761e-02,7.27389475305552757e+00,1.10788854905886601e+04
6.04296390238133335e-02,7.25214722981013704e+00,1.10457567581659314e+04
6.07020174186593264e-02,7.23040710214284932e+00,1.10126391289129097e+04
6.09756235221459303e-02,7.20866394499764862e+00,1.09795170235769110e+04
6.12504628680032026e-02,7.18690733802244974e+00,1.09463747647371220e+04
6.15265410149037628e-02,7.16512673211066708e+00,1.09131962637362158e+04
6.18038635465750497e-02,7.14331167918219379e+00,1.08799655593201951e+04
6.20824360719125501e-02,7.12145186550161569e+00,1.08466668954268243e+04
6.23622642250930212e-02,7.09953696649495658e+00,1.08132845097755671e+04
6.26433536656886003e-02,7.07755563054802028e+00,1.07798011539081217e+04
6.29257100787809637e-02,7.05549610100459379e+00,1.07461989991353857e+04
6.32093391750767064e-02,7.03334677866391456e+00,1.07124604558350147e+04
6.34942466910226877e-02,7.01109622143331723e+00,1.06785681717753068e+04
6.37804383889218202e-02,6.98873281904513988e+00,1.06445044819211071e+04
6.40679200570499763e-02,6.96624461038556753e+00,1.06102510993014384e+04
6.43566975097728672e-02,6.94361976772382050e+00,1.05757899332750221e+04
6.46467765876637263e-02,6.92084664519359549e+00,1.05411031711101823e+04
6.49381631576211593e-02,6.89791368031611185e+00,1.05061731157148515e+04
6.52308631129882577e-02,6.87480892140448940e+00,1.04709814079983043e+04
6.55248823736714614e-02,6.85152041094546593e+00,1.04355096571201320e+04
6.58202268862604634e-02,6.82803639639154003e+00,1.03997397868460102e+04
6.61169026241481828e-02,6.80434534454018092e+00,1.03636540569701974e+04
6.64149155876520292e-02,6.78043627521336045e+00,1.03272355541290162e+04
6.67142718041350141e-02,6.75629882349443633e+00,1.02904682835671247e+04
6.70149773281274452e-02,6.73192285727617801e+00,1.02533366071594701e+04
6.73170382414498419e-02,6.70729845734357877e+00,1.02158252144264752e+04
6.76204606533356289e-02,6.68241602728845407e+00,1.01779193654694718e+04
6.79252507005548012e-02,6.65726662984202555e+00,1.01396056399720674e+04
6.82314145475378664e-02,6.63184165881870147e+00,1.01008712009027895e+04
6.85389583865008423e-02,6.60613272739801349e+00,1.00617035417657116e+04
6.88478884375702399e-02,6.58013170912190226e+00,1.00220905428470505e+04
6.91582109489090047e-02,6.55383141141617642e+00,9.98202138610889961e+03
6.94699321968426792e-02,6.52722549722966949e+00,9.94148644941342900e+03
6.97830584859866487e-02,6.50030786578168929e+00,9.90047646650025854e+03
7.00975961493734839e-02,6.47307263326043003e+00,9.85898250142067809e+03
7.04135515485809077e-02,6.44551425448375603e+00,9.81699615808986164e+03
7.07309310738607200e-02,6.41762776404817181e+00,9.77450999641006820e+03
7.10497411442678750e-02,6.38940848371151482e+00,9.73151702560541889e+03
7.13699882077904191e-02,6.36085195723794783e+00,9.68801059080269442e+03
7.16916787414796086e-02,6.33195401062053254e+00,9.64398446069565216e+03
7.20148192515813468e-02,6.30271140994723211e+00,9.59943378349125669e+03
7.23394162736674812e-02,6.27312162390364314e+00,9.55435474201783472e+03
7.26654763727681424e-02,6.24318234190326660e+00,9.50874385379719388e+03
7.29930061435042216e-02,6.21289146457125785e+00,9.46259795683495031e+03
7.33220122102212074e-02,6.18224655831826464e+00,9.41591330077031307e+03
7.36525012271228713e-02,6.15124418891288638e+00,9.36868443650039262e+03
7.39844798784057428e-02,6.11988101269876505e+00,9.32090603337606808e+03
7.43179548783946403e-02,6.08815395028286233e+00,9.27257316815236663e+03
7.46529329716782569e-02,6.05606056098004863e+00,9.22368190892582788e+03
7.49894209332456346e-02,6.02360187543218206e+00,9.17423373240478759e+03
7.53274255686229716e-02,5.99078076133992088e+00,9.12423297539111445e+03
7.56669537140116505e-02,5.95760026021925704e+00,9.07368424109730586e+03
7.60080122364262395e-02,5.92406359012011219e+00,9.02259240309191773e+03
7.63506080338335058e-02,5.89017537793813073e+00,8.97096450322624514e+03
7.66947480352916655e-02,5.85594246794325279e+00,8.91881099686712150e+03
7.70404392010909378e-02,5.82137198228490238e+00,8.86614276586147207e+03
7.73876885228940714e-02,5.78647111493363031e+00,8.81297080120588362e+03
7.77365030238776344e-02,5.75124749916059930e+00,8.75930677908236794e+03
7.80868897588743449e-02,5.71571110344894873e+00,8.70516603234127433e+03
7.84388558145156373e-02,5.67987275887740317e+00,8.65056524259362777e+03
7.87924083093749783e-02,5.64374326933093773e+00,8.59552104577015598e+03
7.91475543941116549e-02,5.60733343097951487e+00,8.54005006320920256e+03
7.95043012516157693e-02,5.57065494577407083e+00,8.48417034965746825e+03
7.98626560971533034e-02,5.53372063819963600e+00,8.42790173697668251e+03
8.02226261785120992e-02,5.49654330442460015e+00,8.37126401031447676e+03
8.05842187761482143e-02,5.45913562891521842e+00,8.31427677613714332e+03
8.09474412033335949e-02,5.42151042738602218e+00,8.25695973272653100e+03
8.13123008063037500e-02,5.38368149166729459e+00,8.19933361603981575e+03
8.16788049644061875e-02,5.34566275704670346e+00,8.14141926367765336e+03
8.20469610902499341e-02,5.30746798130916364e+00,8.08323725301011746e+03
8.24167766298553872e-02,5.26911077814883644e+00,8.02480795991014747e+03
8.27882590628048753e-02,5.23060538547517240e+00,7.96615288546725787e+03
8.31614159023937316e-02,5.19196660134218479e+00,7.90729454635133789e+03
8.35362546957826441e-02,5.15320901219925442e+00,7.84825514400760676e+03
8.39127830241500755e-02,5.11434695700998088e+00,7.78905650348477684e+03
8.42910085028456407e-02,5.07539524365158456e+00,7.72972112600908895e+03
8.46709387815439557e-02,5.03637074099576054e+00,7.67027452839872331e+03
8.50525815443996386e-02,4.99729043926790428e+00,7.61074239253468386e+03
8.54359445102026022e-02,4.95817095885137338e+00,7.55114984338938393e+03
8.58210354325341929e-02,4.91902871341076242e+00,7.49152171178828394e+03
8.62078620999237322e-02,4.87988200782469583e+00,7.43188591132391412e+03
8.65964323360065430e-02,4.84075033738261329e+00,7.37227231041582399e+03
8.69867539996818928e-02,4.80165272694469358e+00,7.31271005908727420e+03
8.73788349852717694e-02,4.76260769607497636e+00,7.25322753246618231e+03
8.77726832226809472e-02,4.72363431302823322e+00,7.19385391738254020e+03
8.81683066775570956e-02,4.68475362794915817e+00,7.13462136979997285e+03
8.85657133514520661e-02,4.64598643709269155e+00,7.07556164926856582e+03
8.89649112819833471e-02,4.60735290521545604e+00,7.01670555057894580e+03
8.93659085429971828e-02,4.56887274760476370e+00,6.95808318596666049e+03
8.97687132447314157e-02,4.53056671321942250e+00,6.89972628521361003e+03
9.01733335339798686e-02,4.49245578012072500e+00,6.84166694765374177e+03
9.05797775942566441e-02,4.45456023616824659e+00,6.78393621624186289e+03
9.09880536459621442e-02,4.41689968716522952e+00,6.72656408938233017e+03
9.13981699465491182e-02,4.37949384248761131e+00,6.66958068125592672e+03
9.18101347906894599e-02,4.34236311174609035e+00,6.61301710322703457e+03
9.22239565104423786e-02,4.30552731745279527e+00,6.55690356414246889e+03
9.26396434754226256e-02,4.26900555976596419e+00,6.50126917139332545e+03
9.30572040929699695e-02,4.23281639999489556e+00,6.44614220492272125e+03
9.34766468083188251e-02,4.19697881930207028e+00,6.39155154640553428e+03
9.38979801047696294e-02,4.16151153481055314e+00,6.33752566075601499e+03
9.43212125038600802e-02,4.12643254986560226e+00,6.28409192659217570e+03
9.47463525655376088e-02,4.09175917404297262e+00,6.23127666959902126e+03
9.51734088883321866e-02,4.05750811832214708e+00,6.17910542432516559e+03
9.56023901095307688e-02,4.02369553978890870e+00,6.12760303931454018e+03
9.60333049053517102e-02,3.99033696412764005e+00,6.07679340442092962e+03
9.64661619911199725e-02,3.95744730044680759e+00,6.02669946202024312e+03
9.69009701214439273e-02,3.92504055334937263e+00,5.97734270280468718e+03
9.73377380903920342e-02,3.89312867759724446e+00,5.92874117341565761e+03
9.77764747316709620e-02,3.86172269329800599e+00,5.88091140728174923e+03
9.82171889188038355e-02,3.83083316744987634e+00,5.83386925565526508e+03
9.86598895653102159e-02,3.80047016136548788e+00,5.78762980931228958e+03
9.91045856248860824e-02,3.77064155808370183e+00,5.74220489676177749e+03
9.95512860915850895e-02,3.74135310606280891e+00,5.69760314991964606e+03
1.00000000000000047e-01,3.71261021537933544e+00,5.65383269143860980e+03
1.00450736425446274e-01,3.68441805814794243e+00,5.61090128522505165e+03
1.00903504484144840e-01,3.65678106212006560e+00,5.56881552999106225e+03
1.01358313333406641e-01,3.62970163918779853e+00,5.52757883626183138e+03
1.01815172171818222e-01,3.60318168169794495e+00,5.48719380434694085e+03
1.02274090239427393e-01,3.57722298504231695e+00,5.44766289503934331e+03
1.02735076817930343e-01,3.55182719012227155e+00,5.40898836252914316e+03
1.03198141230858909e-01,3.52699481707382034e+00,5.37117107802563260e+03
1.03663292843769822e-01,3.50272554358619237e+00,5.33421087259032720e+03
1.04130541064433688e-01,3.47901902705913368e+00,5.29810754379543414e+03
1.04599895343025426e-01,3.45587493303215165e+00,5.26286089282255762e+03
1.05071365172315079e-01,3.43329207584903440e+00,5.22846937711953979e+03
1.05544960087860323e-01,3.41126708754108643e+00,5.19492802329151527e+03
1.06020689668199081e-01,3.38979635919357358e+00,5.16223147134705050e+03
1.06498563535042959e-01,3.36887640600962968e+00,5.13037454724613326e+03
1.06978591353472402e-01,3.34850349231491995e+00,5.09935169233771467e+03
1.07460782832131771e-01,3.32867016221058298e+00,5.06915168274078587e+03
1.07945147723425949e-01,3.30936693411457661e+00,5.03976020888333551e+03
1.08431695823717172e-01,3.29058457472228794e+00,5.01116333699613369e+03
1.08920436973523715e-01,3.27231410145087098e+00,4.98334751137443345e+03
1.09411381057718582e-01,3.25454454734479226e+00,4.95629596297168791e+03
1.09904538005729593e-01,3.23726095553585136e+00,4.92998548685614151e+03
1.10399917791739813e-01,3.22044826806121831e+00,4.90439269294999940e+03
1.10897530434889882e-01,3.20409180390823600e+00,4.87949477503881917e+03
1.11397385999480333e-01,3.18817675091295305e+00,4.85526876991214613e+03
1.11899494595174925e-01,3.17268511172019840e+00,4.83168711309292303e+03
1.12403866377205619e-01,3.15759774726685194e+00,4.80872060980164133e+03
1.12910511546577580e-01,3.14289592893433811e+00,4.78634069132333207e+03
1.13419440350275777e-01,3.12856128867712391e+00,4.76451933950041985e+03
1.13930663081471720e-01,3.11457400790962069e+00,4.74322637452443905e+03
1.14444190079732333e-01,3.10091202948813693e+00,4.72242827456767100e+03
1.14960031731228610e-01,3.08755351198469086e+00,4.70209184998266574e+03
1.15478198468945914e-01,3.07447701784874861e+00,4.68218452461404286e+03
1.15998700772894522e-01,3.06166089657534490e+00,4.66267341281984773e+03
1.16521549170322328e-01,3.04908077383710863e+00,4.64352156369449222e+03
1.17046754235927322e-01,3.03671168556048388e+00,4.62469115252376287e+03
1.17574326592071177e-01,3.02452907902415680e+00,4.60614497774767187e+03
1.18104276908994749e-01,3.01250873797190888e+00,4.58784634098093829e+03
1.18636615905033466e-01,3.00062519972730346e+00,4.56975647908168048e+03
1.19171354346834291e-01,2.98885162215626110e+00,4.55183434937831316e+03
1.19708503049573076e-01,2.97716148911980172e+00,4.53403939893609004e+03
1.20248072877173900e-01,2.96552869361824145e+00,4.51633170028847053e+03
1.20790074742528453e-01,2.95392736369430065e+00,4.49867171467713706e+03
1.21334519607716865e-01,2.94233139540074884e+00,4.48101965912754713e+03
1.21881418484229037e-01,2.93071494558706780e+00,4.46333617331084497e+03
1.22430782433188001e-01,2.91905258435703852e+00,4.44558252606773385e+03
1.22982622565573199e-01,2.90731931994746295e+00,4.42772064744239196e+03
1.23536950042445401e-01,2.89549095011628888e+00,4.40971357136380539e+03
1.24093776075172010e-01,2.88354399948156148e+00,4.39152535888246348e+03
1.24653111925654494e-01,2.87145542760766581e+00,4.37312073402771239e+03
1.25214968906555785e-01,2.85920263102267525e+00,4.35446508959716266e+03
1.25779358381528789e-01,2.84676395296940443e+00,4.33552532112544395e+03
1.26346291765446900e-01,2.83411956494677097e+00,4.31627126987777228e+03
1.26915780524634342e-01,2.82125031814876159e+00,4.29667383928107301e+03
1.27487836177098357e-01,2.80813751978318527e+00,4.27670462663948365e+03
1.28062470292761771e-01,2.79476309741775086e+00,4.25633618283206306e+03
1.28639694493697471e-01,2.78111111303669967e+00,4.23554441336785294e+03
1.29219520454363329e-01,2.76716713125196323e+00,4.21430757478340092e+03
1.29801959901838182e-01,2.75291720280732166e+00,4.19260466059523787e+03
1.30387024616058889e-01,2.73834787222941367e+00,4.17041541091576346e+03
1.30974726430059002e-01,2.72344714572105184e+00,4.14772167270880072e+03
1.31565077230207939e-01,2.70820548640193959e+00,4.12450879845796408e+03
1.32158088956450953e-01,2.69261407095992977e+00,4.10076320142929399e+03
1.32753773602551306e-01,2.67666456014263909e+00,4.07647203553101463e+03
1.33352143216332431e-01,2.66034952001936453e+00,4.05162383605664718e+03
1.33953209899921766e-01,2.64366518057842637e+00,4.02621271423515464e+03
1.34556985809995144e-01,2.62660968647871540e+00,4.00023569782555569e+03
1.35163483158023318e-01,2.60918159715340758e+00,3.97369045084138861e+03
1.35772714210518425e-01,2.59137994740804034e+00,3.94657536737747614e+03
1.36384691289282323e-01,2.57320786326828266e+00,3.91889515326589753e+03
1.36999426771655525e-01,2.55467441436098719e+00,3.89066368553320763e+03
1.37616933090767918e-01,2.53578929936798803e+00,3.86189580868815301e+03
1.38237222735790088e-01,2.51656234658801026e+00,3.83260656383284731e+03
1.38860308252185510e-01,2.49700459108034512e+00,3.80281285885059833e+03
1.39486202241965035e-01,2.47713318934081572e+00,3.77254108847173029e+03
1.40114917363941188e-01,2.45696725850977860e+00,3.74182068321683028e+03
1.40746466333984438e-01,2.43652570264972468e+00,3.71068073926690158e+03
1.41380861925280127e-01,2.41582726244264290e+00,3.67915008755548479e+03
1.42018116968587210e-01,2.39489257829660040e+00,3.64726025231158519e+03
1.42658244352497465e-01,2.37374443573924365e+00,3.61504580145978753e+03
1.43301257023696366e-01,2.35240530762371503e+00,3.58254081834965882e+03
1.43947167987224511e-01,2.33089719192973188e+00,3.54977866761565474e+03
1.44595990306741196e-01,2.30924262147716242e+00,3.51679352247435963e+03
1.45247737104788499e-01,2.28746772746616100e+00,3.48362499869909561e+03
1.45902421563056162e-01,2.26559897197555049e+00,3.45031321195233932e+03
1.46560056922648951e-01,2.24366204989870610e+00,3.41689711673001966e+03
1.47220656484354062e-01,2.22168209380243198e+00,3.38341483328686854e+03
1.47884233608910259e-01,2.19968741150538616e+00,3.34990959987580027e+03
1.48550801717277581e-01,2.17770883466095766e+00,3.31642873558794599e+03
1.49220374290909785e-01,2.15577621650236129e+00,3.28301806330570253e+03
1.49892964872026080e-01,2.13391831132127985e+00,3.24972171753718158e+03
1.50568587063885762e-01,2.11216347735307552e+00,3.21658314128362781e+03
1.51247254531062414e-01,2.09054101519793356e+00,3.18364698393067010e+03
1.51928980999721297e-01,2.06907942155053615e+00,3.15095662855011187e+03
1.52613780257896431e-01,2.04780601690068753e+00,3.11855366657883405e+03
1.53301666155769234e-01,2.02674703884409713e+00,3.08647802829567081e+03
1.53992652605949271e-01,2.00592844142323568e+00,3.05476906999875882e+03
1.54686753583755165e-01,1.98537560699885240e+00,3.02346518903069045e+03
1.55383983127497516e-01,1.96511280749387018e+00,2.99260309989303460e+03
1.56084355338762387e-01,1.94516323304421523e+00,2.96221788011681383e+03
1.56787884382697085e-01,1.92554922175895937e+00,2.93234346619648932e+03
1.57494584488296424e-01,1.90629251928188270e+00,2.90301321602365306e+03
1.58204469948690502e-01,1.88741395009560819e+00,2.87425911707096611e+03
1.58917555121433379e-01,1.86893341021332615e+00,2.84611173179586922e+03
1.59633854428794270e-01,1.85086940722315907e+00,2.81859947579969685e+03
1.60353382358048802e-01,1.83323534796042087e+00,2.79174280309925780e+03
1.61076153461771593e-01,1.81604190447011238e+00,2.76555790933509661e+03
1.61802182358131458e-01,1.79929926644758309e+00,2.74006025715271335e+03
1.62531483731186477e-01,1.78301715413903938e+00,2.71526459564800189e+03
1.63264072331181287e-01,1.76720184027516170e+00,2.69118036342097093e+03
1.63999962974844815e-01,1.75185435696789038e+00,2.66780892037929470e+03
1.64739170545690733e-01,1.73697523698732659e+00,2.64515086411247330e+03
1.65481709994318160e-01,1.72256501046747057e+00,2.62320679556133337e+03
1.66227596338714007e-01,1.70862352348225066e+00,2.60197632774091153e+03
1.66976844664556312e-01,1.69514648113772370e+00,2.58145305449485113e+03
1.67729470125520225e-01,1.68212822780940008e+00,2.56162859795972690e+03
1.68485487943583867e-01,1.66956335233176811e+00,2.54249494564342422e+03
1.69244913409336589e-01,1.65744656749748298e+00,2.52404426416750994e+03
1.70007761882287389e-01,1.64576852532903506e+00,2.50626241836620511e+03
1.70774048791176747e-01,1.63451491550201955e+00,2.48912757544153510e+03
1.71543789634288041e-01,1.62367159246880632e+00,2.47261814663889527e+03
1.72316999979760632e-01,1.61322489113227685e+00,2.45671327668961931e+03
1.73093695465905584e-01,1.60315998582908725e+00,2.44139033053984531e+03
1.73873891801521380e-01,1.59345546873305666e+00,2.42661658978189053e+03
1.74657604766211977e-01,1.58408862129263128e+00,2.41235732625422770e+03
1.75444850210705161e-01,1.57503734326443268e+00,2.39857875654700274e+03
1.76235644057174401e-01,1.56627992422218143e+00,2.38524769706665211e+03
1.77030002299559841e-01,1.55779129081078227e+00,2.37232591394571818e+03
1.77827941003892431e-01,1.54954329182452288e+00,2.35977055131582938e+03
1.78629476308617974e-01,1.54150826740749780e+00,2.34753950344827990e+03
1.79434624424924749e-01,1.53365915705393108e+00,2.33559157667956288e+03
1.80243401637070699e-01,1.52596843795978399e+00,2.32388484119704481e+03
1.81055824302712304e-01,1.51840586848245129e+00,2.31237312641546214e+03
1.81871908853236564e-01,1.51094115440644505e+00,2.30101016365639680e+03
1.82691671794092458e-01,1.50354459145228203e+00,2.28975058487398610e+03
1.83515129705125263e-01,1.49618710688594936e+00,2.27854999463630293e+03
1.84342299240911167e-01,1.48884096113937159e+00,2.26736614524932475e+03
1.85173197131095008e-01,1.48147950616940483e+00,2.25615853338951547e+03
1.86007840180728218e-01,1.47407663778164122e+00,2.24488748409342725e+03
1.86846245270608724e-01,1.46660679127813354e+00,2.23351414237933477e+03
1.87688429357621978e-01,1.45904570922572319e+00,2.22200164361056386e+03
1.88534409475084680e-01,1.45137146348217150e+00,2.21031667141112848e+03
1.89384202733088980e-01,1.44356290446377233e+00,2.19842709376970379e+03
1.90237826318847975e-01,1.43559941867982443e+00,2.18630159336138286e+03
1.91095297497044125e-01,1.42746117822838725e+00,2.17391002768387352e+03
1.91956633610178146e-01,1.41913101793680552e+00,2.16122612704267294e+03
1.92821852078919748e-01,1.41059344398523145e+00,2.14822607298568164e+03
1.93690970402459472e-01,1.40183352484806711e+00,2.13488690790257760e+03
1.94564006158863628e-01,1.39283694526674684e+00,2.12118661978232421e+03
1.95440977005429062e-01,1.38359340031705091e+00,2.10710941574262506e+03
1.96321900679040706e-01,1.37409908018917237e+00,2.09264958263810922e+03
1.97206794996529516e-01,1.36435116647302346e+00,2.07780293456458503e+03
1.98095677855033930e-01,1.35434722378122152e+00,2.06256586706316602e+03
1.98988567232361357e-01,1.34408634651198367e+00,2.04693710626101097e+03
1.99885481187351166e-01,1.33357536868999604e+00,2.03092718144426067e+03
2.00786437860241029e-01,1.32282419615378810e+00,2.01455130430239478e+03
2.01691455473033077e-01,1.31184277153659679e+00,1.99782473895374892e+03
2.02600552329862904e-01,1.30064114703936085e+00,1.98076291022540750e+03
2.03513746817368835e-01,1.28923317174324747e+00,1.96338692781569057e+03
2.04431057405065120e-01,1.27763754237537452e+00,1.94572516012678102e+03
2.05352502645714613e-01,1.26587294691149643e+00,1.92780595748015367e+03
2.06278101175704470e-01,1.25395768714741851e+00,1.90965708619500219e+03
2.07207871715422182e-01,1.24191078847782088e+00,1.89130744515539095e+03
2.08141833069635518e-01,1.22975609782147988e+00,1.87279340261276593e+03
2.09080004127872005e-01,1.21751831081747208e+00,1.85415265369834606e+03
2.10022403864800811e-01,1.20522134572276074e+00,1.83542170642552537e+03
2.10969051340617247e-01,1.19288846067590848e+00,1.81663605975541941e+03
2.11919965701427765e-01,1.18054513958787366e+00,1.79783458879231807e+03
2.12875166179637448e-01,1.16821894969958096e+00,1.77905932825717764e+03
2.13834672094338263e-01,1.15593652345493836e+00,1.76035088626810534e+03
2.14798502851700934e-01,1.14372342736028165e+00,1.74174824512991654e+03
2.15766677945366692e-01,1.13160468404384718e+00,1.72328955057155872e+03
2.16739216956841924e-01,1.11960599574565123e+00,1.70501396118647654e+03
2.17716139555893334e-01,1.10775232554249836e+00,1.68695950446931192e+03
2.18697465500947097e-01,1.09606754237988402e+00,1.66916254076233918e+03
2.19683214639487756e-01,1.08457433015370053e+00,1.65165762229874554e+03
2.20673406908459130e-01,1.07329250031837131e+00,1.63447488838929394e+03
2.21668062334668736e-01,1.06223956782729823e+00,1.61764095342971564e+03
2.22667201035191942e-01,1.05143222504530520e+00,1.60118118061283735e+03
2.23670843217779330e-01,1.04088641812207006e+00,1.58511979902872076e+03
2.24679009181264572e-01,1.03061547041363988e+00,1.56947709696385368e+03
2.25691719315976203e-01,1.02062730541307323e+00,1.55426526789168315e+03
2.26708994104149186e-01,1.01092876026109257e+00,1.53949486584608098e+03
2.27730854120339499e-01,1.00152639031932322e+00,1.52517601052016607e+03
2.28757320031839712e-01,9.92425881154756939e-01,1.51131747211347056e+03
2.29788412599097797e-01,9.83626577392592738e-01,1.49791816078057832e+03
2.30824152676136624e-01,9.75124356305231310e-01,1.48497159575256956e+03
2.31864561210975761e-01,9.66915224040588273e-01,1.47247149846644538e+03
2.32909659246054696e-01,9.58995331724336264e-01,1.46041181891609676e+03
2.33959467918659375e-01,9.51358146043745800e-01,1.44878253272736333e+03
2.35014008461349150e-01,9.43992058436527115e-01,1.43756608966749172e+03
2.36073302202385732e-01,9.36885286069713441e-01,1.42674469216340117e+03
2.37137370566165628e-01,9.30026451595146630e-01,1.41630115585220392e+03
2.38206235073652739e-01,9.23403478005210498e-01,1.40621719910878505e+03
2.39279917342813980e-01,9.16997090468885112e-01,1.39646338080280088e+03
2.40358439089055659e-01,9.10785341384674263e-01,1.38700610856507728e+03
2.41441822125664007e-01,9.04746892010380610e-01,1.37781272145150797e+03
2.42530088364245472e-01,8.98860956648838139e-01,1.36885140698007604e+03
2.43623259815170273e-01,8.93105902622944869e-01,1.36008916358949659e+03
2.44721358588016719e-01,8.87458686140094377e-01,1.35149097841207117e+03
2.45824406892019787e-01,8.81896691846019598e-01,1.34302249910405999e+03
2.46932427036519492e-01,8.76397861337755435e-01,1.33465021911913982e+03
2.48045441431411523e-01,8.70940667767840071e-01,1.32634141786431155e+03
2.49163472587601770e-01,8.65504073341586633e-01,1.31806401028200548e+03
2.50286543117460847e-01,8.60067548475370702e-01,1.30978665231951641e+03
2.51414675735281645e-01,8.54611081417442908e-01,1.30147879033522122e+03
2.52547893257738076e-01,8.49115237723819916e-01,1.29311075328917377e+03
2.53686218604347757e-01,8.43562600005121177e-01,1.28465598470132613e+03
2.54829674797934669e-01,8.37937838530550483e-01,1.27609115191594628e+03
2.55978284965095337e-01,8.32226168049536419e-01,1.26739375338563264e+03
2.57132072336665629e-01,8.26413282537548088e-01,1.25854201713229986e+03
2.58291060248191706e-01,8.20486897315704011e-01,1.24951723933616586e+03
2.59455272140401816e-01,8.14440807396333177e-01,1.24030993851791982e+03
2.60624731559679246e-01,8.08270416104394762e-01,1.23091307533602753e+03
2.61799462158540108e-01,8.01971416662320524e-01,1.22132005349463748e+03
2.62979487696111014e-01,7.95540157303003093e-01,1.21152528027917856e+03
2.64164832038609465e-01,7.88979050591956055e-01,1.20153247151150140e+03
2.65355519159826303e-01,7.82295277932775757e-01,1.19135266249846063e+03
2.66551573141611597e-01,7.75496099561281960e-01,1.18099700735577426e+03
2.67753018174360813e-01,7.68588709259063974e-01,1.17047655581808158e+03
2.68959878557504528e-01,7.61581997030649993e-01,1.15980490573918428e+03
2.70172178699999155e-01,7.54489470562389020e-01,1.14900259954143212e+03
2.71389943120821708e-01,7.47325088423634099e-01,1.13809085302031826e+03
2.72613196449465300e-01,7.40102422689879469e-01,1.12709029490749845e+03
2.73841963426436352e-01,7.32835007452808607e-01,1.11602150135735087e+03
2.75076268903756416e-01,7.25539846983245584e-01,1.10491037480584782e+03
2.76316137845464049e-01,7.18235733175484281e-01,1.09378556428973093e+03
2.77561595328120025e-01,7.10940806153564586e-01,1.08267472535547085e+03
2.78812666541313481e-01,7.03672523596215904e-01,1.07160447299345515e+03
2.80069376788173174e-01,6.96448427946694704e-01,1.06060155381466961e+03
2.81331751485877635e-01,6.89286886710480773e-01,1.04969397709272698e+03
2.82599816166170636e-01,6.82205691308005346e-01,1.03890887396825519e+03
2.83873596475875623e-01,6.75221886261775928e-01,1.02827223644133937e+03
2.85153118177416620e-01,6.68351359702337833e-01,1.01780829000884160e+03
2.86438407149338214e-01,6.61606047006945475e-01,1.00753521021950507e+03
2.87729489386828297e-01,6.54995870411874570e-01,9.97468093514846032e+02
2.89026391002245142e-01,6.48530311493710099e-01,9.87621365680373287e+02
2.90329138225644878e-01,6.42218403719225450e-01,9.78008770707536996e+02
2.91637757405312281e-01,6.36066576047627841e-01,9.68640093911137001e+02
2.92952275008292518e-01,6.30077655056097474e-01,9.59519645598165994e+02
2.94272717620928270e-01,6.24254066132897356e-01,9.50651125835314247e+02
2.95599111949396365e-01,6.18598130779648092e-01,9.42038076316531829e+02
2.96931484820248115e-01,6.13110930017995215e-01,9.33682144873421635e+02
2.98269863180951278e-01,6.07787256899786743e-01,9.25575378393860888e+02
2.99614274100436506e-01,6.02619971681680799e-01,9.17706872737743879e+02
3.00964744769643688e-01,5.97602176265884077e-01,9.10066092874990773e+02
3.02321302502071787e-01,5.92727087951563592e-01,9.02642681085458094e+02
3.03683974734332063e-01,5.87984739991776140e-01,8.95421447452230382e+02
3.05052789026702631e-01,5.83361613700403292e-01,8.88381811166763441e+02
3.06427773063685904e-01,5.78844399900402817e-01,8.81503511218147878e+02
3.07808954654567646e-01,5.74420193181525152e-01,8.74766901223007267e+02
3.09196361733981018e-01,5.70076063963840141e-01,8.68152287259608556e+02
3.10590022362470575e-01,5.65797847023843170e-01,8.61638052262606152e+02
3.11989964727060087e-01,5.61571389145565147e-01,8.55202588460238076e+02
3.13396217141821753e-01,5.57382946661461487e-01,8.48824913302023447e+02
3.14808808048450517e-01,5.53219189495613328e-01,8.42484678411032860e+02
3.16227766016838274e-01,5.49067442224993818e-01,8.36162584402842072e+02
3.17653119745651025e-01,5.44915635578674395e-01,8.29840298555599929e+02
3.19084898062910960e-01,5.40752078304831740e-01,8.23500063879805225e+02
3.20523129926578443e-01,5.36565451798042159e-01,8.17124689440214411e+02
3.21967844425138205e-01,5.32346131144507462e-01,8.10699538040791708e+02
3.23419070778186324e-01,5.28088642785199625e-01,8.04216224079787594e+02
3.24876838337023355e-01,5.23788419340431965e-01,7.97667731014384344e+02
3.26341176585246362e-01,5.19441095939292108e-01,7.91047352750385926e+02
3.27812115139346161e-01,5.15042876885072998e-01,7.84349257978521564e+02
3.29289683749304896e-01,5.10594455141606618e-01,7.77574522697102225e+02
3.30773912299199724e-01,5.06099371901218231e-01,7.70728605387437369e+02
3.32264830807805778e-01,5.01561167573193245e-01,7.63816962046376261e+02
3.33762469429204123e-01,4.96983337549866622e-01,7.56844977811061426e+02
3.35266858453390326e-01,4.92370928494154703e-01,7.49820373873700760e+02
3.36778028306889021e-01,4.87732301547304015e-01,7.42755866095073884e+02
3.38296009553368082e-01,4.83076005939431175e-01,7.35664450719803199e+02
3.39820832894256186e-01,4.78410315709635270e-01,7.28558705759514055e+02
3.41352529169365315e-01,4.73743543714396143e-01,7.21451272560336292e+02
3.42891129357513647e-01,4.69086306170621969e-01,7.14358328518544340e+02
3.44436664577152218e-01,4.64450094494222365e-01,7.07297396947260040e+02
3.45989166086993483e-01,4.59845967881937656e-01,7.00285342092970154e+02
3.47548665286645186e-01,4.55284537251897325e-01,6.93338344511313949e+02
3.49115193717244254e-01,4.50775119531777790e-01,6.86470607749683040e+02
3.50688783062095388e-01,4.46325262720325411e-01,6.79693632025687407e+02
3.52269465147310334e-01,4.41942075632916875e-01,6.73018247669934567e+02
3.53857271942453866e-01,4.37632369022298962e-01,6.66454830880072564e+02
3.55452235561189156e-01,4.33402276195284708e-01,6.60012725614806300e+02
3.57054388261926370e-01,4.29255378119816511e-01,6.53697386593222745e+02
3.58663762448477030e-01,4.25194264937751587e-01,6.47512758778328248e+02
3.60280390670708273e-01,4.21221407668278369e-01,6.41462605705037959e+02
3.61904305625201428e-01,4.17339076875027193e-01,6.35550385498379342e+02
3.63535540155912440e-01,4.13546414724231814e-01,6.29774787665651274e+02
3.65174127254837888e-01,4.09838914230844009e-01,6.24128939276922210e+02
3.66820100062680732e-01,4.06211993805246974e-01,6.18605853809052405e+02
3.68473491869521885e-01,4.02661219078911725e-01,6.13198769273855646e+02
3.70134336115491458e-01,3.99181768773064438e-01,6.07900333643907629e+02
3.71802666391447600e-01,3.95766728483614605e-01,6.02700002808034128e+02
3.73478516439654462e-01,3.92408808264652964e-01,5.97586659934087152e+02
3.75161920154464146e-01,3.89100951031419451e-01,5.92549543300480309e+02
3.76852911583003880e-01,3.85836279373385993e-01,5.87578165705295646e+02
3.78551524925863081e-01,3.82607247304185050e-01,5.82661030722823398e+02
3.80257794537786409e-01,3.79405735385204945e-01,5.77785776581184678e+02
3.81971754928366769e-01,3.76223856388335387e-01,5.72940395316568129e+02
3.83693440762745086e-01,3.73053982358662828e-01,5.68113273690331084e+02
3.85422886862310687e-01,3.69889472188223600e-01,5.63294298552884243e+02
3.87160128205405907e-01,3.66726184327748783e-01,5.58477155038004184e+02
3.88905199928031964e-01,3.63560566796391704e-01,5.53656424806231939e+02
3.90658137324562060e-01,3.60389202247784701e-01,5.48826894888218135e+02
3.92418975848453977e-01,3.57208968155206030e-01,5.43983802359666925e+02
3.94187751112966001e-01,3.54018944343527042e-01,5.39125747958927263e+02
3.95964498891879457e-01,3.50819708280375953e-01,5.34253619697208364e+02
3.97749255120220802e-01,3.47611869955534947e-01,5.29368354993779235e+02
3.99542055894989034e-01,3.44396046082687701e-01,5.24470901246604740e+02
4.01342937475884398e-01,3.41174128875908866e-01,5.19564148126581472e+02
4.03151936286044121e-01,3.37950878866940863e-01,5.14655353368724491e+02
4.04969088912777053e-01,3.34731303984842299e-01,5.09752151205871144e+02
4.06794432108305071e-01,3.31520237471056967e-01,5.04861909548537540e+02
4.08628002790504319e-01,3.28322386799270172e-01,4.99991803852826990e+02
4.10469838043654556e-01,3.25142713845401055e-01,4.95149391106583153e+02
4.12319975119187832e-01,3.21986215885506633e-01,4.90342279220129228e+02
4.14178451436440831e-01,3.18857697475676605e-01,4.85577782661573963e+02
4.16045304583413933e-01,3.15761768305592161e-01,4.80862919278336790e+02
4.17920572317530103e-01,3.12702530606482842e-01,4.76203939323117481e+02
4.19804292566398951e-01,3.09683368886183918e-01,4.71606008687536132e+02
4.21696503428582559e-01,3.06707471697429235e-01,4.67073995248603410e+02
4.23597243174368254e-01,3.03777892625162249e-01,4.62612560869128060e+02
4.25506550246541160e-01,3.00897144300988850e-01,4.58225540537507243e+02
4.27424463261162402e-01,2.98065029159159944e-01,4.53912625063194810e+02
4.29351021008348432e-01,2.95280329330355973e-01,4.49671945315114101e+02
4.31286262453058344e-01,2.92541856054928107e-01,4.45501677009468096e+02
4.33230226735880297e-01,2.89848426645831214e-01,4.41400005841611573e+02
4.35182953173822162e-01,2.87197936893763828e-01,4.37363723172211678e+02
4.37144481261109219e-01,2.84587117902403597e-01,4.33387857871856340e+02
4.39114850669980961e-01,2.82012725507134021e-01,4.29467476953871312e+02
4.41094101251494841e-01,2.79471621314630159e-01,4.25597808235800755e+02
4.43082273036329910e-01,2.76960587361505528e-01,4.21773955188964919e+02
4.45079406235599773e-01,2.74475677854394806e-01,4.17989899418910568e+02
4.47085541241663442e-01,2.72012841266216832e-01,4.14239458023591908e+02
4.49100718628943407e-01,2.69568164332581739e-01,4.10516659108118006e+02
4.51124979154744865e-01,2.67137907740361780e-01,4.06815796392053812e+02
4.53158363760081950e-01,2.64719321584007017e-01,4.03132676702972617e+02
4.55200913570504795e-01,2.62310594427810018e-01,3.99464542062691407e+02
4.57252669896931419e-01,2.59910017316531239e-01,3.95808790801035741e+02
4.59313674236482339e-01,2.57515946509073224e-01,3.92162920551950492e+02
4.61383968273321565e-01,2.55127301205281209e-01,3.88525287613068656e+02
4.63463593879499147e-01,2.52744709238661214e-01,3.84896854872464985e+02
4.65552593115796221e-01,2.50369127620467480e-01,3.81279087243557058e+02
4.67651008232578547e-01,2.48001482941195561e-01,3.77673403044787847e+02
4.69758881670649331e-01,2.45642729121823139e-01,3.74081261588728751e+02
4.71876256062108146e-01,2.43294607123714618e-01,3.70505315368907304e+02
4.74003174231212021e-01,2.40959402440622916e-01,3.66949042273430734e+02
4.76139679195243415e-01,2.38639329051565957e-01,3.63415811287332701e+02
4.78285814165379186e-01,2.36336515693980315e-01,3.59908861687607953e+02
4.80441622547565061e-01,2.34053053417327545e-01,3.56431377576090426e+02
4.82607147943391823e-01,2.31791062577936885e-01,3.52986592902997472e+02
4.84782434150979824e-01,2.29552594064769827e-01,3.49577636422343119e+02
4.86967525165863613e-01,2.27339613724108297e-01,3.46207507163070659e+02
4.89162465181880168e-01,2.25153892430943331e-01,3.42878906508027171e+02
4.91367298592065627e-01,2.22996038851673545e-01,3.39592760726948484e+02
4.93582069989551231e-01,2.20866021718275435e-01,3.36349018750690277e+02
4.95806824168465998e-01,2.18763795278354961e-01,3.33147607546338975e+02
4.98041606124841385e-01,2.16689301636136977e-01,3.29988435724553369e+02
5.00286461057523502e-01,2.14641967130441702e-01,3.26870627905137269e+02
5.02541434369085604e-01,2.12620300353246278e-01,3.23791913601633325e+02
5.04806571666747472e-01,2.10622758015720890e-01,3.20749943551187130e+02
5.07081918763295891e-01,2.08647846762237577e-01,3.17742444494326890e+02
5.09367521678013691e-01,2.06694086023781531e-01,3.14767162085393409e+02
5.11663426637609664e-01,2.04759799388086083e-01,3.11821540157113304e+02
5.13969680077151714e-01,2.02843264847222121e-01,3.08902951733925988e+02
5.16286328641008874e-01,2.00942819086807611e-01,3.06008859386058475e+02
5.18613419183792890e-01,1.99056863005884710e-01,3.03136823695392479e+02
5.20950998771306795e-01,1.97184143261324690e-01,3.00284934557753331e+02
5.23299114681495037e-01,1.95323849332022209e-01,2.97451959881511129e+02
5.25657814405402157e-01,1.93475228463711568e-01,2.94636755732019935e+02
5.28027145648131913e-01,1.91637554963849266e-01,2.91838219300456331e+02
5.30407156329812501e-01,1.89810302076549309e-01,2.89055550042213781e+02
5.32797894586564458e-01,1.87993812430238716e-01,2.86289268322242037e+02
5.35199408771476648e-01,1.86188676796389230e-01,2.83540271530937503e+02
5.37611747455583044e-01,1.84395462842482011e-01,2.80809421964258718e+02
5.40034959428843275e-01,1.82614725842107667e-01,2.78097563288560650e+02
5.42469093701132943e-01,1.80847259624179885e-01,2.75405906453232603e+02
5.44914199503231944e-01,1.79094098132706353e-01,2.72736032081114672e+02
5.47370326287822229e-01,1.77356245638557064e-01,2.70089475568318221e+02
5.49837523730485223e-01,1.75634664263138701e-01,2.67467707889046835e+02
5.52315841730710133e-01,1.73930177627085125e-01,2.64871986850765097e+02
5.54805330412900366e-01,1.72243223601574402e-01,2.62302975419633754e+02
5.57306040127389157e-01,1.70574139778699979e-01,2.59761182365183458e+02
5.59818021451455317e-01,1.68923245474313477e-01,2.57247088826315235e+02
5.62341325190349295e-01,1.67290813209399702e-01,2.54761105200338562e+02
5.64876002378319808e-01,1.65676643683667052e-01,2.52302928632494968e+02
5.67422104279643347e-01,1.64080178798755583e-01,2.49871713873360733e+02
5.69979682389665121e-01,1.62500866285469087e-01,2.47466624485069445e+02
5.72548788435838119e-01,1.60938169534435099e-01,2.45086847696887077e+02
5.75129474378769934e-01,1.59391486235608143e-01,2.42731468257305011e+02
5.77721792413272484e-01,1.57860018761514315e-01,2.40399267455925781e+02
5.80325794969419939e-01,1.56342960709233980e-01,2.38089012401786221e+02
5.82941534713607545e-01,1.54839532363148014e-01,2.35799511027265936e+02
5.85569064549617546e-01,1.53348998554465488e-01,2.33529639659830764e+02
5.88208437619687441e-01,1.51870843447212966e-01,2.31278612788043489e+02
5.90859707305587456e-01,1.50404684336542305e-01,2.29045850028379903e+02
5.93522927229699238e-01,1.48950152080726289e-01,2.26830791595285490e+02
5.96198151256098208e-01,1.47506890521466733e-01,2.24632897373605033e+02
5.98885433491646468e-01,1.46074721481397191e-01,2.22451896598521955e+02
6.01584828287084927e-01,1.44653797051127353e-01,2.20288018301494333e+02
6.04296390238133418e-01,1.43244299007496995e-01,2.18141536458401504e+02
6.07020174186593264e-01,1.41846399734189998e-01,2.16012710852713354e+02
6.09756235221459386e-01,1.40460277956313717e-01,2.13901811782771119e+02
6.12504628680032193e-01,1.39086217618592162e-01,2.11809275387831462e+02
6.15265410149037795e-01,1.37724540165868908e-01,2.09735597248278282e+02
6.18038635465750663e-01,1.36375551699295577e-01,2.07681249355570827e+02
6.20824360719125612e-01,1.35039541059522927e-01,2.05646677104375470e+02
6.23622642250930337e-01,1.33716675094922272e-01,2.03632135561576376e+02
6.26433536656886059e-01,1.32406952973307401e-01,2.01637618034798152e+02
6.29257100787809720e-01,1.31110357468719407e-01,1.99663092561363612e+02
6.32093391750767175e-01,1.29826868196220968e-01,1.97708522587965518e+02
6.34942466910227044e-01,1.28556421953014699e-01,1.95773807668228045e+02
6.37804383889218229e-01,1.27298742893782846e-01,1.93858529530778810e+02
6.40679200570499874e-01,1.26053492232596626e-01,1.91962175917414271e+02
6.43566975097728866e-01,1.24820340630248230e-01,1.90084248817264296e+02
6.46467765876637235e-01,1.23598967796411899e-01,1.88224263758189437e+02
6.49381631576211760e-01,1.22389055874422975e-01,1.86381736874543464e+02
6.52308631129882799e-01,1.21190288755675765e-01,1.84556183648967163e+02
6.55248823736714892e-01,1.20002359181741555e-01,1.82747132987556853e+02
6.58202268862604689e-01,1.18824968950956303e-01,1.80954127712395007e+02
6.61169026241481994e-01,1.17657868391052897e-01,1.79176785674287686e+02
6.64149155876520458e-01,1.16500968188313722e-01,1.77414972886075219e+02
6.67142718041350169e-01,1.15354216969517268e-01,1.75668613999855552e+02
6.70149773281274563e-01,1.14217562830369837e-01,1.73937632748134746e+02
6.73170382414498558e-01,1.13090957405549433e-01,1.72221958044465623e+02
6.76204606533356345e-01,1.11974421996296869e-01,1.70521623058505696e+02
6.79252507005548178e-01,1.10868033848407654e-01,1.68836744660599066e+02
6.82314145475378830e-01,1.09771866418784267e-01,1.67167433932152676e+02
6.85389583865008589e-01,1.08685987538990295e-01,1.65513793416274098e+02
6.88478884375702482e-01,1.07610440829885662e-01,1.63875888455880187e+02
6.91582109489090158e-01,1.06545212374637113e-01,1.62253695800245680e+02
6.94699321968426986e-01,1.05490276605782876e-01,1.60647174359414294e+02
6.97830584859866598e-01,1.04445606032755892e-01,1.59056280200713559e+02
7.00975961493735089e-01,1.03411163857238531e-01,1.57480955639824657e+02
7.04135515485809327e-01,1.02386826116125151e-01,1.55921014220911815e+02
7.07309310738607366e-01,1.01372416082975064e-01,1.54376191539566207e+02
7.10497411442678861e-01,1.00367760200848713e-01,1.52846227874653323e+02
7.13699882077904246e-01,9.93726889587564360e-02,1.51330869467551736e+02
7.16916787414796142e-01,9.83870406514559953e-02,1.49829871421854506e+02
7.20148192515813523e-01,9.74106653660523070e-02,1.48343000782818535e+02
7.23394162736675006e-01,9.64434175133614680e-02,1.46870030609482569e+02
7.26654763727681452e-01,9.54851547039216458e-02,1.45410739037664968e+02
7.29930061435042354e-01,9.45357430959654493e-02,1.43964917987449581e+02
7.33220122102212213e-01,9.35950950126162584e-02,1.42532434398875807e+02
7.36525012271228796e-01,9.26631446073640508e-02,1.41113190621841284e+02
7.39844798784057511e-01,9.17398264020967275e-02,1.39707089481943342e+02
7.43179548783946653e-01,9.08250754927646675e-02,1.38314034573572769e+02
7.46529329716782764e-01,8.99188487192518898e-02,1.36933962023942399e+02
7.49894209332456541e-01,8.90211360365121968e-02,1.35566857555772884e+02
7.53274255686229965e-01,8.81319284019769777e-02,1.34212708310200725e+02
7.56669537140116755e-01,8.72512147536986249e-02,1.32871498315270060e+02
7.60080122364262589e-01,8.63789745954276489e-02,1.31543196872272972e+02
7.63506080338335225e-01,8.55151430279003644e-02,1.30227703791661071e+02
7.66947480352916822e-01,8.46596401080035033e-02,1.28924895369249413e+02
7.70404392010909600e-01,8.38123866456137595e-02,1.27634649123229707e+02
7.73876885228940825e-01,8.29733037780883836e-02,1.26356843188911711e+02
7.77365030238776455e-01,8.21422992756964815e-02,1.25091336827326714e+02
7.80868897588743782e-01,8.13192654714339630e-02,1.23837967476617266e+02
7.84388558145156511e-01,8.05040957039800387e-02,1.22596574149635259e+02
7.87924083093749950e-01,7.96966852987195384e-02,1.21366998827618474e+02
7.91475543941116633e-01,7.88969355994790789e-02,1.20149092155323402e+02
7.95043012516157943e-01,7.81047666197482032e-02,1.18942731317761897e+02
7.98626560971533284e-01,7.73201038072878488e-02,1.17747801332519217e+02
8.02226261785121242e-01,7.65428734545491041e-02,1.16564188560875607e+02
8.05842187761482420e-01,7.57730034784695333e-02,1.15391781958930011e+02
8.09474412033336144e-01,7.50104378441602687e-02,1.14230496226874706e+02
8.13123008063037833e-01,7.42551344134680519e-02,1.13080268355562339e+02
8.16788049644062042e-01,7.35070511605662169e-02,1.11941035502399316e+02
8.20469610902499591e-01,7.27661456735472223e-02,1.10812734190941427e+02
8.24167766298554039e-01,7.20323720057312461e-02,1.09695295145668936e+02
8.27882590628048920e-01,7.13056743745051902e-02,1.08588632956364222e+02
8.31614159023937427e-01,7.05859953613978686e-02,1.07492659526176553e+02
8.35362546957826635e-01,6.98732778078984401e-02,1.06407287180008311e+02
8.39127830241500838e-01,6.91674639806708486e-02,1.05332427436962419e+02
8.42910085028456657e-01,6.84684858980523087e-02,1.04267976790464473e+02
8.46709387815439696e-01,6.77762691160691128e-02,1.03213822272996097e+02
8.50525815443996636e-01,6.70907400599215636e-02,1.02169852232435915e+02
8.54359445102026327e-01,6.64118261627421880e-02,1.01135956536017574e+02
8.58210354325342095e-01,6.57394576615466936e-02,1.00112029306999460e+02
8.62078620999237599e-01,6.50735697644108518e-02,9.90979722269340471e+01
8.65964323360065680e-01,6.44140989507713396e-02,9.80936888992167439e+01
8.69867539996819206e-01,6.37609823851903734e-02,9.70990839562571892e+01
8.73788349852717916e-01,6.31141589630958705e-02,9.61140645350633918e+01
8.77726832226809583e-01,6.24735773532627062e-02,9.51385516292976803e+01
8.81683066775571067e-01,6.18391911617196324e-02,9.41724732621655676e+01
8.85657133514520911e-01,6.12109540921720596e-02,9.32157576543843334e+01
8.89649112819833721e-01,6.05888198889045493e-02,9.22683331506115678e+01
8.93659085429971967e-01,5.99727406285772840e-02,9.13301263772005143e+01
8.97687132447314462e-01,5.93626656239838596e-02,9.04010610604604636e+01
9.01733335339798936e-01,5.87585441800015165e-02,8.94810610028919911e+01
9.05797775942566719e-01,5.81603258848252189e-02,8.85700503989913130e+01
9.09880536459621636e-01,5.75679596473924957e-02,8.76679523503365630e+01
9.13981699465491348e-01,5.69813887477486347e-02,8.67746812261826079e+01
9.18101347906894905e-01,5.64005547637200233e-02,8.58901487256315903e+01
9.22239565104424064e-01,5.58253999221780053e-02,8.50142675079488299e+01
9.26396434754226616e-01,5.52558671174902538e-02,8.41469511918921995e+01
9.30572040929699806e-01,5.46919006883263698e-02,8.32881144735183057e+01
9.34766468083188307e-01,5.41334465904119919e-02,8.24376731444623090e+01
9.38979801047696516e-01,5.35804513922515865e-02,8.15955439161347442e+01
9.43212125038601079e-01,5.30328622005696512e-02,8.07616443974629306e+01
9.47463525655376171e-01,5.24906270953760870e-02,7.99358942483382435e+01
9.51734088883322116e-01,5.19536966388169513e-02,7.91182191684109171e+01
9.56023901095307993e-01,5.14220223674932003e-02,7.83085469205134785e+01
9.60333049053517351e-01,5.08955562147320809e-02,7.75068058096373704e+01
9.64661619911200030e-01,5.03742505659250661e-02,7.67129247266800292e+01
9.69009701214439412e-01,4.98580594450642248e-02,7.59268340963313193e+01
9.73377380903920564e-01,4.93469384101564920e-02,7.51484657930266877e+01
9.77764747316709926e-01,4.88408433526688127e-02,7.43777521809496704e+01
9.82171889188038438e-01,4.83397304465059061e-02,7.36146260726651178e+01
9.86598895653102326e-01,4.78435553796721785e-02,7.28590196942779329e+01
9.91045856248861101e-01,4.73522716472348851e-02,7.21108623868534124e+01
9.95512860915851117e-01,4.68658326497978853e-02,7.13700834310619143e+01
1.00000000000000067e+00,4.63841922214696945e-02,7.06366127575065974e+01
1.00450736425446285e+00,4.59073044869294997e-02,6.99103806918330548e+01
1.00903504484144868e+00,4.54351220814009499e-02,6.91913147651559655e+01
1.01358313333406658e+00,4.49675967492978237e-02,6.84793407885010055e+01
1.01815172171818236e+00,4.45046807608693931e-02,6.77743853935753719e+01
1.02274090239427418e+00,4.40463269423246664e-02,6.70763760882047819e+01
1.02735076817930349e+00,4.35924899770854732e-02,6.63852436406746165e+01
1.03198141230858931e+00,4.31431281827288488e-02,6.57009253351205160e+01
1.03663292843769850e+00,4.26982006878315890e-02,6.50233598033724007e+01
1.04130541064433713e+00,4.22576669468569463e-02,6.43524861381224440e+01
1.04599895343025451e+00,4.18214870430766369e-02,6.36882442530116109e+01
1.05071365172315101e+00,4.13896242435318057e-02,6.30305779180945152e+01
1.05544960087860340e+00,4.09620435801132179e-02,6.23794330743733951e+01
1.06020689668199108e+00,4.05387102264611401e-02,6.17347559057512214e+01
1.06498563535042989e+00,4.01195894339994030e-02,6.10964927513555338e+01
1.06978591353472408e+00,3.97046419349346633e-02,6.04645835456364154e+01
1.07460782832131785e+00,3.92938204634897398e-02,5.98389568540598944e+01
1.07945147723425983e+00,3.88870775569551685e-02,5.92195410037822825e+01
1.08431695823717189e+00,3.84843664477292763e-02,5.86062653559816624e+01
1.08920436973523738e+00,3.80856427998110952e-02,5.79990628772410091e+01
1.09411381057718615e+00,3.76908745390352184e-02,5.73978846954908377e+01
1.09904538005729613e+00,3.73000344659561583e-02,5.68026891618684289e+01
1.10399917791739832e+00,3.69130953079213134e-02,5.62134345243320368e+01
1.10897530434889902e+00,3.65300295569759778e-02,5.56300786836454648e+01
1.11397385999480369e+00,3.61508030068452835e-02,5.50525694514407036e+01
1.11899494595174964e+00,3.57753727213005260e-02,5.44808414877968943e+01
1.12403866377205652e+00,3.54036957162960630e-02,5.39148293879132510e+01
1.12910511546577630e+00,3.50357296127076501e-02,5.33544686659020542e+01
1.13419440350275802e+00,3.46714343219741775e-02,5.27996983175198267e+01
1.13930663081471750e+00,3.43107784415755263e-02,5.22504705433079266e+01
1.14444190079732366e+00,3.39537331945021781e-02,5.17067415347397557e+01
1.14960031731228640e+00,3.36002698705016381e-02,5.11684675841539089e+01
1.15478198468945936e+00,3.32503596470295967e-02,5.06356048059681285e+01
1.15998700772894558e+00,3.29039693833958827e-02,5.01081025897330505e+01
1.16521549170322380e+00,3.25610617074680378e-02,4.95859037350005636e+01
1.17046754235927342e+00,3.22215994952894796e-02,4.90689514242276985e+01
1.17574326592071210e+00,3.18855460787025105e-02,4.85571895458792326e+01
1.18104276908994787e+00,3.15528665896764038e-02,4.80505648042184603e+01
1.18636615905033471e+00,3.12235312873193199e-02,4.75490319407360786e+01
1.19171354346834324e+00,3.08975116540942014e-02,4.70525476075325599e+01
1.19708503049573101e+00,3.05747793132479760e-02,4.65610686683224699e+01
1.20248072877173917e+00,3.02553057265356855e-02,4.60745517572967458e+01
1.20790074742528475e+00,2.99390578897971438e-02,4.55929469952580533e+01
1.21334519607716884e+00,2.96259995632383276e-02,4.51161997858486359e+01
1.21881418484229065e+00,2.93160949083689920e-02,4.46442561252325660e+01
1.22430782433188035e+00,2.90093085844842918e-02,4.41770627427089337e+01
1.22982622565573241e+00,2.87056081924116357e-02,4.37145704925647749e+01
1.23536950042445426e+00,2.84049680317728405e-02,4.32567395692854575e+01
1.24093776075172046e+00,2.81073635111473985e-02,4.28035317476191111e+01
1.24653111925654514e+00,2.78127701031263448e-02,4.23549089316248839e+01
1.25214968906555812e+00,2.75211627959235441e-02,4.19108323793400004e+01
1.25779358381528827e+00,2.72325110127772108e-02,4.14712555236178630e+01
1.26346291765446939e+00,2.69467811946872277e-02,4.10361276209656651e+01
1.26915780524634347e+00,2.66639402074682341e-02,4.06053985651149674e+01
1.27487836177098401e+00,2.63839553984729948e-02,4.01790189684108157e+01
1.28062470292761788e+00,2.61067968675358017e-02,3.97569435683877543e+01
1.28639694493697521e+00,2.58324394637797390e-02,3.93391342231425511e+01
1.29219520454363357e+00,2.55608586944302482e-02,3.89255537747776543e+01
1.29801959901838226e+00,2.52920302063512868e-02,3.85161652718886955e+01
1.30387024616058933e+00,2.50259296603042546e-02,3.81109317493539805e+01
1.30974726430059030e+00,2.47625319518744620e-02,3.77098148638606077e+01
1.31565077230207983e+00,2.45018117623080310e-02,3.73127758586865497e+01
1.32158088956450981e+00,2.42437439722722921e-02,3.69197762884054512e+01
1.32753773602551339e+00,2.39883036485946839e-02,3.65307779983245169e+01
1.33352143216332464e+00,2.37354653498688430e-02,3.61457420378917931e+01
1.33953209899921810e+00,2.34852028440982463e-02,3.57646282187744191e+01
1.34556985809995200e+00,2.32374900895761030e-02,3.53873966493855505e+01
1.35163483158023334e+00,2.29923013147992766e-02,3.50140078597761999e+01
1.35772714210518441e+00,2.27496111890507571e-02,3.46444231727409147e+01
1.36384691289282367e+00,2.25093955395771102e-02,3.42786062587817639e+01
1.36999426771655552e+00,2.22716307012253110e-02,3.39165217290907961e+01
1.37616933090767923e+00,2.20362932112061101e-02,3.35581344760267370e+01
1.38237222735790111e+00,2.18033598175994513e-02,3.32034096630956412e+01
1.38860308252185538e+00,2.15728077418340242e-02,3.28523125072048572e+01
1.39486202241965063e+00,2.13446146904997767e-02,3.25048082664319153e+01
1.40114917363941194e+00,2.11187585577536086e-02,3.21608624814762152e+01
1.40746466333984466e+00,2.08952174087067566e-02,3.18204409867271707e+01
1.41380861925280166e+00,2.06739692097607196e-02,3.14835097646397308e+01
1.42018116968587238e+00,2.04549910925505701e-02,3.11500345509659660e+01
1.42658244352497499e+00,2.02382601718955300e-02,3.08199812701614810e+01
1.43301257023696427e+00,2.00237537935470250e-02,3.04933161661933063e+01
1.43947167987224534e+00,1.98114495273862233e-02,3.01700057580059173e+01
1.44595990306741218e+00,1.96013250952666550e-02,2.98500161780956219e+01
1.45247737104788532e+00,1.93933583846809567e-02,2.95333133206828471e+01
1.45902421563056195e+00,1.91875275086826717e-02,2.92198634261097787e+01
1.46560056922648996e+00,1.89838108055418661e-02,2.89096330954196077e+01
1.47220656484354095e+00,1.87821869394079084e-02,2.86025895076778269e+01
1.47884233608910276e+00,1.85826350755177415e-02,2.82987007974444857e+01
1.48550801717277614e+00,1.83851346295314175e-02,2.79979355172779663e+01
1.49220374290909796e+00,1.81896652146740466e-02,2.77002625252085366e+01
1.49892964872026124e+00,1.79962066293598913e-02,2.74056509926933138e+01
1.50568587063885806e+00,1.78047387482920712e-02,2.71140705120750880e+01
1.51247254531062447e+00,1.76152415698686074e-02,2.68254910430255009e+01
1.51928980999721319e+00,1.74276952901401203e-02,2.65398828316691002e+01
1.52613780257896470e+00,1.72420803037317480e-02,2.62572164080187633e+01
1.53301666155769278e+00,1.70583774598199490e-02,2.59774627726718634e+01
1.53992652605949298e+00,1.68765683212546008e-02,2.57005935858225811e+01
1.54686753583755165e+00,1.66966346736252720e-02,2.54265808059719873e+01
1.55383983127497549e+00,1.65185584561889330e-02,2.51553966381599317e+01
1.56084355338762415e+00,1.63423217437857517e-02,2.48870135355908033e+01
1.56787884382697129e+00,1.61679066300897227e-02,2.46214042209559913e+01
1.57494584488296452e+00,1.59952953032621269e-02,2.43585416693668826e+01
1.58204469948690529e+00,1.58244701098288892e-02,2.40983990936467691e+01
1.58917555121433418e+00,1.56554135536114067e-02,2.38409499409707593e+01
1.59633854428794297e+00,1.54881082790209006e-02,2.35861677992559571e+01
1.60353382358048813e+00,1.53225370620769345e-02,2.33340263492668250e+01
1.61076153461771598e+00,1.51586828324455046e-02,2.30844995004273272e+01
1.61802182358131508e+00,1.49965286743834973e-02,2.28375614016640966e+01
1.62531483731186510e+00,1.48360578289437797e-02,2.25931864721727784e+01
1.63264072331181320e+00,1.46772537083235972e-02,2.23513495484334861e+01
1.63999962974844848e+00,1.45200998813797832e-02,2.21120257550200066e+01
1.64739170545690783e+00,1.43645800655441015e-02,2.18751904366602048e+01
1.65481709994318216e+00,1.42106781178989797e-02,2.16408191424208276e+01
1.66227596338714045e+00,1.40583778012637016e-02,2.14088871999603576e+01
1.66976844664556334e+00,1.39076627542290467e-02,2.11793696614202567e+01
1.67729470125520241e+00,1.37585167659302864e-02,2.09522418046125267e+01
1.68485487943583911e+00,1.36109237908581000e-02,2.07274791604928552e+01
1.69244913409336628e+00,1.34648679806165465e-02,2.05050575395647314e+01
1.70007761882287434e+00,1.33203337833724626e-02,2.02849531170347959e+01
1.70774048791176791e+00,1.31773058348912432e-02,2.00671423371311235e+01
1.71543789634288091e+00,1.30357689210202302e-02,1.98516018794313744e+01
1.72316999979760666e+00,1.28957079595718276e-02,1.96383086421466366e+01
1.73093695465905606e+00,1.27571077044821030e-02,1.94272394862281779e+01
1.73873891801521419e+00,1.26199527945362565e-02,1.92183712762422090e+01
1.74657604766211993e+00,1.24842280290558515e-02,1.90116811167267521e+01
1.75444850210705217e+00,1.23499183759973614e-02,1.88071463581339096e+01
1.76235644057174445e+00,1.22170092321672204e-02,1.86047448675978586e+01
1.77030002299559874e+00,1.20854869263996752e-02,1.84044555531677432e+01
1.77827941003892454e+00,1.19553380493426873e-02,1.82062576639695806e+01
1.78629476308618029e+00,1.18265493025766742e-02,1.80101306321399264e+01
1.79434624424924793e+00,1.16991075106004545e-02,1.78160541253662750e+01
1.80243401637070733e+00,1.15729997613693864e-02,1.76240086487744243e+01
1.81055824302712343e+00,1.14482133478202488e-02,1.74339752963919672e+01
1.81871908853236608e+00,1.13247356618329555e-02,1.72459352993731727e+01
1.82691671794092492e+00,1.12025541897845370e-02,1.70598700129438647e+01
1.83515129705125313e+00,1.10816560809825805e-02,1.68757600008982500e+01
1.84342299240911189e+00,1.09620276490883205e-02,1.66935839778346278e+01
1.85173197131095080e+00,1.08436552365060845e-02,1.65133206448557495e+01
1.86007840180728246e+00,1.07265253441890980e-02,1.63349489658013916e+01
1.86846245270608757e+00,1.06106247366433860e-02,1.61584483934907936e+01
1.87688429357622000e+00,1.04959412340587949e-02,1.59838005718097680e+01
1.88534409475084708e+00,1.03824632203453355e-02,1.58109882797410481e+01
1.89384202733089024e+00,1.02701791713531894e-02,1.56399944187393878e+01
1.90237826318848002e+00,1.01590776444623609e-02,1.54708019912382948e+01
1.91095297497044170e+00,1.00491468216491447e-02,1.53033931327041426e+01
1.91956633610178184e+00,9.94037423221857605e-03,1.51377485245439267e+01
1.92821852078919775e+00,9.83274747449371968e-03,1.49738489246205333e+01
1.93690970402459528e+00,9.72625428803975192e-03,1.48116753210094920e+01
1.94564006158863667e+00,9.62088262626116693e-03,1.46512091035067034e+01
1.95440977005429106e+00,9.51662102581203422e-03,1.44924329320511109e+01
1.96321900679040739e+00,9.41345830418522343e-03,1.43353300276816498e+01
1.97206794996529533e+00,9.31138338430178951e-03,1.41798837616846889e+01
1.98095677855033991e+00,9.21038528780416914e-03,1.40260776411226633e+01
1.98988567232361402e+00,9.11045294429697027e-03,1.38738948713122667e+01
1.99885481187351211e+00,9.01157515206598911e-03,1.37233182664752071e+01
2.00786437860241085e+00,8.91374081485622922e-03,1.35743307949187884e+01
2.01691455473033132e+00,8.81693895634993487e-03,1.34269156132354919e+01
2.02600552329862937e+00,8.72115888842274825e-03,1.32810563460755908e+01
2.03513746817368846e+00,8.62639077500641956e-03,1.31367380236272577e+01
2.04431057405065175e+00,8.53262505941676692e-03,1.29939461295790739e+01
2.05352502645714674e+00,8.43985225232477508e-03,1.28526662486625476e+01
2.06278101175704531e+00,8.34806290425201859e-03,1.27128840240804539e+01
2.07207871715422254e+00,8.25724706270322163e-03,1.25745843165134161e+01
2.08141833069635540e+00,8.16739433089935622e-03,1.24377512951515250e+01
2.09080004127872066e+00,8.07849440685064028e-03,1.23023692728896314e+01
2.10022403864800866e+00,7.99053710400968696e-03,1.21684227383603787e+01
2.10969051340617320e+00,7.90351247019967229e-03,1.20358965337071915e+01
2.11919965701427815e+00,7.81741104461995510e-03,1.19047762387968259e+01
2.12875166179637487e+00,7.73222353235461166e-03,1.17750476845411534e+01
2.13834672094338307e+00,7.64794072385909310e-03,1.16466968324865867e+01
2.14798502851700945e+00,7.56455347639744830e-03,1.15197097476504418e+01
2.15766677945366769e+00,7.48205249161220005e-03,1.13940722736682059e+01
2.16739216956841974e+00,7.40042839437172421e-03,1.12697701478709078e+01
2.17716139555893395e+00,7.31967190698963946e-03,1.11467892556257286e+01
2.18697465500947130e+00,7.23977385229418544e-03,1.10251156348236155e+01
2.19683214639487767e+00,7.16072523726406663e-03,1.09047356152542889e+01
2.20673406908459180e+00,7.08251736301023470e-03,1.07856360018289532e+01
2.21668062334668781e+00,7.00514164386267530e-03,1.06678037736462290e+01
2.22667201035191953e+00,6.92858957663723771e-03,1.05512260330095078e+01
2.23670843217779369e+00,6.85285273945794148e-03,1.04358899890138304e+01
2.24679009181264622e+00,6.77792278731978448e-03,1.03217828312302462e+01
2.25691719315976247e+00,6.70379145350573444e-03,1.02088918002865245e+01
2.26708994104149220e+00,6.63045055120782892e-03,1.00972042651560177e+01
2.27730854120339554e+00,6.55789197292474830e-03,9.98670772422682695e+00
2.28757320031839750e+00,6.48610769685649489e-03,9.87738993981748692e+00
2.29788412599097880e+00,6.41508979130485640e-03,9.76923903444740027e+00
2.30824152676136629e+00,6.34483040212304762e-03,9.66224326271174405e+00
2.31864561210975806e+00,6.27532175071867249e-03,9.55639098497456274e+00
2.32909659246054757e+00,6.20655612104191630e-03,9.45167061288759847e+00
2.33959467918659403e+00,6.13852579132955194e-03,9.34807031465188665e+00
2.35014008461349189e+00,6.07122308526108524e-03,9.24557823954492619e+00
2.36073302202385760e+00,6.00464040474428702e-03,9.14418266254116219e+00
2.37137370566165684e+00,5.93877023003481618e-03,9.04387198699175876e+00
2.38206235073652772e+00,5.87360515129741259e-03,8.94463488907394755e+00
2.39279917342813997e+00,5.80913787707928227e-03,8.84646035811578990e+00
2.40358439089055720e+00,5.74536119081623352e-03,8.74933750257452658e+00
2.41441822125664052e+00,5.68226794701073758e-03,8.65325553488249533e+00
2.42530088364245522e+00,5.61985105346460723e-03,8.55820371683071635e+00
2.43623259815170323e+00,5.55810340786780984e-03,8.46417116163197747e+00
2.44721358588016802e+00,5.49701795759409591e-03,8.37114702280871903e+00
2.45824406892019853e+00,5.43658772370821108e-03,8.27912057070320451e+00
2.46932427036519542e+00,5.37680580425866413e-03,8.18808120167743425e+00
2.48045441431411584e+00,5.31766546397422369e-03,8.09801867041731072e+00
2.49163472587601831e+00,5.25916012960794040e-03,8.00892307859216679e+00
2.50286543117460925e+00,5.20128329435176184e-03,7.92078462870790112e+00
2.51414675735281667e+00,5.14402851294962910e-03,7.83359361215837335e+00
2.52547893257738076e+00,5.08738935733302460e-03,7.74734030073198721e+00
2.53686218604347768e+00,5.03135931139905498e-03,7.66201468845941047e+00
2.54829674797934747e+00,4.97593189534578650e-03,7.57760679795529768e+00
2.55978284965095426e+00,4.92110069863225651e-03,7.49410676205508874e+00
2.57132072336665685e+00,4.86685939092004402e-03,7.41150484943458121e+00
2.58291060248191773e+00,4.81320188197077725e-03,7.32979183274242274e+00
2.59455272140401849e+00,4.76012227191810640e-03,7.24895887470471756e+00
2.60624731559679290e+00,4.70761471681351192e-03,7.16899721940228662e+00
2.61799462158540219e+00,4.65567342458003946e-03,7.08989818336208177e+00
2.62979487696111036e+00,4.60429256729235747e-03,7.01165293410919421e+00
2.64164832038609543e+00,4.55346615160839852e-03,6.93425216281928147e+00
2.65355519159826381e+00,4.50318821449872259e-03,6.85768658011144172e+00
2.66551573141611664e+00,4.45345285829465594e-03,6.78194700524363281e+00
2.67753018174360857e+00,4.40425425736579515e-03,6.70702439962774299e+00
2.68959878557504606e+00,4.35558672383937976e-03,6.63291017789969484e+00
2.70172178699999233e+00,4.30744467199393587e-03,6.55959604259534146e+00
2.71389943120821764e+00,4.25982257367631904e-03,6.48707377660133666e+00
2.72613196449465356e+00,4.21271495722013670e-03,6.41533523913761972e+00
2.73841963426436363e+00,4.16611640941265578e-03,6.34437227220410360e+00
2.75076268903756471e+00,4.12002157705901838e-03,6.27417662203866477e+00
2.76316137845464116e+00,4.07442516197650210e-03,6.20474010269690002e+00
2.77561595328120081e+00,4.02932191991106376e-03,6.13605461539356689e+00
2.78812666541313536e+00,3.98470667739729122e-03,6.06811218644134520e+00
2.80069376788173185e+00,3.94057443551379134e-03,6.00090519947718448e+00
2.81331751485877701e+00,3.89692029404700539e-03,5.93442622614105098e+00
2.82599816166170692e+00,3.85373939650658810e-03,5.86866790337510746e+00
2.83873596475875711e+00,3.81102692619244123e-03,5.80362292702394544e+00
2.85153118177416731e+00,3.76877794498050060e-03,5.73928379266360800e+00
2.86438407149338303e+00,3.72698733272922630e-03,5.67564269822815959e+00
2.87729489386828341e+00,3.68565001162129719e-03,5.61269190481062097e+00
2.89026391002245209e+00,3.64476096378411928e-03,5.55042376505595314e+00
2.90329138225644989e+00,3.60431527253250597e-03,5.48883078808317926e+00
2.91637757405312348e+00,3.56430829091716967e-03,5.42790590470830381e+00
2.92952275008292595e+00,3.52473548581193471e-03,5.36764222216440245e+00
2.94272717620928370e+00,3.48559236708161123e-03,5.30803291268627753e+00
2.95599111949396409e+00,3.44687448539389950e-03,5.24907120988781539e+00
2.96931484820248182e+00,3.40857738616929130e-03,5.19075033103205108e+00
2.98269863180951367e+00,3.37069660806474988e-03,5.13306347453891476e+00
2.99614274100436795e+00,3.33322773321306168e-03,5.07600390493102260e+00
3.00964744769643522e+00,3.29616638938333602e-03,5.01956495655172041e+00
3.02321302502071854e+00,3.25950826477310659e-03,4.96374005113149241e+00
3.03683974734332418e+00,3.22324914793772422e-03,4.90852274547494183e+00
3.05052789026702698e+00,3.18738488153846563e-03,4.85390667588903924e+00
3.06427773063685960e+00,3.15191134841132569e-03,4.79988554133866963e+00
3.07808954654567435e+00,3.11682446649323925e-03,4.74645309840616392e+00
3.09196361733981062e+00,3.08212011619249469e-03,4.69360309228146733e+00
3.10590022362470908e+00,3.04779415806926768e-03,4.64132927327255818e+00
3.11989964727059865e+00,3.01384249602034077e-03,4.58962545640792641e+00
3.13396217141821820e+00,2.98026107871461913e-03,4.53848552257068327e+00
3.14808808048450883e+00,2.94704591743052708e-03,4.48790343696775995e+00
3.16227766016838041e+00,2.91419311603292311e-03,4.43787328028993056e+00
3.17653119745651091e+00,2.88169882694890717e-03,4.38838920251920239e+00
3.19084898062911337e+00,2.84955924207962218e-03,4.33944541325677591e+00
3.20523129926578543e+00,2.81777059650265308e-03,4.29103618187465052e+00
3.21967844425138283e+00,2.78632920839937430e-03,4.24315584411813695e+00
3.23419070778186102e+00,2.75523145944680820e-03,4.19579879811866885e+00
3.24876838337023388e+00,2.72447376634206732e-03,4.14895949883375614e+00
3.26341176585246684e+00,2.69405257970158204e-03,4.10263245722733227e+00
3.27812115139345917e+00,2.66396432836714077e-03,4.05681221107490853e+00
3.29289683749304984e+00,2.63420536547880101e-03,4.01149329668609234e+00
3.30773912299200079e+00,2.60477207170245299e-03,3.96667030191263503e+00
3.32264830807805822e+00,2.57566086875218913e-03,3.92233787276398616e+00
3.33762469429204200e+00,2.54686823419550835e-03,3.87849072443902365e+00
3.35266858453390748e+00,2.51839080152944147e-03,3.83512371736450053e+00
3.36778028306889121e+00,2.49022529151948432e-03,3.79223180460258913e+00
3.38296009553368204e+00,2.46236845623472528e-03,3.74980998893958528e+00
3.39820832894255975e+00,2.43481707782933123e-03,3.70785332162001291e+00
3.41352529169365448e+00,2.40756793106179038e-03,3.66635686847450515e+00
3.42891129357514002e+00,2.38061776555444646e-03,3.62531569377803686e+00
3.44436664577151941e+00,2.35396336045904427e-03,3.58472490913756037e+00
3.45989166086993505e+00,2.32760152906008426e-03,3.54457967742100655e+00
3.47548665286645564e+00,2.30152911884230239e-03,3.50487520772333916e+00
3.49115193717244354e+00,2.27574301301415247e-03,3.46560673489491533e+00
3.50688783062095455e+00,2.25024012852376122e-03,3.42676953640913995e+00
3.52269465147310701e+00,2.22501741489345871e-03,3.38835894057140763e+00
3.53857271942453933e+00,2.20007185388930134e-03,3.35037032732061002e+00
3.55452235561189234e+00,2.17540045942325776e-03,3.31279916629617066e+00
3.57054388261926103e+00,2.15100027724559337e-03,3.27564102010464131e+00
3.58663762448477108e+00,2.12686838434051825e-03,3.23889149868474924e+00
3.60280390670708650e+00,2.10300188858658817e-03,3.20254625627596567e+00
3.61904305625201195e+00,2.07939793988499771e-03,3.16660098445020166e+00
3.63535540155912518e+00,2.05605376338316133e-03,3.13105139249631748e+00
3.65174127254838243e+00,2.03296662293113179e-03,3.09589322776075981e+00
3.66820100062680821e+00,2.01013380902971767e-03,3.06112228196853975e+00
3.68473491869521963e+00,1.98755263505127682e-03,3.02673439017867096e+00
3.70134336115491891e+00,1.96522037645596422e-03,2.99272542015381315e+00
3.71802666391447678e+00,1.94313428212631732e-03,2.95909127386650761e+00
3.73478516439654573e+00,1.92129163030997467e-03,2.92582789651441333e+00
3.75161920154463902e+00,1.89968973021100297e-03,2.89293127639640169e+00
3.76852911583003936e+00,1.87832594934238175e-03,2.86039745017385449e+00
3.78551524925863481e+00,1.85719776473004176e-03,2.82822251305039307e+00
3.80257794537786209e+00,1.83630269294860274e-03,2.79640260398815421e+00
3.81971754928366813e+00,1.81563827469841230e-03,2.76493390216602908e+00
3.83693440762745475e+00,1.79520207013633194e-03,2.73381262558100957e+00
3.85422886862310765e+00,1.77499161011461645e-03,2.70303501981342675e+00
3.87160128205405973e+00,1.75500441674776467e-03,2.67259736226686595e+00
3.88905199928031697e+00,1.73523803895408286e-03,2.64249596975362211e+00
3.90658137324562205e+00,1.71569005290794752e-03,2.61272719828121680e+00
3.92418975848454066e+00,1.69635808370959245e-03,2.58328745282058714e+00
3.94187751112965712e+00,1.67723982943821653e-03,2.55417319818013944e+00
3.95964498891879524e+00,1.65833301743929600e-03,2.52538093850485490e+00
3.97749255120221212e+00,1.63963539768287704e-03,2.49690721394270954e+00
3.99542055894988746e+00,1.62114473725878173e-03,2.46874859664740454e+00
4.01342937475884565e+00,1.60285878193232854e-03,2.44090166412313359e+00
4.03151936286044599e+00,1.58477528016497463e-03,2.41336301554270083e+00
4.04969088912777142e+00,1.56689200521154372e-03,2.38612928674434910e+00
4.06794432108305148e+00,1.54920675546811929e-03,2.35919715051396484e+00
4.08628002790504041e+00,1.53171738545756077e-03,2.33256335407036808e+00
4.10469838043654622e+00,1.51442182343574034e-03,2.30622474034160829e+00
4.12319975119187898e+00,1.49731802241628268e-03,2.28017818857749521e+00
4.14178451436440564e+00,1.48040395516101705e-03,2.25442060822737478e+00
4.16045304583414044e+00,1.46367760263948067e-03,2.22894891882033264e+00
4.17920572317530592e+00,1.44713689864988250e-03,2.20375995329381080e+00
4.19804292566398640e+00,1.43077977529760744e-03,2.17885053744105806e+00
4.21696503428582581e+00,1.41460418830909062e-03,2.15421753414667894e+00
4.23597243174368732e+00,1.39860811805839051e-03,2.12985784553906221e+00
4.25506550246541249e+00,1.38278961120869796e-03,2.10576849656269482e+00
4.27424463261162391e+00,1.36714678780187524e-03,2.08194664929190321e+00
4.29351021008348166e+00,1.35167778928626191e-03,2.05838949885703792e+00
4.31286262453058544e+00,1.33638077503109602e-03,2.03509426655889047e+00
4.33230226735880386e+00,1.32125390912687067e-03,2.01205817496686912e+00
4.35182953173821918e+00,1.30629531802981869e-03,1.98927836782671230e+00
4.37144481261109252e+00,1.29150313385746293e-03,1.96675199209754314e+00
4.39114850669981482e+00,1.27687550977267222e-03,1.94447622715391266e+00
4.41094101251494575e+00,1.26241062054521748e-03,1.92244828613097862e+00
4.43082273036330054e+00,1.24810667768750715e-03,1.90066544850636676e+00
4.45079406235600228e+00,1.23396192722243208e-03,1.87912505545423270e+00
4.47085541241663531e+00,1.21997463439657366e-03,1.85782447721636501e+00
4.49100718628943518e+00,1.20614308289864630e-03,1.83676111155718158e+00
4.51124979154744477e+00,1.19246558115255748e-03,1.81593238459078132e+00
4.53158363760082050e+00,1.17894047558965431e-03,1.79533575279547009e+00
4.55200913570505250e+00,1.16556613324970710e-03,1.77496869982146710e+00
4.57252669896931074e+00,1.15234093751240881e-03,1.75482873553073815e+00
4.59313674236482417e+00,1.13926328538880173e-03,1.73491339436620073e+00
4.61383968273322065e+00,1.12633155658825872e-03,1.71522021860453444e+00
4.63463593879498781e+00,1.11354412496895961e-03,1.69574676431304283e+00
4.65552593115796309e+00,1.10089938231788700e-03,1.67649061391262322e+00
4.67651008232579102e+00,1.08839573869484317e-03,1.65744937618439603e+00
4.69758881670649409e+00,1.07603163487395318e-03,1.63862069157428314e+00
4.71876256062108190e+00,1.06380555807678674e-03,1.62000223895355489e+00
4.74003174231211677e+00,1.05171601532446789e-03,1.60159172366017732e+00
4.76139679195243470e+00,1.03976152899815208e-03,1.58338687535229083e+00
4.78285814165379719e+00,1.02794063585960713e-03,1.56538544775762567e+00
4.80441622547564773e+00,1.01625188031004006e-03,1.54758521840853636e+00
4.82607147943391901e+00,1.00469381812346879e-03,1.52998398840996908e+00
4.84782434150980368e+00,9.93265020365778628e-04,1.51257958221053435e+00
4.86967525165863346e+00,9.81964073116591007e-04,1.49536984720556965e+00
4.89162465181880268e+00,9.70789564330989604e-04,1.47835264059281557e+00
4.91367298592066160e+00,9.59740074839710109e-04,1.46152582034340428e+00
4.93582069989551275e+00,9.48814199568849700e-04,1.44488726621810160e+00
4.95806824168466154e+00,9.38010549680285311e-04,1.42843488181558342e+00
4.98041606124841163e+00,9.27327761462139362e-04,1.41216660299037922e+00
5.00286461057523635e+00,9.16764544471131626e-04,1.39608044381883079e+00
5.02541434369086204e+00,9.06319643535593677e-04,1.38017446016766954e+00
5.04806571666747228e+00,8.95991815019382448e-04,1.36444672690504465e+00
5.07081918763295914e+00,8.85779825625021642e-04,1.34889533687156549e+00
5.09367521678014246e+00,8.75682411658145203e-04,1.33351836943347246e+00
5.11663426637609220e+00,8.65698268472149925e-04,1.31831388226383583e+00
5.13969680077151825e+00,8.55826103338123826e-04,1.30327995193783819e+00
5.16286328641009362e+00,8.46064639042574929e-04,1.28841467660804132e+00
5.18613419183793045e+00,8.36412624343229813e-04,1.27371617836887618e+00
5.20950998771307017e+00,8.26868871713171832e-04,1.25918261230956530e+00
5.23299114681494704e+00,8.17432219959225628e-04,1.24481215716175075e+00
5.25657814405402313e+00,8.08101519341867343e-04,1.23060301146259921e+00
5.28027145648132379e+00,7.98875630822938696e-04,1.21655339409640595e+00
5.30407156329812146e+00,7.89753411912572003e-04,1.20266156028276550e+00
5.32797894586564524e+00,7.80733717491943931e-04,1.18892580031117068e+00
5.35199408771477270e+00,7.71815414240972710e-04,1.17534442260165406e+00
5.37611747455582645e+00,7.62997381151538242e-04,1.16191575280011938e+00
5.40034959428843475e+00,7.54278507780127019e-04,1.14863812496985696e+00
5.42469093701133431e+00,7.45657690384036336e-04,1.13550986144697963e+00
5.44914199503232055e+00,7.37133836325949417e-04,1.12252929695226689e+00
5.47370326287822362e+00,7.28705865126366985e-04,1.10969478475225736e+00
5.49837523730484889e+00,7.20372709463757322e-04,1.09700469752232665e+00
5.52315841730710222e+00,7.12133330158802092e-04,1.08445744139139566e+00
5.54805330412901032e+00,7.03986711150650390e-04,1.07205145112901179e+00
5.57306040127388691e+00,6.95931846965220616e-04,1.05978517825652840e+00
5.59818021451455294e+00,6.87967742280806531e-04,1.04765709056110956e+00
5.62341325190349917e+00,6.80093399686093896e-04,1.03566566028416984e+00
5.64876002378319342e+00,6.72307802282705032e-04,1.02380934736752005e+00
5.67422104279643502e+00,6.64609940449507040e-04,1.01208662504346147e+00
5.69979682389665765e+00,6.56998816463014493e-04,1.00049598419372598e+00
5.72548788435838230e+00,6.49473447311954208e-04,9.89035937406220422e-01
5.75129474378770134e+00,6.42032890317865285e-04,9.77705055895308983e-01
5.77721792413272173e+00,6.34676229045103013e-04,9.66501949198646182e-01
5.80325794969420095e+00,6.27402556403409994e-04,9.55425240828247313e-01
5.82941534713608167e+00,6.20210974271452197e-04,9.44473567647365120e-01
5.85569064549617213e+00,6.13100582960906864e-04,9.33645556462164183e-01
5.88208437619687530e+00,6.06070472781576912e-04,9.22939805293266802e-01
5.90859707305588078e+00,5.99119742159474780e-04,9.12354923797487172e-01
5.93522927229698904e+00,5.92247499704739891e-04,9.01889537934851160e-01
5.96198151256098274e+00,5.85452865240722797e-04,8.91542295117771055e-01
5.98885433491647134e+00,5.78734976370746858e-04,8.81311895204488716e-01
6.01584828287084949e+00,5.72092983432607766e-04,8.71197067285928051e-01
6.04296390238133529e+00,5.65526045947230510e-04,8.61196553442950763e-01
6.07020174186592953e+00,5.59033332536696542e-04,8.51309108248148316e-01
6.09756235221459608e+00,5.52614022006955061e-04,8.41533484233797591e-01
6.12504628680032859e+00,5.46267303660550392e-04,8.31868426798795135e-01
6.15265410149037351e+00,5.39992375584323831e-04,8.22312693916697812e-01
6.18038635465750730e+00,5.33788444432563010e-04,8.12865057549778447e-01
6.20824360719126300e+00,5.27654724832759582e-04,8.03524307570622986e-01
6.23622642250930515e+00,5.21590437314482639e-04,7.94289267581662295e-01
6.26433536656886236e+00,5.15594810075342930e-04,7.85158779852841215e-01
6.29257100787810408e+00,5.09667079705954399e-04,7.76131698648343971e-01
6.32093391750767442e+00,5.03806491130359777e-04,7.67206889725564722e-01
6.34942466910227221e+00,4.98012298223444137e-04,7.58383220857942741e-01
6.37804383889217874e+00,4.92283763725654268e-04,7.49659561699954069e-01
6.40679200570500029e+00,4.86620158387716354e-04,7.41034793887217602e-01
6.43566975097729532e+00,4.81020760848852751e-04,7.32507811411220011e-01
6.46467765876636946e+00,4.75484857019090707e-04,7.24077519591624252e-01
6.49381631576211937e+00,4.70011738624684686e-04,7.15742832653196048e-01
6.52308631129883487e+00,4.64600704712367525e-04,7.07502676236737904e-01
6.55248823736714936e+00,4.59251062022384663e-04,6.99355988023797059e-01
6.58202268862604889e+00,4.53962124854189462e-04,6.91301718266942644e-01
6.61169026241482705e+00,4.48733214224530247e-04,6.83338839497267259e-01
6.64149155876520592e+00,4.43563657990118780e-04,6.75466343752036291e-01
6.67142718041350324e+00,4.38452791425168764e-04,6.67683233924275532e-01
6.70149773281274097e+00,4.33399957162508976e-04,6.59988523405504068e-01
6.73170382414498736e+00,4.28404507123909828e-04,6.52381231833946140e-01
6.76204606533357122e+00,4.23465805663619463e-04,6.44860378342491103e-01
6.79252507005547734e+00,4.18583224788085918e-04,6.37424991157471532e-01
6.82314145475378986e+00,4.13756143174953868e-04,6.30074109361498880e-01
6.85389583865009389e+00,4.08983945397567005e-04,6.22806783147710541e-01
6.88478884375702638e+00,4.04266015074359968e-04,6.15622077291880898e-01
6.91582109489090335e+00,3.99601738152302653e-04,6.08519069261097112e-01
6.94699321968427785e+00,3.94990507500734157e-04,6.01496846630342974e-01
6.97830584859866754e+00,3.90431722920664415e-04,5.94554506924905080e-01
7.00975961493735245e+00,3.85924794153305563e-04,5.87691155505536966e-01
7.04135515485808838e+00,3.81469143660933684e-04,5.80905903603425200e-01
7.07309310738607611e+00,3.77064200868036865e-04,5.74197871911803270e-01
7.10497411442679727e+00,3.72709401348970807e-04,5.67566190961641959e-01
7.13699882077903780e+00,3.68404186614113070e-04,5.61010002233558902e-01
7.16916787414796275e+00,3.64148003085427486e-04,5.54528465858789454e-01
7.20148192515814323e+00,3.59940302701300440e-04,5.48120755095129697e-01
7.23394162736675117e+00,3.55780543377660723e-04,5.41786051975855942e-01
7.26654763727681718e+00,3.51668188895779140e-04,5.35523547060079097e-01
7.29930061435041910e+00,3.47602706119703531e-04,5.29332431868093978e-01
7.33220122102212279e+00,3.43583563741040293e-04,5.23211895515505399e-01
7.36525012271228974e+00,3.39610236167736147e-04,5.17161135490684098e-01
7.39844798784057023e+00,3.35682203800573493e-04,5.11179358498614178e-01
7.43179548783946764e+00,3.31798955123593074e-04,5.05265783603887075e-01
7.46529329716783607e+00,3.27959995920844662e-04,4.99419656101085074e-01
7.49894209332456008e+00,3.24164840971964804e-04,4.93640235010459172e-01
7.53274255686230010e+00,3.20413009988389913e-04,4.87926786957174619e-01
7.56669537140117576e+00,3.16704027260619172e-04,4.82278585724455255e-01
7.60080122364262767e+00,3.13037413150009164e-04,4.76694901863162157e-01
7.63506080338335469e+00,3.09412683417431870e-04,4.71175001857568998e-01
7.66947480352916333e+00,3.05829358922456781e-04,4.65718159936900356e-01
7.70404392010909689e+00,3.02286966101964188e-04,4.60323658643607414e-01
7.73876885228941092e+00,2.98785039101154585e-04,4.54990790372229004e-01
7.77365030238775923e+00,2.95323125950268774e-04,4.49718861919509272e-01
7.80868897588743849e+00,2.91900781638646759e-04,4.44507189284316262e-01
7.84388558145157422e+00,2.88517565893075254e-04,4.39355095968913201e-01
7.87924083093749417e+00,2.85173042947399165e-04,4.34261912897486446e-01
7.91475543941116833e+00,2.81866778476019082e-04,4.29226978311469110e-01
7.95043012516158853e+00,2.78598340183425339e-04,4.24249637696633652e-01
7.98626560971533372e+00,2.75367300517360720e-04,4.19329243728876144e-01
8.02226261785121331e+00,2.72173236706629623e-04,4.14465156198171369e-01
8.05842187761481910e+00,2.69015730518053383e-04,4.09656741895316812e-01
8.09474412033336321e+00,2.65894367862555602e-04,4.04903374469749111e-01
8.13123008063037922e+00,2.62808739213366959e-04,4.00204434447293922e-01
8.16788049644061509e+00,2.59758439653647109e-04,3.95559309175881668e-01
8.20469610902499724e+00,2.56743069027082964e-04,3.90967392476136322e-01
8.24167766298555016e+00,2.53762234021117088e-04,3.86428081654670241e-01
8.27882590628048298e+00,2.50815547167513816e-04,3.81940778728023733e-01
8.31614159023937738e+00,2.47902625244949876e-04,3.77504892464582187e-01
8.35362546957827590e+00,2.45023089204892254e-04,3.73119838355146893e-01
8.39127830241501016e+00,2.42176563527150921e-04,3.68785040545264009e-01
8.42910085028456990e+00,2.39362675538026847e-04,3.64499933894966655e-01
8.46709387815439030e+00,2.36581056535993095e-04,3.60263959996579897e-01
8.50525815443996791e+00,2.33831341915179374e-04,3.56076566545998341e-01
8.54359445102027237e+00,2.31113171048837008e-04,3.51937207120441076e-01
8.58210354325341562e+00,2.28426186741089875e-04,3.47845340007232717e-01
8.62078620999237621e+00,2.25770035510297016e-04,3.43800428859478702e-01
8.65964323360066501e+00,2.23144367835241504e-04,3.39801943269658568e-01
8.69867539996818628e+00,2.20548838113661280e-04,3.35849358693240063e-01
8.73788349852718049e+00,2.17983104654644912e-04,3.31942155358014135e-01
8.77726832226810672e+00,2.15446829654961536e-04,3.28079817647894734e-01
8.81683066775571334e+00,2.12939679101430352e-04,3.24261835616020122e-01
8.85657133514521000e+00,2.10461322723650730e-04,3.20487705071658469e-01
8.89649112819833121e+00,2.08011434813942472e-04,3.16756928733694543e-01
8.93659085429972144e+00,2.05589698249573178e-04,3.13069021912946555e-01
8.97687132447315328e+00,2.03195801031048141e-04,3.09423507610599613e-01
9.01733335339798359e+00,2.00829434395760490e-04,3.05819913844646962e-01
9.05797775942566830e+00,1.98490292613929430e-04,3.02257773392559548e-01
9.09880536459622569e+00,1.96178067519815047e-04,2.98736617223442635e-01
9.13981699465490749e+00,1.93892447665393666e-04,2.95255973471604150e-01
9.18101347906894993e+00,1.91633124898928412e-04,2.91815375310940706e-01
9.22239565104425196e+00,1.89399794732470866e-04,2.88414361383826923e-01
9.26396434754226661e+00,1.87192157716990705e-04,2.85052477746727040e-01
9.30572040929700073e+00,1.85009923854048306e-04,2.81729284115755263e-01
9.34766468083187796e+00,1.82852807887107639e-04,2.78444347197099928e-01
9.38979801047696760e+00,1.80720527641203696e-04,2.75197238334148941e-01
9.43212125038602167e+00,1.78612803961040079e-04,2.71987533237413759e-01
9.47463525655375705e+00,1.76529360117270290e-04,2.68814807811056045e-01
9.51734088883322293e+00,1.74469921860159836e-04,2.65678638727198657e-01
9.56023901095309014e+00,1.72434217931555163e-04,2.62578607360937077e-01
9.60333049053516774e+00,1.70421980052885960e-04,2.59514299885120314e-01
9.64661619911200319e+00,1.68432941476767819e-04,2.56485307580034516e-01
9.69009701214440433e+00,1.66466834111697072e-04,2.53491227511494832e-01
9.73377380903920653e+00,1.64523392196060618e-04,2.50531661522088056e-01
9.77764747316710015e+00,1.62602353121692693e-04,2.47606215957593523e-01
9.82171889188037817e+00,1.60703457818957626e-04,2.44714501795441824e-01
9.86598895653102659e+00,1.58826455657097381e-04,2.41856136680832973e-01
9.91045856248862300e+00,1.56971102461436469e-04,2.39030744055660882e-01
9.95512860915850517e+00,1.55137156696186532e-04,2.36237951512887595e-01
1.00000000000000089e+01,1.53324379354537622e-04,2.33477390717109073e-01
