case_index,family,block,surrogate,primary_T,primary_T_minus_baseline,C1_relative_rms_difference_from_baseline,R_final,Rdot_final,M2_final,min_R,min_Rdot,min_mass_squared,max_mass_squared,max_abs_mass_derivative,sampled_max_relative_energy_deviation,sampled_max_relative_field_work_residual,sampled_max_relative_clock_work_residual
0,baseline,-1,0,0.04513942199602207,0.0,0.0,3.0807259969074177,0.10579884019480344,0.7047783378119241,1.0,0.1,0.7047783378119241,1.0,0.5,4.962679232529544e-07,4.963248862516222e-07,5.696308265483984e-11
1,real,0,0,0.04493942125212028,-0.00020000074390178618,0.00015946094226920377,3.080450001565707,0.10577384824866891,0.7047900794266777,1.0,0.1,0.7047900794266777,1.0,1.617054319781379,4.962672846156784e-07,4.963242448152164e-07,3.681861320705531e-10
2,iaaft,0,1,0.045420167497204324,0.00028074550118225433,0.000444706713495156,3.0813182030667092,0.10583391198993848,0.7047531506600483,1.0,0.1,0.7047531506600483,1.0,1.64776833298682,4.962671552756725e-07,4.96324118383261e-07,3.3557108637857237e-10
3,iaaft,0,2,0.04510939717270043,-3.0024823321636585e-05,0.00044859149256252823,3.080710598292083,0.10579508869154795,0.7047789928578385,1.0,0.1,0.7047789928578385,1.0,1.9287569010122638,4.962662246995259e-07,4.963231886351739e-07,6.576155282781187e-10
4,iaaft,0,3,0.04462772917276722,-0.0005116928232548473,0.0005365288765942829,3.0798185388908186,0.10573488765854837,0.7048169513743229,1.0,0.1,0.7048169513743229,1.0,1.766696102230694,4.962666083522188e-07,4.96323567952037e-07,5.12892696556674e-10
5,iaaft,0,4,0.04496162219616774,-0.00017779979985432792,0.000581622030558288,3.080752089517982,0.10577662275369236,0.7047772278658679,1.0,0.1,0.7047772278658679,1.0,1.5337576533859414,4.962669120492716e-07,4.963238730650585e-07,2.2546238556983414e-10
6,iaaft,0,5,0.04504471697494502,-9.470502107705031e-05,0.0003183605517138254,3.0807920172911545,0.10578700666086098,0.7047755294254774,1.0,0.1,0.7047755294254774,1.0,1.378616384199784,4.962671576273089e-07,4.963241187008368e-07,1.9214444203555738e-10
7,iaaft,0,6,0.04534411144586228,0.0002046894498402077,0.0007741551688338073,3.081337666229095,0.10582441192681127,0.7047523230322754,1.0,0.1,0.7047523230322754,1.0,1.7439126475401738,4.962703078123365e-07,4.963272716836818e-07,5.209142125478745e-10
8,iaaft,0,7,0.044643526184917494,-0.0004958958111045755,0.0003390011892717954,3.0802643836687054,0.10573686258379748,0.7047979772915609,1.0,0.1,0.7047979772915609,1.0,1.7136473902886957,4.962665174782666e-07,4.963234786790873e-07,5.30744189477521e-10
9,iaaft,0,8,0.04503926456195815,-0.00010015743406392025,0.00017886118925866285,3.080537657234737,0.10578632533340926,0.7047863500856109,1.0,0.1,0.7047863500856109,1.0,1.501358389335172,4.962701875429284e-07,4.963271478684469e-07,1.395427959790458e-10
10,iaaft,0,9,0.04507608270011087,-6.333929591120085e-05,0.00037309257111160576,3.0804694810486546,0.10579092600170359,0.7047892506472945,1.0,0.1,0.7047892506472945,1.0,1.52225433927665,4.962664225729375e-07,4.963233830113136e-07,3.890247019830793e-10
11,iaaft,0,10,0.044937069024103396,-0.0002023529719186734,0.0005317604947351325,3.080546697986269,0.10577355428084943,0.70478596545551,1.0,0.1,0.70478596545551,1.0,1.7689361012646878,4.962686435256108e-07,4.963256058300735e-07,1.8329398993572932e-10
12,iaaft,0,11,0.0452054710329994,6.60490369773295e-05,0.0004643818493303664,3.0809668056953594,0.10580709233733021,0.7047680948157499,1.0,0.1,0.7047680948157499,1.0,1.593087047060086,4.962689996305622e-07,4.963259627762073e-07,7.611343347879263e-11
13,iaaft,0,12,0.04520569444931245,6.627245329038356e-05,0.0006839660325979477,3.080751228758695,0.10580712024979046,0.7047772644811657,1.0,0.1,0.7047772644811657,1.0,1.6523888002916582,4.962667339967959e-07,4.963236969429719e-07,1.1195515537392629e-10
14,iaaft,0,13,0.04472156276376606,-0.0004178592322560126,0.00041261804419121434,3.080354389141173,0.10574661809072658,0.704794147527865,1.0,0.1,0.704794147527865,1.0,1.425682701328718,4.962682812056202e-07,4.963252446937748e-07,1.353483531284318e-10
15,iaaft,0,14,0.04558430736124449,0.0004448853652224208,0.0007160891216877666,3.081168374160873,0.10585441158279162,0.7047595221446915,1.0,0.1,0.7047595221446915,1.0,1.5906803783414998,4.962681135675346e-07,4.963250770294433e-07,2.0409996238734522e-10
16,iaaft,0,15,0.04512898819135144,-1.0433804670625935e-05,0.00025259651256280086,3.0809893624606532,0.10579753654019236,0.7047671354259036,1.0,0.1,0.7047671354259036,1.0,1.512649517997051,4.962667407157573e-07,4.963237018667108e-07,2.6506867326827256e-10
17,iaaft,0,16,0.04564996329441884,0.0005105412983967689,0.00042610898906640584,3.0812574486563316,0.10586261030688841,0.7047557341723858,1.0,0.1,0.7047557341723858,1.0,2.0189635163481294,4.962672500130275e-07,4.963242139841074e-07,2.883032405447249e-10
18,iaaft,0,17,0.04533753423043532,0.00019811223441325299,0.001081698443713266,3.0812354293221706,0.10582359033526302,0.7047566705442259,1.0,0.1,0.7047566705442259,1.0,1.7512020116461597,4.96268764298941e-07,4.963257237478451e-07,2.1786016951100977e-10
19,iaaft,0,18,0.04471980416084383,-0.0004196178351782362,0.0002865519838169088,3.0804089113420687,0.10574639825421242,0.7047918276962035,1.0,0.1,0.7047918276962035,1.0,1.9141208696961352,4.962670185448091e-07,4.963239773585613e-07,3.560052745525883e-10
20,iaaft,0,19,0.044588457349122416,-0.0005509646468996529,0.0004013400394571097,3.0799628815820967,0.10572997777809151,0.7048108079068001,1.0,0.1,0.7048108079068001,1.0,1.7256245889656279,4.962680342837907e-07,4.963249957470708e-07,1.6387195554757343e-10
21,iaaft,0,20,0.045353833008112944,0.0002144110120908746,0.0006381583842988836,3.0809304506091126,0.10582562628213202,0.7047696411081243,1.0,0.1,0.7047696411081243,1.0,1.8278950392694044,4.962673686026952e-07,4.963243301329025e-07,6.225077164312487e-10
22,iaaft,0,21,0.04528212907165157,0.00014270707562950152,0.0006073125662892376,3.080816779745893,0.10581666915774691,0.7047744761063333,1.0,0.1,0.7047744761063333,1.0,1.709689036860155,4.962677200043737e-07,4.9632468079707e-07,4.992901855555003e-10
23,iaaft,0,22,0.044072864588091634,-0.0010665574079304352,0.0007019573718743975,3.0794877132538443,0.10566549567444689,0.7048310339986468,1.0,0.1,0.7048310339986468,1.0,1.875519064539249,4.962678584149774e-07,4.963248217351581e-07,4.73141515506624e-10
24,iaaft,0,23,0.044825121661199174,-0.0003143003348228951,0.0006001056358254694,3.0805231669413975,0.10575956280367635,0.7047869665658548,1.0,0.1,0.7047869665658548,1.0,1.5234942350056495,4.962679037679665e-07,4.963248651511966e-07,2.4984827836823596e-10
25,iaaft,0,24,0.045591628322108765,0.000452206326086696,0.0006897434017962229,3.0813150496515656,0.10585532581248266,0.7047532847529914,1.0,0.1,0.7047532847529914,1.0,2.2441711543445995,4.962692421850668e-07,4.963262074264505e-07,3.374807726690625e-10
26,iaaft,0,25,0.045417405035009094,0.0002779830389870244,0.00025436306157991783,3.0810736882180527,0.10583356694927841,0.7047635489841361,1.0,0.1,0.7047635489841361,1.0,1.469271655772745,4.96267447550491e-07,4.963244141487899e-07,4.369599926397401e-10
27,iaaft,0,26,0.04502503467187968,-0.00011438732414238706,0.00017120939768318984,3.0806280562047834,0.10578454716152921,0.7047825042476895,1.0,0.1,0.7047825042476895,1.0,1.3232291680296395,4.962678708450559e-07,4.963248354316033e-07,1.4748279732121636e-10
28,iaaft,0,27,0.04544418728731185,0.00030476529128978247,0.0006005241187936565,3.081052721743146,0.10583691209371225,0.7047644406870784,1.0,0.1,0.7047644406870784,1.0,1.8260974553083915,4.962672893189514e-07,4.963242521233992e-07,2.919955355200403e-10
29,iaaft,0,28,0.044824074475343395,-0.00031534752067867433,0.00030230126402950284,3.080478836173237,0.1057594319148831,0.7047888526252688,1.0,0.1,0.7047888526252688,1.0,2.0413183531769645,4.962676978318012e-07,4.963246620207226e-07,3.9604800078402647e-10
30,iaaft,0,29,0.045416883967718744,0.0002774619716966742,0.0004941354818801724,3.0813693246020923,0.10583350186612525,0.7047509768521303,1.0,0.1,0.7047509768521303,1.0,1.585825184193941,4.962667516340695e-07,4.963237151143504e-07,4.758784634145934e-10
31,iaaft,0,30,0.04476701878447012,-0.0003724032115519499,0.00032298640188503587,3.0801370260044156,0.1057523002229219,0.7048033967785923,1.0,0.1,0.7048033967785923,1.0,1.359898512530286,4.962662401531369e-07,4.963232029483988e-07,3.979673298338873e-10
32,iaaft,0,31,0.04581820209512697,0.0006787800991049017,0.000948218085456554,3.0816047615242588,0.1058836160743903,0.7047409664327514,1.0,0.1,0.7047409664327514,1.0,2.052205549989857,4.962681402754059e-07,4.963251033160673e-07,5.983897527149378e-10
33,iaaft,0,32,0.04494637408279032,-0.0001930479132317489,0.00024230828536624246,3.0804690112574042,0.10577471716835747,0.70478927063504,1.0,0.1,0.70478927063504,1.0,1.7575676873095345,4.962672584117291e-07,4.963242221282234e-07,5.385309197631503e-10
34,iaaft,0,33,0.04427947915386346,-0.0008599428421586092,0.0006550569888179037,3.079595233118746,0.10569134044645996,0.7048264567552387,1.0,0.1,0.7048264567552387,1.0,1.2318824030971842,4.9626809089104e-07,4.963250526417133e-07,1.1662964176684475e-10
35,iaaft,0,34,0.04570224518035999,0.0005628231843379239,0.0009843042686069506,3.0815555577134237,0.10586913850507468,0.7047430583799575,1.0,0.1,0.7047430583799575,1.0,1.6248501867081369,4.962677774514931e-07,4.963247399265545e-07,2.1891821695238333e-10
36,iaaft,0,35,0.04509798895549038,-4.143304053168956e-05,0.0006495646972474687,3.0808077374197342,0.10579366323732678,0.704774860737329,1.0,0.1,0.704774860737329,1.0,1.6649349107775977,4.962686737609369e-07,4.963256366060659e-07,3.9753531111764865e-10
37,iaaft,0,36,0.04546320361114243,0.0003237816151203596,0.0005089600927496241,3.081257805910641,0.10583928719757063,0.70475571898026,1.0,0.1,0.70475571898026,1.0,1.9776908559895927,4.962693387701362e-07,4.96326299569394e-07,8.967993032222725e-10
38,iaaft,0,37,0.04531610048001915,0.00017667848399707808,0.0006079113987403228,3.0809434850798807,0.10582091289835675,0.7047690867083323,1.0,0.1,0.7047690867083323,1.0,1.9500428961677618,4.962666874679887e-07,4.963236514561286e-07,4.023709475991254e-10
39,iaaft,0,38,0.04486240637190951,-0.00027701562411255876,0.00037099902910361714,3.0805974625994583,0.10576422295089699,0.7047838057648308,1.0,0.1,0.7047838057648308,1.0,1.6478039236542448,4.962675812578218e-07,4.963245447157937e-07,1.7230473496347653e-10
40,iaaft,0,39,0.04585164298651754,0.0007122209904954699,0.001070902288436278,3.0817923704344343,0.10588779090244377,0.7047329906606333,1.0,0.1,0.7047329906606333,1.0,1.5677827401751285,4.962688944788171e-07,4.963258553423775e-07,1.7778054148404834e-10
41,iaaft,0,40,0.0450405077424724,-9.891425354966593e-05,0.00040872420954464776,3.080869612004257,0.10578648068024736,0.7047722288389986,1.0,0.1,0.7047722288389986,1.0,2.1885544752078054,4.962707855304883e-07,4.963277489412174e-07,1.280731720147983e-10
42,iaaft,0,41,0.04564799898934452,0.0005085769933224488,0.0009475375859876145,3.081417045217914,0.1058623650253184,0.7047489477230953,1.0,0.1,0.7047489477230953,1.0,1.495303829699578,4.962661392007427e-07,4.963231034592158e-07,2.0458265152068007e-10
43,iaaft,0,42,0.04525920319563248,0.0001197811996104109,0.0001437650580444763,3.0807672090445046,0.10581380513934567,0.7047765847091091,1.0,0.1,0.7047765847091091,1.0,2.01535624951389,4.962667017457815e-07,4.963236650856466e-07,9.772166461297506e-10
44,iaaft,0,43,0.044941108073128476,-0.00019831392289359345,0.00028054725364467614,3.080454232406424,0.10577405905727542,0.7047898994193038,1.0,0.1,0.7047898994193038,1.0,1.5677583640624,4.962681846205509e-07,4.963251476769597e-07,2.1751174937165646e-10
45,iaaft,0,44,0.044543863483851615,-0.0005955585121704549,0.0004152036978797205,3.079922040352456,0.10572440224366515,0.7048125461209236,1.0,0.1,0.7048125461209236,1.0,1.4966350210544208,4.962674063968528e-07,4.963243688089238e-07,3.818771391415315e-10
46,iaaft,0,45,0.04480205356832841,-0.0003373684276936628,0.0007761786589724811,3.0805014559545763,0.1057566794624697,0.704787890256513,1.0,0.1,0.704787890256513,1.0,1.836255668751904,4.962689957671594e-07,4.963259570545917e-07,3.3326978962531993e-10
47,iaaft,0,46,0.04482558468847853,-0.0003138373075435366,0.0003886556671173435,3.0803655242952397,0.10575962067786115,0.7047936737384892,1.0,0.1,0.7047936737384892,1.0,1.6237904533319425,4.962677678769732e-07,4.963247260030819e-07,1.3963882988361174e-10
48,iaaft,0,47,0.045291139110942444,0.00015171711492037443,0.000330016728444751,3.0809783576266647,0.10581779471699919,0.7047676034844687,1.0,0.1,0.7047676034844687,1.0,1.7918872626480316,4.962675730270942e-07,4.963245363289027e-07,5.252195760017891e-10
49,iaaft,0,48,0.045240118010367564,0.00010069601434549436,0.00022632152673821663,3.0808296884507937,0.1058114208606678,0.7047739270160587,1.0,0.1,0.7047739270160587,1.0,1.861196778344218,4.962670679291749e-07,4.963240304659141e-07,2.716278493157946e-10
50,iaaft,0,49,0.04555233227087392,0.00041291027485185205,0.000337605481964141,3.0813541762148082,0.10585041849293035,0.7047516209898161,1.0,0.1,0.7047516209898161,1.0,1.7757457674254344,4.962681050008588e-07,4.963250667961502e-07,3.3967589408546583e-10
51,iaaft,0,50,0.04605075726647637,0.000911335270454304,0.0008419480027754934,3.0820231627261365,0.10591264532211234,0.7047231803491213,1.0,0.1,0.7047231803491213,1.0,1.7452435302856033,4.96266788756331e-07,4.963237518836039e-07,3.62582045880138e-10
52,iaaft,0,51,0.04538182139870099,0.00024239940267892224,0.0007527728691618516,3.080978201841096,0.10582912233490095,0.7047676101103777,1.0,0.1,0.7047676101103777,1.0,1.489857727787631,4.962680324360763e-07,4.963249947352898e-07,2.4692338326414835e-10
53,iaaft,0,52,0.04602346230803284,0.000884040312010774,0.0013462985530452928,3.0820865431461577,0.10590923857669043,0.7047204864831127,1.0,0.1,0.7047204864831127,1.0,1.5015338277822021,4.962683633449226e-07,4.963253254433546e-07,2.2153706861630108e-10
54,iaaft,0,53,0.046049218492283675,0.0009097964962616056,0.0006999663518984505,3.0817788817074283,0.105912453267144,0.7047335640718655,1.0,0.1,0.7047335640718655,1.0,1.8211896508746195,4.962680428504664e-07,4.963250074908179e-07,3.6745246873415145e-10
55,iaaft,0,54,0.04579774423555887,0.000658322239536803,0.0012041938648844617,3.081684944829073,0.105881061992954,0.7047375575029082,1.0,0.1,0.7047375575029082,1.0,1.6369073427760632,4.962690644685392e-07,4.963260290813325e-07,1.874475468567088e-10
56,iaaft,0,55,0.045534334850403146,0.00039491285438107704,0.000499715107867955,3.0813620429004698,0.10584817088596796,0.7047512864828922,1.0,0.1,0.7047512864828922,1.0,1.5598982317365535,4.962688901114922e-07,4.963258520288273e-07,1.437919038792444e-10
57,iaaft,0,56,0.04592286386286132,0.000783441866839249,0.0007859978555361364,3.081703986793977,0.1058966817111717,0.7047367479743601,1.0,0.1,0.7047367479743601,1.0,1.3765718090541887,4.962661591896528e-07,4.963231205741951e-07,3.275767454365075e-10
58,iaaft,0,57,0.045274045581929476,0.0001346235859074063,0.0003701903297051614,3.0807636213143414,0.10581565933546343,0.7047767373239702,1.0,0.1,0.7047767373239702,1.0,1.5996303503946252,4.962672308639876e-07,4.963241953376774e-07,2.8170233869739986e-10
59,iaaft,0,58,0.044893044017952986,-0.00024637797806908307,0.0011545283369931913,3.080506828431575,0.10576805214008392,0.7047876616841018,1.0,0.1,0.7047876616841018,1.0,1.4828962656333025,4.962675767225229e-07,4.963245423641571e-07,1.5141047116040944e-10
60,iaaft,0,59,0.04552099330178764,0.0003815713057655698,0.0006745512756270892,3.0813021515123524,0.10584650469652734,0.7047538332244728,1.0,0.1,0.7047538332244728,1.0,1.6731847922323513,4.962672604274175e-07,4.963242220717947e-07,3.474101902266454e-10
61,iaaft,0,60,0.045407503888115146,0.00026808189209307637,0.0008250493204387202,3.0810383919378084,0.10583233025405961,0.7047650501396969,1.0,0.1,0.7047650501396969,1.0,1.3080770104599062,4.962679284601494e-07,4.963248918708786e-07,2.5344572575559834e-10
62,iaaft,0,61,0.044116496020189876,-0.0010229259758321937,0.0007409796847187483,3.0792855627829168,0.10567095392076631,0.7048396406231647,1.0,0.1,0.7048396406231647,1.0,1.5651080343110468,4.962674193308534e-07,4.963243818689049e-07,1.3280879045759788e-10
63,iaaft,0,62,0.04536753841291562,0.0002281164168935479,0.0003613204025688808,3.0811534294672125,0.10582733824989048,0.7047601577021341,1.0,0.1,0.7047601577021341,1.0,1.724525694738473,4.962670454206545e-07,4.963240088353205e-07,3.057876367133492e-10
64,iaaft,0,63,0.0455106895754828,0.0003712675794607309,0.00042656561658435075,3.0811640568022844,0.10584521787443878,0.7047597057496666,1.0,0.1,0.7047597057496666,1.0,1.5913473192551926,4.962670299670433e-07,4.963239931691172e-07,2.570313624687178e-10
65,iaaft,0,64,0.045120230248862414,-1.9191747159655326e-05,0.00021035754260214281,3.080494532206511,0.10579644226424423,0.7047881848290132,1.0,0.1,0.7047881848290132,1.0,1.7572099130821304,4.962662401531369e-07,4.963232035336833e-07,3.1458820052517536e-10
66,iaaft,0,65,0.04522728843545104,8.786643942897132e-05,0.00027795029186393456,3.080787214063814,0.10580981805420732,0.7047757337420101,1.0,0.1,0.7047757337420101,1.0,1.4864240447590984,4.962681446427308e-07,4.963251078762998e-07,3.2170228404213605e-10
67,iaaft,0,66,0.04453147819373728,-0.0006079438022847869,0.00047711913951872326,3.079763064025246,0.10572285366881992,0.7048193126279618,1.0,0.1,0.7048193126279618,1.0,1.7757007593121377,4.962683210154662e-07,4.963252830627186e-07,4.0032345436156944e-10
68,iaaft,0,67,0.04553461653444968,0.00039519453842760954,0.000693512403471669,3.081226995217507,0.10584820606443378,0.7047570292078682,1.0,0.1,0.7047570292078682,1.0,1.2394587764849854,4.962677593102976e-07,4.963247223483343e-07,2.869507398715051e-10
69,iaaft,0,68,0.045057466037951306,-8.195595807076322e-05,0.0010125299965509905,3.08076244419552,0.10578859975244337,0.7047767873963249,1.0,0.1,0.7047767873963249,1.0,2.029652706610677,4.962670758239545e-07,4.963240374683317e-07,2.1790909719750658e-10
70,iaaft,0,69,0.045072638863175786,-6.67831328462834e-05,0.0003065593462873336,3.0805349750204103,0.10579049568013105,0.7047864641982718,1.0,0.1,0.7047864641982718,1.0,1.8971209706013663,4.962670937971761e-07,4.963240575766607e-07,7.39011519400927e-10
71,iaaft,0,70,0.04567211194331372,0.0005326899472916508,0.0008786472705780967,3.0815463703892068,0.1058653759557631,0.7047434489951107,1.0,0.1,0.7047434489951107,1.0,1.5091269697401157,4.962667759903044e-07,4.963237394482762e-07,2.2372753925164697e-10
72,iaaft,0,71,0.04559681137679917,0.00045738938077709984,0.00041230785917519306,3.081184690665377,0.10585597305915251,0.7047588282547392,1.0,0.1,0.7047588282547392,1.0,1.7257348973094278,4.962683006906081e-07,4.96325263539674e-07,4.5293369858892986e-10
73,iaaft,0,72,0.045075206660933856,-6.421533508821353e-05,0.0006403201082725915,3.080805313965401,0.10579081653717559,0.7047749638235301,1.0,0.1,0.7047749638235301,1.0,1.8659604164095078,4.962684918450584e-07,4.963254513831987e-07,8.899020216909025e-11
74,iaaft,0,73,0.04596941039172588,0.0008299883957038137,0.0011206936953375571,3.0819210113710973,0.10590249191152158,0.704727522329598,1.0,0.1,0.704727522329598,1.0,1.4368972650051792,4.962671394861133e-07,4.963241062182664e-07,1.795425313562399e-10
75,iaaft,0,74,0.04545717052751316,0.00031774853149109383,0.00024403386706485438,3.081087536604025,0.10583853368229804,0.7047629600196184,1.0,0.1,0.7047629600196184,1.0,1.9721086053086527,4.962663103662831e-07,4.963232727061777e-07,5.828046179483385e-10
76,iaaft,0,75,0.045399329288377435,0.0002599072923553658,0.00024355466506500734,3.081021460027288,0.10583130920100846,0.7047657702680983,1.0,0.1,0.7047657702680983,1.0,1.7909182466641471,4.962673894314754e-07,4.963243519813376e-07,1.7941535401599264e-10
77,iaaft,0,76,0.04540676511019089,0.00026734311416882345,0.0002968925837454928,3.0810368532771237,0.10583223797698575,0.7047651155799102,1.0,0.1,0.7047651155799102,1.0,1.1678076405782272,4.962662023589794e-07,4.963231665833327e-07,1.9863074359840666e-10
78,iaaft,0,77,0.0454477448584389,0.00030832286241683216,0.0002907588926147207,3.0811180433929652,0.10583735643185341,0.7047616626003523,1.0,0.1,0.7047616626003523,1.0,1.9678705460247479,4.962668072334747e-07,4.963237718738262e-07,2.616760702149786e-10
79,iaaft,0,78,0.0447661455225814,-0.0003732764734406674,0.000272715316060355,3.0804645823347068,0.10575219106557218,0.7047894590683446,1.0,0.1,0.7047894590683446,1.0,1.859266518175395,4.962672157463245e-07,4.963241783329311e-07,3.6125037923628265e-10
80,iaaft,0,79,0.045586425322361,0.0004470033263389295,0.0003494408130458752,3.0810601048744712,0.1058546760711444,0.7047641266815816,1.0,0.1,0.7047641266815816,1.0,2.0165875433418,4.962685902778422e-07,4.963255540061472e-07,1.5616650369748926e-10
81,iaaft,0,80,0.04483508617608224,-0.00030433581993982717,0.0006690057648914853,3.0803075518655993,0.10576080827011806,0.7047961404426196,1.0,0.1,0.7047961404426196,1.0,1.4563617030088905,4.962683682161696e-07,4.963253305967455e-07,3.3360393197181076e-10
82,iaaft,0,81,0.044285229430899825,-0.0008541925651222443,0.0005562610379133869,3.079655381470894,0.10569205964030032,0.7048238963078386,1.0,0.1,0.7048238963078386,1.0,1.621479786334332,4.962680137909585e-07,4.963249818078507e-07,1.198727689269209e-10
83,iaaft,0,82,0.04496266512648629,-0.00017675686953577685,0.0007228216435602007,3.0806556183632576,0.10577675308939652,0.7047813317164467,1.0,0.1,0.7047813317164467,1.0,1.9958641559873291,4.962666634477018e-07,4.963236252075611e-07,2.5617431170620376e-10
84,iaaft,0,83,0.04554545565278505,0.0004060336567629774,0.0009259834172277346,3.0812255645463567,0.10584955971245551,0.7047570900479165,1.0,0.1,0.7047570900479165,1.0,1.6857908722502786,4.962679504647478e-07,4.963249138636663e-07,3.2606429673890794e-10
85,iaaft,0,84,0.04498191781393213,-0.00015750418208993616,0.00030912051737069324,3.0806310920616857,0.10577915908186489,0.7047823750972515,1.0,0.1,0.7047823750972515,1.0,1.6836995838378852,4.962688854082193e-07,4.963258461996034e-07,1.8140373614126014e-10
86,iaaft,0,85,0.044871976376318255,-0.00026744561970381414,0.0005331379207828245,3.080259380430332,0.10576541905498096,0.7047981901875033,1.0,0.1,0.7047981901875033,1.0,1.673923375339126,4.962683368050253e-07,4.963252990228763e-07,1.752348057674768e-10
87,iaaft,0,86,0.04497454690827734,-0.00016487508774472998,0.00019270455775555762,3.0806657516116824,0.10577823795233074,0.7047809006396171,1.0,0.1,0.7047809006396171,1.0,1.951834916172009,4.962674152994765e-07,4.963243772312468e-07,4.327147323947504e-10
88,iaaft,0,87,0.04548417663534529,0.00034475463932322203,0.0009203055949782957,3.0813084721741073,0.10584190662789951,0.7047535644484958,1.0,0.1,0.7047535644484958,1.0,1.722486105191743,4.962669879735349e-07,4.963239489473283e-07,3.0707908407451615e-10
89,iaaft,0,88,0.044707271445308415,-0.00043215055071365444,0.000575096281074953,3.0800419667203967,0.10574483157208375,0.7048074421496948,1.0,0.1,0.7048074421496948,1.0,1.5152164617509918,4.962676612134619e-07,4.963246240533418e-07,3.147940737002e-10
90,iaaft,0,89,0.04546753941159455,0.000328117415572482,0.0008805423494928572,3.0810852325453166,0.10583982872360814,0.7047630580096547,1.0,0.1,0.7047630580096547,1.0,1.54677666829134,4.962691860817396e-07,4.963261530382955e-07,1.3660260998870507e-10
91,iaaft,0,90,0.04543689167154257,0.00029746967552050224,0.0003774634452809408,3.0811308220283453,0.10583600087057887,0.7047611191469092,1.0,0.1,0.7047611191469092,1.0,1.3912472685127035,4.962668566178406e-07,4.963238179459541e-07,3.154835283706134e-10
92,iaaft,0,91,0.044981903847052744,-0.0001575181489693253,0.0002318557051600376,3.0806058710811146,0.10577915733645532,0.7047834480475847,1.0,0.1,0.7047834480475847,1.0,1.942017313271959,4.962684288547957e-07,4.963253922720864e-07,4.1895860389059106e-10
93,iaaft,0,92,0.04519587016385077,5.644816782870293e-05,0.0004928169033771892,3.0808751494007267,0.10580589284822768,0.7047719933052632,1.0,0.1,0.7047719933052632,1.0,1.7950440829482721,4.962670326546279e-07,4.963239989786566e-07,7.620704803235478e-10
94,iaaft,0,93,0.045164340912141054,2.4918916118985002e-05,0.0007204455301729956,3.0809083423171026,0.10580195363067854,0.7047705814585016,1.0,0.1,0.7047705814585016,1.0,1.5085672803473453,4.962665636711259e-07,4.96323528627741e-07,2.445004260678172e-10
95,iaaft,0,94,0.04554847027954872,0.00040904828352664874,0.0010823882211575887,3.081467584509129,0.10584993619235715,0.7047467988082716,1.0,0.1,0.7047467988082716,1.0,1.7306518512408673,4.96268948902404e-07,4.963259104326114e-07,1.12588328244681e-10
96,iaaft,0,95,0.045810532579183334,0.0006711105831612649,0.0007621037190887404,3.0814252365673394,0.10588265857340899,0.7047485994247943,1.0,0.1,0.7047485994247943,1.0,1.335717911843585,4.962663889781308e-07,4.963233493482675e-07,3.9695236773215176e-10
97,iaaft,0,96,0.044916999916334154,-0.00022242207968791589,0.0005174986250798976,3.08037505685035,0.10577104612689729,0.7047932681407212,1.0,0.1,0.7047932681407212,1.0,1.3248846051931833,4.962668149602802e-07,4.96323776969476e-07,2.425348621651869e-10
98,iaaft,0,97,0.04496652549156845,-0.00017289650445361654,0.0005562180065520217,3.080670292736729,0.10577723552042287,0.7047807074572763,1.0,0.1,0.7047807074572763,1.0,1.4158861795389635,4.96268993919445e-07,4.963259566543412e-07,3.21068481268755e-10
99,iaaft,0,98,0.04477222047188841,-0.00036720152413365764,0.0002764254850882691,3.080294490133687,0.10575295042921322,0.7047966962267467,1.0,0.1,0.7047966962267467,1.0,1.5842417583108281,4.962677290749715e-07,4.963246896931323e-07,5.803468428843395e-10
100,iaaft,0,99,0.04517843420298409,3.90122069620219e-05,0.00017676911098125957,3.0805986078130956,0.10580371444348337,0.7047837570445468,1.0,0.1,0.7047837570445468,1.0,1.4972666051181538,4.962677297468677e-07,4.963246930814835e-07,1.4462075600085503e-10
101,exact_spectrum,0,1,0.04542730455201496,0.0002878825559928938,0.00047415132110930437,3.0813332933198745,0.10583480342646989,0.7047525089796399,1.0,0.1,0.7047525089796399,1.0,1.6468505850035553,4.96267157963257e-07,4.963241203805771e-07,3.520780626419878e-10
102,exact_spectrum,0,2,0.0452310000336703,9.157803764823363e-05,0.0002958572747142939,3.080862845481408,0.10581028174888665,0.704772516654879,1.0,0.1,0.704772516654879,1.0,1.9430031003519193,4.962661684282246e-07,4.96323132445235e-07,6.617461672418784e-10
103,exact_spectrum,0,3,0.04470126133460495,-0.0004381606614171224,0.00044706742066532787,3.0799337444992876,0.10574408025556292,0.704812047984552,1.0,0.1,0.704812047984552,1.0,1.7691478682529898,4.962666226300116e-07,4.963235849187267e-07,5.291205892123246e-10
104,exact_spectrum,0,4,0.044958513441993114,-0.00018090855402895512,0.0006169437594785743,3.0807440465841576,0.10577623424963704,0.7047775699999522,1.0,0.1,0.7047775699999522,1.0,1.556791199281845,4.962668223511377e-07,4.963237857789266e-07,2.407257870716804e-10
105,exact_spectrum,0,5,0.04507833530026883,-6.10866957532416e-05,0.00031499598066366707,3.080822571950791,0.10579120747240024,0.7047742297260339,1.0,0.1,0.7047742297260339,1.0,1.3587501311441157,4.962671663619587e-07,4.963241270273622e-07,2.146198664143748e-10
106,exact_spectrum,0,6,0.045341139152266646,0.00020171715624457687,0.0007691313338988956,3.081337052926242,0.1058240406441418,0.7047523491114613,1.0,0.1,0.7047523491114613,1.0,1.755822883768957,4.962702693462828e-07,4.963272273569092e-07,5.282749501857235e-10
107,exact_spectrum,0,7,0.04468077629816578,-0.0004586456978562872,0.00031166233795442067,3.080321358854776,0.10574151940633618,0.7047955529523938,1.0,0.1,0.7047955529523938,1.0,1.6780558140844741,4.962665838280099e-07,4.963235441640268e-07,5.093730998847321e-10
108,exact_spectrum,0,8,0.04500675740722387,-0.00013266458879820225,0.00017987588163719242,3.0805163830698405,0.10578226318449997,0.704787255183276,1.0,0.1,0.704787255183276,1.0,1.481088644162378,4.962702560763341e-07,4.963272197311506e-07,1.3918463859492782e-10
109,exact_spectrum,0,9,0.04507041436917449,-6.900762684757672e-05,0.0003159203607859397,3.080471071437635,0.10579021771953673,0.7047891829826256,1.0,0.1,0.7047891829826256,1.0,1.5400354767862674,4.962664071193264e-07,4.96323369476281e-07,4.1663094046323995e-10
110,exact_spectrum,0,10,0.04493687494644497,-0.00020254704957709674,0.0005122076310706366,3.080526654755266,0.10577353002611245,0.7047868181785296,1.0,0.1,0.7047868181785296,1.0,1.7946632871748132,4.962686431896627e-07,4.963256017934474e-07,1.963747788374926e-10
111,exact_spectrum,0,11,0.04524016950121855,0.00010074750519648012,0.00048143316963524446,3.0810067250304063,0.10581142729340166,0.7047663969662261,1.0,0.1,0.7047663969662261,1.0,1.5707162356760138,4.962690097090042e-07,4.96325969955785e-07,7.693576085903265e-11
112,exact_spectrum,0,12,0.045161877618445055,2.2455622422985766e-05,0.0006315384874734926,3.0806766344727694,0.10580164586427171,0.7047804376767353,1.0,0.1,0.7047804376767353,1.0,1.641338858825647,4.962666804130792e-07,4.963236473407647e-07,1.1602480401589582e-10
113,exact_spectrum,0,13,0.04468510977109427,-0.000454312224927797,0.0004510352955168779,3.080316705140593,0.10574206114209446,0.7047957509683117,1.0,0.1,0.7047957509683117,1.0,1.3973017456495311,4.96268285740919e-07,4.963252496070153e-07,1.3700682375318172e-10
114,exact_spectrum,0,14,0.0455896122424565,0.0004501902464344315,0.0006665090010090352,3.081172716055927,0.10585507404852103,0.7047593374967588,1.0,0.1,0.7047593374967588,1.0,1.5773477593052976,4.962681328845484e-07,4.963250964330688e-07,2.1531393512152576e-10
115,exact_spectrum,0,15,0.045073696645729244,-6.572535029282511e-05,0.00023901010824022774,3.080893199915297,0.10579062785459278,0.7047712255305068,1.0,0.1,0.7047712255305068,1.0,1.5404840616714959,4.962666711745073e-07,4.963236359880821e-07,2.479941337418187e-10
116,exact_spectrum,0,16,0.04554616164504718,0.0004067396490251077,0.0003890204983088182,3.0811372413724025,0.10584964788000666,0.7047608461448847,1.0,0.1,0.7047608461448847,1.0,2.0479948966865793,4.962672745372364e-07,4.963242378009882e-07,2.980023866988916e-10
117,exact_spectrum,0,17,0.04529760909740652,0.00015818710138445352,0.0009628801751701225,3.0811561227580944,0.10581860295837861,0.7047600431633034,1.0,0.1,0.7047600431633034,1.0,1.708650745360466,4.962687548923951e-07,4.963257155315527e-07,2.2100931519924397e-10
118,exact_spectrum,0,18,0.04473141674570184,-0.00040800525032023277,0.0002843845985234511,3.0803976448963284,0.1057478498924843,0.7047923070586914,1.0,0.1,0.7047923070586914,1.0,1.8921985892817426,4.962670229121339e-07,4.963239823518519e-07,3.4730361595146626e-10
119,exact_spectrum,0,19,0.044680404937127736,-0.0004590170588943329,0.00034426075430251215,3.0800704688414324,0.10574147298165178,0.7048062291792867,1.0,0.1,0.7048062291792867,1.0,1.7163243287349406,4.962680677106234e-07,4.963250328102789e-07,1.6647200461809654e-10
120,exact_spectrum,0,20,0.04531656638105697,0.00017714438503490387,0.0006115030495106265,3.080889205094928,0.10582097109797405,0.7047713954485726,1.0,0.1,0.7047713954485726,1.0,1.8208300845698253,4.962673192183294e-07,4.963242834203736e-07,6.160091790098838e-10
121,exact_spectrum,0,21,0.045291054283579144,0.00015163228755707414,0.0006480843478915416,3.08084903974776,0.10581778412018407,0.7047731038893383,1.0,0.1,0.7047731038893383,1.0,1.6985208610326703,4.962677347860886e-07,4.963246991219872e-07,4.933764444831913e-10
122,exact_spectrum,0,22,0.044117494533586044,-0.0010219274624360258,0.0006590729179538782,3.0795413931867306,0.10567107883044329,0.7048287487434606,1.0,0.1,0.7048287487434606,1.0,1.889765687324599,4.962678721888482e-07,4.963248367727709e-07,4.834866005581049e-10
123,exact_spectrum,0,23,0.04485523544004008,-0.0002841865559819884,0.0006230186979006104,3.0805689968760586,0.10576332668529757,0.7047850167800941,1.0,0.1,0.7047850167800941,1.0,1.4970103285680874,4.962679081352913e-07,4.963248717310544e-07,2.4447884665367833e-10
124,exact_spectrum,0,24,0.045446327294082225,0.0003069052980601561,0.0006240513273007831,3.0811282191703597,0.10583717937928204,0.7047612298416364,1.0,0.1,0.7047612298416364,1.0,2.287008813307357,4.962692368098978e-07,4.96326199647153e-07,3.484156460479126e-10
125,exact_spectrum,0,25,0.0453545669581161,0.0002151449620940299,0.00022822584833770594,3.0809997699571374,0.10582571796190207,0.7047666927763645,1.0,0.1,0.7047666927763645,1.0,1.4986613399220854,4.962674510779458e-07,4.963244150792086e-07,4.5765145404308566e-10
126,exact_spectrum,0,26,0.04506663426360327,-7.278773241879699e-05,0.0001582479347515051,3.080690088009422,0.10578974537656048,0.7047798653603351,1.0,0.1,0.7047798653603351,1.0,1.3250430920415426,4.962678696692377e-07,4.963248294580267e-07,1.5148987563564143e-10
127,exact_spectrum,0,27,0.045412301363945994,0.00027287936792392414,0.0005491987971998729,3.081011756131274,0.10583292948093244,0.7047661829864573,1.0,0.1,0.7047661829864573,1.0,1.8067733666258783,4.962672886470552e-07,4.963242516706567e-07,2.97699025594072e-10
128,exact_spectrum,0,28,0.044845467299184844,-0.00029395469683722586,0.00028374596821017,3.0804893814243974,0.10576210579289395,0.704788403971099,1.0,0.1,0.704788403971099,1.0,2.027379605084411,4.962676813703459e-07,4.96324645836162e-07,3.899762276411593e-10
129,exact_spectrum,0,29,0.045403961484254025,0.000264539488231956,0.0005042537129600578,3.081325739084995,0.10583188778929072,0.7047528302063849,1.0,0.1,0.7047528302063849,1.0,1.5935649374859195,4.962667853968503e-07,4.963237465412423e-07,4.703163497358432e-10
130,exact_spectrum,0,30,0.04480696807070157,-0.0003324539253204972,0.00028363386193006935,3.080205920185162,0.10575729374555307,0.7048004650503279,1.0,0.1,0.7048004650503279,1.0,1.3853395271612248,4.962661921125634e-07,4.963231568683971e-07,4.077708928467381e-10
131,exact_spectrum,0,31,0.04581287470455768,0.0006734527085356101,0.0009598522325114223,3.081624953241414,0.10588295097705012,0.7047401079814759,1.0,0.1,0.7047401079814759,1.0,2.075595796287054,4.962681265015351e-07,4.963250899857529e-07,6.049655739393595e-10
132,exact_spectrum,0,32,0.04491074382919885,-0.00022867816682321795,0.0002660383586559295,3.080423728204024,0.10577026425488316,0.7047911972765453,1.0,0.1,0.7047911972765453,1.0,1.7745583804564597,4.962672570679368e-07,4.963242171467436e-07,5.381707256938741e-10
133,exact_spectrum,0,33,0.044313559624517274,-0.0008258623715047958,0.0006099986848844762,3.079626191898132,0.10569560285913628,0.7048251388627332,1.0,0.1,0.7048251388627332,1.0,1.2414231779393288,4.96268066030883e-07,4.9632502521864e-07,1.1845015484220688e-10
134,exact_spectrum,0,34,0.04564316823821194,0.0005037462421898717,0.0009084274529414598,3.08147008967636,0.10586176180996952,0.7047466922911428,1.0,0.1,0.7047466922911428,1.0,1.6185707818584352,4.962677878658833e-07,4.963247519485086e-07,2.0985824874067526e-10
135,exact_spectrum,0,35,0.04510529706983359,-3.412492618847657e-05,0.0006110672452684515,3.0808067890712554,0.1057945763868111,0.7047749010771014,1.0,0.1,0.7047749010771014,1.0,1.6405629105590744,4.96268664354391e-07,4.963256299251612e-07,3.844208276745676e-10
136,exact_spectrum,0,36,0.04546686258387072,0.00032744058784865,0.0005185159091909939,3.0812601815752885,0.10583974419041799,0.7047556179559649,1.0,0.1,0.7047556179559649,1.0,1.995510666807412,4.962693207969146e-07,4.963262826289503e-07,9.125816814979162e-10
137,exact_spectrum,0,37,0.04529483129737125,0.0001554093013491839,0.0005719196890578075,3.0809170466260887,0.1058182559517733,0.7047702112293074,1.0,0.1,0.7047702112293074,1.0,1.951183121418661,4.96266694018976e-07,4.963236562210795e-07,4.059881266862562e-10
138,exact_spectrum,0,38,0.04486983284298839,-0.00026958915303367664,0.0003973279684603908,3.080616247549554,0.10576515114729669,0.7047830066100359,1.0,0.1,0.7047830066100359,1.0,1.651010125769632,4.962675674839511e-07,4.963245284039402e-07,1.7487481116736547e-10
139,exact_spectrum,0,39,0.045774016019521836,0.0006345940234997668,0.0010200121448377488,3.0817011589145076,0.10587809954350112,0.704736868195008,1.0,0.1,0.704736868195008,1.0,1.5722011499589776,4.962689206827664e-07,4.963258837286769e-07,1.9062365237734806e-10
140,exact_spectrum,0,40,0.04500292411462758,-0.00013649788139449143,0.0003619492132323356,3.0808038017125448,0.10578178415950677,0.7047750281501384,1.0,0.1,0.7047750281501384,1.0,2.203877575994183,4.962707223722516e-07,4.963276847803857e-07,1.257729828403304e-10
141,exact_spectrum,0,41,0.04560622676412018,0.00046680476809810717,0.0008850997886108093,3.0813578825247885,0.10585714881861837,0.7047514633900284,1.0,0.1,0.7047514633900284,1.0,1.5068246627436415,4.962661309700151e-07,4.963230930317028e-07,2.098251788527952e-10
142,exact_spectrum,0,42,0.04527764170654173,0.00013821971051965892,0.00015006155294024188,3.0807925803055607,0.10581610857910839,0.7047755054763809,1.0,0.1,0.7047755054763809,1.0,1.99526366775839,4.96266719215081e-07,4.963236835601657e-07,9.561937824563385e-10
143,exact_spectrum,0,43,0.04494964908292771,-0.00018977291309436178,0.0003145861541979683,3.080465546687897,0.10577512645416355,0.7047894180388502,1.0,0.1,0.7047894180388502,1.0,1.5763357249372814,4.962681637917707e-07,4.963251266828301e-07,2.1919092804524555e-10
144,exact_spectrum,0,44,0.044577014698791155,-0.0005624072972309144,0.00036987133087308595,3.0799767234462037,0.10572854714094194,0.7048102188034536,1.0,0.1,0.7048102188034536,1.0,1.5202226286934548,4.962674391517893e-07,4.963243998434388e-07,3.92777236646222e-10
145,exact_spectrum,0,45,0.04480619944132248,-0.00033322255469958595,0.0007406389894987883,3.080500200005218,0.10575719767176323,0.7047879436910794,1.0,0.1,0.7047879436910794,1.0,1.8718414531114098,4.962689848488472e-07,4.963259484957899e-07,3.297990156561038e-10
146,exact_spectrum,0,46,0.04484101091475233,-0.00029841108126973936,0.0003510311613287337,3.0803761027923753,0.10576154879727807,0.704793223637404,1.0,0.1,0.704793223637404,1.0,1.6380623555355536,4.962677707325319e-07,4.96324733997596e-07,1.360165748311508e-10
147,exact_spectrum,0,47,0.045298312107419865,0.00015889011139779557,0.00032783157711005956,3.0809962950366527,0.10581869077917705,0.7047668405706551,1.0,0.1,0.7047668405706551,1.0,1.8322855826038889,4.962675587493013e-07,4.963245228673586e-07,5.553048015168891e-10
148,exact_spectrum,0,48,0.04528510769019656,0.0001456856941744883,0.00022149624239490846,3.0809008252253878,0.10581704125641264,0.7047709011922303,1.0,0.1,0.7047709011922303,1.0,1.890837979207466,4.962670600343953e-07,4.963240229845082e-07,2.7289116102632075e-10
149,exact_spectrum,0,49,0.04555383715743142,0.00041441516140935247,0.0003470636028066782,3.0813630236492635,0.10585060642845125,0.7047512447796448,1.0,0.1,0.7047512447796448,1.0,1.7795957486946197,4.962681093681837e-07,4.963250714403698e-07,3.423201570711657e-10
150,exact_spectrum,0,50,0.04601056232321949,0.0008711403271974213,0.0008125178285290101,3.081971255984566,0.10590762846231068,0.7047253866287928,1.0,0.1,0.7047253866287928,1.0,1.7645698720365548,4.96266709136639e-07,4.963236724909394e-07,3.7409495990237704e-10
151,exact_spectrum,0,51,0.045393377105097846,0.00025395510907577634,0.000716506135316966,3.081007258297719,0.10583056573395702,0.7047663742855877,1.0,0.1,0.7047663742855877,1.0,1.481276612714982,4.962680033765685e-07,4.963249642322551e-07,2.4359112488245265e-10
152,exact_spectrum,0,52,0.04597705547145514,0.0008376334754330722,0.00126640281913795,3.0820215272614115,0.10590344618302952,0.7047232498629223,1.0,0.1,0.7047232498629223,1.0,1.567902358387959,4.962683744312089e-07,4.963253392920263e-07,2.206309799343306e-10
153,exact_spectrum,0,53,0.045973860829083675,0.0008344388330616057,0.0006795450172764452,3.0816895926957253,0.10590304742352595,0.7047373599078604,1.0,0.1,0.7047373599078604,1.0,1.818364058856531,4.96268080644624e-07,4.963250414451941e-07,3.6968334237378507e-10
154,exact_spectrum,0,54,0.045715061038339624,0.000575639042317555,0.0010901284462981314,3.081554219020392,0.10587073870077443,0.7047431152966905,1.0,0.1,0.7047431152966905,1.0,1.6458352387708106,4.962690631247469e-07,4.96326028522294e-07,1.9644589484400037e-10
155,exact_spectrum,0,55,0.04551045383519104,0.00037103183916897126,0.0004863699205641763,3.0813148140877025,0.1058451884328861,0.7047532947699044,1.0,0.1,0.7047532947699044,1.0,1.5533109417438822,4.962689001899343e-07,4.963258623854762e-07,1.4253719558875562e-10
156,exact_spectrum,0,56,0.04578435210237822,0.000644930106356148,0.0006645303900091003,3.0815287586288926,0.10587939000565488,0.7047441977962758,1.0,0.1,0.7047441977962758,1.0,1.3791958761903798,4.96266115852352e-07,4.963230802866729e-07,3.315788737661277e-10
157,exact_spectrum,0,57,0.045248540986929806,0.00010911899090773614,0.000395737802350319,3.0807589536953763,0.10581247313496053,0.704776935875661,1.0,0.1,0.704776935875661,1.0,1.580210354958313,4.962672490051832e-07,4.963242123896665e-07,2.9149801217985646e-10
158,exact_spectrum,0,58,0.044911551574518906,-0.00022787042150316378,0.0011185372807749003,3.080537790316976,0.10577036520544211,0.7047863444237387,1.0,0.1,0.7047863444237387,1.0,1.4839678855468146,4.962675592532234e-07,4.963245220734188e-07,1.5317765248007931e-10
159,exact_spectrum,0,59,0.04547501311090792,0.00033559111488585397,0.0006424310973888768,3.0812407804250412,0.1058407621555359,0.7047564429874539,1.0,0.1,0.7047564429874539,1.0,1.6731549628344369,4.962672485012611e-07,4.963242088753347e-07,3.5165374973454407e-10
160,exact_spectrum,0,60,0.04537504128416276,0.00023561928814069127,0.0007627524103126041,3.0810016080839673,0.1058282754358465,0.7047666145978299,1.0,0.1,0.7047666145978299,1.0,1.2985178941330942,4.962679388745396e-07,4.963249055935697e-07,2.394111645430547e-10
161,exact_spectrum,0,61,0.04421201546186558,-0.0009274065341564885,0.0006914040036018235,3.0794054560965396,0.1056829023184489,0.7048345359912477,1.0,0.1,0.7048345359912477,1.0,1.5788650180574446,4.962674152994765e-07,4.963243782023467e-07,1.3754103367215825e-10
162,exact_spectrum,0,62,0.045368296947726844,0.00022887495170477445,0.00037214706453906536,3.081145275324191,0.10582743299908426,0.7047605044783527,1.0,0.1,0.7047605044783527,1.0,1.7482678918671446,4.962670504598754e-07,4.963240089954207e-07,3.0027485490861433e-10
163,exact_spectrum,0,63,0.04545198283695586,0.0003125608409337913,0.0004737030776671289,3.0811117030556536,0.10583788574996608,0.7047619322456622,1.0,0.1,0.7047619322456622,1.0,1.6658564795186084,4.9626700359512e-07,4.963239652657432e-07,2.489608715483235e-10
164,exact_spectrum,0,64,0.045131223520986925,-8.198475035144093e-06,0.0001999682592196067,3.080510618448065,0.10579781583542416,0.7047875004380539,1.0,0.1,0.7047875004380539,1.0,1.7941791290050455,4.962662297387469e-07,4.963231956467775e-07,2.9347384349529517e-10
165,exact_spectrum,0,65,0.04522690899535237,8.748699933030374e-05,0.00024402803102127577,3.080790167587694,0.10580977065015941,0.7047756081068755,1.0,0.1,0.7047756081068755,1.0,1.4888026136595283,4.962681611041861e-07,4.963251231658737e-07,3.146006201052903e-10
166,exact_spectrum,0,66,0.04461254310626985,-0.0005268788897522178,0.0004210773292825917,3.079887023315786,0.1057329890782831,0.7048140364917437,1.0,0.1,0.7048140364917437,1.0,1.7796060864156866,4.962683132886606e-07,4.963252782767709e-07,3.9899375091423273e-10
167,exact_spectrum,0,67,0.045466783533168284,0.00032736153714621463,0.000593601978559568,3.081138514970317,0.10583973431728365,0.7047607919814133,1.0,0.1,0.7047607919814133,1.0,1.2489979799556676,4.962677485599594e-07,4.963247128932334e-07,2.915892168309542e-10
168,exact_spectrum,0,68,0.045040003415400424,-9.941858062164494e-05,0.0009674740415237298,3.0807412572698376,0.10578641765996921,0.7047776886535194,1.0,0.1,0.7047776886535194,1.0,2.007343952771089,4.962671048834624e-07,4.963240698033331e-07,2.2253862429047382e-10
169,exact_spectrum,0,69,0.04502478845004837,-0.00011463354597369968,0.00028335907913050375,3.080484131344956,0.10578451639330277,0.7047886273385684,1.0,0.1,0.7047886273385684,1.0,1.905135710900838,4.962670716246037e-07,4.963240317230948e-07,7.454156554153658e-10
170,exact_spectrum,0,70,0.04557705675465337,0.00043763475863130286,0.000844804177296373,3.081425565832715,0.10585350613104533,0.704748585424383,1.0,0.1,0.704748585424383,1.0,1.4938336081809798,4.962667958112404e-07,4.963237582036269e-07,2.261870255511142e-10
171,exact_spectrum,0,71,0.04559458498758348,0.0004551629915614114,0.00042584526580494614,3.081198264600403,0.10585569503382215,0.7047582510031848,1.0,0.1,0.7047582510031848,1.0,1.6838335002263474,4.962682864128152e-07,4.963252520885692e-07,4.35453659246804e-10
172,exact_spectrum,0,72,0.04503513604514306,-0.00010428595087901005,0.0006195666912974947,3.080755440523714,0.10578580943562878,0.7047770853197339,1.0,0.1,0.7047770853197339,1.0,1.9086793868657503,4.962685558431653e-07,4.963255171935878e-07,9.150032214133384e-11
173,exact_spectrum,0,73,0.04593993102282931,0.0008005090268072418,0.0010858085022577334,3.081873012749485,0.10589881216738636,0.7047295626258593,1.0,0.1,0.7047295626258593,1.0,1.4632729713539983,4.962671734168681e-07,4.963241361018969e-07,1.8524629963726483e-10
174,exact_spectrum,0,74,0.04545157204634531,0.0003121500503232427,0.000249517331626432,3.081091048553296,0.10583783444285852,0.7047628106591014,1.0,0.1,0.7047628106591014,1.0,1.965230454473311,4.962663054950361e-07,4.963232649098205e-07,5.748891355658962e-10
175,exact_spectrum,0,75,0.045361547943563896,0.00022212594754182635,0.0002498909625835093,3.080949942728797,0.10582658997256185,0.7047688120445516,1.0,0.1,0.7047688120445516,1.0,1.8173831925069528,4.962673946386705e-07,4.963243577423221e-07,1.8072832305022437e-10
176,exact_spectrum,0,76,0.04538393777421964,0.0002445157781975696,0.00030817456217768595,3.0810104459430363,0.10582938668840196,0.7047662387105327,1.0,0.1,0.7047662387105327,1.0,1.1807195289644135,4.962662082380706e-07,4.963231756854256e-07,1.970658135136603e-10
177,exact_spectrum,0,77,0.045455020494777114,0.0003155984987550445,0.00030922236519737495,3.081127955562137,0.10583826514792573,0.7047612410524158,1.0,0.1,0.7047612410524158,1.0,1.9649657961241602,4.962668018583056e-07,4.963237620552191e-07,2.544181746792481e-10
178,exact_spectrum,0,78,0.044815808094220026,-0.00032361390180204314,0.0002663105647680215,3.0805272010769986,0.1057583986860646,0.7047867949355701,1.0,0.1,0.7047867949355701,1.0,1.8615920829716335,4.962672261607147e-07,4.963241845545318e-07,3.5041528768262495e-10
179,exact_spectrum,0,79,0.04556900122067786,0.00042957922465579335,0.0003602903214680817,3.0810573807097805,0.10585250015132924,0.7047642425404742,1.0,0.1,0.7047642425404742,1.0,2.0279854209471955,4.962686136262328e-07,4.9632557593332e-07,1.6183158545888307e-10
180,exact_spectrum,0,80,0.044840082510069844,-0.00029933948595222554,0.0006499337342371586,3.0803187267854995,0.10576143275724806,0.704795664947084,1.0,0.1,0.704795664947084,1.0,1.499643263781693,4.96268375439053e-07,4.96325340306432e-07,3.392050208755624e-10
181,exact_spectrum,0,81,0.04439022519676723,-0.0007491967992548365,0.0004988786255969278,3.0797896888526357,0.10570519072254218,0.704818179348105,1.0,0.1,0.704818179348105,1.0,1.579178938247842,4.962680366354272e-07,4.963249992928977e-07,1.1892510142242695e-10
182,exact_spectrum,0,82,0.044975780698911,-0.00016364129711107095,0.0006989187083682873,3.0806614213030987,0.10577839213760523,0.7047810848542116,1.0,0.1,0.7047810848542116,1.0,2.0218804531751284,4.962667146797821e-07,4.963236765275653e-07,2.6273592337721413e-10
183,exact_spectrum,0,83,0.04555185422935315,0.0004124322333310809,0.0009438461179196211,3.0812482532658305,0.10585035879335575,0.7047561252046279,1.0,0.1,0.7047561252046279,1.0,1.6875696325822762,4.962679383706174e-07,4.963249007367581e-07,3.3759597661022174e-10
184,exact_spectrum,0,84,0.04512853505100549,-1.0886945016580496e-05,0.0003129444663363883,3.080813512434219,0.1057974799220825,0.7047746150868358,1.0,0.1,0.7047746150868358,1.0,1.7422001328613403,4.962688803689983e-07,4.963258415803175e-07,1.8364150721465163e-10
185,exact_spectrum,0,85,0.04487583257979334,-0.00026358941622872667,0.0005210045622502145,3.080264052003146,0.10576590101757347,0.7047979914044498,1.0,0.1,0.7047979914044498,1.0,1.7240264714310203,4.962683331095966e-07,4.9632529455188e-07,1.8870501622037612e-10
186,exact_spectrum,0,86,0.04503703496889712,-0.00010238702712495051,0.00014320254666657007,3.080708719210555,0.1057860467246805,0.7047790727930414,1.0,0.1,0.7047790727930414,1.0,1.9441822515724345,4.962674280655031e-07,4.963243901691843e-07,4.432601107338247e-10
187,exact_spectrum,0,87,0.04549536295653176,0.00035594096050969165,0.0009028574450972379,3.081330025913951,0.10584330371935985,0.704752647918494,1.0,0.1,0.704752647918494,1.0,1.707394710993578,4.962669671447547e-07,4.963239275542603e-07,3.051207220585797e-10
188,exact_spectrum,0,88,0.04466535746379074,-0.00047406453223133166,0.0005684038892409222,3.079989422844679,0.10573959184578592,0.7048096783274814,1.0,0.1,0.7048096783274814,1.0,1.5204148418120735,4.962676810343979e-07,4.963246441209896e-07,3.182883482865652e-10
189,exact_spectrum,0,89,0.04540547369223879,0.0002660516962167195,0.0007300203495151002,3.080993963371729,0.1058320766722031,0.7047669397405213,1.0,0.1,0.7047669397405213,1.0,1.579833007843133,4.962691091496322e-07,4.963260701562329e-07,1.4020357958158608e-10
190,exact_spectrum,0,90,0.04537613335533172,0.00023671135930965204,0.00034439624326883814,3.0810403921648284,0.1058284118461003,0.704764965068871,1.0,0.1,0.704764965068871,1.0,1.4145596350464826,4.962668517465936e-07,4.963238134342765e-07,3.229939623675993e-10
191,exact_spectrum,0,91,0.044977035321897806,-0.00016238667412426383,0.0002665926571317905,3.0806014200168,0.10577854892604241,0.7047836374064405,1.0,0.1,0.7047836374064405,1.0,1.9765121637020326,4.962684019789503e-07,4.96325365696757e-07,4.011527264182643e-10
192,exact_spectrum,0,92,0.04518289005936629,4.3468063344223595e-05,0.0004816037955061207,3.080861033960029,0.10580427115114897,0.7047725937086413,1.0,0.1,0.7047725937086413,1.0,1.7873461398893935,4.962670469324208e-07,4.963240076791867e-07,7.553421806700563e-10
193,exact_spectrum,0,93,0.045115633827962895,-2.3788168059174497e-05,0.0007154269838699235,3.080850262298954,0.10579586795212605,0.7047730518872439,1.0,0.1,0.7047730518872439,1.0,1.4875434658159112,4.962665740855159e-07,4.96323535491055e-07,2.4442475376564594e-10
194,exact_spectrum,0,94,0.04555975606308099,0.0004203340670589223,0.0010214359126508054,3.081475569987526,0.1058513455989485,0.704746459274552,1.0,0.1,0.704746459274552,1.0,1.7439717634676193,4.962689015337265e-07,4.963258651557355e-07,1.1396253956175345e-10
195,exact_spectrum,0,95,0.045799779936764026,0.0006603579407419569,0.0007426680724290602,3.081404997164038,0.10588131614481724,0.7047494600127666,1.0,0.1,0.7047494600127666,1.0,1.3063699132672115,4.962663745323639e-07,4.963233348710054e-07,3.773346593423285e-10
196,exact_spectrum,0,96,0.044948976701959555,-0.00019044529406251481,0.00048433454648592753,3.0804092537337673,0.1057750424249874,0.7047918131282436,1.0,0.1,0.7047918131282436,1.0,1.3355021462917613,4.96266793963526e-07,4.963237565908137e-07,2.475366459627239e-10
197,exact_spectrum,0,97,0.045005285001459484,-0.00013413699456258504,0.0006034507975975895,3.0807314491018003,0.10578207918649826,0.7047781058810727,1.0,0.1,0.7047781058810727,1.0,1.417474019485008,4.962689672115737e-07,4.963259275698997e-07,3.043897987986024e-10
198,exact_spectrum,0,98,0.04474486278905534,-0.00039455920696673114,0.00028393680634257435,3.080261948790204,0.10574953069846223,0.7047980808995226,1.0,0.1,0.7047980808995226,1.0,1.602376408360535,4.962677525913362e-07,4.963247154194054e-07,5.956836647864679e-10
199,exact_spectrum,0,99,0.04515234377018342,1.292177416135215e-05,0.0001696094974244375,3.0805743738589375,0.10580045468718523,0.7047847880258105,1.0,0.1,0.7047847880258105,1.0,1.5122237982338766,4.962677112697239e-07,4.963246748694238e-07,1.6029882240158575e-10
200,real,1,0,0.04481669743875732,-0.00032272455726475163,0.0002541810168534755,3.0802177729790197,0.10575850984721208,0.7047999606785846,1.0,0.1,0.7047999606785846,1.0,1.7081565608343494,4.96268569617036e-07,4.963255319241232e-07,9.308910453886225e-11
201,iaaft,1,1,0.0448562990859857,-0.0002831229100363694,0.00045648531980912625,3.0804717110656235,0.1057634596265566,0.7047891557690408,1.0,0.1,0.7047891557690408,1.0,2.0966299273731477,4.962692942570172e-07,4.963262570575282e-07,7.632981920373117e-10
202,iaaft,1,2,0.04486985676142197,-0.0002695652346001026,0.0002447817353767939,3.080504606631504,0.10576515413672545,0.7047877562106472,1.0,0.1,0.7047877562106472,1.0,1.5696779938665095,4.962695401710026e-07,4.963264996002222e-07,3.6449833040063845e-10
203,iaaft,1,3,0.04537871769421157,0.00023929569818949975,0.0004412609442965068,3.0809763241554995,0.10582873465432717,0.7047676899726014,1.0,0.1,0.7047676899726014,1.0,1.8703987094876595,4.962686379824677e-07,4.963255990559957e-07,4.190191060378459e-10
204,iaaft,1,4,0.04489267508769405,-0.00024674690832801605,0.00028415791103290704,3.0806005689653446,0.10576800603084656,0.7047836736122532,1.0,0.1,0.7047836736122532,1.0,1.8235149475336563,4.96269457527778e-07,4.963264183887138e-07,4.3777005266633315e-10
205,iaaft,1,5,0.04540602560276927,0.0002666036067471983,0.0004281097651186242,3.0809610837096866,0.10583214560871344,0.7047683381868298,1.0,0.1,0.7047683381868298,1.0,1.5623908133592943,4.962670924533839e-07,4.963240531634055e-07,5.105565609389993e-10
206,iaaft,1,6,0.04607513423202768,0.0009357122360056092,0.0007472190425619739,3.0819838024196358,0.10591568777361825,0.7047248533398554,1.0,0.1,0.7047248533398554,1.0,1.7605557393181583,4.962682578572295e-07,4.963252212443373e-07,1.9124777564703843e-10
207,iaaft,1,7,0.04502820805584413,-0.00011121394017794134,0.0003991663342630205,3.0805447763107954,0.10578494371125297,0.7047860472111643,1.0,0.1,0.7047860472111643,1.0,1.8784648243464483,4.962670800233054e-07,4.963240431518906e-07,4.4505020476152575e-10
208,iaaft,1,8,0.044751424090452525,-0.000387997905569544,0.00029702524401672205,3.0802956582966012,0.10575035087610944,0.7047966465205617,1.0,0.1,0.7047966465205617,1.0,1.70396646076905,4.962670763278766e-07,4.963240389853472e-07,5.730682760440896e-10
209,iaaft,1,9,0.04555027751065562,0.0004108555146335527,0.0003065820549084419,3.081209491061469,0.10585016188671581,0.7047577735851793,1.0,0.1,0.7047577735851793,1.0,1.4372517329868897,4.962688225859307e-07,4.963257842014373e-07,2.0038009342456408e-10
210,iaaft,1,10,0.044823222306450035,-0.00031619968957203454,0.0004789882923172709,3.080371772111229,0.10575932540133284,0.7047934079018023,1.0,0.1,0.7047934079018023,1.0,1.8361033381376075,4.962690720273708e-07,4.963260349249916e-07,1.9476115203054574e-10
211,iaaft,1,11,0.045222131672296335,8.270967627426601e-05,0.00030597680639649945,3.0806576422500105,0.1058091738098643,0.7047812456183962,1.0,0.1,0.7047812456183962,1.0,1.5241456180127646,4.962669095296612e-07,4.963238737238317e-07,1.366059484726244e-10
212,iaaft,1,12,0.04485757511177077,-0.00028184688425129945,0.00024939648334981236,3.080352875927078,0.10576361911218302,0.7047942119138304,1.0,0.1,0.7047942119138304,1.0,1.4722926105797962,4.96269312734161e-07,4.963262749231414e-07,2.1498303677356032e-10
213,iaaft,1,13,0.0452271812226838,8.77592266617308e-05,0.0002598279963299177,3.0806381190047816,0.10580980465994995,0.7047820761602783,1.0,0.1,0.7047820761602783,1.0,1.7294606990068484,4.96268524935943e-07,4.963254856866459e-07,2.1063916002323694e-10
214,iaaft,1,14,0.045602072007151884,0.0004626500111298143,0.00035530739876311527,3.0811549721198515,0.1058566299892267,0.7047600920970056,1.0,0.1,0.7047600920970056,1.0,1.9662832071348528,4.962685234241767e-07,4.963254864385921e-07,7.4008468975452e-10
215,iaaft,1,15,0.04581621059619337,0.0006767886001712992,0.0004476547845293726,3.0815258745258713,0.10588336744646983,0.7047443204208029,1.0,0.1,0.7047443204208029,1.0,1.37743841680004,4.962680698942858e-07,4.963250336317769e-07,4.149123298852453e-10
216,iaaft,1,16,0.04522748028711682,8.80582910947475e-05,0.00020009884047563536,3.0807079976966203,0.10580984202252938,0.7047791034859143,1.0,0.1,0.7047791034859143,1.0,1.7586741903407035,4.962679890987756e-07,4.963249558689854e-07,4.611786042973544e-10
217,iaaft,1,17,0.04594769060240138,0.0008082686063793088,0.0005024907501704223,3.081736634493296,0.10589978076454395,0.7047353600498283,1.0,0.1,0.7047353600498283,1.0,1.9819392154026787,4.962672311999356e-07,4.963241931093968e-07,2.072416699754007e-10
218,iaaft,1,18,0.04567786510361951,0.0005384431075974375,0.0007851828777567826,3.08155039815656,0.10586609432732533,0.7047432777472581,1.0,0.1,0.7047432777472581,1.0,2.128067796231525,4.962685810392703e-07,4.963255452570621e-07,6.545805839360303e-11
219,iaaft,1,19,0.04581861471201488,0.0006791927159928088,0.001150194286683037,3.08175292852323,0.10588366758731439,0.7047346673660434,1.0,0.1,0.7047346673660434,1.0,1.8886865702035383,4.962673850641505e-07,4.963243482386662e-07,1.3193583465377008e-10
220,iaaft,1,20,0.0453073556900577,0.00016793369403562963,0.00018613347493763997,3.080793191388446,0.10581982050715232,0.7047754794825922,1.0,0.1,0.7047754794825922,1.0,1.7678823246298594,4.962673632275262e-07,4.963243251094291e-07,6.065636159054943e-10
221,iaaft,1,21,0.04521478829218009,7.536629615802204e-05,0.0002777695660140223,3.080843488334426,0.10580825638048667,0.7047733400232057,1.0,0.1,0.7047733400232057,1.0,1.484599097366686,4.962671668658807e-07,4.963241291690311e-07,2.941225277182222e-10
222,iaaft,1,22,0.045615666125941805,0.00047624412991973536,0.0005138711816146788,3.081200494680439,0.10585832755882403,0.7047581561662275,1.0,0.1,0.7047581561662275,1.0,1.716103844642073,4.962674398236855e-07,4.963244008171633e-07,1.8834147841799192e-10
223,iaaft,1,23,0.04568392181880395,0.0005444998227818812,0.0006481395414141419,3.081457099976185,0.10586685059716919,0.704747244601648,1.0,0.1,0.704747244601648,1.0,1.7562126554714672,4.962680895472478e-07,4.963250495525658e-07,3.284399062544966e-10
224,iaaft,1,24,0.0453157486053642,0.0001763266093421298,0.00014337156839044725,3.080925568947759,0.10582086894271281,0.7047698487427504,1.0,0.1,0.7047698487427504,1.0,1.970775646521741,4.962676363533049e-07,4.963245987784989e-07,8.13913293184549e-10
225,iaaft,1,25,0.045164703361684606,2.528136566253697e-05,0.00018379633097798104,3.0809674439121877,0.1058019989154157,0.7047680676707666,1.0,0.1,0.7047680676707666,1.0,2.1877500239455663,4.962686747687811e-07,4.963256397280209e-07,4.668041386721945e-10
226,iaaft,1,26,0.045647451776015646,0.0005080297799935768,0.0005552113434370504,3.0815739238849367,0.10586229669502438,0.7047422775169045,1.0,0.1,0.7047422775169045,1.0,1.3042909842521477,4.962680450341288e-07,4.96325005141806e-07,2.6678946750870496e-10
227,iaaft,1,27,0.04487128432088816,-0.00026813767513390874,0.0005385255646339303,3.0805307250149627,0.10576533255909772,0.7047866450117495,1.0,0.1,0.7047866450117495,1.0,1.6385373989122693,4.962678693332896e-07,4.963248305826654e-07,2.213228964741751e-10
228,iaaft,1,28,0.04537167698544996,0.00023225498942788803,0.0003167636801243106,3.080910278310786,0.10582785520128551,0.7047704991127433,1.0,0.1,0.7047704991127433,1.0,1.9875570056793646,4.962688054525793e-07,4.963257718710935e-07,7.998276626165792e-10
229,iaaft,1,29,0.045808496510581255,0.0006690745145591856,0.0006293010426784573,3.0816602876903882,0.1058824043789,0.7047386057631662,1.0,0.1,0.7047386057631662,1.0,1.7066867886122659,4.962682998507379e-07,4.963252635016174e-07,3.24049416709828e-10
230,iaaft,1,30,0.045942463805622426,0.0008030418096003564,0.000550098641044311,3.0817459512670764,0.10589912832546537,0.7047349639788458,1.0,0.1,0.7047349639788458,1.0,1.8643462108795954,4.962687535486029e-07,4.963257159895445e-07,3.345204402930577e-10
231,iaaft,1,31,0.04414487261456477,-0.0009945493814573006,0.0008582179924901918,3.0792623171802527,0.10567450365160891,0.7048406303835404,1.0,0.1,0.7048406303835404,1.0,1.6314417729999269,4.962692465523917e-07,4.96326209292537e-07,2.1911285686390588e-10
232,iaaft,1,32,0.04465619813359863,-0.0004832238624234361,0.0003624256730479393,3.0799521819628617,0.1057384467903536,0.7048112632812111,1.0,0.1,0.7048112632812111,1.0,1.8516299193050536,4.962680258850889e-07,4.963249878850987e-07,4.445168662078489e-10
233,iaaft,1,33,0.04508322013394249,-5.620186207958011e-05,0.00016809006969421248,3.0805125167817584,0.10579181784780876,0.7047874196736952,1.0,0.1,0.7047874196736952,1.0,1.7520964929470235,4.962681333884705e-07,4.963250943570146e-07,4.880878082788319e-10
234,iaaft,1,34,0.0457491723306222,0.0006097503346001315,0.0004044681835575702,3.0814739526009065,0.10587499773929462,0.704746528043905,1.0,0.1,0.704746528043905,1.0,1.9682012058552496,4.962669026427258e-07,4.963238640745108e-07,3.3937813911402014e-10
235,iaaft,1,35,0.04464577056130512,-0.0004936514347169477,0.0006737840028938395,3.0800015637937834,0.10573714317029569,0.70480916162274,1.0,0.1,0.70480916162274,1.0,1.9683562643885777,4.962672127227919e-07,4.963241763959805e-07,5.793775749689524e-10
236,iaaft,1,36,0.045584765515347014,0.000445343519324945,0.0006761542427430813,3.081302929539716,0.10585446879656273,0.704753800140052,1.0,0.1,0.704753800140052,1.0,2.0615922571598007,4.962672493411313e-07,4.96324213986732e-07,3.659398153181983e-10
237,iaaft,1,37,0.04477303027360311,-0.0003663917224189586,0.0005138935028835587,3.0802255434953443,0.10575305165334621,0.7047996300219949,1.0,0.1,0.7047996300219949,1.0,1.4807611757037589,4.962655840465614e-07,4.963225490989743e-07,1.6225702169267703e-10
238,iaaft,1,38,0.04574853539460649,0.0006091133985844238,0.00045742800900772535,3.081459302249522,0.1058749182148527,0.704747150962622,1.0,0.1,0.704747150962622,1.0,2.077773789769909,4.962666560568444e-07,4.963236173442767e-07,9.151939716761436e-10
239,iaaft,1,39,0.04512157844561432,-1.7843550407750652e-05,0.0003817091233978617,3.080954994922898,0.10579661071770644,0.7047685971598976,1.0,0.1,0.7047685971598976,1.0,1.641460311383062,4.962679264444611e-07,4.963248870928047e-07,2.8520082313298404e-10
240,iaaft,1,40,0.04533447312411976,0.00019505112809769382,0.0003600688014518852,3.081066526483493,0.10582320795560528,0.7047638535709475,1.0,0.1,0.7047638535709475,1.0,1.3169436749534953,4.962678011358319e-07,4.963247632578853e-07,1.3066898499015963e-10
241,iaaft,1,41,0.04548181517743661,0.0003423931814145395,0.0003356968160417518,3.0810446625158705,0.10584161169634927,0.704764783448704,1.0,0.1,0.704764783448704,1.0,2.4266520841952266,4.962668769426987e-07,4.96323838989951e-07,4.427463831485796e-10
242,iaaft,1,42,0.0461687632893023,0.0010293412932802296,0.0006498649789253476,3.0819578166748567,0.10592737265958552,0.7047259578742797,1.0,0.1,0.7047259578742797,1.0,1.8889158316750834,4.962677425128942e-07,4.9632470586457e-07,4.934105957039131e-10
243,iaaft,1,43,0.045078577517956124,-6.084447806594534e-05,0.00025086234326721,3.0806130286032283,0.1057912377383489,0.7047831435507059,1.0,0.1,0.7047831435507059,1.0,1.8600592134488696,4.962675364087549e-07,4.963244988982514e-07,6.962192314614282e-10
244,iaaft,1,44,0.045332612577658325,0.00019319058163625585,0.00036253512035235345,3.081117245688986,0.10582297554381935,0.7047616965254808,1.0,0.1,0.7047616965254808,1.0,2.0763275794270704,4.962668982754009e-07,4.963238612005801e-07,2.944160465945061e-10
245,iaaft,1,45,0.04469146656973208,-0.0004479554262899893,0.0004717544922986805,3.0802036871396816,0.1057428558126568,0.7048005600735014,1.0,0.1,0.7048005600735014,1.0,1.8120776527458742,4.962676712919039e-07,4.963246332433586e-07,6.78392682684582e-10
246,iaaft,1,46,0.04459158461971417,-0.000547837376307897,0.00034037726696365485,3.0800849520203712,0.10573036876713815,0.7048056128242028,1.0,0.1,0.7048056128242028,1.0,2.1155979744469815,4.962679160300709e-07,4.963248780432036e-07,2.168218905137245e-10
247,iaaft,1,47,0.04542322776287804,0.00028380576685597264,0.0007117818484747962,3.0813064020724,0.10583429422592411,0.704753652476123,1.0,0.1,0.704753652476123,1.0,1.431638465441954,4.962684075220935e-07,4.963253703068569e-07,1.0537443140739665e-10
248,iaaft,1,48,0.045282954808672636,0.00014353281265056667,0.0007520479115230296,3.0810272143385813,0.10581677231161829,0.704765525531527,1.0,0.1,0.704765525531527,1.0,1.569057924492022,4.96268684175327e-07,4.963256471372504e-07,5.696304591051997e-11
249,iaaft,1,49,0.04478120948540513,-0.0003582125106169412,0.00028629285169244314,3.0801315025939293,0.10575407403846813,0.7048036318277919,1.0,0.1,0.7048036318277919,1.0,1.9117633656736275,4.962666909954434e-07,4.96323659982123e-07,1.8589895224673744e-10
250,iaaft,1,50,0.045073131001757166,-6.629099426490315e-05,0.0002269347953842714,3.080631633317458,0.10579055717497572,0.7047823520713504,1.0,0.1,0.7047823520713504,1.0,1.6192687216709722,4.962677999600137e-07,4.963247623812708e-07,7.838322460235368e-11
251,iaaft,1,51,0.04515604653916558,1.662454314350914e-05,0.00020085845299773876,3.0806566120090277,0.10580091731975845,0.704781289445805,1.0,0.1,0.704781289445805,1.0,1.6573705389256186,4.962688330003209e-07,4.963257963690564e-07,3.688764896013975e-10
252,iaaft,1,52,0.044940480171494546,-0.00019894182452752374,0.00026676794515286103,3.080446342433518,0.10577398058600607,0.7047902351102577,1.0,0.1,0.7047902351102577,1.0,1.71600417399853,4.962662729080735e-07,4.963232328044709e-07,3.5962724089967884e-10
253,iaaft,1,53,0.04554594289897984,0.00040652090295777155,0.0002910158712473551,3.081115619042397,0.10584962056200252,0.704761765704322,1.0,0.1,0.704761765704322,1.0,1.5303841335684605,4.962699881577503e-07,4.963269483795974e-07,3.806542146877274e-10
254,iaaft,1,54,0.045174376436303114,3.4954440281044497e-05,0.00020116857659933202,3.080674508021535,0.1058032074699685,0.7047805281368855,1.0,0.1,0.7047805281368855,1.0,1.6973531303342653,4.962686536040529e-07,4.963256153888458e-07,1.4885347593439305e-10
255,iaaft,1,55,0.04454277475202458,-0.0005966472439974876,0.00048301607355594135,3.079867018077908,0.10572426611674016,0.7048148879557059,1.0,0.1,0.7048148879557059,1.0,1.5166578108115465,4.962678605986398e-07,4.96324822887355e-07,1.5001092201019462e-10
256,iaaft,1,56,0.04583873005050112,0.0006993080544790489,0.0008938526184384712,3.081860812605525,0.10588617884508189,0.7047300812320968,1.0,0.1,0.7047300812320968,1.0,1.7277649552407386,4.962677052226587e-07,4.963246683092504e-07,5.186109263521607e-10
257,iaaft,1,57,0.045909918449243706,0.0007704964532216363,0.0005894900716597089,3.0816003264377145,0.10589506573494559,0.7047411549920248,1.0,0.1,0.7047411549920248,1.0,1.2442160503827304,4.962691773470899e-07,4.963261434322805e-07,8.646033999870115e-11
258,iaaft,1,58,0.04506444195382653,-7.4980042195541e-05,0.0002675342796709491,3.0804994734387847,0.105789471435593,0.704787974602984,1.0,0.1,0.704787974602984,1.0,1.5869000858735056,4.96268948566456e-07,4.963259129614079e-07,2.036490675890722e-10
259,iaaft,1,59,0.04592998761362188,0.0007905656175998116,0.0006402607598084516,3.081739566695384,0.10589757095859488,0.7047352353969659,1.0,0.1,0.7047352353969659,1.0,1.5725601756693592,4.962665687103468e-07,4.963235308442109e-07,1.1251033580116962e-10
260,iaaft,1,60,0.04547595163946344,0.0003365296434413717,0.00034285757172233165,3.081218085576928,0.10584087937301201,0.7047574080959538,1.0,0.1,0.7047574080959538,1.0,2.061228752351215,4.962670427330699e-07,4.963240041897886e-07,5.87713622338212e-10
261,iaaft,1,61,0.04490169099751682,-0.0002377309985052492,0.0003873250285286155,3.0805580428641903,0.10576913284165206,0.7047854828016924,1.0,0.1,0.7047854828016924,1.0,1.999569439894387,4.962676914487879e-07,4.963246545275058e-07,1.596251152968295e-10
262,iaaft,1,62,0.04573182864217699,0.000592406646154918,0.00034968680113359684,3.081403852596441,0.10587283227730561,0.704749508680595,1.0,0.1,0.704749508680595,1.0,1.8781822407549884,4.962673954785406e-07,4.96324357587471e-07,5.646991010458758e-10
263,iaaft,1,63,0.04495092321993161,-0.000188498776090458,0.0005474958276849438,3.0804763817254495,0.10577528568615359,0.7047889570516853,1.0,0.1,0.7047889570516853,1.0,1.920921809713688,4.962679879229574e-07,4.963249500187647e-07,5.934708326078889e-10
264,iaaft,1,64,0.0453470289300795,0.0002076069340574277,0.00018420671154469596,3.081010625841426,0.10582477636172596,0.7047662310592084,1.0,0.1,0.7047662310592084,1.0,2.009766090581824,4.962675374165991e-07,4.963244994205457e-07,3.698961654744531e-10
265,iaaft,1,65,0.04529889643306024,0.00015947443703816927,0.0002613977947626027,3.080932060626474,0.1058187637737352,0.7047695726284331,1.0,0.1,0.7047695726284331,1.0,1.6123456210422225,4.962666061685564e-07,4.963235670832963e-07,2.1767424850167274e-10
266,iaaft,1,66,0.04601728749025426,0.0008778654942321884,0.0006064964267638474,3.081840659666448,0.10590846786853518,0.7047309379062033,1.0,0.1,0.7047309379062033,1.0,1.7895356147060424,4.962697839013254e-07,4.963267455942576e-07,5.118621128698065e-10
267,iaaft,1,67,0.045205217315138026,6.579531911595632e-05,0.00030727557891295515,3.080983744645829,0.1058070606391448,0.7047673743628874,1.0,0.1,0.7047673743628874,1.0,1.4524376521070654,4.962672772248209e-07,4.963242414885432e-07,3.31935960315781e-10
268,iaaft,1,68,0.0447815090634447,-0.0003579129325773714,0.0002106895944615389,3.0804467867296754,0.10575411148493648,0.7047902162069539,1.0,0.1,0.7047902162069539,1.0,1.789388047630553,4.96268150689796e-07,4.963251136241613e-07,3.957231232553306e-10
269,iaaft,1,69,0.04525068432147055,0.00011126232544848152,0.0002927084670275231,3.0809371747146295,0.10581274089799575,0.7047693551087731,1.0,0.1,0.7047693551087731,1.0,2.17563907232741,4.962693251642395e-07,4.963262900316185e-07,6.875889408278643e-10
270,iaaft,1,70,0.044263562665447884,-0.0008758593305741857,0.0006789511054858051,3.0795959196754197,0.10568934972721147,0.7048264275287437,1.0,0.1,0.7048264275287437,1.0,1.6573526851642084,4.96268983505055e-07,4.96325948138845e-07,2.0884176962344805e-10
271,iaaft,1,71,0.04545797172464065,0.00031854972861858344,0.0004999053467068139,3.0812647637398562,0.10583863374988747,0.7047554231014758,1.0,0.1,0.7047554231014758,1.0,1.6883792678662142,4.962662777793205e-07,4.963232444104268e-07,1.7142633050193134e-10
272,iaaft,1,72,0.04408154666991544,-0.0010578753261066276,0.000748828328155014,3.079274777409107,0.10566658181623226,0.7048400998452143,1.0,0.1,0.7048400998452143,1.0,2.18006869558319,4.962685062908253e-07,4.963254681162995e-07,6.575944790320236e-10
273,iaaft,1,73,0.0452221226456438,8.270064962172946e-05,0.0006843698800992681,3.081035928269504,0.10580917268214378,0.7047651549211007,1.0,0.1,0.7047651549211007,1.0,1.679832562559868,4.962669323741297e-07,4.963238935631398e-07,2.9102202101111445e-10
274,iaaft,1,74,0.045426685012224764,0.00028726301620269484,0.0002808530245340039,3.081212031350139,0.10583472604465172,0.704757665556992,1.0,0.1,0.704757665556992,1.0,1.7425121597173765,4.962680188301796e-07,4.963249798275943e-07,5.388559127739944e-10
275,iaaft,1,75,0.04527312920491689,0.00013370720889482185,0.0009301392738384954,3.0810959001806353,0.10581554485732646,0.7047626043236496,1.0,0.1,0.7047626043236496,1.0,1.859306662089713,4.962675466551709e-07,4.963245080685838e-07,4.189040700707203e-10
276,iaaft,1,76,0.044494152931636666,-0.0006452690643854037,0.0006072330941447934,3.079838494402313,0.10571818662746761,0.7048161020005992,1.0,0.1,0.7048161020005992,1.0,1.5594002890687768,4.962669610976895e-07,4.963239230202737e-07,3.5583965215538336e-10
277,iaaft,1,77,0.04532510299566881,0.00018568099964674095,0.00043651462148649507,3.081000745014141,0.10582203747263959,0.704766651305587,1.0,0.1,0.704766651305587,1.0,1.4197118326798175,4.962673410549537e-07,4.963243045168625e-07,2.4365483428391296e-10
278,iaaft,1,78,0.04504260303167359,-9.681896434848153e-05,0.00016737554765610885,3.0805854187496506,0.105786742505386,0.7047843181428072,1.0,0.1,0.7047843181428072,1.0,1.768958251188885,4.962684814306683e-07,4.963254460933289e-07,3.440343898259076e-10
279,iaaft,1,79,0.04476682409175713,-0.00037259790426493605,0.0007198647072966493,3.0804115332418447,0.10575227588642867,0.7047917161406273,1.0,0.1,0.7047917161406273,1.0,1.3070515389520798,4.962688370316976e-07,4.963257996602977e-07,1.5409052311365948e-10
280,iaaft,1,80,0.0454746802743977,0.00033525827837563305,0.0002878681181703459,3.0812483840774236,0.10584072058590574,0.7047561196418737,1.0,0.1,0.7047561196418737,1.0,1.6226841601649695,4.962684940287208e-07,4.963254583029415e-07,3.1043802933081215e-10
281,iaaft,1,81,0.04480625595661546,-0.0003331660394066127,0.00030455280717982134,3.080157487466729,0.10575720473581882,0.7048025260465343,1.0,0.1,0.7048025260465343,1.0,1.74088294658584,4.962680774531174e-07,4.963250408152915e-07,4.847905777323463e-10
282,iaaft,1,82,0.045658878007918915,0.0005194560118968461,0.00048044232463473346,3.081417041427373,0.10586372347455403,0.7047489478842704,1.0,0.1,0.7047489478842704,1.0,1.7969637204507518,4.96268420120146e-07,4.963253800611615e-07,3.148043358638199e-10
283,iaaft,1,83,0.0454086544016832,0.0002692324056611309,0.00045261515854848317,3.0810610221681056,0.10583247395882343,0.704764087669072,1.0,0.1,0.704764087669072,1.0,1.7261131510133014,4.962677945848446e-07,4.963247554864616e-07,2.0727320710022345e-10
284,iaaft,1,84,0.044880414489425494,-0.0002590075065965758,0.00026177439063515415,3.0804035592372707,0.10576647367875418,0.7047920554160633,1.0,0.1,0.7047920554160633,1.0,2.0532424482750473,4.962667884203829e-07,4.963237494479805e-07,6.437465107249518e-10
285,iaaft,1,85,0.0453062966668733,0.0001668746708512331,0.00043528423165083954,3.0810896941136083,0.10581968821417427,0.704762868262346,1.0,0.1,0.704762868262346,1.0,1.5483567830047582,4.962689620043787e-07,4.963259259583988e-07,1.9198289825785763e-10
286,iaaft,1,86,0.04447507500893108,-0.0006643469870909885,0.00043731529761825087,3.079849923907838,0.10571580110037161,0.7048156155272397,1.0,0.1,0.7048156155272397,1.0,2.308286559282103,4.962671196651773e-07,4.963240845929219e-07,3.9381936329871613e-10
287,iaaft,1,87,0.04516744035341415,2.801835739207892e-05,0.0002676234130482735,3.080547960559206,0.10580234087673543,0.7047859117407318,1.0,0.1,0.7047859117407318,1.0,1.5977293054511628,4.962670158572245e-07,4.963239797941847e-07,5.539539280921206e-10
288,iaaft,1,88,0.04516231423792371,2.289224190164113e-05,0.00039246333161879065,3.0805999630438303,0.10580170041601644,0.7047836993896501,1.0,0.1,0.7047836993896501,1.0,1.46225038316663,4.962688862480895e-07,4.96325850322841e-07,3.2110569801559145e-10
289,iaaft,1,89,0.0461552925056989,0.0010158705096768306,0.0008756243362620146,3.082009620388703,0.10592569158810888,0.7047237559548796,1.0,0.1,0.7047237559548796,1.0,1.6295505907283583,4.962694094872044e-07,4.96326372551487e-07,1.893214546780258e-10
290,iaaft,1,90,0.04557506577724345,0.0004356437812213787,0.0005028869651418151,3.0812004846276095,0.10585325749753069,0.7047581565937364,1.0,0.1,0.7047581565937364,1.0,1.7484113796034009,4.962674703949596e-07,4.963244350864908e-07,3.2853952535484377e-10
291,iaaft,1,91,0.044672502229369936,-0.0004669197666521338,0.00059990192274485,3.0799521827309744,0.1057404850414255,0.7048112632485203,1.0,0.1,0.7048112632485203,1.0,1.9089599951284237,4.962682444193068e-07,4.96325207477028e-07,6.584469892464399e-10
292,iaaft,1,92,0.04510819981738254,-3.122217863953114e-05,0.0002434335020139535,3.0807406945885685,0.1057949390831675,0.7047777125892266,1.0,0.1,0.7047777125892266,1.0,1.365393735237231,4.962678577430812e-07,4.963248203493722e-07,2.1339094738724392e-10
293,iaaft,1,93,0.044555535350650155,-0.0005838866453719144,0.0003941122893513954,3.0799893710439923,0.10572586159601272,0.7048096805320674,1.0,0.1,0.7048096805320674,1.0,1.5760060822642015,4.962689032134669e-07,4.963258638946179e-07,3.1596987093918075e-10
294,iaaft,1,94,0.04495996773034715,-0.00017945426567492206,0.00018712076456144718,3.080390662545384,0.10577641599365525,0.7047926041440926,1.0,0.1,0.7047926041440926,1.0,1.7493149355163158,4.962674394877374e-07,4.963244021097759e-07,2.2230742378068388e-10
295,iaaft,1,95,0.045889692692389385,0.0007502706963673153,0.0007553250876495412,3.08178035775075,0.10589254090397211,0.7047335013244282,1.0,0.1,0.7047335013244282,1.0,1.7323544719974326,4.962668725753737e-07,4.963238350373121e-07,4.239575636246868e-10
296,iaaft,1,96,0.045899355527910135,0.0007599335318880657,0.0005321809100434877,3.0817729636996782,0.10589374714700603,0.7047338156503173,1.0,0.1,0.7047338156503173,1.0,1.9174423397245788,4.962667225745617e-07,4.96323682713734e-07,2.809131231985483e-10
297,iaaft,1,97,0.04486311261927658,-0.00027630937674549133,0.0002913066972803857,3.080314831018244,0.10576431122147119,0.7047958307125359,1.0,0.1,0.7047958307125359,1.0,1.6122194502752498,4.962675417839239e-07,4.963245023758389e-07,2.042432809823911e-10
298,iaaft,1,98,0.044712032164667646,-0.00042738983135442304,0.0003485740420284223,3.0802249401238178,0.10574542669994587,0.7047996556970347,1.0,0.1,0.7047996556970347,1.0,1.7211623677753018,4.962665908829192e-07,4.963235525154858e-07,4.6005182398107586e-10
299,iaaft,1,99,0.044225374115013975,-0.000914047881008094,0.0007285402954495033,3.0794101497405237,0.10568457322662089,0.7048343361604634,1.0,0.1,0.7048343361604634,1.0,1.5565687665436108,4.962680161425951e-07,4.963249773985323e-07,3.6203080759349754e-10
300,exact_spectrum,1,1,0.044960034824186194,-0.000179387171835875,0.0002881622664358214,3.080584292489833,0.10577642437843872,0.7047843660571497,1.0,0.1,0.7047843660571497,1.0,2.0958314432069707,4.962692546151454e-07,4.963262157792217e-07,7.580358385200341e-10
301,exact_spectrum,1,2,0.04485989581592917,-0.0002795261800929011,0.00023529004872105018,3.080494506932159,0.10576390916758327,0.7047881859043188,1.0,0.1,0.7047881859043188,1.0,1.5381952173197964,4.962695673827961e-07,4.963265275403405e-07,3.464832937612532e-10
302,exact_spectrum,1,3,0.04533152264743491,0.00019210065141284094,0.0003662741982673606,3.0809109498139655,0.10582283939399663,0.7047704705509803,1.0,0.1,0.7047704705509803,1.0,1.888758756398675,4.962686512524164e-07,4.96325616723452e-07,4.292702463618046e-10
303,exact_spectrum,1,4,0.04491135933971385,-0.0002280626563082172,0.0002925852440616367,3.080632079758336,0.10577034118029027,0.7047823330790353,1.0,0.1,0.7047823330790353,1.0,1.8149766339674052,4.962694909546107e-07,4.963264539139096e-07,4.3550437165740863e-10
304,exact_spectrum,1,5,0.04539746304731036,0.0002580410512882936,0.00040737745220495615,3.080962780161786,0.10583107609572041,0.7047682660321738,1.0,0.1,0.7047682660321738,1.0,1.5502172929876958,4.962671112664757e-07,4.963240722783256e-07,5.012397026887259e-10
305,exact_spectrum,1,6,0.04601725225414905,0.0008778302581269812,0.0007099191592252921,3.0819091916801833,0.10590846347053447,0.7047280247480625,1.0,0.1,0.7047280247480625,1.0,1.7376211950236873,4.962682807016981e-07,4.963252437594192e-07,1.9286023713412668e-10
306,exact_spectrum,1,7,0.045032048125401604,-0.0001073738706204655,0.00037212160126306586,3.0805447494093574,0.10578542356879034,0.7047860483556584,1.0,0.1,0.7047860483556584,1.0,1.9101415969000641,4.962669473238188e-07,4.963239084183435e-07,4.5170368773058005e-10
307,exact_spectrum,1,8,0.04482371423325857,-0.0003157077627634966,0.0002538661150186624,3.080381755784299,0.10575938688783207,0.704792983111304,1.0,0.1,0.704792983111304,1.0,1.7221760077538417,4.962670440768621e-07,4.963240070191012e-07,5.881902854030888e-10
308,exact_spectrum,1,9,0.04558409892518448,0.0004446769291624117,0.00034982668307074924,3.0812824459039465,0.1058543855535197,0.7047546711807179,1.0,0.1,0.7047546711807179,1.0,1.4260957510863221,4.962687772329416e-07,4.963257401778052e-07,2.0708830443346558e-10
309,exact_spectrum,1,10,0.04485699392419575,-0.00028242807182631696,0.0004337542708652861,3.080414588358646,0.10576354647178068,0.7047915861529356,1.0,0.1,0.7047915861529356,1.0,1.8088158133752696,4.962690621169027e-07,4.963260267638158e-07,1.8879965908997567e-10
310,exact_spectrum,1,11,0.04523683428888875,9.74122928666804e-05,0.00027009118218038875,3.0806781072548715,0.10581101062569315,0.7047803750240229,1.0,0.1,0.7047803750240229,1.0,1.483425712922305,4.962669081858689e-07,4.963238745322067e-07,1.375138848689653e-10
311,exact_spectrum,1,12,0.04484096130771585,-0.00029846068830621797,0.0002439587022304605,3.0803214356296764,0.10576154259696573,0.7047955496856204,1.0,0.1,0.7047955496856204,1.0,1.4719633019373926,4.962693093746803e-07,4.963262719639114e-07,2.1936307518382112e-10
312,exact_spectrum,1,13,0.045160217759052566,2.079576303049696e-05,0.0002727718074946882,3.080566781362762,0.10580143847925483,0.70478511103544,1.0,0.1,0.70478511103544,1.0,1.722347444537608,4.962685284633977e-07,4.963254890500634e-07,2.1641227533422745e-10
313,exact_spectrum,1,14,0.045558341419835766,0.0004189194238136962,0.0003412832471496823,3.0811338330928515,0.1058511689345726,0.7047609910921439,1.0,0.1,0.7047609910921439,1.0,1.950830162335888,4.962685380379177e-07,4.963255005628462e-07,7.250689922112724e-10
314,exact_spectrum,1,15,0.04582400630270338,0.0006845843066813073,0.00045972581681088306,3.081546474134973,0.10588434069512859,0.7047434445841653,1.0,0.1,0.7047434445841653,1.0,1.4003758439839815,4.962680777890653e-07,4.963250409596442e-07,4.3072499072964784e-10
315,exact_spectrum,1,16,0.04525710533041301,0.00011768333439093892,0.00022144655714100752,3.0807635176299537,0.10581354305935622,0.7047767417345017,1.0,0.1,0.7047767417345017,1.0,1.7762991195212674,4.962679723013722e-07,4.963249362593292e-07,4.701142402290106e-10
316,exact_spectrum,1,17,0.04588792770802201,0.0007485057119999416,0.00046520268128545834,3.0816649083127143,0.10589232057377666,0.7047384093232761,1.0,0.1,0.7047384093232761,1.0,1.9505716776157733,4.962672426221699e-07,4.963242047245388e-07,2.0711142710903884e-10
317,exact_spectrum,1,18,0.04565040548647671,0.0005109834904546418,0.0007270795772704344,3.0815013830184315,0.10586266552306114,0.7047453617447913,1.0,0.1,0.7047453617447913,1.0,2.144133487688179,4.962685518117884e-07,4.963255209100134e-07,6.79412342810072e-11
318,exact_spectrum,1,19,0.04576641630576673,0.0006269943097446593,0.0010492755774523673,3.0816690325759493,0.10587715070758073,0.70473823398595,1.0,0.1,0.70473823398595,1.0,1.8812458036648878,4.962673859040207e-07,4.9632434727544e-07,1.317480659300626e-10
319,exact_spectrum,1,20,0.04530678883018089,0.00016736683415882053,0.00017895325104493073,3.0808001519211574,0.10581974969514313,0.7047751834013485,1.0,0.1,0.7047751834013485,1.0,1.8638706194915988,4.962673217379398e-07,4.963242841893797e-07,6.85968259111503e-10
320,exact_spectrum,1,21,0.045196255943770546,5.683394774847611e-05,0.0002221488896130484,3.080838132898083,0.10580594104608562,0.7047735678218233,1.0,0.1,0.7047735678218233,1.0,1.5077776029875618,4.962671589711011e-07,4.963241229815501e-07,2.898194161661967e-10
321,exact_spectrum,1,22,0.045635350220136185,0.0004959282241141158,0.0005459283777805083,3.0812350606969603,0.10586078556765176,0.7047566862201188,1.0,0.1,0.7047566862201188,1.0,1.688212021522313,4.96267457796907e-07,4.963244184557491e-07,1.951646151610594e-10
322,exact_spectrum,1,23,0.045612114086249406,0.00047269209022733627,0.0006317206855546039,3.0813791416519067,0.10585788399944601,0.7047505594161733,1.0,0.1,0.7047505594161733,1.0,1.7549023045552106,4.962680845080267e-07,4.963250473308468e-07,3.325154864795303e-10
323,exact_spectrum,1,24,0.04536255618479693,0.00022313418877486363,0.00015863002511395764,3.0809793202679607,0.10582671591365769,0.7047675625411938,1.0,0.1,0.7047675625411938,1.0,2.012315727717294,4.962676733075924e-07,4.963246347328159e-07,8.492163171044938e-10
324,exact_spectrum,1,25,0.04516270919559295,2.3287199570877493e-05,0.00019324539844452885,3.0809549891160444,0.1058017497624621,0.7047685974068798,1.0,0.1,0.7047685974068798,1.0,2.183705001014933,4.962686888785999e-07,4.963256530163416e-07,4.91488726046793e-10
325,exact_spectrum,1,26,0.04563902466209396,0.0004996026660718939,0.0005430496076263562,3.0815550560228644,0.1058612443993486,0.7047430797101499,1.0,0.1,0.7047430797101499,1.0,1.2770057532736776,4.962680247092707e-07,4.963249911172866e-07,2.6601585784741966e-10
326,exact_spectrum,1,27,0.04484153284323396,-0.0002978891527881111,0.0005541715754524321,3.0804938177993315,0.10576161403234842,0.7047882152237095,1.0,0.1,0.7047882152237095,1.0,1.6501019479445744,4.962678582470034e-07,4.963248191591188e-07,2.3138255164893127e-10
327,exact_spectrum,1,28,0.0453244116131788,0.00018498961715673196,0.0002850762590263893,3.08085147859564,0.10582195110709643,0.7047730001512298,1.0,0.1,0.7047730001512298,1.0,1.970144949306367,4.962688009172804e-07,4.96325761349095e-07,7.897410896029263e-10
328,exact_spectrum,1,29,0.04585315778257205,0.000713735786549978,0.0006384064114809796,3.0817083024773657,0.10588798000872908,0.704736564503643,1.0,0.1,0.704736564503643,1.0,1.706772271670326,4.962682749905809e-07,4.963252389288535e-07,3.2500251187528507e-10
329,exact_spectrum,1,30,0.0459374142702075,0.0007979922741854287,0.0005540217749213343,3.081737924101711,0.10589849800936049,0.7047353052263681,1.0,0.1,0.7047353052263681,1.0,1.849611323763911,4.962687785767339e-07,4.963257445175719e-07,3.3529524676933295e-10
330,exact_spectrum,1,31,0.04425556944964209,-0.0008838525463799804,0.0007490794152679278,3.0794237352384464,0.10568834997944895,0.7048337577644623,1.0,0.1,0.7048337577644623,1.0,1.6604767974317753,4.962692062386236e-07,4.963261693396507e-07,2.1378349220556858e-10
331,exact_spectrum,1,32,0.04475422675880848,-0.00038519523721358695,0.00030504856446585414,3.080080534620979,0.10575070121411059,0.7048058008131702,1.0,0.1,0.7048058008131702,1.0,1.8601981771009823,4.962679981693734e-07,4.9632496027043e-07,4.615371291246711e-10
332,exact_spectrum,1,33,0.04503270372491771,-0.00010671827110435989,0.00019530388413425682,3.0804476188648207,0.10578550549270584,0.7047901808024231,1.0,0.1,0.7047901808024231,1.0,1.7699670035892912,4.962681394355357e-07,4.963251059222894e-07,4.980807567654644e-10
333,exact_spectrum,1,34,0.04570188633543649,0.0005624643394144188,0.0003707980192524441,3.0814066156274986,0.10586909369913461,0.7047493911946094,1.0,0.1,0.7047493911946094,1.0,1.993598245811585,4.962669006270374e-07,4.963238653198808e-07,3.3163252047313307e-10
334,exact_spectrum,1,35,0.04464909875332773,-0.0004903232426943377,0.0006493701629393399,3.08001525695007,0.10573755925142792,0.7048085788626478,1.0,0.1,0.7048085788626478,1.0,1.9790532747847798,4.962672422862218e-07,4.963242041983077e-07,5.862319023903982e-10
335,exact_spectrum,1,36,0.04557657490459501,0.00043715290857294226,0.0006533462112221898,3.081314781978718,0.10585344595760172,0.7047532961352792,1.0,0.1,0.7047532961352792,1.0,2.064385806749692,4.962672469894948e-07,4.963242090748039e-07,3.788356648088839e-10
336,exact_spectrum,1,37,0.04481544953758061,-0.00032397245844145717,0.00046003612616635323,3.080293489704919,0.10575835386924143,0.7047967387957506,1.0,0.1,0.7047967387957506,1.0,1.4751580619453915,4.962655820308731e-07,4.963225446529116e-07,1.6008563185771904e-10
337,exact_spectrum,1,38,0.04573305000947958,0.0005936280134575117,0.00044908108638486377,3.0814495516103246,0.10587298477368029,0.704747565553551,1.0,0.1,0.704747565553551,1.0,2.0981750084882287,4.962666547130521e-07,4.963236162931267e-07,9.190135017327803e-10
338,exact_spectrum,1,39,0.04511131058742052,-2.81114086015527e-05,0.00037169832277331367,3.0809213652056333,0.10579532777041391,0.7047700275435486,1.0,0.1,0.7047700275435486,1.0,1.66960826101216,4.962679232529544e-07,4.963248898591271e-07,2.89829568096857e-10
339,exact_spectrum,1,40,0.045289115472676195,0.00014969347665412525,0.00034348887346328144,3.0810158363068623,0.10581754191950218,0.7047660094513758,1.0,0.1,0.7047660094513758,1.0,1.326687706498246,4.962678385940414e-07,4.963248008814442e-07,1.3547788735433908e-10
340,exact_spectrum,1,41,0.045425830794681786,0.00028640879865971663,0.0002949056408355319,3.0809696888097893,0.10583461935099762,0.7047679721896559,1.0,0.1,0.7047679721896559,1.0,2.4703980396481793,4.96266843515866e-07,4.963238040946578e-07,4.5023741614467585e-10
341,exact_spectrum,1,42,0.04605455395790447,0.0009151319618823997,0.0005786943575126318,3.0818062518568263,0.10591311918706482,0.7047324005608973,1.0,0.1,0.7047324005608973,1.0,1.904869850832763,4.962677213481659e-07,4.963246841959196e-07,4.902743630195178e-10
342,exact_spectrum,1,43,0.04507788994728667,-6.153204873540069e-05,0.00022280154426822588,3.0806201238216344,0.10579115182396219,0.7047828417057336,1.0,0.1,0.7047828417057336,1.0,1.8330084624709873,4.962675876408351e-07,4.963245508822779e-07,6.745510482949511e-10
343,exact_spectrum,1,44,0.04531600071966994,0.00017657872364786747,0.00033134633238347176,3.081070868685653,0.1058209004364483,0.7047636688979908,1.0,0.1,0.7047636688979908,1.0,2.063359011995173,4.962668846695042e-07,4.963238468939167e-07,3.028026856430337e-10
344,exact_spectrum,1,45,0.04478822388273064,-0.0003511981132914288,0.00046475888479138785,3.0803194270521517,0.10575495081623666,0.7047956351506818,1.0,0.1,0.7047956351506818,1.0,1.8414587880974063,4.962676850657747e-07,4.963246448545637e-07,7.022297990657745e-10
345,exact_spectrum,1,46,0.044716195569521645,-0.000423226426500424,0.00030942024394365404,3.0802404755326163,0.10574594715598898,0.7047989946278135,1.0,0.1,0.7047989946278135,1.0,2.1191749475296002,4.962679051117588e-07,4.96324868178666e-07,2.2804752694486844e-10
346,exact_spectrum,1,47,0.04539234914756809,0.0002529271515460188,0.0006416018400076069,3.081239621165392,0.10583043733473511,0.7047564922851479,1.0,0.1,0.7047564922851479,1.0,1.4659670939561145,4.962684029867946e-07,4.963253656009593e-07,1.1562785512837568e-10
347,exact_spectrum,1,48,0.04527066120417777,0.00013123920815569928,0.0006890039286007582,3.0810003208024237,0.10581523654242202,0.7047666693480057,1.0,0.1,0.7047666693480057,1.0,1.5822931187997638,4.962686833354568e-07,4.963256470558881e-07,5.697290257432422e-11
348,exact_spectrum,1,49,0.044800316968189466,-0.00033910502783260354,0.0002705755370600577,3.080166765724838,0.10575646239709871,0.7048021312164772,1.0,0.1,0.7048021312164772,1.0,1.9430279080751585,4.962667158556003e-07,4.963236774041798e-07,1.9221839785307197e-10
349,exact_spectrum,1,50,0.04508287283049241,-5.654916552966238e-05,0.00023469983539886914,3.0806414794732038,0.10579177445126113,0.7047819332012525,1.0,0.1,0.7047819332012525,1.0,1.5915157358634606,4.962677962645849e-07,4.963247589246801e-07,7.52222682398766e-11
350,exact_spectrum,1,51,0.04515633902552329,1.691702950121915e-05,0.00019089683977042748,3.0806539094354277,0.1058009538635984,0.7047814044159342,1.0,0.1,0.7047814044159342,1.0,1.643735081278013,4.962688111636964e-07,4.963257732214471e-07,3.6438049661601444e-10
351,exact_spectrum,1,52,0.04502333709988622,-0.00011608489613584849,0.00024592018175094134,3.0805563039907247,0.10578433503036282,0.7047855567796901,1.0,0.1,0.7047855567796901,1.0,1.716697561986789,4.962662628296315e-07,4.963232261708088e-07,3.698039529791533e-10
352,exact_spectrum,1,53,0.04555700872159357,0.0004175867255715032,0.00029452416532799885,3.081134265924827,0.10585100250343486,0.7047609726846549,1.0,0.1,0.7047609726846549,1.0,1.54925350376114,4.962699802629708e-07,4.963269449374421e-07,3.8908270026739466e-10
353,exact_spectrum,1,54,0.045233359228053466,9.393723203139637e-05,0.00019020076198217892,3.080751936915529,0.10581057648498084,0.7047772343573261,1.0,0.1,0.7047772343573261,1.0,1.6969448073278914,4.962686704014562e-07,4.963256309382546e-07,1.4075900672069137e-10
354,exact_spectrum,1,55,0.04454889938349353,-0.0005905226125285379,0.0004546423387643039,3.079876852187758,0.10572503189279743,0.7048144693944627,1.0,0.1,0.7048144693944627,1.0,1.4929628391172387,4.962678641260945e-07,4.963248278557118e-07,1.5857981288526113e-10
355,exact_spectrum,1,56,0.04582653343403238,0.0006871114380103127,0.000886379294313012,3.081839913200166,0.10588465619087045,0.7047309696376833,1.0,0.1,0.7047309696376833,1.0,1.7604853750989011,4.962677203403218e-07,4.963246804913048e-07,5.439609271136026e-10
356,exact_spectrum,1,57,0.045870592510938835,0.0007311705149167652,0.0005286964167048609,3.081548600044545,0.1058901565260751,0.7047433541972057,1.0,0.1,0.7047433541972057,1.0,1.2508283428251896,4.962691461039196e-07,4.963261119752058e-07,8.349009190552088e-11
357,exact_spectrum,1,58,0.045059158910867314,-8.026308515475533e-05,0.00021787688030609672,3.080522941326547,0.10578881128787843,0.704786976164539,1.0,0.1,0.704786976164539,1.0,1.5783160146116726,4.962689499102482e-07,4.96325912586091e-07,2.0129270684790517e-10
358,exact_spectrum,1,59,0.045898356967801895,0.000758934971779826,0.0006352812453512389,3.0816950955378486,0.10589362249415225,0.7047371259659417,1.0,0.1,0.7047371259659417,1.0,1.5797887635813423,4.962665675345286e-07,4.963235317431344e-07,1.1018803704451904e-10
359,exact_spectrum,1,60,0.04546443651334605,0.00032501451732398073,0.0003075171845319087,3.0811965076229466,0.10583944118294765,0.7047583257209549,1.0,0.1,0.7047583257209549,1.0,2.080831003986683,4.962670454206545e-07,4.963240122879742e-07,5.977971140781847e-10
360,exact_spectrum,1,61,0.04489726322926406,-0.0002421587667580105,0.00037179950782382457,3.080531141882507,0.1057685794594993,0.7047866272763929,1.0,0.1,0.7047866272763929,1.0,2.035747139709989,4.962677242037245e-07,4.963246854688478e-07,1.5403565859490993e-10
361,exact_spectrum,1,62,0.045674103050609226,0.0005346810545871564,0.00031925997904743244,3.0813402851684186,0.10586562457703486,0.7047522116684766,1.0,0.1,0.7047522116684766,1.0,1.8969379398020958,4.962673941347483e-07,4.963243553473797e-07,5.768539960772605e-10
362,exact_spectrum,1,63,0.04498110312687618,-0.00015831886914589172,0.0004881217425059325,3.080509589133307,0.10577905727220442,0.7047875442301565,1.0,0.1,0.7047875442301565,1.0,1.9685803712924486,4.962680136229845e-07,4.963249755862499e-07,6.282606223663125e-10
363,exact_spectrum,1,64,0.04541895067233979,0.0002795286763177182,0.00021735404517120256,3.0811070430879273,0.10583376000462906,0.7047621304279946,1.0,0.1,0.7047621304279946,1.0,2.04712353809866,4.96267552366288e-07,4.963245143951683e-07,3.85877246533559e-10
364,exact_spectrum,1,65,0.04528817739520368,0.0001487553991816118,0.00029816372229669814,3.080917168688179,0.10581742473252484,0.7047702060375315,1.0,0.1,0.7047702060375315,1.0,1.6164281877957019,4.962665833240878e-07,4.963235446312046e-07,2.1978561386553415e-10
365,exact_spectrum,1,66,0.046036489522486755,0.0008970675264646857,0.0006248700371652689,3.0818752161304803,0.105910864546424,0.704729468964514,1.0,0.1,0.704729468964514,1.0,1.8333728722620461,4.962697612248309e-07,4.96326722329854e-07,5.39537073726495e-10
366,exact_spectrum,1,67,0.04517101901034878,3.159701432670775e-05,0.0002598363105096504,3.0809260900792372,0.10580278799452228,0.7047698265771224,1.0,0.1,0.7047698265771224,1.0,1.4695659889144221,4.96267297717653e-07,4.963242560721013e-07,3.4586429369958997e-10
367,exact_spectrum,1,68,0.04473035693420976,-0.00040906506181231234,0.00023914304849486813,3.080374011309667,0.10574771741092692,0.7047933126269914,1.0,0.1,0.7047933126269914,1.0,1.7861555009234682,4.962681191106777e-07,4.963250817563376e-07,3.949922787331816e-10
368,exact_spectrum,1,69,0.04523144617527669,9.202417925462114e-05,0.0002671225728920318,3.0809090067700513,0.10581033748578733,0.7047705531965788,1.0,0.1,0.7047705531965788,1.0,2.2134515028815263,4.962693050073555e-07,4.96326268583434e-07,7.14855960996204e-10
369,exact_spectrum,1,70,0.044297426935920876,-0.000841995060101193,0.0006282944702461073,3.079651634463366,0.10569358518024707,0.7048240558108532,1.0,0.1,0.7048240558108532,1.0,1.6822649236196274,4.962689697311843e-07,4.963259317430046e-07,2.1664884051471792e-10
370,exact_spectrum,1,71,0.04540221977682025,0.0002627977807981782,0.0004593559935018202,3.081187979857919,0.10583167024024481,0.7047586883765303,1.0,0.1,0.7047586883765303,1.0,1.722965188349464,4.962661890890308e-07,4.963231528462063e-07,1.6800856283871723e-10
371,exact_spectrum,1,72,0.04420377191117261,-0.000935650084849457,0.0006837581625165034,3.0794263315598185,0.10568187119711116,0.7048336472279053,1.0,0.1,0.7048336472279053,1.0,2.1683123336634877,4.962685041071629e-07,4.963254646570842e-07,6.468727174592121e-10
372,exact_spectrum,1,73,0.045325085839369436,0.00018566384334736674,0.0006801399136974844,3.081135811402404,0.1058220353295241,0.704760906958588,1.0,0.1,0.704760906958588,1.0,1.700711611586942,4.962668843335561e-07,4.963238457023509e-07,2.951496889341535e-10
373,exact_spectrum,1,74,0.04545340493902935,0.00031398294300728075,0.00026342935428369844,3.0812192010619053,0.10583806336810847,0.7047573606591339,1.0,0.1,0.7047573606591339,1.0,1.7569834416412853,4.962680398269338e-07,4.963250004122872e-07,5.494287758643289e-10
374,exact_spectrum,1,75,0.04534382568399076,0.0002044036879686878,0.0008827866623589122,3.0811638155213648,0.10582437623105685,0.7047597160106724,1.0,0.1,0.7047597160106724,1.0,1.8645326090185101,4.962675377525472e-07,4.963245030228012e-07,4.0207493535827917e-10
375,exact_spectrum,1,76,0.044483808771643714,-0.0006556132243783555,0.0005838430621699331,3.0798379413436194,0.10571689318756466,0.704816125540493,1.0,0.1,0.704816125540493,1.0,1.6082626394345607,4.96266933885896e-07,4.963239001338116e-07,3.8283193504407957e-10
376,exact_spectrum,1,77,0.045307398672917304,0.00016797667689523454,0.0004727403639767786,3.080996954704628,0.1058198258765596,0.7047668125138267,1.0,0.1,0.7047668125138267,1.0,1.4256144699543312,4.962673885916052e-07,4.963243510325468e-07,2.3265452452056884e-10
377,exact_spectrum,1,78,0.04499908287497172,-0.00014033912105034657,0.00020476919961845885,3.08051853924251,0.10578130413923828,0.7047871634495357,1.0,0.1,0.7047871634495357,1.0,1.8021622809369453,4.962684923489805e-07,4.963254541416472e-07,3.6121948776165187e-10
378,exact_spectrum,1,79,0.044786901603721986,-0.0003525203923000833,0.0006736745560170867,3.0804351587521897,0.1057547855360444,0.7047907109399567,1.0,0.1,0.7047907109399567,1.0,1.3233899233259971,4.962688234258009e-07,4.96325787105551e-07,1.5842232148112384e-10
379,exact_spectrum,1,80,0.04547531303431605,0.0003358910382939839,0.0003004235397739457,3.081233350285795,0.10584079961446878,0.7047567589558927,1.0,0.1,0.7047567589558927,1.0,1.6201364383570076,4.962685533235547e-07,4.96325515559778e-07,3.096539370399878e-10
380,exact_spectrum,1,81,0.04481212016621365,-0.0003273018298084185,0.0002908555533953591,3.0801772083235543,0.10575793772251141,0.7048016868414739,1.0,0.1,0.7048016868414739,1.0,1.7325674523374992,4.962680643511427e-07,4.963250274114885e-07,4.827970566514861e-10
381,exact_spectrum,1,82,0.04560970858995564,0.0004702865939335693,0.00047117248172983816,3.0813575819993626,0.10585758361310983,0.7047514761689627,1.0,0.1,0.7047514761689627,1.0,1.8094341916162797,4.962684278469516e-07,4.963253898364629e-07,3.3047459672117327e-10
382,exact_spectrum,1,83,0.045410452190313394,0.0002710301942913246,0.00044504974186989547,3.0810669930286156,0.10583269851101318,0.7047638337288559,1.0,0.1,0.7047638337288559,1.0,1.7350096885947193,4.962678241482746e-07,4.963247854291454e-07,2.125839423883883e-10
383,exact_spectrum,1,84,0.04489835393107234,-0.00024106806494973015,0.0002531862077267768,3.0804213915014373,0.10576871577560037,0.7047912966968815,1.0,0.1,0.7047912966968815,1.0,2.044966843990288,4.962668028661498e-07,4.963237668004855e-07,6.435287533870445e-10
384,exact_spectrum,1,85,0.045353662794216494,0.0002142407981944247,0.00043938106093172524,3.0811469286603272,0.1058256050202216,0.704760434165772,1.0,0.1,0.704760434165772,1.0,1.5205021737481628,4.962689702351063e-07,4.963259347074838e-07,2.0248943785083283e-10
385,exact_spectrum,1,86,0.0445110665102192,-0.0006283554858028673,0.0004153696912978854,3.079899598772162,0.10572030147727784,0.7048135012600723,1.0,0.1,0.7048135012600723,1.0,2.3449544048248048,4.962671539318802e-07,4.963241195918866e-07,3.8310262519934914e-10
386,exact_spectrum,1,87,0.04511878537501136,-2.0636621010712564e-05,0.0002265290303066396,3.080508261636251,0.10579626173094761,0.7047876007084402,1.0,0.1,0.7047876007084402,1.0,1.6147883233067195,4.962670121617958e-07,4.96323975568588e-07,5.66115557832418e-10
387,exact_spectrum,1,88,0.04514287835936615,3.456363344082891e-06,0.0003246174575640752,3.0805963216579264,0.10579927204753563,0.704783854303404,1.0,0.1,0.704783854303404,1.0,1.490673522262315,4.962688294728661e-07,4.963257929518346e-07,2.7510810331953635e-10
388,exact_spectrum,1,89,0.04610919962784579,0.0009697776318237233,0.0008298630579443793,3.081944011030463,0.10591993927678263,0.7047265446961136,1.0,0.1,0.7047265446961136,1.0,1.6553701822363107,4.962693597668904e-07,4.963263190425712e-07,1.8144904188765583e-10
389,exact_spectrum,1,90,0.04565179090747743,0.0005123689114553617,0.0005853832984786144,3.081302204351326,0.1058628385192999,0.7047538309775759,1.0,0.1,0.7047538309775759,1.0,1.7980441542221188,4.962674631720762e-07,4.963244282100537e-07,3.528012695947931e-10
390,exact_spectrum,1,91,0.04467455359479993,-0.00046486840122213907,0.00048322509124824436,3.079979863504236,0.10574074148940499,0.7048100851647554,1.0,0.1,0.7048100851647554,1.0,1.944365435438829,4.962682891003997e-07,4.963252494193568e-07,6.812642407837888e-10
391,exact_spectrum,1,92,0.04512368043175923,-1.5741564262837515e-05,0.00020943665486393255,3.0807706902122884,0.10579687335453725,0.7047764366275314,1.0,0.1,0.7047764366275314,1.0,1.3709587804235026,4.962678738685885e-07,4.963248354289787e-07,2.120111089400433e-10
392,exact_spectrum,1,93,0.044668681440981683,-0.0004707405550403859,0.000339744802980432,3.08012061462941,0.10574000739036969,0.704804095168461,1.0,0.1,0.704804095168461,1.0,1.5929805931207017,4.962689011977785e-07,4.963258667147445e-07,3.21241421034802e-10
393,exact_spectrum,1,94,0.044928769301469815,-0.00021065269455225466,0.00020845889107078697,3.0803449045481943,0.10577251702310872,0.7047945510902078,1.0,0.1,0.7047945510902078,1.0,1.7384045093134766,4.962674453668286e-07,4.963244105911524e-07,2.3343652238516085e-10
394,exact_spectrum,1,95,0.04591371235825424,0.0007742903622321717,0.000780432735537939,3.081817770220037,0.10589553933123347,0.7047319109188417,1.0,0.1,0.7047319109188417,1.0,1.7319659311060962,4.962668777825688e-07,4.963238400424134e-07,4.224926043359207e-10
395,exact_spectrum,1,96,0.045852454527482746,0.0007130325314606764,0.000497202332553934,3.081707677188447,0.10588789221480227,0.7047365910862399,1.0,0.1,0.7047365910862399,1.0,1.939149849448023,4.962667615445375e-07,4.96323722125954e-07,2.997673738577466e-10
396,exact_spectrum,1,97,0.044791405277691286,-0.00034801671833078335,0.00033984896367385503,3.080234672214624,0.10575534847827914,0.7047992415722665,1.0,0.1,0.7047992415722665,1.0,1.5847160414276122,4.96267577394419e-07,4.963245412421431e-07,2.0784824520776045e-10
397,exact_spectrum,1,98,0.04478316375972777,-0.00035625823629430176,0.00036731207109553485,3.0803226214783126,0.10575431831738823,0.7047954992277605,1.0,0.1,0.7047954992277605,1.0,1.7848753087157414,4.962665811404254e-07,4.963235451272529e-07,4.961852642808199e-10
398,exact_spectrum,1,99,0.04439500794972593,-0.0007444140462961393,0.0005940517073544214,3.0796356977689476,0.10570578882898456,0.7048247342100036,1.0,0.1,0.7048247342100036,1.0,1.6026196493754459,4.962680394909857e-07,4.963250037638941e-07,3.8516955618211457e-10
399,real,2,0,0.04486633379382318,-0.0002730882021988873,0.00028461228683066903,3.0803738051218312,0.1057647138201643,0.7047933213999943,1.0,0.1,0.7047933213999943,1.0,1.7544751305637472,4.96267911494772e-07,4.963248731010926e-07,3.4378862806707335e-10
400,iaaft,2,1,0.04489854569797992,-0.0002408762980421475,0.000246398866916598,3.080384350296707,0.10576873974264357,0.7047928727190864,1.0,0.1,0.7047928727190864,1.0,1.9840347676286976,4.962666832686378e-07,4.963236501884495e-07,3.552345939385152e-10
401,iaaft,2,2,0.04547299529739955,0.0003335733013774822,0.0004528120852769721,3.081222872357449,0.10584051014038103,0.7047572045348258,1.0,0.1,0.7047572045348258,1.0,1.7880910820882183,4.962671404939575e-07,4.963241030267598e-07,7.199575896091959e-10
402,iaaft,2,3,0.044788833273783704,-0.00035058872223836524,0.00035803379574143293,3.0802698672216047,0.10575502698787274,0.7047977439582316,1.0,0.1,0.7047977439582316,1.0,2.057944447685648,4.962670783435651e-07,4.96324041881587e-07,3.8574908234586387e-10
403,iaaft,2,4,0.04495022996492982,-0.00018919203109225152,0.0004818163789765735,3.0805256946103063,0.10577519904842521,0.7047868590273917,1.0,0.1,0.7047868590273917,1.0,1.4674958491307282,4.962685524836846e-07,4.963255137264988e-07,1.5732362432360058e-10
404,iaaft,2,5,0.04475964342865288,-0.0003797785673691906,0.000508324950307048,3.0803709466496136,0.10575137830316529,0.7047934430240919,1.0,0.1,0.7047934430240919,1.0,1.6387533217265406,4.962684913411363e-07,4.963254531009957e-07,2.668966244438134e-10
405,iaaft,2,6,0.04544646044899246,0.0003070384529703929,0.0002880041894197078,3.0811816198181354,0.10583719601022865,0.7047589588477268,1.0,0.1,0.7047589588477268,1.0,1.4314677879452071,4.962675577414571e-07,4.963245207033806e-07,3.1613248030215663e-10
406,iaaft,2,7,0.04522833533891324,8.891334289116981e-05,0.0006482805916199876,3.0808941975448008,0.10580994884539219,0.7047711830968073,1.0,0.1,0.7047711830968073,1.0,1.5126132488272424,4.9626857935953e-07,4.963255393753464e-07,8.670366088485855e-11
407,iaaft,2,8,0.04509551749445484,-4.390450156722958e-05,0.0002948669564175448,3.080692473141261,0.10579335442628501,0.7047797638968147,1.0,0.1,0.7047797638968147,1.0,1.6641345970421966,4.962690302018363e-07,4.963259958723411e-07,2.6675126916360925e-10
408,iaaft,2,9,0.04501611639193124,-0.00012330560409083008,0.00022455001986907956,3.0805549468646496,0.1057834327150118,0.704785614516823,1.0,0.1,0.704785614516823,1.0,1.6173579076661126,4.962671371344768e-07,4.963240998431269e-07,1.8313818352111734e-10
409,iaaft,2,10,0.04542775951125019,0.0002883375152281237,0.0005149445259027222,3.0812501268617223,0.10583486025179581,0.7047560455301315,1.0,0.1,0.7047560455301315,1.0,2.0978956607624357,4.96266574589438e-07,4.963235386681264e-07,1.0371436187981368e-09
410,iaaft,2,11,0.04479913209428234,-0.00034028990173973206,0.0002691113788002113,3.0803351860645245,0.1057563142941863,0.7047949646069511,1.0,0.1,0.7047949646069511,1.0,1.8262914538599049,4.962669463159746e-07,4.963239095456067e-07,5.600523671128339e-10
411,iaaft,2,12,0.04580018510477681,0.000660763108754743,0.0005687078011058464,3.0815465620270888,0.10588136672888968,0.7047434408472677,1.0,0.1,0.7047434408472677,1.0,1.6560277479211811,4.962672970457569e-07,4.963242590707002e-07,4.474360082012831e-10
412,iaaft,2,13,0.045007604433668455,-0.00013181756235361441,0.00042629249302277743,3.0805242048073946,0.10578236903233312,0.704786922410322,1.0,0.1,0.704786922410322,1.0,1.4226078080527398,4.96269282834783e-07,4.963262481470307e-07,9.728071807684651e-11
413,iaaft,2,14,0.0455126366719067,0.0003732146758846297,0.0006617722460930864,3.0813169021268956,0.10584546104656557,0.7047532059799912,1.0,0.1,0.7047532059799912,1.0,1.504291559540982,4.962680156386729e-07,4.963249795808824e-07,1.5672263422786056e-10
414,iaaft,2,15,0.04500823648614098,-0.00013118550988108768,0.0002297886581750323,3.080640404419485,0.10578244801608462,0.7047819789355076,1.0,0.1,0.7047819789355076,1.0,2.106840838923063,4.962687819362146e-07,4.963257423877137e-07,2.089279035584042e-10
415,iaaft,2,16,0.04530693150846152,0.00016750951243944823,0.00046804825867502654,3.0809374473204794,0.10581976751848654,0.7047693435139339,1.0,0.1,0.7047693435139339,1.0,1.9088151007964669,4.962692976164979e-07,4.963262611217125e-07,2.0306536832042373e-10
416,iaaft,2,17,0.045643272157220624,0.0005038501611985546,0.0009396697623631533,3.0815867068474954,0.10586177478636058,0.7047417340370458,1.0,0.1,0.7047417340370458,1.0,1.7400065245025431,4.962665535926838e-07,4.963235171963206e-07,3.527026740862136e-10
417,iaaft,2,18,0.04559708059125602,0.0004576585952339521,0.0006568626541760829,3.0814453746879438,0.10585600667786015,0.7047477431544001,1.0,0.1,0.7047477431544001,1.0,1.707179729000263,4.962676729716443e-07,4.963246354257087e-07,1.5351267144105838e-10
418,iaaft,2,19,0.04515971607129014,2.0294075268073586e-05,0.00011502095924539565,3.080746642094119,0.10580137579764556,0.704777459590743,1.0,0.1,0.704777459590743,1.0,1.6643406948113442,4.962672513568197e-07,4.963242140549715e-07,3.701755797810967e-10
419,iaaft,2,20,0.044518641044018696,-0.0006207809520033733,0.0004806323216309856,3.079929567992878,0.10572124857249572,0.7048122257390518,1.0,0.1,0.7048122257390518,1.0,1.6775462607774756,4.962660538699337e-07,4.96323018394803e-07,3.144374805742706e-10
420,iaaft,2,21,0.045632267817664884,0.000492845821642815,0.00043892576697764654,3.0814442412006975,0.10586040066305706,0.7047477913498461,1.0,0.1,0.7047477913498461,1.0,1.8694996995027302,4.962678296914176e-07,4.963247934210349e-07,4.757714902010843e-10
421,iaaft,2,22,0.0449276715634274,-0.00021175043259467202,0.00019733870834852505,3.080375380879651,0.10577237983254784,0.704793254353741,1.0,0.1,0.704793254353741,1.0,1.7986615800990302,4.962671438534382e-07,4.963241031396174e-07,5.308970458481666e-10
422,iaaft,2,23,0.04468541935883653,-0.0004540026371855424,0.00030331828543819463,3.0801833839035115,0.10574209984414538,0.7048014240468451,1.0,0.1,0.7048014240468451,1.0,1.860614991663422,4.962683955959371e-07,4.963253579738884e-07,1.9634785574940742e-10
423,iaaft,2,24,0.04532940531047405,0.00018998331445198302,0.00048543132083346286,3.0810327233675108,0.10582257490403997,0.7047652912278977,1.0,0.1,0.7047652912278977,1.0,2.025128806859316,4.962678637901464e-07,4.963248290577761e-07,8.085144555157208e-11
424,iaaft,2,25,0.04508838354078719,-5.103845523488082e-05,0.0001974573273708537,3.080686747257445,0.105792463027987,0.7047800074761998,1.0,0.1,0.7047800074761998,1.0,1.3291721320340115,4.962672965418348e-07,4.963242619144481e-07,3.8309701906597517e-10
425,iaaft,2,26,0.04557191679108561,0.0004324947950635413,0.0004736478308322757,3.08135354784683,0.1058528642505426,0.7047516477093287,1.0,0.1,0.7047516477093287,1.0,2.054735809174423,4.962680430184405e-07,4.963250016760294e-07,7.456552703744052e-10
426,iaaft,2,27,0.04492215387813114,-0.00021726811789093275,0.0002473618532995802,3.0803713469241183,0.10577169025336797,0.7047934259929438,1.0,0.1,0.7047934259929438,1.0,1.7408987634152087,4.962677630057263e-07,4.963247272392657e-07,3.1896093731415975e-10
427,iaaft,2,28,0.04530419597722379,0.00016477398120172404,0.000584510900488694,3.0811375041283524,0.1058194257959269,0.7047608349704169,1.0,0.1,0.7047608349704169,1.0,1.9446953640333282,4.96269422589179e-07,4.963263839671599e-07,4.0477314950392046e-10
428,iaaft,2,29,0.04546564845991492,0.0003262264638928536,0.0008845535023527703,3.0812343950965944,0.10583959255081736,0.7047567145249747,1.0,0.1,0.7047567145249747,1.0,1.5122049370705481,4.962663589107788e-07,4.963233202559522e-07,3.1523644906545253e-10
429,iaaft,2,30,0.044854407644794626,-0.00028501435122744306,0.0002037750446307984,3.08036454444368,0.10576322322204873,0.7047937154300327,1.0,0.1,0.7047937154300327,1.0,1.5860055855106094,4.962673864079428e-07,4.963243484473214e-07,1.391627232327216e-10
430,iaaft,2,31,0.045264367031096105,0.00012494503507403526,0.0004859525079346827,3.080988422190783,0.10581445023900696,0.7047671754174163,1.0,0.1,0.7047671754174163,1.0,1.8361895313238545,4.962683536024287e-07,4.963253152573042e-07,2.2877436108696342e-10
431,iaaft,2,32,0.0452621295358176,0.0001227075397955274,0.0002692034913020297,3.080825782062555,0.10581417071713546,0.7047740931794085,1.0,0.1,0.7047740931794085,1.0,1.2956642931007674,4.962666557208963e-07,4.963236178468865e-07,2.1010251972996064e-10
432,iaaft,2,33,0.04500639596521099,-0.00013302603081107728,0.00015637712117571337,3.0805745856262523,0.10578221801721928,0.7047847790165583,1.0,0.1,0.7047847790165583,1.0,1.551731390937564,4.96267921237266e-07,4.963248801625635e-07,2.830178378405138e-10
433,iaaft,2,34,0.04491022950991491,-0.0002291924861071576,0.0006291400261011381,3.080491303061815,0.10577019997613284,0.7047883222141822,1.0,0.1,0.7047883222141822,1.0,1.672001717207782,4.962675046616625e-07,4.963244664858244e-07,3.280431463377643e-10
434,iaaft,2,35,0.04476399288696567,-0.00037542910905639937,0.0004248733425662845,3.0802123858503014,0.10575192198659147,0.7048001899165133,1.0,0.1,0.7048001899165133,1.0,1.8107853604725856,4.962698492432246e-07,4.963268130450182e-07,2.678517457960517e-10
435,iaaft,2,36,0.04510035911488906,-3.9062881133006266e-05,0.0001406881938457823,3.0805640277161,0.10579395938980089,0.7047852281849643,1.0,0.1,0.7047852281849643,1.0,1.8188440761801765,4.962673482778371e-07,4.963243100495072e-07,3.5030083437542866e-10
436,iaaft,2,37,0.04518109070100145,4.1668704979382076e-05,0.00026818324919823417,3.0807060812843337,0.10580404634250663,0.7047791850092853,1.0,0.1,0.7047791850092853,1.0,1.6508843827793054,4.962679427379423e-07,4.963249092640648e-07,4.1087528395337465e-10
437,iaaft,2,38,0.045012563537768356,-0.00012685845825371328,0.0005931290850516518,3.0806913566625407,0.10578298873981282,0.7047798113918059,1.0,0.1,0.7047798113918059,1.0,1.4961063932559053,4.962685632340227e-07,4.963255263166775e-07,4.0465054945609087e-10
438,iaaft,2,39,0.044802273525920804,-0.00033714847010126586,0.00023136326193885808,3.0802993995991006,0.10575670695591514,0.7047964873256573,1.0,0.1,0.7047964873256573,1.0,1.3234634764582853,4.962684286868217e-07,4.963253877617212e-07,9.046762828066831e-11
439,iaaft,2,40,0.044794792189007435,-0.00034462980701463475,0.0002946276377859912,3.0802030299487773,0.1057557718274264,0.7048005880390864,1.0,0.1,0.7048005880390864,1.0,1.6068535508048476,4.962668315897095e-07,4.963237942708014e-07,3.349671462388659e-10
440,iaaft,2,41,0.044975425436856245,-0.00016399655916582434,0.0001653540032327212,3.0805354658824444,0.10577834774097301,0.7047864433149251,1.0,0.1,0.7047864433149251,1.0,2.241130123763906,4.962675485028853e-07,4.963245110409368e-07,8.734069190919926e-10
441,iaaft,2,42,0.04560572911005084,0.0004663071140287717,0.0004574748684009208,3.0813140936846555,0.10585708667370758,0.7047533254037075,1.0,0.1,0.7047533254037075,1.0,1.57965352092016,4.962693298675124e-07,4.963262936128774e-07,1.9600843796842144e-10
442,iaaft,2,43,0.04500249722986937,-0.00013692476615270038,0.000490622015812915,3.0803552758827215,0.10578173081398778,0.7047941097977992,1.0,0.1,0.7047941097977992,1.0,1.8244721084199313,4.962678866346151e-07,4.963248465979397e-07,5.586075279637891e-10
443,iaaft,2,44,0.044599148609238914,-0.000540273386783155,0.0003875650414413646,3.080011304339027,0.10573131445388702,0.7048087470792948,1.0,0.1,0.7048087470792948,1.0,1.4643428966403285,4.962680525929603e-07,4.963250139145124e-07,3.661870573482043e-10
444,iaaft,2,45,0.045083100924541486,-5.632107148058341e-05,0.00016280954362558398,3.080670670722002,0.1057918029522592,0.704780691377568,1.0,0.1,0.704780691377568,1.0,1.816989371155523,4.962678490084315e-07,4.963248098798657e-07,5.076118291513722e-10
445,iaaft,2,46,0.04473168299216074,-0.0004077390038613321,0.00044094595063873303,3.0801957898716497,0.10574788317455204,0.7048008961284081,1.0,0.1,0.7048008961284081,1.0,1.7840312534935048,4.962692361380016e-07,4.963262019449853e-07,5.505446693635498e-10
446,iaaft,2,47,0.045303993215921774,0.00016457121989970486,0.0005357635029569162,3.081022743051987,0.10581940046694131,0.7047657156997067,1.0,0.1,0.7047657156997067,1.0,1.6303416391759071,4.962681186067556e-07,4.963250826001446e-07,2.6877347705990835e-10
447,iaaft,2,48,0.04483341656866802,-0.00030600542735404607,0.000477917778322602,3.0805067657442033,0.10576059958662096,0.7047876643511359,1.0,0.1,0.7047876643511359,1.0,1.650004662913692,4.962674613243618e-07,4.96324422628854e-07,5.761724834291268e-10
448,iaaft,2,49,0.04496824741147503,-0.00017117458454703888,0.00021706799324741868,3.0803597961532,0.10577745070858015,0.704793917464634,1.0,0.1,0.704793917464634,1.0,2.098718653381748,4.962698690641605e-07,4.96326831376497e-07,4.1909023254273075e-10
449,iaaft,2,50,0.04536355307994395,0.0002241310839218788,0.0003848120335549248,3.0811417050121896,0.10582684043734764,0.7047606563157572,1.0,0.1,0.7047606563157572,1.0,1.8334128072603124,4.962662132772915e-07,4.9632317552795e-07,1.7947508978171883e-10
450,iaaft,2,51,0.044707510954007164,-0.00043191104201490554,0.0003810155545683343,3.0800755866738174,0.10574486151265995,0.7048060113810104,1.0,0.1,0.7048060113810104,1.0,1.9261449657422882,4.962670195526532e-07,4.963239840670242e-07,2.2825132669041492e-10
451,iaaft,2,52,0.04483616222235143,-0.0003032597736706416,0.00030912115441532914,3.0803578276094132,0.10576094276445025,0.7047940012242125,1.0,0.1,0.7047940012242125,1.0,1.2898525419097913,4.962670890939032e-07,4.963240531148505e-07,2.279449000594807e-10
452,iaaft,2,53,0.04513555758518267,-3.8644108393964816e-06,0.00014311385751146166,3.080630338449946,0.10579835735679503,0.704782407157134,1.0,0.1,0.704782407157134,1.0,1.6760860200275434,4.962678898261217e-07,4.963248551318079e-07,3.834809132215655e-10
453,iaaft,2,54,0.04508920709521296,-5.0214900809107677e-05,0.000272631436087162,3.0805920119844887,0.10579256593274129,0.7047840376482614,1.0,0.1,0.7047840376482614,1.0,1.6237528883934036,4.962680875315593e-07,4.96325046281009e-07,2.8404426941923637e-10
454,iaaft,2,55,0.04499741931712604,-0.00014200267889603185,0.00043790146905803523,3.0805884652953135,0.1057810962521623,0.7047841885341359,1.0,0.1,0.7047841885341359,1.0,1.7948022659463456,4.962673190503553e-07,4.963242824676458e-07,5.214985889618463e-10
455,iaaft,2,56,0.04521398683907714,7.456484305506939e-05,0.0002788282738747541,3.0808103775776225,0.10580815625218808,0.7047747484334144,1.0,0.1,0.7047747484334144,1.0,1.3706777639248295,4.962703662673002e-07,4.963273282213795e-07,2.219028950648941e-10
456,iaaft,2,57,0.045172367251101984,3.2945255079915026e-05,0.0005747626696504067,3.080881318302118,0.1058029564433787,0.704771730911377,1.0,0.1,0.704771730911377,1.0,2.274136786499341,4.962683452037271e-07,4.963253086026454e-07,8.354617791044658e-10
457,iaaft,2,58,0.044758656073805275,-0.00038076592221679417,0.0002895935637534348,3.08017341268625,0.10575125488316195,0.7048018483609211,1.0,0.1,0.7048018483609211,1.0,1.663060354672104,4.962669669767806e-07,4.96323929270745e-07,2.5309973074135625e-10
458,iaaft,2,59,0.04533768120278441,0.0001982592067623426,0.000291795317244101,3.0809379895174285,0.10582360869435425,0.7047693204524887,1.0,0.1,0.7047693204524887,1.0,2.0563595334306215,4.962672731934441e-07,4.963242360044534e-07,1.222148991179224e-10
459,iaaft,2,60,0.0452128418641824,7.341986816033347e-05,0.0005141578155436112,3.0808753498942947,0.1058080132063636,0.7047719847772639,1.0,0.1,0.7047719847772639,1.0,1.599368000381526,4.962673051085104e-07,4.96324268432628e-07,3.398098953708312e-10
460,iaaft,2,61,0.04536104799812734,0.0002216260021052699,0.0007946495668756184,3.0811786335208504,0.10582652752348704,0.7047590858453286,1.0,0.1,0.7047590858453286,1.0,1.5205838792894366,4.962687080276398e-07,4.96325670988251e-07,1.4809212312837757e-10
461,iaaft,2,62,0.044776564033343666,-0.0003628579626784034,0.00029993540540924565,3.080224724514068,0.10575349336746115,0.7047996648717971,1.0,0.1,0.7047996648717971,1.0,1.4736279447299456,4.962694444258034e-07,4.963264061686028e-07,1.0445860023147294e-10
462,iaaft,2,63,0.044624373193647975,-0.0005150488023740948,0.00032084045763561264,3.080174560779555,0.10573446809294429,0.7048017995049485,1.0,0.1,0.7048017995049485,1.0,1.7002319358827358,4.96267991450412e-07,4.963249572062162e-07,3.084802919683135e-10
463,iaaft,2,64,0.04492280867225013,-0.00021661332377193726,0.0002813302769388361,3.080367683118413,0.10577177208726471,0.7047935818831678,1.0,0.1,0.7047935818831678,1.0,1.489467823998879,4.96267691784736e-07,4.963246528477655e-07,2.2822414639209066e-10
464,iaaft,2,65,0.04507724835919121,-6.217363683085758e-05,0.00039634853566410425,3.080546662483041,0.10579107165519777,0.7047859669659565,1.0,0.1,0.7047859669659565,1.0,1.844907810283454,4.962676958161128e-07,4.96324658520826e-07,2.395772541180408e-10
465,iaaft,2,66,0.04475086036312708,-0.00038856163289498896,0.0002531001092239968,3.080201665528063,0.10575028040915715,0.7048006460996097,1.0,0.1,0.7048006460996097,1.0,1.6765140277334547,4.96268904221311e-07,4.963258658197579e-07,2.374104310771234e-10
466,iaaft,2,67,0.045736493294035924,0.0005970712980138543,0.0006919295796472549,3.0816417501351054,0.10587341469100855,0.7047393938695901,1.0,0.1,0.7047393938695901,1.0,1.5469784884542126,4.962671685456211e-07,4.963241285994941e-07,2.2971444351399916e-10
467,iaaft,2,68,0.04549388433433538,0.00035446233831330776,0.0003900651540986292,3.0812591882351463,0.10584311905108709,0.704755660197383,1.0,0.1,0.704755660197383,1.0,1.946739090929132,4.962676551663967e-07,4.963246192122776e-07,5.553737443593362e-10
468,iaaft,2,69,0.0453524858226907,0.00021306382666862883,0.0006529692523987692,3.0810798346740755,0.10582545800118522,0.7047632875779779,1.0,0.1,0.7047632875779779,1.0,1.7863359822376241,4.962673652432145e-07,4.963243264046663e-07,3.3002451029793727e-10
469,iaaft,2,70,0.04485066967957758,-0.0002887523164444919,0.00023379487006720657,3.0802315797932427,0.10576275602551567,0.7047993731622411,1.0,0.1,0.7047993731622411,1.0,1.6492183908179683,4.962691350176334e-07,4.96326099353532e-07,4.334647154583614e-10
470,iaaft,2,71,0.0453968644758556,0.00025744247983353064,0.00022066113484950483,3.0809897377409543,0.10583100133025908,0.7047671194645067,1.0,0.1,0.7047671194645067,1.0,1.917586267095154,4.962701169938343e-07,4.96327076503104e-07,2.3113539885513061e-10
471,iaaft,2,72,0.04581997517346073,0.0006805531774386614,0.0007518538928114565,3.0816493938976555,0.1058838374331835,0.7047390689012141,1.0,0.1,0.7047390689012141,1.0,1.5562162841183695,4.962677787952854e-07,4.963247420957816e-07,3.6953382448705883e-10
472,iaaft,2,73,0.0455594971703574,0.0004200751743353298,0.0002720483190154126,3.081194133914747,0.10585131326776506,0.7047584266661411,1.0,0.1,0.7047584266661411,1.0,1.6648002793170784,4.962686982851458e-07,4.963256634543531e-07,1.8691679615298827e-10
473,iaaft,2,74,0.04529673380648118,0.0001573118104591098,0.0005782956253235971,3.0809704965729336,0.10581849361595377,0.7047679378335021,1.0,0.1,0.7047679378335021,1.0,1.6865294684387595,4.962692561269117e-07,4.963262131506906e-07,2.7625652079102785e-10
474,iaaft,2,75,0.04461067130061443,-0.0005287506954076426,0.0005366443353584066,3.0801564469023477,0.10573275506053283,0.7048025703271997,1.0,0.1,0.7048025703271997,1.0,1.7398406746343977,4.962673640673963e-07,4.963243243154893e-07,4.61060576292754e-10
475,iaaft,2,76,0.0447206399839169,-0.0004187820121051705,0.0003121692751849808,3.0801630665197908,0.10574650273745234,0.70480228863339,1.0,0.1,0.70480228863339,1.0,1.512045499347226,4.962679944739446e-07,4.963249581340103e-07,3.172713127553514e-10
476,iaaft,2,77,0.04523181771186868,9.239571584661321e-05,0.00023262840310772344,3.0808248490874344,0.10581038390218929,0.7047741328647906,1.0,0.1,0.7047741328647906,1.0,1.8132234154921636,4.96266011036555e-07,4.96322974693996e-07,4.1005003277511095e-10
477,iaaft,2,78,0.04533001841224057,0.00019059641621849838,0.00046127239103599263,3.080957052564297,0.10582265149052886,0.7047685096425633,1.0,0.1,0.7047685096425633,1.0,1.3040505838174556,4.962681678231474e-07,4.963251279255755e-07,2.2282397018018164e-10
478,iaaft,2,79,0.04513473789405772,-4.684101964351484e-06,0.0008591192325845008,3.0807613347312275,0.10579825494037468,0.7047768345908214,1.0,0.1,0.7047768345908214,1.0,1.3546993684436524,4.962684029867946e-07,4.963253649723691e-07,2.207895316745555e-10
479,iaaft,2,80,0.04506907763705101,-7.034435897106117e-05,0.00018823098716407813,3.0805140270896567,0.10579005068845607,0.7047873554179129,1.0,0.1,0.7047873554179129,1.0,2.1662238780528575,4.962665572881126e-07,4.963235203353354e-07,8.218571684278712e-10
480,iaaft,2,81,0.045342732668886505,0.000203310672864436,0.0005753338895259542,3.0810073578386983,0.10582423969768981,0.7047663700519652,1.0,0.1,0.7047663700519652,1.0,1.8354138434785054,4.962677149651526e-07,4.963246769599132e-07,7.513606081628072e-11
481,iaaft,2,82,0.0447420781625755,-0.0003973438334465701,0.0002883721257292493,3.080254941994393,0.10574918261187513,0.7047983790507494,1.0,0.1,0.7047983790507494,1.0,1.4872817478920024,4.962685051150071e-07,4.963254677173612e-07,1.1801276620607915e-10
482,iaaft,2,83,0.045241804381004024,0.00010238238498195412,0.00019570028289463454,3.0807025046135608,0.10581163153815369,0.7047793371596183,1.0,0.1,0.7047793371596183,1.0,1.7450813372042655,4.96269577461238e-07,4.963265374022535e-07,3.4990593792063254e-10
483,iaaft,2,84,0.0450135850410457,-0.00012583695497636604,0.00014788586221499374,3.080571577279691,0.10578311639008443,0.7047849070012603,1.0,0.1,0.7047849070012603,1.0,1.5994937571535082,4.962674058929306e-07,4.96324370249826e-07,1.871204541704438e-10
484,iaaft,2,85,0.04475558619714339,-0.0003838357988786775,0.00029746795528831085,3.080141841494867,0.10575087114564616,0.7048031918556634,1.0,0.1,0.7048031918556634,1.0,1.5794854017768747,4.962675238107024e-07,4.963244860206796e-07,5.434393992341686e-10
485,iaaft,2,86,0.045175545719649164,3.612372362709476e-05,0.00015551816853920128,3.0808089126955434,0.10580335355936826,0.704774810744813,1.0,0.1,0.704774810744813,1.0,1.4616719414372716,4.96268794366293e-07,4.963257570578833e-07,3.987097383184172e-10
486,iaaft,2,87,0.044753420881703525,-0.0003860011143185446,0.00042933791480656396,3.0802134553653064,0.10575060047830989,0.7048001444054899,1.0,0.1,0.7048001444054899,1.0,1.2502605042628612,4.962671344468923e-07,4.963240956844573e-07,1.6789643492204968e-10
487,iaaft,2,88,0.04517687183765136,3.7449841629288994e-05,0.0006558873627962099,3.080969444166257,0.1058035192433303,0.7047679825949508,1.0,0.1,0.7047679825949508,1.0,1.7762263691714681,4.962663259878682e-07,4.963232925704195e-07,6.355588894111994e-10
488,iaaft,2,89,0.04470273644486171,-0.00043668555116035956,0.00035979077427154897,3.0802139522698146,0.10574426465776972,0.7048001232607455,1.0,0.1,0.7048001232607455,1.0,1.4135623298376552,4.962679838915806e-07,4.963249449336133e-07,1.6934168350780158e-10
489,iaaft,2,90,0.04484595760922693,-0.0002934643867951378,0.00020073124775630495,3.0803871578211823,0.10576216707570062,0.7047927532637628,1.0,0.1,0.7047927532637628,1.0,1.3437857044874748,4.962660918320653e-07,4.96323057803086e-07,1.8827799473163935e-10
490,iaaft,2,91,0.04497968361810886,-0.00015973837791320722,0.0004568766222419892,3.08047795019428,0.1057788798790627,0.7047888903199234,1.0,0.1,0.7047888903199234,1.0,1.6659981858008202,4.962691471117638e-07,4.963261061407328e-07,4.009058413330798e-10
491,iaaft,2,92,0.044991234781148845,-0.0001481872148732244,0.00031444669936459745,3.0805243842949115,0.10578032339592283,0.704786914774111,1.0,0.1,0.704786914774111,1.0,1.3936575431240974,4.962679276202793e-07,4.963248929692712e-07,2.8955447387239197e-10
492,iaaft,2,93,0.04482298101417478,-0.00031644098184729214,0.000500628625288272,3.080429642373917,0.10575929524191997,0.704790945645371,1.0,0.1,0.704790945645371,1.0,1.9702932262362365,4.962664974893566e-07,4.963234610470629e-07,2.7902391924178963e-10
493,iaaft,2,94,0.04528223217849294,0.0001428101824708719,0.00043119839089071746,3.0810131242730487,0.105816682038209,0.7047661247975892,1.0,0.1,0.7047661247975892,1.0,1.3771778763287423,4.962675488388334e-07,4.963245114687457e-07,2.0341931585532272e-10
494,iaaft,2,95,0.04538656922438012,0.00024714722835805086,0.00031416208930363116,3.081064429872679,0.1058297153782339,0.704763942739553,1.0,0.1,0.704763942739553,1.0,1.3567765695907623,4.962686176576096e-07,4.963255803190171e-07,9.083076714472252e-11
495,iaaft,2,96,0.045355920391775474,0.00021649839575340474,0.00018976148539459224,3.0808993856189457,0.10582588702291887,0.7047709624249602,1.0,0.1,0.7047709624249602,1.0,1.4959988045719308,4.962672550522484e-07,4.96324217263538e-07,3.699989655830631e-10
496,iaaft,2,97,0.04570973337609837,0.0005703113800763007,0.000724379847662733,3.081630974050081,0.1058700734886149,0.7047398520088036,1.0,0.1,0.7047398520088036,1.0,2.185610483313401,4.962663768840003e-07,4.963233406857941e-07,1.8197055926871268e-10
497,iaaft,2,98,0.045376838775600864,0.0002374167795787946,0.0007475935505960554,3.0811858101139014,0.10582849995982276,0.7047587806483554,1.0,0.1,0.7047587806483554,1.0,2.0128382255672777,4.962679141823565e-07,4.963248770786653e-07,7.234417280124664e-10
498,iaaft,2,99,0.0455192493474655,0.00037982735144342916,0.000607650767909104,3.0812743294286227,0.10584628689691349,0.7047550163266898,1.0,0.1,0.7047550163266898,1.0,1.4549253082510538,4.962688266173076e-07,4.96325789583168e-07,2.518524343051034e-10
499,exact_spectrum,2,1,0.04496560399222609,-0.00017381800379597662,0.00020791824185051913,3.0804767274679468,0.10577712036056304,0.7047889423417883,1.0,0.1,0.7047889423417883,1.0,1.9374861538141155,4.96266688979755e-07,4.963236503236161e-07,3.3303108277590005e-10
500,exact_spectrum,2,2,0.04540239471307653,0.0002629727170544577,0.0004144116424884561,3.0811038296096167,0.10583169209078647,0.7047622670933664,1.0,0.1,0.7047622670933664,1.0,1.7900597302448291,4.962671638423481e-07,4.963241248607596e-07,7.200265796943399e-10
501,exact_spectrum,2,3,0.04485488541817005,-0.00028453657785201814,0.0002804918803017454,3.080359866168191,0.10576328293729367,0.7047939144855677,1.0,0.1,0.7047939144855677,1.0,2.1067223345683,4.962670998442413e-07,4.963240594204382e-07,3.833044460008113e-10
502,exact_spectrum,2,4,0.044962125806646366,-0.00017729618937570302,0.0004633312015108171,3.080542132068498,0.10577668569025302,0.7047861597078249,1.0,0.1,0.7047861597078249,1.0,1.5083003295464008,4.962685605464382e-07,4.963255261080223e-07,1.551727535666939e-10
503,exact_spectrum,2,5,0.04487142970494408,-0.0002679922910779897,0.00047853718970253587,3.0805209934684523,0.10576535072979018,0.7047870590353585,1.0,0.1,0.7047870590353585,1.0,1.6382525330173128,4.962685123378905e-07,4.963254773640574e-07,2.7025842525868194e-10
504,exact_spectrum,2,6,0.045478869819211495,0.000339447823189426,0.00031247846338517174,3.081201680552515,0.10584124383809355,0.7047581057355813,1.0,0.1,0.7047581057355813,1.0,1.4136129352929037,4.962675765545489e-07,4.963245370782243e-07,3.2810989501939647e-10
505,exact_spectrum,2,7,0.04521372930171662,7.430730569454869e-05,0.0005857656330717139,3.080862166531503,0.10580812407713783,0.7047725455342654,1.0,0.1,0.7047725455342654,1.0,1.5027382340643187,4.962685286313718e-07,4.963254941325903e-07,8.558153134963743e-11
506,exact_spectrum,2,8,0.045057632527210935,-8.178946881113452e-05,0.00028539792060378825,3.0806530477969996,0.1057886205563734,0.7047814410709188,1.0,0.1,0.7047814410709188,1.0,1.6563308444420453,4.962689851847953e-07,4.96325948054858e-07,2.711776054169021e-10
507,exact_spectrum,2,9,0.04503978692733865,-9.963506868342076e-05,0.00018205627467062665,3.080573063464074,0.10578639060779525,0.7047848437741842,1.0,0.1,0.7047848437741842,1.0,1.6003037784608605,4.962671404939575e-07,4.963241038981251e-07,1.7982041814901478e-10
508,exact_spectrum,2,10,0.045380397594434,0.00024097559841192856,0.00046465055874932853,3.0811692940583284,0.10582894448913314,0.7047594830241355,1.0,0.1,0.7047594830241355,1.0,2.1165847951425283,4.962665357874362e-07,4.963234985617012e-07,1.058447529275832e-09
509,exact_spectrum,2,11,0.044806087833920226,-0.00033333416210184347,0.0002480240962717309,3.0803352856296073,0.10575718372153965,0.7047949603704925,1.0,0.1,0.7047949603704925,1.0,1.8648588906542178,4.962669671447547e-07,4.9632392758838e-07,5.87046046285685e-10
510,exact_spectrum,2,12,0.04562895933128574,0.0004895373352636692,0.00048780708739470593,3.081339159313364,0.10585998752544096,0.7047522595426046,1.0,0.1,0.7047522595426046,1.0,1.6555225630589048,4.962673296327194e-07,4.963242913663328e-07,4.5262564470954437e-10
511,exact_spectrum,2,13,0.04500046966516272,-0.00013895233085935155,0.00039174485493600667,3.080527475154403,0.10578147743963726,0.7047867832750998,1.0,0.1,0.7047867832750998,1.0,1.40483086247739,4.962692297549883e-07,4.963261937339421e-07,1.0379351229431971e-10
512,exact_spectrum,2,14,0.04548941330333225,0.0003499913073101782,0.000627694082098043,3.0812812796971945,0.10584256065255021,0.7047547207725243,1.0,0.1,0.7047547207725243,1.0,1.5051064271176324,4.962680038804905e-07,4.96324966312246e-07,1.5586467535572694e-10
513,exact_spectrum,2,15,0.04496032303803196,-0.00017909895799010644,0.0002560240502660986,3.0805898758928305,0.1057764603968007,0.7047841285234121,1.0,0.1,0.7047841285234121,1.0,2.111635220710667,4.962687753852272e-07,4.963257375965168e-07,2.122287402974253e-10
514,exact_spectrum,2,16,0.04532844488948797,0.00018902289346590245,0.0005324045665217183,3.0810011985834795,0.10582245493155985,0.7047666320145461,1.0,0.1,0.7047666320145461,1.0,1.924765570041274,4.962692771236658e-07,4.963262396315345e-07,2.0381981844349282e-10
515,exact_spectrum,2,17,0.04552969003367877,0.0003902680376567033,0.0007969860452510188,3.081403399223808,0.10584759081051369,0.7047495279583316,1.0,0.1,0.7047495279583316,1.0,1.748827360115607,4.962665458658783e-07,4.963235069433431e-07,3.5128465829067146e-10
516,exact_spectrum,2,18,0.045551992316345186,0.00041257032032311625,0.0006213781607390629,3.0813795316377486,0.10585037603816813,0.7047505428334333,1.0,0.1,0.7047505428334333,1.0,1.732750066319022,4.962676521428641e-07,4.963246137229386e-07,1.380059962957517e-10
517,exact_spectrum,2,19,0.045183068754950234,4.364675892816472e-05,0.00015456346633208588,3.0807718836694327,0.10580429347703219,0.7047763858604426,1.0,0.1,0.7047763858604426,1.0,1.6664191308141076,4.96267262443106e-07,4.963242271976273e-07,3.590134322854939e-10
518,exact_spectrum,2,20,0.044604389341851465,-0.0005350326541706044,0.00040477634508798285,3.08004067628656,0.10573196967079991,0.7048074970674637,1.0,0.1,0.7048074970674637,1.0,1.7038897471228225,4.962660422797253e-07,4.963230053781277e-07,3.145501124130392e-10
519,exact_spectrum,2,21,0.04566140865111598,0.0005219866550939117,0.0004750714798677323,3.0814808466478216,0.10586403947025766,0.7047462349177318,1.0,0.1,0.7047462349177318,1.0,1.890660654217297,4.962678226365083e-07,4.96324784332065e-07,4.5199470274392447e-10
520,exact_spectrum,2,22,0.04493254903186524,-0.0002068729641568276,0.00018449598869950528,3.080397529302647,0.10577298939613279,0.7047923119769661,1.0,0.1,0.7047923119769661,1.0,1.843148551780237,4.962671808077255e-07,4.963241424599765e-07,5.252983295776406e-10
521,exact_spectrum,2,23,0.04470837200229628,-0.00043104999372579195,0.0003183580912631568,3.080214690631507,0.10574496915077615,0.7048000918413019,1.0,0.1,0.7048000918413019,1.0,1.8234868940658315,4.962684194482499e-07,4.963253870517683e-07,1.9951807692967946e-10
522,exact_spectrum,2,24,0.045300333413239496,0.00016091141721742697,0.00039925426008117945,3.080972098036075,0.10581894328255846,0.7047678697193869,1.0,0.1,0.7047678697193869,1.0,2.053446765397865,4.962678644620426e-07,4.963248324198813e-07,9.453707745347285e-11
523,exact_spectrum,2,25,0.04514540977144622,5.987775424147468e-06,0.00026866064195619463,3.080773612843539,0.10579958833180586,0.7047763123051799,1.0,0.1,0.7047763123051799,1.0,1.3176851447412323,4.962673257693166e-07,4.963242880212873e-07,3.7407597358738306e-10
524,exact_spectrum,2,26,0.04555005697450891,0.00041063497848684016,0.00044619315283412063,3.0813071323442203,0.10585013434529213,0.704753621422517,1.0,0.1,0.704753621422517,1.0,2.114964525210138,4.962680273968552e-07,4.96324991185526e-07,8.004492610265759e-10
525,exact_spectrum,2,27,0.044948680347898104,-0.00019074164812396543,0.00021131621276988848,3.080425366562753,0.10577500538883816,0.7047911275689279,1.0,0.1,0.7047911275689279,1.0,1.7609613363964494,4.962677581344793e-07,4.963247209677977e-07,3.348681150476366e-10
526,exact_spectrum,2,28,0.04531394033990268,0.00017451834388061,0.0005602677656810052,3.0811253474285607,0.10582064305666783,0.7047613519717064,1.0,0.1,0.7047613519717064,1.0,1.9700379474765493,4.962694533284271e-07,4.963264167260334e-07,3.915719652135196e-10
527,exact_spectrum,2,29,0.04543060394044046,0.0002911819444183922,0.0007807935798830972,3.0811819767966053,0.10583521552604583,0.7047589436665987,1.0,0.1,0.7047589436665987,1.0,1.4940125623393432,4.962663493362589e-07,4.963233101630749e-07,3.1613150395308584e-10
528,exact_spectrum,2,30,0.044833128447494285,-0.00030629354852778484,0.0002151729377134273,3.0803299402512327,0.10576056357444039,0.7047951878148125,1.0,0.1,0.7047951878148125,1.0,1.5697874703023083,4.962673884236312e-07,4.963243540862622e-07,1.3801318768406847e-10
529,exact_spectrum,2,31,0.0452344909257801,9.506892975803122e-05,0.00046815912695138474,3.0809377484181706,0.10581071786861702,0.7047693307072436,1.0,0.1,0.7047693307072436,1.0,1.806471489937347,4.962684328861726e-07,4.963253961276154e-07,2.3051506549957504e-10
530,exact_spectrum,2,32,0.045234370788071694,9.494879204962475e-05,0.00026126565951694057,3.080808268661983,0.10581070285975422,0.7047748381399592,1.0,0.1,0.7047748381399592,1.0,1.3109455334456903,4.962666799091572e-07,4.96323639171715e-07,2.0594474246138506e-10
531,exact_spectrum,2,33,0.044958377822568445,-0.00018104417345362472,0.00015810974947871723,3.0805148470234744,0.10577621730111217,0.7047873205339995,1.0,0.1,0.7047873205339995,1.0,1.5458169781738544,4.962679269483831e-07,4.963248925952666e-07,2.8093204652327966e-10
532,exact_spectrum,2,34,0.044956920646317726,-0.00018250134970434345,0.0005650157035248914,3.0805481840529807,0.10577603519584795,0.7047859022324391,1.0,0.1,0.7047859022324391,1.0,1.6787769765070606,4.962674801374535e-07,4.96324441844821e-07,3.2871239163225104e-10
533,exact_spectrum,2,35,0.04486626815596627,-0.0002731538400558009,0.0004084169054067537,3.080368839810729,0.10576470561642813,0.7047935326673571,1.0,0.1,0.7047935326673571,1.0,1.7829513420392513,4.962698442040035e-07,4.963268086304506e-07,2.810090626177203e-10
534,exact_spectrum,2,36,0.045120439026815846,-1.8982969206222944e-05,0.00012727469266448385,3.0806075131468966,0.10579646835049068,0.7047833781903389,1.0,0.1,0.7047833781903389,1.0,1.8231268306389838,4.962673400471095e-07,4.96324302792504e-07,3.337667408039516e-10
535,exact_spectrum,2,37,0.04521070879213299,7.128679611092398e-05,0.00026901407756542233,3.0807526931567613,0.10580774671349823,0.7047772021880695,1.0,0.1,0.7047772021880695,1.0,1.6347156230568642,4.962679801961518e-07,4.963249393655366e-07,4.1736247787827783e-10
536,exact_spectrum,2,38,0.04493025032828429,-0.00020917166773778278,0.0004924355769660616,3.0805700365364235,0.10577270211516343,0.7047849725495106,1.0,0.1,0.7047849725495106,1.0,1.483420470099944,4.962685571869575e-07,4.96325519773564e-07,3.8824984301491854e-10
537,exact_spectrum,2,39,0.04482626965052384,-0.0003131523454982313,0.00021778270727150097,3.0803314620531808,0.10575970629180848,0.7047951230624965,1.0,0.1,0.7047951230624965,1.0,1.2947417578677247,4.962684725280446e-07,4.963254358705343e-07,9.565529109403388e-11
538,exact_spectrum,2,40,0.04489405261157682,-0.0002453693844452487,0.0002165816402202038,3.0803401190711757,0.10576817819492444,0.704794754709603,1.0,0.1,0.704794754709603,1.0,1.6339002369299938,4.962668102570073e-07,4.963237753041709e-07,3.2956820358626675e-10
539,exact_spectrum,2,41,0.04499454794289137,-0.00014487405313069746,0.0001671227363733199,3.0805695016899457,0.10578073742893639,0.7047849953036415,1.0,0.1,0.7047849953036415,1.0,2.237844957710637,4.962675392643135e-07,4.96324502261669e-07,8.731712987654416e-10
540,exact_spectrum,2,42,0.04545213201944497,0.00031271002342290327,0.00037786569571926417,3.081143764043283,0.10583790438262052,0.7047605687497163,1.0,0.1,0.7047605687497163,1.0,1.5805802782283258,4.962693533838771e-07,4.963263167736095e-07,1.991987005505865e-10
541,exact_spectrum,2,43,0.04504220464644884,-9.721734957322814e-05,0.00031225085172987155,3.0804650118920165,0.1057866927236365,0.7047894407923412,1.0,0.1,0.7047894407923412,1.0,1.8396302937298166,4.962679125026162e-07,4.963248740105146e-07,5.900667653267965e-10
542,exact_spectrum,2,44,0.044648440634486766,-0.0004909813615353031,0.0003204404613162633,3.080078962486484,0.10573747697540586,0.7048058677178073,1.0,0.1,0.7048058677178073,1.0,1.4653148130174771,4.962680687184675e-07,4.963250307224141e-07,3.5625583931894797e-10
543,exact_spectrum,2,45,0.04507895404989095,-6.046794613111944e-05,0.0001559315160781304,3.080649174083116,0.10579128478731618,0.7047816058629381,1.0,0.1,0.7047816058629381,1.0,1.7973584202546762,4.962678298593917e-07,4.963247943160216e-07,4.966282380535674e-10
544,exact_spectrum,2,46,0.04475793595772587,-0.00038148603829619987,0.0003995050655680893,3.0802361227524107,0.105751164868089,0.7047991798484807,1.0,0.1,0.7047991798484807,1.0,1.7706437068631191,4.962692754439255e-07,4.963262379019269e-07,5.466407008598593e-10
545,exact_spectrum,2,47,0.04535466095732423,0.0002152389613021624,0.0005609854855332539,3.081106799378852,0.1058257297036032,0.704762140792639,1.0,0.1,0.704762140792639,1.0,1.6420958186049341,4.962681731983165e-07,4.963251357442418e-07,2.8055209450829216e-10
546,exact_spectrum,2,48,0.0449172079300017,-0.00022221406602036808,0.0005224319575321967,3.0805940387729023,0.1057710721238888,0.7047839514232822,1.0,0.1,0.7047839514232822,1.0,1.681501305880738,4.962674210105937e-07,4.963243831628299e-07,5.986525008479276e-10
547,exact_spectrum,2,49,0.04497152350240497,-0.00016789849361709824,0.00019714105101337166,3.0803844720485904,0.10577786012012493,0.7047928675387495,1.0,0.1,0.7047928675387495,1.0,2.1632830528833247,4.962698037222615e-07,4.963267689780803e-07,4.3924597750998524e-10
548,exact_spectrum,2,50,0.04537858444620282,0.00023916245018074794,0.0003965430480393705,3.081143551627126,0.10582871801042201,0.7047605777833005,1.0,0.1,0.7047605777833005,1.0,1.8735069185177318,4.962662216759933e-07,4.963231857481202e-07,1.8257139188879614e-10
549,exact_spectrum,2,51,0.044808597914566636,-0.00033082408145543307,0.0002604801687079382,3.0802491323976184,0.10575749746539424,0.7047986262601038,1.0,0.1,0.7047986262601038,1.0,1.9242177867440808,4.962670618821097e-07,4.963240217115799e-07,2.490044240657426e-10
550,exact_spectrum,2,52,0.0448961042167218,-0.00024331777930027,0.0003432834647136498,3.0804500155763055,0.10576843460571832,0.7047900788305752,1.0,0.1,0.7047900788305752,1.0,1.2938702527538675,4.96267103203722e-07,4.963240662640678e-07,2.259883805087262e-10
551,exact_spectrum,2,53,0.04508688736514689,-5.25346308751784e-05,0.0001484605656862253,3.0805626487568936,0.1057922760776256,0.704785286850671,1.0,0.1,0.704785286850671,1.0,1.696695064551722,4.96267901584304e-07,4.963248623350069e-07,3.8477995090937923e-10
552,exact_spectrum,2,54,0.04504989341225058,-8.952858377148792e-05,0.0002337731753836506,3.0805491249930594,0.10578765349863849,0.7047858622012111,1.0,0.1,0.7047858622012111,1.0,1.6511791392297168,4.962681246538208e-07,4.963250880356793e-07,2.812744983352489e-10
553,exact_spectrum,2,55,0.04501606365726772,-0.00012335833875434798,0.0004140390658294656,3.080620685762597,0.10578342612514538,0.7047828177996843,1.0,0.1,0.7047828177996843,1.0,1.8110964736998256,4.96267327617031e-07,4.963242885147111e-07,5.30558772390285e-10
554,exact_spectrum,2,56,0.04510889860014438,-3.052339587768932e-05,0.00027011364365390155,3.0806913185206217,0.10579502639541852,0.7047798130143632,1.0,0.1,0.7047798130143632,1.0,1.3839816770918325,4.962703447666239e-07,4.963273067876304e-07,2.2269275096474905e-10
555,exact_spectrum,2,57,0.04518249181439751,4.306981837544355e-05,0.0005808110280944813,3.0808958005306306,0.10580422139517015,0.7047711149146192,1.0,0.1,0.7047711149146192,1.0,2.2823660558878087,4.962683522586364e-07,4.963253158806454e-07,8.478974952250262e-10
556,exact_spectrum,2,58,0.04484034857843637,-0.00029907341758569905,0.00027077870241307763,3.0802854154387846,0.10576146601278189,0.7047970823628991,1.0,0.1,0.7047970823628991,1.0,1.6378541323675635,4.962670081304189e-07,4.963239704506292e-07,2.7047837675740413e-10
557,exact_spectrum,2,59,0.04536699295398087,0.00022757095795879895,0.000300176769783963,3.0809972123140796,0.10582727011612349,0.704766801557251,1.0,0.1,0.704766801557251,1.0,2.0254673865367554,4.962672970457569e-07,4.963242618225873e-07,1.1646199318285857e-10
558,exact_spectrum,2,60,0.04513198302619708,-7.43896982498965e-06,0.00047130568097570995,3.080771277910304,0.10579791073230435,0.7047764116281225,1.0,0.1,0.7047764116281225,1.0,1.5812398961383263,4.96267347941889e-07,4.963243121071891e-07,3.302735213044855e-10
559,exact_spectrum,2,61,0.04531254582382756,0.00017312382780548807,0.000716145218141563,3.081091874680909,0.10582046885530025,0.7047627755245742,1.0,0.1,0.7047627755245742,1.0,1.5433363178582977,4.962686950936391e-07,4.963256592143211e-07,1.6197883569615466e-10
560,exact_spectrum,2,62,0.04482331052787826,-0.0003161114681438093,0.0002758472705767327,3.080286385090508,0.10575933642823354,0.7047970411032694,1.0,0.1,0.7047970411032694,1.0,1.474939735840283,4.96269417717932e-07,4.963263835826568e-07,1.0404476995356832e-10
561,exact_spectrum,2,63,0.04467118346625921,-0.00046823852976286134,0.0003070871987282678,3.0802235521822836,0.10574032017815736,0.7047997147576222,1.0,0.1,0.7047997147576222,1.0,1.6808788650773134,4.962679568477611e-07,4.963249186469894e-07,3.1484164184686175e-10
562,exact_spectrum,2,64,0.04500195604493993,-0.00013746595108213994,0.00022147501871490916,3.0804719368346234,0.10578166318494533,0.7047891461634853,1.0,0.1,0.7047891461634853,1.0,1.4933948237017538,4.96267671627852e-07,4.963246365254137e-07,2.3665551377627315e-10
563,exact_spectrum,2,65,0.0450884692017401,-5.095279428196653e-05,0.0002799082818828627,3.080568409670279,0.10579247373149715,0.704785041761779,1.0,0.1,0.704785041761779,1.0,1.8151884613335014,4.962676953121908e-07,4.963246555196025e-07,2.581038399294219e-10
564,exact_spectrum,2,66,0.04485697098945911,-0.0002824510065629615,0.00020365419246937716,3.080333333610686,0.10576354360525503,0.7047950434282493,1.0,0.1,0.7047950434282493,1.0,1.6930672917911234,4.962688538291009e-07,4.963258155719004e-07,2.2814592298428296e-10
565,exact_spectrum,2,67,0.04566640228385872,0.0005269802878366536,0.000646215665941921,3.0815390429605998,0.10586466301113925,0.704743760535186,1.0,0.1,0.704743760535186,1.0,1.55580922548046,4.96267208019519e-07,4.963241684513336e-07,2.2191862163379705e-10
566,exact_spectrum,2,68,0.045418561619713214,0.00027913962369114503,0.0004342386702095903,3.081185075298821,0.10583371141066818,0.7047588118975676,1.0,0.1,0.7047588118975676,1.0,1.9782039721523497,4.962676397127856e-07,4.96324600947726e-07,5.731100595849666e-10
567,exact_spectrum,2,69,0.04538047676237668,0.0002410547663546092,0.0006107781023360798,3.0811035428345432,0.10582895437791846,0.7047622792895794,1.0,0.1,0.7047622792895794,1.0,1.8009643623379075,4.962674171471909e-07,4.9632438104347e-07,3.164154483094502e-10
568,exact_spectrum,2,70,0.044910738741191544,-0.0002286832548305251,0.0001979257062844324,3.0803391182268007,0.10577026361899283,0.7047947972950549,1.0,0.1,0.7047947972950549,1.0,1.6881354091328977,4.962691163725156e-07,4.963260763647107e-07,4.590190671301477e-10
569,exact_spectrum,2,71,0.04536806270383134,0.0002286407078092717,0.00020572223617559986,3.0809583877309277,0.1058274037394998,0.7047684528541946,1.0,0.1,0.7047684528541946,1.0,1.9100902814698595,4.962701102748729e-07,4.963270748391111e-07,2.3971535501966556e-10
570,exact_spectrum,2,72,0.04568378629578781,0.0005443642997657386,0.0006784006004802635,3.081475322196129,0.10586683367518933,0.7047464698103426,1.0,0.1,0.7047464698103426,1.0,1.5789554760181772,4.962678135659104e-07,4.963247746171292e-07,3.756343369372504e-10
571,exact_spectrum,2,73,0.04539629950665865,0.00025687751063657727,0.00019446380773690855,3.0810007362643015,0.10583093076188949,0.704766651677732,1.0,0.1,0.704766651677732,1.0,1.6762478987922982,4.962686977812236e-07,4.963256612483815e-07,1.8467910381742508e-10
572,exact_spectrum,2,74,0.04526649163265659,0.00012706963663452336,0.0005379548554538837,3.080929775281011,0.10581471565680733,0.7047696698322206,1.0,0.1,0.7047696698322206,1.0,1.7475455418176593,4.962692232040011e-07,4.963261839560161e-07,2.835828814930471e-10
573,exact_spectrum,2,75,0.04464116523462088,-0.0004982567614011876,0.00047980247831905,3.080199342307087,0.10573656742270804,0.7048007449603074,1.0,0.1,0.7048007449603074,1.0,1.7504598374260314,4.962673256013425e-07,4.963242881931983e-07,4.686242528092267e-10
574,exact_spectrum,2,76,0.04474911141153032,-0.0003903105844917515,0.0003080048367037119,3.080195159835697,0.10575006178669266,0.704800922938597,1.0,0.1,0.704800922938597,1.0,1.507221974762788,4.962679803641258e-07,4.963249420859286e-07,3.0643005865433323e-10
575,exact_spectrum,2,77,0.045169170211081924,2.974821505985492e-05,0.00019925900719100628,3.0807517968328098,0.10580255700557661,0.704777240316216,1.0,0.1,0.704777240316216,1.0,1.8004393189728602,4.962660224587894e-07,4.963229832409873e-07,4.1376029572284124e-10
576,exact_spectrum,2,78,0.04541526144602356,0.0002758394500014874,0.0005073986617402383,3.0810746654617396,0.10583329920715294,0.7047635074223098,1.0,0.1,0.7047635074223098,1.0,1.285957719876074,4.962681369159253e-07,4.963250983621456e-07,2.2520163212849426e-10
577,exact_spectrum,2,79,0.04510760253444978,-3.181946157228971e-05,0.0007310969501004664,3.080737772141285,0.10579486445316787,0.704777836906356,1.0,0.1,0.704777836906356,1.0,1.3568473597853654,4.962683596494939e-07,4.963253206547824e-07,2.1303009716939854e-10
578,exact_spectrum,2,80,0.04504257530860169,-9.684668742038216e-05,0.0001995121588228546,3.0804953988479644,0.10578673904114427,0.7047881479574762,1.0,0.1,0.7047881479574762,1.0,2.1841732048231153,4.96266534779592e-07,4.96323495557853e-07,8.300259714006633e-10
579,exact_spectrum,2,81,0.045321586217389756,0.00018216422136768662,0.0005702739130044078,3.080992456496941,0.10582159816592136,0.7047670038306708,1.0,0.1,0.7047670038306708,1.0,1.8749365323426392,4.962677132854123e-07,4.963246753759706e-07,7.87775069020892e-11
580,exact_spectrum,2,82,0.044774977433107474,-0.00036444456291459537,0.0002797518639453178,3.0802853768076135,0.10575329504528758,0.7047970840066937,1.0,0.1,0.7047970840066937,1.0,1.484633442462774,4.962685227522806e-07,4.963254850541187e-07,1.1275728387661672e-10
581,exact_spectrum,2,83,0.04522493200216802,8.551000614594878e-05,0.00016400974337858355,3.0806951192907164,0.10580952366094996,0.7047796513297838,1.0,0.1,0.7047796513297838,1.0,1.7434954169662464,4.962695898913166e-07,4.963265516721726e-07,3.434103557924226e-10
582,exact_spectrum,2,84,0.04502496150533688,-0.00011446049068519065,0.00012249264123714043,3.080594680383633,0.10578453801853602,0.7047839241274754,1.0,0.1,0.7047839241274754,1.0,1.6273463335356413,4.962673854000985e-07,4.963243471533964e-07,1.906284658832506e-10
583,exact_spectrum,2,85,0.04477698139196268,-0.0003624406040593914,0.00027854303802277706,3.080177677620993,0.10575354553647547,0.7048016668710305,1.0,0.1,0.7048016668710305,1.0,1.5817068674379628,4.96267532209404e-07,4.963244951595169e-07,5.440998311410759e-10
584,exact_spectrum,2,86,0.04520787692167068,6.845492564860889e-05,0.00015808770703389777,3.080846453656697,0.10580739291603217,0.7047732138907148,1.0,0.1,0.7047732138907148,1.0,1.468567117590696,4.962687735375128e-07,4.963257408273924e-07,4.0019530592144e-10
585,exact_spectrum,2,87,0.04479154650424146,-0.0003478754917806068,0.00036108403029588593,3.080263518101591,0.10575536613101601,0.7047980141228031,1.0,0.1,0.7047980141228031,1.0,1.235511857763425,4.962670790154611e-07,4.963240393370429e-07,1.7431772003548907e-10
586,exact_spectrum,2,88,0.04510317727225942,-3.6244723762651754e-05,0.0005557124377763074,3.080853151600231,0.10579431151874252,0.704772928988897,1.0,0.1,0.704772928988897,1.0,1.8247259998043488,4.96266265349242e-07,4.963232295840937e-07,6.466256486524282e-10
587,exact_spectrum,2,89,0.04472364801020441,-0.0004157739858176579,0.00032993202767711056,3.0802350116230057,0.10574687875915882,0.7047992271296384,1.0,0.1,0.7047992271296384,1.0,1.3586777724966406,4.962680478896873e-07,4.963250081863354e-07,1.6058748052927012e-10
588,exact_spectrum,2,90,0.044912597071676205,-0.0002268249243458642,0.00016349638568797159,3.080462556159537,0.10577049586965549,0.7047895452743349,1.0,0.1,0.7047895452743349,1.0,1.3603173568273144,4.962661079575724e-07,4.963230692371311e-07,1.8497002434537554e-10
589,exact_spectrum,2,91,0.04500660051810264,-0.00013282147791943144,0.00045858360119566593,3.08052771354381,0.1057822435789924,0.704786773132957,1.0,0.1,0.704786773132957,1.0,1.6590515524411558,4.96269128298672e-07,4.963260884234091e-07,4.274976583779258e-10
590,exact_spectrum,2,92,0.04500696288183985,-0.00013245911418222067,0.0002898998384504531,3.0805452075557636,0.1057822888614446,0.7047860288642938,1.0,0.1,0.7047860288642938,1.0,1.3983391730751606,4.962679304758378e-07,4.963248918853139e-07,2.6795814684800863e-10
591,exact_spectrum,2,93,0.04484651141061205,-0.00029291058541001946,0.00047518540612850836,3.080450874632328,0.10576223629411216,0.7047900422807277,1.0,0.1,0.7047900422807277,1.0,2.0479897936190365,4.962664255964701e-07,4.963233913470251e-07,2.75615222176394e-10
592,exact_spectrum,2,94,0.04533478061164354,0.0001953586156214701,0.0004421988214440161,3.0810607872935285,0.10582324636562866,0.7047640976582884,1.0,0.1,0.7047640976582884,1.0,1.3665015263601585,4.96267527338157e-07,4.963244892568043e-07,2.0158436226225295e-10
593,exact_spectrum,2,95,0.045388766687495315,0.0002493446914732453,0.000302338261528057,3.0810435992535243,0.10582998985872172,0.7047648286697374,1.0,0.1,0.7047648286697374,1.0,1.3826652027295592,4.962686089229599e-07,4.963255730803861e-07,8.97329046081791e-11
594,exact_spectrum,2,96,0.04534907918136493,0.0002096571853428611,0.0001794933079031225,3.0808991120082436,0.10582503246626877,0.704770974062821,1.0,0.1,0.704770974062821,1.0,1.4789070018644015,4.962672365751047e-07,4.963242013283138e-07,3.80923251348603e-10
595,exact_spectrum,2,97,0.0456174879886756,0.00047806599265352856,0.0006495604125563902,3.081483008850976,0.10585855506240216,0.7047461429838476,1.0,0.1,0.7047461429838476,1.0,2.1538295038586686,4.962663424493235e-07,4.963233034467382e-07,1.9691826407264123e-10
596,exact_spectrum,2,98,0.04532094679331629,0.0001815247972942191,0.0006795430814818017,3.0810876640630496,0.10582151829054735,0.7047629545988777,1.0,0.1,0.7047629545988777,1.0,2.0266466878698397,4.962679397144097e-07,4.963248997197277e-07,7.398698089719394e-10
597,exact_spectrum,2,99,0.0455026970423008,0.000363275046278734,0.0005728875810018748,3.0812408474539748,0.10584421968417677,0.7047564401370393,1.0,0.1,0.7047564401370393,1.0,1.436524584661709,4.962688420709186e-07,4.963258046693358e-07,2.4439197783232487e-10
598,real,3,0,0.04541020803970581,0.0002707860436837392,0.0004786288642654534,3.0811479516155353,0.10583266801549085,0.7047603906618785,1.0,0.1,0.7047603906618785,1.0,1.7910878867131304,4.962700582029224e-07,4.963270222264943e-07,1.7169403911810313e-10
599,iaaft,3,1,0.04566221209173272,0.0005227900957106499,0.00036865227815295273,3.081416591654315,0.10586413979387661,0.7047489670087901,1.0,0.1,0.7047489670087901,1.0,1.6541635829567216,4.962682430755145e-07,4.963252043734453e-07,5.728046985393086e-10
600,iaaft,3,2,0.045065756657931326,-7.366533809074344e-05,0.00023886745090946873,3.080662016682336,0.10578963571506887,0.7047810595262995,1.0,0.1,0.7047810595262995,1.0,2.142026295225272,4.962680490655057e-07,4.963250136139964e-07,7.571848610686752e-10
601,iaaft,3,3,0.045092727470260614,-4.669452576145511e-05,0.0003714152395154914,3.080654466864745,0.10579300580943747,0.7047813807023287,1.0,0.1,0.7047813807023287,1.0,1.6745987194549627,4.962675597571456e-07,4.963245217571553e-07,4.4054207040302104e-10
602,iaaft,3,4,0.04500161105721675,-0.0001378109388053203,0.00014410405099661097,3.0804937300526603,0.10578162007361624,0.7047882189569225,1.0,0.1,0.7047882189569225,1.0,1.865659021707431,4.962687123949646e-07,4.963256768305978e-07,4.047142168640428e-10
603,iaaft,3,5,0.04492659046819983,-0.0002128315278222409,0.0002600490216520725,3.0805134235586826,0.10577224472176018,0.704787381095024,1.0,0.1,0.704787381095024,1.0,1.617368364969721,4.962691941444932e-07,4.963261573544409e-07,4.430282803214085e-10
604,iaaft,3,6,0.045206815958353866,6.739396233179651e-05,0.0004169074838497506,3.0807223770711083,0.10580726036512607,0.7047784917965552,1.0,0.1,0.7047784917965552,1.0,1.7064003766355231,4.962674151315026e-07,4.963243781616655e-07,4.5993354926461346e-10
605,iaaft,3,7,0.04539406365623949,0.0002546416602174223,0.0002783595317022004,3.081078660493559,0.10583065148900102,0.7047633375152964,1.0,0.1,0.7047633375152964,1.0,1.806399536522561,4.96267567148003e-07,4.963245330232261e-07,5.62910576525552e-10
606,iaaft,3,8,0.045263919637401694,0.0001244976413796242,0.00043356732668629574,3.08079305290748,0.10581439434785411,0.7047754853731916,1.0,0.1,0.7047754853731916,1.0,1.635226709673343,4.962669227996098e-07,4.963238857352874e-07,1.8873176083605053e-10
607,iaaft,3,9,0.04507910609708137,-6.031589894069794e-05,0.0005204722810118919,3.080551948510766,0.10579130378613247,0.7047857420779978,1.0,0.1,0.7047857420779978,1.0,1.6489840642584264,4.962697162077898e-07,4.963266778679147e-07,1.6289498707258007e-10
608,iaaft,3,10,0.045115947167118295,-2.3474828903774503e-05,0.0002330694215911473,3.0806357355192113,0.10579590710322494,0.7047821775572727,1.0,0.1,0.7047821775572727,1.0,1.8483096113610127,4.962668045458902e-07,4.963237687426852e-07,5.259991382428927e-10
609,iaaft,3,11,0.04548355914585421,0.00034413714983214105,0.0003073344353722403,3.0812738859293485,0.10584182950734411,0.7047550351861576,1.0,0.1,0.7047550351861576,1.0,2.0249905509399264,4.962675852891986e-07,4.963245476619008e-07,5.437763184014037e-10
610,iaaft,3,12,0.04515663068655208,1.7208690530012838e-05,0.00036450402788642367,3.0808273542328,0.10580099030430752,0.7047740263050345,1.0,0.1,0.7047740263050345,1.0,1.7034826922803994,4.962673635634742e-07,4.963243276356011e-07,2.246797840485586e-10
611,iaaft,3,13,0.04445035548415572,-0.00068906651186635,0.00041931208296143945,3.0799104436371367,0.10571271006029768,0.704813039688597,1.0,0.1,0.704813039688597,1.0,1.6942456551212843,4.962693537198252e-07,4.963263173090267e-07,2.5004744832947923e-10
612,iaaft,3,14,0.04534177363601785,0.00020235163999578198,0.0002450644627017721,3.0810985514226603,0.10582411990049329,0.7047624915689226,1.0,0.1,0.7047624915689226,1.0,1.756224992140919,4.962668477152168e-07,4.963238094672023e-07,3.86308897806599e-10
613,iaaft,3,15,0.04492086783572832,-0.0002185541602937463,0.00024355791770986853,3.08045442083625,0.10577152952806698,0.7047898914022895,1.0,0.1,0.7047898914022895,1.0,1.7007770913948757,4.962668065615785e-07,4.963237690340152e-07,1.7861961377577046e-10
614,iaaft,3,16,0.045689194847647635,0.0005497728516255657,0.0006016938305591804,3.0814085689382327,0.10586750900786451,0.704749308138615,1.0,0.1,0.704749308138615,1.0,1.7658441305395092,4.962685719686724e-07,4.963255323361845e-07,5.17968126469601e-10
615,iaaft,3,17,0.04584475724296801,0.0007053352469459373,0.0007955914023690817,3.0817665188311167,0.10588693128584475,0.7047340896270502,1.0,0.1,0.7047340896270502,1.0,1.8359902875482876,4.962672839437822e-07,4.963242453598197e-07,4.021864701166403e-10
616,iaaft,3,18,0.04519193746689214,5.251547087006814e-05,0.00018583568734997105,3.080665794418081,0.10580540151095766,0.7047808988186031,1.0,0.1,0.7047808988186031,1.0,1.4725415281613776,4.96267796600533e-07,4.963247600716278e-07,4.0631094128385097e-10
617,iaaft,3,19,0.04484945618467513,-0.0002899658113469372,0.00042089982662669794,3.0804634766944816,0.10576260435415516,0.7047895061090862,1.0,0.1,0.7047895061090862,1.0,1.5516535023422169,4.96266928510727e-07,4.963238918742134e-07,2.0861242732640568e-10
618,iaaft,3,20,0.04477629858614511,-0.0003631234098769587,0.00048559663486153414,3.0802079772891604,0.10575346018706505,0.7048003775141423,1.0,0.1,0.7048003775141423,1.0,1.8883254159260388,4.962667345007181e-07,4.963236966792001e-07,6.877988873732056e-10
619,iaaft,3,21,0.04511612220297704,-2.3299793045029882e-05,0.00022513064831866666,3.0806390887302646,0.10579592897359805,0.7047820349067688,1.0,0.1,0.7047820349067688,1.0,1.28472992303558,4.962674784577132e-07,4.963244413842047e-07,2.5783868241888655e-10
620,iaaft,3,22,0.045455155301848536,0.0003157333058264669,0.00046900144249978473,3.0811286331243193,0.10583828198505325,0.7047612122369292,1.0,0.1,0.7047612122369292,1.0,2.003562016357226,4.962683761109492e-07,4.963253382868068e-07,5.41841976672283e-10
621,iaaft,3,23,0.045203389705204,6.396770918193351e-05,0.0007042467085106275,3.08085761359127,0.10580683230681763,0.7047727391955911,1.0,0.1,0.7047727391955911,1.0,2.039026025235851,4.962681100400799e-07,4.963250710978602e-07,1.1970336711395824e-10
622,iaaft,3,24,0.044596859176359555,-0.0005425628196625149,0.0003342757332139327,3.0800329251288843,0.10573102821874913,0.7048078269390915,1.0,0.1,0.7048078269390915,1.0,1.5844330794036037,4.962680332759465e-07,4.96324992731412e-07,4.1706830285342494e-10
623,iaaft,3,25,0.04476555952700189,-0.00037386246902017944,0.0003103990872484717,3.0802495341717355,0.10575211781632085,0.7047986091638242,1.0,0.1,0.7047986091638242,1.0,2.0205406683870963,4.962674539335043e-07,4.963244197549233e-07,4.5406372290373375e-10
624,iaaft,3,26,0.04495146913118801,-0.0001879528648340567,0.0005923705414196167,3.0806363161501378,0.10577535390993331,0.7047821528563618,1.0,0.1,0.7047821528563618,1.0,1.6723311615711696,4.962669476597669e-07,4.963239112922742e-07,1.9019880930186052e-10
625,iaaft,3,27,0.04497916938124206,-0.00016025261478001124,0.00017589594938907156,3.0806284617781827,0.10577881561584737,0.7047824869939032,1.0,0.1,0.7047824869939032,1.0,1.9946007176503158,4.962670843906303e-07,4.963240477488674e-07,4.600441811625436e-10
626,iaaft,3,28,0.04446075478095534,-0.0006786672150667292,0.0004276374262046748,3.0799237766269782,0.10571401044595177,0.7048124722236762,1.0,0.1,0.7048124722236762,1.0,1.8610229268005174,4.962679702856839e-07,4.963249299156849e-07,2.2688624371223507e-10
627,iaaft,3,29,0.04549193829224216,0.0003525162962200873,0.00045887888845856596,3.0812924995065085,0.10584287600525763,0.7047542436625851,1.0,0.1,0.7047542436625851,1.0,1.8754045819706686,4.962667729667718e-07,4.963237388721778e-07,4.348643118512732e-10
628,iaaft,3,30,0.044982220599994564,-0.0001572013960275051,0.00028393186066000986,3.080488002152108,0.10577919692035223,0.7047884626529123,1.0,0.1,0.7047884626529123,1.0,1.6518306832124852,4.962690293619662e-07,4.963259939052078e-07,1.242623766079127e-10
629,iaaft,3,31,0.045398100600331226,0.00025867860430915657,0.0003298380040216762,3.081039613506875,0.10583115573017438,0.7047649981856366,1.0,0.1,0.7047649981856366,1.0,2.582681776332259,4.962702611155551e-07,4.963272226706961e-07,2.560247780719119e-10
630,iaaft,3,32,0.045283197131069486,0.00014377513504741646,0.0006037811411311338,3.081021175539466,0.1058168025833355,0.704765782367671,1.0,0.1,0.704765782367671,1.0,1.7414769078425825,4.962673234176802e-07,4.963242849373891e-07,2.0038324293769552e-10
631,iaaft,3,33,0.04459534017863187,-0.000544081817390199,0.00039135463204167074,3.0799306793884482,0.10573083830643201,0.704812178437375,1.0,0.1,0.704812178437375,1.0,1.9489498053540264,4.962684757195512e-07,4.963254396696345e-07,6.173669761143529e-10
632,iaaft,3,34,0.045129574940493966,-9.847055528103277e-06,0.00020447264457330118,3.0806338166958813,0.10579760985215257,0.7047822591869611,1.0,0.1,0.7047822591869611,1.0,1.5162182097286616,4.962694763408698e-07,4.96326437380278e-07,1.661677616496001e-10
633,iaaft,3,35,0.04545348478313286,0.0003140627871107901,0.00035670768730696584,3.081143287700797,0.10583807334049304,0.704760589007499,1.0,0.1,0.704760589007499,1.0,1.4649172427920154,4.962664850592781e-07,4.963234522166155e-07,2.011016311354097e-10
634,iaaft,3,36,0.045367274368207776,0.00022785237218570648,0.0002003408380072239,3.08092051206532,0.1058273052678336,0.7047700638308396,1.0,0.1,0.7047700638308396,1.0,1.6006662038322472,4.962686255523892e-07,4.963255899460288e-07,4.314737192371948e-10
635,iaaft,3,37,0.04512985788615635,-9.564109865717318e-06,0.0005920559519222957,3.080830496243098,0.10579764520506404,0.7047738926556045,1.0,0.1,0.7047738926556045,1.0,1.7938569617063234,4.962678868025891e-07,4.963248491293608e-07,3.069001287383881e-10
636,iaaft,3,38,0.04549057387451515,0.00035115187849307783,0.0005683670635400565,3.08125884597905,0.10584270559954695,0.7047556747517018,1.0,0.1,0.7047556747517018,1.0,1.297089315824781,4.962685739843609e-07,4.963255371208199e-07,2.7495202394711963e-10
637,iaaft,3,39,0.04529462896173232,0.00015520696571025283,0.0002528059074086777,3.0808144537988733,0.10581823067568222,0.7047745750443046,1.0,0.1,0.7047745750443046,1.0,1.7111693158697037,4.962669194401292e-07,4.96323882390242e-07,4.98094283924364e-10
638,iaaft,3,40,0.04502618373188536,-0.00011323826413670718,0.0002623627141493635,3.0807627933468886,0.10578469074956574,0.704776772544098,1.0,0.1,0.704776772544098,1.0,2.0372432750779104,4.962672422862218e-07,4.963242066929845e-07,3.7863978608886294e-10
639,iaaft,3,41,0.045661974941882406,0.000522552945860337,0.0007966447390067353,3.0815235934026677,0.10586411018157824,0.7047444174083624,1.0,0.1,0.7047444174083624,1.0,2.0651301639014354,4.96267696991931e-07,4.963246607701034e-07,3.6302329266985176e-10
640,iaaft,3,42,0.04566210846154658,0.0005226864655245092,0.0005529044471509908,3.0813293362321046,0.10586412685383997,0.7047526772456509,1.0,0.1,0.7047526772456509,1.0,2.1042001024101253,4.962672946941204e-07,4.963242576691669e-07,4.044775309522156e-10
641,iaaft,3,43,0.04576372206598751,0.0006243000699654375,0.0007483174748453334,3.081586267504131,0.10587681432556967,0.7047417527160751,1.0,0.1,0.7047417527160751,1.0,2.1881378963809643,4.962689714109246e-07,4.963259346038124e-07,6.850304285863563e-10
642,iaaft,3,44,0.044551176249295964,-0.0005882457467261057,0.0003808884850730902,3.079941917190056,0.10572531657289029,0.7048117001515288,1.0,0.1,0.7048117001515288,1.0,1.6441696660260878,4.962674860165448e-07,4.963244486202112e-07,2.877512778700642e-10
643,iaaft,3,45,0.04520359730422093,6.417530819886191e-05,0.00027060196427237205,3.0808033019825407,0.10580685824321198,0.7047750494071369,1.0,0.1,0.7047750494071369,1.0,1.7776656974924838,4.962657479892183e-07,4.963227119406138e-07,3.8629202691459156e-10
644,iaaft,3,46,0.045601707870004796,0.00046228587398272625,0.000719583456818369,3.0814737738772244,0.10585658451711857,0.7047465356430275,1.0,0.1,0.7047465356430275,1.0,1.8819991640353322,4.962690399443303e-07,4.963260015060327e-07,2.982383639702642e-10
645,iaaft,3,47,0.0450076418543298,-0.00013178014169226704,0.0003758108644466702,3.0807619433850544,0.10578237370856712,0.7047768086998435,1.0,0.1,0.7047768086998435,1.0,1.661143519430161,4.962673511333957e-07,4.963243141491233e-07,5.801435418117054e-10
646,iaaft,3,48,0.045147840016641634,8.418020619564703e-06,0.0003626708884890594,3.0809042030236387,0.10579989197501047,0.7047707575199841,1.0,0.1,0.7047707575199841,1.0,1.8377698465669887,4.962663940173518e-07,4.963233560737903e-07,1.7435116261575633e-10
647,iaaft,3,49,0.04480421598919412,-0.0003352060068279525,0.0005029586326019022,3.0804225615093945,0.10575694975244342,0.7047912469162084,1.0,0.1,0.7047912469162084,1.0,1.5547488708317845,4.962678893221996e-07,4.963248492212216e-07,1.4839502230460456e-10
648,iaaft,3,50,0.04595847593523574,0.0008190539392136723,0.0007565315324987396,3.081762071059027,0.10590112703961642,0.7047342787062028,1.0,0.1,0.7047342787062028,1.0,1.9252433185198954,4.962682014179542e-07,4.963251643746285e-07,4.8626054999618e-10
649,iaaft,3,51,0.04505069659386169,-8.872540216037922e-05,0.0002266096583083471,3.0805412420253573,0.10578775386233322,0.7047861975738682,1.0,0.1,0.7047861975738682,1.0,1.7348887782918236,4.962670450847064e-07,4.963240075545184e-07,2.626426557950153e-10
650,iaaft,3,52,0.04448711266029254,-0.0006523093357295312,0.0004311051886514848,3.079835502134451,0.10571730630948163,0.7048162293609015,1.0,0.1,0.7048162293609015,1.0,1.955708319308512,4.962681402754059e-07,4.963251046375505e-07,1.99845831013702e-10
651,iaaft,3,53,0.04549676538987248,0.00035734339385041364,0.0005110759973547559,3.0811874910581025,0.10584347887194656,0.7047587091635111,1.0,0.1,0.7047587091635111,1.0,2.0198432595117066,4.962673894314754e-07,4.963243509971147e-07,8.411840455259494e-10
652,iaaft,3,54,0.04529427622965845,0.00015485423363638395,0.0001747146885928672,3.0809972471210365,0.1058181866118139,0.7047668000768511,1.0,0.1,0.7047668000768511,1.0,2.0469593334641307,4.962670901017474e-07,4.963240529508134e-07,8.09185291314339e-10
653,iaaft,3,55,0.045354227818117716,0.00021480582209564697,0.0002186147755925034,3.0809559450248036,0.10582567559897586,0.7047685567493502,1.0,0.1,0.7047685567493502,1.0,2.0906988913301943,4.962686361347534e-07,4.963255968946422e-07,8.786380136914406e-10
654,iaaft,3,56,0.044925529902124214,-0.00021389209389785502,0.0002838336212954176,3.080652435526606,0.10577211217645291,0.704781467117543,1.0,0.1,0.704781467117543,1.0,1.7158946627069096,4.96268120790418e-07,4.963250846683249e-07,2.813160876561495e-10
655,iaaft,3,57,0.045044300278880775,-9.512171714129436e-05,0.0004955955770336527,3.080740664010859,0.10578695459113995,0.7047777138899617,1.0,0.1,0.7047777138899617,1.0,1.486023302199606,4.962679145183046e-07,4.963248749146873e-07,2.694378668549841e-10
656,iaaft,3,58,0.04533748759237172,0.0001980655963496475,0.0004126456979392534,3.0810837661916035,0.10582358450945586,0.7047631203727469,1.0,0.1,0.7047631203727469,1.0,1.9379639202214924,4.962683065696993e-07,4.963252687166862e-07,2.778656752893281e-10
657,iaaft,3,59,0.045196006756207247,5.658476018517711e-05,0.0006796709496760707,3.0808650192345195,0.10580590991355333,0.7047724241935671,1.0,0.1,0.7047724241935671,1.0,1.495447321553572,4.962670163611466e-07,4.963239795710943e-07,3.0581737861568703e-10
658,iaaft,3,60,0.045295459805912756,0.000156037809890687,0.0006333167879684346,3.081083423055467,0.10581833446602534,0.7047631349661172,1.0,0.1,0.7047631349661172,1.0,1.9278831362732358,4.962677374736732e-07,4.963246993529516e-07,4.0313120332473346e-10
659,iaaft,3,61,0.0447013748768403,-0.0004380471191817725,0.00038093979865915287,3.080208528802212,0.1057440944493871,0.7048003540455627,1.0,0.1,0.7048003540455627,1.0,1.9361343595635554,4.962673247614724e-07,4.963242883900428e-07,3.1506684778332487e-10
660,iaaft,3,62,0.04497133359247829,-0.00016808840354377852,0.00021369049660647678,3.0804189607161176,0.10577783638721386,0.7047914001203388,1.0,0.1,0.7047914001203388,1.0,1.4083688572597004,4.962671492286073e-07,4.963241115251961e-07,7.950060887112342e-11
661,iaaft,3,63,0.04516017757902986,2.0755583007792122e-05,0.00026828700127713587,3.0808505135022948,0.10580143345910488,0.7047730412021342,1.0,0.1,0.7047730412021342,1.0,2.0103474161901427,4.962675951996666e-07,4.963245573151585e-07,8.68946032679648e-10
662,iaaft,3,64,0.04455028315175213,-0.0005891388442699416,0.0005184258170691222,3.0799868931019634,0.10572520490759872,0.7048097859909059,1.0,0.1,0.7048097859909059,1.0,1.4652162511680984,4.962674608204397e-07,4.963244253964887e-07,3.9959076212505004e-10
663,iaaft,3,65,0.04441837958572826,-0.0007210424102938109,0.0004356290863837746,3.079887578815253,0.10570871151668922,0.7048140128487015,1.0,0.1,0.7048140128487015,1.0,1.9010090733915685,4.9626796138306e-07,4.963249221127661e-07,1.6713271473199707e-10
664,iaaft,3,66,0.04504963419260929,-8.978780341278164e-05,0.000424749282464159,3.0805885829215414,0.10578762110713835,0.7047841835299886,1.0,0.1,0.7047841835299886,1.0,1.977314966587724,4.962677878658833e-07,4.963247508789863e-07,8.29057784818118e-11
665,iaaft,3,67,0.044368587090880214,-0.0007708349051418553,0.0004760621981038799,3.0798152474322578,0.10570248473021668,0.704817091470912,1.0,0.1,0.704817091470912,1.0,2.2235376961248052,4.962679477771633e-07,4.963249084333808e-07,7.935087104339685e-10
666,iaaft,3,68,0.04513118434294907,-8.237653072999673e-06,0.00016528513821022033,3.0808106865948517,0.10579781094029604,0.7047747352888172,1.0,0.1,0.7047747352888172,1.0,1.8772911005926678,4.962682015859282e-07,4.963251617513465e-07,5.861653374303654e-10
667,iaaft,3,69,0.04482352761264344,-0.0003158943833786315,0.00045076104971892314,3.080250562223485,0.10575936356191032,0.7047985654182183,1.0,0.1,0.7047985654182183,1.0,1.5723900605878556,4.962654553784516e-07,4.963224211158836e-07,3.870693477521834e-10
668,iaaft,3,70,0.04468928389405246,-0.00045013810196960907,0.00028716804747857866,3.080187250376687,0.10574258295458328,0.7048012595140978,1.0,0.1,0.7048012595140978,1.0,1.7423600036777949,4.962681382597175e-07,4.963251008489486e-07,1.3708259578993545e-10
669,iaaft,3,71,0.044532231189303904,-0.000607190806718165,0.0003971835685084274,3.0799208293476656,0.10572294781905807,0.7048125976623149,1.0,0.1,0.7048125976623149,1.0,1.500015417497322,4.962699631296193e-07,4.963269251020708e-07,1.370622919286148e-10
670,iaaft,3,72,0.04546375174845195,0.0003243297524298805,0.00031389884364061576,3.0812108112717405,0.10583935565812178,0.7047577174419624,1.0,0.1,0.7047577174419624,1.0,1.6214842063081343,4.962675951996666e-07,4.963245587455624e-07,3.249937772255339e-10
671,iaaft,3,73,0.04517377390427235,3.435190825028245e-05,0.00032444975451525077,3.080835612342496,0.10580313218998176,0.7047736750363396,1.0,0.1,0.7047736750363396,1.0,1.9788391776428185,4.962695428585871e-07,4.963265037916993e-07,2.300676666608779e-10
672,iaaft,3,74,0.04499674464058317,-0.0001426773554389013,0.0003399224043355357,3.0805709170135342,0.10578101194086058,0.704784935091131,1.0,0.1,0.704784935091131,1.0,1.571754890944561,4.962676390408894e-07,4.963246046208457e-07,3.4942409915584314e-10
673,iaaft,3,75,0.04562316524852949,0.0004837432525074195,0.00073488327115878,3.0813911247390977,0.10585926400232058,0.7047500498805301,1.0,0.1,0.7047500498805301,1.0,1.7580983151677114,4.962681691669397e-07,4.963251350421629e-07,3.4963446563626867e-10
674,iaaft,3,76,0.04476868976814984,-0.00037073222787222665,0.0002764672987892667,3.080195503657739,0.10575250909482845,0.7048009083077895,1.0,0.1,0.7048009083077895,1.0,1.759678742622095,4.962684241515228e-07,4.963253861069144e-07,2.177583510006591e-10
675,iaaft,3,77,0.04540367761787146,0.0002642556218493894,0.0005083156777618303,3.0812150369317344,0.10583185233281486,0.7047575377420066,1.0,0.1,0.7047575377420066,1.0,1.5431122550780616,4.962694847395714e-07,4.963264454968358e-07,2.9310511949462125e-10
676,iaaft,3,78,0.04489732420173928,-0.000242097794282789,0.00019215311354703264,3.080447453794444,0.10576858707985447,0.7047901878256069,1.0,0.1,0.7047901878256069,1.0,1.759544689797576,4.962695569684059e-07,4.963265198555286e-07,5.34890177068608e-10
677,iaaft,3,79,0.045142890900669065,3.4689046469957296e-06,0.00029298403223847907,3.080851164280963,0.10579927361449613,0.7047730135208164,1.0,0.1,0.7047730135208164,1.0,1.528422523123313,4.962679864111911e-07,4.963249478259163e-07,1.424632187744868e-10
678,iaaft,3,80,0.04548975954557639,0.0003503375495543179,0.0003661497156337057,3.081125173410066,0.10584260389573795,0.7047613593724107,1.0,0.1,0.7047613593724107,1.0,1.966592964762501,4.962686685537418e-07,4.963256351848482e-07,5.76418985323547e-10
679,iaaft,3,81,0.04499491576201551,-0.00014450623400655976,0.0002140783228849518,3.0805968154246375,0.10578078339377031,0.7047838332973,1.0,0.1,0.7047838332973,1.0,2.204266104374899,4.962692050628054e-07,4.963261677648941e-07,3.8785316183601456e-10
680,iaaft,3,82,0.04546485765215241,0.0003254356561303434,0.0005506591133936511,3.081153185482594,0.10583949378172994,0.7047601680781908,1.0,0.1,0.7047601680781908,1.0,1.8304703105694775,4.962676533186823e-07,4.963246107650209e-07,3.7718444856271336e-10
681,iaaft,3,83,0.04514279111004598,3.3691140239114348e-06,0.0006358376074313357,3.080699841804151,0.10579926114625628,0.704779450434831,1.0,0.1,0.704779450434831,1.0,1.422574578120497,4.962676202277976e-07,4.963245796176483e-07,3.828990144245905e-10
682,iaaft,3,84,0.04500871768366994,-0.0001307043123521326,0.0005755455290337312,3.0806186261551947,0.10578250814837223,0.7047829054193862,1.0,0.1,0.7047829054193862,1.0,1.820093489670362,4.962679148542527e-07,4.963248808055891e-07,2.0328280020864076e-10
683,iaaft,3,85,0.04509927645486948,-4.0145541152586395e-05,0.00039013907614984805,3.0806676787623393,0.10579382411105137,0.7047808186573372,1.0,0.1,0.7047808186573372,1.0,1.4291523722217523,4.962685010836302e-07,4.9632546413479e-07,3.213969072489123e-10
684,iaaft,3,86,0.04497347536660544,-0.00016594662941663008,0.00027045978945677797,3.080500905501867,0.105778104042924,0.7047879136756063,1.0,0.1,0.7047879136756063,1.0,1.7824632243610263,4.962685111620723e-07,4.963254757446828e-07,5.453235744682941e-10
685,iaaft,3,87,0.0451928046845581,5.33826885360314e-05,0.00021579526681093458,3.0808795675518996,0.10580550985826644,0.7047718053793379,1.0,0.1,0.7047718053793379,1.0,1.4516755836795159,4.962701455494199e-07,4.963271080034845e-07,4.226395868645761e-10
686,iaaft,3,88,0.045462868624966374,0.0003234466289443044,0.0005687497696208562,3.0812399913641473,0.10583924535887476,0.7047564765423853,1.0,0.1,0.7047564765423853,1.0,1.5922886727333658,4.96268938991936e-07,4.963259016323468e-07,2.3942785696265126e-10
687,iaaft,3,89,0.04457966121960596,-0.0005597607764161114,0.00034340783944092666,3.07997629613024,0.10572887802850528,0.7048102369897461,1.0,0.1,0.7048102369897461,1.0,1.710795378596369,4.962685225843066e-07,4.963254873768846e-07,4.5828949816081697e-10
688,iaaft,3,90,0.04454076787514336,-0.0005986541208787069,0.0004958462340562375,3.080014938206671,0.10572401519133137,0.7048085924278288,1.0,0.1,0.7048085924278288,1.0,1.7250954254847461,4.96266909025739e-07,4.963238703577896e-07,2.445266930073333e-10
689,iaaft,3,91,0.04489886807555351,-0.00024055392046856,0.00031398444968605744,3.0803404165867567,0.10576878003340584,0.7047947420504618,1.0,0.1,0.7047947420504618,1.0,1.569343217553246,4.962683559540652e-07,4.96325318891055e-07,4.836272263194233e-10
690,iaaft,3,92,0.04573157871309148,0.0005921567170694073,0.0006572593973593084,3.081457223206143,0.10587280107185869,0.7047472393619982,1.0,0.1,0.7047472393619982,1.0,1.5224129944663707,4.962692492399763e-07,4.963262145286026e-07,2.1911348151734362e-10
691,iaaft,3,93,0.04532594335384023,0.00018652135781815904,0.00025010075854899365,3.081027009575089,0.10582214244770816,0.7047655342403063,1.0,0.1,0.7047655342403063,1.0,1.4601686295104312,4.96268345035753e-07,4.963253066013924e-07,1.0275317561512191e-10
692,iaaft,3,94,0.04522995553692335,9.053354090127891e-05,0.00016729820190035182,3.0809605862740383,0.10581015125878698,0.7047683593441163,1.0,0.1,0.7047683593441163,1.0,1.401773644694369,4.96267402365476e-07,4.963243674835037e-07,3.2784108932281724e-10
693,iaaft,3,95,0.044837282578911654,-0.00030213941711041553,0.00018427005477087465,3.080422872637924,0.10576108279691551,0.7047912336785375,1.0,0.1,0.7047912336785375,1.0,2.0472532213123715,4.96266848891035e-07,4.963238153371074e-07,2.712093682568326e-10
694,iaaft,3,96,0.04559830448465292,0.0004588824886308518,0.00040746761497204205,3.0812667892177026,0.10585615951392448,0.7047553369691216,1.0,0.1,0.7047553369691216,1.0,1.9563847531125194,4.962679266124351e-07,4.963248907921703e-07,6.503334444815389e-10
695,iaaft,3,97,0.0456859819687231,0.0005465599727010328,0.000614579262507803,3.0814752000986028,0.10586710783591204,0.7047464750017823,1.0,0.1,0.7047464750017823,1.0,2.082759383018252,4.962671821515179e-07,4.963241470661395e-07,3.078622315114011e-10
696,iaaft,3,98,0.04519494237724957,5.552038122749736e-05,0.0002875173448178802,3.0808264060136725,0.10580577693405177,0.7047740666388013,1.0,0.1,0.7047740666388013,1.0,1.816471037341804,4.9626706356185e-07,4.96324026216696e-07,1.6046825570967973e-10
697,iaaft,3,99,0.04489944058582074,-0.00023998141020133146,0.0001990876213163961,3.08031229531216,0.10576885158572451,0.704795938607412,1.0,0.1,0.704795938607412,1.0,1.4713957762929883,4.962675503505997e-07,4.963245126904943e-07,4.508150840956776e-10
698,exact_spectrum,3,1,0.045592411987421186,0.00045298999139911644,0.00033968058931078076,3.0813414366124374,0.10585542367486504,0.7047521627062785,1.0,0.1,0.7047521627062785,1.0,1.6344062600395792,4.962682489546057e-07,4.963252108141996e-07,5.624131319231964e-10
699,exact_spectrum,3,2,0.04510124261749472,-3.817937852734765e-05,0.0001910854387242026,3.080706050314257,0.10579406978363347,0.7047791863267401,1.0,0.1,0.7047791863267401,1.0,2.1875354875880384,4.96268060823688e-07,4.963250232921878e-07,8.012356472127976e-10
700,exact_spectrum,3,3,0.04509121741899105,-4.820457703101633e-05,0.0003589465072609362,3.0806535147820204,0.10579281712625288,0.7047814212048934,1.0,0.1,0.7047814212048934,1.0,1.6628133212385634,4.962675778983412e-07,4.963245420925117e-07,4.3204472071873504e-10
701,exact_spectrum,3,4,0.045043149550924685,-9.627244509738397e-05,0.00012337619821362452,3.08055484434032,0.10578681079775125,0.7047856188785869,1.0,0.1,0.7047856188785869,1.0,1.8415569297128418,4.962687177701337e-07,4.963256814249501e-07,4.094415520873067e-10
702,exact_spectrum,3,5,0.04499220818135001,-0.00014721381467205918,0.00013497122531009987,3.0805879200899358,0.10578044503815072,0.7047842117286967,1.0,0.1,0.7047842117286967,1.0,1.616754101559087,4.962692141334032e-07,4.963261763079485e-07,4.428041189734673e-10
703,exact_spectrum,3,6,0.04518916361722938,4.9741621207313735e-05,0.00036934541591847163,3.080708592644964,0.1058050549546042,0.7047790781770829,1.0,0.1,0.7047790781770829,1.0,1.722103482176609,4.962673796889814e-07,4.963243443883863e-07,4.653240144777006e-10
704,exact_spectrum,3,7,0.04542158544578943,0.00028216344976735724,0.0003177751601928444,3.0811234448937905,0.10583408909596718,0.7047614328832487,1.0,0.1,0.7047614328832487,1.0,1.8289924682443746,4.962675896565236e-07,4.963245499886035e-07,5.754098183259733e-10
705,exact_spectrum,3,8,0.045227781805133184,8.835980911111457e-05,0.00034531829281101475,3.080726616806038,0.1058098796916254,0.7047783114420213,1.0,0.1,0.7047783114420213,1.0,1.6221103912356445,4.962669207839215e-07,4.963238828075525e-07,1.851894666728081e-10
706,exact_spectrum,3,9,0.04510082314944898,-3.8598846573090206e-05,0.0004260212671936343,3.080589570222183,0.10579401737102911,0.7047841415274831,1.0,0.1,0.7047841415274831,1.0,1.7074137140134822,4.962697647522856e-07,4.963267263467955e-07,1.602250240597277e-10
707,exact_spectrum,3,10,0.04512270656078262,-1.6715435239449128e-05,0.00029828306788226864,3.080655098323305,0.10579675167237623,0.7047813538394545,1.0,0.1,0.7047813538394545,1.0,1.8766317116216311,4.962668193276051e-07,4.963237806740908e-07,5.42557740275721e-10
708,exact_spectrum,3,11,0.0454678229341053,0.0003284009380832287,0.00030185801101361505,3.081235300449552,0.10583986413446365,0.7047566760245706,1.0,0.1,0.7047566760245706,1.0,2.062124346044907,4.962675842813544e-07,4.963245459388546e-07,5.261794111253475e-10
709,exact_spectrum,3,12,0.04514847405937718,9.05206335510833e-06,0.0003766937891260876,3.0808217790448547,0.10579997119435018,0.7047742634534477,1.0,0.1,0.7047742634534477,1.0,1.6826219561361806,4.962673838883322e-07,4.963243500260149e-07,2.3232887536115578e-10
710,exact_spectrum,3,13,0.0444621648380151,-0.0006772571580069692,0.00041135751674188073,3.0799258353775274,0.10571418676606269,0.7048123846016943,1.0,0.1,0.7048123846016943,1.0,1.706698979056712,4.962693525440069e-07,4.963263133668861e-07,2.532269395767348e-10
711,exact_spectrum,3,14,0.045297798875521704,0.00015837687949963458,0.00020399795588741477,3.0810301359089287,0.10581862666568055,0.7047654012745831,1.0,0.1,0.7047654012745831,1.0,1.8318358884823063,4.962669063381545e-07,4.963238706517441e-07,3.849169914749164e-10
712,exact_spectrum,3,15,0.044921660469885855,-0.0002177615261362148,0.00021977311022113185,3.0804499368097873,0.10577162858887586,0.7047900821818177,1.0,0.1,0.7047900821818177,1.0,1.7245827307183033,4.962667912759415e-07,4.963237545475671e-07,1.7224694664670328e-10
713,exact_spectrum,3,16,0.04558427558482402,0.00044485358880195364,0.0005323786872845663,3.08130400262443,0.10585440761458668,0.7047537545087965,1.0,0.1,0.7047537545087965,1.0,1.7693697929649257,4.962686433576368e-07,4.963256087801174e-07,5.221793667235826e-10
714,exact_spectrum,3,17,0.045689997985943615,0.0005505759899215451,0.0006877745221901534,3.0815563527981085,0.10586760929044685,0.7047430245756493,1.0,0.1,0.7047430245756493,1.0,1.86031498810464,4.96267327785005e-07,4.963242914988748e-07,4.182975473302461e-10
715,exact_spectrum,3,18,0.04522476398773726,8.53419917151918e-05,0.00019182148890031092,3.080719711941255,0.10580950267058727,0.7047786051690457,1.0,0.1,0.7047786051690457,1.0,1.4811954767657427,4.962677757717528e-07,4.963247373662627e-07,4.069130442075641e-10
716,exact_spectrum,3,19,0.04489200796795021,-0.0002474140280718587,0.00042023880242059885,3.080487967061581,0.1057679226535667,0.7047884641458565,1.0,0.1,0.7047884641458565,1.0,1.5467353632138716,4.962669627774298e-07,4.963239236751099e-07,2.1750766025377415e-10
717,exact_spectrum,3,20,0.04481324459486045,-0.0003261774011616217,0.0003702181730957526,3.080256893938138,0.10575807826793654,0.7047982959920485,1.0,0.1,0.7047982959920485,1.0,1.90240714493338,4.962667286216269e-07,4.963236911189972e-07,7.062520370367388e-10
718,exact_spectrum,3,21,0.045063710117348846,-7.57118786732236e-05,0.0001929904218557913,3.0806022668372854,0.1057893799885078,0.7047836013806429,1.0,0.1,0.7047836013806429,1.0,1.2714173673665428,4.962675123884681e-07,4.963244751233642e-07,2.484754790828841e-10
719,exact_spectrum,3,22,0.04541330771505878,0.0002738857190367136,0.0004705142749555171,3.0810899411709376,0.1058330551784005,0.7047628577551903,1.0,0.1,0.7047628577551903,1.0,2.006550090900147,4.962683687200918e-07,4.96325331111166e-07,5.588415157927003e-10
720,exact_spectrum,3,23,0.045098459190997954,-4.096280502411537e-05,0.0005919945995894785,3.0807293310088046,0.10579372199352914,0.7047781959825173,1.0,0.1,0.7047781959825173,1.0,2.115296219012307,4.962680955943129e-07,4.963250603304621e-07,1.3305509288285304e-10
721,exact_spectrum,3,24,0.044681525853675255,-0.0004578961423468142,0.00029826285876435513,3.0801517485529546,0.10574161310990586,0.7048027702633315,1.0,0.1,0.7048027702633315,1.0,1.570491086556722,4.962680344517647e-07,4.963249957444462e-07,4.092983699711632e-10
722,exact_spectrum,3,25,0.04481311267858637,-0.0003263093174356996,0.0002922624169973587,3.080312709468346,0.10575806177936876,0.7047959209849594,1.0,0.1,0.7047959209849594,1.0,2.0490552221986746,4.962674804734016e-07,4.963244438552602e-07,4.3434918798187314e-10
723,exact_spectrum,3,26,0.04493794713362706,-0.00020147486239500967,0.0005350004704100496,3.0805828103638735,0.10577366402198204,0.7047844291111169,1.0,0.1,0.7047844291111169,1.0,1.6802515700005842,4.962669402689093e-07,4.963239038082436e-07,1.9708073695671474e-10
724,exact_spectrum,3,27,0.04497482430509624,-0.00016459769092582593,0.0001642922907652902,3.080599613938521,0.10577827261828432,0.7047837142414562,1.0,0.1,0.7047837142414562,1.0,2.0037107832522945,4.962670917814877e-07,4.963240539914649e-07,4.695086518440987e-10
725,exact_spectrum,3,28,0.044580450786807245,-0.0005589712092148244,0.0003807434536033789,3.0800798607041355,0.10572897674582316,0.7048058294927451,1.0,0.1,0.7048058294927451,1.0,1.842840341068881,4.96267960879138e-07,4.963249224185314e-07,2.2114963125843786e-10
726,exact_spectrum,3,29,0.04535694452890289,0.00021752253288082057,0.00034870729979616404,3.0810995033838373,0.10582601495044598,0.7047624510829924,1.0,0.1,0.7047624510829924,1.0,1.8853312241008489,4.962667474347187e-07,4.963237103441503e-07,4.549870026782133e-10
727,exact_spectrum,3,30,0.0450314897297067,-0.00010793226631537062,0.0002838407682602593,3.0805493416840144,0.10578535379144395,0.7047858529823438,1.0,0.1,0.7047858529823438,1.0,1.6566257870985643,4.962690214671866e-07,4.963259823241855e-07,1.2716922500175721e-10
728,exact_spectrum,3,31,0.04540042677387392,0.0002610047778518476,0.0003039331994011481,3.081064701258693,0.10583144628363399,0.7047639311975318,1.0,0.1,0.7047639311975318,1.0,2.5992261709672295,4.962701779684085e-07,4.963271426192584e-07,2.5892082888490413e-10
729,exact_spectrum,3,32,0.04519571298944933,5.629099342725763e-05,0.0005944290023263346,3.0808875919547414,0.10580587321145678,0.7047714640629592,1.0,0.1,0.7047714640629592,1.0,1.779216384517182,4.962673864079428e-07,4.963243498934728e-07,2.185831612470844e-10
730,exact_spectrum,3,33,0.04461670676362662,-0.0005227152323954501,0.00036872670262997535,3.07996540539794,0.10573350962711671,0.704810700493976,1.0,0.1,0.704810700493976,1.0,1.9614636986047618,4.962684658090832e-07,4.96325429354979e-07,6.249636542792545e-10
731,exact_spectrum,3,34,0.04517790106149209,3.847906547001928e-05,0.00020140712471948313,3.080697350513397,0.10580364783343038,0.7047795564138589,1.0,0.1,0.7047795564138589,1.0,1.5118798047646762,4.962694141904773e-07,4.963263762770987e-07,1.6495215981382663e-10
732,exact_spectrum,3,35,0.04542988150203093,0.00029045950600885967,0.00033605298691732053,3.0811211228248134,0.10583512529232034,0.7047615316369941,1.0,0.1,0.7047615316369941,1.0,1.4545144453379057,4.962664662461863e-07,4.963234287593041e-07,2.0660992488393224e-10
733,exact_spectrum,3,36,0.04542027676578611,0.0002808547697640412,0.00029267157998516817,3.080995937040036,0.10583392563792243,0.7047668557968799,1.0,0.1,0.7047668557968799,1.0,1.6060260607465247,4.962686265602334e-07,4.963255863096535e-07,4.3467611269410444e-10
734,exact_spectrum,3,37,0.04507131734805869,-6.810464796337679e-05,0.00047774263619462256,3.08071740841965,0.10579033055092357,0.7047787031591656,1.0,0.1,0.7047787031591656,1.0,1.8107806608696961,4.962679027601223e-07,4.963248628691118e-07,2.8589465562665015e-10
735,exact_spectrum,3,38,0.045468411912896925,0.00032898991687485557,0.0005983204728107615,3.0812257173982576,0.10583993769557912,0.7047570835478059,1.0,0.1,0.7047570835478059,1.0,1.304278427220398,4.962686025399466e-07,4.963255609495113e-07,2.7788520227074295e-10
736,exact_spectrum,3,39,0.04528468842524982,0.00014526642922774863,0.000281986324085425,3.0808272094505775,0.10581698888055813,0.7047740324635381,1.0,0.1,0.7047740324635381,1.0,1.7064574214257215,4.962669414447276e-07,4.963238997296241e-07,5.049603695281671e-10
737,exact_spectrum,3,40,0.04497705045300808,-0.00016237154301398937,0.00024221989862195192,3.080681142317257,0.10577855081695417,0.7047802459114964,1.0,0.1,0.7047802459114964,1.0,2.0478471555982924,4.962672792405093e-07,4.963242408678266e-07,3.8562239842934056e-10
738,exact_spectrum,3,41,0.04555878814763844,0.00041936615161636964,0.0006828258969167477,3.081382725661251,0.10585122472314953,0.7047504070192696,1.0,0.1,0.7047504070192696,1.0,2.0343326684338514,4.962676850657747e-07,4.963246460828738e-07,3.616647606789853e-10
739,exact_spectrum,3,42,0.04559336493872058,0.0004539429426985084,0.000515281152004831,3.0812543581849474,0.10585554267718329,0.7047558655938418,1.0,0.1,0.7047558655938418,1.0,2.134519417942168,4.962672903267955e-07,4.963242522270706e-07,4.236229068577179e-10
740,exact_spectrum,3,43,0.04566443566771006,0.0005250136716879877,0.0006739877519640861,3.081427809218029,0.10586441744574805,0.7047484900353945,1.0,0.1,0.7047484900353945,1.0,2.256269699141944,4.962689620043787e-07,4.963259245227458e-07,6.977799149526356e-10
741,exact_spectrum,3,44,0.04467844669163547,-0.0004609753043866016,0.0003008299880367154,3.0801157129723484,0.10574122817661079,0.7048043037610283,1.0,0.1,0.7048043037610283,1.0,1.6486868660907288,4.962674576289331e-07,4.963244192969316e-07,3.049175679632252e-10
742,exact_spectrum,3,45,0.04518475060469534,4.5328608673268767e-05,0.00025442488812082043,3.0807879733514025,0.10580450360387979,0.7047757014438913,1.0,0.1,0.7047757014438913,1.0,1.7729175212986443,4.962656534198373e-07,4.963226145917875e-07,3.873408357841129e-10
743,exact_spectrum,3,46,0.045570764612505095,0.0004313426164830256,0.0007023298517727384,3.081431103158216,0.1058527203655322,0.7047483499769446,1.0,0.1,0.7047483499769446,1.0,1.8817761394961747,4.962689260579354e-07,4.963258916011475e-07,2.98854109535025e-10
744,exact_spectrum,3,47,0.045072839064220355,-6.65829318017147e-05,0.0003996756059430215,3.0808128396536882,0.10579052069612192,0.7047746437047036,1.0,0.1,0.7047746437047036,1.0,1.6704971473853272,4.962674082445672e-07,4.963243707642465e-07,5.884642143076951e-10
745,exact_spectrum,3,48,0.04508830253138902,-5.111946463304956e-05,0.00029804561760012776,3.080811253126876,0.10579245290569708,0.704774711190377,1.0,0.1,0.704774711190377,1.0,1.8358761371978962,4.962663923376115e-07,4.963233553074087e-07,1.729588468473667e-10
746,exact_spectrum,3,49,0.04482399717951021,-0.0003154248165118598,0.0004875564229250553,3.0804622846250442,0.10575942225359423,0.7047895568270955,1.0,0.1,0.7047895568270955,1.0,1.5824164513808965,4.962678621104062e-07,4.963248230461428e-07,1.493827463669418e-10
747,exact_spectrum,3,50,0.04581017873549485,0.0006707567394727831,0.0006516596685639041,3.0815722620070756,0.1058826143975726,0.7047423481735531,1.0,0.1,0.7047423481735531,1.0,1.9537857276809785,4.962682037695906e-07,4.963251679703227e-07,5.025983186666092e-10
748,exact_spectrum,3,51,0.04502779014249255,-0.00011163185352951882,0.0002207248209735112,3.0805220836858407,0.10578489148840309,0.7047870126524967,1.0,0.1,0.7047870126524967,1.0,1.7376165812481041,4.962670088023151e-07,4.963239710477243e-07,2.635724813076197e-10
749,exact_spectrum,3,52,0.044471998426950446,-0.0006674235690716235,0.0004215102845508947,3.079846211761553,0.10571541639570788,0.7048157735267119,1.0,0.1,0.7048157735267119,1.0,1.9753704773953398,4.962682000741619e-07,4.963251646095297e-07,2.0151001800478548e-10
750,exact_spectrum,3,53,0.04542768607933814,0.00028826408331607267,0.0004969428182179138,3.08110686132381,0.10583485108000398,0.7047621381581967,1.0,0.1,0.7047621381581967,1.0,2.042082011049996,4.962673806968256e-07,4.963243452033229e-07,8.564306128801082e-10
751,exact_spectrum,3,54,0.04524556161618021,0.00010613962015813827,0.0001371559983100366,3.080939918987541,0.1058121009262585,0.7047692383857522,1.0,0.1,0.7047692383857522,1.0,2.0874867857135033,4.962670810311496e-07,4.963240430442822e-07,8.442090951476166e-10
752,exact_spectrum,3,55,0.04533314166885763,0.00019371967283556002,0.00022167118823330942,3.080934913902432,0.10582304163576046,0.7047694512687609,1.0,0.1,0.7047694512687609,1.0,2.0665244637295066,4.962686403341042e-07,4.963256029561427e-07,8.575118932300146e-10
753,exact_spectrum,3,56,0.045051817676878866,-8.760431914320299e-05,0.0002614525458319176,3.080780947563019,0.10578789395008457,0.7047760003032474,1.0,0.1,0.7047760003032474,1.0,1.7579211507692913,4.962681429629905e-07,4.963251078789244e-07,2.754196899028176e-10
754,exact_spectrum,3,57,0.0450540847626192,-8.533723340287125e-05,0.0004605263111685205,3.080732504652215,0.10578817723892499,0.7047780609791152,1.0,0.1,0.7047780609791152,1.0,1.467487821903342,4.962679054477068e-07,4.963248657351688e-07,2.6964186606969554e-10
755,exact_spectrum,3,58,0.04529935496997995,0.00015993297395788114,0.0003156675706356438,3.080999471245886,0.10581882105460212,0.7047667054810502,1.0,0.1,0.7047667054810502,1.0,1.986958492404392,4.962682860768671e-07,4.963252480676908e-07,2.737522746607744e-10
756,exact_spectrum,3,59,0.04514650916812312,7.087172101051531e-06,0.0006247184820376817,3.0807874048324444,0.105799725694321,0.7047757256272074,1.0,0.1,0.7047757256272074,1.0,1.4909791411138804,4.962670004036134e-07,4.963239608275543e-07,3.0636022344983224e-10
757,exact_spectrum,3,60,0.04529175788427015,0.0001523358882480827,0.0005832287099200404,3.0810540802933613,0.10581787201545075,0.7047643829076575,1.0,0.1,0.7047643829076575,1.0,1.9290950330202203,4.962677517514661e-07,4.963247149719121e-07,3.979925994275785e-10
758,exact_spectrum,3,61,0.04469739503756086,-0.0004420269584612113,0.0003704725691258594,3.0802001642474313,0.10574359693171999,0.7048007099840242,1.0,0.1,0.7048007099840242,1.0,1.9230866290093362,4.962673094758354e-07,4.963242738944086e-07,3.0386986142329985e-10
759,exact_spectrum,3,62,0.04502599661934441,-0.00011342537667766162,0.00017639756700607858,3.0805019678161067,0.10578466736775194,0.7047878684792946,1.0,0.1,0.7047878684792946,1.0,1.4019981753766901,4.962671549397244e-07,4.963241194659061e-07,7.920513729669805e-11
760,exact_spectrum,3,63,0.04519280344010256,5.338144408049278e-05,0.00022530285521114534,3.080874307603196,0.10580550970278836,0.7047720291111552,1.0,0.1,0.7047720291111552,1.0,2.023378427794922,4.962676217395639e-07,4.963245835125462e-07,8.826014030095442e-10
761,exact_spectrum,3,64,0.04460182573476619,-0.0005375962612558793,0.000489844612647613,3.0800500869940977,0.10573164915911083,0.7048070965713581,1.0,0.1,0.7048070965713581,1.0,1.468881835444648,4.962675133963122e-07,4.963244788660356e-07,4.0045913013808305e-10
762,exact_spectrum,3,65,0.04453291653656625,-0.0006065054594558209,0.00039047348574368276,3.0800181671501154,0.10572303351086815,0.7048084550095747,1.0,0.1,0.7048084550095747,1.0,1.832266646042246,4.962679531523324e-07,4.963249144332032e-07,1.9360186873875084e-10
763,exact_spectrum,3,66,0.04506700996887606,-7.241202714600853e-05,0.00039946566479278516,3.0806218833404837,0.10578979232289576,0.7047827668524462,1.0,0.1,0.7047827668524462,1.0,2.0053506453270353,4.962678426254183e-07,4.963248011294683e-07,7.999900882579557e-11
764,exact_spectrum,3,67,0.04449643919649585,-0.0006429827995262163,0.0004079139804290506,3.079978464019098,0.10571847250124676,0.704810144725842,1.0,0.1,0.704810144725842,1.0,2.2905644123965083,4.962679454255269e-07,4.963249061526083e-07,8.532573891639841e-10
765,exact_spectrum,3,68,0.045064433029855175,-7.498896616689454e-05,0.00016216198370572261,3.0806959619465304,0.10578947032049306,0.7047796154832984,1.0,0.1,0.7047796154832984,1.0,1.8905728954884382,4.962682215748382e-07,4.963251835722234e-07,5.938457978937516e-10
766,exact_spectrum,3,69,0.04484658891141455,-0.00029283308460752167,0.00041121516204762796,3.080277482965174,0.10576224598076261,0.7047974198983695,1.0,0.1,0.7047974198983695,1.0,1.5780801402287752,4.962654199359306e-07,4.963223803454361e-07,3.735690437013133e-10
767,exact_spectrum,3,70,0.044736890250292725,-0.00040253174572934397,0.00023754077676169268,3.0802534704185622,0.10574853410436326,0.7047984416690039,1.0,0.1,0.7047984416690039,1.0,1.72376743385904,4.962681570728093e-07,4.963251199914269e-07,1.3739994073305863e-10
768,exact_spectrum,3,71,0.04458425814076994,-0.0005551638552521304,0.00036285599383286093,3.0799903382378067,0.10572945276705253,0.7048096393692703,1.0,0.1,0.7048096393692703,1.0,1.491563246374638,4.962699651453078e-07,4.963269300874877e-07,1.3753754296177092e-10
769,exact_spectrum,3,72,0.04537229731605016,0.0002328753200280878,0.0003004379002235573,3.081103205286188,0.10582793268690788,0.7047622936451241,1.0,0.1,0.7047622936451241,1.0,1.6095415855836435,4.962676432402403e-07,4.963246076509399e-07,3.4770777722405736e-10
770,exact_spectrum,3,73,0.04518185006371142,4.2428067689351256e-05,0.0002491554227898363,3.0808440859907,0.10580414121599489,0.7047733146013715,1.0,0.1,0.7047733146013715,1.0,2.0472357290968954,4.962695863638619e-07,4.963265485987727e-07,2.268349538908897e-10
771,exact_spectrum,3,74,0.045011920601999336,-0.0001275013940227332,0.0002918560808737174,3.0805811677819044,0.10578290839645216,0.7047844989914209,1.0,0.1,0.7047844989914209,1.0,1.5885465084733117,4.962676558382928e-07,4.963246213303251e-07,3.592768523146184e-10
772,exact_spectrum,3,75,0.04557868446958093,0.00043926247355886155,0.0006736006858826597,3.0813345458067563,0.10585370939986062,0.7047524557206184,1.0,0.1,0.7047524557206184,1.0,1.746319482131481,4.962681594244458e-07,4.963251216016156e-07,3.6605243140940126e-10
773,exact_spectrum,3,76,0.044785779672163566,-0.00035364232385850375,0.00026782863705068755,3.080239904183262,0.10575464529837114,0.7047990189399946,1.0,0.1,0.7047990189399946,1.0,1.7719341297158966,4.962684389332378e-07,4.963254010999093e-07,2.1230977202110852e-10
774,exact_spectrum,3,77,0.0454074541220579,0.000268032126035829,0.0004602766960475082,3.081194188118561,0.1058323240380316,0.7047584243610481,1.0,0.1,0.7047584243610481,1.0,1.5330052279281443,4.962695358036777e-07,4.963264998062529e-07,2.8728769578306e-10
775,exact_spectrum,3,78,0.04492271262431176,-0.0002167093717103108,0.00018609425628100923,3.0804749715269413,0.10577176008353063,0.7047890170497666,1.0,0.1,0.7047890170497666,1.0,1.7378338377489944,4.962695668788739e-07,4.963265286846636e-07,5.204234134182263e-10
776,exact_spectrum,3,79,0.04513280705471713,-6.614941304938782e-06,0.0002686745889126103,3.0808097145891895,0.10579801369099584,0.7047747766348147,1.0,0.1,0.7047747766348147,1.0,1.556632539040309,4.962679867471391e-07,4.963249472563793e-07,1.2998863241269604e-10
777,exact_spectrum,3,80,0.0454686873115273,0.0003292653155052283,0.0002619983629866569,3.08109604419016,0.10583997209175841,0.7047625981990606,1.0,0.1,0.7047625981990606,1.0,2.0006645924602555,4.962687258328874e-07,4.963256900624899e-07,5.897333421191373e-10
778,exact_spectrum,3,81,0.04501953317807699,-0.00011988881794507827,0.00018598273813372722,3.0806149322196617,0.10578385968498989,0.7047830625668706,1.0,0.1,0.7047830625668706,1.0,2.241736336841403,4.962691938085451e-07,4.963261607349183e-07,3.797668393629462e-10
779,exact_spectrum,3,82,0.04540498360244433,0.00026556160642226406,0.00048364695754331207,3.0810618096153277,0.1058320154573882,0.7047640541789498,1.0,0.1,0.7047640541789498,1.0,1.8123180349669425,4.962676907768918e-07,4.963246507940205e-07,3.920093118561389e-10
780,exact_spectrum,3,83,0.045160573450961104,2.1151454939034864e-05,0.0005802481545474774,3.0807226264964465,0.1058014829199042,0.7047784811862108,1.0,0.1,0.7047784811862108,1.0,1.426774304528904,4.962675883127313e-07,4.96324549464997e-07,3.845528237699059e-10
781,exact_spectrum,3,84,0.04505265650985555,-8.67654861665193e-05,0.0004980265724004496,3.0806646748559774,0.10578799876845006,0.7047809464455698,1.0,0.1,0.7047809464455698,1.0,1.867401645453206,4.962679366908771e-07,4.963248985189758e-07,2.0215197276798834e-10
782,exact_spectrum,3,85,0.045078877344526716,-6.0544651495353374e-05,0.0003508290747701945,3.0806545976931337,0.10579127520271737,0.7047813751367582,1.0,0.1,0.7047813751367582,1.0,1.454222899000518,4.962684980600976e-07,4.963254625705318e-07,3.077880447295902e-10
783,exact_spectrum,3,86,0.04499537072525767,-0.00014405127076439622,0.0002687024872928211,3.0805306077464207,0.10578084024861645,0.7047866500008636,1.0,0.1,0.7047866500008636,1.0,1.7843966060475644,4.962685177130596e-07,4.963254810581738e-07,5.81741400056241e-10
784,exact_spectrum,3,87,0.04524425589681247,0.00010483390079039923,0.00024229939108961265,3.080944912968024,0.10581193780411582,0.7047690259757362,1.0,0.1,0.7047690259757362,1.0,1.4415477276603246,4.962700995245348e-07,4.963270616216545e-07,4.097254439517855e-10
785,exact_spectrum,3,88,0.045484722162824114,0.00034530016680204417,0.0005903088678013942,3.081273650124961,0.10584197476080524,0.7047550452135611,1.0,0.1,0.7047550452135611,1.0,1.5453926048752349,4.962689411755985e-07,4.963259041913262e-07,2.546168459675789e-10
786,exact_spectrum,3,89,0.04469339064855875,-0.0004460313474633215,0.0002812731918536611,3.0801207172067255,0.10574309634274215,0.7048040908032369,1.0,0.1,0.7048040908032369,1.0,1.706012161880611,4.962685674333735e-07,4.963255297155271e-07,4.670279430753141e-10
787,exact_spectrum,3,90,0.04460012136828916,-0.0005393006277329068,0.0004425776775962066,3.080075325847324,0.10573143607233951,0.7048060224809192,1.0,0.1,0.7048060224809192,1.0,1.7148516690299733,4.962669170884927e-07,4.963238804099856e-07,2.599002959736484e-10
788,exact_spectrum,3,91,0.044965197372225936,-0.0001742246237961334,0.0003153207756859995,3.0804297739047963,0.10577706954518336,0.7047909400491155,1.0,0.1,0.7047909400491155,1.0,1.5533675373801406,4.962683579697535e-07,4.963253178005361e-07,4.700704462489181e-10
789,exact_spectrum,3,92,0.04571353248862129,0.000574110492599221,0.0006344820005701208,3.0814360109658847,0.10587054784641184,0.7047481412973382,1.0,0.1,0.7047481412973382,1.0,1.4993437197651922,4.962691971680258e-07,4.963261588806424e-07,2.134895428958234e-10
790,exact_spectrum,3,93,0.04529313038685079,0.000153708390828719,0.00020095826222638725,3.080969205701775,0.10581804347112729,0.7047679927374368,1.0,0.1,0.7047679927374368,1.0,1.4528338925877085,4.962683714076763e-07,4.963253356490895e-07,9.447638108624158e-11
791,exact_spectrum,3,94,0.04521787131201467,7.844931599260141e-05,0.0001677869581303699,3.080934015123741,0.10580864155189784,0.7047694894968963,1.0,0.1,0.7047694894968963,1.0,1.4090310496626297,4.962674505740236e-07,4.963244141606006e-07,3.136268536353139e-10
792,exact_spectrum,3,95,0.04488783970297349,-0.00025158229304857865,0.0001571588276101971,3.080498281502653,0.1057674016982336,0.7047880253141603,1.0,0.1,0.7047880253141603,1.0,2.0507069904015967,4.962668399884112e-07,4.963238039476805e-07,2.7238718118421744e-10
793,exact_spectrum,3,96,0.045565952403974784,0.00042653040795271463,0.0003988567240614607,3.0812365029324753,0.10585211941085187,0.7047566248886603,1.0,0.1,0.7047566248886603,1.0,1.9617352384293165,4.962679697817617e-07,4.963249335704325e-07,6.535686978587865e-10
794,exact_spectrum,3,97,0.045638196014096244,0.0004987740180741745,0.0005345268362291946,3.0813987875471507,0.10586114092531551,0.7047497240505189,1.0,0.1,0.7047497240505189,1.0,2.082058455999732,4.962671697214394e-07,4.963241314038731e-07,3.068406081893926e-10
795,exact_spectrum,3,98,0.04516078280139104,2.1360805368970948e-05,0.00025226217552114444,3.0807991618788315,0.10580150907643383,0.7047752255148502,1.0,0.1,0.7047752255148502,1.0,1.868442485232026,4.962671003481635e-07,4.963240645725167e-07,1.7382626475727175e-10
796,exact_spectrum,3,99,0.04493690022832672,-0.0002025217676953489,0.00017084344920495324,3.080392087776666,0.10577353318570051,0.7047925435031769,1.0,0.1,0.7047925435031769,1.0,1.4488967822390746,4.962675019740779e-07,4.963244649438752e-07,4.3512044075749844e-10
797,real,4,0,0.045096495659216376,-4.292633680569313e-05,0.00010388824639271094,3.0807141804024494,0.10579347664886553,0.7047788404768919,1.0,0.1,0.7047788404768919,1.0,1.697510035226546,4.962686653622352e-07,4.963256284514515e-07,1.9460240607034443e-10
798,iaaft,4,1,0.044913874503594166,-0.00022554749242790356,0.0002539509930500793,3.0803939150300494,0.10577065552040775,0.7047924657570557,1.0,0.1,0.7047924657570557,1.0,1.5700047318554602,4.962682675997235e-07,4.963252311534929e-07,1.629305503250225e-10
799,iaaft,4,2,0.04521741805753288,7.799606151080718e-05,0.00034360935597164884,3.0809043297014727,0.10580858492547093,0.7047707521318385,1.0,0.1,0.7047707521318385,1.0,1.2717942581915613,4.962686532681048e-07,4.963256154610221e-07,1.6887771823003312e-10
800,iaaft,4,3,0.044919649877188716,-0.0002197721188333529,0.0003506666319677556,3.0803394397862616,0.10577137731143552,0.7047947836128499,1.0,0.1,0.7047947836128499,1.0,2.033470044835298,4.962673256013425e-07,4.963242877142098e-07,5.848751131301311e-10
801,iaaft,4,4,0.044860315720565716,-0.00027910627545635336,0.0002513641924232568,3.080385335940336,0.10576396164967572,0.7047928307816259,1.0,0.1,0.7047928307816259,1.0,1.7298803307141213,4.96267227672481e-07,4.963241901541037e-07,3.5538272603946365e-10
802,iaaft,4,5,0.04490916708623613,-0.0002302549097859402,0.0002229784364409533,3.080466643046435,0.10577006719610274,0.70478937139307,1.0,0.1,0.70478937139307,1.0,1.5738010142448648,4.962675896565236e-07,4.963245529307737e-07,4.589262299814102e-10
803,iaaft,4,6,0.04536959278189317,0.00023017078587109913,0.0002342573709781726,3.081006361527215,0.1058275948625767,0.7047664124265527,1.0,0.1,0.7047664124265527,1.0,2.2743805808033057,4.962671320952557e-07,4.963240963301076e-07,6.166280110975134e-10
804,iaaft,4,7,0.04547590636863616,0.00033648437261409037,0.0003137258475767339,3.081025099669708,0.10584087371891732,0.7047656154703892,1.0,0.1,0.7047656154703892,1.0,2.104158099856727,4.962681322126523e-07,4.963250944974305e-07,8.897558055437758e-10
805,iaaft,4,8,0.04473580718758589,-0.00040361480843618264,0.00029732766947472377,3.080098749364333,0.10574839871716582,0.7048050256612183,1.0,0.1,0.7048050256612183,1.0,1.5461486873373071,4.962665310841633e-07,4.963234926209321e-07,2.0009002851434767e-10
806,iaaft,4,9,0.04523985438268541,0.00010043238666333776,0.00028853155020425257,3.0808969629316976,0.10581138792574826,0.7047710654725237,1.0,0.1,0.7047710654725237,1.0,1.8195601503030225,4.962680976100014e-07,4.963250596677521e-07,2.873754464680903e-10
807,iaaft,4,10,0.045132212679810144,-7.209316211925776e-06,0.00031663100932106155,3.080622451219576,0.10579793942650997,0.7047827426938045,1.0,0.1,0.7047827426938045,1.0,1.7901723509619796,4.96269482219961e-07,4.963264438000355e-07,2.1392459564304534e-10
808,iaaft,4,11,0.044881454197079895,-0.00025796779894217414,0.0002308754757009884,3.0804377566296397,0.1057666036241881,0.7047906004083182,1.0,0.1,0.7047906004083182,1.0,1.711605472719324,4.962663691571948e-07,4.963233296638103e-07,3.274116427089693e-10
809,iaaft,4,12,0.0451440198843912,4.597888369130276e-06,0.0002443849617925593,3.080806024330163,0.10579941467413864,0.7047749336068087,1.0,0.1,0.7047749336068087,1.0,1.8603327563826009,4.962668364609565e-07,4.963237993677636e-07,3.274786433516519e-10
810,iaaft,4,13,0.045450879941150636,0.0003114579451285668,0.00036397869397595525,3.0811577047328607,0.1058377479999412,0.7047599758860204,1.0,0.1,0.7047599758860204,1.0,1.5326931608527876,4.962695200141185e-07,4.963264804393717e-07,2.3235684828695146e-10
811,iaaft,4,14,0.044721846604404834,-0.00041757539161723506,0.0003821330772195091,3.0801532677463617,0.10574665357256303,0.7048027056146784,1.0,0.1,0.7048027056146784,1.0,1.5366308282937897,4.962679591993976e-07,4.963249228371541e-07,2.3366999054440544e-10
812,iaaft,4,15,0.04535186132466708,0.0002124393286450088,0.00022780951434406234,3.080883624619238,0.10582537999318481,0.7047716328125679,1.0,0.1,0.7047716328125679,1.0,1.787675112135948,4.962677596462456e-07,4.96324721017665e-07,4.1998687793449545e-10
813,iaaft,4,16,0.044945349818223776,-0.00019407217779829344,0.0002326513855986678,3.08046601770642,0.10577458916286255,0.704789397998845,1.0,0.1,0.704789397998845,1.0,2.1675601841255663,4.962668052177862e-07,4.963237660380408e-07,5.409897184189173e-10
814,iaaft,4,17,0.04494142342603444,-0.00019799856998763132,0.00021451425388198077,3.080558966133191,0.10577409846811255,0.7047854435225066,1.0,0.1,0.7047854435225066,1.0,2.155231400382906,4.962683714076763e-07,4.963253331635987e-07,3.545210769877777e-10
815,iaaft,4,18,0.04549032920890228,0.000350907212880211,0.0005790087602862733,3.081343111837152,0.10584267504258746,0.7047520914717161,1.0,0.1,0.7047520914717161,1.0,2.3066067149342,4.962681312048082e-07,4.963250933176754e-07,5.771674828667977e-10
816,iaaft,4,19,0.044759827881128395,-0.0003795941148936749,0.00030065219832327533,3.080385269016082,0.10575140135982972,0.7047928336291382,1.0,0.1,0.7047928336291382,1.0,2.256674552584003,4.96266559471775e-07,4.963235213681132e-07,2.5402572434631735e-10
817,iaaft,4,20,0.045415938661321605,0.00027651666529953517,0.0004576767498229451,3.0809991714486507,0.1058333837939004,0.7047667182319273,1.0,0.1,0.7047667182319273,1.0,1.3580572381403104,4.962691424084908e-07,4.963261069464831e-07,1.3947212090437646e-10
818,iaaft,4,21,0.044873439774136194,-0.00026598222188587567,0.00023133139442526842,3.080400613750279,0.10576560195611881,0.7047921807401518,1.0,0.1,0.7047921807401518,1.0,1.7735942902422535,4.962658853919779e-07,4.963228482974726e-07,2.2271066644527836e-10
819,iaaft,4,22,0.04526723482918702,0.00012781283316495168,0.00017086033438759376,3.080924328430061,0.10581480850115899,0.7047699015065353,1.0,0.1,0.7047699015065353,1.0,1.876608440273827,4.962665737495678e-07,4.963235363466727e-07,4.716155921420104e-10
820,iaaft,4,23,0.04511981780741658,-1.960418860549179e-05,0.00012040990180058328,3.080734943358177,0.10579639073077061,0.7047779572393527,1.0,0.1,0.7047779572393527,1.0,1.4394198642431535,4.962698631850694e-07,4.963268258189186e-07,1.2445140513687275e-10
821,iaaft,4,24,0.04473531797314738,-0.0004041040228746906,0.00031143338655671834,3.0801463621745606,0.10574833756333521,0.7048029994789616,1.0,0.1,0.7048029994789616,1.0,1.5372654740864493,4.962677989521695e-07,4.963247631988319e-07,5.446631740565181e-10
822,iaaft,4,25,0.04488684354343592,-0.0002525784525861524,0.00026590717564006875,3.0803269203716237,0.10576727719650204,0.7047953163101677,1.0,0.1,0.7047953163101677,1.0,1.8735940251781098,4.962694319957249e-07,4.963263944865338e-07,5.598508087707992e-10
823,iaaft,4,26,0.04543081634684257,0.000291394350820498,0.00033325209206969077,3.0810966306672767,0.10583524205593428,0.7047625732567491,1.0,0.1,0.7047625732567491,1.0,1.5059722055954508,4.962690169318877e-07,4.9632597927047e-07,3.69969249926668e-10
824,iaaft,4,27,0.04545607745375087,0.00031665545772879833,0.00040720585753971296,3.0811951748388533,0.10583839715986809,0.7047583823994017,1.0,0.1,0.7047583823994017,1.0,1.6090040751012784,4.962688891036481e-07,4.963258519697738e-07,2.1130556025752825e-10
825,iaaft,4,28,0.04493515133075805,-0.00020427066526401694,0.00036664760168925436,3.080424294484681,0.10577331461804924,0.7047911731828667,1.0,0.1,0.7047911731828667,1.0,1.6101858250565428,4.962667622164337e-07,4.963237242820582e-07,3.897064088511894e-10
826,iaaft,4,29,0.044905407143645056,-0.00023401485237701386,0.00027576088234414274,3.0805074024902326,0.105769597283089,0.7047876372607821,1.0,0.1,0.7047876372607821,1.0,1.5015582595612613,4.962666323725056e-07,4.96323599039044e-07,4.809725017009385e-10
827,iaaft,4,30,0.04548381534951392,0.00034439335349185224,0.0004122536391632209,3.0811988266052155,0.10584186150557733,0.7047582271032109,1.0,0.1,0.7047582271032109,1.0,1.9121618933259596,4.962664437376658e-07,4.963234046720903e-07,2.6135244199315816e-10
828,iaaft,4,31,0.04488603028549456,-0.00025339171052751047,0.00016018204926640707,3.0804524443490884,0.10576717555401775,0.7047899754947877,1.0,0.1,0.7047899754947877,1.0,2.1948567275296678,4.962689966070296e-07,4.963259595899498e-07,1.8189732783921831e-10
829,iaaft,4,32,0.044764314395489814,-0.0003751076005322554,0.00042063138661107695,3.0800707876563362,0.1057519621751301,0.7048062156115421,1.0,0.1,0.7048062156115421,1.0,1.5237399114743868,4.962679299719157e-07,4.963248952067379e-07,3.1952934044736656e-10
830,iaaft,4,33,0.04515105596750453,1.1633971482460925e-05,0.00040013034164567676,3.080749366478284,0.10580029378564758,0.7047773436996093,1.0,0.1,0.7047773436996093,1.0,2.305335406655917,4.962683042180628e-07,4.963252637732629e-07,3.5580192098806877e-10
831,iaaft,4,34,0.044819696097053434,-0.0003197258989686355,0.00030499002913750815,3.0803096098029394,0.10575888465530647,0.7047960528766357,1.0,0.1,0.7047960528766357,1.0,2.2472337015044896,4.962684920130324e-07,4.963254546062004e-07,5.597932881626422e-10
832,iaaft,4,35,0.04543015547226336,0.0002907334762412908,0.0003335058223332277,3.081282437435164,0.10583515951165443,0.7047546715408445,1.0,0.1,0.7047546715408445,1.0,1.6302842494741585,4.962697595450906e-07,4.963267246185001e-07,2.68790274463276e-10
833,iaaft,4,36,0.045102063930424596,-3.735806559747312e-05,0.00017345823903395583,3.080568141676444,0.10579417240674992,0.7047850531631303,1.0,0.1,0.7047850531631303,1.0,1.3695802668923762,4.962679697817617e-07,4.963249323670559e-07,2.4363321812545424e-10
834,iaaft,4,37,0.04469199838996864,-0.000447423606053432,0.0002634960090542603,3.080267494128842,0.10574292229583326,0.7047978449367572,1.0,0.1,0.7047978449367572,1.0,2.0247737679468907,4.96269397393074e-07,4.963263608864778e-07,2.0201160421690894e-10
835,iaaft,4,38,0.04518487968658691,4.545769056484017e-05,0.00043129778846779,3.080963609407508,0.10580451973108855,0.7047682307621583,1.0,0.1,0.7047682307621583,1.0,1.5527360399700854,4.96266400400365e-07,4.963233696403181e-07,2.33269655930269e-10
836,iaaft,4,39,0.04508985373425804,-4.9568261764026955e-05,0.0002963327205743275,3.0806980373013944,0.1057926467314987,0.7047795271980133,1.0,0.1,0.7047795271980133,1.0,1.718847282071408,4.962662814747493e-07,4.963232474260856e-07,4.876351707499596e-10
837,iaaft,4,40,0.045364432049018875,0.00022501005299680604,0.0003307708661455493,3.0809524943287796,0.1058269502305909,0.7047687035174237,1.0,0.1,0.7047687035174237,1.0,1.7657736246826956,4.962696438109813e-07,4.963266045485613e-07,5.382924911207238e-10
838,iaaft,4,41,0.045215480714485716,7.605871846364659e-05,0.0001949269444144284,3.0807175256107864,0.10580834288711566,0.7047786981739371,1.0,0.1,0.7047786981739371,1.0,1.5232902981334115,4.962663117100753e-07,4.963232741273955e-07,4.2096671246643847e-10
839,iaaft,4,42,0.04533192813037012,0.00019250613434804859,0.0002866675038996831,3.081082765267891,0.10582289004536022,0.7047631629414302,1.0,0.1,0.7047631629414302,1.0,1.6182365996194552,4.962678941934466e-07,4.963248559769272e-07,3.6845713717713575e-10
840,iaaft,4,43,0.045310377721521175,0.00017095572549910565,0.0003500347314270737,3.081097098007176,0.10582019801784791,0.7047625533812363,1.0,0.1,0.7047625533812363,1.0,1.9711786410287029,4.962697351888557e-07,4.963266979618084e-07,1.7603100268710304e-10
841,iaaft,4,44,0.04520239468180812,6.297268578604742e-05,0.00016258354228710305,3.080859172634867,0.10580670799342778,0.7047726728809193,1.0,0.1,0.7047726728809193,1.0,1.541039709101526,4.962673736419162e-07,4.963243393216071e-07,5.187002045510598e-10
842,iaaft,4,45,0.0451129995854906,-2.64224105314681e-05,0.00013311351080968285,3.0806322035755955,0.10579553880824065,0.7047823278116502,1.0,0.1,0.7047823278116502,1.0,1.714442017074521,4.962680976100014e-07,4.963250626072977e-07,4.577442334507491e-10
843,iaaft,4,46,0.04524221092573887,0.00010278892971680303,0.00024136558331567357,3.080858614896552,0.10581168232753235,0.7047726966045802,1.0,0.1,0.7047726966045802,1.0,1.520888825170141,4.962669508512735e-07,4.9632391534596e-07,3.8335220311826096e-10
844,iaaft,4,47,0.04464297196304483,-0.0004964500329772414,0.00033375564272316026,3.0801134030232182,0.10573679329620714,0.7048044020623413,1.0,0.1,0.7048044020623413,1.0,2.018253022357148,4.962675772264451e-07,4.963245401437505e-07,3.61751755480864e-10
845,iaaft,4,48,0.044719608335049746,-0.00041981366097232353,0.0004109348177519158,3.0801040373845634,0.10574637377471842,0.7048048006243637,1.0,0.1,0.7048048006243637,1.0,1.9302718937099235,4.962669350617143e-07,4.963238977060619e-07,1.7243292014792584e-10
846,iaaft,4,49,0.045100446209480366,-3.8975786541703417e-05,0.00021743289029941155,3.0805962866402608,0.10579397027229313,0.7047838557931457,1.0,0.1,0.7047838557931457,1.0,2.296163544290579,4.962682422356444e-07,4.963252039049551e-07,2.0108710663068523e-10
847,iaaft,4,50,0.04516671076238974,2.7288766367671025e-05,0.00038045011224018194,3.0807380574069305,0.10580224972132156,0.7047778247715142,1.0,0.1,0.7047778247715142,1.0,1.6586857636886516,4.962680787969096e-07,4.963250357380139e-07,5.200781165460617e-10
848,iaaft,4,51,0.0453928727511428,0.0002534507551207321,0.0002412121198363608,3.0809765138346337,0.10583050273657288,0.7047676819051136,1.0,0.1,0.7047676819051136,1.0,1.8637001887225504,4.962673017490298e-07,4.963242655272021e-07,8.73646439565638e-11
849,iaaft,4,52,0.04514817764588315,8.755649861080794e-06,0.00023028565624271213,3.080686177966683,0.10579993415950177,0.7047800316939059,1.0,0.1,0.7047800316939059,1.0,1.5455231015760829,4.962687459897714e-07,4.963257076472715e-07,4.199429789706318e-10
850,iaaft,4,53,0.04529835248231084,0.00015893048628876777,0.0005463633952823253,3.080936042869087,0.10581869582285146,0.7047694032499742,1.0,0.1,0.7047694032499742,1.0,1.7127634481766485,4.962682534899046e-07,4.963252157864935e-07,3.6007884433840646e-10
851,iaaft,4,54,0.04529477684856741,0.00015535485254534326,0.00021753838760064196,3.0807534896645086,0.10581824914994238,0.7047771683059584,1.0,0.1,0.7047771683059584,1.0,1.4930239083171502,4.96267362387656e-07,4.963243228640886e-07,4.98642829377277e-10
852,iaaft,4,55,0.045240246755455994,0.00010082475943392483,0.00024925452901984174,3.0809803998590297,0.10581143694474558,0.7047675166238149,1.0,0.1,0.7047675166238149,1.0,1.721873609593511,4.962674932394282e-07,4.963244574047281e-07,2.8298788072144536e-10
853,iaaft,4,56,0.0453089884973803,0.0001695665013582287,0.00020906611813568433,3.0810019510579196,0.10582002447681346,0.7047666000105979,1.0,0.1,0.7047666000105979,1.0,1.8888480596448853,4.962682274539294e-07,4.963251901035262e-07,5.796764690143139e-10
854,iaaft,4,57,0.0452402320355742,0.00010081003955213219,0.0002165314754588422,3.0808173122348896,0.10581143510579616,0.7047744534560609,1.0,0.1,0.7047744534560609,1.0,1.70776757469558,4.962683880371056e-07,4.963253523047648e-07,2.1628112435824603e-10
855,iaaft,4,58,0.0448747217272241,-0.00026470026879796965,0.00028502040465877023,3.080306848330894,0.10576576217933033,0.7047961703783041,1.0,0.1,0.7047961703783041,1.0,1.672854481080798,4.962679800281778e-07,4.963249415911925e-07,1.3798735117801362e-10
856,iaaft,4,59,0.044659647875731845,-0.0004797741202902245,0.0003386539549170287,3.080116238780305,0.10573887806198805,0.7048042813849659,1.0,0.1,0.7048042813849659,1.0,1.6292136449990395,4.962684624496025e-07,4.963254277841592e-07,3.5017456514480097e-10
857,iaaft,4,60,0.04535355217736896,0.00021413018134688877,0.00017487020776024668,3.081033144844937,0.10582559120274876,0.7047652733021423,1.0,0.1,0.7047652733021423,1.0,1.3046633841304056,4.96265846422002e-07,4.963228065742974e-07,2.3973609981282463e-10
858,iaaft,4,61,0.04531179043083869,0.00017236843481661934,0.0003560788692949112,3.0810161990753033,0.1058203744923445,0.7047659940223923,1.0,0.1,0.7047659940223923,1.0,2.2203394147829276,4.962694450976996e-07,4.963264062748989e-07,3.0147501888085526e-10
859,iaaft,4,62,0.04522799210245887,8.857010643679997e-05,0.00020431403339882354,3.0808942864325792,0.10580990596437638,0.704771179316009,1.0,0.1,0.704771179316009,1.0,1.4879430387185146,4.962677519194401e-07,4.963247161031122e-07,1.9921896241839873e-10
860,iaaft,4,63,0.04464073100149515,-0.0004986909945269222,0.00030175971144075176,3.080098986480946,0.10573651313569725,0.7048050155704735,1.0,0.1,0.7048050155704735,1.0,1.803400396078819,4.962674404955816e-07,4.96324403174049e-07,3.634589910672656e-10
861,iaaft,4,64,0.04567777751778663,0.0005383555217645594,0.0003858269971937965,3.081412637262318,0.10586608339090813,0.7047491351512608,1.0,0.1,0.7047491351512608,1.0,1.8600665932842817,4.962678873065113e-07,4.963248492828995e-07,2.0088085026489624e-10
862,iaaft,4,65,0.045333087029789006,0.00019366503376693628,0.00027734673372153913,3.0809478777644155,0.10582303481047005,0.7047688998737505,1.0,0.1,0.7047688998737505,1.0,1.3634905161018476,4.962675847852766e-07,4.963245502799335e-07,2.734246203113343e-10
863,iaaft,4,66,0.045207917805985834,6.849580996376448e-05,0.00047523593382851095,3.080854857800879,0.10580739802388972,0.7047728564146263,1.0,0.1,0.7047728564146263,1.0,1.9009741821107122,4.962666335483238e-07,4.96323597246446e-07,2.1798357268468787e-10
864,iaaft,4,67,0.04496769485629682,-0.00017172713972524872,0.00039747462396854847,3.0805506734010115,0.10577738165586288,0.7047857963260039,1.0,0.1,0.7047857963260039,1.0,1.8365573553060057,4.962665606475933e-07,4.963235214875323e-07,5.772371763432077e-10
865,iaaft,4,68,0.04558175569386213,0.00044233369784005966,0.0007096555864485055,3.0814232355092726,0.10585409293286152,0.7047486845101345,1.0,0.1,0.7047486845101345,1.0,1.849843922369713,4.962695725899911e-07,4.963265369416372e-07,9.676730544291454e-11
866,iaaft,4,69,0.04491377394621304,-0.00022564804980902686,0.00024798155208099755,3.080428484837295,0.10577064295296665,0.7047909948952005,1.0,0.1,0.7047909948952005,1.0,1.707706406073711,4.962689556213654e-07,4.963259170623366e-07,2.4296929550815964e-10
867,iaaft,4,70,0.04550782304885378,0.0003684010528317086,0.0003217120017175465,3.081264637807551,0.10584485987400906,0.7047554284566829,1.0,0.1,0.7047554284566829,1.0,1.8132782331104842,4.962667917798636e-07,4.963237519951491e-07,5.258919918061615e-10
868,iaaft,4,71,0.04502809195529478,-0.00011133004072728936,0.00024625653672020244,3.080792993593288,0.10578492920322048,0.7047754878962543,1.0,0.1,0.7047754878962543,1.0,2.366738223349798,4.96266609360063e-07,4.963235701527593e-07,9.642115085334045e-10
869,iaaft,4,72,0.0450477168313392,-9.170516468286899e-05,0.0003644926943193415,3.080514609722496,0.10578738151770223,0.7047873306299183,1.0,0.1,0.7047873306299183,1.0,1.591018757077045,4.962694827238831e-07,4.96326448377328e-07,5.189091537505761e-10
870,iaaft,4,73,0.045256439940550675,0.00011701794452860514,0.00023464873902909598,3.0808937251046666,0.10581345993406727,0.7047712031918217,1.0,0.1,0.7047712031918217,1.0,2.1535879068863557,4.962692431929111e-07,4.963262032139766e-07,2.082318664055461e-10
871,iaaft,4,74,0.04496539919414023,-0.00017402280188184155,0.0003753162255013915,3.0806558157457657,0.10577709476690988,0.7047813233196039,1.0,0.1,0.7047813233196039,1.0,1.6120656367937278,4.962674099243075e-07,4.963243749281654e-07,4.050469261820588e-10
872,iaaft,4,75,0.044931626892251726,-0.00020779510377034321,0.0002565089560334453,3.0804835328860056,0.10577287415163202,0.7047886528003755,1.0,0.1,0.7047886528003755,1.0,1.8578685242728452,4.962682798618279e-07,4.963252401650374e-07,6.034369262458873e-10
873,iaaft,4,76,0.045454065968220256,0.0003146439721981864,0.0003880952334237236,3.0812596054423667,0.10583814592943429,0.7047556424557988,1.0,0.1,0.7047556424557988,1.0,2.077193937368033,4.962674878642591e-07,4.963244495361945e-07,9.677037989264968e-10
874,iaaft,4,77,0.0451515999778701,1.2177981848028596e-05,0.00019899181454275994,3.0808478038873193,0.10580036175579874,0.7047731564575921,1.0,0.1,0.7047731564575921,1.0,1.560988190577637,4.96266988309483e-07,4.963239502517516e-07,3.080039805990698e-10
875,iaaft,4,78,0.04495582302877551,-0.00018359896724656072,0.00018078690709341316,3.0806117383792464,0.10577589802490922,0.7047831984395957,1.0,0.1,0.7047831984395957,1.0,1.9577625146180855,4.962679345072147e-07,4.963248932737242e-07,5.67779408875434e-10
876,iaaft,4,79,0.04584631622644617,0.000706894230424103,0.0005331855018019026,3.081701743560579,0.10588712591003806,0.704736843340137,1.0,0.1,0.704736843340137,1.0,1.9264049518744293,4.962685504679961e-07,4.963255115743316e-07,4.531305956515299e-10
877,iaaft,4,80,0.04464917849927511,-0.0004902434967469574,0.00033208744974792934,3.0802154876494323,0.10573756922102012,0.7048000579258812,1.0,0.1,0.7048000579258812,1.0,1.588665733138033,4.96267936018981e-07,4.963249006134021e-07,2.6756085151404406e-10
878,iaaft,4,81,0.04512666557657626,-1.2756419445807132e-05,0.00024742732170094647,3.0806180805122705,0.10579724633826076,0.7047829286321158,1.0,0.1,0.7047829286321158,1.0,1.3704162304699103,4.962702893351928e-07,4.963272482014369e-07,3.0006597919773775e-10
879,iaaft,4,82,0.0455311100132359,0.00039168801721382873,0.0006599486283509198,3.081366025759433,0.1058477681472963,0.7047511171245454,1.0,0.1,0.7047511171245454,1.0,1.2728124213153833,4.962675422878461e-07,4.963245051132906e-07,1.698070345713479e-10
880,iaaft,4,83,0.04540797957681733,0.0002685575807952617,0.0001937263752592157,3.080961966376615,0.10583238966992546,0.7047683006446293,1.0,0.1,0.7047683006446293,1.0,2.228514881438127,4.962680043844127e-07,4.963249633359561e-07,1.0509588479162074e-09
881,iaaft,4,84,0.04531572526910712,0.00017630327308505028,0.00019409008059744105,3.0808175811364578,0.1058208660275826,0.704774442017905,1.0,0.1,0.704774442017905,1.0,1.861287701545599,4.962683710717282e-07,4.963253343328555e-07,6.618540013223102e-10
882,iaaft,4,85,0.045163751345777936,2.4329349755866647e-05,0.0001211896251738104,3.080743825339268,0.10580187996974208,0.7047775794113956,1.0,0.1,0.7047775794113956,1.0,2.094832340674291,4.962680050563088e-07,4.963249658004501e-07,5.683228941105827e-10
883,iaaft,4,86,0.04538531710307595,0.00024589510705388257,0.00019869117015042072,3.0809235453248482,0.10582955897808154,0.7047699348149046,1.0,0.1,0.7047699348149046,1.0,1.6588138435298978,4.962683445318309e-07,4.963253070147659e-07,4.327838432112311e-10
884,iaaft,4,87,0.0456111401254139,0.0004717181293918335,0.00044834828023916445,3.0813014169024764,0.10585776237619485,0.7047538644626465,1.0,0.1,0.7047538644626465,1.0,1.8326916003318618,4.962673481098631e-07,4.963243106466023e-07,4.1679365480998685e-10
885,iaaft,4,88,0.04455943329244582,-0.0005799887035762494,0.00046733739191538834,3.079925136664848,0.10572634895748094,0.7048124143394219,1.0,0.1,0.7048124143394219,1.0,1.3567089118730329,4.962679014163301e-07,4.96324864508171e-07,3.4306897481491805e-10
886,iaaft,4,89,0.04493650732783615,-0.00020291466818592174,0.00019501094548808536,3.0804965515824723,0.10577348408318579,0.7047880989140509,1.0,0.1,0.7047880989140509,1.0,1.8242817210035929,4.962685131777607e-07,4.96325475626576e-07,6.98292314493177e-10
887,iaaft,4,90,0.045233681843826076,9.425984780400687e-05,0.00019939853673964952,3.0808899048591276,0.10581061678957078,0.7047713656843546,1.0,0.1,0.7047713656843546,1.0,1.534557312665505,4.962684019789503e-07,4.963253641574325e-07,3.6875251951535576e-10
888,iaaft,4,91,0.044782599555932556,-0.00035682244008951314,0.00025102971881950435,3.0802476045065514,0.10575424779352216,0.7047986912749165,1.0,0.1,0.7047986912749165,1.0,1.6266846875145395,4.962673380314211e-07,4.963242998175263e-07,2.8301903990469234e-10
889,iaaft,4,92,0.04525180271087276,0.00011238071485068779,0.00028882142348607783,3.0809957424598107,0.10581288061615853,0.70476686407272,1.0,0.1,0.70476686407272,1.0,1.739068791518744,4.962675995669915e-07,4.963245628097466e-07,2.557769848771078e-10
890,iaaft,4,93,0.044809101236531555,-0.00033032075949051415,0.00027124451659036263,3.080396197868713,0.10575756037727414,0.7047923686267831,1.0,0.1,0.7047923686267831,1.0,1.8648304554300914,4.96267307460147e-07,4.963242729876114e-07,2.1352937373855894e-10
891,iaaft,4,94,0.04532964208351964,0.00019022008749756958,0.0003383756765495004,3.080817544706337,0.10582260448089204,0.7047744435675181,1.0,0.1,0.7047744435675181,1.0,2.254977538521097,4.962666943549241e-07,4.963236588574843e-07,7.605476959736886e-10
892,iaaft,4,95,0.04489640247140491,-0.0002430195246171593,0.00024465049766743765,3.080521624660202,0.10576847188170882,0.7047870321815546,1.0,0.1,0.7047870321815546,1.0,1.9131430066032447,4.962678392659376e-07,4.963248048747644e-07,6.002112053950508e-10
893,iaaft,4,96,0.04500834689236336,-0.00013107510365870795,0.00016651478652236442,3.080527356753095,0.10578246181287237,0.7047867883124171,1.0,0.1,0.7047867883124171,1.0,1.5592420980351172,4.962677253795427e-07,4.963246903059751e-07,3.7607471761085295e-10
894,iaaft,4,97,0.04541326538447603,0.0002738433884539593,0.000575451482889357,3.0811282689144823,0.10583304989113645,0.7047612277261093,1.0,0.1,0.7047612277261093,1.0,1.9111406704175138,4.962688494617761e-07,4.96325814090317e-07,2.2052298312905377e-10
895,iaaft,4,98,0.045391530455245875,0.0002521084592238057,0.00022601682599403974,3.0810816690197673,0.10583033507411767,0.7047632095642344,1.0,0.1,0.7047632095642344,1.0,1.3606958012351615,4.962671824874659e-07,4.963241435373725e-07,2.967323035351329e-10
896,iaaft,4,99,0.045065122713996514,-7.429928202555558e-05,0.00028568399406803704,3.080754782661914,0.10578955650033525,0.7047771133040417,1.0,0.1,0.7047771133040417,1.0,1.6470675903567285,4.962661259307941e-07,4.963230908021099e-07,2.0519064928313754e-10
897,exact_spectrum,4,1,0.04496084457464076,-0.000178577421381311,0.0002074160069683336,3.080456327794934,0.105776525573702,0.7047898102680809,1.0,0.1,0.7047898102680809,1.0,1.5873515472294608,4.962682380362936e-07,4.963252013761586e-07,1.5504252644789769e-10
898,exact_spectrum,4,2,0.04522722575879425,8.78037627721831e-05,0.000288313829410751,3.0809032878333475,0.10580981022391554,0.7047707964469216,1.0,0.1,0.7047707964469216,1.0,1.2548642007410473,4.962686507484942e-07,4.96325613349536e-07,1.6840560096244277e-10
899,exact_spectrum,4,3,0.044948953893395344,-0.00019046810262672575,0.00030277088062015433,3.080378321869223,0.10577503957454139,0.7047931292189986,1.0,0.1,0.7047931292189986,1.0,2.019903218247995,4.962673363516808e-07,4.963242998700182e-07,5.826291585717865e-10
900,exact_spectrum,4,4,0.044803971339813675,-0.0003354506562083942,0.0002674417109262863,3.080309577300152,0.10575691917273494,0.7047960542596403,1.0,0.1,0.7047960542596403,1.0,1.7398446771420717,4.962672488372092e-07,4.963242094632438e-07,3.5688421968055437e-10
901,exact_spectrum,4,5,0.04496630184275111,-0.00017312015327095726,0.00021082207959614198,3.0805357472931254,0.10577720757102056,0.7047864313425275,1.0,0.1,0.7047864313425275,1.0,1.5709963986870692,4.962675698355875e-07,4.963245322830905e-07,4.5881580805102214e-10
902,exact_spectrum,4,6,0.04531551045897055,0.00017608846294848296,0.00020604611975652296,3.0809367605766247,0.10582083919381903,0.7047693727234525,1.0,0.1,0.7047693727234525,1.0,2.275554019875092,4.96267138478269e-07,4.963240993182081e-07,6.129116538418738e-10
903,exact_spectrum,4,7,0.04539010022601451,0.000250678229992439,0.0002657929538772915,3.0809362444621824,0.1058301564278614,0.7047693946755387,1.0,0.1,0.7047693946755387,1.0,2.0246838802266156,4.96268105504781e-07,4.963250712369637e-07,8.190476294914109e-10
904,exact_spectrum,4,8,0.04477189011789558,-0.00036753187812649246,0.0002706908346888189,3.0801554363646386,0.10575290913537742,0.7048026133301241,1.0,0.1,0.7048026133301241,1.0,1.5816175911025003,4.96266554600528e-07,4.963235152029412e-07,1.9809289599176333e-10
905,exact_spectrum,4,9,0.045204153940154014,6.473194413194466e-05,0.00024244292407629595,3.0808350879876354,0.1058069277865209,0.7047736973403536,1.0,0.1,0.7047736973403536,1.0,1.8166303070906404,4.962681181028335e-07,4.963250807222475e-07,2.880191912045895e-10
906,exact_spectrum,4,10,0.045090965768445415,-4.845622757665424e-05,0.00023905373332536308,3.080567085788535,0.10579278568210478,0.7047850980841415,1.0,0.1,0.7047850980841415,1.0,1.7841890938003249,4.962694719735449e-07,4.963264343580576e-07,2.1903198261587925e-10
907,exact_spectrum,4,11,0.04493970542868311,-0.00019971656733895615,0.00018941978111694337,3.080512598006992,0.10577388376335278,0.7047874162179805,1.0,0.1,0.7047874162179805,1.0,1.771654955853087,4.962663305231671e-07,4.963232919313307e-07,3.395732672000781e-10
908,exact_spectrum,4,12,0.045175253065914155,3.583106989208523e-05,0.00030369338881047444,3.0808700769409567,0.10580331699544517,0.7047722090628358,1.0,0.1,0.7047722090628358,1.0,1.832843555615972,4.96266878454465e-07,4.96323841648665e-07,3.42488671771263e-10
909,exact_spectrum,4,13,0.04540583984077726,0.00026641784475518737,0.00031618792031156117,3.0811153876811423,0.10583212240607459,0.7047617755437752,1.0,0.1,0.7047617755437752,1.0,1.5141303919951417,4.962695401710026e-07,4.963265050423184e-07,2.3139008423450393e-10
910,exact_spectrum,4,14,0.04484580270970018,-0.0002936192863218917,0.00029780966748165,3.080310300577981,0.1057621477151429,0.7047960234839317,1.0,0.1,0.7047960234839317,1.0,1.551149407929323,4.962679911144641e-07,4.96324956573689e-07,2.383136484529557e-10
911,exact_spectrum,4,15,0.045312431220705746,0.0001730092246836762,0.00017464726657454352,3.080858780576413,0.1058204545391954,0.7047726895573087,1.0,0.1,0.7047726895573087,1.0,1.801299906978256,4.96267741840998e-07,4.963247028580972e-07,4.0789638519746004e-10
912,exact_spectrum,4,16,0.044980074409765994,-0.0001593475862560756,0.00021455425026636207,3.080512045473318,0.10577892871553596,0.7047874397254421,1.0,0.1,0.7047874397254421,1.0,2.161360605791668,4.962667702791872e-07,4.963237325770884e-07,5.204517222920893e-10
913,exact_spectrum,4,17,0.04498774837425205,-0.00015167362177002236,0.00020844358286368627,3.080603335116364,0.10577988771138228,0.7047835559334873,1.0,0.1,0.7047835559334873,1.0,2.16413550021295,4.962682815415682e-07,4.96325242826376e-07,3.5324942431664176e-10
914,exact_spectrum,4,18,0.04541944874344699,0.00028002674742492323,0.0004951361621964987,3.0812160370489545,0.10583382221532647,0.7047574952112016,1.0,0.1,0.7047574952112016,1.0,2.363259048925105,4.962681023132743e-07,4.963250649786187e-07,6.139235294207405e-10
915,exact_spectrum,4,19,0.04480040508526853,-0.00033901691075353957,0.00026961435377878393,3.080412481892377,0.10575647341125485,0.7047916757778577,1.0,0.1,0.7047916757778577,1.0,2.2039586734645122,4.962665809724513e-07,4.963235425945194e-07,2.5987814439795737e-10
916,exact_spectrum,4,20,0.04533998887794241,0.00020056688192034156,0.00035161552765426994,3.08091671968612,0.10582389695781098,0.7047702251353394,1.0,0.1,0.7047702251353394,1.0,1.3447168435105994,4.962691301463864e-07,4.963260919088703e-07,1.4569791573774783e-10
917,exact_spectrum,4,21,0.04493158554257963,-0.00020783645344243928,0.0001696861662154132,3.0804667880114853,0.1057728689839492,0.7047893652253749,1.0,0.1,0.7047893652253749,1.0,1.805849078960036,4.962659196586807e-07,4.963228878802912e-07,2.0262196411421497e-10
918,exact_spectrum,4,22,0.04527184088098081,0.00013241888495874043,0.00017050059476101049,3.0809291384876385,0.10581538391361671,0.7047696969173095,1.0,0.1,0.7047696969173095,1.0,1.9278313345667584,4.962664855632001e-07,4.963234484988777e-07,5.002114128972559e-10
919,exact_spectrum,4,23,0.04512142482067798,-1.7997175344092176e-05,0.00012038306799099057,3.080732966126864,0.10579659152270829,0.7047780413484991,1.0,0.1,0.7047780413484991,1.0,1.434274488437737,4.962698321098732e-07,4.963267947922774e-07,1.216295621024456e-10
920,exact_spectrum,4,24,0.04484984717681783,-0.00028957481920423994,0.00023702263781686604,3.0803051890328015,0.10576265322320186,0.7047962409821578,1.0,0.1,0.7047962409821578,1.0,1.531686739142933,4.962678068469491e-07,4.963247691409133e-07,5.395816498356819e-10
921,exact_spectrum,4,25,0.044946100094825206,-0.00019332190119686343,0.0002070850189113252,3.0804156384992254,0.10577468292725348,0.7047915414721,1.0,0.1,0.7047915414721,1.0,1.8500576881188178,4.962694345153354e-07,4.963263967778046e-07,5.448231903203492e-10
922,exact_spectrum,4,26,0.045382945544677054,0.000243523548654985,0.00027074275829166295,3.081041039452871,0.10582926275048213,0.7047649375393549,1.0,0.1,0.7047649375393549,1.0,1.5249176915281362,4.962690426319148e-07,4.963260077407565e-07,3.8070932591833893e-10
923,exact_spectrum,4,27,0.045459144977140466,0.0003197229811183963,0.0004010445768176458,3.0812006540429917,0.1058387802861251,0.7047581493891397,1.0,0.1,0.7047581493891397,1.0,1.6113252301160619,4.962689153075973e-07,4.96325876812871e-07,2.1451395353695327e-10
924,exact_spectrum,4,28,0.04497596461898895,-0.0001634573770331188,0.0003039012970773674,3.0804693411314297,0.10577841512184841,0.7047892566002141,1.0,0.1,0.7047892566002141,1.0,1.6002742446408849,4.962666914993654e-07,4.963236519902334e-07,3.8355919961963585e-10
925,exact_spectrum,4,29,0.044931839245011825,-0.00020758275101024487,0.00024294096437834164,3.0805290253128748,0.10577290069045296,0.7047867173245103,1.0,0.1,0.7047867173245103,1.0,1.5130536360908602,4.962666768856246e-07,4.96323641609963e-07,4.917050346086598e-10
926,exact_spectrum,4,30,0.0454766587847604,0.0003372367887383293,0.0004095946779384136,3.081218567080787,0.10584096769180207,0.7047573876196436,1.0,0.1,0.7047573876196436,1.0,1.965574940489495,4.962664104788071e-07,4.963233712190116e-07,2.7850277455312e-10
927,exact_spectrum,4,31,0.04494317640539707,-0.00019624559062499797,0.00013664619074886772,3.0805124052460116,0.10577431754426007,0.7047874244189662,1.0,0.1,0.7047874244189662,1.0,2.2017806041528076,4.962690254985634e-07,4.963259897872194e-07,1.8643011238716505e-10
928,exact_spectrum,4,32,0.04477894352467316,-0.0003604784713489087,0.00039986015595939745,3.0801057405881322,0.10575379079889698,0.7048047281430372,1.0,0.1,0.7048047281430372,1.0,1.517924076943725,4.962679103189538e-07,4.963248761613696e-07,3.14895372540884e-10
929,exact_spectrum,4,33,0.04514150557724237,2.0835812203010007e-06,0.00034709554280706173,3.0807572427196055,0.10579910052651123,0.7047770086574848,1.0,0.1,0.7047770086574848,1.0,2.2994610931104766,4.962682712951521e-07,4.963252358383937e-07,3.5564978375625493e-10
930,exact_spectrum,4,34,0.04492062696429882,-0.00021879503172324982,0.00019587000098934273,3.0804558426076607,0.10577149942472991,0.7047898309110388,1.0,0.1,0.7047898309110388,1.0,2.2223202387072245,4.962684940287208e-07,4.96325458561464e-07,5.762173010009872e-10
931,exact_spectrum,4,35,0.04538444441421511,0.0002450224181930402,0.0003100020221901306,3.081199075226544,0.10582944997199603,0.7047582165302734,1.0,0.1,0.7047582165302734,1.0,1.6838830345111133,4.962697491307004e-07,4.963267137290586e-07,2.655110538827136e-10
932,exact_spectrum,4,36,0.04511287967372592,-2.65423222961525e-05,0.00016709694187301525,3.0805910052155014,0.10579552382545575,0.7047840804789378,1.0,0.1,0.7047840804789378,1.0,1.3999583595976755,4.96268001192906e-07,4.963249635354252e-07,2.6071777310366603e-10
933,exact_spectrum,4,37,0.04481199868065892,-0.00032742331536315256,0.0002351469879773856,3.0804363847324834,0.10575792253768704,0.70479065877827,1.0,0.1,0.70479065877827,1.0,2.064224870380884,4.962693547276694e-07,4.96326313865559e-07,2.072550659045864e-10
934,exact_spectrum,4,38,0.04516106006697712,2.163807095505177e-05,0.0003979199477720737,3.0809088047907958,0.10580154371836621,0.7047705617875878,1.0,0.1,0.7047705617875878,1.0,1.5380835531662862,4.962664474330946e-07,4.963234099120927e-07,2.3152169188988943e-10
935,exact_spectrum,4,39,0.04503435369146604,-0.00010506830455602606,0.0002519782518634718,3.0806344835359525,0.10578571167274824,0.7047822308185501,1.0,0.1,0.7047822308185501,1.0,1.7274428798198276,4.962663137257638e-07,4.963232753701409e-07,4.922698630444623e-10
936,exact_spectrum,4,40,0.04532249315822433,0.0001830711622022585,0.0002823138253864807,3.0809017133885868,0.10582171145876605,0.7047708634148104,1.0,0.1,0.7047708634148104,1.0,1.8038993916360928,4.962696285253443e-07,4.963265914400251e-07,5.639152292209706e-10
937,exact_spectrum,4,41,0.045214539781565755,7.51177855436852e-05,0.00016440442331455877,3.0807034650740555,0.10580822533320919,0.7047792963019283,1.0,0.1,0.7047792963019283,1.0,1.5482002876563674,4.962662892015548e-07,4.963232512159997e-07,4.4201828920123203e-10
938,exact_spectrum,4,42,0.04533507997373427,0.00019565797771219778,0.00030336971057161945,3.0810966375669366,0.1058232837606444,0.7047625729633131,1.0,0.1,0.7047625729633131,1.0,1.602197215300762,4.962679375307473e-07,4.963249012170588e-07,3.630298016636567e-10
939,exact_spectrum,4,43,0.04527266541767816,0.00013324342165609016,0.00031169036377738413,3.0810298018006845,0.10581548691879072,0.7047654154844873,1.0,0.1,0.7047654154844873,1.0,1.986415857320769,4.962697397241546e-07,4.963267046282778e-07,1.6928395818129098e-10
940,exact_spectrum,4,44,0.04522058751229097,8.116551626890373e-05,0.0001400723639825998,3.080902344781969,0.10580898089422053,0.7047708365589337,1.0,0.1,0.7047708365589337,1.0,1.5641967753328943,4.962673691066173e-07,4.963243285857042e-07,5.337442529616788e-10
941,exact_spectrum,4,45,0.04510804645054367,-3.1375545478398714e-05,0.00012852611115665474,3.080630574502708,0.10579491992011512,0.7047823971150597,1.0,0.1,0.7047823971150597,1.0,1.7377981528124231,4.96268111047924e-07,4.963250708708328e-07,4.65927403452609e-10
942,exact_spectrum,4,46,0.045278624971803474,0.00013920297578140506,0.0002095188022903435,3.0809027344588844,0.10581623141258156,0.7047708199843035,1.0,0.1,0.7047708199843035,1.0,1.5211607576875281,4.962669926768078e-07,4.963239546059535e-07,3.8173942143067103e-10
943,exact_spectrum,4,47,0.0447232370005611,-0.0004161849954609706,0.0002947283781877606,3.080223523069397,0.10574682738051534,0.7047997159964531,1.0,0.1,0.7047997159964531,1.0,2.0178684950707186,4.962675795780815e-07,4.963245442210576e-07,3.579163413796677e-10
944,exact_spectrum,4,48,0.04478084699189513,-0.0003585750041269417,0.00031568201799958974,3.0802059253485576,0.10575402872771347,0.7048004648306092,1.0,0.1,0.7048004648306092,1.0,2.038523421746772,4.96266968824495e-07,4.963239321013698e-07,1.784781586426607e-10
945,exact_spectrum,4,49,0.04500372543274248,-0.0001356965632795873,0.0002550565964970726,3.080449416967984,0.10578188429589927,0.7047901042992902,1.0,0.1,0.7047901042992902,1.0,2.286835010345302,4.962682568493853e-07,4.963252214096867e-07,2.049870122624362e-10
946,exact_spectrum,4,50,0.04513599104167324,-3.4309543488278416e-06,0.00034371959331690616,3.080697526843298,0.10579841151503579,0.7047795489128135,1.0,0.1,0.7047795489128135,1.0,1.680897066850183,4.962681068485732e-07,4.963250697422573e-07,5.364322784323399e-10
947,exact_spectrum,4,51,0.04535402579458722,0.00021460379856515222,0.0002265084447557664,3.0809532434293296,0.10582565036364329,0.7047686716559852,1.0,0.1,0.7047686716559852,1.0,1.88583837927239,4.962673165307447e-07,4.963242793535648e-07,9.033932236488228e-11
948,exact_spectrum,4,52,0.04516869082946011,2.9268833438039765e-05,0.00019009505766025349,3.0807222866088595,0.10580249711156346,0.7047784956447436,1.0,0.1,0.7047784956447436,1.0,1.5752252035051233,4.962687560682133e-07,4.963257170157608e-07,4.181272636536066e-10
949,exact_spectrum,4,53,0.04529951571909257,0.00016009372307049935,0.00045358998404578915,3.0809332813958576,0.10581884113552639,0.7047695207048719,1.0,0.1,0.7047695207048719,1.0,1.6925992792233924,4.96268230141514e-07,4.963251900549712e-07,3.8302868512940016e-10
950,exact_spectrum,4,54,0.04525971875416518,0.0001202967581431097,0.00017432600282988486,3.0807384223492553,0.1058138695464225,0.7047778092473296,1.0,0.1,0.7047778092473296,1.0,1.4613119059722517,4.962674141236583e-07,4.963243779018306e-07,4.752045673390493e-10
951,exact_spectrum,4,55,0.04523942617892059,0.00010000418289852347,0.000251118340662341,3.080977166927364,0.10581133443037105,0.7047676541275922,1.0,0.1,0.7047676541275922,1.0,1.7286297803945125,4.962674562851407e-07,4.963244191237084e-07,2.882289487791429e-10
952,exact_spectrum,4,56,0.04528290394765406,0.00014348195163198935,0.000231587825041378,3.0809740181965086,0.10581676595789012,0.7047677880503936,1.0,0.1,0.7047677880503936,1.0,1.913411343911605,4.962682561774891e-07,4.963252148429518e-07,5.927263401955036e-10
953,exact_spectrum,4,57,0.04516251554208946,2.309354606738756e-05,0.0002007572063437314,3.0807150712514715,0.10580172556718322,0.7047788025807329,1.0,0.1,0.7047788025807329,1.0,1.7617835051483985,4.962683841737028e-07,4.963253477235354e-07,2.2143528685027027e-10
954,exact_spectrum,4,58,0.04491154021604924,-0.0002278817799728286,0.00023568859342503007,3.0803729933252275,0.10577036378588164,0.704793355940811,1.0,0.1,0.704793355940811,1.0,1.6924623651437438,4.962679934661005e-07,4.963249543755913e-07,1.4799546981956245e-10
955,exact_spectrum,4,59,0.04482324190656566,-0.0003161800894564068,0.0002595648044413482,3.0803133376196747,0.10575932785117459,0.7047958942569669,1.0,0.1,0.7047958942569669,1.0,1.6245103459686274,4.96268495036565e-07,4.963254564604763e-07,3.667426367137777e-10
956,exact_spectrum,4,60,0.045322909476994286,0.00018348748097221645,0.00016548574114440037,3.080997452265787,0.1058217634642543,0.7047667913516915,1.0,0.1,0.7047667913516915,1.0,1.3652171028452145,4.962658588520806e-07,4.963228265264631e-07,2.2988372984481369e-10
957,exact_spectrum,4,61,0.04519871200428839,5.929000826632169e-05,0.00026362456292767426,3.080868634651669,0.10580624789631614,0.7047722704108789,1.0,0.1,0.7047722704108789,1.0,2.2368338381469637,4.962693664858517e-07,4.963263303335758e-07,2.975510352212145e-10
958,exact_spectrum,4,62,0.04527064661751896,0.0001312246214968879,0.0001664816386857645,3.0809041454224584,0.10581523472018152,0.7047707599700067,1.0,0.1,0.7047707599700067,1.0,1.5298337637815522,4.962677344501406e-07,4.963246998909934e-07,2.032617509625457e-10
959,exact_spectrum,4,63,0.04471535388938098,-0.00042406810664109146,0.0002591681919573948,3.0801944072435545,0.10574584194002491,0.7048009549639859,1.0,0.1,0.7048009549639859,1.0,1.8159592402617608,4.962674179870611e-07,4.963243778139068e-07,3.678107730955489e-10
960,exact_spectrum,4,64,0.0456032440731493,0.00046382207712723084,0.000354131363528971,3.0813169905189093,0.10585677635238654,0.7047532022212908,1.0,0.1,0.7047532022212908,1.0,1.8831921761483261,4.962679346751887e-07,4.963248958996308e-07,2.0287487001866903e-10
961,exact_spectrum,4,65,0.045300391902946796,0.00016096990692472668,0.0002541191560509884,3.080905536508404,0.1058189505891375,0.704770700801243,1.0,0.1,0.704770700801243,1.0,1.3798834883338817,4.962675879767832e-07,4.963245548375415e-07,2.7087882685368873e-10
962,exact_spectrum,4,66,0.045190209946219966,5.0787950197896115e-05,0.00041439248121911704,3.0808400245603473,0.10580518567990421,0.7047734873580673,1.0,0.1,0.7047734873580673,1.0,1.9368408280113514,4.962666634477018e-07,4.963236248584901e-07,2.0198711675231204e-10
963,exact_spectrum,4,67,0.04496551907396012,-0.00017390292206195118,0.00035664579467150156,3.0805369066395376,0.10577710974831302,0.7047863820190631,1.0,0.1,0.7047863820190631,1.0,1.90254398005457,4.962665579600087e-07,4.96323521844477e-07,6.235544046285948e-10
964,exact_spectrum,4,68,0.04534164468960078,0.00020222269357871026,0.0004941650926508749,3.081108152086347,0.10582410379319426,0.704762083263689,1.0,0.1,0.704762083263689,1.0,1.8502047672480046,4.962696211344868e-07,4.963265837289671e-07,1.0266004451182543e-10
965,exact_spectrum,4,69,0.04493508258243844,-0.00020433941358363045,0.00020016923998918533,3.080447108509653,0.10577330602625111,0.704790202516304,1.0,0.1,0.704790202516304,1.0,1.6954316014688462,4.962689767860936e-07,4.963259411246169e-07,2.228867189801369e-10
966,exact_spectrum,4,70,0.04549499660213213,0.0003555746061100623,0.0003285723700198337,3.081236756358391,0.10584325796460926,0.70475661411166,1.0,0.1,0.70475661411166,1.0,1.8309622196513093,4.962667756543563e-07,4.963237380139354e-07,5.369147261030014e-10
967,exact_spectrum,4,71,0.04504133451809506,-9.808747792700717e-05,0.00023466840295720054,3.080805160470496,0.1057865839933385,0.7047749703527308,1.0,0.1,0.7047749703527308,1.0,2.3596154628240904,4.962665755972822e-07,4.963235380277254e-07,9.567098669272438e-10
968,exact_spectrum,4,72,0.04499483918459635,-0.0001445828114257225,0.0003480362793050819,3.080447595445359,0.10578077382420877,0.7047901817988416,1.0,0.1,0.7047901817988416,1.0,1.5994908239763725,4.962694645826874e-07,4.963264261548883e-07,4.947939458582553e-10
969,exact_spectrum,4,73,0.045274386319930936,0.0001349643239088663,0.00021778107063213697,3.0809026754771365,0.10581570190202949,0.7047708224930499,1.0,0.1,0.7047708224930499,1.0,2.1201209884216325,4.962692274033519e-07,4.963261920213944e-07,2.344316425541684e-10
970,exact_spectrum,4,74,0.04494201899313696,-0.0001974030028851076,0.00031070752182594077,3.080598712008171,0.10577417289833027,0.7047837526118266,1.0,0.1,0.7047837526118266,1.0,1.6360371121803312,4.96267432432828e-07,4.963243957556332e-07,4.1834663249239945e-10
971,exact_spectrum,4,75,0.04497001066715805,-0.0001694113288640206,0.00017928352404316414,3.0805372006366505,0.1057776710620116,0.7047863695111972,1.0,0.1,0.7047863695111972,1.0,1.8353075800656293,4.962682313173322e-07,4.963251933239033e-07,5.89723730854898e-10
972,exact_spectrum,4,76,0.04542004844163806,0.00028062644561598765,0.00037877383877348063,3.081193522475927,0.10583389711952788,0.7047584526684374,1.0,0.1,0.7047584526684374,1.0,2.0582198615647154,4.962674520857899e-07,4.96324414215717e-07,9.487874766126666e-10
973,exact_spectrum,4,77,0.045150523684092676,1.1101688070606908e-05,0.00019977350217539706,3.080828398287498,0.105800227280652,0.7047739818948018,1.0,0.1,0.7047739818948018,1.0,1.5447972573220632,4.962669899892233e-07,4.963239537687079e-07,3.1079471169294694e-10
974,exact_spectrum,4,78,0.04498988909417349,-0.00014953290184858276,0.00014764417180076112,3.0806433141636527,0.10578015523016147,0.7047818551510843,1.0,0.1,0.7047818551510843,1.0,1.8939526183452322,4.962679430738904e-07,4.963249028338089e-07,5.260493414822078e-10
975,exact_spectrum,4,79,0.04568491879783652,0.0005454968018144477,0.00042282313269645063,3.081491551861987,0.10586697508412589,0.7047457797480852,1.0,0.1,0.7047457797480852,1.0,1.962752596136172,4.962685541634249e-07,4.963255174586719e-07,4.926794677255823e-10
976,exact_spectrum,4,80,0.044802762335840386,-0.0003366596601816832,0.0002635067296406916,3.08039593836128,0.10575676805434364,0.7047923796683042,1.0,0.1,0.7047923796683042,1.0,1.5988159873791545,4.962679390425136e-07,4.963249029532279e-07,2.5424632674442004e-10
977,exact_spectrum,4,81,0.04519179261802694,5.237062200486725e-05,0.00021071952158287512,3.080681514410987,0.1058053834140084,0.704780230082527,1.0,0.1,0.704780230082527,1.0,1.3631325120177058,4.962702332318656e-07,4.963271953486697e-07,2.9821542501629026e-10
978,exact_spectrum,4,82,0.045474227455325096,0.0003348054593030267,0.0005817193137410469,3.081279814603609,0.1058406640310221,0.7047547830742544,1.0,0.1,0.7047547830742544,1.0,1.2419097176807572,4.962675459832747e-07,4.963245097601348e-07,1.7704161321152865e-10
979,exact_spectrum,4,83,0.04538483960238865,0.0002454176063665797,0.00016691855356314262,3.080934808959991,0.10582949933429445,0.7047694557323211,1.0,0.1,0.7047694557323211,1.0,2.2273413847356083,4.962680717420001e-07,4.963250320675188e-07,1.0491875249867697e-09
980,exact_spectrum,4,84,0.045283796083202627,0.0001443740871805571,0.0001752845437073933,3.0808038158036535,0.1058168774063846,0.7047750275507454,1.0,0.1,0.7047750275507454,1.0,1.846078931548628,4.962684093698079e-07,4.963253720404014e-07,6.519129883072151e-10
981,exact_spectrum,4,85,0.045184264312212175,4.484231619010515e-05,0.00012016161271500547,3.0807717245189674,0.10580444284754012,0.7047763926303574,1.0,0.1,0.7047763926303574,1.0,2.044743191215319,4.962679998491138e-07,4.963249627559208e-07,5.319816279376724e-10
982,exact_spectrum,4,86,0.0452924424535285,0.00015302045750643228,0.0001845845680408591,3.080800953933227,0.10581795753320106,0.7047751492861227,1.0,0.1,0.7047751492861227,1.0,1.7240474990090504,4.962683683841437e-07,4.963253313395056e-07,4.703220188594798e-10
983,exact_spectrum,4,87,0.045539472599341276,0.0004000506033192061,0.0003816903433654925,3.0812156195586495,0.10584881251835665,0.7047575129653159,1.0,0.1,0.7047575129653159,1.0,1.8547653370100172,4.962673403830575e-07,4.963243044118786e-07,4.206684903172116e-10
984,exact_spectrum,4,88,0.04472599620596793,-0.00041342579005414215,0.0003253312225360741,3.080159901937013,0.10574717229707983,0.7048024233001448,1.0,0.1,0.7048024233001448,1.0,1.409214242914795,4.96267891337888e-07,4.963248545399619e-07,3.700515991966779e-10
985,exact_spectrum,4,89,0.044965817892254144,-0.00017360410376792562,0.00016732269752866617,3.0805220217475533,0.10577714709168091,0.7047870152876353,1.0,0.1,0.7047870152876353,1.0,1.83666926814387,4.962684933568247e-07,4.963254567767399e-07,6.900909875481144e-10
986,exact_spectrum,4,90,0.045235776976384756,9.635498036268675e-05,0.00019106192680897233,3.0808916625577663,0.10581087853541611,0.7047712909213353,1.0,0.1,0.7047712909213353,1.0,1.5606785812892316,4.962683855174951e-07,4.963253480883541e-07,3.5716488329407345e-10
987,exact_spectrum,4,91,0.04484426560025908,-0.00029515639576298963,0.00022008537663566826,3.080314600125063,0.10576195559495746,0.7047958405370867,1.0,0.1,0.7047958405370867,1.0,1.6671915593482773,4.962673225778099e-07,4.963242866630598e-07,3.001062772182544e-10
988,exact_spectrum,4,92,0.04526215668379058,0.00012273468776850815,0.00025287681964162293,3.0809720370704317,0.10581417410863407,0.7047678723124025,1.0,0.1,0.7047678723124025,1.0,1.7352372438645844,4.962676459278248e-07,4.963246059305182e-07,2.5939494609333293e-10
989,exact_spectrum,4,93,0.044830618949557186,-0.0003088030464648839,0.00023445708730388638,3.0804051571679802,0.10576024991251448,0.7047919874276727,1.0,0.1,0.7047919874276727,1.0,1.881783284143332,4.962673412229278e-07,4.963243028331852e-07,2.203796120421224e-10
990,exact_spectrum,4,94,0.04529138890255935,0.00015196690653727918,0.0002916495378531608,3.0808000383210192,0.1058178259214945,0.7047751882335643,1.0,0.1,0.7047751882335643,1.0,2.225519798567772,4.962666681509747e-07,4.963236294804006e-07,7.370440447936636e-10
991,exact_spectrum,4,95,0.044997494500490315,-0.00014192749553175454,0.0002241575302081609,3.0806382589106325,0.10578110564748598,0.7047820702084817,1.0,0.1,0.7047820702084817,1.0,1.9668682141054963,4.962678335548205e-07,4.963247978762837e-07,6.34514232649823e-10
992,exact_spectrum,4,96,0.045081518182649785,-5.790381337228423e-05,0.00014640050094387696,3.0806105721195762,0.1057916051840146,0.7047832480548171,1.0,0.1,0.7047832480548171,1.0,1.5540706008989267,4.962677287390234e-07,4.963246920355827e-07,3.6386999728172905e-10
993,exact_spectrum,4,97,0.04536405080927262,0.0002246288132505478,0.00048065107504265093,3.08105317663462,0.10582690260942071,0.7047644213404446,1.0,0.1,0.7047644213404446,1.0,1.922714228514973,4.96268843918633e-07,4.963258052191883e-07,2.2969467506991088e-10
994,exact_spectrum,4,98,0.045365730736196534,0.00022630874017446484,0.0002390029686370219,3.081036619278248,0.1058271124511946,0.7047651255320361,1.0,0.1,0.7047651255320361,1.0,1.3803319867984636,4.962671720730758e-07,4.963241343526048e-07,2.737242702398474e-10
995,exact_spectrum,4,99,0.045083204924828174,-5.6217071193895296e-05,0.00023613404211050515,3.080752817445194,0.10579181594738732,0.7047771969010457,1.0,0.1,0.7047771969010457,1.0,1.6836643916882492,4.962661534785356e-07,4.963231175099813e-07,2.018314835609223e-10
996,real,5,0,0.04469597341841095,-0.0004434485776111177,0.00029340702078039057,3.0801754398369803,0.10574341921527179,0.7048017620975553,1.0,0.1,0.7048017620975553,1.0,2.341627104083646,4.962675624447301e-07,4.963245245300391e-07,1.7173024802073752e-10
997,iaaft,5,1,0.04545367442883033,0.00031425243280826243,0.00034102824837620985,3.0812846084219485,0.10583809702689496,0.7047545792218431,1.0,0.1,0.7047545792218431,1.0,2.1146024894915976,4.962684728639926e-07,4.963254360503189e-07,9.044841520072886e-10
998,iaaft,5,2,0.04496829219888673,-0.00017112979713533594,0.0003602260277320023,3.080467018737073,0.10577745630565263,0.704789355408906,1.0,0.1,0.704789355408906,1.0,1.5902404174002143,4.9626709312528e-07,4.963240546476136e-07,8.640795834613687e-11
999,iaaft,5,3,0.045990446798215054,0.0008510248021929845,0.0008709962827687722,3.081950653673805,0.10590511768988267,0.7047262623436993,1.0,0.1,0.7047262623436993,1.0,1.6798387017556655,4.962667575131606e-07,4.963237202454322e-07,3.2837323631069266e-10
1000,iaaft,5,4,0.04477000118159444,-0.00036942081442763175,0.0003178009078407342,3.080166179568255,0.10575267302039336,0.7048021561599088,1.0,0.1,0.7048021561599088,1.0,1.517453727933122,4.962689964390556e-07,4.963259600203833e-07,1.6595394120310714e-10
1001,iaaft,5,5,0.04476322810006668,-0.0003761938959553901,0.0006172230108797395,3.080246585904428,0.10575182638823169,0.7047987346185038,1.0,0.1,0.7047987346185038,1.0,1.6241251412517135,4.962675883127313e-07,4.963245504912134e-07,1.1651618055628488e-10
1002,iaaft,5,6,0.045203945254779214,6.452325875714454e-05,0.00024444118535359085,3.0808838296459338,0.10580690171441948,0.704771624091799,1.0,0.1,0.704771624091799,1.0,1.8295147913036243,4.962673259372906e-07,4.963242916602873e-07,2.2914284887415252e-10
1003,iaaft,5,7,0.04489352199119391,-0.000245900004828159,0.0008457319670298012,3.0802011643077103,0.10576811187758188,0.7048006674281727,1.0,0.1,0.7048006674281727,1.0,1.9073829222583347,4.96269287538056e-07,4.963262539880653e-07,6.51896043926568e-10
1004,iaaft,5,8,0.04506769314596798,-7.172885005408969e-05,0.00039434928063288184,3.0807534995090764,0.10578987768938668,0.7047771678871869,1.0,0.1,0.7047771678871869,1.0,1.6582716716955925,4.962678706770819e-07,4.963248340366314e-07,3.0356895693872277e-10
1005,iaaft,5,9,0.04487675774292914,-0.0002626642530929313,0.0005123869743141183,3.080358252265634,0.10576601664756204,0.7047939831555041,1.0,0.1,0.7047939831555041,1.0,1.8177049755155352,4.962673064523028e-07,4.963242683722624e-07,5.148566017157217e-10
1006,iaaft,5,10,0.04538622199632788,0.00024680000030580934,0.00020127103335833372,3.0810704205478276,0.10582967200664435,0.7047636879571759,1.0,0.1,0.7047636879571759,1.0,1.5555307262498839,4.962678936895244e-07,4.963248558509467e-07,2.8456236957854564e-10
1007,iaaft,5,11,0.045233765289617305,9.434329359523513e-05,0.00021965682671562807,3.0805631098398254,0.10581062721450309,0.7047852672345984,1.0,0.1,0.7047852672345984,1.0,1.6364891168151405,4.962667754863823e-07,4.963237390296534e-07,4.4359459427757143e-10
1008,iaaft,5,12,0.04506185876769957,-7.756322832250251e-05,0.00044972732939748566,3.080498529380338,0.1057891486516005,0.7047880147681483,1.0,0.1,0.7047880147681483,1.0,1.5939065430068455,4.962684006351581e-07,4.963253625734898e-07,2.5143832057101697e-10
1009,iaaft,5,13,0.044958798252397306,-0.00018062374362476374,0.00018707649560074056,3.080549812723863,0.1057762698427317,0.7047858329424995,1.0,0.1,0.7047858329424995,1.0,1.9311977559683091,4.962675950316926e-07,4.963245567639937e-07,8.188870515644048e-10
1010,iaaft,5,14,0.04467695690694632,-0.00046246508907574896,0.00034365818736822943,3.080164339134393,0.10574104193461677,0.7048022344781826,1.0,0.1,0.7048022344781826,1.0,2.1242257776591185,4.962674295772694e-07,4.963243926520505e-07,3.6403231793933456e-10
1011,iaaft,5,15,0.04529262955840321,0.00015320756238113714,0.00032439767821025134,3.0808883237331575,0.1058179809067013,0.7047714329369965,1.0,0.1,0.7047714329369965,1.0,1.7585989488230849,4.962676576860071e-07,4.963246215521033e-07,5.687975782313751e-10
1012,iaaft,5,16,0.044296389930595606,-0.0008430320654264634,0.0005432876892282846,3.0797904709903245,0.10569345548301803,0.7048181460568785,1.0,0.1,0.7048181460568785,1.0,1.6453863533830486,4.962690686678901e-07,4.963260292164991e-07,5.780708944626064e-10
1013,iaaft,5,17,0.04577170991314019,0.0006322879171181198,0.0010962469968774154,3.081722482451721,0.10587781162348041,0.7047359616802822,1.0,0.1,0.7047359616802822,1.0,1.7072752384677568,4.962684752156291e-07,4.963254380843795e-07,2.6214619804010757e-10
1014,iaaft,5,18,0.04520751536476399,6.809336874191718e-05,0.0006326555753101673,3.0807487718241062,0.10580734774512471,0.704777368995271,1.0,0.1,0.704777368995271,1.0,1.7905266677150322,4.962676341696424e-07,4.963245966696373e-07,6.470397728848917e-10
1015,iaaft,5,19,0.04610467629787456,0.0009652543018524931,0.0007955776063137331,3.0818580171007897,0.1059193747562034,0.7047302000645557,1.0,0.1,0.7047302000645557,1.0,1.4399384366289318,4.96266639259441e-07,4.963236015179732e-07,2.2382724233901104e-10
1016,iaaft,5,20,0.044594764749245036,-0.0005446572467770333,0.000680934738041043,3.0798178518418884,0.10573076636342542,0.7048169806176295,1.0,0.1,0.7048169806176295,1.0,1.7328578948654074,4.962670637298241e-07,4.963240242679348e-07,5.928915531560015e-10
1017,iaaft,5,21,0.04434286366141158,-0.0007965583346104879,0.0006938227765903639,3.0796183198490863,0.10569926775025898,0.7048254739676186,1.0,0.1,0.7048254739676186,1.0,1.480154382753842,4.962677025350742e-07,4.963246641374578e-07,1.1607096538002553e-10
1018,iaaft,5,22,0.04565431904793707,0.0005148970519150003,0.0005811767792963328,3.0814290087574925,0.10586315420513176,0.7047484390309013,1.0,0.1,0.7047484390309013,1.0,1.440966150172692,4.962694963297798e-07,4.963264592365869e-07,1.322966586256727e-10
1019,iaaft,5,23,0.04502878660181363,-0.00011063539420844148,0.0005093559352634487,3.080604806598079,0.10578501600686502,0.7047834933331745,1.0,0.1,0.7047834933331745,1.0,1.908920271130924,4.962668613211136e-07,4.963238245979884e-07,5.18682939969911e-10
1020,iaaft,5,24,0.0455789664899114,0.00043954449388933226,0.0002964400221753646,3.081275552079956,0.10585374461848085,0.7047549643344035,1.0,0.1,0.7047549643344035,1.0,1.4586777958403678,4.962677942488966e-07,4.963247547646982e-07,2.1899365829025826e-10
1021,iaaft,5,25,0.04527197130273078,0.00013254930670870968,0.0005007315452762428,3.080869573766057,0.10581540020654896,0.7047722304654673,1.0,0.1,0.7047722304654673,1.0,1.541719850069063,4.962697202391667e-07,4.963266828887634e-07,1.5136676641652227e-10
1022,iaaft,5,26,0.04507300053017081,-6.642146585125741e-05,0.000198517286095633,3.0807581753266096,0.10579054087199008,0.7047769689860549,1.0,0.1,0.7047769689860549,1.0,1.4665824587635332,4.962678837790565e-07,4.96324848710738e-07,3.6804801542136263e-10
1023,iaaft,5,27,0.04537611710124054,0.00023669510521846793,0.0002820629516962124,3.081026347137385,0.10582840981580836,0.7047655624143974,1.0,0.1,0.7047655624143974,1.0,1.5146416732005912,4.96269197839922e-07,4.963261594344318e-07,1.576077366539986e-10
1024,iaaft,5,28,0.045135751520440186,-3.6704755818836587e-06,0.00016197904238936538,3.080710005591397,0.10579838158804795,0.7047790180710235,1.0,0.1,0.7047790180710235,1.0,1.6573786145289306,4.96267811214274e-07,4.963247694243695e-07,4.675962254771842e-10
1025,iaaft,5,29,0.04571833721804284,0.0005789152220207691,0.0009545148533612074,3.081602784328943,0.10587114776265182,0.7047410504938441,1.0,0.1,0.7047410504938441,1.0,2.181735183869,4.962690117246926e-07,4.963259719517889e-07,7.199358002275149e-10
1026,iaaft,5,30,0.04438932862672786,-0.0007500933692942066,0.0004680591264705864,3.07996989439782,0.10570507860173588,0.7048105094439517,1.0,0.1,0.7048105094439517,1.0,1.4988454940639615,4.962684093698079e-07,4.963253716821443e-07,3.8841743385783065e-10
1027,iaaft,5,31,0.045074218089632495,-6.52039063895743e-05,0.0002189416822300086,3.080523676088267,0.10579069301118167,0.7047869449044312,1.0,0.1,0.7047869449044312,1.0,1.5152300000894496,4.962677628377523e-07,4.96324725646137e-07,3.7736958744295606e-10
1028,iaaft,5,32,0.04474964291441714,-0.00038977908160493097,0.00032003927751104923,3.0801155308368546,0.10575012822566948,0.7048043115119116,1.0,0.1,0.7048043115119116,1.0,1.554347869364731,4.962680861877671e-07,4.963250506706429e-07,4.266693101784162e-10
1029,iaaft,5,33,0.04523009667244269,9.067467642061983e-05,0.0005269544447138077,3.0809271894798886,0.1058101688910083,0.7047697798156153,1.0,0.1,0.7047697798156153,1.0,1.8465976995443523,4.962692136294812e-07,4.963261762239614e-07,3.56528728884221e-10
1030,iaaft,5,34,0.044398137876223744,-0.0007412841197983258,0.0008003765542988575,3.079492401641576,0.10570618023963374,0.7048308344020964,1.0,0.1,0.7048308344020964,1.0,1.7100595365220357,4.962693496884484e-07,4.963263137080834e-07,3.950726070655988e-10
1031,iaaft,5,35,0.04506524021761045,-7.418177841161944e-05,0.00027747928637675225,3.0808739761212887,0.10578957118305371,0.7047720432107569,1.0,0.1,0.7047720432107569,1.0,1.5803126883682805,4.962674640119464e-07,4.963244257166892e-07,1.769874205889138e-10
1032,iaaft,5,36,0.04419522039829854,-0.0009442015977235291,0.0006064904727179346,3.0795519340414894,0.10568080154455935,0.7048283000087212,1.0,0.1,0.7048283000087212,1.0,2.1783850323120504,4.962671542678282e-07,4.963241143676317e-07,8.462703465083684e-11
1033,iaaft,5,37,0.04564480838544609,0.0005053863894240174,0.00033562894514927696,3.0812511512522196,0.10586196661535498,0.704756001968058,1.0,0.1,0.704756001968058,1.0,2.078655790690598,4.9626622570737e-07,4.963231871378428e-07,5.35754041277863e-10
1034,iaaft,5,38,0.045305757987204265,0.00016633599118219544,0.0007124932187427287,3.0811536763061635,0.10581962092234734,0.7047601472046913,1.0,0.1,0.7047601472046913,1.0,1.9632414281228832,4.962680252131929e-07,4.96324987753869e-07,6.277739228529237e-11
1035,iaaft,5,39,0.044227371736398104,-0.0009120502596239657,0.0005897099308233837,3.079467268032371,0.10568482308800485,0.7048319044105136,1.0,0.1,0.7048319044105136,1.0,1.5452706711202049,4.962671803038035e-07,4.963241438365763e-07,5.764559658568986e-11
1036,iaaft,5,40,0.0460210999060104,0.0008816779099883321,0.0007070233302453685,3.0819634238522315,0.10590894371480467,0.7047257195374294,1.0,0.1,0.7047257195374294,1.0,1.9923182004087996,4.962670004036134e-07,4.9632396250467e-07,3.0923464760598867e-10
1037,iaaft,5,41,0.04470160686799404,-0.0004378151280280268,0.0004445181263028405,3.0800585753660865,0.10574412345041002,0.704806735329597,1.0,0.1,0.704806735329597,1.0,1.5988093281126683,4.962666288450509e-07,4.963235935090238e-07,2.3334182702367576e-10
1038,iaaft,5,42,0.04533701847246017,0.00019759647643809858,0.000580039551680787,3.080903343193317,0.1058235259091891,0.704770794092226,1.0,0.1,0.704770794092226,1.0,1.8417612911175663,4.962681935231746e-07,4.963251542738774e-07,3.8599383101130753e-10
1039,iaaft,5,43,0.04537414071072308,0.00023471871470100852,0.00026160152865921946,3.081044338324445,0.10582816294537936,0.7047647972367101,1.0,0.1,0.7047647972367101,1.0,1.963644212807098,4.962673118274718e-07,4.963242717527397e-07,5.245421839666691e-10
1040,iaaft,5,44,0.04561834209466886,0.00047892009864679286,0.0003727237313059364,3.0814355723703235,0.1058586617180021,0.7047481599463614,1.0,0.1,0.7047481599463614,1.0,1.559719204733201,4.962679272843312e-07,4.963248906189471e-07,2.2911371062849822e-10
1041,iaaft,5,45,0.04521150417175573,7.208217573365788e-05,0.00022531007959069072,3.080868892691643,0.10580784608340098,0.7047722594350965,1.0,0.1,0.7047722594350965,1.0,1.7670044442778106,4.962689609965344e-07,4.963259248416339e-07,2.9251445455276376e-10
1042,iaaft,5,46,0.04461543267986839,-0.0005239893161536821,0.0005462779436643146,3.079857205175543,0.10573335033886977,0.7048153056169234,1.0,0.1,0.7048153056169234,1.0,1.3872680130209216,4.962681345642887e-07,4.963250979894532e-07,3.063239200618039e-10
1043,iaaft,5,47,0.045522370506295075,0.0003829485102730054,0.0005529001701724482,3.08120998269995,0.10584667669303768,0.7047577526777726,1.0,0.1,0.7047577526777726,1.0,1.573169997841221,4.962674962629608e-07,4.963244598469131e-07,2.730970289521569e-10
1044,iaaft,5,48,0.044644966920623246,-0.0004944550753988239,0.0003784318631901554,3.0799413622760596,0.1057370427011703,0.7048117237688356,1.0,0.1,0.7048117237688356,1.0,1.7112080906500402,4.962667820373696e-07,4.963237411673855e-07,3.3667310102326077e-10
1045,iaaft,5,49,0.04435458884224623,-0.000784833153775838,0.0006737084672840018,3.0797945271382634,0.10570073411710364,0.704817973409615,1.0,0.1,0.704817973409615,1.0,2.1359673392505405,4.962688455983734e-07,4.963258072335644e-07,4.3019834489137526e-10
1046,iaaft,5,50,0.045435567419875166,0.0002961454238530961,0.00032096275141126426,3.0811892928705866,0.10583583547057296,0.7047586325386344,1.0,0.1,0.7047586325386344,1.0,2.410871709352993,4.962692704047045e-07,4.963262296410164e-07,1.667989293303278e-10
1047,iaaft,5,51,0.04544817616387079,0.0003087541678487224,0.0007058538740779562,3.0809232993454483,0.10583741030147287,0.7047699452773243,1.0,0.1,0.7047699452773243,1.0,1.9703871577916303,4.962676541585525e-07,4.963246142071764e-07,8.996023174173623e-10
1048,iaaft,5,52,0.04444744825359894,-0.0006919737424231284,0.0011775954798387905,3.0796739941887536,0.1057123465212301,0.704823104005325,1.0,0.1,0.704823104005325,1.0,1.4602517623810785,4.96267731426608e-07,4.963246947979682e-07,2.39747411814155e-10
1049,iaaft,5,53,0.04572509152948597,0.000585669533463902,0.001140918952832408,3.081611112422545,0.10587199109703141,0.7047406964229901,1.0,0.1,0.7047406964229901,1.0,1.5996663377180196,4.962675612689119e-07,4.963245232584231e-07,4.972699408557198e-10
1050,iaaft,5,54,0.044829832058274635,-0.00030958993774743426,0.0008647745565238637,3.0803884547200697,0.10576015155885087,0.7047926980830241,1.0,0.1,0.7047926980830241,1.0,1.7125847832677663,4.962675716833019e-07,4.963245330009171e-07,2.404877731151495e-10
1051,iaaft,5,55,0.0451052103643591,-3.42116316629712e-05,0.00044689006858168024,3.080703536994133,0.10579456555300117,0.7047792932424717,1.0,0.1,0.7047792932424717,1.0,1.8628480370630032,4.96267362387656e-07,4.963243265227731e-07,2.2338004821866743e-10
1052,iaaft,5,56,0.044637775581553435,-0.0005016464144686344,0.0008082718602757304,3.079983002542352,0.1057361436538998,0.7048099515697311,1.0,0.1,0.7048099515697311,1.0,1.5076835277874565,4.962674761060768e-07,4.963244392727186e-07,2.911716386324232e-10
1053,iaaft,5,57,0.045251765481206366,0.00011234348518429638,0.0006404832708629847,3.0807904828481987,0.10581287596513335,0.704775594696537,1.0,0.1,0.704775594696537,1.0,1.6939206646631655,4.962666967065605e-07,4.963236605752814e-07,3.356629471782392e-10
1054,iaaft,5,58,0.04617978923436115,0.001040367238339078,0.0006483632791197052,3.0820186288867277,0.10592874861029682,0.7047233730556322,1.0,0.1,0.7047233730556322,1.0,1.8190512626290591,4.962660526941153e-07,4.963230154119516e-07,6.540157082575307e-10
1055,iaaft,5,59,0.045900376821204236,0.0007609548251821668,0.0007967708037233263,3.0818993576702023,0.10589387463755068,0.7047284427642566,1.0,0.1,0.7047284427642566,1.0,1.615726617888475,4.962679723013722e-07,4.963249336911638e-07,1.1264609031551147e-10
1056,iaaft,5,60,0.044424321237555145,-0.0007151007584669244,0.00044394155204129955,3.079946209300034,0.10570945452379592,0.7048115174783174,1.0,0.1,0.7048115174783174,1.0,1.9942720910814908,4.962670800233054e-07,4.96324040781882e-07,3.456085532333176e-10
1057,iaaft,5,61,0.04543985407201252,0.0003004320759904533,0.0005658263397412812,3.081059466594451,0.10583637087563752,0.7047641538276523,1.0,0.1,0.7047641538276523,1.0,1.1413866922618707,4.96269516990586e-07,4.963264798068444e-07,1.2537093699072588e-10
1058,iaaft,5,62,0.044815503144132,-0.0003239188518900718,0.00046145519047902843,3.0802913876145794,0.10575836056964939,0.7047968282413795,1.0,0.1,0.7047968282413795,1.0,1.5521028110648891,4.962674289053733e-07,4.963243927137285e-07,2.1693579265612277e-10
1059,iaaft,5,63,0.04482762160902559,-0.0003118003869964775,0.0004494803708042082,3.0802333028192845,0.10575987527396659,0.7047992998433029,1.0,0.1,0.7047992998433029,1.0,1.8052677653725946,4.962684024828725e-07,4.963253628858166e-07,3.869107330216959e-10
1060,iaaft,5,64,0.044995239133904165,-0.0001441828621179045,0.00034620799588768966,3.0804770600927105,0.10578082380420065,0.7047889281899989,1.0,0.1,0.7047889281899989,1.0,1.626782767355319,4.962679857392949e-07,4.963249484269483e-07,1.492122002308747e-10
1061,iaaft,5,65,0.0449817185600813,-0.00015770343594077169,0.0007626935404186126,3.080525420945203,0.10577913418155577,0.7047868706703342,1.0,0.1,0.7047868706703342,1.0,1.7809227204208284,4.962676128369402e-07,4.963245755298427e-07,4.1630847231208964e-10
1062,iaaft,5,66,0.045133841848956774,-5.5801470652955265e-06,0.0005431472051457631,3.0806640719961607,0.10579814298378286,0.7047809720916685,1.0,0.1,0.7047809720916685,1.0,1.3937626368504024,4.962679702856839e-07,4.963249335284389e-07,2.185128011237282e-10
1063,iaaft,5,67,0.045294564141755506,0.0001551421457334362,0.0006275645409396486,3.080831118942921,0.10581822257826594,0.7047738661683022,1.0,0.1,0.7047738661683022,1.0,1.9893605916292927,4.962677890417015e-07,4.963247536479333e-07,1.1977425215616967e-10
1064,iaaft,5,68,0.04472706117616052,-0.0004123608198615472,0.0006205357750304393,3.0802838775045274,0.10574730542418553,0.7047971478035588,1.0,0.1,0.7047971478035588,1.0,1.5445960534761627,4.96267701359256e-07,4.963246659628631e-07,1.837415724960258e-10
1065,iaaft,5,69,0.045488542212975894,0.00034912021695382434,0.0004194892085960526,3.0811215753702026,0.10584245185949706,0.7047615123909772,1.0,0.1,0.7047615123909772,1.0,1.9792116071002628,4.962686452053512e-07,4.9632561046117e-07,6.635357573474785e-10
1066,iaaft,5,70,0.04559889506305246,0.0004594730670303901,0.0004716374099892291,3.0812061580982135,0.1058562332634699,0.7047579153228709,1.0,0.1,0.7047579153228709,1.0,1.7011379251442424,4.962685980046477e-07,4.963255625137695e-07,5.757475248714912e-10
1067,iaaft,5,71,0.04549251932588476,0.0003530973298626894,0.0005177404862947378,3.0812006431106562,0.10584294857199081,0.7047581498540507,1.0,0.1,0.7047581498540507,1.0,1.5111907867390897,4.962672684901712e-07,4.963242326489097e-07,1.4551450384053882e-10
1068,iaaft,5,72,0.04533727852603366,0.00019785653001159337,0.0006449900969610162,3.081056530679271,0.10582355839387006,0.7047642786923655,1.0,0.1,0.7047642786923655,1.0,1.9243773449004355,4.962684073541195e-07,4.963253695024188e-07,4.5528354508710333e-10
1069,iaaft,5,73,0.04475293516456956,-0.0003864868314525094,0.001034675881578436,3.080143811749593,0.10575053976292109,0.704803108011764,1.0,0.1,0.704803108011764,1.0,1.9089755111949407,4.962671660260106e-07,4.963241260313287e-07,8.718570436800145e-10
1070,iaaft,5,74,0.044291193042428935,-0.0008482289535931345,0.0005579789591791324,3.079823910925067,0.10569280551096442,0.7048167227214062,1.0,0.1,0.7048167227214062,1.0,1.7630967438448069,4.96267606957849e-07,4.963245678410939e-07,4.499404380531359e-10
1071,iaaft,5,75,0.04520164324080657,6.222124478449942e-05,0.00024241522130162297,3.0805208009820744,0.10580661411194232,0.7047870672246177,1.0,0.1,0.7047870672246177,1.0,1.9833474423220872,4.962656525799672e-07,4.963226166901507e-07,1.7818604654890887e-10
1072,iaaft,5,76,0.045212657686944345,7.323569092227561e-05,0.0002357474412698751,3.0809191443745036,0.10580799019642192,0.7047701220039551,1.0,0.1,0.7047701220039551,1.0,1.8588972104790145,4.962685689451398e-07,4.96325532872914e-07,3.6581608669482997e-10
1073,iaaft,5,77,0.04593441507444663,0.0007949930784245593,0.0008929131938350645,3.0818006427610207,0.10589812362831312,0.7047326390031228,1.0,0.1,0.7047326390031228,1.0,1.6739108783747785,4.962683042180628e-07,4.963252664936549e-07,9.309215431741119e-11
1074,iaaft,5,78,0.04471195790055151,-0.00042746409547055747,0.0005945326595819045,3.0802544553484066,0.1057454174163652,0.7047983997584234,1.0,0.1,0.7047983997584234,1.0,1.6563565841255774,4.962692216922348e-07,4.963261814797114e-07,5.15114042919085e-10
1075,iaaft,5,79,0.04514894628259103,9.524286568959872e-06,0.0004537729530555815,3.080789327548058,0.10580003019539959,0.7047756438399273,1.0,0.1,0.7047756438399273,1.0,1.6988798309906454,4.962689613324825e-07,4.963259282654172e-07,3.2857114646668337e-10
1076,iaaft,5,80,0.045267176662836535,0.0001277546668144655,0.0004687857797005909,3.080690253644346,0.10581480123468949,0.7047798583142196,1.0,0.1,0.7047798583142196,1.0,2.0381166721750765,4.9626702358403e-07,4.963239856024119e-07,2.637911257583923e-10
1077,iaaft,5,81,0.045928242425704396,0.000788820429682327,0.0005858305302434539,3.081675777237077,0.10589735311002169,0.7047379472470362,1.0,0.1,0.7047379472470362,1.0,1.5798030174754716,4.962668947479462e-07,4.96323858205918e-07,3.880263745598663e-10
1078,iaaft,5,82,0.04491301866416632,-0.00022640333185575123,0.0002322445205935945,3.0807019946236824,0.10577054855942414,0.7047793588544389,1.0,0.1,0.7047793588544389,1.0,1.6120742964408168,4.962679057836549e-07,4.963248687153956e-07,4.319628701216376e-10
1079,iaaft,5,83,0.04497857469526715,-0.00016084730075491965,0.00028193285778068273,3.0803773119301385,0.10577874129900942,0.7047931721903817,1.0,0.1,0.7047931721903817,1.0,1.3927111034424435,4.962682130081626e-07,4.963251780422032e-07,2.1956765180927333e-10
1080,iaaft,5,84,0.045105165484978754,-3.4256511043315174e-05,0.00032216369015635875,3.080717865226792,0.10579455994534241,0.7047786837269133,1.0,0.1,0.7047786837269133,1.0,2.0456539259331588,4.962679655824109e-07,4.963249299852367e-07,5.494473054999189e-10
1081,iaaft,5,85,0.0454744564278399,0.00033503443181782944,0.0004194933677402908,3.0811180446014985,0.10584069262857115,0.7047616625489553,1.0,0.1,0.7047616625489553,1.0,1.7837539859960523,4.962675251544946e-07,4.963244827753688e-07,5.683077187064777e-10
1082,iaaft,5,86,0.04502264547722627,-0.00011677651879579698,0.0002778998989840154,3.08045715625714,0.10578424860402617,0.704789775020035,1.0,0.1,0.704789775020035,1.0,1.3013198697142776,4.962683821580144e-07,4.963253412998409e-07,3.495830760803408e-10
1083,iaaft,5,87,0.045439320949866434,0.00029989895384436444,0.000560210869374958,3.081081520585613,0.10583630428855377,0.7047632158770565,1.0,0.1,0.7047632158770565,1.0,1.9096595521462234,4.962678910019399e-07,4.963248529140257e-07,4.669836766682519e-10
1084,iaaft,5,88,0.044821182619951744,-0.0003182393760703256,0.00022438430337192318,3.08031676992663,0.10575907045818331,0.7047957482116565,1.0,0.1,0.7047957482116565,1.0,1.4499624368708903,4.96266968824495e-07,4.963239291198308e-07,4.1061030491525013e-10
1085,iaaft,5,89,0.045070877508008596,-6.854448801347363e-05,0.00044430771687938833,3.080481156826554,0.10579027559089058,0.7047887538913937,1.0,0.1,0.7047887538913937,1.0,1.5745076944191008,4.962655637217033e-07,4.96322526821418e-07,4.001361265697004e-10
1086,iaaft,5,90,0.044831733650990545,-0.0003076883450315246,0.00046864855132954176,3.0802821120377257,0.10576038923906318,0.7047972229260377,1.0,0.1,0.7047972229260377,1.0,1.9804688193589635,4.962678547195486e-07,4.963248182562583e-07,7.241411876362606e-10
1087,iaaft,5,91,0.04561808060450735,0.00047865860848528285,0.00036184359622481744,3.081392257665817,0.10585862906470084,0.7047500017072901,1.0,0.1,0.7047500017072901,1.0,1.9954581234019166,4.962670961488126e-07,4.963240609230184e-07,5.491603376109484e-10
1088,iaaft,5,92,0.044483719526469775,-0.0006557024695522939,0.0009545293464914416,3.0797287045440136,0.10571688202822631,0.7048207751600211,1.0,0.1,0.7048207751600211,1.0,1.3967866099205002,4.962681342283408e-07,4.96325097185015e-07,2.697559624320703e-10
1089,iaaft,5,93,0.04514620551413953,6.7835181174619175e-06,0.00019224712014466347,3.0809173898800353,0.1057996877547345,0.7047701966293816,1.0,0.1,0.7047701966293816,1.0,1.844876483189483,4.962663241401538e-07,4.963232844223665e-07,1.7048945007991255e-10
1090,iaaft,5,94,0.045233718779553865,9.429678353179566e-05,0.00023006592674737632,3.081064809839464,0.10581062140397333,0.7047639265796025,1.0,0.1,0.7047639265796025,1.0,1.5084110084399,4.962681325486004e-07,4.963250954134139e-07,1.4341964192548612e-10
1091,iaaft,5,95,0.04572619573301768,0.0005867737369956091,0.0007310594971932206,3.0816249288047617,0.1058721289657828,0.704740109020394,1.0,0.1,0.704740109020394,1.0,2.139930011808895,4.962679373627733e-07,4.963248996304915e-07,1.2363924018567015e-10
1092,iaaft,5,96,0.04540708191490466,0.0002676599188825915,0.0002722276145454613,3.0809359202651136,0.10583227754749577,0.7047694084647359,1.0,0.1,0.7047694084647359,1.0,1.5224982695285418,4.962688827206348e-07,4.96325848255973e-07,3.625200424649572e-10
1093,iaaft,5,97,0.04480593266895049,-0.00033348932707157747,0.0004133961494671376,3.080182956863868,0.10575716432689093,0.7048014422189877,1.0,0.1,0.7048014422189877,1.0,1.8349920745591222,4.962666416110774e-07,4.963236052567077e-07,7.777955217126338e-11
1094,iaaft,5,98,0.04467776530936391,-0.0004616566866581587,0.0005609496206811139,3.0802553000498087,0.10574114299521965,0.7047983638148427,1.0,0.1,0.7047983638148427,1.0,1.6192680220709013,4.962666407712073e-07,4.96323605332821e-07,2.108857144095426e-10
1095,iaaft,5,99,0.04448115573679051,-0.0006582662592315575,0.0009858225261368733,3.0797026464797117,0.10571656144796263,0.7048218843585828,1.0,0.1,0.7048218843585828,1.0,1.7285339472803152,4.962681298610158e-07,4.963250934685895e-07,3.125028133954597e-10
1096,exact_spectrum,5,1,0.04543295798470775,0.0002935359886856795,0.00028957226604011955,3.081232937702801,0.10583550954944744,0.7047567765011264,1.0,0.1,0.7047567765011264,1.0,2.1550480205375346,4.962684952045391e-07,4.963254583239383e-07,9.400674615991768e-10
1097,exact_spectrum,5,2,0.044893759101483986,-0.00024566289453808315,0.00038159734109246304,3.080373373299229,0.10576814151181299,0.7047933397734434,1.0,0.1,0.7047933397734434,1.0,1.627130047365948,4.962670717925777e-07,4.963240341127879e-07,9.700953974704159e-11
1098,exact_spectrum,5,3,0.04593856982116128,0.000799147825139214,0.0008081391330876433,3.0818658365400906,0.105898642253135,0.704729867673162,1.0,0.1,0.704729867673162,1.0,1.6534706609058158,4.962667622164337e-07,4.963237223779151e-07,3.3310703328506457e-10
1099,exact_spectrum,5,4,0.04477453213145919,-0.0003648898645628798,0.0003338501851730507,3.0801697339690013,0.10575323938331627,0.7048020049053279,1.0,0.1,0.7048020049053279,1.0,1.516699855841936,4.962690132364589e-07,4.963259774280048e-07,1.6531204418097834e-10
1100,exact_spectrum,5,5,0.04478768436370863,-0.00035173763231344246,0.0005739884143605646,3.080280949089736,0.1057548833783012,0.7047972724107503,1.0,0.1,0.7047972724107503,1.0,1.6538648637486473,4.962675910003158e-07,4.963245551459313e-07,1.207371580550312e-10
1101,exact_spectrum,5,6,0.04522302780872334,8.360581270126788e-05,0.00024378077638145975,3.080908516819548,0.10580928576619397,0.7047705740361921,1.0,0.1,0.7047705740361921,1.0,1.8445350191559704,4.962673613798118e-07,4.963243207854101e-07,2.3183695815434584e-10
1102,exact_spectrum,5,7,0.04486712803831477,-0.0002722939577073022,0.000887343328335048,3.0801726160730047,0.105764813088624,0.7048018822600292,1.0,0.1,0.7048018822600292,1.0,1.9119963405159222,4.962693043354593e-07,4.963262702592374e-07,6.563307053929049e-10
1103,exact_spectrum,5,8,0.04507245487373606,-6.696712228600882e-05,0.00040395684066180934,3.080755318934261,0.10579047268984546,0.7047770904919389,1.0,0.1,0.7047770904919389,1.0,1.6621426143627775,4.962679131745124e-07,4.963248724344457e-07,3.072042509755478e-10
1104,exact_spectrum,5,9,0.044842169954273994,-0.00029725204174807507,0.0005440791756712731,3.0803100441426734,0.10576169366386214,0.7047960343953363,1.0,0.1,0.7047960343953363,1.0,1.8084945007709057,4.962673004052375e-07,4.963242634327759e-07,5.082151393884523e-10
1105,exact_spectrum,5,10,0.04543705236600434,0.00029763036998226716,0.00022922189697475878,3.08113514883006,0.10583602094141759,0.7047609351364552,1.0,0.1,0.7047609351364552,1.0,1.5560191398532996,4.962679245967467e-07,4.96324886634813e-07,2.8792754562165335e-10
1106,exact_spectrum,5,11,0.04528104408310303,0.00014162208708096147,0.00018156483975076496,3.0806526758467276,0.10581653361714193,0.704781456894072,1.0,0.1,0.704781456894072,1.0,1.682051387735804,4.962667701112132e-07,4.963237330153957e-07,4.720416215341108e-10
1107,exact_spectrum,5,12,0.045049818337122134,-8.960365889993521e-05,0.0003838375613561838,3.0804993250417203,0.10578764411742124,0.7047879809165666,1.0,0.1,0.7047879809165666,1.0,1.613633026519343,4.962683583057016e-07,4.963253170564636e-07,2.457566093802892e-10
1108,exact_spectrum,5,13,0.0449020718125388,-0.00023735018348326753,0.00022900592254965416,3.0804853393570624,0.10576918043575047,0.7047885759429738,1.0,0.1,0.7047885759429738,1.0,1.9082970571868925,4.962675957035888e-07,4.963245553139054e-07,7.969086361052931e-10
1109,exact_spectrum,5,14,0.04465207359184344,-0.0004873484041786266,0.00036071523594876883,3.0801169829366972,0.1057379311559206,0.704804249716972,1.0,0.1,0.704804249716972,1.0,2.143735880280751,4.962674194988274e-07,4.963243821484242e-07,3.611278526770928e-10
1110,exact_spectrum,5,15,0.045286791293661796,0.00014736929763972673,0.00029523260239522304,3.0808733252115195,0.10581725157702589,0.7047720708972494,1.0,0.1,0.7047720708972494,1.0,1.7959567415043127,4.962676726356962e-07,4.963246365910286e-07,5.968198883929522e-10
1111,exact_spectrum,5,16,0.04424839622202081,-0.0008910257740012625,0.0005876194366636556,3.0797178740588205,0.105687452783277,0.7048212361727905,1.0,0.1,0.7048212361727905,1.0,1.6242853392778194,4.962690522064347e-07,4.963260141132713e-07,5.624772612597409e-10
1112,exact_spectrum,5,17,0.04581502014891754,0.0006755981528954735,0.0011138962692437155,3.081777949322708,0.1058832188252575,0.7047336037080982,1.0,0.1,0.7047336037080982,1.0,1.7070925503152852,4.962684977241496e-07,4.963254610797622e-07,2.6989872461312957e-10
1113,exact_spectrum,5,18,0.04519917730208578,5.975530606371071e-05,0.0006257975847862301,3.080740987112248,0.10580630602863376,0.7047777001456602,1.0,0.1,0.7047777001456602,1.0,1.814996776814743,4.962676565101889e-07,4.963246168763887e-07,6.688404665671852e-10
1114,exact_spectrum,5,19,0.04607286647527056,0.0009334444792484936,0.000739797857967366,3.0818187403793256,0.10591540474207894,0.7047318696778342,1.0,0.1,0.7047318696778342,1.0,1.4824648381851577,4.96266614567258e-07,4.963235779189338e-07,2.3027197557771396e-10
1115,exact_spectrum,5,20,0.044579995272270606,-0.0005594267237514633,0.0007030201404291208,3.079793779839788,0.10572891979416107,0.7048180052178487,1.0,0.1,0.7048180052178487,1.0,1.740166860998194,4.962670707847335e-07,4.96324033035392e-07,5.985581466836985e-10
1116,exact_spectrum,5,21,0.04435157898046144,-0.0007878430155606325,0.0007151891668010339,3.07961979598659,0.10570035770169181,0.7048254111298629,1.0,0.1,0.7048254111298629,1.0,1.4971585881610145,4.962676702840596e-07,4.963246329126597e-07,1.1289239274076664e-10
1117,exact_spectrum,5,22,0.0456658262485253,0.0005264042525032278,0.0005854901197408287,3.0814443960602866,0.10586459108341402,0.7047477847652733,1.0,0.1,0.7047477847652733,1.0,1.429403216265872,4.962694983454682e-07,4.963264594386806e-07,1.386546490235474e-10
1118,exact_spectrum,5,23,0.04504741675194383,-9.200524407823596e-05,0.0004990119121102409,3.0806301223418107,0.10578734402036231,0.7047824163507322,1.0,0.1,0.7047824163507322,1.0,1.9112323771723394,4.962668858453224e-07,4.963238505854085e-07,5.388799803035071e-10
1119,exact_spectrum,5,24,0.045642639042361884,0.0005032170463398142,0.00033089135938246036,3.081361080207289,0.10586169572913454,0.7047513274184071,1.0,0.1,0.7047513274184071,1.0,1.4837928356297791,4.962678275077553e-07,4.963247894985789e-07,2.2866527769965625e-10
1120,exact_spectrum,5,25,0.04527153815489292,0.0001321161588708486,0.00048776259003624765,3.0808651724691254,0.10581534609556177,0.704772417675687,1.0,0.1,0.704772417675687,1.0,1.560563017787757,4.962697042816335e-07,4.963266657764088e-07,1.6240978357792863e-10
1121,exact_spectrum,5,26,0.04506374208567712,-7.567991034494737e-05,0.00020034125523363098,3.0807298809575006,0.10578938398313194,0.7047781725882676,1.0,0.1,0.7047781725882676,1.0,1.4872429230520976,4.962678997365897e-07,4.963248636840483e-07,3.74476208466937e-10
1122,exact_spectrum,5,27,0.04538963044919002,0.0002502084531679494,0.0002786312485264141,3.08104548583665,0.10583009774918022,0.7047647484325158,1.0,0.1,0.7047647484325158,1.0,1.5090298864016596,4.962691796987263e-07,4.963261419782553e-07,1.5860446307470314e-10
1123,exact_spectrum,5,28,0.04512686482152195,-1.2557174500119062e-05,0.0001631965968171576,3.080695561596165,0.10579727123319436,0.7047796325141564,1.0,0.1,0.7047796325141564,1.0,1.6262433682506567,4.96267811382248e-07,4.963247757076482e-07,4.4818398082567855e-10
1124,exact_spectrum,5,29,0.04572160595044274,0.0005821839544206675,0.0009490819250870952,3.0815985384504034,0.10587155589308814,0.7047412310090884,1.0,0.1,0.7047412310090884,1.0,2.203111569572728,4.962689567971836e-07,4.963259162264032e-07,7.352397517109284e-10
1125,exact_spectrum,5,30,0.044444543659121,-0.0006948783369010725,0.00048360146908992766,3.080018294762086,0.10571198331054651,0.7048084495786355,1.0,0.1,0.7048084495786355,1.0,1.459644408225249,4.962683986194698e-07,4.963253646561054e-07,3.677644542557626e-10
1126,exact_spectrum,5,31,0.04509201900636254,-4.740298965952988e-05,0.00020990449443238679,3.0805408274410975,0.10579291728584633,0.7047862152119707,1.0,0.1,0.7047862152119707,1.0,1.5013319299786356,4.96267731762556e-07,4.963246958399321e-07,3.679791355691782e-10
1127,exact_spectrum,5,32,0.04474809750629038,-0.00039132448973169115,0.00029789800518263356,3.0801103342926313,0.10574993504629306,0.7048045326542917,1.0,0.1,0.7048045326542917,1.0,1.591702031823433,4.962680519210642e-07,4.963250165233591e-07,4.1187104452338556e-10
1128,exact_spectrum,5,33,0.04523437795900027,9.495596297819792e-05,0.000541881378146032,3.0809199774115688,0.10581070375562189,0.7047700865717001,1.0,0.1,0.7047700865717001,1.0,1.8597975458419063,4.962692196765463e-07,4.963261840688738e-07,3.6002955445789956e-10
1129,exact_spectrum,5,34,0.04448869673670376,-0.0006507252593183077,0.0007395990371393816,3.0796069380968625,0.10571750438358808,0.7048259584798622,1.0,0.1,0.7048259584798622,1.0,1.7450921945378612,4.962693711891246e-07,4.963263316826173e-07,3.878128165728009e-10
1130,exact_spectrum,5,35,0.04515328802125573,1.3866025233663648e-05,0.00023307496489440998,3.080954040056778,0.10580057266430369,0.7047686377731053,1.0,0.1,0.7047686377731053,1.0,1.6239243264673524,4.962674787936613e-07,4.963244417555848e-07,1.746100998378571e-10
1131,exact_spectrum,5,36,0.04430516765915685,-0.0008342543368652228,0.0005447469235745376,3.0796847096285656,0.10569455329980837,0.7048226478768475,1.0,0.1,0.7048226478768475,1.0,2.188629780144205,4.962671660260106e-07,4.963241295522218e-07,8.558910067952998e-11
1132,exact_spectrum,5,37,0.045602624055697726,0.00046320205967565614,0.0003146529267603865,3.081220351451092,0.10585669892698214,0.704757311738022,1.0,0.1,0.704757311738022,1.0,2.1201211437076863,4.962662707244111e-07,4.963232333254529e-07,5.28335630805389e-10
1133,exact_spectrum,5,38,0.045312284988729926,0.0001728629927078562,0.0007001996178010272,3.0811569097603217,0.10582043627204364,0.7047600096941318,1.0,0.1,0.7047600096941318,1.0,2.0246730129872104,4.962680252131929e-07,4.963249898942256e-07,5.999524361469837e-11
1134,exact_spectrum,5,39,0.044351548692313586,-0.0007878733037084834,0.0005251197736366997,3.0796176808798936,0.10570035391382814,0.7048255011679418,1.0,0.1,0.7048255011679418,1.0,1.5553710615756284,4.962671399900353e-07,4.96324103659287e-07,5.912916424787421e-11
1135,exact_spectrum,5,40,0.045901651865870696,0.0007622298698486268,0.0006164611039109985,3.0817991273043783,0.10589403380428555,0.7047327034252124,1.0,0.1,0.7047327034252124,1.0,2.027577971348984,4.962669960362885e-07,4.963239603774363e-07,3.0069705764226005e-10
1136,exact_spectrum,5,41,0.04477800645795349,-0.0003614155380685796,0.0003647881980356004,3.0801807274981257,0.10575367366761818,0.7048015370869629,1.0,0.1,0.7048015370869629,1.0,1.5895578768269363,4.962666883078588e-07,4.963236503564235e-07,2.5021726482833754e-10
1137,exact_spectrum,5,42,0.045365220400279314,0.000225798404257245,0.00059432994026412,3.0809426326868627,0.10582704870454068,0.7047691229633279,1.0,0.1,0.7047691229633279,1.0,1.8686698861767317,4.962681945310188e-07,4.963251579299373e-07,4.04508579902503e-10
1138,exact_spectrum,5,43,0.04536107658815689,0.00022165459213482203,0.00027667911121428707,3.081021951947758,0.10582653109471954,0.7047657493461974,1.0,0.1,0.7047657493461974,1.0,2.0178277293831823,4.962673057804066e-07,4.963242679851346e-07,5.226400250125631e-10
1139,exact_spectrum,5,44,0.04557711126511645,0.0004376892690943837,0.00034359556675458476,3.081389453317103,0.10585351293831075,0.7047501209512212,1.0,0.1,0.7047501209512212,1.0,1.5801078355923295,4.962679390425136e-07,4.963249040253747e-07,2.261345704099102e-10
1140,exact_spectrum,5,45,0.04518481003115687,4.538803513479822e-05,0.0002313961693291194,3.080825676912763,0.105804511028492,0.7047740976520986,1.0,0.1,0.7047740976520986,1.0,1.7873452668691354,4.96268913963805e-07,4.963258773496005e-07,3.063076370789144e-10
1141,exact_spectrum,5,46,0.04465030832509811,-0.0004891136709239616,0.0004959989665197959,3.0799276944386493,0.10573771046825622,0.7048123054787441,1.0,0.1,0.7048123054787441,1.0,1.3583963719513308,4.96268135572133e-07,4.963250971115264e-07,2.927031628812221e-10
1142,exact_spectrum,5,47,0.04551822516482182,0.00037880316879974896,0.0004883231710505269,3.08121170380707,0.10584615898820295,0.7047576794860622,1.0,0.1,0.7047576794860622,1.0,1.5562553236314463,4.962675256584167e-07,4.963244890337138e-07,2.5947401462049753e-10
1143,exact_spectrum,5,48,0.04474364738854551,-0.0003957746074765567,0.00034752232611401075,3.0800841676046224,0.10574937876992671,0.7048056462061372,1.0,0.1,0.7048056462061372,1.0,1.7481906599771304,4.962667561693684e-07,4.963237167232267e-07,3.5462848588393665e-10
1144,exact_spectrum,5,49,0.04439450073395032,-0.0007449212620717488,0.000636390572152521,3.0798550013302393,0.10570572539935345,0.704815399418349,1.0,0.1,0.704815399418349,1.0,2.134978829035225,4.962688410630744e-07,4.963258015683776e-07,4.351819297522011e-10
1145,exact_spectrum,5,50,0.045448257522877095,0.00030883552685502524,0.0003184561357616998,3.0811911610737304,0.10583742046312876,0.7047585530904843,1.0,0.1,0.7047585530904843,1.0,2.3920440306184787,4.962692552870414e-07,4.963262216556884e-07,1.6494306297006533e-10
1146,exact_spectrum,5,51,0.045442229295475325,0.000302807299453256,0.0006512562710000536,3.080931401153815,0.10583666754110783,0.7047696006781122,1.0,0.1,0.7047696006781122,1.0,1.9469540654596196,4.962676796906055e-07,4.963246413861624e-07,8.783628564767131e-10
1147,exact_spectrum,5,52,0.04437741005600724,-0.0007620119400148298,0.0012156157413002213,3.0795772149911103,0.10570358811038477,0.7048272237856563,1.0,0.1,0.7048272237856563,1.0,1.4587482381690329,4.962677223560101e-07,4.963246839426462e-07,2.431243617871857e-10
1148,exact_spectrum,5,53,0.045646426796992295,0.000507004800970226,0.0010276184719720178,3.0815109989932434,0.10586216870621405,0.7047449528931665,1.0,0.1,0.7047449528931665,1.0,1.5986566874609787,4.962675332172483e-07,4.963244951595169e-07,4.903860132600271e-10
1149,exact_spectrum,5,54,0.04484480832665843,-0.00029461366936364003,0.0008215722475140491,3.0804102300189395,0.10576202342926708,0.7047917715896275,1.0,0.1,0.7047917715896275,1.0,1.7287168353838056,4.962675896565236e-07,4.96324556005486e-07,2.3529914445109026e-10
1150,exact_spectrum,5,55,0.04511303999730815,-2.6381998713916055e-05,0.00043609826402912907,3.080685717622684,0.1057955438576327,0.7047800512770084,1.0,0.1,0.7047800512770084,1.0,1.8810689478348563,4.962673904393196e-07,4.963243516388281e-07,2.2592106491473037e-10
1151,exact_spectrum,5,56,0.04472768387119068,-0.00041173812483139005,0.0006757976512666286,3.0801136861512064,0.10574738326439645,0.7048043900136469,1.0,0.1,0.7048043900136469,1.0,1.5109657204614086,4.962675029819222e-07,4.963244669175701e-07,3.0520360674582194e-10
1152,exact_spectrum,5,57,0.045277709730126375,0.00013828773410430595,0.0005789955997653052,3.0808220274325917,0.10581611707689428,0.7047742528879102,1.0,0.1,0.7047742528879102,1.0,1.6991126804237973,4.962666448025841e-07,4.963236052645815e-07,3.270750909849329e-10
1153,exact_spectrum,5,58,0.046104715207492854,0.0009652932114707843,0.0006123637721601741,3.0819151734910406,0.10591937961221401,0.704727770479332,1.0,0.1,0.704727770479332,1.0,1.8072055791648067,4.962660822575454e-07,4.963230473414533e-07,6.436664605995279e-10
1154,exact_spectrum,5,59,0.04581141975008204,0.0006719977540599678,0.0007373572568192551,3.0817828854477205,0.10588276933273316,0.7047333938707356,1.0,0.1,0.7047333938707356,1.0,1.6596899211603302,4.96267980868048e-07,4.963249432263148e-07,1.206467197854621e-10
1155,exact_spectrum,5,60,0.04453094783704219,-0.0006084741589798826,0.0004015793892871929,3.080075990421329,0.10572278735601642,0.7048059941988616,1.0,0.1,0.7048059941988616,1.0,1.974201888744842,4.962670748161103e-07,4.963240383410093e-07,3.3781262636934447e-10
1156,exact_spectrum,5,61,0.04543584964738615,0.0002964276513640826,0.0005491813125599019,3.081062527586607,0.10583587072101805,0.7047640236436534,1.0,0.1,0.7047640236436534,1.0,1.1180439617134261,4.962694756689736e-07,4.963264376086177e-07,1.2913079427189913e-10
1157,exact_spectrum,5,62,0.04478415954058686,-0.0003552624554352124,0.0004221736836115896,3.080259491380761,0.10575444278704224,0.7047981854663745,1.0,0.1,0.7047981854663745,1.0,1.5488321050863387,4.962674596446214e-07,4.96324421639382e-07,2.1593505060617564e-10
1158,exact_spectrum,5,63,0.0448494989361484,-0.000289923059873666,0.00041290890804870884,3.0802677339825815,0.10576260969754687,0.7047978347306272,1.0,0.1,0.7047978347306272,1.0,1.8205949099022831,4.962684021469244e-07,4.96325365881791e-07,3.842802701527003e-10
1159,exact_spectrum,5,64,0.04496281520144026,-0.00017660679458181283,0.00036564303361392764,3.080447956407533,0.10577677184435136,0.7047901664411298,1.0,0.1,0.7047901664411298,1.0,1.6193327877477968,4.962680035445425e-07,4.963249694289517e-07,1.5335836629437238e-10
1160,exact_spectrum,5,65,0.04495634454405941,-0.0001830774519626585,0.0007316963829003195,3.0804993391773587,0.10577596319949202,0.704787980315163,1.0,0.1,0.704787980315163,1.0,1.767037918284228,4.962676041022904e-07,4.963245670327187e-07,4.386761570958693e-10
1161,exact_spectrum,5,66,0.045124497765889345,-1.492423013272487e-05,0.0005082130451575047,3.0806638091214005,0.10579697547779629,0.7047809832745566,1.0,0.1,0.7047809832745566,1.0,1.3841808784101344,4.96267995817737e-07,4.963249575434766e-07,2.1553020693907272e-10
1162,exact_spectrum,5,67,0.04524759514083646,0.00010817314481439272,0.0005548650740904534,3.0807650058007328,0.10581235497184702,0.7047766784306486,1.0,0.1,0.7047766784306486,1.0,2.0189073251915426,4.962678249881447e-07,4.963247873424746e-07,1.219483610707978e-10
1163,exact_spectrum,5,68,0.04467589643577049,-0.0004635255602515806,0.0006714603583989733,3.0801926852039654,0.10574090936206078,0.7048010282427617,1.0,0.1,0.7048010282427617,1.0,1.5604256343914893,4.962677008553338e-07,4.963246625338308e-07,1.8887450202035561e-10
1164,exact_spectrum,5,69,0.04550856829030042,0.00036914629427835244,0.0003996730587358824,3.081143991772903,0.10584495294730877,0.704760559064886,1.0,0.1,0.704760559064886,1.0,2.013161907670866,4.962686035477908e-07,4.963255640767155e-07,6.881406147971546e-10
1165,exact_spectrum,5,70,0.045575226754874076,0.000435804758852007,0.00041632394127269376,3.081179669571883,0.10585327760045958,0.704759041785389,1.0,0.1,0.704759041785389,1.0,1.7426425317506284,4.962686149700251e-07,4.963255786169677e-07,6.098301282005715e-10
1166,exact_spectrum,5,71,0.045452314864848915,0.0003128928688268459,0.000463404648614848,3.081144121693788,0.10583792721971472,0.7047605535396425,1.0,0.1,0.7047605535396425,1.0,1.4844836249684388,4.962672809202496e-07,4.96324243135476e-07,1.351618127148456e-10
1167,exact_spectrum,5,72,0.045369805384938865,0.00023038338891679527,0.0005787934332883483,3.0810763925832765,0.10582762141893842,0.7047634339685084,1.0,0.1,0.7047634339685084,1.0,1.8815572384157586,4.962683519226883e-07,4.963253142848921e-07,4.6051213057442335e-10
1168,exact_spectrum,5,73,0.04475058116686341,-0.0003888408291586598,0.0010554460863927315,3.080144762605539,0.1057502455090934,0.704803067548267,1.0,0.1,0.704803067548267,1.0,1.8769265482328465,4.962671468769708e-07,4.963241097969008e-07,8.41061361491103e-10
1169,exact_spectrum,5,74,0.044329126109557096,-0.0008102958864649734,0.0005293606044032313,3.0798556477281425,0.10569754968771487,0.7048153719059485,1.0,0.1,0.7048153719059485,1.0,1.7467015789700828,4.962676205637457e-07,4.963245832395885e-07,4.399096901597377e-10
1170,exact_spectrum,5,75,0.045162409826690036,2.2987830667967057e-05,0.00025538040367014954,3.080488635125496,0.10580171235898417,0.7047884357227439,1.0,0.1,0.7047884357227439,1.0,1.9896117812528151,4.962656351106677e-07,4.963225990555018e-07,1.8253402291549168e-10
1171,exact_spectrum,5,76,0.045234923899959686,9.550190393761704e-05,0.00024366959531705275,3.0809264561129974,0.10581077196027586,0.704769811008372,1.0,0.1,0.704769811008372,1.0,1.880189932535557,4.962685390457618e-07,4.963255023055769e-07,3.346293557063312e-10
1172,exact_spectrum,5,77,0.04586388537372015,0.0007244633776980827,0.0008438029032878554,3.081709413113316,0.10588931922549445,0.7047365172877551,1.0,0.1,0.7047365172877551,1.0,1.6614498371292976,4.962682966592312e-07,4.963252581290729e-07,9.179985658769876e-11
1173,exact_spectrum,5,78,0.044756057210621356,-0.00038336478540071384,0.0005574447430243233,3.080301195511948,0.10575093002287135,0.7047964109085083,1.0,0.1,0.7047964109085083,1.0,1.665299709696641,4.962691973359998e-07,4.963261611810993e-07,5.109797610184699e-10
1174,exact_spectrum,5,79,0.04514420189261701,4.779896594940547e-06,0.0004800628012115883,3.080757616159519,0.10579943741494073,0.7047769927720176,1.0,0.1,0.7047769927720176,1.0,1.7192577345509266,4.962689791377301e-07,4.963259408739681e-07,3.193068325938194e-10
1175,exact_spectrum,5,80,0.045302717914314165,0.00016329591829209594,0.00041378360520587134,3.080760800523999,0.10581924115585041,0.7047768573149906,1.0,0.1,0.7047768573149906,1.0,2.0881347927636997,4.962670165291206e-07,4.963239798821087e-07,2.594100322612325e-10
1176,exact_spectrum,5,81,0.045908158885918864,0.0007687368898967942,0.0005558590131002952,3.0816586768276877,0.10589484608671883,0.7047386742470838,1.0,0.1,0.7047386742470838,1.0,1.6045305901786546,4.962668425080217e-07,4.963238091155067e-07,3.969798472342235e-10
1177,exact_spectrum,5,82,0.04494156246933624,-0.0001978595266858285,0.0002359806978720641,3.0807443413815196,0.10577411584487156,0.7047775574596931,1.0,0.1,0.7047775574596931,1.0,1.6467696757274337,4.962678365783531e-07,4.963247993263721e-07,4.17483382438205e-10
1178,exact_spectrum,5,83,0.04498969064059731,-0.00014973135542475924,0.00029971411029765715,3.080398612778374,0.10578013043009445,0.7047922658773041,1.0,0.1,0.7047922658773041,1.0,1.3444885821832395,4.962682383722415e-07,4.963252014588334e-07,2.1486130284184188e-10
1179,exact_spectrum,5,84,0.04506441159947869,-7.501039654338182e-05,0.00026927009671698284,3.0806707018864388,0.10578946764264804,0.7047806900518154,1.0,0.1,0.7047806900518154,1.0,2.0503458713308222,4.962679785164115e-07,4.963249415859434e-07,5.503070910896688e-10
1180,exact_spectrum,5,85,0.045520071646919714,0.0003806496508976451,0.0004895600265754286,3.081190486468033,0.10584638959260838,0.7047585817790959,1.0,0.1,0.7047585817790959,1.0,1.8419405809950997,4.962674935753763e-07,4.963244552879929e-07,5.62581783102196e-10
1181,exact_spectrum,5,86,0.04500647017168088,-0.00013295182434119174,0.0002777630262805359,3.080441605274939,0.10578222729036657,0.7047904366607178,1.0,0.1,0.7047904366607178,1.0,1.3360885556006699,4.962682509702941e-07,4.963252141329991e-07,3.678637374080425e-10
1182,exact_spectrum,5,87,0.04546303340446181,0.0003236114084397418,0.0005229226212124023,3.08110730411447,0.10583926593930577,0.7047621193268616,1.0,0.1,0.7047621193268616,1.0,1.8697883221213276,4.96267896041161e-07,4.963248600883542e-07,4.694588947858107e-10
1183,exact_spectrum,5,88,0.04488966224423931,-0.0002497597517827563,0.00020504678547977507,3.080410045182195,0.10576762948219488,0.7047917794539901,1.0,0.1,0.7047917794539901,1.0,1.471602409082103,4.962669799107813e-07,4.963239442663644e-07,4.084618592834546e-10
1184,exact_spectrum,5,89,0.04508644810509702,-5.297389092504684e-05,0.00038548526689203324,3.0804914186851122,0.1057922211910757,0.7047883172949408,1.0,0.1,0.7047883172949408,1.0,1.5828279612112477,4.962655165209999e-07,4.963224797690042e-07,3.975611581220806e-10
1185,exact_spectrum,5,90,0.04490770550294862,-0.00023171649307345,0.00037349893617715554,3.080368486358246,0.10576988452946404,0.7047935477063141,1.0,0.1,0.7047935477063141,1.0,1.9993628984146685,4.96267876220225e-07,4.963248395036613e-07,7.328482896459115e-10
1186,exact_spectrum,5,91,0.04555633113829516,0.00041690914227308917,0.0003241395051387438,3.081314261868738,0.10585091788480971,0.7047533182519902,1.0,0.1,0.7047533182519902,1.0,2.006152970927747,4.96267108578891e-07,4.963240698046455e-07,5.573765984974426e-10
1187,exact_spectrum,5,92,0.04442457965255379,-0.0007148423434682818,0.0009684906597210829,3.079649779899442,0.1057094868386272,0.7048241347562679,1.0,0.1,0.7048241347562679,1.0,1.383516950821719,4.962681375878213e-07,4.963251042622335e-07,2.6687631008411565e-10
1188,exact_spectrum,5,93,0.04519451318554681,5.509118952474329e-05,0.00017573764363471681,3.080952900487176,0.10580572331240826,0.7047686862423166,1.0,0.1,0.7047686862423166,1.0,1.8432329355432429,4.962662821466454e-07,4.963232483735642e-07,1.631875295997932e-10
1189,exact_spectrum,5,94,0.04521472234312222,7.53003471001476e-05,0.00020676115606041567,3.0810264384050736,0.10580824814124713,0.7047655585326971,1.0,0.1,0.7047655585326971,1.0,1.5196751391392036,4.962681575767314e-07,4.963251230044612e-07,1.4280322446459063e-10
1190,exact_spectrum,5,95,0.04566841541778714,0.0005289934217650727,0.0006605201011368798,3.0815529747345107,0.10586491438447447,0.7047431681995917,1.0,0.1,0.7047431681995917,1.0,2.119664691777074,4.962679276202793e-07,4.963248898578148e-07,1.1305230927001514e-10
1191,exact_spectrum,5,96,0.04537661750073753,0.00023719550471545947,0.00029968399381419356,3.080923675438863,0.1058284723204889,0.7047699292806718,1.0,0.1,0.7047699292806718,1.0,1.5263198847126553,4.962689233703509e-07,4.963258846184144e-07,3.6897444470897363e-10
1192,exact_spectrum,5,97,0.044739863420659144,-0.0003995585753629252,0.00040224591637793926,3.080087037014341,0.10574890576173437,0.704805524094383,1.0,0.1,0.704805524094383,1.0,1.8428111017477165,4.96266629180999e-07,4.963235923975082e-07,7.279850791769691e-11
1193,exact_spectrum,5,98,0.04470986552229389,-0.0004295564737281793,0.0005342074942871363,3.0802739544148157,0.10574515585279663,0.7047975700426129,1.0,0.1,0.7047975700426129,1.0,1.651163683242078,4.962666647914941e-07,4.963236305236768e-07,2.0775509310770977e-10
1194,exact_spectrum,5,99,0.04462510806359671,-0.0005143139324253615,0.0008621104267099788,3.0799075990355846,0.10573455996676734,0.7048131607582089,1.0,0.1,0.7048131607582089,1.0,1.7221468753762368,4.962681191106777e-07,4.963250820069863e-07,3.097011272450737e-10
1195,real,6,0,0.04516784738881837,2.842539279630102e-05,0.00032008697080605346,3.0808013855255414,0.10580239173187836,0.704775130927467,1.0,0.1,0.704775130927467,1.0,1.3576282324136633,4.962682790219578e-07,4.963252443092717e-07,2.504354211045748e-10
1196,iaaft,6,1,0.045077618813252965,-6.180318276910457e-05,0.00017418988252496594,3.0806580381762476,0.10579111794478663,0.7047812287753337,1.0,0.1,0.7047812287753337,1.0,1.9095317842764303,4.962675874728611e-07,4.963245496080374e-07,6.355861799424833e-10
1197,iaaft,6,2,0.045237879511313604,9.845751529153485e-05,0.0002727307628324507,3.0808208597843434,0.10581114120539194,0.7047743025555594,1.0,0.1,0.7047743025555594,1.0,1.797326638961172,4.962697360287259e-07,4.963266966639465e-07,6.622476694669851e-10
1198,iaaft,6,3,0.04528300542080325,0.0001435834247811782,0.0004528888140882218,3.0809540809387697,0.10581677863425416,0.704768636034276,1.0,0.1,0.704768636034276,1.0,1.2403441542878917,4.962680492334797e-07,4.963250079173145e-07,1.233615476128717e-10
1199,iaaft,6,4,0.04512116297849404,-1.8259017528027277e-05,0.00033231870574026594,3.0807095340081467,0.10579655880626532,0.7047790381319413,1.0,0.1,0.7047790381319413,1.0,2.2210848009364152,4.962672426221699e-07,4.963242034017433e-07,4.819038547274117e-10
1200,iaaft,6,5,0.045208514773275386,6.909277725331703e-05,0.0003950821909155553,3.0808143128818446,0.1058074726056143,0.7047745810384463,1.0,0.1,0.7047745810384463,1.0,1.4433575184032326,4.962683579697535e-07,4.963253187676991e-07,1.5311666740747768e-10
1201,iaaft,6,6,0.04499905634091755,-0.00014036565510452265,0.0002546682948539173,3.080560423073662,0.10578130082340433,0.7047853815390627,1.0,0.1,0.7047853815390627,1.0,1.9634066771279244,4.962657550441278e-07,4.963227187435622e-07,3.3806073451546167e-10
1202,iaaft,6,7,0.04491181089770317,-0.00022761109831889725,0.00020465540221282537,3.0804534990401238,0.10577039761516736,0.7047899306214226,1.0,0.1,0.7047899306214226,1.0,2.2501572077242127,4.962684713522263e-07,4.963254347432709e-07,5.465500473735596e-10
1203,iaaft,6,8,0.04537778160299665,0.0002383596069745822,0.0004399493327040052,3.081151826724548,0.10582861772784602,0.7047602258628078,1.0,0.1,0.7047602258628078,1.0,2.1966969148782844,4.962677351220367e-07,4.963246989566378e-07,5.174336593403853e-10
1204,iaaft,6,9,0.04549080364929795,0.0003513816532758826,0.00037779462503936275,3.081303112928647,0.1058427342967418,0.7047537923417213,1.0,0.1,0.7047537923417213,1.0,1.8519244783057558,4.962680176543614e-07,4.963249806582783e-07,4.956112970077477e-10
1205,iaaft,6,10,0.045360017212327144,0.00022059521630507506,0.00038235795378866437,3.0810140338847596,0.10582639876608074,0.7047660861106354,1.0,0.1,0.7047660861106354,1.0,1.855251080739171,4.962690023181468e-07,4.963259679033523e-07,4.676409065701422e-10
1206,iaaft,6,11,0.04574361493668684,0.0006041929406647717,0.00048712720346249117,3.0815233174037124,0.10587430387064448,0.7047444291431458,1.0,0.1,0.7047444291431458,1.0,2.1562050759948974,4.962689710749765e-07,4.963259356405271e-07,4.228627561158809e-10
1207,iaaft,6,12,0.04519968999863868,6.026800261661053e-05,0.00015240602882375537,3.080775944859569,0.10580637008271229,0.704776213106476,1.0,0.1,0.704776213106476,1.0,1.3635358127759574,4.962673969903069e-07,4.963243626253797e-07,2.3722066241257744e-10
1208,iaaft,6,13,0.04523088741750847,9.146542148640024e-05,0.0003225067210836411,3.080850244964073,0.10581026767963642,0.7047730526245953,1.0,0.1,0.7047730526245953,1.0,1.9241119053436733,4.962699160968899e-07,4.963268761402646e-07,6.341798173455275e-10
1209,iaaft,6,14,0.045096461867451434,-4.2960128570634915e-05,0.00030112075157290015,3.080683245556038,0.10579347242655598,0.7047801564391908,1.0,0.1,0.7047801564391908,1.0,1.6966295642750435,4.962685625621265e-07,4.963255251867897e-07,4.0620989965340606e-10
1210,iaaft,6,15,0.0447449205666468,-0.00039450142937526994,0.0002666158122014362,3.080212633441111,0.10574953792082076,0.7048001793807901,1.0,0.1,0.7048001793807901,1.0,1.8551609880107665,4.962676805304758e-07,4.963246436761208e-07,3.5930001173451155e-10
1211,iaaft,6,16,0.04538085059826787,0.0002414286022458037,0.0003219898568476639,3.081082961007003,0.10582900107335802,0.7047631546167614,1.0,0.1,0.7047631546167614,1.0,1.6603649590692553,4.962662611498912e-07,4.963232230186711e-07,1.75618185502589e-10
1212,iaaft,6,17,0.045387022501398824,0.00024760050537675493,0.00018359335888146338,3.0810263919860454,0.10582977199616955,0.7047655605069418,1.0,0.1,0.7047655605069418,1.0,1.5934129027334658,4.962678181012093e-07,4.963247830591368e-07,4.4873535559122143e-10
1213,iaaft,6,18,0.045309231543856514,0.0001698095478344444,0.00035206405864097025,3.0808996638451673,0.10582005483805193,0.7047709505907833,1.0,0.1,0.7047709505907833,1.0,1.9013007517499567,4.962680497374017e-07,4.963250146808939e-07,2.404656582837783e-10
1214,iaaft,6,19,0.04528231034406074,0.00014288834803866807,0.0002634195078681357,3.080926544731076,0.10581669180292017,0.7047698072391226,1.0,0.1,0.7047698072391226,1.0,1.4891602089023908,4.962675987271214e-07,4.963245656561191e-07,3.9475605999913556e-10
1215,iaaft,6,20,0.04516166821633799,2.2246220315921827e-05,0.00029559445729985243,3.080847042452526,0.1058016197013193,0.7047731888458145,1.0,0.1,0.7047731888458145,1.0,1.258858162665501,4.962672889830033e-07,4.963242484109106e-07,6.777940179793707e-11
1216,iaaft,6,21,0.04467115008655255,-0.0004682719094695198,0.00029923440008075867,3.080145954069197,0.10574031600523814,0.7048030168457884,1.0,0.1,0.7048030168457884,1.0,2.1250363095825997,4.96268933448793e-07,4.963258958175581e-07,7.847387808865341e-10
1217,iaaft,6,22,0.04500017492283555,-0.0001392470731865214,0.00017418123036509235,3.080443893550732,0.10578144060715151,0.7047903393020606,1.0,0.1,0.7047903393020606,1.0,1.8455981377082147,4.962664721252775e-07,4.963234352381152e-07,1.6977902490123234e-10
1218,iaaft,6,23,0.04500004297174709,-0.00013937902427497983,0.0002684313493370123,3.0805599219297237,0.10578142411787474,0.7047854028595066,1.0,0.1,0.7047854028595066,1.0,1.4759824163855884,4.962695801488226e-07,4.963265450726303e-07,3.409073589690446e-10
1219,iaaft,6,24,0.044959090901378236,-0.0001803310946438333,0.00018893189506295706,3.0804289597054577,0.10577630641541014,0.7047909746909317,1.0,0.1,0.7047909746909317,1.0,1.8240529210093808,4.962682160316951e-07,4.963251792810116e-07,3.09658871277227e-10
1220,iaaft,6,25,0.04491154357643294,-0.00022787841958912813,0.0002521338673902046,3.080503680756481,0.10577036420585617,0.704787795602065,1.0,0.1,0.704787795602065,1.0,1.3888809792614838,4.962676282905513e-07,4.963245908246659e-07,3.238769756166935e-10
1221,iaaft,6,26,0.0451238879744265,-1.5534021595570158e-05,0.00024616593921273467,3.080790258744815,0.10579689928633236,0.7047756042292952,1.0,0.1,0.7047756042292952,1.0,1.8293920232033642,4.962675963754848e-07,4.963245584201127e-07,4.257622503965635e-10
1222,iaaft,6,27,0.045222549052827896,8.312705680582622e-05,0.0003783258433289773,3.080806556391845,0.10580922595416307,0.704774910974558,1.0,0.1,0.704774910974558,1.0,1.475627290670733,4.962669652970403e-07,4.963239264506184e-07,2.130806731011008e-10
1223,iaaft,6,28,0.04507485808055282,-6.456391546925261e-05,0.0003680668638797393,3.080724391366632,0.10579077298065954,0.7047784061101636,1.0,0.1,0.7047784061101636,1.0,2.046201967782724,4.962690594293182e-07,4.963260223518728e-07,1.0837964959471292e-10
1224,iaaft,6,29,0.045215751265251854,7.632926922978428e-05,0.00027414746891939087,3.0808038534586943,0.10580837668790638,0.7047750259490144,1.0,0.1,0.7047750259490144,1.0,2.0972514557993938,4.962679099830057e-07,4.963248691497659e-07,5.760322093634413e-10
1225,iaaft,6,30,0.044759305298626095,-0.0003801166973959741,0.0002565321145986588,3.0802666989897953,0.10575133603670646,0.7047978787711067,1.0,0.1,0.7047978787711067,1.0,1.4211419557682554,4.962686631785727e-07,4.963256260906289e-07,1.968887636329768e-10
1226,iaaft,6,31,0.04520949567686589,7.007368084382265e-05,0.0001085145625393718,3.080836352275282,0.10580759515405966,0.7047736435624926,1.0,0.1,0.7047736435624926,1.0,1.8632876685588327,4.96269432331673e-07,4.963263953749589e-07,4.560165365273703e-10
1227,iaaft,6,32,0.045195780885469786,5.6358889447716276e-05,0.00041949129843851546,3.0807874799870865,0.10580588169412736,0.7047757224303242,1.0,0.1,0.7047757224303242,1.0,1.6298391933438536,4.962689441991311e-07,4.96325907193862e-07,4.061571295608889e-10
1228,iaaft,6,33,0.04500426073657329,-0.00013516125944877666,0.000193859757521361,3.080471469094015,0.10578195118987208,0.7047891660639531,1.0,0.1,0.7047891660639531,1.0,1.823298514961139,4.962684281828997e-07,4.963253915831304e-07,6.540330988192048e-10
1229,iaaft,6,34,0.04523285882508966,9.343682906758771e-05,0.000440571255193053,3.0807900612592283,0.10581051396929571,0.7047756126298046,1.0,0.1,0.7047756126298046,1.0,2.12068464830226,4.962672140665842e-07,4.963241760377234e-07,1.158305577935147e-10
1230,iaaft,6,35,0.04499314006048098,-0.00014628193554108715,0.0001646108231836877,3.0805229110690275,0.10578056149151274,0.7047869774518318,1.0,0.1,0.7047869774518318,1.0,1.598607096061013,4.962687725296687e-07,4.963257381844259e-07,3.286897623804017e-10
1231,iaaft,6,36,0.04503339795785013,-0.000106024038171941,0.00013690019489143396,3.0806232773360085,0.10578559224419568,0.7047827075492776,1.0,0.1,0.7047827075492776,1.0,1.7442736891018877,4.962682660879572e-07,4.963252315143747e-07,4.783795600317154e-10
1232,iaaft,6,37,0.04510330278881142,-3.611920721065254e-05,0.0004232832508962049,3.0807585439343046,0.10579432720201637,0.7047769533061509,1.0,0.1,0.7047769533061509,1.0,1.6835182560028086,4.962666399313371e-07,4.963236032554546e-07,2.883302371214498e-10
1233,iaaft,6,38,0.045080477030994,-5.894496502806962e-05,0.0002581000425277144,3.0806895172845987,0.10579147508885792,0.7047798896389948,1.0,0.1,0.7047798896389948,1.0,1.407717594799265,4.962677331063483e-07,4.96324698078711e-07,2.1932311311137178e-10
1234,iaaft,6,39,0.04525866462566652,0.0001192426296444532,0.0001572473904755092,3.0808618725082915,0.1058137378574823,0.7047725580406557,1.0,0.1,0.7047725580406557,1.0,1.6936611957685939,4.962678318750801e-07,4.963247916743675e-07,5.176359053261203e-10
1235,iaaft,6,40,0.045176339288833814,3.6917292811744495e-05,0.00030122996408959166,3.080848459070108,0.10580345270720262,0.704773128588894,1.0,0.1,0.704773128588894,1.0,1.6362643086438868,4.962671589711011e-07,4.963241248568227e-07,2.4441456509066577e-10
1236,iaaft,6,41,0.045181017123404436,4.159512738236698e-05,0.00020359422558717798,3.0808860836569516,0.10580403714984202,0.7047715282179727,1.0,0.1,0.7047715282179727,1.0,1.7782156531343358,4.962668117687736e-07,4.963237724171172e-07,3.848081285535284e-10
1237,iaaft,6,42,0.04515927240702066,1.985041099859114e-05,0.00047091500597866556,3.0807817892487357,0.10580132036554618,0.7047759644999848,1.0,0.1,0.7047759644999848,1.0,1.6058253355552858,4.962670791834352e-07,4.963240460428811e-07,3.590169334942584e-10
1238,iaaft,6,43,0.04526289294279411,0.00012347094677204323,0.0004054167672547719,3.0809986059782104,0.10581426608678139,0.7047667422823357,1.0,0.1,0.7047667422823357,1.0,1.8060603995808553,4.962697125123612e-07,4.963266781526831e-07,3.438667202451672e-10
1239,iaaft,6,44,0.044884648559993724,-0.0002547734360283452,0.00021631237236209287,3.0803795646583723,0.10576700286318068,0.7047930763402348,1.0,0.1,0.7047930763402348,1.0,1.9049233551529967,4.962694146943994e-07,4.963263743978891e-07,2.1868984575522314e-10
1240,iaaft,6,45,0.04514288815093666,3.4661549145886816e-06,0.000158861514940758,3.0806441485988096,0.10579927327093358,0.7047818196531346,1.0,0.1,0.7047818196531346,1.0,1.5821150163053295,4.962682313173322e-07,4.963251971243159e-07,3.501959188438321e-10
1241,iaaft,6,46,0.044840746768978625,-0.0002986752270434448,0.0005170847214561383,3.08040572402448,0.10576151578207248,0.7047919633092085,1.0,0.1,0.7047919633092085,1.0,1.9592504630246732,4.96267731426608e-07,4.963246911091009e-07,6.548702604062938e-10
1242,iaaft,6,47,0.04512595896456092,-1.3463031461151409e-05,0.0003442168314684071,3.080678599663213,0.10579715804960406,0.7047803540767972,1.0,0.1,0.7047803540767972,1.0,1.504600939765313,4.96268370063884e-07,4.963253332174029e-07,2.599404995087712e-10
1243,iaaft,6,48,0.04546217324883266,0.00032275125281058803,0.0004230212725951718,3.08126964978428,0.10583915850857961,0.704755215325258,1.0,0.1,0.704755215325258,1.0,2.254442099439374,4.962663117100753e-07,4.963232738806836e-07,5.909485607641466e-10
1244,iaaft,6,49,0.04534469061377966,0.00020526861775758964,0.00017595308678594693,3.0809383897520974,0.10582448427315015,0.7047693034291782,1.0,0.1,0.7047693034291782,1.0,2.058491188751374,4.962689757782494e-07,4.96325942158707e-07,7.158782509651587e-10
1245,iaaft,6,50,0.04518305760890918,4.363561288710932e-05,0.0003542775143509912,3.0807391308103576,0.10580429208446734,0.7047777791103014,1.0,0.1,0.7047777791103014,1.0,1.4517794172785758,4.962674945832205e-07,4.963244561606705e-07,3.2302634986096753e-10
1246,iaaft,6,51,0.04479193645868619,-0.0003474855373358787,0.0002557018105858328,3.080325757803102,0.10575541487369955,0.704795365777323,1.0,0.1,0.704795365777323,1.0,1.8451362368163213,4.962696809332428e-07,4.96326645647083e-07,3.575299276135722e-10
1247,iaaft,6,52,0.045163546180994094,2.4124184972024176e-05,0.00044766570483373725,3.0808420100005574,0.10580185433626273,0.7047734029054762,1.0,0.1,0.7047734029054762,1.0,1.7551500761264438,4.962696040011354e-07,4.963265639237787e-07,2.3770951934246134e-10
1248,iaaft,6,53,0.04535447261189645,0.00021505061587438062,0.00021456630766126495,3.0810019690517865,0.10582570617685347,0.70476659924529,1.0,0.1,0.70476659924529,1.0,1.3811493539114996,4.962676830500862e-07,4.963246439858229e-07,2.0834982617069536e-10
1249,iaaft,6,54,0.04481648738487598,-0.000322934611146089,0.00022008070898508428,3.08043122448938,0.10575848359212181,0.7047908783310007,1.0,0.1,0.7047908783310007,1.0,1.6560445552654135,4.962673168666928e-07,4.963242762670419e-07,5.081331943059611e-10
1250,iaaft,6,55,0.045087648911124475,-5.177308489759391e-05,0.000259624367556769,3.080705840184055,0.10579237123447328,0.7047791952655966,1.0,0.1,0.7047791952655966,1.0,2.1695560162905045,4.962665430103197e-07,4.963235093343484e-07,9.304624911368284e-10
1251,iaaft,6,56,0.045255442706503876,0.00011602071048180673,0.00046757795151670186,3.0808734314641733,0.10581333535229297,0.7047720663777846,1.0,0.1,0.7047720663777846,1.0,1.3564789231020369,4.962667350046402e-07,4.963237008549296e-07,5.696674002696371e-11
1252,iaaft,6,57,0.04541944698042983,0.0002800249844077604,0.00021776555006207626,3.081118379103331,0.10583382199511997,0.7047616483231098,1.0,0.1,0.7047616483231098,1.0,1.4187951812802295,4.962705656524781e-07,4.963275325985358e-07,3.21373081182073e-10
1253,iaaft,6,58,0.04493893433087781,-0.0002004876651442583,0.00021910199849898857,3.0804528635370607,0.10577378739614222,0.7047899576598218,1.0,0.1,0.7047899576598218,1.0,1.8498274594335478,4.962668851734262e-07,4.963238456419852e-07,3.641303990274359e-10
1254,iaaft,6,59,0.04477863388174715,-0.0003607881142749167,0.0002868132629694828,3.0803990202225786,0.10575375209422666,0.7047922485414002,1.0,0.1,0.7047922485414002,1.0,1.5988610281398459,4.962686415099224e-07,4.963256076751632e-07,4.057381235830716e-10
1255,iaaft,6,60,0.045104293788798516,-3.512820722355314e-05,0.0001577799122950841,3.080709567131367,0.10579445102723052,0.7047790367228958,1.0,0.1,0.7047790367228958,1.0,1.3892301618219374,4.962673860719947e-07,4.963243481284332e-07,1.0987515391166539e-10
1256,iaaft,6,61,0.044831512233705385,-0.00030790976231668404,0.00021661824570507867,3.080335121455225,0.10576036156412803,0.704794967356054,1.0,0.1,0.704794967356054,1.0,1.459470389994847,4.962666264934145e-07,4.963235876929228e-07,4.0943000387249143e-10
1257,iaaft,6,62,0.045170812583155244,3.139058713317461e-05,0.00026862788436949903,3.080923266638761,0.10580276220353761,0.7047699466684616,1.0,0.1,0.7047699466684616,1.0,1.6116744558727878,4.962687748813051e-07,4.963257382027981e-07,3.230603436060328e-10
1258,iaaft,6,63,0.045082049933746884,-5.737206227518499e-05,0.00023963329326426213,3.0806603357420257,0.10579167162791608,0.7047811310348784,1.0,0.1,0.7047811310348784,1.0,1.6590054592629966,4.962678805875499e-07,4.963248439116674e-07,4.4415168016025926e-10
1259,iaaft,6,64,0.04537599896299399,0.00023657696697192143,0.0005754206640826244,3.081125605844553,0.10582839505920669,0.7047613409817248,1.0,0.1,0.7047613409817248,1.0,1.3498256099843833,4.962683321017524e-07,4.963252957368843e-07,1.6722238662003751e-10
1260,iaaft,6,65,0.044789732610285196,-0.00034968938573687325,0.00023908326190922796,3.0802334254557415,0.10575513940152122,0.7047992946248273,1.0,0.1,0.7047992946248273,1.0,1.4127565789759982,4.96269392689801e-07,4.963263528329103e-07,2.971918647437059e-10
1261,iaaft,6,66,0.04498248084874146,-0.00015694114728061204,0.0003128525170110869,3.0805144080109725,0.10577922944303694,0.7047873392116927,1.0,0.1,0.7047873392116927,1.0,1.8541619367597637,4.962689945913412e-07,4.963259597474255e-07,4.674594631186403e-10
1262,iaaft,6,67,0.04515349096626104,1.4068970238971523e-05,0.00013477650997642835,3.0807972879432404,0.10580059802074905,0.7047753052266561,1.0,0.1,0.7047753052266561,1.0,1.7227417103472118,4.962690745469812e-07,4.963260368553808e-07,4.745422457242632e-10
1263,iaaft,6,68,0.045347520488192,0.0002080984921699336,0.0003197176141573114,3.0808993159186175,0.10582483776414155,0.70477096538962,1.0,0.1,0.70477096538962,1.0,2.026349655992156,4.962693342348373e-07,4.96326297188887e-07,5.124477280922766e-10
1264,iaaft,6,69,0.044847415091788884,-0.00029200690423318576,0.00020611191530157518,3.0803751466873512,0.10576234924312856,0.7047932643182858,1.0,0.1,0.7047932643182858,1.0,2.355881465026259,4.962671404939575e-07,4.963241040542885e-07,1.6951044491976085e-10
1265,iaaft,6,70,0.04521372652147281,7.430452545074268e-05,0.00037102560618559194,3.080931469401247,0.10580812372979212,0.7047695977753097,1.0,0.1,0.7047695977753097,1.0,1.8088007258121654,4.962700392218566e-07,4.963270018347091e-07,5.371033924379513e-10
1266,iaaft,6,71,0.04526994057169402,0.0001305185756719507,0.00029052970737801726,3.0809256676059773,0.1058151465172652,0.7047698445464549,1.0,0.1,0.7047698445464549,1.0,1.921406208321108,4.962679995131657e-07,4.963249645537678e-07,1.3321763400637774e-10
1267,iaaft,6,72,0.04492207005266853,-0.0002173519433535387,0.0002546687741208124,3.0803713430919264,0.10577167977714798,0.7047934261559985,1.0,0.1,0.7047934261559985,1.0,1.7483576223699342,4.962674979427011e-07,4.963244626211093e-07,4.015746929384251e-10
1268,iaaft,6,73,0.04519634765092689,5.692565490481721e-05,0.0004081914744135558,3.080861745629664,0.10580595250362143,0.7047725634374876,1.0,0.1,0.7047725634374876,1.0,2.445537563005803,4.962679182137334e-07,4.963248795694052e-07,5.098939926123512e-10
1269,iaaft,6,74,0.04529361161508918,0.0001541896190671091,0.0004986224609369376,3.0808788697695455,0.10581810358702366,0.704771835059454,1.0,0.1,0.704771835059454,1.0,1.500123152730781,4.962683428520905e-07,4.96325306021357e-07,2.498597950879199e-10
1270,iaaft,6,75,0.04546760860552736,0.00032818660950528766,0.000639252363603062,3.0811799308923193,0.1058398373656615,0.7047590306722704,1.0,0.1,0.7047590306722704,1.0,2.105329686753987,4.962667430673938e-07,4.963237042931482e-07,2.990836827963637e-10
1271,iaaft,6,76,0.04526501023956122,0.00012558824353915005,0.00019453575865102326,3.080981204156419,0.1058145305924852,0.7047674824153012,1.0,0.1,0.7047674824153012,1.0,1.728821427370401,4.962686497406501e-07,4.963256127288195e-07,5.352343138701025e-10
1272,iaaft,6,77,0.044834799686654284,-0.0003046223093677858,0.0002625416848853831,3.0804408571219826,0.10576077246195961,0.704790468492212,1.0,0.1,0.704790468492212,1.0,2.1070292504662507,4.962679692778396e-07,4.963249316938475e-07,6.083505131773671e-10
1273,iaaft,6,78,0.04510666916702125,-3.2752829000816386e-05,0.00021493695279582663,3.0805842098107536,0.10579474782958799,0.7047843695745575,1.0,0.1,0.7047843695745575,1.0,2.0978453019621566,4.962678086946634e-07,4.96324773613222e-07,8.217338912347184e-10
1274,iaaft,6,79,0.04544722500596784,0.00030780300994576876,0.00045782552505280064,3.081248821809768,0.10583729150276039,0.7047561010273382,1.0,0.1,0.7047561010273382,1.0,1.6669185015475552,4.962679843955027e-07,4.963249499662728e-07,2.6932559721022563e-10
1275,iaaft,6,80,0.04489718753706789,-0.0002422344589541811,0.00023606162773556907,3.080384504777846,0.10576856999946899,0.7047928661461749,1.0,0.1,0.7047928661461749,1.0,1.6127707131516529,4.962690137403811e-07,4.963259745921308e-07,2.9950381734971974e-10
1276,iaaft,6,81,0.04526505772960256,0.0001256357335804939,0.00026869206627335096,3.0809412588467686,0.10581453652522499,0.7047691813971734,1.0,0.1,0.7047691813971734,1.0,1.3399155080248026,4.96267671627852e-07,4.963246349952753e-07,1.7152587086445028e-10
1277,iaaft,6,82,0.045165754843313956,2.6332847291886397e-05,0.0001576325624164626,3.080669202457444,0.10580213028826553,0.7047807538383979,1.0,0.1,0.7047807538383979,1.0,1.567166698684196,4.962679334993704e-07,4.963248963326888e-07,2.5924880343484587e-10
1278,iaaft,6,83,0.045096249559381574,-4.317243664049564e-05,0.00021929150096638113,3.080615265936909,0.10579344589847965,0.7047830483698492,1.0,0.1,0.7047830483698492,1.0,1.3572247808810027,4.962663513519473e-07,4.963233139516768e-07,2.0060190313603378e-10
1279,iaaft,6,84,0.045082044900542614,-5.737709547945502e-05,0.00016170037846700088,3.0805387191846365,0.10579167099900223,0.7047863049058565,1.0,0.1,0.7047863049058565,1.0,2.1982312563320323,4.96268769170188e-07,4.963257361516776e-07,1.1091615251353964e-09
1280,iaaft,6,85,0.04533129650889351,0.00019187451287144136,0.00044087206924927003,3.0810395655474894,0.10582281114563212,0.7047650002253771,1.0,0.1,0.7047650002253771,1.0,2.05033694115473,4.962673748177344e-07,4.963243393452284e-07,4.407568986937161e-10
1281,iaaft,6,86,0.044786048707108755,-0.000353373288913314,0.00028792044545334814,3.0803404235889973,0.10575467892685185,0.70479474175252,1.0,0.1,0.70479474175252,1.0,1.4517581287993702,4.962672696659894e-07,4.963242303681372e-07,3.560671467380553e-10
1282,iaaft,6,87,0.04516577372036243,2.6351724340359373e-05,0.00020190317202483074,3.0808461338171282,0.10580213264677568,0.70477322749535,1.0,0.1,0.70477322749535,1.0,1.9588792809644657,4.962681137355086e-07,4.963250785818908e-07,3.997855542630406e-10
1283,iaaft,6,88,0.045045065500752726,-9.43564952693432e-05,0.0003577527950663256,3.080615902240011,0.10578705021210837,0.7047830213002084,1.0,0.1,0.7047830213002084,1.0,1.4661534453336442,4.962671606508415e-07,4.963241236626324e-07,3.2735851567163054e-10
1284,iaaft,6,89,0.045235981751165145,9.655975514307608e-05,0.0005029818833907706,3.080840576530218,0.10581090411798605,0.7047734638794921,1.0,0.1,0.7047734638794921,1.0,1.8611790286506313,4.962672513568197e-07,4.96324215885626e-07,4.960108022500927e-10
1285,iaaft,6,90,0.045120019500726506,-1.9402495295563205e-05,0.00028157945890993984,3.080795732952576,0.10579641593182221,0.7047753713715385,1.0,0.1,0.7047753713715385,1.0,1.9811390128770385,4.962681359080811e-07,4.963250983424611e-07,8.249266734273886e-10
1286,iaaft,6,91,0.04488034006422537,-0.00025908193179669664,0.00023273513136605467,3.080290365446456,0.10576646437688816,0.7047968717354955,1.0,0.1,0.7047968717354955,1.0,1.4770693846772365,4.962679020882262e-07,4.963248669227977e-07,2.671587006806685e-10
1287,iaaft,6,92,0.04505078288187225,-8.863911414981607e-05,0.0002370652711694022,3.0806262355331024,0.10578776464467544,0.7047825817022322,1.0,0.1,0.7047825817022322,1.0,1.8290340835628043,4.962679738131386e-07,4.963249380059967e-07,4.367007037220063e-10
1288,iaaft,6,93,0.04537951220613167,0.0002400902101096017,0.0006035702462824124,3.081102754696723,0.10582883389613897,0.7047623128081827,1.0,0.1,0.7047623128081827,1.0,1.422111571982025,4.962688017571505e-07,4.963257675457621e-07,3.6302409579570023e-10
1289,iaaft,6,94,0.04507752569909648,-6.189629692558707e-05,0.00019204695034169943,3.0807092409423285,0.10579110630983439,0.7047790505988191,1.0,0.1,0.7047790505988191,1.0,2.3231894211972266,4.962673867438909e-07,4.96324349090347e-07,2.093556599335383e-10
1290,iaaft,6,95,0.04505032348878133,-8.909850724073826e-05,0.00034898420083956703,3.0806937730716175,0.10578770724000726,0.7047797085978357,1.0,0.1,0.7047797085978357,1.0,2.0836947230764804,4.962669372453767e-07,4.963238999527146e-07,4.4734458308426617e-10
1291,iaaft,6,96,0.045059616790856204,-7.98052051658657e-05,0.00016673863991780162,3.0805773096079716,0.1057888685028759,0.7047846631298593,1.0,0.1,0.7047846631298593,1.0,1.8031918174838106,4.962689910638865e-07,4.963259537042972e-07,1.9816689380278634e-10
1292,iaaft,6,97,0.044991933214152804,-0.00014748878186926495,0.0002943302544199275,3.080584473945035,0.10578041067652985,0.7047843583375194,1.0,0.1,0.7047843583375194,1.0,1.5242385904350557,4.962692813230167e-07,4.963262452914721e-07,3.7509837378929733e-10
1293,iaaft,6,98,0.04499183645450509,-0.00014758554151698272,0.0002662000186140833,3.0806693859870182,0.10578039858483639,0.7047807460309397,1.0,0.1,0.7047807460309397,1.0,1.5645714034943865,4.962682739827367e-07,4.963252385784701e-07,4.118952957744976e-10
1294,iaaft,6,99,0.04529747357038059,0.0001580515743585184,0.0003540495110074027,3.0810243698173365,0.10581858602818232,0.7047656465117272,1.0,0.1,0.7047656465117272,1.0,1.8469236781461311,4.962665520809175e-07,4.963235134536492e-07,4.0865764876727014e-10
1295,exact_spectrum,6,1,0.04508106780098195,-5.8354195040119516e-05,0.00019642821427034564,3.08065685701274,0.10579154890743579,0.7047812790231167,1.0,0.1,0.7047812790231167,1.0,1.9207168183755647,4.962675715153279e-07,4.963245363157797e-07,6.447409904929559e-10
1296,exact_spectrum,6,2,0.045187498573091324,4.8076577069254556e-05,0.0001315536437749249,3.0807776703366496,0.10580484692850067,0.7047761397086661,1.0,0.1,0.7047761397086661,1.0,1.8694265181663348,4.962697089849064e-07,4.963266708720585e-07,6.338407250142317e-10
1297,exact_spectrum,6,3,0.04524249688068689,0.00010307488466482218,0.00037683559128776577,3.0809089646372985,0.10581171805168998,0.704770554988658,1.0,0.1,0.704770554988658,1.0,1.2368176005480163,4.962680918988842e-07,4.963250568266288e-07,1.2214186190840446e-10
1298,exact_spectrum,6,4,0.04513548494735855,-3.937048663520126e-06,0.0001750155215750428,3.080727385588499,0.10579834828105611,0.7047782787387549,1.0,0.1,0.7047782787387549,1.0,2.2769407997411855,4.962672049959864e-07,4.963241690484288e-07,4.6529225163777005e-10
1299,exact_spectrum,6,5,0.045193443914391514,5.402191836944431e-05,0.00031334967406100036,3.080823244586707,0.10580558972145794,0.7047742011144947,1.0,0.1,0.7047742011144947,1.0,1.4375993854766944,4.962683129527125e-07,4.963252764329934e-07,1.6333450687926008e-10
1300,exact_spectrum,6,6,0.045047567004066896,-9.18549919551731e-05,0.000197698253126043,3.0806174278836083,0.1057873627955782,0.7047829563962411,1.0,0.1,0.7047829563962411,1.0,1.9717581337125878,4.962656886943844e-07,4.96322653525019e-07,3.4044180318714476e-10
1301,exact_spectrum,6,7,0.04494733557114926,-0.00019208642487281158,0.0002035630055711181,3.080500256551829,0.10577483732837559,0.7047879412852939,1.0,0.1,0.7047879412852939,1.0,2.2559466652692146,4.962684889894998e-07,4.963254539487396e-07,5.614582677811971e-10
1302,exact_spectrum,6,8,0.04535655723648747,0.00021713524046539784,0.00040041361032322167,3.0811017428983045,0.10582596657280101,0.7047623558388411,1.0,0.1,0.7047623558388411,1.0,2.2056031319135414,4.962677636776224e-07,4.963247244650696e-07,5.279467341731082e-10
1303,exact_spectrum,6,9,0.0453739961264782,0.0002345741304561333,0.0003500496342700157,3.0811353118048643,0.10582814488537608,0.704760928205464,1.0,0.1,0.704760928205464,1.0,1.8689637114451523,4.962680153027248e-07,4.963249778604608e-07,5.119752066371677e-10
1304,exact_spectrum,6,10,0.04534557838656267,0.00020615639054059887,0.0003910544397607517,3.080996714062074,0.1058245951685452,0.7047668227487724,1.0,0.1,0.7047668227487724,1.0,1.838167916919645,4.962690362489015e-07,4.963259987331489e-07,4.907332785778988e-10
1305,exact_spectrum,6,11,0.0455311270525768,0.00039170505655473226,0.0003828576417101914,3.0812498983798005,0.1058477702752842,0.7047560552462995,1.0,0.1,0.7047560552462995,1.0,2.179389702086018,4.962689722507947e-07,4.96325935679896e-07,4.1080740144701517e-10
1306,exact_spectrum,6,12,0.04518221006111124,4.27880650891721e-05,0.00013667143917068408,3.0807767182552115,0.10580418619342934,0.7047761802080016,1.0,0.1,0.7047761802080016,1.0,1.4030945931540826,4.962674105962036e-07,4.963243705017871e-07,2.37251979071481e-10
1307,exact_spectrum,6,13,0.04518191776248308,4.249576646100928e-05,0.0002892020697348922,3.0807937216355015,0.1058041496741604,0.7047754569273461,1.0,0.1,0.7047754569273461,1.0,1.952555342842646,4.962698798144986e-07,4.96326844330182e-07,6.635074957163125e-10
1308,exact_spectrum,6,14,0.04512380855270663,-1.561344331543757e-05,0.0002700736822695672,3.080708206405884,0.10579688936284223,0.7047790946075163,1.0,0.1,0.7047790946075163,1.0,1.7385236475976833,4.962685867503874e-07,4.96325547111338e-07,3.833194849260139e-10
1309,exact_spectrum,6,15,0.04473650900355069,-0.0004029129924713812,0.00026856548418165437,3.0802036488956706,0.10574848644700584,0.7048005617009068,1.0,0.1,0.7048005617009068,1.0,1.8365936796664528,4.962676820422421e-07,4.963246437154897e-07,3.717300639806238e-10
1310,exact_spectrum,6,16,0.04529620873805422,0.00015678674203215004,0.0002677781657254692,3.0809735911716025,0.10581842802370232,0.7047678062127706,1.0,0.1,0.7047678062127706,1.0,1.6454772302454452,4.962662233557336e-07,4.963231896994468e-07,1.7115404459334186e-10
1311,exact_spectrum,6,17,0.04529428568278287,0.00015486368676079915,0.00016315935131447237,3.0809012476886966,0.10581818779271393,0.704770883223037,1.0,0.1,0.704770883223037,1.0,1.5652861981575956,4.962678624463542e-07,4.963248253505366e-07,4.438493636439616e-10
1312,exact_spectrum,6,18,0.04522931191605115,8.988992002908341e-05,0.0002585703853160014,3.0808116167270483,0.10581007085046049,0.7047746957240062,1.0,0.1,0.7047746957240062,1.0,1.9039189584614342,4.962681254936909e-07,4.963250874792654e-07,2.3724048334855127e-10
1313,exact_spectrum,6,19,0.045254517038646004,0.00011509504262393472,0.00024045814117783337,3.080897636723533,0.10581321971095939,0.7047710368131721,1.0,0.1,0.7047710368131721,1.0,1.4631757282142637,4.962676054460827e-07,4.963245684919933e-07,3.866583677836627e-10
1314,exact_spectrum,6,20,0.045193482159033696,5.406016301162664e-05,0.00030399701247112333,3.0808778577043254,0.10580559449961097,0.7047718781075897,1.0,0.1,0.7047718781075897,1.0,1.2317816091801252,4.96267297885627e-07,4.96324257952623e-07,7.020761343200918e-11
1315,exact_spectrum,6,21,0.04474044389167155,-0.0003989781043505225,0.0002542719169942922,3.080235571849469,0.10574897832262083,0.7047992032906865,1.0,0.1,0.7047992032906865,1.0,2.093550019143902,4.962688981742459e-07,4.963258645822617e-07,7.602784335977053e-10
1316,exact_spectrum,6,22,0.04505353071585845,-8.589128016361913e-05,0.0001650284967377874,3.0805405404348822,0.10578810800682548,0.7047862274223864,1.0,0.1,0.7047862274223864,1.0,1.8249245634794218,4.962664642304979e-07,4.96323427614981e-07,1.7401565023105336e-10
1317,exact_spectrum,6,23,0.04504726572779397,-9.215626822810241e-05,0.00025383594610364427,3.0806112034339046,0.10578732514867209,0.7047832211973287,1.0,0.1,0.7047832211973287,1.0,1.4746461338569852,4.962694605513106e-07,4.963264221445082e-07,3.409412319827732e-10
1318,exact_spectrum,6,24,0.04496660549203428,-0.00017281650398778825,0.00020862214688546364,3.0804588225084983,0.10577724551808272,0.7047897041271723,1.0,0.1,0.7047897041271723,1.0,1.8162164836937427,4.962681812610702e-07,4.963251478344353e-07,2.965195276771618e-10
1319,exact_spectrum,6,25,0.04501170178725196,-0.00012772020877011014,0.00021196503875497847,3.080620146365824,0.10578288105263033,0.7047828407466603,1.0,0.1,0.7047828407466603,1.0,1.3937347470065262,4.96267677003021e-07,4.963246372970444e-07,3.276263555175161e-10
1320,exact_spectrum,6,26,0.04512327352196549,-1.6148474056579265e-05,0.00022883985633105264,3.080779936358349,0.10579682251243634,0.704776043317459,1.0,0.1,0.704776043317459,1.0,1.8231913658007404,4.962676188840054e-07,4.963245832356516e-07,4.2860497470305207e-10
1321,exact_spectrum,6,27,0.045197125426803694,5.7703430781624876e-05,0.00031724477535512527,3.0807863436300313,0.10580604967586779,0.704775770768018,1.0,0.1,0.704775770768018,1.0,1.4763240814087308,4.962669617695857e-07,4.963239246593328e-07,2.0820863874620178e-10
1322,exact_spectrum,6,28,0.04507520869450318,-6.421330151888671e-05,0.0003591840809025088,3.0806964150500042,0.10579081679127818,0.7047795962083345,1.0,0.1,0.7047795962083345,1.0,2.095344124760023,4.962690261704596e-07,4.963259885497231e-07,1.0281683777388527e-10
1323,exact_spectrum,6,29,0.04518364193694663,4.421994092455861e-05,0.00025576529108937843,3.0807653491020828,0.10580436508925865,0.704776663827294,1.0,0.1,0.704776663827294,1.0,2.1160071183844136,4.962679125026162e-07,4.963248772781344e-07,5.963338502773209e-10
1324,exact_spectrum,6,30,0.04483217257976631,-0.0003072494162557615,0.0002082883956621064,3.0803600127549347,0.10576044410072702,0.7047939082484522,1.0,0.1,0.7047939082484522,1.0,1.423556777602159,4.962686821596385e-07,4.963256460874127e-07,1.999712183806529e-10
1325,exact_spectrum,6,31,0.045216447918837076,7.702592281500636e-05,0.00011932467535436591,3.0808478178045173,0.10580846372306407,0.7047731558656134,1.0,0.1,0.7047731558656134,1.0,1.837438059396103,4.962694054558276e-07,4.963263691382022e-07,4.574882987645003e-10
1326,exact_spectrum,6,32,0.04524987306848993,0.00011045107246786257,0.000384598007879879,3.08084619546016,0.10581263954965955,0.7047732248733134,1.0,0.1,0.7047732248733134,1.0,1.6308517781543848,4.962689321050007e-07,4.963258961521939e-07,4.1843083997515686e-10
1327,exact_spectrum,6,33,0.04503963150060406,-9.979049541800761e-05,0.00013720373352198162,3.0805398589134185,0.10578637118579133,0.7047862564170997,1.0,0.1,0.7047862564170997,1.0,1.8429659961844083,4.962684241515228e-07,4.963253875478166e-07,6.645727870378883e-10
1328,exact_spectrum,6,34,0.045188226618602605,4.880462258053525e-05,0.00030610278102790006,3.080751812220836,0.1058049378885847,0.7047772396616345,1.0,0.1,0.7047772396616345,1.0,2.1452427713344027,4.962672395986373e-07,4.963242043610325e-07,1.1702227057218627e-10
1329,exact_spectrum,6,35,0.04505087687332797,-8.854512269410031e-05,0.00015450444697035545,3.0806144402759927,0.10578777638962039,0.7047830834951766,1.0,0.1,0.7047830834951766,1.0,1.6032233543377483,4.962686966054054e-07,4.963256588416287e-07,3.4198602522305194e-10
1330,exact_spectrum,6,36,0.04503107104418722,-0.00010835095183484716,0.00014425687594571702,3.0806239719924107,0.10578530147230601,0.7047826779973188,1.0,0.1,0.7047826779973188,1.0,1.7250160598493092,4.962682696154119e-07,4.963252343594349e-07,4.9066561128827e-10
1331,exact_spectrum,6,37,0.045123046890353534,-1.637510566853545e-05,0.00033855014573098855,3.0807804772129073,0.10579679419551752,0.7047760203108051,1.0,0.1,0.7047760203108051,1.0,1.6389961334469845,4.962666607601173e-07,4.96323625202312e-07,3.008391059336762e-10
1332,exact_spectrum,6,38,0.04510856585440144,-3.0856141620627664e-05,0.0002338748452173545,3.0807089108087564,0.10579498481915886,0.7047790646425439,1.0,0.1,0.7047790646425439,1.0,1.3892717702838837,4.962677376416472e-07,4.963247013095866e-07,2.2413120185132562e-10
1333,exact_spectrum,6,39,0.04520139259781134,6.197060178927266e-05,0.00013664646537599981,3.080794044095142,0.10580658279777315,0.7047754432108067,1.0,0.1,0.7047754432108067,1.0,1.6828676909055993,4.962678402737817e-07,4.963248055952156e-07,5.210660873202608e-10
1334,exact_spectrum,6,40,0.04518063404177494,4.121204575287252e-05,0.00025406867295568313,3.080844969294634,0.10580398928823692,0.7047732770292809,1.0,0.1,0.7047732770292809,1.0,1.652063996086239,4.962671347828404e-07,4.963240940125908e-07,2.500562827138129e-10
1335,exact_spectrum,6,41,0.045194434141326,5.501214530392873e-05,0.00024587618783004044,3.0808973444644825,0.10580571343690909,0.7047710492442427,1.0,0.1,0.7047710492442427,1.0,1.7698739017234555,4.962667884203829e-07,4.963237522641701e-07,3.861258481034001e-10
1336,exact_spectrum,6,42,0.045115659027522334,-2.376296849973536e-05,0.00038827586528730285,3.0807197888089353,0.10579587110076097,0.7047786018991533,1.0,0.1,0.7047786018991533,1.0,1.6271112062380721,4.96267108578891e-07,4.96324069179992e-07,3.566258493708173e-10
1337,exact_spectrum,6,43,0.04522792470013417,8.85027041120992e-05,0.0002953956868617921,3.080929182419218,0.10580989754370658,0.7047696950487428,1.0,0.1,0.7047696950487428,1.0,1.8681660951614463,4.962696809332428e-07,4.963266451654699e-07,3.2690285461015193e-10
1338,exact_spectrum,6,44,0.04499906206868268,-0.0001403599273393924,0.00017710128741112692,3.0805309279822,0.10578130153917577,0.7047866363766407,1.0,0.1,0.7047866363766407,1.0,1.9180126575865297,4.962692986243422e-07,4.963262632515707e-07,2.4278871292358037e-10
1339,exact_spectrum,6,45,0.04510670375019341,-3.2718245828657067e-05,0.0001580172691113514,3.0806231349736986,0.10579475215073245,0.7047827136056333,1.0,0.1,0.7047827136056333,1.0,1.5686346806325828,4.962682444193068e-07,4.963252076594373e-07,3.485389547361967e-10
1340,exact_spectrum,6,46,0.04489294758291349,-0.0002464744131085786,0.0004037500179386007,3.080453963139575,0.10576804008754742,0.7047899108756455,1.0,0.1,0.7047899108756455,1.0,1.9899544319959297,4.962677643495186e-07,4.963247243863318e-07,6.83208744941947e-10
1341,exact_spectrum,6,47,0.04508632726560428,-5.309473041779228e-05,0.00032724876775114096,3.080642518460736,0.10579220609189915,0.7047818890013319,1.0,0.1,0.7047818890013319,1.0,1.5215216872314279,4.962683636808707e-07,4.963253261861148e-07,2.517520330756619e-10
1342,exact_spectrum,6,48,0.045283553027935484,0.00014413103191341509,0.00034724215635513283,3.0810203110812218,0.10581684704313625,0.7047658191340223,1.0,0.1,0.7047658191340223,1.0,2.2798970500152915,4.96266285170178e-07,4.963232484063716e-07,6.185151206280397e-10
1343,exact_spectrum,6,49,0.04529853103527785,0.00015910903925578368,0.00018587531485494464,3.0808920319829185,0.10581871812787545,0.7047712752079925,1.0,0.1,0.7047712752079925,1.0,2.0836006031501277,4.962690174358097e-07,4.963259777534546e-07,7.254293962480908e-10
1344,exact_spectrum,6,50,0.0451544515968442,1.5029600822127898e-05,0.0002658087573946766,3.080714344636545,0.10580071804420128,0.7047788334904749,1.0,0.1,0.7047788334904749,1.0,1.4876326172538672,4.962674895439994e-07,4.96324453301175e-07,3.3996214283560466e-10
1345,exact_spectrum,6,51,0.044844614565370866,-0.0002948074306512033,0.00023397813554436396,3.08037951149959,0.10576199921142826,0.7047930786020583,1.0,0.1,0.7047930786020583,1.0,1.8456238679092836,4.96269641795293e-07,4.963266040092071e-07,3.7117795432868363e-10
1346,exact_spectrum,6,52,0.04516236398476347,2.29419887413998e-05,0.00035907051636163456,3.0808169667425966,0.10580170663144259,0.7047744681521281,1.0,0.1,0.7047744681521281,1.0,1.7698242836991946,4.962695581442242e-07,4.963265194933345e-07,2.341656976653502e-10
1347,exact_spectrum,6,53,0.04532860816445125,0.00018918616842918123,0.00022894107722563526,3.0809671884686076,0.10582247532731524,0.7047680785354298,1.0,0.1,0.7047680785354298,1.0,1.432230161790378,4.962676694441895e-07,4.963246335727452e-07,2.0926514817532947e-10
1348,exact_spectrum,6,54,0.044896226677701996,-0.0002431953183200733,0.00019896454778203204,3.0805222844449696,0.10576844991094257,0.7047870041112834,1.0,0.1,0.7047870041112834,1.0,1.6277502541356774,4.962673148510044e-07,4.963242785976816e-07,5.039194396906628e-10
1349,exact_spectrum,6,55,0.04513793918673703,-1.4828092850388552e-06,0.0002330191907087955,3.080754713053812,0.10579865492576634,0.7047771162650511,1.0,0.1,0.7047771162650511,1.0,2.2492206557347307,4.96266469941615e-07,4.96323432366809e-07,1.00580309708343e-09
1350,exact_spectrum,6,56,0.04523014276630494,9.072077028286774e-05,0.00036820270649535927,3.0808332374489513,0.10581017464956642,0.7047737760551229,1.0,0.1,0.7047737760551229,1.0,1.3339881123823352,4.962667444111861e-07,4.963237075830771e-07,5.6963255878062064e-11
1351,exact_spectrum,6,57,0.045313249909480255,0.0001738279134581855,0.00015852642896626185,3.080961180681383,0.10582055680891783,0.7047683340623615,1.0,0.1,0.7047683340623615,1.0,1.3753131364678113,4.962705370968925e-07,4.963275038552916e-07,3.183096652412764e-10
1352,exact_spectrum,6,58,0.04506427394068178,-7.514805534029195e-05,0.00020437753945198216,3.0806323740856807,0.10578945044141232,0.704782320557878,1.0,0.1,0.704782320557878,1.0,1.8628054981042828,4.962668962597125e-07,4.963238566403475e-07,3.591465727039367e-10
1353,exact_spectrum,6,59,0.04485702373045978,-0.0002823982655622906,0.00027240294698254483,3.0804802304159047,0.10576355019715233,0.7047887933061879,1.0,0.1,0.7047887933061879,1.0,1.6291837776059228,4.962685580268276e-07,4.963255194874833e-07,4.2364744156501176e-10
1354,exact_spectrum,6,60,0.04515432562073489,1.4903624712819807e-05,0.00014232340944817865,3.0807627115035614,0.10580070230445664,0.7047767760255552,1.0,0.1,0.7047767760255552,1.0,1.381013840822337,4.962674344485164e-07,4.96324396695238e-07,1.1005262372743308e-10
1355,exact_spectrum,6,61,0.04488316715810407,-0.0002562548379179963,0.00019460720362050312,3.080397159302904,0.1057668177142745,0.704792327719701,1.0,0.1,0.704792327719701,1.0,1.470147743869527,4.962666836045858e-07,4.963236483249875e-07,4.1842747524529477e-10
1356,exact_spectrum,6,62,0.04514648552447499,7.063528452921908e-06,0.0002879634505018886,3.080871433145179,0.10579972274020172,0.7047721513764883,1.0,0.1,0.7047721513764883,1.0,1.6005969057375606,4.962687429662388e-07,4.963257080252131e-07,3.172781157037153e-10
1357,exact_spectrum,6,63,0.045136319005137905,-3.1029908841642695e-06,0.00024319925791290657,3.0807502879300825,0.10579845249242725,0.7047773045025052,1.0,0.1,0.7047773045025052,1.0,1.6628172928097353,4.962678594228216e-07,4.963248259489441e-07,4.4716261996309763e-10
1358,exact_spectrum,6,64,0.04532413910810727,0.00018471711208520314,0.00048404991266175245,3.081038426283175,0.10582191706651507,0.7047650486789675,1.0,0.1,0.7047650486789675,1.0,1.3319694841304828,4.962683191677518e-07,4.963252794040341e-07,1.714216167306113e-10
1359,exact_spectrum,6,65,0.044838412141485914,-0.00030100985453615503,0.00020925127543300416,3.0803183821270816,0.10576122397984536,0.7047956796123322,1.0,0.1,0.7047956796123322,1.0,1.407169593296923,4.962693137420052e-07,4.963262764440938e-07,3.2548646606306104e-10
1360,exact_spectrum,6,66,0.04501443043872193,-0.00012499155730014144,0.0003069133120099452,3.080550609749017,0.10578322203352816,0.7047857990340023,1.0,0.1,0.7047857990340023,1.0,1.8481479852059768,4.962689401677542e-07,4.963259036860918e-07,4.6202206491070634e-10
1361,exact_spectrum,6,67,0.045154868825040856,1.5446829018786468e-05,0.0001245610763324262,3.0807787791720713,0.10580077017363447,0.7047760925414108,1.0,0.1,0.7047760925414108,1.0,1.739497906530889,4.962690296979143e-07,4.963259928488085e-07,4.87124603176223e-10
1362,exact_spectrum,6,68,0.04525870612171992,0.00011928412569785218,0.00029414436753735264,3.0808048756688957,0.10581374304145613,0.7047749824673157,1.0,0.1,0.7047749824673157,1.0,2.04643892982239,4.962692358020536e-07,4.963261966406803e-07,5.373577261216916e-10
1363,exact_spectrum,6,69,0.04489094886415214,-0.0002484731318699307,0.00018765759417627305,3.0804265700740556,0.10576779028560031,0.7047910763629082,1.0,0.1,0.7047910763629082,1.0,2.3843233233094856,4.962671062272546e-07,4.963240694529498e-07,1.5992935301613736e-10
1364,exact_spectrum,6,70,0.04518562935576038,4.6207359738308085e-05,0.0003127074900911304,3.080884551642896,0.10580461339306428,0.7047715933818138,1.0,0.1,0.7047715933818138,1.0,1.8115925479497013,4.962700118420891e-07,4.963269730586575e-07,5.367269363825397e-10
1365,exact_spectrum,6,71,0.0452406245546783,0.00010120255865623401,0.0002850247200108331,3.0808918069531996,0.105811484143053,0.7047712847795361,1.0,0.1,0.7047712847795361,1.0,1.917223372363319,4.962679995131657e-07,4.963249631207394e-07,1.3463668389206468e-10
1366,exact_spectrum,6,72,0.044994054526402094,-0.00014536746961997526,0.00019750190981341465,3.0804799225446207,0.10578067576868808,0.7047888064047938,1.0,0.1,0.7047888064047938,1.0,1.7223931493143843,4.962674789616353e-07,4.963244406991856e-07,4.0772479447287106e-10
1367,exact_spectrum,6,73,0.04516646100545066,2.703900942858939e-05,0.0003457283494545951,3.0808272717154415,0.10580221851656499,0.7047740298150196,1.0,0.1,0.7047740298150196,1.0,2.5126135268471996,4.962679217411881e-07,4.963248848973316e-07,5.460933942154446e-10
1368,exact_spectrum,6,74,0.0452083966075928,6.897461157073098e-05,0.00031292208541649564,3.080762294357401,0.10580745784266488,0.704776793770151,1.0,0.1,0.704776793770151,1.0,1.513449804865393,4.962683483952336e-07,4.963253142442109e-07,2.4866153132193496e-10
1369,exact_spectrum,6,75,0.04538100712301454,0.00024158512699246765,0.0004954116810916298,3.08106020118768,0.10582902062468985,0.7047641225853786,1.0,0.1,0.7047641225853786,1.0,2.173851316041825,4.96266719047107e-07,4.963236807019825e-07,3.0394900868829276e-10
1370,exact_spectrum,6,76,0.045202801091678714,6.337909565664462e-05,0.00018024307589155833,3.0808910968642884,0.10580675876832056,0.7047713149828755,1.0,0.1,0.7047713149828755,1.0,1.7392478113849863,4.962686687217159e-07,4.963256328017165e-07,5.312365108718495e-10
1371,exact_spectrum,6,77,0.04492848644499653,-0.00021093555102554007,0.00023686118132185154,3.0805402141822933,0.10577248167294498,0.7047862413025057,1.0,0.1,0.7047862413025057,1.0,2.0770713315504468,4.962680331079724e-07,4.963249958835498e-07,6.340095231705109e-10
1372,exact_spectrum,6,78,0.0450970501850483,-4.237181097376669e-05,0.00019113352684658176,3.0805903781788597,0.10579354593731208,0.7047841071547868,1.0,0.1,0.7047841071547868,1.0,2.135834939597858,4.962678421214961e-07,4.963248040388312e-07,8.25432658459519e-10
1373,exact_spectrum,6,79,0.04534578050168118,0.00020635850565910857,0.00034806279701358507,3.0810953288494987,0.10582462041557003,0.7047626286218283,1.0,0.1,0.7047626286218283,1.0,1.6655270667108195,4.962679667582291e-07,4.963249287254314e-07,2.7846779396060684e-10
1374,exact_spectrum,6,80,0.044971625234921264,-0.00016779676110080521,0.0002083222381980009,3.0804896428164046,0.10577787283356434,0.704788392850054,1.0,0.1,0.704788392850054,1.0,1.616461880957169,4.96268988544276e-07,4.963259500206792e-07,3.004943917214409e-10
1375,exact_spectrum,6,81,0.04521935334956695,7.993135354487924e-05,0.00021199100446725325,3.080865666070131,0.10580882670703391,0.7047723966802238,1.0,0.1,0.7047723966802238,1.0,1.3380750627504716,4.962676484474353e-07,4.963246101587396e-07,1.6308058263222684e-10
1376,exact_spectrum,6,82,0.04515507918194181,1.565718591974019e-05,0.00015714564630349968,3.080693283756653,0.10580079645609101,0.7047797294132669,1.0,0.1,0.7047797294132669,1.0,1.56122086341347,4.962679598712937e-07,4.96324920509139e-07,2.421111319176725e-10
1377,exact_spectrum,6,83,0.045106350398558745,-3.307159746332444e-05,0.00020506055753079214,3.0806368863022153,0.1057947079996715,0.7047821286012458,1.0,0.1,0.7047821286012458,1.0,1.3796279352418843,4.962663372421285e-07,4.963232989796787e-07,2.1894765440178513e-10
1378,exact_spectrum,6,84,0.0451247890144002,-1.4632981621867658e-05,0.00015485640507189612,3.080630881897962,0.10579701186833299,0.7047823840379603,1.0,0.1,0.7047823840379603,1.0,2.2450452039463054,4.96268799069566e-07,4.963257605184109e-07,1.1633814487799123e-09
1379,exact_spectrum,6,85,0.045330031138708406,0.00019060914268633627,0.0004250176152150315,3.081010072943798,0.10582265308027329,0.7047662545747027,1.0,0.1,0.7047662545747027,1.0,2.047226896559928,4.96267387583761e-07,4.963243507110339e-07,4.3785074319276045e-10
1380,exact_spectrum,6,86,0.04483715157574602,-0.0003022704202760504,0.000255978204423748,3.0803976924732295,0.10576106642294479,0.7047923050343917,1.0,0.1,0.7047923050343917,1.0,1.4652818098482387,4.962672886470552e-07,4.963242486746823e-07,3.5028370102399365e-10
1381,exact_spectrum,6,87,0.04514037222812824,9.502321061671815e-07,0.00017244177681560176,3.0807985703912397,0.10579895892101875,0.7047752506750131,1.0,0.1,0.7047752506750131,1.0,1.9678275502106122,4.96268111047924e-07,4.963250749914458e-07,4.0577987037962876e-10
1382,exact_spectrum,6,88,0.045091654830112106,-4.7767165909963494e-05,0.0003344480998392613,3.0806852603748327,0.10579287178146707,0.704780070728406,1.0,0.1,0.704780070728406,1.0,1.500009583750197,4.962671774482449e-07,4.963241392330378e-07,3.1089679266272526e-10
1383,exact_spectrum,6,89,0.04517033211590003,3.091011987796377e-05,0.00036708961369896884,3.0807729379529096,0.10580270217400164,0.704776341013533,1.0,0.1,0.704776341013533,1.0,1.8295780243728386,4.962672684901712e-07,4.963242306305967e-07,4.892468396095764e-10
1384,exact_spectrum,6,90,0.04517258309846914,3.316110244706849e-05,0.0002843458472217041,3.080845174489416,0.10580298341126888,0.7047732683011478,1.0,0.1,0.7047732683011478,1.0,2.0301728863001145,4.962681747100828e-07,4.963251387874589e-07,8.69522629796185e-10
1385,exact_spectrum,6,91,0.044916155939919995,-0.00022326605610207412,0.0002128060699291634,3.0803564165277426,0.10577094064891807,0.7047940612643975,1.0,0.1,0.7047940612643975,1.0,1.4979331519195571,4.962679293000196e-07,4.963248943839276e-07,2.615952327112718e-10
1386,exact_spectrum,6,92,0.045082244054811475,-5.717794121059411e-05,0.00022916016602693337,3.0806692734176946,0.10579169588391749,0.7047807508197061,1.0,0.1,0.7047807508197061,1.0,1.8454241271130272,4.96268041002752e-07,4.963250060315435e-07,4.4019756090913925e-10
1387,exact_spectrum,6,93,0.04530672226580826,0.00016730026978618862,0.0004913457393193846,3.080993108001243,0.10581974137993347,0.7047669761209899,1.0,0.1,0.7047669761209899,1.0,1.4309787657912585,4.962687755532013e-07,4.963257356306956e-07,3.683023438559144e-10
1388,exact_spectrum,6,94,0.04510559167364022,-3.3830322381848965e-05,0.00023585029978627197,3.0807514396267366,0.10579461319741554,0.7047772555111809,1.0,0.1,0.7047772555111809,1.0,2.3100345473657318,4.9626743209688e-07,4.963243936493963e-07,2.0833075061949598e-10
1389,exact_spectrum,6,95,0.04500939190430247,-0.0001300300917196004,0.0003136282314870292,3.080635363662638,0.10578259240150918,0.7047821933766141,1.0,0.1,0.7047821933766141,1.0,2.0723480797504306,4.962669345577922e-07,4.963238954751568e-07,4.0345814903371894e-10
1390,exact_spectrum,6,96,0.04508802570722501,-5.1396288797057876e-05,0.00019721545396870604,3.080625555169572,0.10579241831594452,0.7047826106461043,1.0,0.1,0.7047826106461043,1.0,1.7863807873707362,4.962690013103026e-07,4.963259627552105e-07,1.9490940486283085e-10
1391,exact_spectrum,6,97,0.04507471230072597,-6.470969529610154e-05,0.00032053061560684693,3.0806880477762797,0.10579075476488044,0.7047799521519854,1.0,0.1,0.7047799521519854,1.0,1.4985195704784744,4.962693033276151e-07,4.963262636688812e-07,3.8733718234888045e-10
1392,exact_spectrum,6,98,0.04500943157501791,-0.00012999042100415859,0.0002529718249768934,3.0806901339493673,0.10578259735890837,0.7047798634060481,1.0,0.1,0.7047798634060481,1.0,1.5918540266261747,4.962682860768671e-07,4.963252491004686e-07,4.221490186992241e-10
1393,exact_spectrum,6,99,0.04519668568856904,5.7263692546973e-05,0.00026682848221719276,3.0808777874554325,0.1058059947367204,0.7047718810956233,1.0,0.1,0.7047718810956233,1.0,1.855140289262567,4.962665381390727e-07,4.963235040471033e-07,4.1355214439998487e-10
1394,real,7,0,0.04534135096462313,0.00020192896860105752,0.00026440486665351917,3.0810584246585946,0.10582406710262672,0.704764198141243,1.0,0.1,0.704764198141243,1.0,2.10531350991752,4.962676225794342e-07,4.963245917813305e-07,4.4970013545039616e-10
1395,iaaft,7,1,0.04496751846562024,-0.00017190353040182765,0.00016843377354658248,3.0804699831166267,0.10577735961234354,0.7047892292863096,1.0,0.1,0.7047892292863096,1.0,1.9917957513920699,4.962689013657525e-07,4.963258633696991e-07,9.299250162225723e-10
1396,iaaft,7,2,0.04524586575449206,0.00010644375846999288,0.00017817038758253604,3.080799815018534,0.10581213892190074,0.7047751977321967,1.0,0.1,0.7047751977321967,1.0,1.5314514058126276,4.962683284063236e-07,4.96325295532166e-07,4.892556477479673e-10
1397,iaaft,7,3,0.04497751729040103,-0.0001619047056210382,0.0002970036697047894,3.0805553793840152,0.10577860915689397,0.7047855961158536,1.0,0.1,0.7047855961158536,1.0,1.5269829709569602,4.962658963102901e-07,4.963228602433134e-07,3.8917934307783266e-10
1398,iaaft,7,4,0.0453073836009611,0.00016796160493903062,0.0003187927116886306,3.0809354942786764,0.1058198239937749,0.7047694265833835,1.0,0.1,0.7047694265833835,1.0,1.4671650317890783,4.962681693349137e-07,4.963251327797626e-07,3.921516646004911e-10
1399,iaaft,7,5,0.04494922403815253,-0.00019019795786953675,0.00016335029126666136,3.0805273829045374,0.10577507333523431,0.7047867871998186,1.0,0.1,0.7047867871998186,1.0,1.578902460899021,4.962665902110232e-07,4.963235560823094e-07,3.084537100774842e-10
1400,iaaft,7,6,0.044851467879601835,-0.00028795411642023455,0.0002146351044640459,3.0803549091116893,0.10576285579020318,0.7047941254035784,1.0,0.1,0.7047941254035784,1.0,1.776812271455267,4.96266838812593e-07,4.963238022469434e-07,3.1835776355598196e-10
1401,iaaft,7,7,0.04528845395614046,0.00014903196011838843,0.00041260933004032453,3.0808982432276086,0.10581745928122027,0.7047710110158776,1.0,0.1,0.7047710110158776,1.0,1.3190904392271432,4.962670546592263e-07,4.96324017105417e-07,1.5385872944556312e-10
1402,iaaft,7,8,0.04519466151926439,5.523952324232306e-05,0.00016263666438522077,3.080736386902703,0.10580574184468415,0.7047778958326953,1.0,0.1,0.7047778958326953,1.0,1.6811113860935054,4.962664286200028e-07,4.9632339149269e-07,4.10341661943516e-10
1403,iaaft,7,9,0.045128934735530556,-1.0487260491513772e-05,0.00032823450953577116,3.080823280959349,0.10579752986109867,0.7047741995673322,1.0,0.1,0.7047741995673322,1.0,1.8878583871560348,4.962667171993926e-07,4.963236803857189e-07,3.16850537800992e-10
1404,iaaft,7,10,0.04533494464651479,0.00019552265049271877,0.00031669376575829434,3.0809364936032706,0.10582326685615594,0.7047693840787279,1.0,0.1,0.7047693840787279,1.0,1.6717056155449106,4.962674700590116e-07,4.963244355011766e-07,4.5218504881921114e-10
1405,iaaft,7,11,0.04511709625273825,-2.2325743283820032e-05,0.0003969092357870052,3.080722563269466,0.10579605067904403,0.7047784838758332,1.0,0.1,0.7047784838758332,1.0,1.52272043759013,4.962663819232214e-07,4.963233453562596e-07,3.20815879817237e-10
1406,iaaft,7,12,0.04510977955637052,-2.964243965154767e-05,0.00031566118431292,3.0806665550681336,0.10579513646997042,0.7047808664600292,1.0,0.1,0.7047808664600292,1.0,1.305281249128614,4.962679032640444e-07,4.963248676261889e-07,2.1582399352397276e-10
1407,iaaft,7,13,0.045218344939867455,7.89229438453859e-05,0.0004175119967519636,3.0808859656613765,0.10580870072359805,0.7047715332368831,1.0,0.1,0.7047715332368831,1.0,1.8653295075243317,4.962687254969393e-07,4.963256857332216e-07,1.2189677729489346e-10
1408,iaaft,7,14,0.0452021930248822,6.27710288601327e-05,0.00036597918078755095,3.080851027911424,0.10580668279937319,0.7047730193213875,1.0,0.1,0.7047730193213875,1.0,1.8538391368581697,4.962662697165668e-07,4.96323232787411e-07,5.065377716849138e-10
1409,iaaft,7,15,0.04513354409553203,-5.877900490038057e-06,0.00014317837690280046,3.0807847393782306,0.10579810578087633,0.7047758390088052,1.0,0.1,0.7047758390088052,1.0,1.8687348590534238,4.962682578572295e-07,4.963252215356673e-07,6.789761089954258e-10
1410,iaaft,7,16,0.045021042898626254,-0.00011837909739581542,0.00031088996528556227,3.0806039599404635,0.10578404834282408,0.704783529351985,1.0,0.1,0.704783529351985,1.0,2.0121992925182597,4.962678490084315e-07,4.96324812274808e-07,2.975933594285124e-10
1411,iaaft,7,17,0.04513387431339107,-5.547682631001916e-06,0.00016470961031538967,3.080721822160704,0.10579814704006224,0.7047785154019837,1.0,0.1,0.7047785154019837,1.0,2.25671626232188,4.962683472194154e-07,4.963253118453317e-07,6.810286729491233e-10
1412,iaaft,7,18,0.04537675128480349,0.00023732928878142379,0.00035944309237791964,3.081032990038135,0.10582848903139135,0.7047652798861928,1.0,0.1,0.7047652798861928,1.0,1.3334587645012184,4.962672285123511e-07,4.963241903627589e-07,2.0511910809235703e-10
1413,iaaft,7,19,0.04542816249797569,0.00028874050195362017,0.0004163025662534154,3.081168461356481,0.10583491058562497,0.7047595184365155,1.0,0.1,0.7047595184365155,1.0,2.014724113818103,4.962672317038577e-07,4.963241954531596e-07,2.7120436053095363e-10
1414,iaaft,7,20,0.04490473008509492,-0.00023469191092714836,0.00020497530397668804,3.0803657253748558,0.10576951266491995,0.7047936651827889,1.0,0.1,0.7047936651827889,1.0,1.499572069524039,4.962672950300685e-07,4.963242569211575e-07,3.5849777824805006e-10
1415,iaaft,7,21,0.045188037104282576,4.861510826050658e-05,0.00048665806074888823,3.080830974099947,0.10580491421117343,0.7047738723293752,1.0,0.1,0.7047738723293752,1.0,1.835268460320759,4.962682723029964e-07,4.963252352189895e-07,7.390648511566193e-10
1416,iaaft,7,22,0.045131740432803776,-7.681563218293885e-06,0.0003573236329463342,3.0807218276227766,0.10579788042132182,0.7047785151696315,1.0,0.1,0.7047785151696315,1.0,1.4862114184510336,4.9626773193053e-07,4.963246952848304e-07,1.9450859257253613e-10
1417,iaaft,7,23,0.045633116496007264,0.000493694499985195,0.0004648219726058904,3.081444578653317,0.10586050663903741,0.7047477770014856,1.0,0.1,0.7047477770014856,1.0,2.1896209608109083,4.962694528245051e-07,4.963264159504657e-07,4.675592449438327e-10
1418,iaaft,7,24,0.04490679832299008,-0.0002326236730319925,0.00018667982484191773,3.0803774376912347,0.10576977115122069,0.7047931668394354,1.0,0.1,0.7047931668394354,1.0,2.2150605165018584,4.962663822591695e-07,4.963233458286865e-07,7.515814362760177e-10
1419,iaaft,7,25,0.045354064058285216,0.00021464206226314703,0.0004526465975576882,3.0810950083937767,0.10582565514327087,0.704762642250514,1.0,0.1,0.704762642250514,1.0,1.8350786250756053,4.962701373186923e-07,4.96327101275337e-07,6.759568177336005e-10
1420,iaaft,7,26,0.04494814036156418,-0.00019128163445789048,0.00028212368102838734,3.080532986677627,0.10577493790528746,0.7047865487908492,1.0,0.1,0.7047865487908492,1.0,1.3124026948031373,4.962674359602827e-07,4.963243974589949e-07,1.9291546909607491e-10
1421,iaaft,7,27,0.0451614901310709,2.2068135048833315e-05,0.0003531407086213617,3.0808115171652886,0.10580159745112562,0.7047746999590399,1.0,0.1,0.7047746999590399,1.0,2.0118691001449833,4.962686771204176e-07,4.963256419654874e-07,3.92056617543373e-10
1422,iaaft,7,28,0.04521886281259681,7.944081657473845e-05,0.00028200243374784293,3.0808696816698977,0.10580876542290103,0.7047722258757582,1.0,0.1,0.7047722258757582,1.0,1.610892897190285,4.962676188840054e-07,4.963245803210396e-07,2.7914214671555503e-10
1423,iaaft,7,29,0.045260672200006076,0.0001212502039840066,0.00020160402730390922,3.080920586618961,0.10581398865725546,0.70477006065979,1.0,0.1,0.70477006065979,1.0,2.1000321532803254,4.962668809740754e-07,4.963238432667274e-07,3.017183660129554e-10
1424,iaaft,7,30,0.04493384479544174,-0.00020557720058032858,0.0003135594991447975,3.0806064325508866,0.10577315133411773,0.7047834241613642,1.0,0.1,0.7047834241613642,1.0,1.6511411675016172,4.962678879784073e-07,4.963248522473788e-07,1.4869733882090225e-10
1425,iaaft,7,31,0.045185364250127195,4.5942254105126035e-05,0.00013945155434265578,3.080846003883098,0.10580458027137386,0.7047732330222,1.0,0.1,0.7047732330222,1.0,1.7249915676808127,4.962680843400527e-07,4.963250459634331e-07,3.642256088093991e-10
1426,iaaft,7,32,0.044823940999079014,-0.0003154809969430558,0.00027763939224285564,3.080152080503575,0.10575941523154149,0.7048027561373036,1.0,0.1,0.7048027561373036,1.0,1.9575611659575782,4.962679245967467e-07,4.963248889602035e-07,2.0716789263029688e-10
1427,iaaft,7,33,0.04518490736704303,4.548537102096184e-05,0.000136298557551901,3.0808565717999876,0.10580452318942378,0.7047727835087227,1.0,0.1,0.7047727835087227,1.0,1.7193587850486944,4.962671734168681e-07,4.963241354536221e-07,3.3783636319997835e-10
1428,iaaft,7,34,0.04526710045596767,0.00012767845994560156,0.00040757389413105153,3.080920628784372,0.10581479171449565,0.7047700588663348,1.0,0.1,0.7047700588663348,1.0,1.5224827798854317,4.962683589775978e-07,4.963253238515382e-07,3.1291720008735087e-10
1429,iaaft,7,35,0.044993719475425346,-0.000145702520596723,0.0003320238336580995,3.080562174616892,0.10578063389871215,0.7047853070222428,1.0,0.1,0.7047853070222428,1.0,1.4976266362689592,4.962690624528508e-07,4.963260252691093e-07,1.8662748187673485e-10
1430,iaaft,7,36,0.045409588266439344,0.00027016627041727415,0.0005494400091364642,3.0810829152076753,0.10583259060294906,0.7047631565645797,1.0,0.1,0.7047631565645797,1.0,1.7839688181339484,4.962681399394579e-07,4.963251035102872e-07,1.6648426147336636e-10
1431,iaaft,7,37,0.04503371009001534,-0.00010571190600672936,0.00019293363605185043,3.08064709665066,0.10578563124827196,0.7047816942393512,1.0,0.1,0.7047816942393512,1.0,1.3505655667943957,4.962684975561756e-07,4.963254581822102e-07,2.382550465119569e-10
1432,iaaft,7,38,0.04527309699444111,0.00013367499841904218,0.0002959376447168569,3.080972148233628,0.1058155408334397,0.7047678675843643,1.0,0.1,0.7047678675843643,1.0,1.7939450841574105,4.96266853930256e-07,4.963238170378445e-07,2.2389722976998003e-10
1433,iaaft,7,39,0.045193677651598214,5.4255655576145034e-05,0.00029014486851853996,3.0807742491976313,0.10580561892377095,0.704776285236097,1.0,0.1,0.704776285236097,1.0,1.4649031963590908,4.962688694506861e-07,4.963258319782392e-07,2.364057468865734e-10
1434,iaaft,7,40,0.045365491264026676,0.00022606926800460697,0.00033200769699682397,3.0810209804150523,0.10582708253845168,0.7047657906665231,1.0,0.1,0.7047657906665231,1.0,1.6241944466156064,4.962691568542578e-07,4.963261200261488e-07,3.3624914506063856e-10
1435,iaaft,7,41,0.04466042127856334,-0.0004790007174587316,0.00032731631092738667,3.0801881877138757,0.1057389747491773,0.7048012196269913,1.0,0.1,0.7048012196269913,1.0,2.2168757237202006,4.962672760490027e-07,4.963242404767621e-07,2.37369508403169e-10
1436,iaaft,7,42,0.04523360427151401,9.418227549193997e-05,0.00035589997105334154,3.0809349947629614,0.10581060709841479,0.7047694478294867,1.0,0.1,0.7047694478294867,1.0,1.4424294606761356,4.962688585323739e-07,4.963258232658986e-07,1.886326036642959e-10
1437,iaaft,7,43,0.04522609861448664,8.667661846457203e-05,0.00032438231423382663,3.080834593957869,0.10580966940793303,0.7047737183544629,1.0,0.1,0.7047737183544629,1.0,1.743785940893702,4.962699349099817e-07,4.963268982603452e-07,3.0181105093522497e-10
1438,iaaft,7,44,0.044876336305265566,-0.0002630856907565038,0.0001823675677757402,3.080402887544347,0.10576596397488645,0.7047920839951209,1.0,0.1,0.7047920839951209,1.0,1.7782353760770087,4.962662673649304e-07,4.963232337795077e-07,3.4760215830119475e-10
1439,iaaft,7,45,0.04541374557375554,0.0002743235777334721,0.0002076000040447472,3.0810258131987744,0.10583310986873863,0.7047655851233113,1.0,0.1,0.7047655851233113,1.0,1.8060294768337988,4.962689677154958e-07,4.963259302220522e-07,3.328475448981658e-10
1440,iaaft,7,46,0.045023185131823074,-0.00011623686419899582,0.00024173322408541857,3.0805988258131825,0.10578431604018282,0.7047837477702759,1.0,0.1,0.7047837477702759,1.0,1.4698314583208336,4.962683421801944e-07,4.963253089031615e-07,5.6968372524603504e-11
1441,iaaft,7,47,0.045476695143091134,0.0003372731470690643,0.000329966790411229,3.081085840438624,0.10584097223276753,0.7047630321563554,1.0,0.1,0.7047630321563554,1.0,2.1131966648252267,4.962680898831958e-07,4.963250520262459e-07,3.4765565278173217e-10
1442,iaaft,7,48,0.045234083072983995,9.466107696192577e-05,0.0001563198795216552,3.080819077085954,0.10581066691535862,0.7047743783853494,1.0,0.1,0.7047743783853494,1.0,1.5460065800057856,4.962675874728611e-07,4.963245501828235e-07,4.768327186507206e-10
1443,iaaft,7,49,0.04495159707058765,-0.0001878249254344197,0.00016579776509854347,3.0805480804560212,0.10577536989880666,0.7047859066398556,1.0,0.1,0.7047859066398556,1.0,1.7433221071634035,4.962668260465664e-07,4.963237899021643e-07,5.483830325209222e-10
1444,iaaft,7,50,0.04513434959447965,-5.072401542419169e-06,0.0002236781560069489,3.0807996215525684,0.10579820642419588,0.7047752059616721,1.0,0.1,0.7047752059616721,1.0,1.9839988465636913,4.962683645207409e-07,4.963253263698364e-07,7.730317046289308e-10
1445,iaaft,7,51,0.04504227847290409,-9.714352311798041e-05,0.00036725928205627063,3.08070339841698,0.10578670194890535,0.7047792991374987,1.0,0.1,0.7047792991374987,1.0,1.4760676928994796,4.962659818090731e-07,4.963229436004276e-07,2.362570321256957e-10
1446,iaaft,7,52,0.045312821007023246,0.00017339901100117683,0.0003467214518236462,3.0809898994817764,0.10582050323089588,0.704767112585358,1.0,0.1,0.704767112585358,1.0,1.77180031524601,4.9626717308092e-07,4.963241352620267e-07,3.200471781472482e-10
1447,iaaft,7,53,0.04481073818106989,-0.0003286838149521784,0.00024030308315462054,3.0803076547628776,0.1057577649841364,0.7047961360643002,1.0,0.1,0.7047961360643002,1.0,1.9743157501179391,4.962671908861676e-07,4.9632414968286e-07,3.0363459804157037e-10
1448,iaaft,7,54,0.04505613982991746,-8.328216610460626e-05,0.0004734333531086805,3.080630803092109,0.10578843403386462,0.7047823873904906,1.0,0.1,0.7047823873904906,1.0,1.6490805250694347,4.962682669278273e-07,4.963252292427883e-07,1.7148388260521971e-10
1449,iaaft,7,55,0.04488397870120583,-0.0002554432948162419,0.00019433912018887922,3.080439014916402,0.10576691914277822,0.7047905468721798,1.0,0.1,0.7047905468721798,1.0,1.6952506023852674,4.962674085805153e-07,4.963243721552815e-07,1.898168835919773e-10
1450,iaaft,7,56,0.045347293922568394,0.00020787192654632414,0.0003998188759555648,3.08107424424905,0.105824809462962,0.7047635253363325,1.0,0.1,0.7047635253363325,1.0,1.4824394657476878,4.962707159892383e-07,4.963276815915037e-07,9.29917268420269e-11
1451,iaaft,7,57,0.045014806452830014,-0.00012461554319205537,0.00017991667501920602,3.080475070142304,0.10578326902135143,0.7047890128540912,1.0,0.1,0.7047890128540912,1.0,2.1832690539427775,4.962686186654539e-07,4.96325580464682e-07,5.447651185473941e-10
1452,iaaft,7,58,0.04537939943183757,0.00023997743581550407,0.0004675570520593807,3.0810710822159275,0.10582881980960296,0.7047636598166057,1.0,0.1,0.7047636598166057,1.0,1.9952512889594063,4.962667911079674e-07,4.96323754781156e-07,2.371170644273075e-10
1453,iaaft,7,59,0.0449959275429767,-0.00014349445304536607,0.00018208856125878948,3.0805361437968495,0.10578090983174732,0.70478641447359,1.0,0.1,0.70478641447359,1.0,1.61322176743719,4.962677280671273e-07,4.963246925395048e-07,3.4039842389294784e-10
1454,iaaft,7,60,0.04534415171502948,0.00020472971900740988,0.00029651115624032765,3.0810231117242455,0.10582441695700659,0.7047657000196955,1.0,0.1,0.7047657000196955,1.0,1.6505090637975524,4.962684001312361e-07,4.963253639999568e-07,2.004549258565669e-10
1455,iaaft,7,61,0.045414063559359945,0.00027464156333787543,0.0003095717758700963,3.081041396905392,0.10583314958642061,0.7047649223367076,1.0,0.1,0.7047649223367076,1.0,1.8301089964663269,4.962673000692895e-07,4.963242618396472e-07,5.855282014222536e-10
1456,iaaft,7,62,0.04531268093927318,0.00017325894325111169,0.0003339677411019427,3.080981433838861,0.10582048573378112,0.7047674726464116,1.0,0.1,0.7047674726464116,1.0,1.8935006390253286,4.962677206762698e-07,4.96324681654e-07,4.721319810658516e-10
1457,iaaft,7,63,0.045079661276916844,-5.9760719105225735e-05,0.00028906491901311936,3.080628868210322,0.10579137315772205,0.7047824697035892,1.0,0.1,0.7047824697035892,1.0,1.7026105547373696,4.962678775640173e-07,4.963248383475275e-07,2.1872646934375315e-10
1458,iaaft,7,64,0.045022774743082666,-0.00011664725293940303,0.0003009795203492104,3.080605400681995,0.10578426475731145,0.7047834680594561,1.0,0.1,0.7047834680594561,1.0,1.8362287384117073,4.962680169824652e-07,4.963249798997706e-07,1.1175275191253475e-10
1459,iaaft,7,65,0.045109273879020625,-3.014811700144393e-05,0.00016031941016904,3.0806959509050893,0.10579507328613255,0.704779615953,1.0,0.1,0.704779615953,1.0,1.7560288895806246,4.962682615526583e-07,4.963252247901641e-07,2.1181156103722427e-10
1460,iaaft,7,66,0.04530668325756855,0.0001672612615464808,0.0001908334103096163,3.0809498167802656,0.10581973650703075,0.7047688174015213,1.0,0.1,0.7047688174015213,1.0,1.4666886880158774,4.962688259454114e-07,4.9632578798479e-07,3.118458407038085e-10
1461,iaaft,7,67,0.045046183930140475,-9.323806588159428e-05,0.0002151725028184716,3.0806093027336656,0.10578718996919859,0.7047833020572947,1.0,0.1,0.7047833020572947,1.0,1.7748021991786294,4.962668151282543e-07,4.963237789313602e-07,1.48070422982902e-10
1462,iaaft,7,68,0.044980804518747655,-0.00015861747727441422,0.00017463310070102984,3.080465827127131,0.10577901995577481,0.7047894061072514,1.0,0.1,0.7047894061072514,1.0,1.653678004353422,4.962670699448633e-07,4.963240331115052e-07,4.571309497554194e-10
1463,iaaft,7,69,0.04519095509209543,5.153309607336398e-05,0.0002196450160159076,3.0807853799909783,0.10580527877616358,0.7047758117587616,1.0,0.1,0.7047758117587616,1.0,1.4563885062914836,4.962657357271139e-07,4.96322696559179e-07,1.353811185633758e-10
1464,iaaft,7,70,0.045409509806326055,0.0002700878103039858,0.0004035500735728933,3.081105698278544,0.1058325808029147,0.704762187621088,1.0,0.1,0.704762187621088,1.0,1.6536252477697408,4.962669733597939e-07,4.963239361721156e-07,1.8541513978705238e-10
1465,iaaft,7,71,0.04516285692906993,2.3434933047863926e-05,0.0002500009554050094,3.0807962697536055,0.1058017682204393,0.7047753485375412,1.0,0.1,0.7047753485375412,1.0,1.621572580767145,4.962696782456582e-07,4.963266400698202e-07,2.873137947485425e-10
1466,iaaft,7,72,0.044763691549257245,-0.00037573044676482426,0.00024451870982177427,3.080396214557106,0.10575188431938926,0.7047923679167254,1.0,0.1,0.7047923679167254,1.0,1.864717981716272,4.962702271848004e-07,4.963271896913567e-07,2.6970582218301787e-10
1467,iaaft,7,73,0.04534730919106908,0.00020788719504701014,0.0004354545141620421,3.081048445235602,0.10582481137020912,0.7047646225681525,1.0,0.1,0.7047646225681525,1.0,1.445204624429111,4.962697709673248e-07,4.963267352074258e-07,2.473801886487314e-10
1468,iaaft,7,74,0.04538764869976152,0.0002482267037394528,0.0003252882772295745,3.081117969956036,0.10582985021331837,0.7047616657235118,1.0,0.1,0.7047616657235118,1.0,1.7298241238905152,4.962676801945277e-07,4.963246432168169e-07,3.335537864735698e-10
1469,iaaft,7,75,0.045197278817582474,5.7856821560405e-05,0.00015230710108917337,3.080945297646831,0.10580606883989538,0.70476900961414,1.0,0.1,0.70476900961414,1.0,1.7566581942020376,4.962677045507626e-07,4.963246689483392e-07,2.2945335412459194e-10
1470,iaaft,7,76,0.04539619892556051,0.0002567769295384395,0.00031828803205390154,3.0809696581806,0.10583091819864368,0.7047679734923911,1.0,0.1,0.7047679734923911,1.0,2.009304680987525,4.962685351823591e-07,4.963254966679483e-07,5.937780886106144e-10
1471,iaaft,7,77,0.04510078866030868,-3.863333571339084e-05,0.00020959148876569292,3.0806542678980504,0.10579401306160395,0.7047813891665716,1.0,0.1,0.7047813891665716,1.0,1.7444528140748958,4.962675755467047e-07,4.963245361819254e-07,2.4887519429277135e-10
1472,iaaft,7,78,0.04554618177090062,0.0004067597748785498,0.00045666837553569333,3.081261756477621,0.10584965039341444,0.704755550983887,1.0,0.1,0.704755550983887,1.0,2.1639729558537297,4.962683405004541e-07,4.963253029230235e-07,2.42695335108422e-10
1473,iaaft,7,79,0.044858728351145016,-0.00028069364487705306,0.00018462007731872806,3.0804807187189276,0.10576376325099443,0.7047887725309887,1.0,0.1,0.7047887725309887,1.0,1.7233453629405688,4.962671777841929e-07,4.96324139419384e-07,9.84364004252945e-11
1474,iaaft,7,80,0.04503050508129217,-0.00010891691472989656,0.00019685843860491539,3.0805450662306515,0.10578523074927737,0.7047860348768238,1.0,0.1,0.7047860348768238,1.0,1.5120624077623714,4.962687332237448e-07,4.963256957631087e-07,2.4056697287202793e-10
1475,iaaft,7,81,0.04544465290169695,0.00030523090567487893,0.00040816930558288224,3.08116145162599,0.10583697024872882,0.704759816540645,1.0,0.1,0.704759816540645,1.0,1.8793599483184864,4.962666716784295e-07,4.963236329973569e-07,2.0127965211597538e-10
1476,iaaft,7,82,0.04505483227033959,-8.458972568248235e-05,0.000343631023041421,3.0806829464185572,0.10578827064528123,0.704780169164567,1.0,0.1,0.704780169164567,1.0,1.6468157347140058,4.962675708434318e-07,4.963245326728428e-07,3.129843057138046e-10
1477,iaaft,7,83,0.04517933912048718,3.991712446511225e-05,0.00014101022430293878,3.080747409923258,0.1058038275026854,0.704777426928446,1.0,0.1,0.704777426928446,1.0,1.4871021406615725,4.962678866346151e-07,4.963248473393875e-07,2.1323844271223138e-10
1478,iaaft,7,84,0.04526624707138626,0.00012682507536419113,0.000158500474266672,3.0808696548154475,0.10581468510480002,0.704772227018017,1.0,0.1,0.704772227018017,1.0,1.4583569511379717,4.962693721969689e-07,4.963263339253331e-07,3.351468679565226e-10
1479,iaaft,7,85,0.04539987138281496,0.00026044938679289226,0.00032290553233349815,3.0810347219816245,0.1058313769119289,0.7047652062253631,1.0,0.1,0.7047652062253631,1.0,1.8349845444541342,4.962678159175469e-07,4.963247767220539e-07,6.907988196276497e-10
1480,iaaft,7,86,0.04536412709823216,0.0002247051022100932,0.0005107903406081888,3.0810372856586445,0.10582691213877912,0.7047650971904438,1.0,0.1,0.7047650971904438,1.0,2.093467438575808,4.962678977209013e-07,4.963248615371303e-07,2.423180444320305e-10
1481,iaaft,7,87,0.045191843970625305,5.242197460323533e-05,0.00017755305698756573,3.0808681101188706,0.10580538982983649,0.7047722927219929,1.0,0.1,0.7047722927219929,1.0,1.233032397026285,4.962682550016709e-07,4.963252193073867e-07,1.4356622551581157e-10
1482,iaaft,7,88,0.045117239284447754,-2.2182711574315894e-05,0.00015390821748113533,3.080621102368236,0.10579606855054013,0.7047828000764846,1.0,0.1,0.7047828000764846,1.0,1.5119148291132651,4.962687060119513e-07,4.963256667600296e-07,3.838599361301793e-10
1483,iaaft,7,89,0.04516894166796359,2.951967194152194e-05,0.0001416739464057452,3.0808001315138287,0.10580252845136869,0.7047751842694161,1.0,0.1,0.7047751842694161,1.0,1.4614043356140094,4.962665325959296e-07,4.963234953177027e-07,3.118357780093535e-10
1484,iaaft,7,90,0.045447736460454045,0.000308314464431976,0.0003705972401634865,3.081241191066611,0.10583735538295318,0.7047564255248671,1.0,0.1,0.7047564255248671,1.0,1.7208461705541898,4.962674065648268e-07,4.963243679900503e-07,2.8794470521903113e-10
1485,iaaft,7,91,0.04508633793707408,-5.3084058947987234e-05,0.00012528184345987322,3.0806255460163743,0.10579220742532429,0.7047826110354976,1.0,0.1,0.7047826110354976,1.0,1.690103176480309,4.962673444144344e-07,4.963243055483279e-07,4.795737609257608e-10
1486,iaaft,7,92,0.04505628626455228,-8.313573146979253e-05,0.00021031488603268816,3.0806316844941617,0.10578845233186603,0.7047823498942107,1.0,0.1,0.7047823498942107,1.0,1.4160695382734647,4.962696957149577e-07,4.963266574538203e-07,1.3070392358916432e-10
1487,iaaft,7,93,0.04531237917777643,0.00017295718175436292,0.00033263085160639065,3.0809402209718986,0.10582044803804523,0.7047692255413693,1.0,0.1,0.7047692255413693,1.0,1.4068419267331624,4.962690093730561e-07,4.963259748716501e-07,1.3426327236601345e-10
1488,iaaft,7,94,0.04535492700248557,0.00021550500646350113,0.00022400581520442094,3.0810038049362474,0.1058257629360332,0.704766521162236,1.0,0.1,0.704766521162236,1.0,1.7834111141495526,4.962690774025398e-07,4.963260426373619e-07,3.0395667250357923e-10
1489,iaaft,7,95,0.04485189376078725,-0.0002875282352348199,0.00021243726352349485,3.0803626225081824,0.10576290901980899,0.7047937972062266,1.0,0.1,0.7047937972062266,1.0,1.7893344828962765,4.962670549951743e-07,4.963240158862929e-07,3.696669386595589e-10
1490,iaaft,7,96,0.045321826763438856,0.00018240476741678696,0.0001709543417525528,3.080974846834976,0.10582162821436097,0.7047677528064583,1.0,0.1,0.7047677528064583,1.0,1.6007106949144325,4.962669825983658e-07,4.963239464802096e-07,3.84342063600339e-10
1491,iaaft,7,97,0.04527270618944004,0.00013328419341797348,0.00039079725537100686,3.0808001335015636,0.10581549201219687,0.7047751841848637,1.0,0.1,0.7047751841848637,1.0,1.9817681828264053,4.96268649572676e-07,4.963256112301762e-07,6.545890508771653e-10
1492,iaaft,7,98,0.04526739064494418,0.00012796864892210963,0.00028735438721226526,3.0809430886643234,0.10581482796654221,0.7047691035691487,1.0,0.1,0.7047691035691487,1.0,1.8464437910190965,4.962702090436047e-07,4.963271732351505e-07,2.2661026762409328e-10
1493,iaaft,7,99,0.04478512617138912,-0.00035429582463294973,0.00027649012344681495,3.0803332098389187,0.10575456361288549,0.7047950486947003,1.0,0.1,0.7047950486947003,1.0,1.9772335106511025,4.962673084679911e-07,4.963242719850164e-07,1.4332279439669457e-10
1494,exact_spectrum,7,1,0.04497493936895218,-0.0001644826270698896,0.00016138457602012915,3.0804813416486305,0.10577828699767547,0.7047887460280109,1.0,0.1,0.7047887460280109,1.0,1.9550237625823712,4.962688901114922e-07,4.963258550326754e-07,8.925213877752984e-10
1495,exact_spectrum,7,2,0.045218179641243056,7.87576452209865e-05,0.00012558935188554144,3.08078866446105,0.10580868007236563,0.7047756720458984,1.0,0.1,0.7047756720458984,1.0,1.5196128170029675,4.962683238710247e-07,4.963252889929893e-07,4.763433368019814e-10
1496,exact_spectrum,7,3,0.04498523792050557,-0.0001541840755164975,0.0002414826544041071,3.0805614198286517,0.1057795739873122,0.7047853391335837,1.0,0.1,0.7047853391335837,1.0,1.561660666606724,4.96265881192627e-07,4.963228438750312e-07,4.094955294931909e-10
1497,exact_spectrum,7,4,0.04531887592209884,0.00017945392607677385,0.0002920574999307175,3.080951136999967,0.10582125960169829,0.7047687612486286,1.0,0.1,0.7047687612486286,1.0,1.4586322605947877,4.962682245983708e-07,4.96325186123329e-07,3.8989810921712264e-10
1498,exact_spectrum,7,5,0.04496619324548696,-0.00017322875053511072,0.00015848521943502978,3.080525433549079,0.10577719399961313,0.7047868701341086,1.0,0.1,0.7047868701341086,1.0,1.554657063903046,4.962665851718021e-07,4.963235497635987e-07,2.9586300116653753e-10
1499,exact_spectrum,7,6,0.04495088104744216,-0.00018854094857991,0.00016628014219436193,3.0804968325128264,0.10577528041575919,0.7047880869617926,1.0,0.1,0.7047880869617926,1.0,1.7715098292125795,4.962668468753466e-07,4.963238110301482e-07,3.1696393077210066e-10
1500,exact_spectrum,7,7,0.04531289344518134,0.0001734714491592737,0.00040234039837790364,3.080927278936396,0.10582051227979261,0.7047697760107061,1.0,0.1,0.7047697760107061,1.0,1.3046163585208213,4.962670215683417e-07,4.963239836667736e-07,1.6284558170992498e-10
1501,exact_spectrum,7,8,0.045241821969197564,0.0001023999731754946,0.00017485701968547268,3.0808065062753087,0.10581163373543617,0.7047749131063594,1.0,0.1,0.7047749131063594,1.0,1.681468083678775,4.962663859545982e-07,4.96323350176327e-07,4.124640191082061e-10
1502,exact_spectrum,7,9,0.04509051095835366,-4.891103766840876e-05,0.0002786530668352573,3.0807545840227633,0.10579272885281474,0.7047771217538114,1.0,0.1,0.7047771217538114,1.0,1.8509090509159924,4.962666909954434e-07,4.963236540347924e-07,2.9608226502155936e-10
1503,exact_spectrum,7,10,0.0453100037965803,0.0001705818005582338,0.0002997336664712762,3.0809164292056512,0.10582015130739979,0.704770237490609,1.0,0.1,0.704770237490609,1.0,1.7173784532688097,4.962674905518437e-07,4.963244517237939e-07,4.79107360024504e-10
1504,exact_spectrum,7,11,0.04512109665191402,-1.8325344108047203e-05,0.00030301540875503916,3.0807164668396387,0.10579655051894446,0.7047787432133302,1.0,0.1,0.7047787432133302,1.0,1.5112516673358094,4.962663526957396e-07,4.963233184686035e-07,3.123525396255819e-10
1505,exact_spectrum,7,12,0.04508997924291359,-4.944275310848206e-05,0.0002444940332483441,3.0806383860231534,0.10579266241403268,0.7047820648009322,1.0,0.1,0.7047820648009322,1.0,1.3223116422521715,4.962679051117588e-07,4.963248701182412e-07,2.1327753866856956e-10
1506,exact_spectrum,7,13,0.04527361126806299,0.0001341892720409174,0.000389207929060128,3.080946468380649,0.10581560507894294,0.7047689598191835,1.0,0.1,0.7047689598191835,1.0,1.8999943066231368,4.962687636270449e-07,4.963257246402071e-07,1.334164837671193e-10
1507,exact_spectrum,7,14,0.04521810625135526,7.868425533318762e-05,0.0003346403060503544,3.080852607900828,0.10580867090355464,0.7047729521154946,1.0,0.1,0.7047729521154946,1.0,1.8422263753248074,4.962662656851901e-07,4.963232282140555e-07,4.996729721323061e-10
1508,exact_spectrum,7,15,0.04511708893414378,-2.2333061878286598e-05,0.00011168006811127765,3.080762791918407,0.10579604976460175,0.7047767726048628,1.0,0.1,0.7047767726048628,1.0,1.9088551906104232,4.962682460990471e-07,4.963252109362433e-07,7.037827190071129e-10
1509,exact_spectrum,7,16,0.04502865044714953,-0.00011077154887254026,0.00026477368729983835,3.0805993847944584,0.10578499899286316,0.7047837239898149,1.0,0.1,0.7047837239898149,1.0,1.979892549564264,4.962678241482746e-07,4.963247893502893e-07,2.930249801329919e-10
1510,exact_spectrum,7,17,0.04512107626583521,-1.8345730186858367e-05,0.00011974452074697341,3.0807305959846785,0.10579654797176075,0.7047781421717617,1.0,0.1,0.7047781421717617,1.0,2.262180729653252,4.962683452037271e-07,4.963253087312506e-07,6.930178720946633e-10
1511,exact_spectrum,7,18,0.0453672702068215,0.00022784821079942924,0.00036069916880517527,3.0810233517035903,0.10582730474803109,0.7047656898131285,1.0,0.1,0.7047656898131285,1.0,1.3237106657050213,4.962672133946881e-07,4.963241753894486e-07,2.0499061845497169e-10
1512,exact_spectrum,7,19,0.0453457779782737,0.00020635598225163254,0.00035434046064092387,3.081040179573678,0.10582462010036094,0.704764974110492,1.0,0.1,0.704764974110492,1.0,2.0112887758894975,4.962672392626892e-07,4.963242018466712e-07,2.689848933780443e-10
1513,exact_spectrum,7,20,0.04492939342513937,-0.00021002857088269627,0.00019192993176224491,3.080401668353447,0.10577259502331084,0.7047921358690454,1.0,0.1,0.7047921358690454,1.0,1.4970204203348942,4.962673195542773e-07,4.96324279840427e-07,3.537283602801617e-10
1514,exact_spectrum,7,21,0.045229227517902246,8.980552188017632e-05,0.0004366454859460823,3.0808791244829967,0.10581006030649412,0.7047718242252364,1.0,0.1,0.7047718242252364,1.0,1.8962187493141465,4.962682669278273e-07,4.963252296351652e-07,7.92993040648959e-10
1515,exact_spectrum,7,22,0.04514772085777629,8.298861754220399e-06,0.0003369523131560661,3.080741826296322,0.10579987708691176,0.7047776644479039,1.0,0.1,0.7047776644479039,1.0,1.4923331548908496,4.962677297468677e-07,4.963246909581868e-07,1.8617547949967725e-10
1516,exact_spectrum,7,23,0.04548097072770195,0.0003415487316798804,0.00036858296650118594,3.0812314750020677,0.10584150622957829,0.7047568387030153,1.0,0.1,0.7047568387030153,1.0,2.2041445483361133,4.962694340114133e-07,4.963263962213905e-07,4.730881312590462e-10
1517,exact_spectrum,7,24,0.044910309587557,-0.00022911240846507086,0.00018135482623004017,3.0803891680807767,0.10577020998410307,0.7047926677308156,1.0,0.1,0.7047926677308156,1.0,2.195838637899224,4.962663584068567e-07,4.963233198976951e-07,7.330559160499127e-10
1518,exact_spectrum,7,25,0.045330944435721644,0.0001915224396995749,0.00040169113554438434,3.081056981026652,0.10582276716597866,0.7047642595390393,1.0,0.1,0.7047642595390393,1.0,1.8384393256612774,4.962700813833391e-07,4.963270425854721e-07,6.793685173348481e-10
1519,exact_spectrum,7,26,0.04503042324507315,-0.00010899875094892014,0.0002444070606124921,3.080621901496696,0.10578522052297538,0.7047827660800468,1.0,0.1,0.7047827660800468,1.0,1.308275402562506,4.96267487192363e-07,4.963244501779078e-07,1.9973934597472826e-10
1520,exact_spectrum,7,27,0.045145158818380916,5.736822358846927e-06,0.000258573801588526,3.080782868431268,0.10579955697681594,0.7047759185942136,1.0,0.1,0.7047759185942136,1.0,2.030226488022787,4.962686851831711e-07,4.96325646534906e-07,3.878567522809844e-10
1521,exact_spectrum,7,28,0.045224079936233334,8.465794021126488e-05,0.00024070386693618757,3.0808693431020417,0.10580941721068764,0.7047722402768035,1.0,0.1,0.7047722402768035,1.0,1.6190454713271991,4.962676575180332e-07,4.96324618233304e-07,2.632431892113513e-10
1522,exact_spectrum,7,29,0.045239315930505786,9.989393448371631e-05,0.00018047921562610534,3.08088297974795,0.10581132065706289,0.7047716602420447,1.0,0.1,0.7047716602420447,1.0,2.150330799098349,4.962668898766992e-07,4.96323852658838e-07,2.94065490035412e-10
1523,exact_spectrum,7,30,0.0449438915226964,-0.00019553047332566964,0.00024416263797268144,3.0805745017944766,0.10577440691491548,0.7047847825830275,1.0,0.1,0.7047847825830275,1.0,1.6340544879580003,4.962678990646936e-07,4.963248612838569e-07,1.569937233214601e-10
1524,exact_spectrum,7,31,0.045120844463215945,-1.8577532806124397e-05,0.00013541348615746525,3.0807520768495062,0.10579651900866531,0.704777228404764,1.0,0.1,0.704777228404764,1.0,1.7430775555208482,4.962680769491952e-07,4.963250395043066e-07,3.731288834936299e-10
1525,exact_spectrum,7,32,0.04497461000986929,-0.0001648119861527783,0.00019427623242891962,3.080417912292356,0.10577824583806332,0.7047914447280339,1.0,0.1,0.7047914447280339,1.0,1.9878633103603793,4.962679044398627e-07,4.963248663480115e-07,2.0304322199392122e-10
1526,exact_spectrum,7,33,0.04518136306398686,4.1941067964790246e-05,0.0001777099749665694,3.0808527788848115,0.10580408037108559,0.7047729448425819,1.0,0.1,0.7047729448425819,1.0,1.6959775182039951,4.96267193405778e-07,4.963241542444049e-07,3.311780929709643e-10
1527,exact_spectrum,7,34,0.045201654611305785,6.223261528371521e-05,0.0003397960273472264,3.0808502286447923,0.10580661553251934,0.7047730533187474,1.0,0.1,0.7047730533187474,1.0,1.5418902790404352,4.962683598174679e-07,4.963253213568613e-07,3.2250429706267833e-10
1528,exact_spectrum,7,35,0.04501230949506133,-0.00012711250096073684,0.00027459942269097753,3.080578939325,0.10578295699381092,0.7047845937966974,1.0,0.1,0.7047845937966974,1.0,1.5060659786187045,4.962690701796564e-07,4.963260335024615e-07,1.9374286194326798e-10
1529,exact_spectrum,7,36,0.04536182745643905,0.00022240546041697729,0.0004681835218685044,3.081015832208871,0.10582662488699679,0.7047660096256684,1.0,0.1,0.7047660096256684,1.0,1.774611141464848,4.962681527054844e-07,4.963251177132791e-07,1.6009292298061833e-10
1530,exact_spectrum,7,37,0.044974650619888305,-0.00016477137613376408,0.00019519934058909603,3.080566859375277,0.10577825091304988,0.7047851077165244,1.0,0.1,0.7047851077165244,1.0,1.3385279486251263,4.962685111620723e-07,4.963254752985017e-07,2.350822794752369e-10
1531,exact_spectrum,7,38,0.04514424555412228,4.823558100212899e-06,0.00023098744343418387,3.0807968718312746,0.10579944287017505,0.7047753229268697,1.0,0.1,0.7047753229268697,1.0,1.8025997844229913,4.962668683760229e-07,4.963238308983269e-07,2.2606908678271917e-10
1532,exact_spectrum,7,39,0.04514966325253123,1.0241256509162244e-05,0.00024355898303539755,3.08072247418339,0.10580011977580969,0.70477848766548,1.0,0.1,0.70477848766548,1.0,1.4684770200703223,4.962688948147652e-07,4.963258609511354e-07,2.3128228164920355e-10
1533,exact_spectrum,7,40,0.04532864252129268,0.00018922052527060862,0.0002966515810879987,3.08097815996986,0.105822479619055,0.7047676118912551,1.0,0.1,0.7047676118912551,1.0,1.6347486795650812,4.962691444241793e-07,4.963261079398922e-07,3.417662207016093e-10
1534,exact_spectrum,7,41,0.0448385439821427,-0.00030087801387936736,0.0002080308945082587,3.0804010950941474,0.10576124045846881,0.7047921602599972,1.0,0.1,0.7047921602599972,1.0,2.2319908378674964,4.96267277560769e-07,4.96324239690696e-07,2.1666221019796086e-10
1535,exact_spectrum,7,42,0.0452157029526861,7.628095666403073e-05,0.0002853660988825722,3.080888052259079,0.10580837065206057,0.7047714444840585,1.0,0.1,0.7047714444840585,1.0,1.47758490930618,4.962688427428147e-07,4.963258032153106e-07,1.7613485263342348e-10
1536,exact_spectrum,7,43,0.0452637823482146,0.00012436035219252906,0.00032241509394436335,3.080881653577287,0.10581437719684442,0.7047717166504954,1.0,0.1,0.7047717166504954,1.0,1.7133350648062258,4.962699537230735e-07,4.963269174763122e-07,2.9101798438511763e-10
1537,exact_spectrum,7,44,0.04498043921132178,-0.0001589827847002928,0.00013751147042135445,3.080535110056337,0.10577897430405644,0.7047864584532717,1.0,0.1,0.7047864584532717,1.0,1.7902905994303713,4.962662089099667e-07,4.96323171469015e-07,3.5904160992964314e-10
1538,exact_spectrum,7,45,0.04540053862749915,0.0002611166314770777,0.00022311390852781772,3.0810221791904056,0.10583146025482335,0.704765739681328,1.0,0.1,0.704765739681328,1.0,1.811512009691818,4.962689714109246e-07,4.963259341182624e-07,3.363793144383607e-10
1539,exact_spectrum,7,46,0.04502433057582015,-0.00011509142020191959,0.00020647678359826072,3.0805888199967053,0.10578445917667124,0.7047841734441517,1.0,0.1,0.7047841734441517,1.0,1.4582495261674258,4.962683623370785e-07,4.963253243607095e-07,5.6962023631049395e-11
1540,exact_spectrum,7,47,0.04544564548433254,0.00030622348831046975,0.00031856310066627074,3.0810587170254897,0.10583709422172406,0.7047641857068595,1.0,0.1,0.7047641857068595,1.0,2.153545120143375,4.962680912269881e-07,4.963250533044233e-07,3.460919562562956e-10
1541,exact_spectrum,7,48,0.045207654943562305,6.823294754023518e-05,0.00015847831303102632,3.0807977785208323,0.10580736518332515,0.7047752843588935,1.0,0.1,0.7047752843588935,1.0,1.5612917517038856,4.962676014147059e-07,4.963245656876142e-07,4.814966751714029e-10
1542,exact_spectrum,7,49,0.04498669278989641,-0.00015272920612566243,0.0001530619735648831,3.0805700100108337,0.10577975579820274,0.7047849736779964,1.0,0.1,0.7047849736779964,1.0,1.735975249742865,4.962668707276594e-07,4.963238335216089e-07,5.463141330924496e-10
1543,exact_spectrum,7,50,0.04513648599125187,-2.936004770200118e-06,0.00018156037740756211,3.080798465841959,0.10579847335649932,0.7047752551222367,1.0,0.1,0.7047752551222367,1.0,1.9375173140872102,4.962683821580144e-07,4.963253454047064e-07,7.339023214580425e-10
1544,exact_spectrum,7,51,0.04507766658936878,-6.175540665329105e-05,0.0003100959337738936,3.0807293702077105,0.10579112391458544,0.7047781943150362,1.0,0.1,0.7047781943150362,1.0,1.4577537771022806,4.962659512377991e-07,4.96322912117107e-07,2.4750273620467545e-10
1545,exact_spectrum,7,52,0.04524357866051783,0.00010415666449575811,0.00030268204530714283,3.080889557368086,0.1058118531976012,0.7047713804647591,1.0,0.1,0.7047713804647591,1.0,1.7769580407664873,4.96267217762013e-07,4.963241793132171e-07,3.2426920023451647e-10
1546,exact_spectrum,7,53,0.04483222185605788,-0.0003072001399641866,0.0002282472327900207,3.0803266528559115,0.10576045025976401,0.7047953276929269,1.0,0.1,0.7047953276929269,1.0,1.9892779849989206,4.96267222801234e-07,4.963241820926624e-07,3.036679041429353e-10
1547,exact_spectrum,7,54,0.04503571840039578,-0.000103703595626288,0.0003329896050882869,3.080586727416839,0.1057858822066565,0.704784262468372,1.0,0.1,0.704784262468372,1.0,1.6334419220214549,4.96268250466372e-07,4.963252114073579e-07,1.7794343430320604e-10
1548,exact_spectrum,7,55,0.04489035972821904,-0.00024906226780303103,0.00017834753217837697,3.080459045991574,0.10576771665466679,0.7047896946187957,1.0,0.1,0.7047896946187957,1.0,1.6956775065187824,4.962674394877374e-07,4.963244033000295e-07,1.8081260927081006e-10
1549,exact_spectrum,7,56,0.04537038475630304,0.00023096276028097135,0.00027593009114236944,3.08106491256156,0.10582769378849584,0.7047639222108424,1.0,0.1,0.7047639222108424,1.0,1.4775330037836205,4.962705806021672e-07,4.963275466243676e-07,9.357129499928462e-11
1550,exact_spectrum,7,57,0.044982945131507954,-0.0001564768645141157,0.000164296938814563,3.0804579200119373,0.10577928746335692,0.7047897425250701,1.0,0.1,0.7047897425250701,1.0,2.198567570941481,4.962686257203632e-07,4.963255900195175e-07,5.497896155837973e-10
1551,exact_spectrum,7,58,0.04533425007847618,0.00019482808245411404,0.00041783526504662454,3.081008324392677,0.10582318009369086,0.7047663289430337,1.0,0.1,0.7047663289430337,1.0,1.9281245035354224,4.962667927877078e-07,4.963237563742847e-07,2.381442518891816e-10
1552,exact_spectrum,7,59,0.04502592563497865,-0.00011349636104342198,0.00018844938404608314,3.0805734373831277,0.10578465849745673,0.7047848278664712,1.0,0.1,0.7047848278664712,1.0,1.6357070936810845,4.96267721684114e-07,4.963246852247605e-07,3.456229202623855e-10
1553,exact_spectrum,7,60,0.04526845971553084,0.00012903771950877052,0.00026681964207258543,3.080925594798078,0.10581496152077315,0.7047698476432416,1.0,0.1,0.7047698476432416,1.0,1.6595604032370337,4.962684468280174e-07,4.963254082401179e-07,1.9330739975933896e-10
1554,exact_spectrum,7,61,0.045379657661384985,0.0002402356653629159,0.0002868971685775655,3.0810032786402233,0.10582885206482152,0.7047665435464244,1.0,0.1,0.7047665435464244,1.0,1.800139485301644,4.962673064523028e-07,4.96324270124179e-07,5.693858757891954e-10
1555,exact_spectrum,7,62,0.045307795940665564,0.0001683739446434948,0.0003391564415410422,3.0809707948292937,0.1058198755031272,0.7047679251479297,1.0,0.1,0.7047679251479297,1.0,1.836052181332036,4.962677445285826e-07,4.963247079379994e-07,4.4930444636812855e-10
1556,exact_spectrum,7,63,0.04507537249196329,-6.40495040587774e-05,0.00023578059025086129,3.0806088407857084,0.10579083725842123,0.704783321709591,1.0,0.1,0.704783321709591,1.0,1.6940450731078962,4.962678899940958e-07,4.963248534048249e-07,2.213724435649211e-10
1557,exact_spectrum,7,64,0.0450263322291344,-0.0001130897668876682,0.00026254905473219496,3.080599251542589,0.10578470930596139,0.7047837296586819,1.0,0.1,0.7047837296586819,1.0,1.8622840832234933,4.962680495694277e-07,4.963250127859369e-07,1.0832033376407093e-10
1558,exact_spectrum,7,65,0.04512703293737602,-1.238905864604789e-05,0.00010564222833173683,3.08073236428013,0.10579729223865626,0.7047780669503881,1.0,0.1,0.7047780669503881,1.0,1.7464395013536262,4.962683015304782e-07,4.963252649950116e-07,2.1441746295298327e-10
1559,exact_spectrum,7,66,0.04525577486690459,0.000116352870882519,0.00018543431943954928,3.0808710707065883,0.10581337684821707,0.7047721667928625,1.0,0.1,0.7047721667928625,1.0,1.4970647973620004,4.962688506375943e-07,4.963258148619477e-07,3.250862416818842e-10
1560,exact_spectrum,7,67,0.045060391539877884,-7.903045614418569e-05,0.0002270554326887642,3.080624705663602,0.10578896531259052,0.7047826467856134,1.0,0.1,0.7047826467856134,1.0,1.7668590554349468,4.962668320936316e-07,4.96323795713016e-07,1.5337578835117776e-10
1561,exact_spectrum,7,68,0.044991934600476936,-0.00014748739554513307,0.00018070407208580522,3.0804916255379697,0.1057804108497736,0.7047883084943009,1.0,0.1,0.7047883084943009,1.0,1.625271076065527,4.962670776716689e-07,4.963240378974529e-07,4.558131252217767e-10
1562,exact_spectrum,7,69,0.04519442779101659,5.5005794994518464e-05,0.00022891691147150677,3.080792533196342,0.10580571264352436,0.7047755074802782,1.0,0.1,0.7047755074802782,1.0,1.4564703133219925,4.962656307433428e-07,4.963225907644084e-07,1.3431585873693126e-10
1563,exact_spectrum,7,70,0.04535429838802368,0.00021487639200160752,0.00036335602153230443,3.0810367398774168,0.10582568441406169,0.704765120402874,1.0,0.1,0.704765120402874,1.0,1.6623337216009886,4.962669804147034e-07,4.963239427939669e-07,1.940761119277049e-10
1564,exact_spectrum,7,71,0.04512769871734847,-1.1723278673596293e-05,0.0002172928988131992,3.08072566477717,0.10579737542539101,0.7047783519404359,1.0,0.1,0.7047783519404359,1.0,1.607496411831758,4.962696653116577e-07,4.963266288011247e-07,2.946458613185182e-10
1565,exact_spectrum,7,72,0.04490403847128854,-0.0002353835247335262,0.00018543596723695748,3.080533038073863,0.10576942622757815,0.7047865466042329,1.0,0.1,0.7047865466042329,1.0,1.8993971053710208,4.962702423024634e-07,4.963272069178812e-07,2.6548697060563525e-10
1566,exact_spectrum,7,73,0.045261530018076916,0.00012210802205484678,0.0003510143950217116,3.080946087967029,0.10581409582151306,0.7047689759993558,1.0,0.1,0.7047689759993558,1.0,1.448097543127033,4.962697800379227e-07,4.963267443606983e-07,2.5178102434403673e-10
1567,exact_spectrum,7,74,0.04525156866987318,0.00011214667385110733,0.00029281404634931503,3.0809312523045786,0.10581285137789738,0.7047696070091927,1.0,0.1,0.7047696070091927,1.0,1.7715660184793802,4.962676870814631e-07,4.963246519737756e-07,3.4377127424971915e-10
1568,exact_spectrum,7,75,0.04519080855380107,5.138655777900403e-05,0.0001605941288711089,3.0809051471706512,0.10580526046812123,0.7047707173614176,1.0,0.1,0.7047707173614176,1.0,1.757038518778474,4.962676857376708e-07,4.963246494751619e-07,2.2325075545543356e-10
1569,exact_spectrum,7,76,0.04529063568640998,0.00015121369038791077,0.00027833339862787357,3.080863080049998,0.10581773182811748,0.7047725066774199,1.0,0.1,0.7047725066774199,1.0,2.04272722179209,4.962685504679961e-07,4.963255131320282e-07,6.140195423285522e-10
1570,exact_spectrum,7,77,0.04513204325117357,-7.378744848497709e-06,0.0002715826202677703,3.0807035018275934,0.10579791825715018,0.7047792947384448,1.0,0.1,0.7047792947384448,1.0,1.7874326227073547,4.962676004068617e-07,4.963245649684754e-07,2.5572260853289366e-10
1571,exact_spectrum,7,78,0.04541448866843256,0.00027506667241049276,0.0003561876412189804,3.081087398226053,0.1058332026842317,0.7047629659047345,1.0,0.1,0.7047629659047345,1.0,2.2300045199065766,4.962683440279087e-07,4.963253109582189e-07,2.3556707878236984e-10
1572,exact_spectrum,7,79,0.044950944955254125,-0.00018847704076794397,0.0001576567451455134,3.0805733064707557,0.10577528840246746,0.7047848334359019,1.0,0.1,0.7047848334359019,1.0,1.742783711871601,4.962671858469465e-07,4.963241475739985e-07,9.722411607668612e-11
1573,exact_spectrum,7,80,0.04505805465551445,-8.136734050762096e-05,0.00015576713542508975,3.080574459798245,0.10578867330406813,0.7047847843696801,1.0,0.1,0.7047847843696801,1.0,1.5464029730740467,4.962687416224465e-07,4.96325701912533e-07,2.3785039706483033e-10
1574,exact_spectrum,7,81,0.04536710021493877,0.00022767821891669926,0.0003084973459809447,3.0810434412088563,0.10582728351418984,0.7047648353914522,1.0,0.1,0.7047648353914522,1.0,1.8565423412622801,4.962666506816752e-07,4.963236121790752e-07,1.997067747597607e-10
1575,exact_spectrum,7,82,0.04506010879098113,-7.931320504094008e-05,0.0003008731905892503,3.080681482201589,0.10578892998136545,0.7047802314527234,1.0,0.1,0.7047802314527234,1.0,1.6525057961506917,4.962675637885223e-07,4.963245265444152e-07,3.0020562860998545e-10
1576,exact_spectrum,7,83,0.04517730128597644,3.787928995437062e-05,0.00013502018052639339,3.0807466252499207,0.10580357289815297,0.7047774603072701,1.0,0.1,0.7047774603072701,1.0,1.5063417755468915,4.962679249326948e-07,4.963248865967564e-07,2.1827564803411985e-10
1577,exact_spectrum,7,84,0.04527771344760826,0.00013829145158619077,0.0001720455689819227,3.0808815038062485,0.10581611754129738,0.7047717230209849,1.0,0.1,0.7047717230209849,1.0,1.4617126238755023,4.962693799237745e-07,4.963263436533918e-07,3.4003057125757356e-10
1578,exact_spectrum,7,85,0.04528346564972263,0.00014404365370056238,0.0002683889282308952,3.0809062989086096,0.10581683612756579,0.7047706683731627,1.0,0.1,0.7047706683731627,1.0,1.8063924191901477,4.962678453130028e-07,4.963248062841715e-07,6.657459754301585e-10
1579,exact_spectrum,7,86,0.04524142834765568,0.00010200635163361282,0.0004043419346224018,3.080875306601428,0.1058115845605217,0.704771986618727,1.0,0.1,0.704771986618727,1.0,2.0711239812925513,4.962679079673173e-07,4.963248732375715e-07,2.3590360950965197e-10
1580,exact_spectrum,7,87,0.04515476453918865,1.534254316658268e-05,0.00017701335472485898,3.0808034505246495,0.10580075714392698,0.7047750430886054,1.0,0.1,0.7047750430886054,1.0,1.2559290477097735,4.962682555055931e-07,4.963252183297253e-07,1.491017835496752e-10
1581,exact_spectrum,7,88,0.045161284759254364,2.1862763232294302e-05,0.00016756290386455084,3.080681647858031,0.10580157179171089,0.704780224405654,1.0,0.1,0.704780224405654,1.0,1.54054780164456,4.962686929099768e-07,4.963256545596031e-07,3.827704145542456e-10
1582,exact_spectrum,7,89,0.04514760547192396,8.183475901889226e-06,0.00013732149196544842,3.0807744732818825,0.10579986267022365,0.7047762757040557,1.0,0.1,0.7047762757040557,1.0,1.4293621451599088,4.962665470416965e-07,4.963235117804703e-07,3.093991361784663e-10
1583,exact_spectrum,7,90,0.045418449385572955,0.00027902738955088574,0.00034116724812723563,3.081189464798648,0.1058336973922484,0.7047586252271308,1.0,0.1,0.7047586252271308,1.0,1.7396838753711972,4.962673867438909e-07,4.963243522713552e-07,2.842847977370839e-10
1584,exact_spectrum,7,91,0.045149772253028984,1.0350257006914998e-05,0.00010651658355924095,3.0807195721496763,0.10580013339465755,0.7047786111156729,1.0,0.1,0.7047786111156729,1.0,1.6238189671922876,4.962673109876017e-07,4.963242717383045e-07,4.959864197692669e-10
1585,exact_spectrum,7,92,0.045034517790350184,-0.00010490420567188519,0.00021750122629130293,3.080606216636737,0.10578573217854496,0.7047834333468497,1.0,0.1,0.7047834333468497,1.0,1.3948664339863321,4.962696982345683e-07,4.963266624379249e-07,1.2823369220073033e-10
1586,exact_spectrum,7,93,0.04524933938874681,0.00010991739272474266,0.0003376220513203105,3.0808595430793613,0.10581257287798222,0.7047726571238936,1.0,0.1,0.7047726571238936,1.0,1.4229887367498402,4.962690412881225e-07,4.963260058576101e-07,1.325149618791894e-10
1587,exact_spectrum,7,94,0.04533548198495653,0.00019605998893446053,0.0002120480868148191,3.0809785457777554,0.10582333397812425,0.7047675954819824,1.0,0.1,0.7047675954819824,1.0,1.8252258666424872,4.962690748829293e-07,4.963260375364629e-07,3.215675531195619e-10
1588,exact_spectrum,7,95,0.044905796672646325,-0.00023362532337574404,0.00018940201827440505,3.0804365713890878,0.10576964596604278,0.7047906508366097,1.0,0.1,0.7047906508366097,1.0,1.7700422632207224,4.962670586906031e-07,4.963240200134674e-07,3.9004943282471085e-10
1589,exact_spectrum,7,96,0.045286147343009626,0.00014672534698755707,0.00015419229006518787,3.0809284272326436,0.10581717113289772,0.7047697271695292,1.0,0.1,0.7047697271695292,1.0,1.5997445536992176,4.962669303584414e-07,4.963238924988668e-07,3.871216244209767e-10
1590,exact_spectrum,7,97,0.04522479906138361,8.537706536154016e-05,0.0003155747110177045,3.08076185153377,0.10580950705240502,0.7047768126070221,1.0,0.1,0.7047768126070221,1.0,1.9967913342833041,4.962686804798982e-07,4.963256414838744e-07,6.647810695904585e-10
1591,exact_spectrum,7,98,0.04525149950477681,0.00011207750875474182,0.0002523016996428305,3.0809163371279937,0.10581284273724247,0.7047702414070321,1.0,0.1,0.7047702414070321,1.0,1.827412484091046,4.962701368147702e-07,4.963270994748654e-07,2.217308529100896e-10
1592,exact_spectrum,7,99,0.044863285710475334,-0.0002761362855467353,0.00024154459535355528,3.0804268826663246,0.10576433285532397,0.704791063062993,1.0,0.1,0.704791063062993,1.0,1.9653514798069067,4.962673578523571e-07,4.963243184783916e-07,1.5773483525641755e-10
