mG_eV,phase,index,chi,U_eV4,s_eV2,X_eV2,L_at_Mi,c_force_chi_eV4,c_force_y_eV4,beta2_force_chi_eV4,beta2_force_y_eV4,nu_force_chi_eV4,nu_force_y_eV4
1.0,zero,0,137.6422999547138,6.161810271353063e-14,1e+22,1.0,0.0,1.8259145981113882e-16,-0.0,-4.600746994005197e+17,0.0,-9.201493988010394e+17,0.0
1.0,zero,1,137.6446975125387,6.132334405062116e-14,9.999825816977525e+21,1.0,-1.741845394784404e-05,-16026742415751.963,0.0,-4.6004264507817946e+17,0.0,-9.201013168987747e+17,0.0
1.0,zero,2,137.6470949797527,6.103000646625425e-14,9.999651649639194e+21,1.0,-3.483564283459918e-05,-32050646063148.336,0.0,-4.600105947586746e+17,0.0,-9.200532401634125e+17,0.0
1.0,zero,3,137.6494923559408,6.073808310710849e-14,9.999477498013484e+21,1.0,-5.225156374083316e-05,-48071708709134.83,0.0,-4.5997854844694656e+17,0.0,-9.200051686026022e+17,0.0
1.0,zero,4,137.65188964068614,6.044756715291477e-14,9.999303362129005e+21,1.0,-6.96662137338862e-05,-64089928109545.76,0.0,-4.599465061479594e+17,0.0,-9.199571022240284e+17,0.0
1.0,zero,5,137.65428683356984,6.015845181631314e-14,9.999129242014505e+21,1.0,-8.707958986697112e-05,-80105302008282.61,0.0,-4.5991446786670317e+17,0.0,-9.199090410354147e+17,0.0
1.0,zero,6,137.6566839341712,5.987073034266884e-14,9.99895513769886e+21,1.0,-0.00010449168918032769,-96117828138381.78,0.0,-4.598824336081896e+17,0.0,-9.198609850445175e+17,0.0
1.0,zero,7,137.6590809420675,5.958439600994089e-14,9.99878104921109e+21,1.0,-0.00012190250869980922,-112127504220721.11,0.0,-4.598504033774566e+17,0.0,-9.198129342591338e+17,0.0
1.0,zero,8,137.66147785683407,5.929944212850655e-14,9.998606976580344e+21,1.0,-0.00013931204543784435,-128134327964910.47,0.0,-4.598183771795652e+17,0.0,-9.197648886870953e+17,0.0
1.0,zero,9,137.6638746780442,5.901586204102098e-14,9.998432919835917e+21,1.0,-0.0001567202963925371,-144138297068470.7,0.0,-4.5978635501960186e+17,0.0,-9.197168483362723e+17,0.0
1.0,zero,10,137.66627140526938,5.873364912223672e-14,9.998258879007224e+21,1.0,-0.00017412725854882124,-160139409217901.12,0.0,-4.597543369026764e+17,0.0,-9.196688132145708e+17,0.0
1.0,zero,11,137.66866803807892,5.845279677888151e-14,9.998084854123837e+21,1.0,-0.00019153292887666169,-176137662087032.56,0.0,-4.5972232283392454e+17,0.0,-9.196207833299361e+17,0.0
1.0,zero,12,137.6710645760403,5.817329844946942e-14,9.997910845215455e+21,1.0,-0.00020893730433304338,-192133053338861.88,0.0,-4.596903128185055e+17,0.0,-9.195727586903498e+17,0.0
1.0,zero,13,137.67346101871888,5.78951476041765e-14,9.997736852311918e+21,1.0,-0.00022634038186010832,-208125580623845.88,0.0,-4.5965830686160403e+17,0.0,-9.195247393038319e+17,0.0
1.0,zero,14,137.67585736567807,5.761833774467365e-14,9.997562875443207e+21,1.0,-0.0002437421583859249,-224115241580614.88,0.0,-4.5962630496842976e+17,0.0,-9.194767251784401e+17,0.0
1.0,zero,15,137.67825361647925,5.734286240397369e-14,9.997388914639443e+21,1.0,-0.00026114263082455087,-240102033836037.38,0.0,-4.595943071442172e+17,0.0,-9.194287163222706e+17,0.0
1.0,zero,16,137.68064977068175,5.706871514628889e-14,9.997214969930891e+21,1.0,-0.0002785417960754541,-256085955004693.97,0.0,-4.5956231339422675e+17,0.0,-9.193807127434583e+17,0.0
1.0,zero,17,137.68304582784293,5.679588956686642e-14,9.997041041347948e+21,1.0,-0.0002959396510242822,-272067002689590.66,0.0,-4.5953032372374234e+17,0.0,-9.193327144501742e+17,0.0
1.0,zero,18,137.685441787518,5.6524379291860255e-14,9.996867128921166e+21,1.0,-0.0003133361925414486,-288045174480867.1,0.0,-4.5949833813807546e+17,0.0,-9.192847214506317e+17,0.0
1.0,zero,19,137.6878376492602,5.62541779781552e-14,9.996693232681226e+21,1.0,-0.00033073141748373656,-304020467957276.2,0.0,-4.594663566425612e+17,0.0,-9.192367337530797e+17,0.0
1.0,zero,20,137.69023341262064,5.598527931324332e-14,9.996519352658964e+21,1.0,-0.0003481253226927568,-319992880684774.0,0.0,-4.594343792425614e+17,0.0,-9.191887513658076e+17,0.0
1.0,zero,21,137.69262907714844,5.571767701505923e-14,9.996345488885353e+21,1.0,-0.00036551790499584545,-335962410217351.4,0.0,-4.5940240594346336e+17,0.0,-9.191407742971442e+17,0.0
1.0,zero,22,137.69502464239056,5.5451364831841746e-14,9.996171641391512e+21,1.0,-0.0003829091612054848,-351929054096508.1,0.0,-4.5937043675068006e+17,0.0,-9.190928025554565e+17,0.0
1.0,zero,23,137.69742010789196,5.518633654198035e-14,9.995997810208706e+21,1.0,-0.00040029908811988006,-367892809851789.9,0.0,-4.593384716696498e+17,0.0,-9.190448361491514e+17,0.0
1.0,zero,24,137.69981547319537,5.492258595388442e-14,9.995823995368344e+21,1.0,-0.000417687682521738,-383853674999672.7,0.0,-4.5930651070583795e+17,0.0,-9.189968750866756e+17,0.0
1.0,zero,25,137.7022107378415,5.466010690582164e-14,9.995650196901986e+21,1.0,-0.0004350749411792289,-399811647044453.75,0.0,-4.592745538647359e+17,0.0,-9.189489193765162e+17,0.0
1.0,zero,26,137.70460590136898,5.439889326577928e-14,9.99547641484133e+21,1.0,-0.0004524608608458569,-415766723478138.3,0.0,-4.5924260115186016e+17,0.0,-9.189009690271985e+17,0.0
1.0,zero,27,137.70700096331421,5.413893893132591e-14,9.995302649218233e+21,1.0,-0.00046984543825994525,-431718901779974.6,0.0,-4.592106525727546e+17,0.0,-9.188530240472893e+17,0.0
1.0,zero,28,137.7093959232115,5.388023782946769e-14,9.995128900064691e+21,1.0,-0.0004872286701445064,-447668179416341.1,0.0,-4.591787081329898e+17,0.0,-9.18805084445396e+17,0.0
1.0,zero,29,137.71179078059302,5.362278391649913e-14,9.994955167412852e+21,1.0,-0.00050461055320769,-463614553841164.56,0.0,-4.591467678381622e+17,0.0,-9.187571502301655e+17,0.0
1.0,zero,30,137.71418553498881,5.336657117786392e-14,9.994781451295014e+21,1.0,-0.0005219910841427179,-479558022495867.2,0.0,-4.591148316938948e+17,0.0,-9.187092214102854e+17,0.0
1.0,zero,31,137.7165801859267,5.31115936280254e-14,9.994607751743626e+21,1.0,-0.000539370259627048,-495498582808606.06,0.0,-4.59082899705838e+17,0.0,-9.186612979944846e+17,0.0
1.0,zero,32,137.71897473293237,5.285784531030735e-14,9.994434068791284e+21,1.0,-0.0005567480763234001,-511436232195222.44,0.0,-4.590509718796688e+17,0.0,-9.186133799915327e+17,0.0
1.0,zero,33,137.72136917552928,5.2605320296777903e-14,9.994260402470742e+21,1.0,-0.0005741245308783422,-527370968057949.94,0.0,-4.5901904822109165e+17,0.0,-9.185654674102413e+17,0.0
1.0,zero,34,137.72376351323877,5.2354012688085726e-14,9.9940867528149e+21,1.0,-0.0005914996199238301,-543302787786835.56,0.0,-4.589871287358376e+17,0.0,-9.18517560259462e+17,0.0
1.0,zero,35,137.7261577455799,5.2103916613342196e-14,9.993913119856812e+21,1.0,-0.0006088733400758577,-559231688758507.3,0.0,-4.5895521342966515e+17,0.0,-9.184696585480888e+17,0.0
1.0,zero,36,137.72855187206963,5.185502622997108e-14,9.993739503629683e+21,1.0,-0.0006262456879350339,-575157668336711.1,0.0,-4.5892330230835974e+17,0.0,-9.184217622850561e+17,0.0
1.0,zero,37,137.73094589222254,5.160733572358574e-14,9.993565904166881e+21,1.0,-0.0006436166600860029,-591080723871786.5,0.0,-4.5889139537773536e+17,0.0,-9.183738714793425e+17,0.0
1.0,zero,38,137.7333398055511,5.1360839307834404e-14,9.99339232150192e+21,1.0,-0.0006609862530981493,-607000852701319.8,0.0,-4.588594926436328e+17,0.0,-9.18325986139967e+17,0.0
1.0,zero,39,137.73573361156554,5.11155312242816e-14,9.993218755668472e+21,1.0,-0.000678354463524891,-622918052149502.1,0.0,-4.588275941119203e+17,0.0,-9.182781062759903e+17,0.0
1.0,zero,40,137.73812730977374,5.087140574226653e-14,9.993045206700365e+21,1.0,-0.0006957212879036772,-638832319527137.1,0.0,-4.58795699788495e+17,0.0,-9.182302318965171e+17,0.0
1.0,zero,41,137.74052089968143,5.062845715876809e-14,9.992871674631586e+21,1.0,-0.0007130867227561154,-654743652131761.6,0.0,-4.587638096792811e+17,0.0,-9.181823630106939e+17,0.0
1.0,zero,42,137.74291438079203,5.038667979827057e-14,9.99269815949627e+21,1.0,-0.0007304507645881636,-670652047247831.1,0.0,-4.5873192379023066e+17,0.0,-9.18134499627709e+17,0.0
1.0,zero,43,137.74530775260664,5.0146068012641364e-14,9.992524661328726e+21,1.0,-0.0007478134098891005,-686557502145782.9,0.0,-4.587000421273253e+17,0.0,-9.180866417567964e+17,0.0
1.0,zero,44,137.74770101462417,4.99066161809779e-14,9.992351180163404e+21,1.0,-0.0007651746551329375,-702460014083336.0,0.0,-4.586681646965729e+17,0.0,-9.180387894072292e+17,0.0
1.0,zero,45,137.75009416634114,4.96683187095009e-14,9.992177716034928e+21,1.0,-0.0007825344967767474,-718359580303968.5,0.0,-4.586362915040115e+17,0.0,-9.17990942588327e+17,0.0
1.0,zero,46,137.7524872072518,4.9431170031408284e-14,9.992004268978071e+21,1.0,-0.0007998929312615623,-734256198037746.9,0.0,-4.5860442255570714e+17,0.0,-9.179431013094522e+17,0.0
1.0,zero,47,137.75488013684807,4.919516460674407e-14,9.991830839027774e+21,1.0,-0.0008172499550125008,-750149864501450.1,0.0,-4.58572557857754e+17,0.0,-9.178952655800095e+17,0.0
1.0,zero,48,137.75727295461957,4.896029692227909e-14,9.991657426219136e+21,1.0,-0.000834605564437674,-766040576897575.0,0.0,-4.585406974162759e+17,0.0,-9.178474354094493e+17,0.0
1.0,zero,49,137.75966566005354,4.872656149137266e-14,9.991484030587417e+21,1.0,-0.0008519597559292769,-781928332415342.4,0.0,-4.585088412374246e+17,0.0,-9.177996108072645e+17,0.0
1.0,zero,50,137.76205825263492,4.8493952853848856e-14,9.991310652168045e+21,1.0,-0.0008693125258626876,-797813128229881.4,0.0,-4.5847698932738176e+17,0.0,-9.177517917829934e+17,0.0
1.0,zero,51,137.76445073184627,4.826246557586512e-14,9.991137290996601e+21,1.0,-0.0008866638705968512,-813694961502585.9,0.0,-4.5844514169235725e+17,0.0,-9.177039783462171e+17,0.0
1.0,zero,52,137.76684309716774,4.80320942497952e-14,9.990963947108844e+21,1.0,-0.0009040137864737642,-829573829380652.6,0.0,-4.584132983385914e+17,0.0,-9.176561705065635e+17,0.0
1.0,zero,53,137.76923534807716,4.780283349408794e-14,9.990790620540685e+21,1.0,-0.0009213622698189232,-845449728997497.9,0.0,-4.58381459272353e+17,0.0,-9.176083682737036e+17,0.0
1.0,zero,54,137.77162748405,4.757467795314878e-14,9.990617311328208e+21,1.0,-0.0009387093169412594,-861322657472705.8,0.0,-4.5834962449994035e+17,0.0,-9.175605716573533e+17,0.0
1.0,zero,55,137.77401950455922,4.7347622297218897e-14,9.990444019507658e+21,1.0,-0.0009560549241324298,-877192611911385.8,0.0,-4.5831779402768154e+17,0.0,-9.175127806672744e+17,0.0
1.0,zero,56,137.77641140907548,4.7121661222244195e-14,9.990270745115454e+21,1.0,-0.0009733990876671379,-893059589404476.0,0.0,-4.5828596786193485e+17,0.0,-9.174649953132741e+17,0.0
1.0,zero,57,137.77880319706696,4.6896789449752963e-14,9.990097488188174e+21,1.0,-0.0009907418038033887,-908923587028982.6,0.0,-4.5825414600908774e+17,0.0,-9.174172156052045e+17,0.0
1.0,zero,58,137.78119486799943,4.667300172673419e-14,9.989924248762572e+21,1.0,-0.0010080830687816521,-924784601847222.2,0.0,-4.5822232847555834e+17,0.0,-9.173694415529638e+17,0.0
1.0,zero,59,137.78358642133625,4.645029282550839e-14,9.989751026875562e+21,1.0,-0.0010254228788259539,-940642630907828.6,0.0,-4.5819051526779386e+17,0.0,-9.173216731664955e+17,0.0
1.0,zero,60,137.7859778565383,4.6228657543615085e-14,9.989577822564237e+21,1.0,-0.0010427612301424608,-956497671244464.6,0.0,-4.5815870639227264e+17,0.0,-9.172739104557897e+17,0.0
1.0,zero,61,137.78836917306396,4.600809070368741e-14,9.989404635865857e+21,1.0,-0.0010600981189200574,-972349719876359.8,0.0,-4.581269018555036e+17,0.0,-9.172261534308836e+17,0.0
1.0,zero,62,137.7907603703692,4.578858715332489e-14,9.989231466817847e+21,1.0,-0.0010774335413306015,-988198773808547.8,0.0,-4.58095101664025e+17,0.0,-9.171784021018586e+17,0.0
1.0,zero,63,137.79315144790755,4.5570141764979834e-14,9.989058315457812e+21,1.0,-0.0010947674935284086,-1004044830031408.9,0.0,-4.580633058244067e+17,0.0,-9.171306564788448e+17,0.0
1.0,zero,64,137.79554240512994,4.53527494358365e-14,9.988885181823525e+21,1.0,-0.001112099971650122,-1019887885520552.5,0.0,-4.580315143432488e+17,0.0,-9.17082916572018e+17,0.0
1.0,zero,65,137.79793324148486,4.513640508769075e-14,9.988712065952935e+21,1.0,-0.0011294309718147754,-1035727937236886.8,0.0,-4.579997272271825e+17,0.0,-9.17035182391602e+17,0.0
1.0,zero,66,137.80032395641828,4.492110366683036e-14,9.988538967884158e+21,1.0,-0.0011467604901239858,-1051564982126801.5,0.0,-4.5796794448286995e+17,0.0,-9.169874539478666e+17,0.0
1.0,zero,67,137.80271454937363,4.4706840143921e-14,9.988365887655496e+21,1.0,-0.001164088522661242,-1067399017121525.4,0.0,-4.5793616611700474e+17,0.0,-9.169397312511311e+17,0.0
1.0,zero,68,137.80510501979185,4.449360951388001e-14,9.988192825305419e+21,1.0,-0.0011814150654926127,-1083230039137781.4,0.0,-4.5790439213631104e+17,0.0,-9.168920143117599e+17,0.0
1.0,zero,69,137.8074953671113,4.4281406795768627e-14,9.988019780872573e+21,1.0,-0.0011987401146660377,-1099058045077146.4,0.0,-4.578726225475446e+17,0.0,-9.168443031401663e+17,0.0
1.0,zero,70,137.8098855907678,4.407022703266944e-14,9.987846754395782e+21,1.0,-0.0012160636662117113,-1114883031826411.9,0.0,-4.5784085735749286e+17,0.0,-9.167965977468122e+17,0.0
1.0,zero,71,137.8122756901946,4.38600652915746e-14,9.987673745914046e+21,1.0,-0.0012333857161415662,-1130704996257117.5,0.0,-4.5780909657297485e+17,0.0,-9.167488981422068e+17,0.0
1.0,zero,72,137.81466566482237,4.3650916663269454e-14,9.987500755466544e+21,1.0,-0.0012507062604494663,-1146523935225737.0,0.0,-4.577773402008414e+17,0.0,-9.167012043369085e+17,0.0
1.0,zero,73,137.8170555140792,4.3442776262214324e-14,9.98732778309264e+21,1.0,-0.001268025295111076,-1162339845573566.2,0.0,-4.577455882479751e+17,0.0,-9.166535163415237e+17,0.0
1.0,zero,74,137.81944523739054,4.3235639226434316e-14,9.98715482883187e+21,1.0,-0.0012853428160837944,-1178152724126672.5,0.0,-4.5771384072129094e+17,0.0,-9.166058341667085e+17,0.0
1.0,zero,75,137.82183483417933,4.302950071740219e-14,9.986981892723948e+21,1.0,-0.00130265881930701,-1193962567696134.0,0.0,-4.576820976277351e+17,0.0,-9.165581578231663e+17,0.0
1.0,zero,76,137.8242243038658,4.282435591992919e-14,9.986808974808778e+21,1.0,-0.0013199733007012012,-1209769373077226.2,0.0,-4.57650358974287e+17,0.0,-9.165104873216512e+17,0.0
1.0,zero,77,137.8266136458676,4.2620200042049045e-14,9.98663607512644e+21,1.0,-0.0013372862561687687,-1225573137050192.5,0.0,-4.576186247679578e+17,0.0,-9.164628226729659e+17,0.0
1.0,zero,78,137.8290028595997,4.2417028314909874e-14,9.986463193717201e+21,1.0,-0.0013545976815930707,-1241373856379369.5,0.0,-4.575868950157922e+17,0.0,-9.164151638879636e+17,0.0
1.0,zero,79,137.83139194447446,4.2214835992656795e-14,9.98629033062151e+21,1.0,-0.001371907572839257,-1257171527813958.0,0.0,-4.575551697248666e+17,0.0,-9.163675109775473e+17,0.0
1.0,zero,80,137.83378089990154,4.201361835232496e-14,9.986117485879995e+21,1.0,-0.0013892159257536884,-1272966148087499.8,0.0,-4.575234489022903e+17,0.0,-9.16319863952668e+17,0.0
1.0,zero,81,137.83616972528793,4.181337069373048e-14,9.985944659533475e+21,1.0,-0.001406522736163678,-1288757713917651.5,0.0,-4.57491732555206e+17,0.0,-9.162722228243296e+17,0.0
1.0,zero,82,137.83855842003797,4.161408833935485e-14,9.985771851622954e+21,1.0,-0.0014238279998780045,-1304546222006662.0,0.0,-4.574600206907892e+17,0.0,-9.16224587603585e+17,0.0
1.0,zero,83,137.84094698355324,4.1415766634244124e-14,9.985599062189621e+21,1.0,-0.0014411317126860111,-1320331669040555.8,0.0,-4.574283133162487e+17,0.0,-9.16176958301538e+17,0.0
1.0,zero,84,137.84333541523267,4.121840094588966e-14,9.985426291274851e+21,1.0,-0.0014584338703585665,-1336114051690022.0,0.0,-4.5739661043882675e+17,0.0,-9.161293349293435e+17,0.0
1.0,zero,85,137.84572371447246,4.102198666412833e-14,9.98525353892021e+21,1.0,-0.0014757344686471652,-1351893366609598.2,0.0,-4.5736491206579846e+17,0.0,-9.160817174982066e+17,0.0
1.0,zero,86,137.84811188066604,4.0826519201031366e-14,9.98508080516745e+21,1.0,-0.001493033503283988,-1367669610437738.5,0.0,-4.5733321820447366e+17,0.0,-9.16034106019385e+17,0.0
1.0,zero,87,137.85049991320417,4.063199399079393e-14,9.984908090058513e+21,1.0,-0.001510330969982354,-1383442779797228.8,0.0,-4.5730152886219424e+17,0.0,-9.159865005041857e+17,0.0
1.0,zero,88,137.85288781147477,4.043840648963894e-14,9.984735393635535e+21,1.0,-0.0015276268644356219,-1399212871294199.8,0.0,-4.572698440463381e+17,0.0,-9.159389009639704e+17,0.0
1.0,zero,89,137.85527557486304,4.02457521756983e-14,9.98456271594084e+21,1.0,-0.0015449211823181552,-1414979881519011.8,0.0,-4.57238163764316e+17,0.0,-9.15891307410151e+17,0.0
1.0,zero,90,137.85766320275144,4.0054026548910955e-14,9.984390057016942e+21,1.0,-0.0015622139192849355,-1430743807045909.2,0.0,-4.572064880235722e+17,0.0,-9.158437198541903e+17,0.0
1.0,zero,91,137.8600506945196,3.98632251309213e-14,9.98421741690655e+21,1.0,-0.0015795050709711087,-1446504644432621.5,0.0,-4.5717481683158637e+17,0.0,-9.157961383076054e+17,0.0
1.0,zero,92,137.86243804954432,3.967334346497576e-14,9.984044795652567e+21,1.0,-0.0015967946329920489,-1462262390220424.2,0.0,-4.571431501958724e+17,0.0,-9.157485627819652e+17,0.0
1.0,zero,93,137.86482526719965,3.9484377115810833e-14,9.98387219329809e+21,1.0,-0.0016140826009435499,-1478017040934325.5,0.0,-4.571114881239784e+17,0.0,-9.157009932888911e+17,0.0
1.0,zero,94,137.86721234685677,3.9296321669555324e-14,9.98369960988641e+21,1.0,-0.00163136897040163,-1493768593082896.8,0.0,-4.570798306234876e+17,0.0,-9.156534298400581e+17,0.0
1.0,zero,95,137.86959928788409,3.9109172733623894e-14,9.98352704546101e+21,1.0,-0.0016486537369223377,-1509517043158102.5,0.0,-4.570481777020176e+17,0.0,-9.156058724471932e+17,0.0
1.0,zero,96,137.87198608964712,3.8922925936615755e-14,9.983354500065578e+21,1.0,-0.0016659368960419434,-1525262387635486.2,0.0,-4.570165293672209e+17,0.0,-9.155583211220773e+17,0.0
1.0,zero,97,137.8743727515085,3.873757692821812e-14,9.983181973743997e+21,1.0,-0.001683218443276037,-1541004622973357.0,0.0,-4.569848856267864e+17,0.0,-9.155107758765462e+17,0.0
1.0,zero,98,137.87675927282808,3.8553121379090324e-14,9.983009466540339e+21,1.0,-0.001700498374120941,-1556743745614082.8,0.0,-4.5695324648843635e+17,0.0,-9.154632367224867e+17,0.0
1.0,zero,99,137.8791456529627,3.836955498078149e-14,9.98283697849889e+21,1.0,-0.0017177766840516515,-1572479751982227.8,0.0,-4.5692161195993043e+17,0.0,-9.154157036718431e+17,0.0
1.0,zero,100,137.88153189126646,3.818687344560917e-14,9.982664509664122e+21,1.0,-0.0017350533685240868,-1588212638486607.5,0.0,-4.568899820490619e+17,0.0,-9.153681767366104e+17,0.0
1.0,zero,101,137.88391798709046,3.8005072506575623e-14,9.982492060080715e+21,1.0,-0.0017523284229728996,-1603942401518304.0,0.0,-4.568583567636608e+17,0.0,-9.153206559288398e+17,0.0
1.0,zero,102,137.8863039397829,3.782414791726067e-14,9.98231962979355e+21,1.0,-0.0017696018428126322,-1619669037451731.2,0.0,-4.56826736111593e+17,0.0,-9.152731412606378e+17,0.0
1.0,zero,103,137.88868974868902,3.7644095451725697e-14,9.982147218847708e+21,1.0,-0.0017868736234368805,-1635392542643878.0,0.0,-4.567951201007607e+17,0.0,-9.152256327441651e+17,0.0
1.0,zero,104,137.89107541315119,3.746491090440971e-14,9.981974827288477e+21,1.0,-0.0018041437602189972,-1651112913434959.8,0.0,-4.567635087391011e+17,0.0,-9.151781303916371e+17,0.0
1.0,zero,105,137.89346093250882,3.728659009003227e-14,9.981802455161341e+21,1.0,-0.0018214122485117712,-1666830146148137.2,0.0,-4.5673190203458816e+17,0.0,-9.151306342153244e+17,0.0
1.0,zero,106,137.89584630609826,3.710912884350536e-14,9.981630102511997e+21,1.0,-0.0018386790836463945,-1682544237088581.2,0.0,-4.5670029999523296e+17,0.0,-9.150831442275546e+17,0.0
1.0,zero,107,137.89823153325304,3.693252301981809e-14,9.981457769386341e+21,1.0,-0.001855944260934199,-1698255182545067.8,0.0,-4.5666870262908186e+17,0.0,-9.150356604407087e+17,0.0
1.0,zero,108,137.90061661330355,3.675676849395795e-14,9.981285455830482e+21,1.0,-0.0018732077756645957,-1713962978788106.8,0.0,-4.5663710994421894e+17,0.0,-9.14988182867226e+17,0.0
1.0,zero,109,137.90300154557727,3.6581861160802846e-14,9.98111316189073e+21,1.0,-0.0018904696231064875,-1729667622071241.5,0.0,-4.5660552194876486e+17,0.0,-9.14940711519601e+17,0.0
1.0,zero,110,137.90538632939862,3.640779693502851e-14,9.980940887613606e+21,1.0,-0.0019077297985073682,-1745369108630235.0,0.0,-4.565739386508772e+17,0.0,-9.148932464103845e+17,0.0
1.0,zero,111,137.90777096408908,3.6234571751009975e-14,9.980768633045836e+21,1.0,-0.0019249882970939632,-1761067434683663.5,0.0,-4.5654236005875e+17,0.0,-9.148457875521836e+17,0.0
1.0,zero,112,137.91015544896695,3.606218156273802e-14,9.980596398234364e+21,1.0,-0.001942245114070813,-1776762596431636.8,0.0,-4.56510786180616e+17,0.0,-9.147983349576635e+17,0.0
1.0,zero,113,137.91253978334763,3.5890622343705126e-14,9.980424183226334e+21,1.0,-0.0019595002446221362,-1792454590057505.2,0.0,-4.564792170247438e+17,0.0,-9.147508886395451e+17,0.0
1.0,zero,114,137.91492396654334,3.571989008683099e-14,9.980251988069106e+21,1.0,-0.001976753683909706,-1808143411725931.5,0.0,-4.564476525994409e+17,0.0,-9.147034486106077e+17,0.0
1.0,zero,115,137.91730799786328,3.55499808043577e-14,9.98007981281026e+21,1.0,-0.0019940054270740065,-1823829057583958.0,0.0,-4.564160929130522e+17,0.0,-9.146560148836884e+17,0.0
1.0,zero,116,137.9196918766136,3.538089052775358e-14,9.979907657497571e+21,1.0,-0.0020112554692344213,-1839511523761184.8,0.0,-4.563845379739593e+17,0.0,-9.146085874716797e+17,0.0
1.0,zero,117,137.92207560209727,3.5212615307633714e-14,9.979735522179046e+21,1.0,-0.0020285038054878215,-1855190806368497.8,0.0,-4.563529877905838e+17,0.0,-9.145611663875361e+17,0.0
1.0,zero,118,137.9244591736142,3.504515121365459e-14,9.979563406902893e+21,1.0,-0.002045750430909587,-1870866901499000.2,0.0,-4.563214423713835e+17,0.0,-9.14513751644266e+17,0.0
1.0,zero,119,137.92684259046118,3.4878494334427356e-14,9.979391311717545e+21,1.0,-0.002062995340553353,-1886539805227803.0,0.0,-4.5628990172485574e+17,0.0,-9.144663432549393e+17,0.0
1.0,zero,120,137.92922585193182,3.4712640777429474e-14,9.979219236671646e+21,1.0,-0.0020802385294502977,-1902209513611376.5,0.0,-4.562583658595362e+17,0.0,-9.144189412326838e+17,0.0
1.0,zero,121,137.93160895731663,3.4547586668906894e-14,9.979047181814059e+21,1.0,-0.0020974799926098474,-1917876022688206.0,0.0,-4.562268347839988e+17,0.0,-9.143715455906857e+17,0.0
1.0,zero,122,137.93399190590293,3.438332815378846e-14,9.978875147193864e+21,1.0,-0.0021147197250191633,-1933539328478336.5,0.0,-4.5619530850685626e+17,0.0,-9.143241563421908e+17,0.0
1.0,zero,123,137.93637469697487,3.4219861395595e-14,9.978703132860363e+21,1.0,-0.0021319577216430074,-1949199426983255.8,0.0,-4.561637870367607e+17,0.0,-9.142767735005046e+17,0.0
1.0,zero,124,137.93875732981343,3.4057182576346723e-14,9.978531138863073e+21,1.0,-0.0021491939774241292,-1964856314186260.5,0.0,-4.561322703824024e+17,0.0,-9.142293970789911e+17,0.0
1.0,zero,125,137.9411398036964,3.3895287896477016e-14,9.978359165251731e+21,1.0,-0.002166428487282619,-1980509986051875.2,0.0,-4.561007585525115e+17,0.0,-9.141820270910748e+17,0.0
1.0,zero,126,137.94352211789825,3.3734173574746585e-14,9.978187212076303e+21,1.0,-0.002183661246115779,-1996160438525748.2,0.0,-4.560692515558577e+17,0.0,-9.141346635502412e+17,0.0
1.0,zero,127,137.94590427169038,3.357383584814643e-14,9.978015279386972e+21,1.0,-0.0022008922487985706,-2011807667535062.8,0.0,-4.560377494012498e+17,0.0,-9.140873064700347e+17,0.0
1.0,zero,128,137.94828626434088,3.341427097181482e-14,9.977843367234144e+21,1.0,-0.0022181214901833553,-2027451668988318.5,0.0,-4.560062520975361e+17,0.0,-9.140399558640607e+17,0.0
1.0,zero,129,137.95066809511454,3.32554752189546e-14,9.977671475668453e+21,1.0,-0.0022353489650993132,-2043092438774809.2,0.0,-4.559747596536058e+17,0.0,-9.139926117459864e+17,0.0
1.0,zero,130,137.953049763273,3.309744488073371e-14,9.977499604740752e+21,1.0,-0.002252574668353216,-2058729972765333.8,0.0,-4.559432720783864e+17,0.0,-9.139452741295382e+17,0.0
1.0,zero,131,137.95543126807448,3.294017626621282e-14,9.977327754502124e+21,1.0,-0.002269798594728327,-2074364266811210.2,0.0,-4.5591178938084717e+17,0.0,-9.138979430285055e+17,0.0
1.0,zero,132,137.95781260877405,3.2783665702246865e-14,9.97715592500388e+21,1.0,-0.0022870207389852405,-2089995316745047.5,0.0,-4.5588031156999635e+17,0.0,-9.138506184567378e+17,0.0
1.0,zero,133,137.96019378462339,3.2627909533407625e-14,9.97698411629755e+21,1.0,-0.002304241095861233,-2105623118380164.2,0.0,-4.558488386548833e+17,0.0,-9.138033004281468e+17,0.0
1.0,zero,134,137.9625747948709,3.247290412189188e-14,9.976812328434904e+21,1.0,-0.0023214596600704546,-2121247667510779.0,0.0,-4.558173706445981e+17,0.0,-9.13755988956707e+17,0.0
1.0,zero,135,137.9649556387616,3.231864584744471e-14,9.976640561467938e+21,1.0,-0.002338676426303157,-2136868959911309.5,0.0,-4.557859075482716e+17,0.0,-9.137086840564545e+17,0.0
1.0,zero,136,137.9673363155373,3.216513110726115e-14,9.97646881544887e+21,1.0,-0.0023558913892272985,-2152486991337849.2,0.0,-4.5575444937507437e+17,0.0,-9.136613857414866e+17,0.0
1.0,zero,137,137.96971682443626,3.201235631591942e-14,9.97629709043016e+21,1.0,-0.0023731045434860335,-2168101757525895.2,0.0,-4.557229961342199e+17,0.0,-9.136140940259657e+17,0.0
1.0,zero,138,137.9720971646935,3.186031790528344e-14,9.976125386464497e+21,1.0,-0.0023903158836996404,-2183713254192108.8,0.0,-4.556915478349619e+17,0.0,-9.13566808924116e+17,0.0
1.0,zero,139,137.97447733554068,3.170901232442227e-14,9.975953703604798e+21,1.0,-0.002407525404464683,-2199321477033562.0,0.0,-4.556601044865951e+17,0.0,-9.135195304502237e+17,0.0
1.0,zero,140,137.97685733620597,3.155843603953343e-14,9.97578204190422e+21,1.0,-0.0024247331003536235,-2214926421727402.5,0.0,-4.5562866609845645e+17,0.0,-9.134722586186404e+17,0.0
1.0,zero,141,137.97923716591416,3.1408585533854005e-14,9.975610401416152e+21,1.0,-0.002441938965915013,-2230528083931033.8,0.0,-4.5559723267992486e+17,0.0,-9.134249934437807e+17,0.0
1.0,zero,142,137.98161682388667,3.125945730757764e-14,9.975438782194218e+21,1.0,-0.002459142995673876,-2246126459282471.8,0.0,-4.555658042404199e+17,0.0,-9.133777349401222e+17,0.0
1.0,zero,143,137.98399630934142,3.111104787777901e-14,9.975267184292284e+21,1.0,-0.002476345184130548,-2261721543399308.0,0.0,-4.555343807894046e+17,0.0,-9.133304831222085e+17,0.0
1.0,zero,144,137.98637562149293,3.096335377832617e-14,9.975095607764445e+21,1.0,-0.002493545525761643,-2277313331879590.0,0.0,-4.5550296233638304e+17,0.0,-9.132832380046456e+17,0.0
1.0,zero,145,137.98875475955225,3.081637155980052e-14,9.974924052665037e+21,1.0,-0.0025107440150195976,-2292901820301423.5,0.0,-4.5547154889090157e+17,0.0,-9.132359996021046e+17,0.0
1.0,zero,146,137.9911337227269,3.067009778942406e-14,9.97475251904864e+21,1.0,-0.0025279406463317045,-2308487004222106.0,0.0,-4.5544014046255046e+17,0.0,-9.13188767929323e+17,0.0
1.0,zero,147,137.99351251022097,3.052452905096431e-14,9.974581006970072e+21,1.0,-0.002545135414101785,-2324068879179652.5,0.0,-4.5540873706096115e+17,0.0,-9.13141543001102e+17,0.0
1.0,zero,148,137.99589112123505,3.0379661944667576e-14,9.974409516484387e+21,1.0,-0.002562328312708576,-2339647440691344.0,0.0,-4.5537733869580826e+17,0.0,-9.130943248323078e+17,0.0
1.0,zero,149,137.99826955496616,3.023549308717515e-14,9.974238047646888e+21,1.0,-0.002579519336506181,-2355222684254149.5,0.0,-4.5534594537681005e+17,0.0,-9.130471134378742e+17,0.0
1.0,zero,150,138.00064781060783,3.0092019111441614e-14,9.97406660051312e+21,1.0,-0.0025967084798240664,-2370794605344728.5,0.0,-4.553145571137271e+17,0.0,-9.12999908832799e+17,0.0
1.0,zero,151,138.00302588735002,2.99492366666605e-14,9.97389517513887e+21,1.0,-0.0026138957369666728,-2386363199419096.0,0.0,-4.55283173916364e+17,0.0,-9.129527110321471e+17,0.0
1.0,zero,152,138.00540378437918,2.9807142418179986e-14,9.973723771580166e+21,1.0,-0.0026310811022140592,-2401928461913213.0,0.0,-4.5525179579456794e+17,0.0,-9.129055200510491e+17,0.0
1.0,zero,153,138.00778150087817,2.9665733047430937e-14,9.973552389893288e+21,1.0,-0.0026482645698208043,-2417490388242002.5,0.0,-4.5522042275823034e+17,0.0,-9.128583359047026e+17,0.0
1.0,zero,154,138.0101590360262,2.952500525184848e-14,9.973381030134763e+21,1.0,-0.002665446134016327,-2433048973799651.0,0.0,-4.5518905481728646e+17,0.0,-9.128111586083727e+17,0.0
1.0,zero,155,138.01253638899897,2.938495574479224e-14,9.973209692361361e+21,1.0,-0.002682625789004949,-2448604213959676.0,0.0,-4.551576919817154e+17,0.0,-9.127639881773905e+17,0.0
1.0,zero,156,138.01491355896852,2.9245581255468757e-14,9.973038376630102e+21,1.0,-0.0026998035289658292,-2464156104074878.5,0.0,-4.5512633426154003e+17,0.0,-9.12716824627155e+17,0.0
1.0,zero,157,138.01729054510326,2.9106878528859207e-14,9.97286708299826e+21,1.0,-0.0027169793480525096,-2479704639476943.0,0.0,-4.5509498166682797e+17,0.0,-9.126696679731328e+17,0.0
1.0,zero,158,138.01966734656799,2.896884432564077e-14,9.972695811523353e+21,1.0,-0.0027341532403929772,-2495249815476503.0,0.0,-4.5506363420769146e+17,0.0,-9.126225182308594e+17,0.0
1.0,zero,159,138.0220439625238,2.883147542211013e-14,9.972524562263155e+21,1.0,-0.0027513252000899227,-2510791627363388.5,0.0,-4.550322918942868e+17,0.0,-9.125753754159369e+17,0.0
1.0,zero,160,138.0244203921282,2.869476861010896e-14,9.97235333527569e+21,1.0,-0.0027684952212201548,-2526330070406104.5,0.0,-4.55000954736815e+17,0.0,-9.125282395440361e+17,0.0
1.0,zero,161,138.02679663453492,2.8558720696951337e-14,9.972182130619234e+21,1.0,-0.002785663297834537,-2541865139851787.5,0.0,-4.54969622745523e+17,0.0,-9.124811106308978e+17,0.0
1.0,zero,162,138.02917268889408,2.842332850534182e-14,9.972010948352323e+21,1.0,-0.0028028294239584987,-2557396830926676.0,0.0,-4.549382959307012e+17,0.0,-9.12433988692329e+17,0.0
1.0,zero,163,138.03154855435199,2.8288588873313356e-14,9.97183978853374e+21,1.0,-0.0028199935935908113,-2572925138835018.5,0.0,-4.5490697430268717e+17,0.0,-9.123868737442093e+17,0.0
1.0,zero,164,138.03392423005133,2.815449865413956e-14,9.971668651222533e+21,1.0,-0.002837155800704872,-2588450058760245.5,0.0,-4.548756578718625e+17,0.0,-9.123397658024852e+17,0.0
1.0,zero,165,138.03629971513098,2.8021054716271676e-14,9.971497536478001e+21,1.0,-0.002854316039247287,-2603971585863693.5,0.0,-4.5484434664865517e+17,0.0,-9.122926648831739e+17,0.0
1.0,zero,166,138.0386750087261,2.788825394325974e-14,9.971326444359702e+21,1.0,-0.0028714743031388345,-2619489715285497.5,0.0,-4.5481304064353856e+17,0.0,-9.122455710023626e+17,0.0
1.0,zero,167,138.04105010996807,2.7756093233682123e-14,9.971155374927457e+21,1.0,-0.0028886305862736257,-2635004442143832.5,0.0,-4.54781739867032e+17,0.0,-9.12198484176208e+17,0.0
1.0,zero,168,138.04342501798445,2.762456950107379e-14,9.97098432824134e+21,1.0,-0.0029057848825192307,-2650515761535048.0,0.0,-4.547504443297017e+17,0.0,-9.121514044209384e+17,0.0
1.0,zero,169,138.04579973189908,2.7493679673848612e-14,9.970813304361693e+21,1.0,-0.002922937185717063,-2666023668534021.0,0.0,-4.547191540421586e+17,0.0,-9.121043317528512e+17,0.0
1.0,zero,170,138.04817425083195,2.736342069523471e-14,9.970642303349114e+21,1.0,-0.0029400874896815424,-2681528158193417.0,0.0,-4.546878690150614e+17,0.0,-9.120572661883162e+17,0.0
1.0,zero,171,138.05054857389916,2.7233789523202072e-14,9.970471325264471e+21,1.0,-0.0029572357882000247,-2697029225543630.5,0.0,-4.5465658925911565e+17,0.0,-9.120102077437748e+17,0.0
1.0,zero,172,138.05292270021312,2.7104783130382943e-14,9.970300370168886e+21,1.0,-0.0029743820750337685,-2712526865593675.5,0.0,-4.546253147850721e+17,0.0,-9.11963156435738e+17,0.0
1.0,zero,173,138.05529662888225,2.6976398504012677e-14,9.970129438123756e+21,1.0,-0.002991526343916451,-2728021073329855.0,0.0,-4.5459404560373e+17,0.0,-9.119161122807899e+17,0.0
1.0,zero,174,138.05767035901113,2.6848632645853828e-14,9.96995852919074e+21,1.0,-0.003008668588554616,-2743511843716177.0,0.0,-4.545627817259355e+17,0.0,-9.118690752955872e+17,0.0
1.0,zero,175,138.0600438897005,2.6721482572123786e-14,9.96978764343176e+21,1.0,-0.0030258088026279308,-2758999171694597.0,0.0,-4.5453152316258144e+17,0.0,-9.118220454968575e+17,0.0
1.0,zero,176,138.06241722004717,2.659494531342881e-14,9.969616780909011e+21,1.0,-0.0030429469797887965,-2774483052184680.5,0.0,-4.5450026992460845e+17,0.0,-9.117750229014016e+17,0.0
1.0,zero,177,138.06479034914403,2.646901791469385e-14,9.969445941684956e+21,1.0,-0.0030600831136618945,-2789963480083203.0,0.0,-4.5446902202300506e+17,0.0,-9.117280075260933e+17,0.0
1.0,zero,178,138.06716327608007,2.6343697435092646e-14,9.969275125822327e+21,1.0,-0.003077217197844701,-2805440450264628.5,0.0,-4.544377794688077e+17,0.0,-9.116809993878801e+17,0.0
1.0,zero,179,138.06953599994034,2.6218980947976767e-14,9.96910433338412e+21,1.0,-0.0030943492259072904,-2820913957580940.5,0.0,-4.544065422730997e+17,0.0,-9.116339985037802e+17,0.0
1.0,zero,180,138.0719085198059,2.609486554081387e-14,9.968933564433618e+21,1.0,-0.003111479191391626,-2836383996861017.0,0.0,-4.543753104470139e+17,0.0,-9.115870048908888e+17,0.0
1.0,zero,181,138.07428083475386,2.5971348315112876e-14,9.968762819034363e+21,1.0,-0.0031286070878120725,-2851850562911103.5,0.0,-4.543440840017311e+17,0.0,-9.115400185663732e+17,0.0
1.0,zero,182,138.0766529438573,2.584842638636136e-14,9.96859209725018e+21,1.0,-0.003145732908654876,-2867313650514355.0,0.0,-4.543128629484808e+17,0.0,-9.114930395474758e+17,0.0
1.0,zero,183,138.07902484618543,2.5726096883950016e-14,9.968421399145157e+21,1.0,-0.0031628566473790687,-2882773254431665.5,0.0,-4.542816472985397e+17,0.0,-9.11446067851511e+17,0.0
1.0,zero,184,138.08139654080327,2.5604356951118e-14,9.968250724783674e+21,1.0,-0.0031799782974145296,-2898229369399931.5,0.0,-4.5425043706323603e+17,0.0,-9.11399103495872e+17,0.0
1.0,zero,185,138.0837680267719,2.5483203744875116e-14,9.968080074230372e+21,1.0,-0.0031970978521635948,-2913681990133511.0,0.0,-4.5421923225394477e+17,0.0,-9.11352146498023e+17,0.0
1.0,zero,186,138.0861393031484,2.5362634435938992e-14,9.967909447550179e+21,1.0,-0.0032142153050003473,-2929131111323604.5,0.0,-4.5418803288209094e+17,0.0,-9.113051968755054e+17,0.0
1.0,zero,187,138.08851036898568,2.5242646208672536e-14,9.967738844808303e+21,1.0,-0.003231330649269968,-2944576727637672.5,0.0,-4.541568389591496e+17,0.0,-9.112582546459368e+17,0.0
1.0,zero,188,138.09088122333264,2.512323626101299e-14,9.967568266070225e+21,1.0,-0.003248443878289574,-2960018833720210.0,0.0,-4.5412565049664435e+17,0.0,-9.112113198270089e+17,0.0
1.0,zero,189,138.0932518652341,2.5004401804408584e-14,9.96739771140171e+21,1.0,-0.00326555498534757,-2975457424192170.5,0.0,-4.5409446750614906e+17,0.0,-9.111643924364904e+17,0.0
1.0,zero,190,138.09562229373074,2.488614006375258e-14,9.967227180868805e+21,1.0,-0.0032826639637036467,-2990892493650978.0,0.0,-4.5406328999928736e+17,0.0,-9.111174724922257e+17,0.0
1.0,zero,191,138.09799250785912,2.476844827732192e-14,9.967056674537842e+21,1.0,-0.003299770806588393,-3006324036670187.0,0.0,-4.5403211798773325e+17,0.0,-9.110705600121367e+17,0.0
1.0,zero,192,138.1003625066517,2.4651323696706246e-14,9.966886192475433e+21,1.0,-0.0033168755072039997,-3021752047800137.5,0.0,-4.540009514832107e+17,0.0,-9.110236550142214e+17,0.0
1.0,zero,193,138.10273228913675,2.4534763586748567e-14,9.966715734748473e+21,1.0,-0.0033339780587233582,-3037176521567144.0,0.0,-4.53969790497494e+17,0.0,-9.109767575165551e+17,0.0
1.0,zero,194,138.10510185433841,2.4418765225480554e-14,9.966545301424149e+21,1.0,-0.003351078454290186,-3052597452473627.5,0.0,-4.5393863504240845e+17,0.0,-9.109298675372905e+17,0.0
1.0,zero,195,138.1074712012766,2.4303325904058168e-14,9.966374892569933e+21,1.0,-0.003368176687018896,-3068014834998009.5,0.0,-4.539074851298303e+17,0.0,-9.108829850946586e+17,0.0
1.0,zero,196,138.10984032896707,2.4188442926698983e-14,9.966204508253582e+21,1.0,-0.0033852727499947195,-3083428663594835.5,0.0,-4.538763407716865e+17,0.0,-9.108361102069678e+17,0.0
1.0,zero,197,138.11220923642134,2.4074113610617054e-14,9.96603414854315e+21,1.0,-0.0034023666362733886,-3098838932694498.5,0.0,-4.538452019799552e+17,0.0,-9.10789242892605e+17,0.0
1.0,zero,198,138.11457792264673,2.3960335285962238e-14,9.965863813506962e+21,1.0,-0.0034194583388813212,-3114245636703421.5,0.0,-4.538140687666655e+17,0.0,-9.107423831700343e+17,0.0
1.0,zero,199,138.11694638664628,2.384710529575976e-14,9.96569350321366e+21,1.0,-0.0034365478508146543,-3129648770003197.5,0.0,-4.5378294114389914e+17,0.0,-9.106955310578015e+17,0.0
1.0,zero,200,138.11931462741882,2.373442099584193e-14,9.965523217732155e+21,1.0,-0.003453635165040596,-3145048326951822.5,0.0,-4.5375181912378816e+17,0.0,-9.106486865745283e+17,0.0
1.0,zero,201,138.12168264395888,2.3622279754792405e-14,9.965352957131666e+21,1.0,-0.003470720274495874,-3160444301882304.5,0.0,-4.537207027185173e+17,0.0,-9.10601849738917e+17,0.0
1.0,zero,202,138.12405043525666,2.351067895388392e-14,9.965182721481702e+21,1.0,-0.003487803172087251,-3175836689103151.0,0.0,-4.536895919403241e+17,0.0,-9.105550205697513e+17,0.0
1.0,zero,203,138.12641800029814,2.3399615987012314e-14,9.96501251085206e+21,1.0,-0.0035048838506917803,-3191225482898599.0,0.0,-4.5365848680149664e+17,0.0,-9.105081990858918e+17,0.0
1.0,zero,204,138.12878533806494,2.328908826064027e-14,9.964842325312845e+21,1.0,-0.003521962303156157,-3206610677528054.0,0.0,-4.536273873143764e+17,0.0,-9.104613853062808e+17,0.0
1.0,zero,205,138.13115244753433,2.317909319373594e-14,9.96467216493445e+21,1.0,-0.003539038522296652,-3221992267226041.0,0.0,-4.535962934913577e+17,0.0,-9.104145792499414e+17,0.0
1.0,zero,206,138.13351932767927,2.3069628217710603e-14,9.964502029787569e+21,1.0,-0.0035561125008994328,-3237370246202503.0,0.0,-4.5356520534488704e+17,0.0,-9.103677809359767e+17,0.0
1.0,zero,207,138.1358859774683,2.29606907763618e-14,9.964331919943194e+21,1.0,-0.0035731842317197875,-3252744608642115.5,0.0,-4.535341228874643e+17,0.0,-9.103209903835707e+17,0.0
1.0,zero,208,138.1382523958656,2.2852278325810303e-14,9.964161835472624e+21,1.0,-0.0035902537074826374,-3268115348704766.5,0.0,-4.5350304613164256e+17,0.0,-9.102742076119898e+17,0.0
1.0,zero,209,138.140618581831,2.274438833444251e-14,9.963991776447452e+21,1.0,-0.0036073209208822127,-3283482460525271.5,0.0,-4.5347197509002765e+17,0.0,-9.102274326405806e+17,0.0
1.0,zero,210,138.14298453431985,2.2637018282851886e-14,9.963821742939575e+21,1.0,-0.003624385864581598,-3298845938212980.5,0.0,-4.5344090977527994e+17,0.0,-9.101806654887729e+17,0.0
1.0,zero,211,138.14535025228312,2.2530165663776746e-14,9.963651735021194e+21,1.0,-0.0036414485312135057,-3314205775852486.5,0.0,-4.534098502001123e+17,0.0,-9.10133906176077e+17,0.0
1.0,zero,212,138.14771573466732,2.2423827982046125e-14,9.963481752764817e+21,1.0,-0.003658508913379046,-3329561967502532.5,0.0,-4.5337879637729254e+17,0.0,-9.100871547220876e+17,0.0
1.0,zero,213,138.15008098041446,2.231800275451945e-14,9.963311796243252e+21,1.0,-0.003675567003648436,-3344914507196661.0,0.0,-4.5334774831964205e+17,0.0,-9.100404111464806e+17,0.0
1.0,zero,214,138.15244598846215,2.2212687510026498e-14,9.963141865529617e+21,1.0,-0.003692622794560609,-3360263388942876.0,0.0,-4.533167060400363e+17,0.0,-9.099936754690154e+17,0.0
1.0,zero,215,138.15481075774346,2.2107879789312793e-14,9.962971960697338e+21,1.0,-0.003709676278623214,-3375608606723659.5,0.0,-4.532856695514056e+17,0.0,-9.099469477095348e+17,0.0
1.0,zero,216,138.15717528718696,2.2003577144981373e-14,9.962802081820152e+21,1.0,-0.0037267274483120945,-3390950154495510.0,0.0,-4.5325463886673485e+17,0.0,-9.099002278879653e+17,0.0
1.0,zero,217,138.1595395757167,2.1899777141433653e-14,9.9626322289721e+21,1.0,-0.0037437762960719962,-3406288026189598.5,0.0,-4.5322361399906355e+17,0.0,-9.098535160243167e+17,0.0
1.0,zero,218,138.16190362225223,2.179647735481431e-14,9.962462402227535e+21,1.0,-0.0037608228143156653,-3421622215710963.5,0.0,-4.5319259496148576e+17,0.0,-9.098068121386825e+17,0.0
1.0,zero,219,138.16426742570846,2.1693675372955177e-14,9.962292601661126e+21,1.0,-0.003777866995424035,-3436952716938701.0,0.0,-4.531615817671518e+17,0.0,-9.097601162512422e+17,0.0
1.0,zero,220,138.16663098499583,2.159136879531569e-14,9.96212282734785e+21,1.0,-0.0037949088317463537,-3452279523726087.5,0.0,-4.5313057442926637e+17,0.0,-9.097134283822588e+17,0.0
1.0,zero,221,138.1689942990201,2.1489555232932254e-14,9.961953079363002e+21,1.0,-0.0038119483155995395,-3467602629900012.5,0.0,-4.530995729610902e+17,0.0,-9.096667485520804e+17,0.0
1.0,zero,222,138.1713573666825,2.1388232308356802e-14,9.961783357782194e+21,1.0,-0.003828985439268496,-3482922029261281.5,0.0,-4.5306857737594e+17,0.0,-9.096200767811412e+17,0.0
1.0,zero,223,138.17372018687962,2.1287397655604222e-14,9.961613662681345e+21,1.0,-0.003846020195005923,-3498237715584451.0,0.0,-4.530375876871878e+17,0.0,-9.0957341308996e+17,0.0
1.0,zero,224,138.17608275850338,2.118704892009636e-14,9.961443994136702e+21,1.0,-0.003863052575032241,-3513549682617784.5,0.0,-4.53006603908262e+17,0.0,-9.095267574991418e+17,0.0
1.0,zero,225,138.17844508044112,2.108718375860634e-14,9.96127435222482e+21,1.0,-0.0038800825715354027,-3528857924083086.5,0.0,-4.5297562605264704e+17,0.0,-9.094801100293772e+17,0.0
1.0,zero,226,138.18080715157546,2.0987799839205493e-14,9.96110473702258e+21,1.0,-0.0038971101766706283,-3544162433675486.5,0.0,-4.5294465413388416e+17,0.0,-9.094334707014438e+17,0.0
1.0,zero,227,138.18316897078435,2.0888894841208188e-14,9.960935148607186e+21,1.0,-0.003914135382560534,-3559463205063565.5,0.0,-4.529136881655716e+17,0.0,-9.093868395362067e+17,0.0
1.0,zero,228,138.18553053694106,2.079046645511572e-14,9.960765587056153e+21,1.0,-0.003931158181295065,-3574760231889305.0,0.0,-4.5288272816136346e+17,0.0,-9.093402165546162e+17,0.0
1.0,zero,229,138.18789184891412,2.0692512382565243e-14,9.960596052447328e+21,1.0,-0.0039481785649310396,-3590053507767699.0,0.0,-4.5285177413497165e+17,0.0,-9.09293601777711e+17,0.0
1.0,zero,230,138.19025290556735,2.0595030336274176e-14,9.960426544858881e+21,1.0,-0.0039651965254924055,-3605343026286993.5,0.0,-4.5282082610016525e+17,0.0,-9.092469952266175e+17,0.0
1.0,zero,231,138.1926137057598,2.049801803998726e-14,9.960257064369301e+21,1.0,-0.003982212054970047,-3620628781008527.5,0.0,-4.5278988407077037e+17,0.0,-9.092003969225492e+17,0.0
1.0,zero,232,138.19497424834583,2.0401473228422715e-14,9.960087611057407e+21,1.0,-0.003999225145321519,-3635910765466507.0,0.0,-4.527589480606707e+17,0.0,-9.09153806886808e+17,0.0
1.0,zero,233,138.19733453217495,2.0305393647219797e-14,9.959918185002343e+21,1.0,-0.004016235788471306,-3651188973168260.0,0.0,-4.5272801808380806e+17,0.0,-9.091072251407844e+17,0.0
1.0,zero,234,138.19969455609183,2.0209777052890046e-14,9.959748786283585e+21,1.0,-0.004033243976309596,-3666463397593133.0,0.0,-4.5269709415418266e+17,0.0,-9.090606517059585e+17,0.0
1.0,zero,235,138.20205431893646,2.0114621212754975e-14,9.959579414980932e+21,1.0,-0.004050249700694142,-3681734032194196.0,0.0,-4.5266617628585184e+17,0.0,-9.090140866038979e+17,0.0
1.0,zero,236,138.20441381954393,2.0019923904903633e-14,9.959410071174516e+21,1.0,-0.004067252953448329,-3697000870396504.5,0.0,-4.526352644929315e+17,0.0,-9.089675298562596e+17,0.0
1.0,zero,237,138.20677305674445,1.9925682918137652e-14,9.9592407549448e+21,1.0,-0.004084253726361689,-3712263905597583.5,0.0,-4.52604358789597e+17,0.0,-9.089209814847916e+17,0.0
1.0,zero,238,138.20913202936347,1.9831896051915544e-14,9.959071466372582e+21,1.0,-0.004101252011190409,-3727523131167903.0,0.0,-4.5257345919008115e+17,0.0,-9.088744415113302e+17,0.0
1.0,zero,239,138.21149073622146,1.9738561116308566e-14,9.95890220553899e+21,1.0,-0.0041182477996559805,-3742778540449668.0,0.0,-4.5254256570867686e+17,0.0,-9.088279099578035e+17,0.0
1.0,zero,240,138.2138491761341,1.9645675931942098e-14,9.958732972525487e+21,1.0,-0.00413524108344648,-3758030126757993.0,0.0,-4.525116783597353e+17,0.0,-9.087813868462285e+17,0.0
1.0,zero,241,138.21620734791202,1.9553238329951922e-14,9.958563767413872e+21,1.0,-0.00415223185421496,-3773277883379462.5,0.0,-4.5248079715766746e+17,0.0,-9.087348721987142e+17,0.0
1.0,zero,242,138.2185652503611,1.9461246151925096e-14,9.95839459028628e+21,1.0,-0.00416922010358099,-3788521803573536.5,0.0,-4.524499221169429e+17,0.0,-9.086883660374595e+17,0.0
1.0,zero,243,138.22092288228217,1.936969724985887e-14,9.958225441225185e+21,1.0,-0.004186205823128915,-3803761880571000.5,0.0,-4.524190532520922e+17,0.0,-9.086418683847555e+17,0.0
1.0,zero,244,138.2232802424711,1.9278589486103198e-14,9.958056320313399e+21,1.0,-0.004203189004408948,-3818998107574955.0,0.0,-4.523881905777049e+17,0.0,-9.085953792629847e+17,0.0
1.0,zero,245,138.22563732971886,1.9187920733313457e-14,9.957887227634072e+21,1.0,-0.004220169638936653,-3834230477760373.5,0.0,-4.5235733410843046e+17,0.0,-9.085488986946213e+17,0.0
1.0,zero,246,138.22799414281135,1.90976888744023e-14,9.9577181632707e+21,1.0,-0.0042371477181924865,-3849458984273700.0,0.0,-4.5232648385897926e+17,0.0,-9.085024267022322e+17,0.0
1.0,zero,247,138.23035068052948,1.900789180248842e-14,9.957549127307117e+21,1.0,-0.004254123233621998,-3864683620233043.0,0.0,-4.522956398441217e+17,0.0,-9.084559633084764e+17,0.0
1.0,zero,248,138.23270694164918,1.8918527420845627e-14,9.957380119827501e+21,1.0,-0.004271096176636072,-3879904378728418.0,0.0,-4.5226480207868896e+17,0.0,-9.084095085361064e+17,0.0
1.0,zero,249,138.23506292494133,1.8829593642856485e-14,9.957211140916372e+21,1.0,-0.004288066538610356,-3895121252821231.5,0.0,-4.5223397057757254e+17,0.0,-9.083630624079663e+17,0.0
1.0,zero,250,138.2374186291717,1.874108839196397e-14,9.9570421906586e+21,1.0,-0.004305034310885058,-3910334235544128.5,0.0,-4.5220314535572544e+17,0.0,-9.08316624946995e+17,0.0
1.0,zero,251,138.23977405310106,1.8653009601621247e-14,9.956873269139403e+21,1.0,-0.004321999484764947,-3925543319901003.5,0.0,-4.521723264281621e+17,0.0,-9.082701961762253e+17,0.0
1.0,zero,252,138.24212919548503,1.8565355215242768e-14,9.956704376444336e+21,1.0,-0.004338962051519671,-3940748498867294.0,0.0,-4.521415138099575e+17,0.0,-9.082237761187822e+17,0.0
1.0,zero,253,138.2444840550742,1.847812318615773e-14,9.956535512659313e+21,1.0,-0.00435592200238324,-3955949765389545.5,0.0,-4.5211070751624864e+17,0.0,-9.081773647978868e+17,0.0
1.0,zero,254,138.24683863061392,1.8391311477563718e-14,9.956366677870597e+21,1.0,-0.004372879328553569,-3971147112385004.5,0.0,-4.520799075622349e+17,0.0,-9.081309622368548e+17,0.0
1.0,zero,255,138.24919292084456,1.8304918062473252e-14,9.956197872164793e+21,1.0,-0.004389834021193383,-3986340532742443.0,0.0,-4.520491139631758e+17,0.0,-9.08084568459094e+17,0.0
1.0,zero,256,138.25154692450118,1.821894092367524e-14,9.956029095628868e+21,1.0,-0.004406786071428725,-4001530019320849.5,0.0,-4.520183267343952e+17,0.0,-9.080381834881112e+17,0.0
1.0,zero,257,138.2539006403138,1.8133378053678862e-14,9.955860348350138e+21,1.0,-0.004423735470350375,-4016715564950709.5,0.0,-4.51987545891278e+17,0.0,-9.079918073475067e+17,0.0
1.0,zero,258,138.25625406700712,1.8048227454673346e-14,9.955691630416273e+21,1.0,-0.004440682209012366,-4031897162432679.0,0.0,-4.519567714492716e+17,0.0,-9.079454400609759e+17,0.0
1.0,zero,259,138.25860720330076,1.796348713847756e-14,9.955522941915297e+21,1.0,-0.004457626278432687,-4047074804538249.5,0.0,-4.5192600342388685e+17,0.0,-9.078990816523119e+17,0.0
1.0,zero,260,138.26096004790907,1.7879155126493997e-14,9.955354282935594e+21,1.0,-0.0044745676695932815,-4062248484009748.5,0.0,-4.5189524183069645e+17,0.0,-9.078527321454028e+17,0.0
1.0,zero,261,138.26331259954114,1.7795229449665005e-14,9.955185653565901e+21,1.0,-0.004491506373439078,-4077418193559485.5,0.0,-4.5186448668533696e+17,0.0,-9.078063915642335e+17,0.0
1.0,zero,262,138.26566485690083,1.771170814842413e-14,9.955017053895318e+21,1.0,-0.0045084423808785055,-4092583925870239.0,0.0,-4.518337380035083e+17,0.0,-9.077600599328869e+17,0.0
1.0,zero,263,138.26801681868673,1.762858927265075e-14,9.9548484840133e+21,1.0,-0.004525375682783611,-4107745673595369.0,0.0,-4.518029958009734e+17,0.0,-9.077137372755421e+17,0.0
1.0,zero,264,138.27036848359214,1.7545870881625937e-14,9.954679944009669e+21,1.0,-0.0045423062699891,-4122903429357972.0,0.0,-4.517722600935591e+17,0.0,-9.076674236164762e+17,0.0
1.0,zero,265,138.27271985030507,1.7463551043984518e-14,9.9545114339746e+21,1.0,-0.004559234133293423,-4138057185751875.5,0.0,-4.517415308971557e+17,0.0,-9.076211189800634e+17,0.0
1.0,zero,266,138.27507091750815,1.7381627837674326e-14,9.954342953998642e+21,1.0,-0.004576159263457034,-4153206935340087.0,0.0,-4.517108082277186e+17,0.0,-9.075748233907772e+17,0.0
1.0,zero,267,138.2774216838788,1.7300099349903783e-14,9.954174504172693e+21,1.0,-0.004593081651204451,-4168352670656661.0,0.0,-4.5168009210126554e+17,0.0,-9.075285368731877e+17,0.0
1.0,zero,268,138.27977214808894,1.721896367710748e-14,9.954006084588036e+21,1.0,-0.004610001287221547,-4183494384204280.0,0.0,-4.5164938253388077e+17,0.0,-9.074822594519658e+17,0.0
1.0,zero,269,138.2821223088052,1.7138218924892255e-14,9.953837695336301e+21,1.0,-0.004626918162157861,-4198632068456354.0,0.0,-4.516186795417119e+17,0.0,-9.074359911518801e+17,0.0
1.0,zero,270,138.28447216468882,1.705786320799922e-14,9.9536693365095e+21,1.0,-0.004643832266624668,-4213765715855291.5,0.0,-4.515879831409721e+17,0.0,-9.073897319977994e+17,0.0
1.0,zero,271,138.28682171439564,1.697789465025425e-14,9.953501008200003e+21,1.0,-0.004660743591196396,-4228895318813791.0,0.0,-4.515572933479383e+17,0.0,-9.073434820146904e+17,0.0
1.0,zero,272,138.28917095657607,1.689831138452943e-14,9.953332710500553e+21,1.0,-0.0046776521264091965,-4244020869713579.0,0.0,-4.515266101789537e+17,0.0,-9.07297241227621e+17,0.0
1.0,zero,273,138.29151988987505,1.681911155269785e-14,9.953164443504267e+21,1.0,-0.004694557862761206,-4259142360905655.5,0.0,-4.514959336504269e+17,0.0,-9.072510096617594e+17,0.0
1.0,zero,274,138.29386851293214,1.674029330558675e-14,9.95299620730463e+21,1.0,-0.004711460790713249,-4274259784710942.5,0.0,-4.514652637788311e+17,0.0,-9.072047873423732e+17,0.0
1.0,zero,275,138.29621682438136,1.6661854802939516e-14,9.952828001995503e+21,1.0,-0.004728360900687484,-4289373133419087.0,0.0,-4.514346005807066e+17,0.0,-9.071585742948323e+17,0.0
1.0,zero,276,138.29856482285126,1.6583794213370172e-14,9.952659827671114e+21,1.0,-0.004745258183067977,-4304482399288984.5,0.0,-4.514039440726587e+17,0.0,-9.071123705446063e+17,0.0
1.0,zero,277,138.30091250696495,1.6506109714318154e-14,9.952491684426078e+21,1.0,-0.004762152628200834,-4319587574548922.0,0.0,-4.513732942713589e+17,0.0,-9.070661761172667e+17,0.0
1.0,zero,278,138.30325987533993,1.6428799492010866e-14,9.952323572355377e+21,1.0,-0.004779044226393348,-4334688651395826.5,0.0,-4.513426511935455e+17,0.0,-9.070199910384868e+17,0.0
1.0,zero,279,138.30560692658824,1.6351861741416927e-14,9.952155491554367e+21,1.0,-0.004795932967914657,-4349785621995867.5,0.0,-4.513120148560225e+17,0.0,-9.069738153340408e+17,0.0
1.0,zero,280,138.3079536593163,1.6275294666207237e-14,9.951987442118795e+21,1.0,-0.004812818842994695,-4364878478483533.5,0.0,-4.512813852756617e+17,0.0,-9.06927649029807e+17,0.0
1.0,zero,281,138.31030007212502,1.619909647870964e-14,9.951819424144774e+21,1.0,-0.004829701841825292,-4379967212962645.0,0.0,-4.512507624694007e+17,0.0,-9.068814921517641e+17,0.0
1.0,zero,282,138.31264616360968,1.6123265399870315e-14,9.951651437728808e+21,1.0,-0.004846581954558945,-4395051817505249.5,0.0,-4.5122014645424506e+17,0.0,-9.068353447259954e+17,0.0
1.0,zero,283,138.31499193236,1.6047799659210764e-14,9.951483482967779e+21,1.0,-0.004863459171309266,-4410132284152056.5,0.0,-4.511895372472672e+17,0.0,-9.067892067786865e+17,0.0
1.0,zero,284,138.31733737696,1.5972697494785873e-14,9.951315559958947e+21,1.0,-0.004880333482150914,-4425208604912387.0,0.0,-4.511589348656069e+17,0.0,-9.067430783361263e+17,0.0
1.0,zero,285,138.31968249598822,1.589795715314316e-14,9.951147668799964e+21,1.0,-0.004897204877119336,-4440280771763949.5,0.0,-4.5112833932647174e+17,0.0,-9.066969594247075e+17,0.0
1.0,zero,286,138.32202728801738,1.5823576889283068e-14,9.95097980958886e+21,1.0,-0.004914073346210374,-4455348776652518.5,0.0,-4.51097750647137e+17,0.0,-9.066508500709266e+17,0.0
1.0,zero,287,138.3243717516146,1.5749554966617644e-14,9.950811982424057e+21,1.0,-0.004930938879380523,-4470412611492173.0,0.0,-4.510671688449467e+17,0.0,-9.066047503013855e+17,0.0
1.0,zero,288,138.32671588534134,1.567588965692677e-14,9.950644187404358e+21,1.0,-0.0049478014665471845,-4485472268165540.0,0.0,-4.5103659393731155e+17,0.0,-9.065586601427886e+17,0.0
1.0,zero,289,138.32905968775333,1.5602579240323516e-14,9.950476424628958e+21,1.0,-0.004964661097587435,-4500527738522714.5,0.0,-4.510060259417124e+17,0.0,-9.065125796219475e+17,0.0
1.0,zero,290,138.33140315740056,1.5529622005209858e-14,9.950308694197442e+21,1.0,-0.004981517762338869,-4515579014382021.0,0.0,-4.5097546487569754e+17,0.0,-9.064665087657772e+17,0.0
1.0,zero,291,138.33374629282733,1.5457016248237048e-14,9.950140996209785e+21,1.0,-0.0049983714505992,-4530626087529683.0,0.0,-4.5094491075688486e+17,0.0,-9.064204476012995e+17,0.0
1.0,zero,292,138.3360890925722,1.5384760274266232e-14,9.949973330766349e+21,1.0,-0.005015222152126395,-4545668949719951.0,0.0,-4.5091436360295994e+17,0.0,-9.063743961556398e+17,0.0
1.0,zero,293,138.33843155516786,1.5312852396331785e-14,9.949805697967896e+21,1.0,-0.005032069856637634,-4560707592674190.0,0.0,-4.5088382343167917e+17,0.0,-9.063283544560325e+17,0.0
1.0,zero,294,138.34077367914134,1.5241290935596166e-14,9.949638097915573e+21,1.0,-0.005048914553810533,-4575742008081999.0,0.0,-4.5085329026086694e+17,0.0,-9.062823225298158e+17,0.0
1.0,zero,295,138.34311546301382,1.5170074221314538e-14,9.94947053071093e+21,1.0,-0.005065756233282237,-4590772187600403.0,0.0,-4.508227641084176e+17,0.0,-9.062363004044356e+17,0.0
1.0,zero,296,138.3454569053006,1.509920059079696e-14,9.94930299645591e+21,1.0,-0.005082594884648971,-4605798122853476.0,0.0,-4.5079224499229574e+17,0.0,-9.061902881074449e+17,0.0
1.0,zero,297,138.34779800451128,1.502866838936471e-14,9.949135495252849e+21,1.0,-0.0050994304974669976,-4620819805433214.0,0.0,-4.5076173293053504e+17,0.0,-9.061442856665033e+17,0.0
1.0,zero,298,138.35013875914944,1.4958475970317143e-14,9.948968027204488e+21,1.0,-0.005116263061251328,-4635837226898394.0,0.0,-4.507312279412402e+17,0.0,-9.060982931093788e+17,0.0
1.0,zero,299,138.35247916771297,1.4888621694887593e-14,9.94880059241396e+21,1.0,-0.0051330925654768786,-4650850378775627.0,0.0,-4.507007300425849e+17,0.0,-9.060523104639455e+17,0.0
1.0,zero,300,138.35481922869374,1.4819103932210558e-14,9.948633190984806e+21,1.0,-0.0051499189995770495,-4665859252558111.0,0.0,-4.5067023925281466e+17,0.0,-9.060063377581874e+17,0.0
1.0,zero,301,138.35715894057782,1.4749921059278866e-14,9.948465823020957e+21,1.0,-0.00516674235294475,-4680863839706552.0,0.0,-4.5063975559024435e+17,0.0,-9.059603750201952e+17,0.0
1.0,zero,302,138.35949830184526,1.4681071460910307e-14,9.948298488626759e+21,1.0,-0.005183562614931112,-4695864131648038.0,0.0,-4.506092790732609e+17,0.0,-9.059144222781699e+17,0.0
1.0,zero,303,138.36183731097026,1.4612553529706064e-14,9.948131187906954e+21,1.0,-0.005200379774846578,-4710860119777032.0,0.0,-4.505788097203217e+17,0.0,-9.058684795604205e+17,0.0
1.0,zero,304,138.36417596642104,1.454436566601435e-14,9.94796392096669e+21,1.0,-0.005217193821960126,-4725851795454684.0,0.0,-4.50548347549955e+17,0.0,-9.058225468953647e+17,0.0
1.0,zero,305,138.36651426665986,1.447650627789422e-14,9.947796687911521e+21,1.0,-0.005234004745499135,-4740839150008741.0,0.0,-4.5051789258076115e+17,0.0,-9.05776624311531e+17,0.0
1.0,zero,306,138.368852210143,1.4408973781077064e-14,9.947629488847408e+21,1.0,-0.005250812534649452,-4755822174733614.0,0.0,-4.5048744483141165e+17,0.0,-9.057307118375569e+17,0.0
1.0,zero,307,138.37118979532073,1.434176659892912e-14,9.947462323880715e+21,1.0,-0.00526761717855564,-4770800860890623.0,0.0,-4.504570043206492e+17,0.0,-9.056848095021889e+17,0.0
1.0,zero,308,138.3735270206373,1.427488316241746e-14,9.947295193118223e+21,1.0,-0.005284418666319754,-4785775199706915.0,0.0,-4.504265710672897e+17,0.0,-9.056389173342865e+17,0.0
1.0,zero,309,138.37586388453096,1.4208321910070378e-14,9.94712809666712e+21,1.0,-0.005301216987002238,-4800745182376290.0,0.0,-4.50396145090221e+17,0.0,-9.055930353628182e+17,0.0
1.0,zero,310,138.3782003854339,1.4142081287940489e-14,9.946961034634997e+21,1.0,-0.005318012129622052,-4815710800059318.0,0.0,-4.503657264084014e+17,0.0,-9.055471636168621e+17,0.0
1.0,zero,311,138.38053652177226,1.4076159749571183e-14,9.946794007129867e+21,1.0,-0.005334804083155509,-4830672043882335.0,0.0,-4.5033531504086394e+17,0.0,-9.055013021256101e+17,0.0
1.0,zero,312,138.38287229196604,1.4010555755960022e-14,9.946627014260156e+21,1.0,-0.00535159283653653,-4845628904937672.0,0.0,-4.503049110067134e+17,0.0,-9.054554509183644e+17,0.0
1.0,zero,313,138.3852076944292,1.3945267775520714e-14,9.946460056134697e+21,1.0,-0.0053683783786570224,-4860581374284022.0,0.0,-4.5027451432512755e+17,0.0,-9.054096100245391e+17,0.0
1.0,zero,314,138.38754272756958,1.3880294284048503e-14,9.94629313286274e+21,1.0,-0.005385160698366497,-4875529442946106.0,0.0,-4.5024412501535686e+17,0.0,-9.053637794736598e+17,0.0
1.0,zero,315,138.38987738978886,1.3815633764685662e-14,9.94612624455396e+21,1.0,-0.005401939784471479,-4890473101914168.0,0.0,-4.502137430967258e+17,0.0,-9.053179592953659e+17,0.0
1.0,zero,316,138.39221167948267,1.3751284707882482e-14,9.945959391318432e+21,1.0,-0.005418715625736605,-4905412342144974.0,0.0,-4.5018336858863085e+17,0.0,-9.052721495194067e+17,0.0
1.0,zero,317,138.39454559504037,1.368724561136705e-14,9.945792573266668e+21,1.0,-0.005435488210883069,-4920347154560441.0,0.0,-4.501530015105434e+17,0.0,-9.052263501756474e+17,0.0
1.0,zero,318,138.3968791348452,1.3623514980106573e-14,9.945625790509587e+21,1.0,-0.0054522575285892655,-4935277530048220.0,0.0,-4.501226418820081e+17,0.0,-9.051805612940644e+17,0.0
1.0,zero,319,138.39921229727415,1.3560091326274332e-14,9.945459043158536e+21,1.0,-0.005469023567490592,-4950203459461553.0,0.0,-4.5009228972264384e+17,0.0,-9.051347829047492e+17,0.0
1.0,zero,320,138.40154508069813,1.3496973169211423e-14,9.945292331325273e+21,1.0,-0.005485786316179963,-4965124933619736.0,0.0,-4.500619450521422e+17,0.0,-9.050890150379043e+17,0.0
1.0,zero,321,138.40387748348166,1.3434159035398655e-14,9.94512565512199e+21,1.0,-0.005502545763205998,-4980041943306523.0,0.0,-4.5003160789027155e+17,0.0,-9.050432577238496e+17,0.0
1.0,zero,322,138.40620950398315,1.3371647458415537e-14,9.944959014661301e+21,1.0,-0.005519301897074828,-4994954479271759.0,0.0,-4.500012782568728e+17,0.0,-9.049975109930175e+17,0.0
1.0,zero,323,138.4085411405547,1.3309436978909435e-14,9.944792410056236e+21,1.0,-0.00553605470624893,-5009862532230349.0,0.0,-4.4997095617186195e+17,0.0,-9.049517748759543e+17,0.0
1.0,zero,324,138.4108723915421,1.3247526144561056e-14,9.944625841420257e+21,1.0,-0.0055528041791471205,-5024766092862278.0,0.0,-4.499406416552299e+17,0.0,-9.049060494033221e+17,0.0
1.0,zero,325,138.41320325528497,1.3185913510050078e-14,9.944459308867254e+21,1.0,-0.005569550304144748,-5039665151812800.0,0.0,-4.499103347270429e+17,0.0,-9.048603346058985e+17,0.0
1.0,zero,326,138.41553373011652,1.3124597637020984e-14,9.944292812511538e+21,1.0,-0.005586293069573498,-5054559699692275.0,0.0,-4.4988003540744134e+17,0.0,-9.04814630514575e+17,0.0
1.0,zero,327,138.41786381436367,1.3063577094051294e-14,9.944126352467857e+21,1.0,-0.005603032463720874,-5069449727075731.0,0.0,-4.4984974371664237e+17,0.0,-9.047689371603604e+17,0.0
1.0,zero,328,138.420193506347,1.3002850456616198e-14,9.943959928851382e+21,1.0,-0.005619768474830639,-5084335224503268.0,0.0,-4.4981945967493766e+17,0.0,-9.047232545743786e+17,0.0
1.0,zero,329,138.42252280438078,1.2942416307055626e-14,9.94379354177772e+21,1.0,-0.005636501091102497,-5099216182479796.0,0.0,-4.4978918330269485e+17,0.0,-9.046775827878696e+17,0.0
1.0,zero,330,138.42485170677287,1.2882273234541473e-14,9.943627191362903e+21,1.0,-0.005653230300692087,-5114092591475051.0,0.0,-4.497589146203573e+17,0.0,-9.046319218321897e+17,0.0
1.0,zero,331,138.42718021182475,1.2822419835045689e-14,9.943460877723404e+21,1.0,-0.0056699560917104,-5128964441923081.0,0.0,-4.4972865364844486e+17,0.0,-9.045862717388128e+17,0.0
1.0,zero,332,138.4295083178315,1.2762854711305615e-14,9.943294600976125e+21,1.0,-0.005686678452224352,-5143831724222791.0,0.0,-4.4969840040755334e+17,0.0,-9.045406325393295e+17,0.0
1.0,zero,333,138.43183602308184,1.2703576472791678e-14,9.9431283612384e+21,1.0,-0.0057033973702564,-5158694428737600.0,0.0,-4.4966815491835456e+17,0.0,-9.044950042654467e+17,0.0
1.0,zero,334,138.434163325858,1.2644583735675976e-14,9.942962158628004e+21,1.0,-0.0057201128337843405,-5173552545795297.0,0.0,-4.496379172015973e+17,0.0,-9.0444938694899e+17,0.0
1.0,zero,335,138.4364902244358,1.2585875122799534e-14,9.94279599326315e+21,1.0,-0.005736824830741117,-5188406065687870.0,0.0,-4.496076872781071e+17,0.0,-9.044037806219021e+17,0.0
1.0,zero,336,138.43881671708456,1.2527449263639766e-14,9.942629865262483e+21,1.0,-0.0057535333490150034,-5203254978671705.0,0.0,-4.4957746516878656e+17,0.0,-9.043581853162447e+17,0.0
1.0,zero,337,138.44114280206722,1.2469304794277341e-14,9.942463774745088e+21,1.0,-0.0057702383764498,-5218099274967764.0,0.0,-4.495472508946143e+17,0.0,-9.043126010641964e+17,0.0
1.0,zero,338,138.4434684776401,1.2411440357368237e-14,9.942297721830493e+21,1.0,-0.005786939900843409,-5232938944760338.0,0.0,-4.495170444766476e+17,0.0,-9.042670278980557e+17,0.0
1.0,zero,339,138.4457937420531,1.2353854602107356e-14,9.942131706638664e+21,1.0,-0.00580363790994938,-5247773978198445.0,0.0,-4.4948684593602016e+17,0.0,-9.042214658502388e+17,0.0
1.0,zero,340,138.4481185935496,1.2296546184199456e-14,9.941965729290013e+21,1.0,-0.005820332391475808,-5262604365394865.0,0.0,-4.494566552939438e+17,0.0,-9.041759149532826e+17,0.0
1.0,zero,341,138.45044303036642,1.2239513765827365e-14,9.941799789905385e+21,1.0,-0.0058370233330855255,-5277430096426324.0,0.0,-4.494264725717074e+17,0.0,-9.04130375239841e+17,0.0
1.0,zero,342,138.4527670507338,1.2182756015621745e-14,9.94163388860608e+21,1.0,-0.0058537107223956475,-5292251161333114.0,0.0,-4.493962977906788e+17,0.0,-9.040848467426907e+17,0.0
1.0,zero,343,138.4550906528755,1.212627160862684e-14,9.941468025513837e+21,1.0,-0.00587039454697834,-5307067550119789.0,0.0,-4.493661309723025e+17,0.0,-9.04039329494725e+17,0.0
1.0,zero,344,138.45741383500862,1.2070059226273339e-14,9.94130220075084e+21,1.0,-0.005887074794359788,-5321879252754269.0,0.0,-4.493359721381027e+17,0.0,-9.039938235289597e+17,0.0
1.0,zero,345,138.45973659534374,1.2014117556344438e-14,9.941136414439719e+21,1.0,-0.005903751452020704,-5336686259168305.0,0.0,-4.493058213096804e+17,0.0,-9.039483288785292e+17,0.0
1.0,zero,346,138.46205893208472,1.1958445292948949e-14,9.940970666703557e+21,1.0,-0.005920424507395361,-5351488559256644.0,0.0,-4.4927567850871706e+17,0.0,-9.039028455766908e+17,0.0
1.0,zero,347,138.46438084342887,1.1903041136486325e-14,9.94080495766588e+21,1.0,-0.005937093947872941,-5366286142878242.0,0.0,-4.492455437569713e+17,0.0,-9.038573736568209e+17,0.0
1.0,zero,348,138.4667023275669,1.1847903793618022e-14,9.940639287450668e+21,1.0,-0.0059537597607963715,-5381078999855247.0,0.0,-4.49215417076281e+17,0.0,-9.038119131524173e+17,0.0
1.0,zero,349,138.4690233826828,1.1793031977239641e-14,9.940473656182345e+21,1.0,-0.0059704219334622555,-5395867119972951.0,0.0,-4.4918529848856326e+17,0.0,-9.037664640970995e+17,0.0
1.0,zero,350,138.47134400695384,1.1738424406448459e-14,9.94030806398579e+21,1.0,-0.005987080453120875,-5410650492979818.0,0.0,-4.491551880158146e+17,0.0,-9.037210265246089e+17,0.0
1.0,zero,351,138.47366419855078,1.1684079806511865e-14,9.940142510986335e+21,1.0,-0.00600373530697695,-5425429108588182.0,0.0,-4.4912508568011014e+17,0.0,-9.036756004688084e+17,0.0
1.0,zero,352,138.4759839556375,1.1629996908842571e-14,9.939976997309763e+21,1.0,-0.006020386482187969,-5440202956472759.0,0.0,-4.490949915036052e+17,0.0,-9.036301859636831e+17,0.0
1.0,zero,353,138.47830327637126,1.1576174450964646e-14,9.939811523082318e+21,1.0,-0.006037033965865277,-5454972026271658.0,0.0,-4.490649055085347e+17,0.0,-9.03584783043341e+17,0.0
1.0,zero,354,138.4806221589026,1.1522611176485028e-14,9.939646088430685e+21,1.0,-0.006053677745073811,-5469736307586144.0,0.0,-4.490348277172128e+17,0.0,-9.035393917420116e+17,0.0
1.0,zero,355,138.48294060137528,1.1469305835065815e-14,9.939480693482019e+21,1.0,-0.00607031780683146,-5484495789980104.0,0.0,-4.4900475815203437e+17,0.0,-9.034940120940489e+17,0.0
1.0,zero,356,138.4852586019263,1.1416257182393414e-14,9.939315338363928e+21,1.0,-0.006086954138109375,-5499250462980322.0,0.0,-4.4897469683547424e+17,0.0,-9.034486441339287e+17,0.0
1.0,zero,357,138.48757615868593,1.136346398014917e-14,9.93915002320447e+21,1.0,-0.006103586725832295,-5514000316076806.0,0.0,-4.4894464379008685e+17,0.0,-9.034032878962505e+17,0.0
1.0,zero,358,138.48989326977764,1.1310924995982057e-14,9.93898474813217e+21,1.0,-0.006120215556877442,-5528745338721806.0,0.0,-4.489145990385076e+17,0.0,-9.03357943415737e+17,0.0
1.0,zero,359,138.49220993331812,1.1258639003478286e-14,9.93881951327601e+21,1.0,-0.0061368406180754235,-5543485520330654.0,0.0,-4.4888456260345254e+17,0.0,-9.033126107272357e+17,0.0
1.0,zero,360,138.49452614741716,1.1206604782135548e-14,9.938654318765437e+21,1.0,-0.006153461896208938,-5558220850280611.0,0.0,-4.4885453450771885e+17,0.0,-9.032672898657183e+17,0.0
1.0,zero,361,138.49684191017786,1.115482111732908e-14,9.938489164730349e+21,1.0,-0.006170079378014512,-5572951317912449.0,0.0,-4.488245147741834e+17,0.0,-9.032219808662793e+17,0.0
1.0,zero,362,138.4991572196964,1.1103286800288727e-14,9.938324051301115e+21,1.0,-0.0061866930501805655,-5587676912528725.0,0.0,-4.4879450342580486e+17,0.0,-9.031766837641385e+17,0.0
1.0,zero,363,138.50147207406212,1.1052000628067869e-14,9.938158978608562e+21,1.0,-0.006203302899348306,-5602397623394627.0,0.0,-4.487645004856232e+17,0.0,-9.031313985946409e+17,0.0
1.0,zero,364,138.50378647135744,1.1000961403517519e-14,9.937993946783988e+21,1.0,-0.006219908912111146,-5617113439737443.0,0.0,-4.4873450597675974e+17,0.0,-9.03086125393257e+17,0.0
1.0,zero,365,138.50610040965802,1.0950167935254312e-14,9.937828955959148e+21,1.0,-0.0062365110750154775,-5631824350747289.0,0.0,-4.4870451992241683e+17,0.0,-9.030408641955809e+17,0.0
1.0,zero,366,138.50841388703253,1.0899619037636767e-14,9.937664006266265e+21,1.0,-0.006253109374559567,-5646530345576127.0,0.0,-4.486745423458783e+17,0.0,-9.029956150373326e+17,0.0
1.0,zero,367,138.51072690154277,1.0849313530736045e-14,9.93749909783803e+21,1.0,-0.006269703797193942,-5661231413338150.0,0.0,-4.4864457327051046e+17,0.0,-9.02950377954359e+17,0.0
1.0,zero,368,138.5130394512436,1.0799250240308096e-14,9.937334230807602e+21,1.0,-0.006286294329321255,-5675927543109657.0,0.0,-4.4861461271976096e+17,0.0,-9.029051529826316e+17,0.0
1.0,zero,369,138.51535153418297,1.074942799776657e-14,9.937169405308605e+21,1.0,-0.006302880957296286,-5690618723929089.0,0.0,-4.485846607171597e+17,0.0,-9.028599401582484e+17,0.0
1.0,zero,370,138.51766314840188,1.0699845640155245e-14,9.937004621475135e+21,1.0,-0.006319463667425804,-5705304944796916.0,0.0,-4.485547172863186e+17,0.0,-9.028147395174341e+17,0.0
1.0,zero,371,138.51997429193432,1.0650502010122401e-14,9.936839879441758e+21,1.0,-0.006336042445967985,-5719986194675138.0,0.0,-4.485247824509322e+17,0.0,-9.027695510965395e+17,0.0
1.0,zero,372,138.5222849628074,1.060139595589048e-14,9.936675179343504e+21,1.0,-0.006352617279133508,-5734662462488287.0,0.0,-4.4849485623477696e+17,0.0,-9.027243749320422e+17,0.0
1.0,zero,373,138.52459515904113,1.0552526331233155e-14,9.93651052131589e+21,1.0,-0.006369188153083995,-5749333737122045.0,0.0,-4.4846493866171264e+17,0.0,-9.026792110605473e+17,0.0
1.0,zero,374,138.52690487864862,1.0503891995445257e-14,9.936345905494885e+21,1.0,-0.006385755053933182,-5764000007424313.0,0.0,-4.4843502975568096e+17,0.0,-9.026340595187863e+17,0.0
1.0,zero,375,138.52921411963592,1.0455491813318285e-14,9.936181332016949e+21,1.0,-0.006402317967746126,-5778661262204529.0,0.0,-4.4840512954070726e+17,0.0,-9.025889203436191e+17,0.0
1.0,zero,376,138.5315228800021,1.040732465511242e-14,9.936016801019004e+21,1.0,-0.0064188768805394075,-5793317490233847.0,0.0,-4.48375238040899e+17,0.0,-9.025437935720319e+17,0.0
1.0,zero,377,138.5338311577391,1.0359389396531674e-14,9.935852312638456e+21,1.0,-0.0064354317782807985,-5807968680244883.0,0.0,-4.483453552804476e+17,0.0,-9.024986792411402e+17,0.0
1.0,zero,378,138.53613895083188,1.0311684918696173e-14,9.935687867013177e+21,1.0,-0.006451982646889516,-5822614820931946.0,0.0,-4.483154812836274e+17,0.0,-9.024535773881868e+17,0.0
1.0,zero,379,138.53844625725836,1.026421010811696e-14,9.93552346428152e+21,1.0,-0.00646852947223577,-5837255900950652.0,0.0,-4.482856160747957e+17,0.0,-9.02408488050542e+17,0.0
1.0,zero,380,138.54075307498934,1.0216963856669155e-14,9.935359104582318e+21,1.0,-0.006485072240141148,-5851891908918299.0,0.0,-4.482557596783938e+17,0.0,-9.023634112657059e+17,0.0
1.0,zero,381,138.54305940198853,1.0169945061567564e-14,9.93519478805488e+21,1.0,-0.006501610936377959,-5866522833413292.0,0.0,-4.482259121189469e+17,0.0,-9.02318347071307e+17,0.0
1.0,zero,382,138.5453652362126,1.0123152625338371e-14,9.935030514838986e+21,1.0,-0.006518145546669822,-5881148662975679.0,0.0,-4.4819607342106266e+17,0.0,-9.02273295505101e+17,0.0
1.0,zero,383,138.54767057561102,1.0076585455797299e-14,9.934866285074907e+21,1.0,-0.006534676056690682,-5895769386106309.0,0.0,-4.4816624360943443e+17,0.0,-9.022282566049752e+17,0.0
1.0,zero,384,138.54997541812622,1.0030242466019837e-14,9.934702098903386e+21,1.0,-0.006551202452065917,-5910384991267826.0,0.0,-4.481364227088383e+17,0.0,-9.021832304089443e+17,0.0
1.0,zero,385,138.55227976169346,9.984122574319065e-15,9.934537956465651e+21,1.0,-0.006567724718371093,-5924995466883580.0,0.0,-4.481066107441345e+17,0.0,-9.021382169551526e+17,0.0
1.0,zero,386,138.55458360424083,9.938224704219013e-15,9.93437385790341e+21,1.0,-0.006584242841132685,-5939600801338295.0,0.0,-4.480768077402684e+17,0.0,-9.020932162818752e+17,0.0
1.0,zero,387,138.5568869436893,9.892547784429858e-15,9.934209803358856e+21,1.0,-0.006600756805827549,-5954200982977607.0,0.0,-4.4804701372226906e+17,0.0,-9.020482284275156e+17,0.0
1.0,zero,388,138.5591897779527,9.847090748822114e-15,9.934045792974655e+21,1.0,-0.00661726659788337,-5968796000108486.0,0.0,-4.480172287152495e+17,0.0,-9.020032534306075e+17,0.0
1.0,zero,389,138.56149210493757,9.801852536403773e-15,9.933881826893971e+21,1.0,-0.006633772202677694,-5983385840998403.0,0.0,-4.479874527444088e+17,0.0,-9.01958291329816e+17,0.0
1.0,zero,390,138.5637939225434,9.756832091292493e-15,9.93371790526044e+21,1.0,-0.006650273605539084,-5997970493876355.0,0.0,-4.479576858350291e+17,0.0,-9.019133421639346e+17,0.0
1.0,zero,391,138.56609522866236,9.712028362694076e-15,9.93355402821819e+21,1.0,-0.006666770791745763,-6012549946931698.0,0.0,-4.479279280124785e+17,0.0,-9.018684059718886e+17,0.0
1.0,zero,392,138.56839602117947,9.667440304876047e-15,9.933390195911836e+21,1.0,-0.0066832637465263816,-6027124188314842.0,0.0,-4.478981793022099e+17,0.0,-9.018234827927346e+17,0.0
1.0,zero,393,138.5706962979725,9.623066877143567e-15,9.933226408486472e+21,1.0,-0.006699752455059695,-6041693206136973.0,0.0,-4.478684397297608e+17,0.0,-9.017785726656585e+17,0.0
1.0,zero,394,138.572996056912,9.578907043814947e-15,9.933062666087687e+21,1.0,-0.006716236902474684,-6056256988470197.0,0.0,-4.478387093207541e+17,0.0,-9.017336756299784e+17,0.0
1.0,zero,395,138.57529529586125,9.53495977419833e-15,9.93289896886155e+21,1.0,-0.006732717073850046,-6070815523347084.0,0.0,-4.4780898810089766e+17,0.0,-9.016887917251424e+17,0.0
1.0,zero,396,138.57759401267634,9.491224042566349e-15,9.932735316954624e+21,1.0,-0.006749192954214691,-6085368798761151.0,0.0,-4.477792760959851e+17,0.0,-9.016439209907313e+17,0.0
1.0,zero,397,138.579892205206,9.447698828134129e-15,9.93257171051396e+21,1.0,-0.0067656645285468515,-6099916802666070.0,0.0,-4.477495733318954e+17,0.0,-9.01599063466457e+17,0.0
1.0,zero,398,138.58218987129175,9.404383115032572e-15,9.932408149687096e+21,1.0,-0.006782131781775228,-6114459522976716.0,0.0,-4.4771987983459296e+17,0.0,-9.015542191921626e+17,0.0
1.0,zero,399,138.58448700876778,9.361275892287658e-15,9.932244634622065e+21,1.0,-0.006798594698777702,-6128996947568042.0,0.0,-4.4769019563012794e+17,0.0,-9.015093882078239e+17,0.0
1.0,zero,400,138.58678361546103,9.318376153794516e-15,9.932081165467384e+21,1.0,-0.006815053264382167,-6143529064275825.0,0.0,-4.47660520744636e+17,0.0,-9.014645705535479e+17,0.0
1.0,zero,401,138.5890796891911,9.275682898295343e-15,9.931917742372068e+21,1.0,-0.006831507463365755,-6158055860896012.0,0.0,-4.476308552043392e+17,0.0,-9.014197662695744e+17,0.0
1.0,zero,402,138.59137522777027,9.233195129355311e-15,9.931754365485618e+21,1.0,-0.006847957280455538,-6172577325185353.0,0.0,-4.4760119903554477e+17,0.0,-9.01374975396275e+17,0.0
1.0,zero,403,138.5936702290035,9.190911855340167e-15,9.931591034958038e+21,1.0,-0.006864402700327433,-6187093444860450.0,0.0,-4.4757155226464736e+17,0.0,-9.013301979741551e+17,0.0
1.0,zero,404,138.59596469068842,9.148832089391341e-15,9.93142775093981e+21,1.0,-0.0068808437076074815,-6201604207598907.0,0.0,-4.475419149181259e+17,0.0,-9.012854340438506e+17,0.0
1.0,zero,405,138.5982586106153,9.106954849405345e-15,9.931264513581922e+21,1.0,-0.006897280286870435,-6216109601038101.0,0.0,-4.47512287022547e+17,0.0,-9.012406836461321e+17,0.0
1.0,zero,406,138.60055198656707,9.065279158008051e-15,9.93110132303585e+21,1.0,-0.0069137124226409065,-6230609612776218.0,0.0,-4.4748266860456294e+17,0.0,-9.011959468219021e+17,0.0
1.0,zero,407,138.6028448163193,9.02380404253433e-15,9.93093817945357e+21,1.0,-0.006930140099392272,-6245104230371292.0,0.0,-4.474530596909124e+17,0.0,-9.011512236121961e+17,0.0
1.0,zero,408,138.60513709764015,8.982528535004623e-15,9.930775082987548e+21,1.0,-0.006946563301547055,-6259593441341575.0,0.0,-4.474234603084211e+17,0.0,-9.011065140581838e+17,0.0
1.0,zero,409,138.6074288282905,8.941451672100156e-15,9.930612033790746e+21,1.0,-0.006962982013477633,-6274077233166176.0,0.0,-4.473938704840002e+17,0.0,-9.010618182011666e+17,0.0
1.0,zero,410,138.60972000602365,8.900572495145394e-15,9.930449032016631e+21,1.0,-0.0069793962195041645,-6288555593283237.0,0.0,-4.47364290244649e+17,0.0,-9.010171360825812e+17,0.0
1.0,zero,411,138.6120106285857,8.859890050079896e-15,9.930286077819153e+21,1.0,-0.0069958059038969815,-6303028509092083.0,0.0,-4.4733471961745216e+17,0.0,-9.009724677439964e+17,0.0
1.0,zero,412,138.61430069371522,8.819403387439961e-15,9.93012317135277e+21,1.0,-0.007012211050874771,-6317495967951622.0,0.0,-4.4730515862958195e+17,0.0,-9.009278132271155e+17,0.0
1.0,zero,413,138.61659019914342,8.779111562335295e-15,9.929960312772437e+21,1.0,-0.007028611644605222,-6331957957180935.0,0.0,-4.4727560730829734e+17,0.0,-9.008831725737756e+17,0.0
1.0,zero,414,138.61887914259407,8.739013634426313e-15,9.929797502233599e+21,1.0,-0.007045007669205084,-6346414464059353.0,0.0,-4.472460656809439e+17,0.0,-9.008385458259471e+17,0.0
1.0,zero,415,138.62116752178346,8.699108667904022e-15,9.929634739892213e+21,1.0,-0.00706139910873926,-6360865475825664.0,0.0,-4.472165337749551e+17,0.0,-9.00793933025736e+17,0.0
1.0,zero,416,138.62345533442053,8.659395731465569e-15,9.929472025904724e+21,1.0,-0.007077785947222159,-6375310979679338.0,0.0,-4.471870116178507e+17,0.0,-9.007493342153807e+17,0.0
1.0,zero,417,138.6257425782067,8.619873898294342e-15,9.92930936042808e+21,1.0,-0.007094168168616531,-6389750962779500.0,0.0,-4.471574992372375e+17,0.0,-9.007047494372545e+17,0.0
1.0,zero,418,138.62802925083597,8.58054224603869e-15,9.929146743619735e+21,1.0,-0.007110545756833528,-6404185412245021.0,0.0,-4.471279966608107e+17,0.0,-9.006601787338665e+17,0.0
1.0,zero,419,138.63031534999487,8.541399856787813e-15,9.928984175637634e+21,1.0,-0.00712691869573367,-6418614315155381.0,0.0,-4.470985039163514e+17,0.0,-9.006156221478582e+17,0.0
1.0,zero,420,138.63260087336243,8.50244581705411e-15,9.928821656640228e+21,1.0,-0.007143286969125093,-6433037658549127.0,0.0,-4.470690210317289e+17,0.0,-9.005710797220068e+17,0.0
1.0,zero,421,138.6348858186103,8.463679217747846e-15,9.92865918678647e+21,1.0,-0.007159650560765296,-6447455429425455.0,0.0,-4.4703954803489914e+17,0.0,-9.005265514992237e+17,0.0
1.0,zero,422,138.63717018340247,8.425099154159694e-15,9.928496766235814e+21,1.0,-0.007176009454359454,-6461867614742732.0,0.0,-4.47010084953907e+17,0.0,-9.004820375225568e+17,0.0
1.0,zero,423,138.6394539653956,8.386704725937066e-15,9.928334395148216e+21,1.0,-0.007192363633561708,-6476274201419641.0,0.0,-4.469806318168835e+17,0.0,-9.004375378351867e+17,0.0
1.0,zero,424,138.6417371622388,8.34849503706348e-15,9.928172073684134e+21,1.0,-0.007208713081974451,-6490675176334585.0,0.0,-4.469511886520478e+17,0.0,-9.003930524804302e+17,0.0
1.0,zero,425,138.64401977157365,8.310469195838491e-15,9.928009802004533e+21,1.0,-0.007225057783148517,-6505070526325870.0,0.0,-4.469217554877068e+17,0.0,-9.003485815017395e+17,0.0
1.0,zero,426,138.6463017910343,8.272626314855823e-15,9.927847580270867e+21,1.0,-0.007241397720583051,-6519460238191584.0,0.0,-4.468923323522541e+17,0.0,-9.003041249426998e+17,0.0
1.0,zero,427,138.6485832182472,8.234965510984901e-15,9.927685408645116e+21,1.0,-0.00725773287772492,-6533844298689138.0,0.0,-4.468629192741732e+17,0.0,-9.002596828470355e+17,0.0
1.0,zero,428,138.65086405083153,8.197485905346379e-15,9.927523287289746e+21,1.0,-0.007274063237970136,-6548222694536498.0,0.0,-4.468335162820328e+17,0.0,-9.00215255258602e+17,0.0
1.0,zero,429,138.65314428639877,8.160186623294818e-15,9.92736121636773e+21,1.0,-0.007290388784662555,-6562595412411090.0,0.0,-4.468041234044911e+17,0.0,-9.001708422213932e+17,0.0
1.0,zero,430,138.65542392255287,8.123066794398166e-15,9.927199196042557e+21,1.0,-0.0073067095010936195,-6576962438949558.0,0.0,-4.46774740670294e+17,0.0,-9.001264437795375e+17,0.0
1.0,zero,431,138.65770295689032,8.086125552415027e-15,9.927037226478205e+21,1.0,-0.007323025370503842,-6591323760749118.0,0.0,-4.467453681082747e+17,0.0,-9.000820599772986e+17,0.0
1.0,zero,432,138.65998138700002,8.049362035276682e-15,9.92687530783917e+21,1.0,-0.007339336376081309,-6605679364366240.0,0.0,-4.467160057473549e+17,0.0,-9.00037690859076e+17,0.0
1.0,zero,433,138.6622592104633,8.012775385066411e-15,9.92671344029044e+21,1.0,-0.0073556425009622655,-6620029236317188.0,0.0,-4.4668665361654394e+17,0.0,-8.99993336469405e+17,0.0
1.0,zero,434,138.664536424854,7.976364747998929e-15,9.926551623997525e+21,1.0,-0.007371943728231108,-6634373363078032.0,0.0,-4.466573117449394e+17,0.0,-8.999489968529568e+17,0.0
1.0,zero,435,138.6668130277383,7.940129274401302e-15,9.926389859126423e+21,1.0,-0.0073882400409200615,-6648711731084374.0,0.0,-4.466279801617268e+17,0.0,-8.99904672054538e+17,0.0
1.0,zero,436,138.66908901667495,7.904068118691678e-15,9.926228145843655e+21,1.0,-0.007404531422009753,-6663044326731881.0,0.0,-4.465986588961793e+17,0.0,-8.998603621190906e+17,0.0
1.0,zero,437,138.671364389215,7.868180439361745e-15,9.926066484316234e+21,1.0,-0.007420817854428308,-6677371136375502.0,0.0,-4.4656934797765914e+17,0.0,-8.998160670916938e+17,0.0
1.0,zero,438,138.67363914290203,7.832465398954763e-15,9.925904874711686e+21,1.0,-0.00743709932105225,-6691692146330276.0,0.0,-4.4654004743561555e+17,0.0,-8.997717870175615e+17,0.0
1.0,zero,439,138.67591327527197,7.796922164048203e-15,9.925743317198047e+21,1.0,-0.007453375804705589,-6706007342870554.0,0.0,-4.465107572995871e+17,0.0,-8.997275219420448e+17,0.0
1.0,zero,440,138.6781867838532,7.761549905232442e-15,9.925581811943853e+21,1.0,-0.007469647288160537,-6720316712230634.0,0.0,-4.4648147759919955e+17,0.0,-8.996832719106296e+17,0.0
1.0,zero,441,138.6804596661665,7.726347797092246e-15,9.925420359118146e+21,1.0,-0.007485913754137174,-6734620240604499.0,0.0,-4.4645220836416704e+17,0.0,-8.996390369689386e+17,0.0
1.0,zero,442,138.68273191972514,7.691315018187456e-15,9.925258958890483e+21,1.0,-0.007502175185303512,-6748917914145881.0,0.0,-4.464229496242919e+17,0.0,-8.995948171627297e+17,0.0
1.0,zero,443,138.68500354203465,7.656450751034631e-15,9.925097611430925e+21,1.0,-0.007518431564274974,-6763209718967826.0,0.0,-4.4639370140946554e+17,0.0,-8.995506125378989e+17,0.0
1.0,zero,444,138.68727453059313,7.6217541820853e-15,9.92493631691003e+21,1.0,-0.007534682873615687,-6777495641143845.0,0.0,-4.463644637496657e+17,0.0,-8.995064231404754e+17,0.0
1.0,zero,445,138.68954488289094,7.58722450171087e-15,9.924775075498881e+21,1.0,-0.007550929095836728,-6791775666706390.0,0.0,-4.463352366749603e+17,0.0,-8.994622490166271e+17,0.0
1.0,zero,446,138.69181459641095,7.552860904180192e-15,9.924613887369058e+21,1.0,-0.007567170213397483,-6806049781648067.0,0.0,-4.463060202155044e+17,0.0,-8.994180902126569e+17,0.0
1.0,zero,447,138.69408366862837,7.518662587642904e-15,9.924452752692647e+21,1.0,-0.007583406208705119,-6820317971921189.0,0.0,-4.462768144015412e+17,0.0,-8.993739467750035e+17,0.0
1.0,zero,448,138.69635209701082,7.48462875410981e-15,9.924291671642245e+21,1.0,-0.007599637064114527,-6834580223437746.0,0.0,-4.4624761926340256e+17,0.0,-8.99329818750243e+17,0.0
1.0,zero,449,138.6986198790183,7.450758609434661e-15,9.92413064439096e+21,1.0,-0.007615862761928311,-6848836522069406.0,0.0,-4.462184348315086e+17,0.0,-8.992857061850866e+17,0.0
1.0,zero,450,138.70088701210327,7.417051363295163e-15,9.923969671112398e+21,1.0,-0.007632083284397046,-6863086853647761.0,0.0,-4.4618926113636704e+17,0.0,-8.992416091263818e+17,0.0
1.0,zero,451,138.7031534937105,7.383506229174945e-15,9.923808751980682e+21,1.0,-0.007648298613719011,-6877331203964118.0,0.0,-4.461600982085743e+17,0.0,-8.991975276211127e+17,0.0
1.0,zero,452,138.7054193212771,7.350122424346008e-15,9.92364788717044e+21,1.0,-0.007664508732039937,-6891569558769285.0,0.0,-4.4613094607881536e+17,0.0,-8.991534617164e+17,0.0
1.0,zero,453,138.70768449223277,7.316899169847517e-15,9.923487076856803e+21,1.0,-0.007680713621454096,-6905801903774547.0,0.0,-4.461018047778621e+17,0.0,-8.991094114594988e+17,0.0
1.0,zero,454,138.70994900399938,7.283835690471783e-15,9.923326321215419e+21,1.0,-0.0076969132640026154,-6920028224650207.0,0.0,-4.460726743365762e+17,0.0,-8.990653768978026e+17,0.0
1.0,zero,455,138.71221285399133,7.250931214742427e-15,9.923165620422434e+21,1.0,-0.0077131076416752905,-6934248507027192.0,0.0,-4.460435547859059e+17,0.0,-8.99021358078839e+17,0.0
1.0,zero,456,138.71447603961536,7.218184974898425e-15,9.9230049746545e+21,1.0,-0.0077292967364092835,-6948462736495918.0,0.0,-4.460144461568881e+17,0.0,-8.989773550502721e+17,0.0
1.0,zero,457,138.71673855827052,7.185596206877027e-15,9.922844384088792e+21,1.0,-0.00774548053008906,-6962670898606276.0,0.0,-4.45985348480649e+17,0.0,-8.989333678599043e+17,0.0
1.0,zero,458,138.71900040734837,7.15316415029262e-15,9.922683848902979e+21,1.0,-0.0077616590045477395,-6976872978868804.0,0.0,-4.459562617884009e+17,0.0,-8.988893965556705e+17,0.0
1.0,zero,459,138.72126158423282,7.120888048421884e-15,9.922523369275235e+21,1.0,-0.007777832141565993,-6991068962753764.0,0.0,-4.459271861114449e+17,0.0,-8.988454411856436e+17,0.0
1.0,zero,460,138.72352208630008,7.088767148186105e-15,9.92236294538425e+21,1.0,-0.00779399992287185,-7005258835690969.0,0.0,-4.458981214811708e+17,0.0,-8.988015017980326e+17,0.0
1.0,zero,461,138.72578191091887,7.056800700131197e-15,9.922202577409216e+21,1.0,-0.007810162330141727,-7019442583070715.0,0.0,-4.458690679290554e+17,0.0,-8.987575784411816e+17,0.0
1.0,zero,462,138.72804105545018,7.024987958413445e-15,9.922042265529838e+21,1.0,-0.007826319344999324,-7033620190242818.0,0.0,-4.458400254866641e+17,0.0,-8.987136711635711e+17,0.0
1.0,zero,463,138.7302995172475,6.993328180778912e-15,9.921882009926317e+21,1.0,-0.007842470949016788,-7047791642517667.0,0.0,-4.4581099418564966e+17,0.0,-8.98669780013817e+17,0.0
1.0,zero,464,138.73255729365664,6.9618206285481385e-15,9.921721810779365e+21,1.0,-0.00785861712371393,-7061956925165540.0,0.0,-4.457819740577524e+17,0.0,-8.986259050406703e+17,0.0
1.0,zero,465,138.7348143820158,6.9304645665993194e-15,9.921561668270206e+21,1.0,-0.007874757850558035,-7076116023416456.0,0.0,-4.4575296513480134e+17,0.0,-8.985820462930191e+17,0.0
1.0,zero,466,138.7370707796556,6.899259263349189e-15,9.921401582580562e+21,1.0,-0.007890893110964753,-7090268922460985.0,0.0,-4.4572396744871277e+17,0.0,-8.985382038198866e+17,0.0
1.0,zero,467,138.73932648389902,6.8682039907375675e-15,9.921241553892666e+21,1.0,-0.007907022886297462,-7104415607449697.0,0.0,-4.456949810314909e+17,0.0,-8.984943776704315e+17,0.0
1.0,zero,468,138.7415814920615,6.837298024209229e-15,9.921081582389255e+21,1.0,-0.007923147157867577,-7118556063493436.0,0.0,-4.4566600591522675e+17,0.0,-8.98450567893947e+17,0.0
1.0,zero,469,138.7438358014508,6.806540642698195e-15,9.920921668253567e+21,1.0,-0.007939265906934428,-7132690275663256.0,0.0,-4.4563704213209965e+17,0.0,-8.984067745398627e+17,0.0
1.0,zero,470,138.74608940936716,6.775931128610174e-15,9.920761811669352e+21,1.0,-0.00795537911470531,-7146818228990464.0,0.0,-4.4560808971437626e+17,0.0,-8.98362997657743e+17,0.0
1.0,zero,471,138.74834231310317,6.7454687678054755e-15,9.92060201282086e+21,1.0,-0.007971486762335745,-7160939908466873.0,0.0,-4.455791486944105e+17,0.0,-8.98319237297288e+17,0.0
1.0,zero,472,138.75059450994382,6.715152849583543e-15,9.920442271892849e+21,1.0,-0.007987588830928904,-7175055299044303.0,0.0,-4.4555021910464384e+17,0.0,-8.98275493508332e+17,0.0
1.0,zero,473,138.75284599716656,6.684982666665268e-15,9.920282589070574e+21,1.0,-0.008003685301536364,-7189164385635270.0,0.0,-4.4552130097760506e+17,0.0,-8.982317663408454e+17,0.0
1.0,zero,474,138.7550967720412,6.65495751517693e-15,9.920122964539802e+21,1.0,-0.008019776155157662,-7203267153112609.0,0.0,-4.4549239434590995e+17,0.0,-8.981880558449326e+17,0.0
1.0,zero,475,138.75734683183003,6.625076694633814e-15,9.919963398486798e+21,1.0,-0.008035861372740554,-7217363586309713.0,0.0,-4.454634992422616e+17,0.0,-8.98144362070833e+17,0.0
1.0,zero,476,138.7595961737877,6.5953395079235584e-15,9.919803891098333e+21,1.0,-0.008051940935181003,-7231453670020547.0,0.0,-4.4543461569945024e+17,0.0,-8.98100685068921e+17,0.0
1.0,zero,477,138.76184479516135,6.5657452612903294e-15,9.919644442561679e+21,1.0,-0.008068014823323118,-7245537388999598.0,0.0,-4.454057437503527e+17,0.0,-8.98057024889705e+17,0.0
1.0,zero,478,138.7640926931905,6.5362932643183135e-15,9.919485053064607e+21,1.0,-0.00808408301795934,-7259614727962064.0,0.0,-4.453768834279329e+17,0.0,-8.98013381583828e+17,0.0
1.0,zero,479,138.76633986510708,6.506982829916055e-15,9.919325722795397e+21,1.0,-0.008100145499830184,-7273685671583641.0,0.0,-4.4534803476524205e+17,0.0,-8.979697552020677e+17,0.0
1.0,zero,480,138.76858630813558,6.477813274299385e-15,9.919166451942823e+21,1.0,-0.008116202249625015,-7287750204501218.0,0.0,-4.4531919779541696e+17,0.0,-8.979261457953352e+17,0.0
1.0,zero,481,138.77083201949284,6.44878391697665e-15,9.919007240696162e+21,1.0,-0.008132253247981192,-7301808311312142.0,0.0,-4.452903725516818e+17,0.0,-8.978825534146757e+17,0.0
1.0,zero,482,138.77307699638817,6.419894080732547e-15,9.918848089245193e+21,1.0,-0.008148298475484471,-7315859976574589.0,0.0,-4.452615590673472e+17,0.0,-8.97838978111269e+17,0.0
1.0,zero,483,138.77532123602336,6.391143091611662e-15,9.91868899778019e+21,1.0,-0.008164337912669373,-7329905184807899.0,0.0,-4.4523275737581e+17,0.0,-8.977954199364279e+17,0.0
1.0,zero,484,138.77756473559265,6.362530278903573e-15,9.918529966491933e+21,1.0,-0.008180371540018865,-7343943920492316.0,0.0,-4.452039675105532e+17,0.0,-8.977518789415987e+17,0.0
1.0,zero,485,138.77980749228274,6.334054975126915e-15,9.918370995571693e+21,1.0,-0.0081963993379643,-7357976168068945.0,0.0,-4.451751895051464e+17,0.0,-8.977083551783617e+17,0.0
1.0,zero,486,138.78204950327282,6.305716516013901e-15,9.91821208521125e+21,1.0,-0.008212421286885723,-7372001911940044.0,0.0,-4.451464233932454e+17,0.0,-8.976648486984307e+17,0.0
1.0,zero,487,138.7842907657346,6.2775142404938385e-15,9.918053235602865e+21,1.0,-0.008228437367112394,-7386021136469487.0,0.0,-4.4511766920859046e+17,0.0,-8.976213595536504e+17,0.0
1.0,zero,488,138.78653127683222,6.249447490679602e-15,9.91789444693931e+21,1.0,-0.008244447558921685,-7400033825981828.0,0.0,-4.4508892698500986e+17,0.0,-8.975778877960015e+17,0.0
1.0,zero,489,138.78877103372238,6.221515611850591e-15,9.917735719413846e+21,1.0,-0.00826045184254018,-7414039964763252.0,0.0,-4.4506019675641555e+17,0.0,-8.975344334775944e+17,0.0
1.0,zero,490,138.79101003355427,6.193717952438279e-15,9.917577053220232e+21,1.0,-0.008276450198143208,-7428039537061218.0,0.0,-4.450314785568065e+17,0.0,-8.974909966506743e+17,0.0
1.0,zero,491,138.79324827346954,6.1660538640114604e-15,9.917418448552725e+21,1.0,-0.008292442605854914,-7442032527084510.0,0.0,-4.450027724202668e+17,0.0,-8.97447577367618e+17,0.0
1.0,zero,492,138.79548575060244,6.138522701259828e-15,9.917259905606068e+21,1.0,-0.008308429045748581,-7456018919003538.0,0.0,-4.4497407838096544e+17,0.0,-8.974041756809344e+17,0.0
1.0,zero,493,138.79772246207975,6.1111238219793915e-15,9.917101424575502e+21,1.0,-0.00832440949784688,-7469998696950574.0,0.0,-4.449453964731562e+17,0.0,-8.973607916432631e+17,0.0
1.0,zero,494,138.79995840502076,6.083856587058305e-15,9.916943005656761e+21,1.0,-0.008340383942121417,-7483971845019381.0,0.0,-4.449167267311788e+17,0.0,-8.973174253073769e+17,0.0
1.0,zero,495,138.8021935765373,6.056720360461724e-15,9.916784649046074e+21,1.0,-0.008356352358492539,-7497938347265037.0,0.0,-4.44888069189458e+17,0.0,-8.97274076726181e+17,0.0
1.0,zero,496,138.8044279737338,6.029714509215702e-15,9.916626354940154e+21,1.0,-0.008372314726830681,-7511898187705147.0,0.0,-4.4485942388250214e+17,0.0,-8.972307459527094e+17,0.0
1.0,zero,497,138.80666159370725,6.002838403393943e-15,9.916468123536208e+21,1.0,-0.008388271026955276,-7525851350318886.0,0.0,-4.448307908449048e+17,0.0,-8.971874330401285e+17,0.0
1.0,zero,498,138.8088944335472,5.9760914161025374e-15,9.916309955031935e+21,1.0,-0.008404221238635132,-7539797819047366.0,0.0,-4.4480217011134426e+17,0.0,-8.971441380417358e+17,0.0
1.0,zero,499,138.81112649033585,5.949472923465129e-15,9.916151849625519e+21,1.0,-0.008420165341588879,-7553737577794018.0,0.0,-4.447735617165824e+17,0.0,-8.97100861010959e+17,0.0
1.0,zero,500,138.81335776114793,5.9229823046088404e-15,9.915993807515634e+21,1.0,-0.008436103315484462,-7567670610424181.0,0.0,-4.44744965695466e+17,0.0,-8.970576020013562e+17,0.0
1.0,zero,501,138.81558824305085,5.8966189416489096e-15,9.915835828901438e+21,1.0,-0.008452035139939964,-7581596900765825.0,0.0,-4.447163820829246e+17,0.0,-8.97014361066615e+17,0.0
1.0,zero,502,138.81781793310458,5.870382219676104e-15,9.91567791398258e+21,1.0,-0.008467960794522646,-7595516432608725.0,0.0,-4.446878109139728e+17,0.0,-8.969711382605544e+17,0.0
1.0,zero,503,138.8200468283618,5.844271526739831e-15,9.91552006295919e+21,1.0,-0.008483880258750355,-7609429189705724.0,0.0,-4.4465925222370784e+17,0.0,-8.969279336371214e+17,0.0
1.0,zero,504,138.82227492586776,5.818286253836355e-15,9.915362276031886e+21,1.0,-0.00849979351209024,-7623335155771588.0,0.0,-4.446307060473109e+17,0.0,-8.968847472503935e+17,0.0
1.0,zero,505,138.82450222266044,5.792425794892743e-15,9.915204553401768e+21,1.0,-0.008515700533959973,-7637234314484135.0,0.0,-4.4460217242004634e+17,0.0,-8.968415791545768e+17,0.0
1.0,zero,506,138.82672871577049,5.766689546753542e-15,9.915046895270412e+21,1.0,-0.008531601303727418,-7651126649483911.0,0.0,-4.445736513772607e+17,0.0,-8.967984294040052e+17,0.0
1.0,zero,507,138.82895440222117,5.741076909167201e-15,9.91488930183989e+21,1.0,-0.00854749580071031,-7665012144373971.0,0.0,-4.445451429543851e+17,0.0,-8.96755298053144e+17,0.0
1.0,zero,508,138.83117927902853,5.7155872847709045e-15,9.914731773312736e+21,1.0,-0.008563384004177098,-7678890782720576.0,0.0,-4.4451664718693126e+17,0.0,-8.96712185156583e+17,0.0
1.0,zero,509,138.83340334320133,5.690220079077143e-15,9.914574309891976e+21,1.0,-0.008579265893346805,-7692762548053139.0,0.0,-4.444881641104948e+17,0.0,-8.966690907690427e+17,0.0
1.0,zero,510,138.83562659174095,5.664974700460974e-15,9.914416911781116e+21,1.0,-0.008595141447388252,-7706627423863514.0,0.0,-4.444596937607536e+17,0.0,-8.966260149453708e+17,0.0
1.0,zero,511,138.83784902164166,5.639850560143807e-15,9.91425957918413e+21,1.0,-0.008611010645422062,-7720485393607797.0,0.0,-4.444312361734666e+17,0.0,-8.96582957740541e+17,0.0
1.0,zero,512,138.8400706298904,5.6148470721821e-15,9.914102312305466e+21,1.0,-0.008626873466518914,-7734336440704783.0,0.0,-4.4440279138447514e+17,0.0,-8.96539919209655e+17,0.0
1.0,zero,513,138.84229141346685,5.589963653452577e-15,9.913945111350066e+21,1.0,-0.008642729889700307,-7748180548536671.0,0.0,-4.443743594297027e+17,0.0,-8.964968994079421e+17,0.0
1.0,zero,514,138.84451136934356,5.565199723638482e-15,9.913787976523325e+21,1.0,-0.008658579893939084,-7762017700449517.0,0.0,-4.443459403451536e+17,0.0,-8.964538983907567e+17,0.0
1.0,zero,515,138.84673049448585,5.540554705216236e-15,9.913630908031118e+21,1.0,-0.0086744234581593,-7775847879753142.0,0.0,-4.443175341669131e+17,0.0,-8.964109162135793e+17,0.0
1.0,zero,516,138.84894878585186,5.516028023442142e-15,9.913473906079796e+21,1.0,-0.008690260561236016,-7789671069720965.0,0.0,-4.442891409311477e+17,0.0,-8.963679529320164e+17,0.0
1.0,zero,517,138.85116624039253,5.4916191063391695e-15,9.913316970876172e+21,1.0,-0.008706091181995636,-7803487253590297.0,0.0,-4.44260760674105e+17,0.0,-8.963250086018003e+17,0.0
1.0,zero,518,138.8533828550517,5.467327384682859e-15,9.913160102627533e+21,1.0,-0.008721915299216279,-7817296414562698.0,0.0,-4.442323934321125e+17,0.0,-8.962820832787878e+17,0.0
1.0,zero,519,138.85559862676607,5.443152291988863e-15,9.913003301541633e+21,1.0,-0.008737732891627588,-7831098535803810.0,0.0,-4.4420403924157824e+17,0.0,-8.962391770189604e+17,0.0
1.0,zero,520,138.85781355246513,5.41909326449993e-15,9.912846567826696e+21,1.0,-0.008753543937910405,-7844893600443085.0,0.0,-4.4417569813899117e+17,0.0,-8.961962898784253e+17,0.0
1.0,zero,521,138.86002762907142,5.395149741171087e-15,9.9126899016914e+21,1.0,-0.008769348416698512,-7858681591575326.0,0.0,-4.4414737016091795e+17,0.0,-8.961534219134112e+17,0.0
1.0,zero,522,138.8622408535003,5.371321163658622e-15,9.912533303344901e+21,1.0,-0.008785146306576824,-7872462492259113.0,0.0,-4.4411905534400685e+17,0.0,-8.961105731802728e+17,0.0
1.0,zero,523,138.86445322266013,5.3476069763057225e-15,9.912376772996807e+21,1.0,-0.008800937586082802,-7886236285518053.0,0.0,-4.440907537249841e+17,0.0,-8.960677437354863e+17,0.0
1.0,zero,524,138.86666473345215,5.324006626130331e-15,9.912220310857188e+21,1.0,-0.008816722233706003,-7900002954340392.0,0.0,-4.440624653406554e+17,0.0,-8.960249336356512e+17,0.0
1.0,zero,525,138.86887538277063,5.300519562811853e-15,9.912063917136581e+21,1.0,-0.008832500227888401,-7913762481679324.0,0.0,-4.4403419022790566e+17,0.0,-8.959821429374906e+17,0.0
1.0,zero,526,138.8710851675028,5.277145238678228e-15,9.911907592045976e+21,1.0,-0.008848271547024575,-7927514850453150.0,0.0,-4.440059284236978e+17,0.0,-8.959393716978487e+17,0.0
1.0,zero,527,138.87329408452896,5.25388310869308e-15,9.911751335796816e+21,1.0,-0.008864036169462035,-7941260043545576.0,0.0,-4.4397767996507245e+17,0.0,-8.958966199736904e+17,0.0
1.0,zero,528,138.87550213072237,5.230732630444118e-15,9.91159514860101e+21,1.0,-0.00887979407350051,-7954998043805111.0,0.0,-4.4394944488914963e+17,0.0,-8.958538878221043e+17,0.0
1.0,zero,529,138.8777093029494,5.207693264128612e-15,9.911439030670905e+21,1.0,-0.00889554523739349,-7968728834046421.0,0.0,-4.4392122323312525e+17,0.0,-8.95811175300297e+17,0.0
1.0,zero,530,138.87991559806946,5.1847644725425266e-15,9.911282982219317e+21,1.0,-0.008911289639347002,-7982452397049266.0,0.0,-4.438930150342741e+17,0.0,-8.957684824655974e+17,0.0
1.0,zero,531,138.88212101293504,5.161945721067321e-15,9.911127003459502e+21,1.0,-0.008927027257520512,-7996168715559306.0,0.0,-4.4386482032994765e+17,0.0,-8.957258093754546e+17,0.0
1.0,zero,532,138.88432554439183,5.139236477656828e-15,9.91097109460517e+21,1.0,-0.00894275807002731,-8009877772288446.0,0.0,-4.438366391575736e+17,0.0,-8.956831560874356e+17,0.0
1.0,zero,533,138.88652918927852,5.116636212826553e-15,9.910815255870478e+21,1.0,-0.008958482054933607,-8023579549914059.0,0.0,-4.438084715546575e+17,0.0,-8.95640522659229e+17,0.0
1.0,zero,534,138.88873194442712,5.0941443996389245e-15,9.910659487470023e+21,1.0,-0.0089741991902604,-8037274031080617.0,0.0,-4.437803175587788e+17,0.0,-8.955979091486382e+17,0.0
1.0,zero,535,138.89093380666264,5.071760513694155e-15,9.91050378961886e+21,1.0,-0.008989909453981147,-8050961198397683.0,0.0,-4.4375217720759616e+17,0.0,-8.9555531561359e+17,0.0
1.0,zero,536,138.8931347728035,5.049484033114198e-15,9.910348162532465e+21,1.0,-0.0090056128240252,-8064641034442909.0,0.0,-4.437240505388401e+17,0.0,-8.955127421121231e+17,0.0
1.0,zero,537,138.89533483966116,5.027314438534576e-15,9.91019260642678e+21,1.0,-0.00902130927827462,-8078313521759276.0,0.0,-4.436959375903198e+17,0.0,-8.954701887023988e+17,0.0
1.0,zero,538,138.8975340040404,5.005251213089338e-15,9.910037121518168e+21,1.0,-0.009036998794566577,-8091978642857182.0,0.0,-4.436678383999173e+17,0.0,-8.954276554426918e+17,0.0
1.0,zero,539,138.89973226273935,4.983293842399851e-15,9.909881708023439e+21,1.0,-0.009052681350693087,-8105636380214252.0,0.0,-4.4363975300559014e+17,0.0,-8.953851423913946e+17,0.0
1.0,zero,540,138.9019296125493,4.961441814563616e-15,9.90972636615983e+21,1.0,-0.009068356924400564,-8119286716274923.0,0.0,-4.4361168144537005e+17,0.0,-8.95342649607015e+17,0.0
1.0,zero,541,138.90412605025497,4.939694620141443e-15,9.909571096145025e+21,1.0,-0.009084025493390387,-8132929633450964.0,0.0,-4.435836237573628e+17,0.0,-8.953001771481765e+17,0.0
1.0,zero,542,138.90632157263437,4.918051752145846e-15,9.909415898197128e+21,1.0,-0.009099687035319298,-8146565114121843.0,0.0,-4.435555799797477e+17,0.0,-8.952577250736173e+17,0.0
1.0,zero,543,138.90851617645887,4.8965127060294626e-15,9.90926077253468e+21,1.0,-0.009115341527799138,-8160193140634487.0,0.0,-4.435275501507778e+17,0.0,-8.952152934421901e+17,0.0
1.0,zero,544,138.91070985849333,4.875076979672446e-15,9.909105719376647e+21,1.0,-0.009130988948397688,-8173813695304036.0,0.0,-4.434995343087784e+17,0.0,-8.951728823128607e+17,0.0
1.0,zero,545,138.91290261549597,4.853744073371858e-15,9.90895073894242e+21,1.0,-0.009146629274638145,-8187426760413386.0,0.0,-4.434715324921474e+17,0.0,-8.951304917447081e+17,0.0
1.0,zero,546,138.9150944442184,4.83251348983e-15,9.90879583145182e+21,1.0,-0.009162262483999385,-8201032318213446.0,0.0,-4.4344354473935616e+17,0.0,-8.950881217969258e+17,0.0
1.0,zero,547,138.9172853414058,4.811384734141702e-15,9.90864099712509e+21,1.0,-0.009177888553916729,-8214630350923797.0,0.0,-4.4341557108894726e+17,0.0,-8.950457725288183e+17,0.0
1.0,zero,548,138.91947530379682,4.790357313783894e-15,9.908486236182894e+21,1.0,-0.009193507461781566,-8228220840732380.0,0.0,-4.433876115795348e+17,0.0,-8.95003443999802e+17,0.0
1.0,zero,549,138.92166432812363,4.769430738603569e-15,9.908331548846305e+21,1.0,-0.009209119184941992,-8241803769796048.0,0.0,-4.4335966624980365e+17,0.0,-8.949611362694034e+17,0.0
1.0,zero,550,138.92385241111197,4.748604520806634e-15,9.90817693533683e+21,1.0,-0.009224723700702547,-8255379120240379.0,0.0,-4.433317351385109e+17,0.0,-8.949188493972622e+17,0.0
1.0,zero,551,138.92603954948117,4.727878174946272e-15,9.908022395876372e+21,1.0,-0.009240320986324926,-8268946874160252.0,0.0,-4.433038182844821e+17,0.0,-8.948765834431245e+17,0.0
1.0,zero,552,138.9282257399442,4.707251217911912e-15,9.90786793068726e+21,1.0,-0.009255911019027918,-8282507013619868.0,0.0,-4.432759157266147e+17,0.0,-8.948343384668493e+17,0.0
1.0,zero,553,138.9304109792076,4.686723168917981e-15,9.90771353999223e+21,1.0,-0.009271493775987273,-8296059520652571.0,0.0,-4.4324802750387475e+17,0.0,-8.94792114528402e+17,0.0
1.0,zero,554,138.93259526397165,4.666293549492706e-15,9.907559224014426e+21,1.0,-0.009287069234336537,-8309604377261642.0,0.0,-4.432201536552983e+17,0.0,-8.947499116878582e+17,0.0
1.0,zero,555,138.9347785909303,4.645961883466459e-15,9.907404982977395e+21,1.0,-0.009302637371167054,-8323141565420275.0,0.0,-4.4319229421998976e+17,0.0,-8.947077300053998e+17,0.0
1.0,zero,556,138.9369609567713,4.625727696961212e-15,9.907250817105094e+21,1.0,-0.009318198163528104,-8336671067071713.0,0.0,-4.43164449237122e+17,0.0,-8.946655695413157e+17,0.0
1.0,zero,557,138.939142358176,4.605590518379782e-15,9.907096726621877e+21,1.0,-0.009333751588426814,-8350192864129188.0,0.0,-4.431366187459369e+17,0.0,-8.94623430356003e+17,0.0
1.0,zero,558,138.94132279181974,4.585549878394079e-15,9.906942711752502e+21,1.0,-0.009349297622829088,-8363706938476722.0,0.0,-4.431088027857431e+17,0.0,-8.94581312509963e+17,0.0
1.0,zero,559,138.94350225437157,4.565605309934469e-15,9.90678877272212e+21,1.0,-0.009364836243659391,-8377213271968961.0,0.0,-4.43081001395917e+17,0.0,-8.94539216063803e+17,0.0
1.0,zero,560,138.9456807424944,4.545756348179189e-15,9.906634909756282e+21,1.0,-0.009380367427800827,-8390711846431236.0,0.0,-4.430532146159019e+17,0.0,-8.944971410782349e+17,0.0
1.0,zero,561,138.9478582528451,4.526002530543034e-15,9.906481123080922e+21,1.0,-0.009395891152095975,-8404202643660306.0,0.0,-4.430254424852068e+17,0.0,-8.944550876140739e+17,0.0
1.0,zero,562,138.9500347820744,4.506343396666884e-15,9.906327412922378e+21,1.0,-0.009411407393346557,-8417685645424083.0,0.0,-4.4299768504340755e+17,0.0,-8.944130557322392e+17,0.0
1.0,zero,563,138.95221032682696,4.486778488407533e-15,9.90617377950737e+21,1.0,-0.009426916128313381,-8431160833461565.0,0.0,-4.429699423301459e+17,0.0,-8.943710454937535e+17,0.0
1.0,zero,564,138.95438488374154,4.467307349825275e-15,9.906020223062995e+21,1.0,-0.009442417333718155,-8444628189484451.0,0.0,-4.429422143851273e+17,0.0,-8.94329056959739e+17,0.0
1.0,zero,565,138.95655844945077,4.447929527175889e-15,9.905866743816754e+21,1.0,-0.00945791098624127,-8458087695175198.0,0.0,-4.4291450124812397e+17,0.0,-8.942870901914231e+17,0.0
1.0,zero,566,138.95873102058147,4.42864456889732e-15,9.905713341996504e+21,1.0,-0.009473397062524595,-8471539332189459.0,0.0,-4.428868029589702e+17,0.0,-8.942451452501298e+17,0.0
1.0,zero,567,138.96090259375447,4.409452025601255e-15,9.905560017830502e+21,1.0,-0.009488875539169796,-8484983082154648.0,0.0,-4.42859119557566e+17,0.0,-8.942032221972867e+17,0.0
1.0,zero,568,138.96307316558477,4.390351450061452e-15,9.905406771547366e+21,1.0,-0.009504346392739811,-8498418926671191.0,0.0,-4.428314510838731e+17,0.0,-8.941613210944174e+17,0.0
1.0,zero,569,138.96524273268145,4.371342397204638e-15,9.9052536033761e+21,1.0,-0.009519809599757758,-8511846847311622.0,0.0,-4.428037975779184e+17,0.0,-8.941194420031484e+17,0.0
1.0,zero,570,138.9674112916479,4.352424424097968e-15,9.905100513546064e+21,1.0,-0.009535265136709324,-8525266825622641.0,0.0,-4.427761590797885e+17,0.0,-8.940775849851996e+17,0.0
1.0,zero,571,138.96957883908163,4.3335970899410174e-15,9.904947502286998e+21,1.0,-0.009550712980040699,-8538678843123332.0,0.0,-4.42748535629634e+17,0.0,-8.940357501023913e+17,0.0
1.0,zero,572,138.97174537157454,4.31485995605386e-15,9.904794569829004e+21,1.0,-0.009566153106160644,-8552082881306957.0,0.0,-4.427209272676656e+17,0.0,-8.939939374166382e+17,0.0
1.0,zero,573,138.97391088571268,4.296212585868401e-15,9.904641716402547e+21,1.0,-0.009581585491439122,-8565478921639791.0,0.0,-4.426933340341568e+17,0.0,-8.939521469899534e+17,0.0
1.0,zero,574,138.97607537807656,4.277654544916575e-15,9.904488942238454e+21,1.0,-0.009597010112209063,-8578866945562634.0,0.0,-4.4266575596944026e+17,0.0,-8.93910378884443e+17,0.0
1.0,zero,575,138.97823884524104,4.259185400821048e-15,9.904336247567906e+21,1.0,-0.009612426944766151,-8592246934490659.0,0.0,-4.426381931139087e+17,0.0,-8.93868633162308e+17,0.0
1.0,zero,576,138.98040128377536,4.240804723285479e-15,9.90418363262244e+21,1.0,-0.009627835965368448,-8605618869813060.0,0.0,-4.426106455080149e+17,0.0,-8.93826909885843e+17,0.0
1.0,zero,577,138.98256269024327,4.22251208408386e-15,9.904031097633949e+21,1.0,-0.009643237150237549,-8618982732894091.0,0.0,-4.425831131922708e+17,0.0,-8.937852091174356e+17,0.0
1.0,zero,578,138.984723061203,4.204307057050643e-15,9.903878642834671e+21,1.0,-0.009658630475558524,-8632338505072992.0,0.0,-4.42555596207246e+17,0.0,-8.93743530919565e+17,0.0
1.0,zero,579,138.98688239320725,4.186189218071626e-15,9.903726268457192e+21,1.0,-0.009674015917479788,-8645686167663900.0,0.0,-4.425280945935694e+17,0.0,-8.937018753548028e+17,0.0
1.0,zero,580,138.98904068280336,4.168158145072982e-15,9.903573974734447e+21,1.0,-0.00968939345211393,-8659025701956562.0,0.0,-4.4250060839192704e+17,0.0,-8.936602424858107e+17,0.0
1.0,zero,581,138.99119792653332,4.1502134180115446e-15,9.9034217618997e+21,1.0,-0.009704763055538312,-8672357089216862.0,0.0,-4.42473137643061e+17,0.0,-8.936186323753389e+17,0.0
1.0,zero,582,138.99335412093362,4.132354618866541e-15,9.903269630186564e+21,1.0,-0.009720124703793959,-8685680310685861.0,0.0,-4.4244568238777146e+17,0.0,-8.935770450862287e+17,0.0
1.0,zero,583,138.99550926253562,4.11458133162738e-15,9.903117579828987e+21,1.0,-0.00973547837288776,-8698995347581716.0,0.0,-4.4241824266691315e+17,0.0,-8.93535480681408e+17,0.0
1.0,zero,584,138.99766334786528,4.096893142286428e-15,9.90296561106124e+21,1.0,-0.009750824038790913,-8712302181098322.0,0.0,-4.423908185213973e+17,0.0,-8.93493939223893e+17,0.0
1.0,zero,585,138.99981637344342,4.079289638827604e-15,9.902813724117932e+21,1.0,-0.009766161677440677,-8725600792406849.0,0.0,-4.423634099921895e+17,0.0,-8.934524207767859e+17,0.0
1.0,zero,586,139.00196833578568,4.061770411217383e-15,9.902661919233995e+21,1.0,-0.00978149126474011,-8738891162655508.0,0.0,-4.423360171203095e+17,0.0,-8.934109254032745e+17,0.0
1.0,zero,587,139.00411923140248,4.044335051395829e-15,9.902510196644685e+21,1.0,-0.009796812776557876,-8752173272969385.0,0.0,-4.423086399468314e+17,0.0,-8.933694531666322e+17,0.0
1.0,zero,588,139.00626905679923,4.026983153266291e-15,9.902358556585578e+21,1.0,-0.009812126188729271,-8765447104451349.0,0.0,-4.422812785128826e+17,0.0,-8.933280041302166e+17,0.0
1.0,zero,589,139.00841780847622,4.0097143126863075e-15,9.902206999292568e+21,1.0,-0.009827431477056371,-8778712638182159.0,0.0,-4.4225393285964275e+17,0.0,-8.932865783574676e+17,0.0
1.0,zero,590,139.0105654829288,3.992528127458099e-15,9.902055525001862e+21,1.0,-0.00984272861730828,-8791969855220706.0,0.0,-4.422266030283437e+17,0.0,-8.932451759119081e+17,0.0
1.0,zero,591,139.0127120766473,3.975424197319338e-15,9.901904133949978e+21,1.0,-0.009858017585221184,-8805218736604042.0,0.0,-4.421992890602693e+17,0.0,-8.932037968571427e+17,0.0
1.0,zero,592,139.01485758611716,3.958402123933514e-15,9.90175282637374e+21,1.0,-0.00987329835649928,-8818459263348198.0,0.0,-4.421719909967537e+17,0.0,-8.931624412568556e+17,0.0
1.0,zero,593,139.01700200781892,3.941461510881471e-15,9.901601602510283e+21,1.0,-0.009888570906814309,-8831691416447778.0,0.0,-4.421447088791824e+17,0.0,-8.931211091748127e+17,0.0
1.0,zero,594,139.0191453382283,3.924601963651199e-15,9.901450462597036e+21,1.0,-0.00990383521180659,-8844915176876861.0,0.0,-4.421174427489902e+17,0.0,-8.930798006748572e+17,0.0
1.0,zero,595,139.02128757381627,3.907823089629017e-15,9.901299406871728e+21,1.0,-0.009919091247085024,-8858130525588997.0,0.0,-4.4209019264766086e+17,0.0,-8.930385158209107e+17,0.0
1.0,zero,596,139.02342871104904,3.891124498090584e-15,9.901148435572385e+21,1.0,-0.009934338988227681,-8871337443517729.0,0.0,-4.420629586167273e+17,0.0,-8.929972546769723e+17,0.0
1.0,zero,597,139.02556874638805,3.8745058001923936e-15,9.90099754893733e+21,1.0,-0.009949578410781021,-8884535911575905.0,0.0,-4.42035740697771e+17,0.0,-8.929560173071181e+17,0.0
1.0,zero,598,139.02770767629022,3.857966608961099e-15,9.900846747205157e+21,1.0,-0.009964809490262214,-8897725910657700.0,0.0,-4.4200853893241984e+17,0.0,-8.929148037754973e+17,0.0
1.0,zero,599,139.02984549720784,3.841506539285778e-15,9.90069603061476e+21,1.0,-0.009980032202157992,-8910907421637607.0,0.0,-4.419813533623484e+17,0.0,-8.928736141463345e+17,0.0
1.0,zero,600,139.03198220558858,3.825125207909333e-15,9.900545399405314e+21,1.0,-0.009995246521924895,-8924080425370690.0,0.0,-4.419541840292797e+17,0.0,-8.928324484839301e+17,0.0
1.0,zero,601,139.0341177978757,3.8088222334179835e-15,9.900394853816263e+21,1.0,-0.010010452424990969,-8937244902693996.0,0.0,-4.419270309749795e+17,0.0,-8.927913068526529e+17,0.0
1.0,zero,602,139.0362522705079,3.7925972362342966e-15,9.900244394087337e+21,1.0,-0.01002564988675432,-8950400834425354.0,0.0,-4.418998942412611e+17,0.0,-8.927501893169477e+17,0.0
1.0,zero,603,139.03838561991964,3.776449838606347e-15,9.900094020458524e+21,1.0,-0.010040838882585402,-8963548201365322.0,0.0,-4.4187277386998e+17,0.0,-8.927090959413253e+17,0.0
1.0,zero,604,139.04051784254088,3.760379664600828e-15,9.899943733170088e+21,1.0,-0.010056019387825585,-8976686984295966.0,0.0,-4.4184566990303686e+17,0.0,-8.926680267903697e+17,0.0
1.0,zero,605,139.0426489347973,3.744386340093385e-15,9.899793532462561e+21,1.0,-0.010071191377788311,-8989817163981863.0,0.0,-4.4181858238237574e+17,0.0,-8.926269819287334e+17,0.0
1.0,zero,606,139.04477889311045,3.7284694927594486e-15,9.899643418576725e+21,1.0,-0.010086354827760156,-9002938721170999.0,0.0,-4.417915113499817e+17,0.0,-8.925859614211343e+17,0.0
1.0,zero,607,139.04690771389747,3.7126287520670214e-15,9.89949339175363e+21,1.0,-0.010101509712999435,-9016051636593578.0,0.0,-4.417644568478832e+17,0.0,-8.9254496533236e+17,0.0
1.0,zero,608,139.04903539357153,3.69686374926632e-15,9.89934345223457e+21,1.0,-0.01011665600873844,-9029155890963958.0,0.0,-4.417374189181489e+17,0.0,-8.925039937272618e+17,0.0
1.0,zero,609,139.05116192854163,3.681174117382439e-15,9.89919360026109e+21,1.0,-0.010131793690182704,-9042251464980004.0,0.0,-4.417103976028883e+17,0.0,-8.924630466707566e+17,0.0
1.0,zero,610,139.0532873152127,3.665559491206564e-15,9.89904383607499e+21,1.0,-0.010146922732511401,-9055338339323434.0,0.0,-4.416833929442509e+17,0.0,-8.924221242278252e+17,0.0
1.0,zero,611,139.05541154998573,3.6500195072872456e-15,9.8988941599183e+21,1.0,-0.010162043110878184,-9068416494660548.0,0.0,-4.416564049844253e+17,0.0,-8.923812264635112e+17,0.0
1.0,zero,612,139.0575346292577,3.6345538039221225e-15,9.898744572033303e+21,1.0,-0.010177154800411125,-9081485911642174.0,0.0,-4.41629433765639e+17,0.0,-8.923403534429201e+17,0.0
1.0,zero,613,139.0596565494218,3.619162021149079e-15,9.8985950726625e+21,1.0,-0.010192257776213751,-9094546570904554.0,0.0,-4.416024793301562e+17,0.0,-8.92299505231217e+17,0.0
1.0,zero,614,139.06177730686724,3.6038438007388865e-15,9.898445662048638e+21,1.0,-0.01020735201336439,-9107598453068794.0,0.0,-4.415755417202802e+17,0.0,-8.922586818936292e+17,0.0
1.0,zero,615,139.06389689797962,3.588598786185619e-15,9.898296340434683e+21,1.0,-0.01022243748691761,-9120641538742070.0,0.0,-4.415486209783488e+17,0.0,-8.922178834954396e+17,0.0
1.0,zero,616,139.0660153191407,3.573426622699379e-15,9.898147108063824e+21,1.0,-0.010237514171903883,-9133675808517382.0,0.0,-4.4152171714673664e+17,0.0,-8.921771101019907e+17,0.0
1.0,zero,617,139.06813256672856,3.558326957197622e-15,9.897997965179478e+21,1.0,-0.010252582043330181,-9146701242974032.0,0.0,-4.4149483026785395e+17,0.0,-8.921363617786819e+17,0.0
1.0,zero,618,139.07024863711777,3.543299438296747e-15,9.897848912025265e+21,1.0,-0.01026764107618074,-9159717822678296.0,0.0,-4.4146796038414406e+17,0.0,-8.920956385909664e+17,0.0
1.0,zero,619,139.0723635266792,3.528343716304718e-15,9.897699948845033e+21,1.0,-0.010282691245416557,-9172725528182980.0,0.0,-4.4144110753808557e+17,0.0,-8.920549406043542e+17,0.0
1.0,zero,620,139.07447723178035,3.5134594432115326e-15,9.89755107588282e+21,1.0,-0.01029773252597713,-9185724340028926.0,0.0,-4.4141427177218854e+17,0.0,-8.92014267884406e+17,0.0
1.0,zero,621,139.07658974878515,3.498646272682935e-15,9.897402293382885e+21,1.0,-0.010312764892779235,-9198714238743944.0,0.0,-4.4138745312899686e+17,0.0,-8.919736204967377e+17,0.0
1.0,zero,622,139.07870107405427,3.483903860050568e-15,9.89725360158967e+21,1.0,-0.010327788320719124,-9211695204844716.0,0.0,-4.4136065165108416e+17,0.0,-8.91932998507013e+17,0.0
1.0,zero,623,139.0808112039449,3.4692318623055646e-15,9.89710500074783e+21,1.0,-0.010342802784671038,-9224667218835508.0,0.0,-4.4133386738105715e+17,0.0,-8.918924019809498e+17,0.0
1.0,zero,624,139.0829201348111,3.454629938089191e-15,9.896956491102199e+21,1.0,-0.01035780825948948,-9237630261210110.0,0.0,-4.4130710036155034e+17,0.0,-8.918518309843108e+17,0.0
1.0,zero,625,139.08502786300363,3.440097747685918e-15,9.8968080728978e+21,1.0,-0.01037280472000817,-9250584312450956.0,0.0,-4.412803506352292e+17,0.0,-8.918112855829093e+17,0.0
1.0,zero,626,139.0871343848701,3.425634953015142e-15,9.89665974637985e+21,1.0,-0.010387792141041033,-9263529353029956.0,0.0,-4.412536182447876e+17,0.0,-8.917707658426052e+17,0.0
1.0,zero,627,139.08923969675502,3.411241217623344e-15,9.896511511793733e+21,1.0,-0.01040277049738283,-9276465363409048.0,0.0,-4.412269032329471e+17,0.0,-8.917302718293033e+17,0.0
1.0,zero,628,139.09134379499986,3.396916206676294e-15,9.896363369385016e+21,1.0,-0.010417739763809107,-9289392324040118.0,0.0,-4.4120020564245626e+17,0.0,-8.916898036089526e+17,0.0
1.0,zero,629,139.09344667594314,3.3826595869510945e-15,9.896215319399436e+21,1.0,-0.010432699915077103,-9302310215365836.0,0.0,-4.411735255160906e+17,0.0,-8.91649361247547e+17,0.0
1.0,zero,630,139.09554833592045,3.3684710268286627e-15,9.89606736208289e+21,1.0,-0.010447650925925875,-9315219017819694.0,0.0,-4.411468628966504e+17,0.0,-8.916089448111204e+17,0.0
1.0,zero,631,139.09764877126452,3.3543501962860465e-15,9.89591949768145e+21,1.0,-0.010462592771076822,-9328118711826504.0,0.0,-4.411202178269616e+17,0.0,-8.915685543657498e+17,0.0
1.0,zero,632,139.09974797830526,3.3402967668885977e-15,9.895771726441334e+21,1.0,-0.010477525425234075,-9341009277802696.0,0.0,-4.410935903498737e+17,0.0,-8.915281899775502e+17,0.0
1.0,zero,633,139.10184595336986,3.3263104117825635e-15,9.895624048608922e+21,1.0,-0.010492448863084753,-9353890696156548.0,0.0,-4.4106698050826035e+17,0.0,-8.914878517126772e+17,0.0
1.0,zero,634,139.10394269278285,3.312390805687146e-15,9.895476464430745e+21,1.0,-0.010507363059299881,-9366762947288976.0,0.0,-4.410403883450171e+17,0.0,-8.914475396373231e+17,0.0
1.0,zero,635,139.1060381928661,3.298537624887553e-15,9.89532897415347e+21,1.0,-0.010522267988534124,-9379626011593274.0,0.0,-4.4101381390306176e+17,0.0,-8.914072538177169e+17,0.0
1.0,zero,636,139.108132449939,3.2847505472263866e-15,9.895181578023916e+21,1.0,-0.010537163625427351,-9392479869456494.0,0.0,-4.4098725722533254e+17,0.0,-8.913669943201216e+17,0.0
1.0,zero,637,139.11022546031845,3.271029252097332e-15,9.895034276289029e+21,1.0,-0.010552049944603913,-9405324501258774.0,0.0,-4.4096071835478803e+17,0.0,-8.913267612108348e+17,0.0
1.0,zero,638,139.11231722031883,3.2573734204373746e-15,9.894887069195893e+21,1.0,-0.010566926920673432,-9418159887374054.0,0.0,-4.40934197334407e+17,0.0,-8.91286554556188e+17,0.0
1.0,zero,639,139.11440772625227,3.2437827347188795e-15,9.894739956991722e+21,1.0,-0.010581794528231648,-9430986008170756.0,0.0,-4.409076942071859e+17,0.0,-8.912463744225426e+17,0.0
1.0,zero,640,139.11649697442857,3.230256878942641e-15,9.894592939923845e+21,1.0,-0.010596652741860798,-9443802844012150.0,0.0,-4.408812090161394e+17,0.0,-8.91206220876291e+17,0.0
1.0,zero,641,139.1185849611553,3.2167955386305924e-15,9.894446018239715e+21,1.0,-0.010611501536129496,-9456610375256194.0,0.0,-4.4085474180429914e+17,0.0,-8.911660939838545e+17,0.0
1.0,zero,642,139.12067168273788,3.2033984008183724e-15,9.894299192186898e+21,1.0,-0.01062634088559377,-9469408582256458.0,0.0,-4.408282926147129e+17,0.0,-8.911259938116822e+17,0.0
1.0,zero,643,139.1227571354796,3.1900651540481134e-15,9.894152462013072e+21,1.0,-0.010641170764797326,-9482197445362334.0,0.0,-4.408018614904441e+17,0.0,-8.910859204262505e+17,0.0
1.0,zero,644,139.12484131568172,3.176795488361086e-15,9.894005827966016e+21,1.0,-0.010655991148272063,-9494976944919446.0,0.0,-4.4077544847457024e+17,0.0,-8.910458738940599e+17,0.0
1.0,zero,645,139.12692421964357,3.163589095290742e-15,9.893859290293614e+21,1.0,-0.01067080201053834,-9507747061269918.0,0.0,-4.4074905361018323e+17,0.0,-8.910058542816365e+17,0.0
1.0,zero,646,139.12900584366255,3.150445667855254e-15,9.89371284924384e+21,1.0,-0.010685603326105813,-9520507774753044.0,0.0,-4.407226769403876e+17,0.0,-8.909658616555283e+17,0.0
1.0,zero,647,139.13108618403425,3.1373649005506325e-15,9.893566505064765e+21,1.0,-0.010700395069473708,-9533259065705534.0,0.0,-4.4069631850829946e+17,0.0,-8.909258960823044e+17,0.0
1.0,zero,648,139.13316523705248,3.1243464893433433e-15,9.89342025800454e+21,1.0,-0.0107151772151312,-9546000914461834.0,0.0,-4.4066997835704666e+17,0.0,-8.908859576285551e+17,0.0
1.0,zero,649,139.13524299900936,3.1113901316636736e-15,9.893274108311403e+21,1.0,-0.01072994973755814,-9558733301354730.0,0.0,-4.4064365652976723e+17,0.0,-8.908460463608892e+17,0.0
1.0,zero,650,139.13731946619538,3.0984955263984226e-15,9.893128056233666e+21,1.0,-0.010744712611225173,-9571456206715450.0,0.0,-4.4061735306960896e+17,0.0,-8.908061623459333e+17,0.0
1.0,zero,651,139.13939463489945,3.085662373883984e-15,9.892982102019713e+21,1.0,-0.01075946581059453,-9584169610874332.0,0.0,-4.4059106801972826e+17,0.0,-8.907663056503309e+17,0.0
1.0,zero,652,139.14146850140904,3.0728903758991137e-15,9.892836245917997e+21,1.0,-0.010774209310120674,-9596873494161372.0,0.0,-4.4056480142328877e+17,0.0,-8.90726476340739e+17,0.0
1.0,zero,653,139.14354106201014,3.0601792356586138e-15,9.892690488177033e+21,1.0,-0.010788943084250173,-9609567836906110.0,0.0,-4.405385533234622e+17,0.0,-8.906866744838305e+17,0.0
1.0,zero,654,139.14561231298742,3.0475286578059915e-15,9.892544829045395e+21,1.0,-0.010803667107422608,-9622252619438376.0,0.0,-4.4051232376342554e+17,0.0,-8.906469001462894e+17,0.0
1.0,zero,655,139.14768225062429,3.0349383484065162e-15,9.892399268771704e+21,1.0,-0.010818381354071425,-9634927822089058.0,0.0,-4.4048611278636115e+17,0.0,-8.906071533948114e+17,0.0
1.0,zero,656,139.14975087120288,3.022408014940827e-15,9.892253807604635e+21,1.0,-0.010833085798623472,-9647593425189638.0,0.0,-4.404599204354559e+17,0.0,-8.905674342961014e+17,0.0
1.0,zero,657,139.15181817100424,3.0099373662978784e-15,9.892108445792904e+21,1.0,-0.01084778041550031,-9660249409073360.0,0.0,-4.4043374675390035e+17,0.0,-8.90527742916874e+17,0.0
1.0,zero,658,139.15388414630834,2.9975261127679326e-15,9.891963183585263e+21,1.0,-0.010862465179118663,-9672895754075562.0,0.0,-4.404075917848865e+17,0.0,-8.904880793238486e+17,0.0
1.0,zero,659,139.15594879339415,2.9851739660364366e-15,9.8918180212305e+21,1.0,-0.010877140063890425,-9685532440533710.0,0.0,-4.403814555716096e+17,0.0,-8.90448443583753e+17,0.0
1.0,zero,660,139.15801210853968,2.97288063917691e-15,9.891672958977431e+21,1.0,-0.010891805044223496,-9698159448788080.0,0.0,-4.403553381572651e+17,0.0,-8.904088357633184e+17,0.0
1.0,zero,661,139.16007408802218,2.9606458466440386e-15,9.89152799707489e+21,1.0,-0.01090646009452264,-9710776759182476.0,0.0,-4.403292395850473e+17,0.0,-8.90369255929277e+17,0.0
1.0,zero,662,139.162134728118,2.948469304268161e-15,9.891383135771734e+21,1.0,-0.010921105189188896,-9723384352063748.0,0.0,-4.403031598981517e+17,0.0,-8.903297041483671e+17,0.0
1.0,zero,663,139.16419402510286,2.9363507292470788e-15,9.891238375316831e+21,1.0,-0.01093574030262153,-9735982207783414.0,0.0,-4.402770991397698e+17,0.0,-8.90290180487323e+17,0.0
1.0,zero,664,139.1662519752518,2.92428984014094e-15,9.891093715959062e+21,1.0,-0.010950365409217195,-9748570306696962.0,0.0,-4.4025105735309184e+17,0.0,-8.902506850128806e+17,0.0
1.0,zero,665,139.1683085748394,2.9122863568646385e-15,9.890949157947299e+21,1.0,-0.010964980483371804,-9761148629165426.0,0.0,-4.4022503458130336e+17,0.0,-8.902112177917722e+17,0.0
1.0,zero,666,139.1703638201396,2.900340000681914e-15,9.89080470153042e+21,1.0,-0.010979585499479904,-9773717155554844.0,0.0,-4.401990308675855e+17,0.0,-8.901717788907258e+17,0.0
1.0,zero,667,139.17241770742606,2.8884504941989888e-15,9.890660346957293e+21,1.0,-0.01099418043193544,-9786275866236882.0,0.0,-4.401730462551141e+17,0.0,-8.901323683764652e+17,0.0
1.0,zero,668,139.17447023297206,2.8766175613574086e-15,9.890516094476777e+21,1.0,-0.01100876525513306,-9798824741589980.0,0.0,-4.401470807870584e+17,0.0,-8.900929863157068e+17,0.0
1.0,zero,669,139.17652139305056,2.8648409274285707e-15,9.890371944337709e+21,1.0,-0.01102333994346748,-9811363761998752.0,0.0,-4.401211345065804e+17,0.0,-8.900536327751596e+17,0.0
1.0,zero,670,139.17857118393442,2.853120319006632e-15,9.8902278967889e+21,1.0,-0.011037904471334892,-9823892907855210.0,0.0,-4.400952074568335e+17,0.0,-8.900143078215222e+17,0.0
1.0,zero,671,139.18061960189635,2.8414554640024454e-15,9.890083952079139e+21,1.0,-0.011052458813133248,-9836412159558978.0,0.0,-4.40069299680962e+17,0.0,-8.899750115214829e+17,0.0
1.0,zero,672,139.18266664320907,2.8298460916370326e-15,9.889940110457176e+21,1.0,-0.011067002943262834,-9848921497517780.0,0.0,-4.400434112220996e+17,0.0,-8.899357439417169e+17,0.0
1.0,zero,673,139.18471230414525,2.8182919324360592e-15,9.889796372171726e+21,1.0,-0.011081536836126213,-9861420902147370.0,0.0,-4.400175421233698e+17,0.0,-8.898965051488869e+17,0.0
1.0,zero,674,139.18675658097777,2.806792718222409e-15,9.889652737471456e+21,1.0,-0.011096060466129981,-9873910353873028.0,0.0,-4.399916924278829e+17,0.0,-8.898572952096388e+17,0.0
1.0,zero,675,139.18879946997964,2.795348182111042e-15,9.889509206604986e+21,1.0,-0.01111057380768386,-9886389833128760.0,0.0,-4.3996586217873715e+17,0.0,-8.89818114190603e+17,0.0
1.0,zero,676,139.19084096742424,2.7839580585018028e-15,9.889365779820877e+21,1.0,-0.011125076835202896,-9898859320359180.0,0.0,-4.3994005141901555e+17,0.0,-8.897789621583901e+17,0.0
1.0,zero,677,139.19288106958516,2.7726220830744896e-15,9.889222457367636e+21,1.0,-0.011139569523106064,-9911318796018294.0,0.0,-4.3991426019178784e+17,0.0,-8.89739839179594e+17,0.0
1.0,zero,678,139.19491977273657,2.76133999278126e-15,9.889079239493695e+21,1.0,-0.011154051845818897,-9923768240571740.0,0.0,-4.398884885401061e+17,0.0,-8.897007453207839e+17,0.0
1.0,zero,679,139.19695707315302,2.7501115258420697e-15,9.888936126447427e+21,1.0,-0.011168523777772027,-9936207634495508.0,0.0,-4.398627365070073e+17,0.0,-8.896616806485101e+17,0.0
1.0,zero,680,139.19899296710975,2.7389364217371496e-15,9.888793118477113e+21,1.0,-0.011182985293403433,-9948636958277864.0,0.0,-4.398370041355085e+17,0.0,-8.896226452292948e+17,0.0
1.0,zero,681,139.2010274508826,2.7278144212020304e-15,9.888650215830967e+21,1.0,-0.011197436367158007,-9961056192418984.0,0.0,-4.398112914686099e+17,0.0,-8.895836391296388e+17,0.0
1.0,zero,682,139.2030605207482,2.7167452662210268e-15,9.8885074187571e+21,1.0,-0.01121187697348827,-9973465317431488.0,0.0,-4.3978559854929056e+17,0.0,-8.895446624160125e+17,0.0
1.0,zero,683,139.205092172984,2.705728700021381e-15,9.888364727503547e+21,1.0,-0.01122630708685528,-9985864313841282.0,0.0,-4.397599254205095e+17,0.0,-8.895057151548603e+17,0.0
1.0,zero,684,139.20712240386828,2.6947644670674333e-15,9.888222142318231e+21,1.0,-0.011240726681728565,-9998253162187412.0,0.0,-4.397342721252037e+17,0.0,-8.89466797412595e+17,0.0
1.0,zero,685,139.2091512096804,2.6838523130543613e-15,9.888079663448973e+21,1.0,-0.011255135732587374,-1.0010631843023166e+16,0.0,-4.397086387062877e+17,0.0,-8.894279092555985e+17,0.0
1.0,zero,686,139.2111785867008,2.672991984902416e-15,9.887937291143487e+21,1.0,-0.011269534213921186,-1.002300033691648e+16,0.0,-4.396830252066513e+17,0.0,-8.893890507502191e+17,0.0
1.0,zero,687,139.21320453121098,2.6621832307514863e-15,9.887795025649372e+21,1.0,-0.011283922100229398,-1.0035358624449646e+16,0.0,-4.3965743166916134e+17,0.0,-8.893502219627722e+17,0.0
1.0,zero,688,139.21522903949372,2.651425799954476e-15,9.887652867214101e+21,1.0,-0.011298299366023144,-1.0047706686220848e+16,0.0,-4.3963185813665683e+17,0.0,-8.893114229595346e+17,0.0
1.0,zero,689,139.2172521078331,2.640719443072232e-15,9.887510816085026e+21,1.0,-0.011312665985824772,-1.0060044502843722e+16,0.0,-4.39606304651952e+17,0.0,-8.892726538067476e+17,0.0
1.0,zero,690,139.2192737325146,2.630063911867288e-15,9.887368872509368e+21,1.0,-0.011327021934169157,-1.0072372054948438e+16,0.0,-4.395807712578324e+17,0.0,-8.892339145706132e+17,0.0
1.0,zero,691,139.2212939098252,2.6194589592982463e-15,9.887227036734199e+21,1.0,-0.011341367185604022,-1.008468932318196e+16,0.0,-4.395552579970548e+17,0.0,-8.891952053172915e+17,0.0
1.0,zero,692,139.22331263605338,2.608904339514033e-15,9.887085309006457e+21,1.0,-0.011355701714690657,-1.0096996288208656e+16,0.0,-4.395297649123462e+17,0.0,-8.89156526112901e+17,0.0
1.0,zero,693,139.22532990748928,2.5983998078484842e-15,9.88694368957293e+21,1.0,-0.0113700254960038,-1.0109292930710162e+16,0.0,-4.395042920464035e+17,0.0,-8.891178770235173e+17,0.0
1.0,zero,694,139.22734572042478,2.5879451208142136e-15,9.886802178680251e+21,1.0,-0.011384338504133314,-1.012157923138681e+16,0.0,-4.394788394418916e+17,0.0,-8.890792581151699e+17,0.0
1.0,zero,695,139.2293600711536,2.5775400360969632e-15,9.886660776574887e+21,1.0,-0.011398640713684271,-1.0133855170957674e+16,0.0,-4.394534071414417e+17,0.0,-8.89040669453841e+17,0.0
1.0,zero,696,139.23137295597124,2.5671843125507084e-15,9.886519483503145e+21,1.0,-0.011412932099276945,-1.0146120730160542e+16,0.0,-4.394279951876528e+17,0.0,-8.890021111054661e+17,0.0
1.0,zero,697,139.23338437117528,2.5568777101911823e-15,9.886378299711153e+21,1.0,-0.01142721263554851,-1.0158375889753366e+16,0.0,-4.394026036230878e+17,0.0,-8.88963583135929e+17,0.0
1.0,zero,698,139.2353943130653,2.546619990190745e-15,9.886237225444868e+21,1.0,-0.01144148229715285,-1.0170620630514052e+16,0.0,-4.393772324902742e+17,0.0,-8.889250856110624e+17,0.0
1.0,zero,699,139.23740277794306,2.5364109148729874e-15,9.886096260950057e+21,1.0,-0.011455741058761201,-1.0182854933241016e+16,0.0,-4.39351881831703e+17,0.0,-8.88886618596647e+17,0.0
1.0,zero,700,139.2394097621125,2.5262502477067836e-15,9.885955406472304e+21,1.0,-0.011469988895063215,-1.0195078778754066e+16,0.0,-4.3932655168982694e+17,0.0,-8.88848182158408e+17,0.0
1.0,zero,701,139.24141526187992,2.516137753301096e-15,9.88581466225699e+21,1.0,-0.011484225780767203,-1.0207292147894568e+16,0.0,-4.3930124210705946e+17,0.0,-8.888097763620136e+17,0.0
1.0,zero,702,139.243419273554,2.5060731973995196e-15,9.885674028549297e+21,1.0,-0.011498451690600733,-1.0219495021525972e+16,0.0,-4.392759531257745e+17,0.0,-8.887714012730751e+17,0.0
1.0,zero,703,139.24542179344584,2.496056346874993e-15,9.885533505594205e+21,1.0,-0.011512666599311024,-1.0231687380534104e+16,0.0,-4.392506847883054e+17,0.0,-8.88733056957145e+17,0.0
1.0,zero,704,139.2474228178692,2.486086969723966e-15,9.885393093636475e+21,1.0,-0.011526870481665986,-1.0243869205828038e+16,0.0,-4.392254371369428e+17,0.0,-8.886947434797137e+17,0.0
1.0,zero,705,139.24942234314042,2.476164835061318e-15,9.885252792920652e+21,1.0,-0.011541063312454749,-1.025604047834053e+16,0.0,-4.392002102139344e+17,0.0,-8.886564609062094e+17,0.0
1.0,zero,706,139.25142036557864,2.4662897131150032e-15,9.885112603691052e+21,1.0,-0.01155524506648805,-1.0268201179028334e+16,0.0,-4.391750040614838e+17,0.0,-8.886182093019959e+17,0.0
1.0,zero,707,139.25341688150579,2.456461375220594e-15,9.884972526191765e+21,1.0,-0.011569415718598893,-1.0280351288872728e+16,0.0,-4.3914981872174944e+17,0.0,-8.885799887323716e+17,0.0
1.0,zero,708,139.25541188724665,2.446679593816404e-15,9.884832560666647e+21,1.0,-0.01158357524364287,-1.0292490788879774e+16,0.0,-4.39124654236844e+17,0.0,-8.885417992625678e+17,0.0
1.0,zero,709,139.25740537912915,2.4369441424372467e-15,9.884692707359299e+21,1.0,-0.0115977236165,-1.0304619660081876e+16,0.0,-4.390995106488316e+17,0.0,-8.88503640957745e+17,0.0
1.0,zero,710,139.25939735348416,2.4272547957104506e-15,9.884552966513086e+21,1.0,-0.011611860812073344,-1.0316737883536562e+16,0.0,-4.390743879997295e+17,0.0,-8.884655138829955e+17,0.0
1.0,zero,711,139.26138780664576,2.417611329349805e-15,9.884413338371116e+21,1.0,-0.01162598680529118,-1.032884544032832e+16,0.0,-4.3904928633150496e+17,0.0,-8.884274181033382e+17,0.0
1.0,zero,712,139.26337673495132,2.4080135201503798e-15,9.88427382317623e+21,1.0,-0.011640101571107312,-1.0340942311568852e+16,0.0,-4.3902420568607443e+17,0.0,-8.883893536837178e+17,0.0
1.0,zero,713,139.26536413474156,2.398461145983639e-15,9.884134421171005e+21,1.0,-0.011654205084501282,-1.0353028478397214e+16,0.0,-4.389991461053032e+17,0.0,-8.883513206890036e+17,0.0
1.0,zero,714,139.26735000236056,2.388953985792441e-15,9.883995132597755e+21,1.0,-0.011668297320478882,-1.036510392198024e+16,0.0,-4.389741076310044e+17,0.0,-8.88313319183989e+17,0.0
1.0,zero,715,139.269334334156,2.3794918195852438e-15,9.8838559576985e+21,1.0,-0.011682378254073736,-1.0377168623513878e+16,0.0,-4.389490903049367e+17,0.0,-8.882753492333873e+17,0.0
1.0,zero,716,139.27131712647912,2.3700744284319763e-15,9.883716896714987e+21,1.0,-0.011696447860346437,-1.0389222564222392e+16,0.0,-4.389240941688048e+17,0.0,-8.882374109018321e+17,0.0
1.0,zero,717,139.2732983756849,2.360701594457762e-15,9.883577949888665e+21,1.0,-0.01171050611438704,-1.0401265725360532e+16,0.0,-4.388991192642568e+17,0.0,-8.881995042538742e+17,0.0
1.0,zero,718,139.27527807813206,2.3513731008390968e-15,9.883439117460694e+21,1.0,-0.011724552991313562,-1.041329808821216e+16,0.0,-4.3887416563288506e+17,0.0,-8.881616293539822e+17,0.0
1.0,zero,719,139.2772562301832,2.3420887317980376e-15,9.883300399671922e+21,1.0,-0.011738588466274198,-1.0425319634092152e+16,0.0,-4.3884923331622285e+17,0.0,-8.881237862665379e+17,0.0
1.0,zero,720,139.27923282820493,2.332848272597486e-15,9.883161796762896e+21,1.0,-0.011752612514447322,-1.0437330344346388e+16,0.0,-4.388243223557456e+17,0.0,-8.880859750558376e+17,0.0
1.0,zero,721,139.28120786856786,2.3236515095359635e-15,9.883023308973844e+21,1.0,-0.011766625111042288,-1.0449330200352372e+16,0.0,-4.3879943279286746e+17,0.0,-8.880481957860873e+17,0.0
1.0,zero,722,139.28318134764675,2.314498229943212e-15,9.882884936544677e+21,1.0,-0.011780626231299666,-1.0461319183519448e+16,0.0,-4.3877456466894285e+17,0.0,-8.880104485214052e+17,0.0
1.0,zero,723,139.2851532618206,2.3053882221746206e-15,9.88274667971497e+21,1.0,-0.011794615850492443,-1.0473297275289756e+16,0.0,-4.387497180252626e+17,0.0,-8.879727333258149e+17,0.0
1.0,zero,724,139.2871236074727,2.2963212756068703e-15,9.882608538723977e+21,1.0,-0.011808593943925949,-1.0485264457138186e+16,0.0,-4.387248929030554e+17,0.0,-8.879350502632492e+17,0.0
1.0,zero,725,139.2890923809908,2.2872971806324184e-15,9.882470513810602e+21,1.0,-0.01182256048693949,-1.0497220710573722e+16,0.0,-4.387000893434846e+17,0.0,-8.878973993975429e+17,0.0
1.0,zero,726,139.29105957876715,2.2783157286553194e-15,9.882332605213412e+21,1.0,-0.011836515454905897,-1.0509166017139034e+16,0.0,-4.3867530738764864e+17,0.0,-8.878597807924364e+17,0.0
1.0,zero,727,139.2930251971985,2.269376712086149e-15,9.882194813170615e+21,1.0,-0.011850458823232574,-1.0521100358411344e+16,0.0,-4.3865054707657946e+17,0.0,-8.878221945115703e+17,0.0
1.0,zero,728,139.29498923268636,2.260479924336828e-15,9.882057137920064e+21,1.0,-0.011864390567362729,-1.0533023716003462e+16,0.0,-4.3862580845124077e+17,0.0,-8.87784640618485e+17,0.0
1.0,zero,729,139.29695168163695,2.2516251598166367e-15,9.881919579699253e+21,1.0,-0.011878310662774482,-1.0544936071562982e+16,0.0,-4.386010915525289e+17,0.0,-8.877471191766207e+17,0.0
1.0,zero,730,139.29891254046146,2.2428122139263148e-15,9.881782138745297e+21,1.0,-0.011892219084983724,-1.0556837406774702e+16,0.0,-4.3857639642126816e+17,0.0,-8.877096302493111e+17,0.0
1.0,zero,731,139.30087180557587,2.234040883054628e-15,9.881644815294944e+21,1.0,-0.011906115809542228,-1.0568727703358988e+16,0.0,-4.3855172309821466e+17,0.0,-8.876721738997883e+17,0.0
1.0,zero,732,139.3028294734013,2.2253109645726513e-15,9.88150760958455e+21,1.0,-0.011920000812040272,-1.0580606943073968e+16,0.0,-4.385270716240504e+17,0.0,-8.876347501911749e+17,0.0
1.0,zero,733,139.30478554036395,2.2166222568294813e-15,9.881370521850092e+21,1.0,-0.011933874068106365,-1.0592475107715298e+16,0.0,-4.385024420393855e+17,0.0,-8.875973591864861e+17,0.0
1.0,zero,734,139.3067400028953,2.2079745591474652e-15,9.881233552327146e+21,1.0,-0.011947735553408048,-1.060433217911679e+16,0.0,-4.384778343847551e+17,0.0,-8.87560000948627e+17,0.0
1.0,zero,735,139.30869285743208,2.199367671817826e-15,9.88109670125089e+21,1.0,-0.011961585243652281,-1.061617813915073e+16,0.0,-4.3845324870062e+17,0.0,-8.875226755403908e+17,0.0
1.0,zero,736,139.31064410041645,2.1908013960954345e-15,9.880959968856093e+21,1.0,-0.01197542311458675,-1.0628012969728956e+16,0.0,-4.38428685027364e+17,0.0,-8.874853830244568e+17,0.0
1.0,zero,737,139.31259372829606,2.1822755341948594e-15,9.88082335537711e+21,1.0,-0.011989249141999808,-1.0639836652802776e+16,0.0,-4.3840414340529306e+17,0.0,-8.874481234633889e+17,0.0
1.0,zero,738,139.31454173752414,2.1737898892854326e-15,9.880686861047877e+21,1.0,-0.012003063301721321,-1.0651649170363676e+16,0.0,-4.383796238746358e+17,0.0,-8.874108969196353e+17,0.0
1.0,zero,739,139.31648812455958,2.165344265486719e-15,9.880550486101908e+21,1.0,-0.012016865569623463,-1.0663450504443956e+16,0.0,-4.383551264755404e+17,0.0,-8.873737034555247e+17,0.0
1.0,zero,740,139.31843288586703,2.1569384678642504e-15,9.880414230772282e+21,1.0,-0.012030655921620975,-1.067524063711692e+16,0.0,-4.383306512480749e+17,0.0,-8.873365431332667e+17,0.0
1.0,zero,741,139.320376017917,2.1485723024245444e-15,9.88027809529164e+21,1.0,-0.012044434333672267,-1.0687019550497786e+16,0.0,-4.3830619823222483e+17,0.0,-8.872994160149476e+17,0.0
1.0,zero,742,139.322317517186,2.1402455761107615e-15,9.880142079892176e+21,1.0,-0.012058200781780161,-1.0698787226744308e+16,0.0,-4.382817674678931e+17,0.0,-8.872623221625306e+17,0.0
1.0,zero,743,139.32425738015652,2.1319580967986273e-15,9.88000618480564e+21,1.0,-0.012071955241991613,-1.0710543648056468e+16,0.0,-4.382573589948986e+17,0.0,-8.872252616378538e+17,0.0
1.0,zero,744,139.3261956033172,2.1237096732915198e-15,9.879870410263315e+21,1.0,-0.012085697690399296,-1.072228879667785e+16,0.0,-4.382329728529754e+17,0.0,-8.871882345026287e+17,0.0
1.0,zero,745,139.32813218316284,2.115500115316309e-15,9.879734756496036e+21,1.0,-0.012099428103141529,-1.0734022654895492e+16,0.0,-4.3820860908177146e+17,0.0,-8.871512408184384e+17,0.0
1.0,zero,746,139.33006711619467,2.1073292335186174e-15,9.879599223734155e+21,1.0,-0.012113146456403849,-1.0745745205041244e+16,0.0,-4.3818426772084666e+17,0.0,-8.871142806467346e+17,0.0
1.0,zero,747,139.33200039892023,2.0991968394589417e-15,9.879463812207552e+21,1.0,-0.012126852726418563,-1.075745642949131e+16,0.0,-4.381599488096731e+17,0.0,-8.870773540488375e+17,0.0
1.0,zero,748,139.33393202785362,2.0911027456077143e-15,9.879328522145628e+21,1.0,-0.012140546889466303,-1.076915631066759e+16,0.0,-4.381356523876331e+17,0.0,-8.870404610859338e+17,0.0
1.0,zero,749,139.33586199951543,2.0830467653417038e-15,9.8791933537773e+21,1.0,-0.012154228921875468,-1.0780844831037124e+16,0.0,-4.3811137849401946e+17,0.0,-8.87003601819076e+17,0.0
1.0,zero,750,139.33779031043306,2.0750287129386496e-15,9.879058307330974e+21,1.0,-0.012167898800024803,-1.0792521973114298e+16,0.0,-4.380871271680311e+17,0.0,-8.869667763091766e+17,0.0
1.0,zero,751,139.33971695714058,2.067048403574053e-15,9.878923383034576e+21,1.0,-0.012181556500341938,-1.0804187719459544e+16,0.0,-4.380628984487765e+17,0.0,-8.869299846170125e+17,0.0
1.0,zero,752,139.34164193617895,2.0591056533162143e-15,9.878788581115518e+21,1.0,-0.012195201999305186,-1.0815842052680846e+16,0.0,-4.380386923752691e+17,0.0,-8.868932268032191e+17,0.0
1.0,zero,753,139.34356524409608,2.0512002791221168e-15,9.878653901800693e+21,1.0,-0.012208835273444227,-1.0827484955434288e+16,0.0,-4.380145089864274e+17,0.0,-8.86856502928289e+17,0.0
1.0,zero,754,139.34548687744697,2.0433320988332156e-15,9.878519345316478e+21,1.0,-0.012222456299340285,-1.0839116410424176e+16,0.0,-4.3799034832107366e+17,0.0,-8.868198130525715e+17,0.0
1.0,zero,755,139.34740683279367,2.0355009311714776e-15,9.878384911888733e+21,1.0,-0.012236065053626604,-1.0850736400403416e+16,0.0,-4.379662104179344e+17,0.0,-8.867831572362723e+17,0.0
1.0,zero,756,139.34932510670555,2.02770659573451e-15,9.878250601742772e+21,1.0,-0.01224966151299027,-1.086234490817501e+16,0.0,-4.379420953156355e+17,0.0,-8.86746535539446e+17,0.0
1.0,zero,757,139.3512416957592,2.019948912992337e-15,9.878116415103388e+21,1.0,-0.012263245654170982,-1.0873941916591002e+16,0.0,-4.379180030527059e+17,0.0,-8.867099480220028e+17,0.0
1.0,zero,758,139.35315659653875,2.012227704282111e-15,9.877982352194811e+21,1.0,-0.012276817453963787,-1.088552740855477e+16,0.0,-4.378939336675722e+17,0.0,-8.866733947436992e+17,0.0
1.0,zero,759,139.35506980563568,2.004542791805267e-15,9.87784841324074e+21,1.0,-0.0122903768892174,-1.089710136701953e+16,0.0,-4.378698871985613e+17,0.0,-8.866368757641421e+17,0.0
1.0,zero,760,139.3569813196492,1.9968939986220533e-15,9.877714598464303e+21,1.0,-0.01230392393683739,-1.0908663774991068e+16,0.0,-4.378458636838955e+17,0.0,-8.866003911427821e+17,0.0
1.0,zero,761,139.35889113518613,1.9892811486486036e-15,9.877580908088074e+21,1.0,-0.012317458573784443,-1.0920214615526186e+16,0.0,-4.3782186316169536e+17,0.0,-8.865639409389169e+17,0.0
1.0,zero,762,139.3607992488611,1.981704066651969e-15,9.877447342334052e+21,1.0,-0.012330980777076754,-1.0931753871734708e+16,0.0,-4.3779788566997485e+17,0.0,-8.865275252116844e+17,0.0
1.0,zero,763,139.36270565729657,1.9741625782467665e-15,9.877313901423667e+21,1.0,-0.012344490523789598,-1.0943281526779104e+16,0.0,-4.377739312466434e+17,0.0,-8.864911440200659e+17,0.0
1.0,zero,764,139.36461035712298,1.9666565098907113e-15,9.877180585577764e+21,1.0,-0.012357987791056237,-1.09547975638752e+16,0.0,-4.3774999992950317e+17,0.0,-8.864547974228815e+17,0.0
1.0,zero,765,139.36651334497887,1.95918568888051e-15,9.877047395016602e+21,1.0,-0.012371472556069161,-1.0966301966293222e+16,0.0,-4.377260917562476e+17,0.0,-8.864184854787885e+17,0.0
1.0,zero,766,139.36841461751087,1.9517499433482194e-15,9.876914329959843e+21,1.0,-0.012384944796079841,-1.097779471735753e+16,0.0,-4.377022067644615e+17,0.0,-8.863822082462806e+17,0.0
1.0,zero,767,139.3703141713738,1.944349102257288e-15,9.876781390626556e+21,1.0,-0.01239840448839951,-1.0989275800447264e+16,0.0,-4.3767834499161984e+17,0.0,-8.863459657836869e+17,0.0
1.0,zero,768,139.37221200323089,1.9369829953980616e-15,9.8766485772352e+21,1.0,-0.012411851610400402,-1.1000745198997352e+16,0.0,-4.3765450647508576e+17,0.0,-8.863097581491689e+17,0.0
1.0,zero,769,139.37410810975376,1.929651453384307e-15,9.876515890003624e+21,1.0,-0.012425286139515965,-1.101220289649867e+16,0.0,-4.376306912521101e+17,0.0,-8.862735854007188e+17,0.0
1.0,zero,770,139.37600248762251,1.92235430764931e-15,9.876383329149054e+21,1.0,-0.012438708053241253,-1.1023648876498314e+16,0.0,-4.376068993598303e+17,0.0,-8.862374475961588e+17,0.0
1.0,zero,771,139.37789513352587,1.91509139044166e-15,9.876250894888098e+21,1.0,-0.01245211732913396,-1.1035083122600468e+16,0.0,-4.375831308352693e+17,0.0,-8.862013447931392e+17,0.0
1.0,zero,772,139.37978604416122,1.9078625348216063e-15,9.876118587436727e+21,1.0,-0.01246551394481497,-1.104650561846682e+16,0.0,-4.375593857153343e+17,0.0,-8.861652770491355e+17,0.0
1.0,zero,773,139.38167521623478,1.9006675746569964e-15,9.87598640701028e+21,1.0,-0.012478897877968931,-1.1057916347817026e+16,0.0,-4.3753566403681574e+17,0.0,-8.861292444214486e+17,0.0
1.0,zero,774,139.38356264646154,1.893506344619875e-15,9.875854353823458e+21,1.0,-0.01249226910634453,-1.1069315294428908e+16,0.0,-4.375119658363872e+17,0.0,-8.860932469672033e+17,0.0
1.0,zero,775,139.38544833156558,1.886378680181814e-15,9.875722428090298e+21,1.0,-0.012505627607756193,-1.1080702442139842e+16,0.0,-4.374882911506016e+17,0.0,-8.860572847433431e+17,0.0
1.0,zero,776,139.38733226827992,1.879284417611088e-15,9.875590630024197e+21,1.0,-0.012518973360083103,-1.1092077774845904e+16,0.0,-4.374646400158938e+17,0.0,-8.860213578066336e+17,0.0
1.0,zero,777,139.38921445334677,1.872223393968146e-15,9.875458959837883e+21,1.0,-0.012532306341271369,-1.110344127650368e+16,0.0,-4.374410124685765e+17,0.0,-8.859854662136567e+17,0.0
1.0,zero,778,139.39109488351752,1.8651954471022856e-15,9.875327417743424e+21,1.0,-0.012545626529333505,-1.1114792931129784e+16,0.0,-4.3741740854484154e+17,0.0,-8.859496100208129e+17,0.0
1.0,zero,779,139.39297355555297,1.8582004156474833e-15,9.875196003952206e+21,1.0,-0.012558933902349866,-1.1126132722802012e+16,0.0,-4.3739382828075616e+17,0.0,-8.859137892843144e+17,0.0
1.0,zero,780,139.39485046622326,1.8512381390189955e-15,9.87506471867494e+21,1.0,-0.012572228438468858,-1.1137460635659532e+16,0.0,-4.373702717122645e+17,0.0,-8.858780040601885e+17,0.0
1.0,zero,781,139.39672561230805,1.8443084574095453e-15,9.874933562121652e+21,1.0,-0.012585510115907516,-1.1148776653903308e+16,0.0,-4.373467388751852e+17,0.0,-8.858422544042738e+17,0.0
1.0,zero,782,139.39859899059655,1.837411211785635e-15,9.874802534501677e+21,1.0,-0.01259877891295218,-1.1160080761796628e+16,0.0,-4.3732322980521075e+17,0.0,-8.858065403722182e+17,0.0
1.0,zero,783,139.40047059788773,1.8305462438836664e-15,9.874671636023653e+21,1.0,-0.012612034807959397,-1.1171372943665858e+16,0.0,-4.372997445379062e+17,0.0,-8.857708620194781e+17,0.0
1.0,zero,784,139.40234043099022,1.8237133962067063e-15,9.874540866895515e+21,1.0,-0.012625277779355936,-1.1182653183900404e+16,0.0,-4.3727628310870835e+17,0.0,-8.857352194013171e+17,0.0
1.0,zero,785,139.40420848672264,1.8169125120201206e-15,9.874410227324483e+21,1.0,-0.012638507805640423,-1.1193921466954056e+16,0.0,-4.3725284555292397e+17,0.0,-8.856996125728019e+17,0.0
1.0,zero,786,139.4060747619134,1.8101434353488907e-15,9.87427971751707e+21,1.0,-0.012651724865382488,-1.1205177777344236e+16,0.0,-4.372294319057305e+17,0.0,-8.856640415888052e+17,0.0
1.0,zero,787,139.40793925340108,1.8034060109730767e-15,9.874149337679062e+21,1.0,-0.012664928937224944,-1.1216422099653808e+16,0.0,-4.372060422021727e+17,0.0,-8.856285065039992e+17,0.0
1.0,zero,788,139.4098019580343,1.7967000844248543e-15,9.874019088015519e+21,1.0,-0.012678119999883181,-1.1227654418530516e+16,0.0,-4.371826764771633e+17,0.0,-8.855930073728572e+17,0.0
1.0,zero,789,139.4116628726719,1.790025501984736e-15,9.873888968730772e+21,1.0,-0.012691298032146175,-1.123887471868781e+16,0.0,-4.371593347654821e+17,0.0,-8.855575442496521e+17,0.0
1.0,zero,790,139.41352199418304,1.7833821106779157e-15,9.873758980028408e+21,1.0,-0.012704463012877384,-1.1250082984905564e+16,0.0,-4.371360171017733e+17,0.0,-8.855221171884521e+17,0.0
1.0,zero,791,139.41537931944723,1.7767697582708373e-15,9.873629122111272e+21,1.0,-0.012717614921015027,-1.126127920203028e+16,0.0,-4.37112723520546e+17,0.0,-8.854867262431223e+17,0.0
1.0,zero,792,139.4172348453545,1.7701882932674676e-15,9.873499395181452e+21,1.0,-0.012730753735573065,-1.1272463354975872e+16,0.0,-4.370894540561718e+17,0.0,-8.854513714673194e+17,0.0
1.0,zero,793,139.41908856880542,1.7636375649061007e-15,9.873369799440286e+21,1.0,-0.012743879435641278,-1.1283635428723694e+16,0.0,-4.370662087428853e+17,0.0,-8.854160529144943e+17,0.0
1.0,zero,794,139.42094048671117,1.7571174231557622e-15,9.873240335088351e+21,1.0,-0.01275699200038591,-1.1294795408323062e+16,0.0,-4.37042987614783e+17,0.0,-8.85380770637889e+17,0.0
1.0,zero,795,139.42279059599372,1.7506277187125402e-15,9.873111002325447e+21,1.0,-0.01277009140905073,-1.1305943278892082e+16,0.0,-4.370197907058203e+17,0.0,-8.853455246905326e+17,0.0
1.0,zero,796,139.42463889358584,1.7441683029962286e-15,9.872981801350608e+21,1.0,-0.012783177640957622,-1.1317079025618156e+16,0.0,-4.369966180498126e+17,0.0,-8.853103151252434e+17,0.0
1.0,zero,797,139.4264853764312,1.7377390281469855e-15,9.872852732362082e+21,1.0,-0.01279625067550652,-1.1328202633757836e+16,0.0,-4.3697346968043296e+17,0.0,-8.852751419946239e+17,0.0
1.0,zero,798,139.42833004148443,1.7313397470220066e-15,9.872723795557336e+21,1.0,-0.012809310492176278,-1.1339314088637558e+16,0.0,-4.3695034563121286e+17,0.0,-8.852400053510633e+17,0.0
1.0,zero,799,139.43017288571133,1.7249703131915228e-15,9.872594991133042e+21,1.0,-0.012822357070526084,-1.1350413375654804e+16,0.0,-4.3692724593553856e+17,0.0,-8.852049052467319e+17,0.0
1.0,zero,800,139.43201390608877,1.7186305809361953e-15,9.872466319285076e+21,1.0,-0.012835390390194644,-1.1361500480277334e+16,0.0,-4.369041706266524e+17,0.0,-8.851698417335822e+17,0.0
1.0,zero,801,139.4338530996049,1.7123204052432436e-15,9.872337780208514e+21,1.0,-0.012848410430901808,-1.1372575388044558e+16,0.0,-4.368811197376508e+17,0.0,-8.851348148633462e+17,0.0
1.0,zero,802,139.43569046325928,1.7060396418029882e-15,9.872209374097613e+21,1.0,-0.012861417172449223,-1.1383638084568036e+16,0.0,-4.368580933014826e+17,0.0,-8.850998246875332e+17,0.0
1.0,zero,803,139.43752599406275,1.699788147006084e-15,9.872081101145827e+21,1.0,-0.0128744105947197,-1.1394688555530902e+16,0.0,-4.368350913509503e+17,0.0,-8.850648712574314e+17,0.0
1.0,zero,804,139.43935968903776,1.6935657779396046e-15,9.871952961545783e+21,1.0,-0.012887390677679229,-1.1405726786689526e+16,0.0,-4.3681211391870637e+17,0.0,-8.850299546241021e+17,0.0
1.0,zero,805,139.4411915452183,1.6873723923840138e-15,9.871824955489288e+21,1.0,-0.012900357401376607,-1.1416752763873162e+16,0.0,-4.367891610372543e+17,0.0,-8.849950748383817e+17,0.0
1.0,zero,806,139.44302155965008,1.6812078488095769e-15,9.87169708316731e+21,1.0,-0.01291331074594499,-1.1427766472985232e+16,0.0,-4.367662327389459e+17,0.0,-8.84960231950877e+17,0.0
1.0,zero,807,139.44484972939048,1.6750720063737408e-15,9.871569344769988e+21,1.0,-0.012926250691600884,-1.1438767900002414e+16,0.0,-4.36743329055983e+17,0.0,-8.849254260119684e+17,0.0
1.0,zero,808,139.44667605150886,1.6689647249169043e-15,9.87144174048661e+21,1.0,-0.012939177218646802,-1.1449757030976854e+16,0.0,-4.3672045002041235e+17,0.0,-8.848906570718016e+17,0.0
1.0,zero,809,139.44850052308632,1.662885864960208e-15,9.871314270505625e+21,1.0,-0.012952090307469449,-1.1460733852034598e+16,0.0,-4.366975956641298e+17,0.0,-8.848559251802941e+17,0.0
1.0,zero,810,139.45032314121616,1.6568352877012441e-15,9.871186935014616e+21,1.0,-0.01296498993854293,-1.1471698349378256e+16,0.0,-4.3667476601887354e+17,0.0,-8.848212303871254e+17,0.0
1.0,zero,811,139.4521439030036,1.6508128550118694e-15,9.871059734200324e+21,1.0,-0.012977876092426673,-1.1482650509285212e+16,0.0,-4.366519611162293e+17,0.0,-8.847865727417439e+17,0.0
1.0,zero,812,139.4539628055661,1.6448184294341365e-15,9.870932668248607e+21,1.0,-0.01299074874976816,-1.1493590318109874e+16,0.0,-4.366291809876239e+17,0.0,-8.847519522933576e+17,0.0
1.0,zero,813,139.4557798460334,1.638851874177661e-15,9.870805737344468e+21,1.0,-0.013003607891302098,-1.1504517762282962e+16,0.0,-4.366064256643279e+17,0.0,-8.847173690909386e+17,0.0
1.0,zero,814,139.45759502154755,1.6329130531161497e-15,9.870678941672023e+21,1.0,-0.013016453497851663,-1.151543282831249e+16,0.0,-4.36583695177453e+17,0.0,-8.846828231832186e+17,0.0
1.0,zero,815,139.459408329263,1.6270018307843229e-15,9.870552281414514e+21,1.0,-0.013029285550329023,-1.1526335502784186e+16,0.0,-4.3656098955795155e+17,0.0,-8.846483146186874e+17,0.0
1.0,zero,816,139.4612197663467,1.6211180723749399e-15,9.870425756754296e+21,1.0,-0.013042104029735288,-1.1537225772361392e+16,0.0,-4.3653830883661594e+17,0.0,-8.846138434455932e+17,0.0
1.0,zero,817,139.46302932997818,1.6152616437352836e-15,9.870299367872825e+21,1.0,-0.013054908917162133,-1.1548103623786416e+16,0.0,-4.365156530440766e+17,0.0,-8.845794097119397e+17,0.0
1.0,zero,818,139.46483701734962,1.6094324113645824e-15,9.87017311495067e+21,1.0,-0.01306770019379098,-1.1558969043879772e+16,0.0,-4.3649302221080294e+17,0.0,-8.845450134654857e+17,0.0
1.0,zero,819,139.46664282566596,1.6036302424103412e-15,9.870046998167491e+21,1.0,-0.013080477840894939,-1.1569822019541794e+16,0.0,-4.364704163671e+17,0.0,-8.845106547537418e+17,0.0
1.0,zero,820,139.4684467521449,1.5978550046656946e-15,9.869921017702046e+21,1.0,-0.0130932418398383,-1.1580662537752176e+16,0.0,-4.364478355431103e+17,0.0,-8.844763336239726e+17,0.0
1.0,zero,821,139.4702487940171,1.5921065665660437e-15,9.869795173732171e+21,1.0,-0.013105992172077658,-1.159149058557085e+16,0.0,-4.3642527976880986e+17,0.0,-8.844420501231905e+17,0.0
1.0,zero,822,139.47204894852612,1.5863847971862516e-15,9.869669466434794e+21,1.0,-0.013118728819162168,-1.1602306150138178e+16,0.0,-4.364027490740098e+17,0.0,-8.844078042981578e+17,0.0
1.0,zero,823,139.47384721292866,1.5806895662373083e-15,9.86954389598591e+21,1.0,-0.013131451762734407,-1.1613109218675648e+16,0.0,-4.363802434883544e+17,0.0,-8.843735961953846e+17,0.0
1.0,zero,824,139.47564358449446,1.5750207440636422e-15,9.869418462560593e+21,1.0,-0.013144160984530442,-1.1623899778485874e+16,0.0,-4.3635776304132045e+17,0.0,-8.843394258611268e+17,0.0
1.0,zero,825,139.47743806050653,1.5693782016398115e-15,9.869293166332979e+21,1.0,-0.013156856466380687,-1.1634677816953268e+16,0.0,-4.363353077622157e+17,0.0,-8.843052933413847e+17,0.0
1.0,zero,826,139.4792306382611,1.5637618105677517e-15,9.869168007476266e+21,1.0,-0.013169538190210245,-1.1645443321544306e+16,0.0,-4.363128776801791e+17,0.0,-8.842711986819025e+17,0.0
1.0,zero,827,139.48102131506784,1.5581714430734955e-15,9.869042986162711e+21,1.0,-0.013182206138039805,-1.1656196279808244e+16,0.0,-4.362904728241789e+17,0.0,-8.84237141928166e+17,0.0
1.0,zero,828,139.48281008824975,1.5526069720046213e-15,9.868918102563616e+21,1.0,-0.013194860291985546,-1.1666936679376972e+16,0.0,-4.362680932230125e+17,0.0,-8.842031231254019e+17,0.0
1.0,zero,829,139.48459695514342,1.5470682708269122e-15,9.868793356849336e+21,1.0,-0.013207500634260036,-1.1677664507965748e+16,0.0,-4.362457389053053e+17,0.0,-8.841691423185763e+17,0.0
1.0,zero,830,139.486381913099,1.5415552136215618e-15,9.868668749189262e+21,1.0,-0.013220127147172972,-1.1688379753373782e+16,0.0,-4.3622340989950957e+17,0.0,-8.84135199552393e+17,0.0
1.0,zero,831,139.48816495948032,1.5360676750822176e-15,9.868544279751822e+21,1.0,-0.013232739813131365,-1.1699082403484334e+16,0.0,-4.3620110623390374e+17,0.0,-8.841012948712918e+17,0.0
1.0,zero,832,139.4899460916649,1.5306055305122068e-15,9.868419948704476e+21,1.0,-0.013245338614639897,-1.1709772446264984e+16,0.0,-4.361788279365919e+17,0.0,-8.840674283194487e+17,0.0
1.0,zero,833,139.49172530704413,1.5251686558214303e-15,9.86829575621371e+21,1.0,-0.013257923534301885,-1.17204498697684e+16,0.0,-4.361565750355026e+17,0.0,-8.840335999407736e+17,0.0
1.0,zero,834,139.49350260302325,1.519756927523615e-15,9.86817170244503e+21,1.0,-0.013270494554819367,-1.1731114662132364e+16,0.0,-4.3613434755838816e+17,0.0,-8.839998097789087e+17,0.0
1.0,zero,835,139.4952779770214,1.514370222733491e-15,9.868047787562958e+21,1.0,-0.013283051658993685,-1.1741766811580218e+16,0.0,-4.3611214553282374e+17,0.0,-8.839660578772278e+17,0.0
1.0,zero,836,139.49705142647187,1.509008419163638e-15,9.867924011731032e+21,1.0,-0.013295594829726488,-1.1752406306421682e+16,0.0,-4.360899689862063e+17,0.0,-8.839323442788342e+17,0.0
1.0,zero,837,139.49882294882195,1.5036713951220314e-15,9.867800375111792e+21,1.0,-0.013308124050019389,-1.176303313505251e+16,0.0,-4.360678179457545e+17,0.0,-8.838986690265614e+17,0.0
1.0,zero,838,139.50059254153317,1.4983590295089147e-15,9.867676877866781e+21,1.0,-0.013320639302975236,-1.177364728595551e+16,0.0,-4.3604569243850656e+17,0.0,-8.838650321629686e+17,0.0
1.0,zero,839,139.5023602020812,1.4930712018142791e-15,9.867553520156544e+21,1.0,-0.01333314057179765,-1.1784248747700128e+16,0.0,-4.360235924913217e+17,0.0,-8.838314337303434e+17,0.0
1.0,zero,840,139.50412592795618,1.4878077921145931e-15,9.867430302140609e+21,1.0,-0.013345627839792918,-1.1794837508943988e+16,0.0,-4.36001518130876e+17,0.0,-8.837978737706961e+17,0.0
1.0,zero,841,139.5058897166625,1.4825686810705617e-15,9.867307223977503e+21,1.0,-0.013358101090368906,-1.1805413558431938e+16,0.0,-4.359794693836653e+17,0.0,-8.837643523257626e+17,0.0
1.0,zero,842,139.50765156571907,1.4773537499238792e-15,9.867184285824728e+21,1.0,-0.013370560307036825,-1.1815976884997498e+16,0.0,-4.3595744627600134e+17,0.0,-8.837308694370002e+17,0.0
1.0,zero,843,139.50941147265928,1.4721628804949238e-15,9.867061487838775e+21,1.0,-0.013383005473410509,-1.1826527477562198e+16,0.0,-4.3593544883401363e+17,0.0,-8.836974251455895e+17,0.0
1.0,zero,844,139.51116943503118,1.4669959551794543e-15,9.866938830175095e+21,1.0,-0.013395436573208321,-1.1837065325137144e+16,0.0,-4.359134770836456e+17,0.0,-8.836640194924282e+17,0.0
1.0,zero,845,139.51292545039743,1.4618528569463265e-15,9.866816312988119e+21,1.0,-0.013407853590252454,-1.1847590416822392e+16,0.0,-4.3589153105065626e+17,0.0,-8.836306525181349e+17,0.0
1.0,zero,846,139.51467951633543,1.4567334693346322e-15,9.86669393643124e+21,1.0,-0.013420256508469636,-1.1858102741807496e+16,0.0,-4.358696107606191e+17,0.0,-8.835973242630456e+17,0.0
1.0,zero,847,139.51643163043738,1.4516376764509354e-15,9.866571700656811e+21,1.0,-0.013432645311891872,-1.1868602289372064e+16,0.0,-4.3584771623892026e+17,0.0,-8.835640347672125e+17,0.0
1.0,zero,848,139.5181817903103,1.446565362966684e-15,9.86644960581615e+21,1.0,-0.013445019984656508,-1.1879089048885824e+16,0.0,-4.3582584751075936e+17,0.0,-8.835307840704046e+17,0.0
1.0,zero,849,139.51992999357626,1.4415164141152227e-15,9.866327652059515e+21,1.0,-0.013457380511007477,-1.1889563009809572e+16,0.0,-4.358040046011465e+17,0.0,-8.834975722121027e+17,0.0
1.0,zero,850,139.52167623787219,1.4364907156895576e-15,9.866205839536117e+21,1.0,-0.013469726875294791,-1.1900024161694728e+16,0.0,-4.357821875349036e+17,0.0,-8.834643992315018e+17,0.0
1.0,zero,851,139.52342052085015,1.4314881540393895e-15,9.866084168394112e+21,1.0,-0.013482059061975395,-1.191047249418401e+16,0.0,-4.357603963366627e+17,0.0,-8.834312651675095e+17,0.0
1.0,zero,852,139.5251628401773,1.4265086160686533e-15,9.865962638780595e+21,1.0,-0.013494377055613493,-1.1920907997011654e+16,0.0,-4.3573863103086586e+17,0.0,-8.833981700587434e+17,0.0
1.0,zero,853,139.52690319353601,1.4215519892326585e-15,9.865841250841594e+21,1.0,-0.013506680840881415,-1.1931330660004116e+16,0.0,-4.357168916417633e+17,0.0,-8.833651139435308e+17,0.0
1.0,zero,854,139.5286415786239,1.4166181615356478e-15,9.865720004722068e+21,1.0,-0.013518970402559423,-1.1941740473079842e+16,0.0,-4.356951781934138e+17,0.0,-8.833320968599075e+17,0.0
1.0,zero,855,139.5303779931539,1.4117070215281253e-15,9.865598900565904e+21,1.0,-0.013531245725536767,-1.1952137426250146e+16,0.0,-4.356734907096833e+17,0.0,-8.832991188456168e+17,0.0
1.0,zero,856,139.53211243485435,1.4068184583041925e-15,9.86547793851591e+21,1.0,-0.013543506794811614,-1.1962521509619066e+16,0.0,-4.3565182921424454e+17,0.0,-8.832661799381082e+17,0.0
1.0,zero,857,139.53384490146894,1.401952361499298e-15,9.865357118713817e+21,1.0,-0.013555753595491209,-1.1972892713383476e+16,0.0,-4.3563019373057683e+17,0.0,-8.832332801745371e+17,0.0
1.0,zero,858,139.53557539075697,1.397108621287036e-15,9.865236441300266e+21,1.0,-0.013567986112793485,-1.1983251027834412e+16,0.0,-4.35608584281964e+17,0.0,-8.832004195917624e+17,0.0
1.0,zero,859,139.53730390049324,1.3922871283772361e-15,9.865115906414809e+21,1.0,-0.013580204332046125,-1.1993596443356196e+16,0.0,-4.355870008914949e+17,0.0,-8.831675982263461e+17,0.0
1.0,zero,860,139.5390304284682,1.3874877740129453e-15,9.864995514195907e+21,1.0,-0.013592408238687848,-1.2003928950427522e+16,0.0,-4.355654435820625e+17,0.0,-8.831348161145526e+17,0.0
1.0,zero,861,139.540754972488,1.3827104499681376e-15,9.86487526478092e+21,1.0,-0.013604597818268555,-1.2014248539621504e+16,0.0,-4.355439123763629e+17,0.0,-8.831020732923471e+17,0.0
1.0,zero,862,139.54247753037447,1.3779550485451935e-15,9.86475515830611e+21,1.0,-0.013616773056449412,-1.2024555201605698e+16,0.0,-4.355224072968947e+17,0.0,-8.830693697953952e+17,0.0
1.0,zero,863,139.5441980999653,1.3732214625721577e-15,9.864635194906635e+21,1.0,-0.013628933939003753,-1.2034848927142836e+16,0.0,-4.3550092836595885e+17,0.0,-8.830367056590605e+17,0.0
1.0,zero,864,139.54591667911404,1.3685095854005527e-15,9.864515374716539e+21,1.0,-0.013641080451817236,-1.2045129707090908e+16,0.0,-4.3547947560565734e+17,0.0,-8.830040809184056e+17,0.0
1.0,zero,865,139.5476332656901,1.3638193109026567e-15,9.86439569786876e+21,1.0,-0.01365321258088804,-1.2055397532403274e+16,0.0,-4.3545804903789357e+17,0.0,-8.829714956081903e+17,0.0
1.0,zero,866,139.54934785757894,1.359150533469104e-15,9.864276164495119e+21,1.0,-0.013665330312327712,-1.2065652394129334e+16,0.0,-4.3543664868437005e+17,0.0,-8.829389497628694e+17,0.0
1.0,zero,867,139.551060452682,1.3545031480063409e-15,9.864156774726306e+21,1.0,-0.01367743363236132,-1.2075894283414622e+16,0.0,-4.3541527456658906e+17,0.0,-8.829064434165926e+17,0.0
1.0,zero,868,139.55277104891684,1.3498770499343974e-15,9.864037528691905e+21,1.0,-0.013689522527327518,-1.2086123191500802e+16,0.0,-4.353939267058521e+17,0.0,-8.82873976603205e+17,0.0
1.0,zero,869,139.5544796442171,1.3452721351842103e-15,9.86391842652036e+21,1.0,-0.013701596983679336,-1.2096339109726302e+16,0.0,-4.3537260512325875e+17,0.0,-8.828415493562437e+17,0.0
1.0,zero,870,139.5561862365327,1.3406883001952608e-15,9.863799468338992e+21,1.0,-0.013713656987984518,-1.2106542029526536e+16,0.0,-4.3535130983970586e+17,0.0,-8.828091617089382e+17,0.0
1.0,zero,871,139.55789082382975,1.3361254419132235e-15,9.86368065427398e+21,1.0,-0.013725702526925464,-1.2116731942433828e+16,0.0,-4.3533004087588806e+17,0.0,-8.8277681369421e+17,0.0
1.0,zero,872,139.55959340409072,1.3315834577873207e-15,9.86356198445037e+21,1.0,-0.013737733587300542,-1.2126908840078464e+16,0.0,-4.353087982522953e+17,0.0,-8.82744505344669e+17,0.0
1.0,zero,873,139.56129397531436,1.3270622457683688e-15,9.863443458992072e+21,1.0,-0.01374975015602305,-1.2137072714187762e+16,0.0,-4.352875819892145e+17,0.0,-8.827122366926168e+17,0.0
1.0,zero,874,139.56299253551586,1.3225617043060006e-15,9.863325078021846e+21,1.0,-0.013761752220122598,-1.2147223556587216e+16,0.0,-4.352663921067277e+17,0.0,-8.826800077700426e+17,0.0
1.0,zero,875,139.56468908272694,1.3180817323462772e-15,9.863206841661298e+21,1.0,-0.013773739766745566,-1.21573613592008e+16,0.0,-4.3524522862471046e+17,0.0,-8.826478186086217e+17,0.0
1.0,zero,876,139.56638361499571,1.3136222293297595e-15,9.863088750030899e+21,1.0,-0.01378571278315428,-1.2167486114050272e+16,0.0,-4.352240915628347e+17,0.0,-8.826156692397197e+17,0.0
1.0,zero,877,139.56807613038694,1.3091830951886132e-15,9.86297080324995e+21,1.0,-0.013797671256728886,-1.217759781325667e+16,0.0,-4.3520298094056384e+17,0.0,-8.825835596943844e+17,0.0
1.0,zero,878,139.56976662698196,1.3047642303446227e-15,9.862853001436606e+21,1.0,-0.013809615174966471,-1.2187696449039548e+16,0.0,-4.351818967771559e+17,0.0,-8.825514900033513e+17,0.0
1.0,zero,879,139.57145510287876,1.3003655357067646e-15,9.862735344707855e+21,1.0,-0.013821544525481901,-1.2197782013717626e+16,0.0,-4.351608390916607e+17,0.0,-8.82519460197039e+17,0.0
1.0,zero,880,139.57314155619207,1.295986912668793e-15,9.862617833179523e+21,1.0,-0.013833459296008165,-1.2207854499709028e+16,0.0,-4.3513980790292e+17,0.0,-8.82487470305549e+17,0.0
1.0,zero,881,139.57482598505337,1.2916282631070545e-15,9.862500466966271e+21,1.0,-0.013845359474396704,-1.221791389953155e+16,0.0,-4.3511880322956794e+17,0.0,-8.824555203586674e+17,0.0
1.0,zero,882,139.5765083876109,1.2872894893782395e-15,9.86238324618159e+21,1.0,-0.013857245048617354,-1.2227960205802502e+16,0.0,-4.3509782509002854e+17,0.0,-8.824236103858596e+17,0.0
1.0,zero,883,139.57818876202978,1.2829704943168468e-15,9.862266170937795e+21,1.0,-0.013869116006759144,-1.2237993411239408e+16,0.0,-4.350768735025174e+17,0.0,-8.823917404162742e+17,0.0
1.0,zero,884,139.57986710649206,1.2786711812331733e-15,9.86214924134603e+21,1.0,-0.01388097233703043,-1.224801350866002e+16,0.0,-4.350559484850394e+17,0.0,-8.823599104787388e+17,0.0
1.0,zero,885,139.58154341919666,1.2743914539109451e-15,9.862032457516255e+21,1.0,-0.013892814027758894,-1.2258020490982282e+16,0.0,-4.350350500553891e+17,0.0,-8.823281206017606e+17,0.0
1.0,zero,886,139.5832176983596,1.2701312166048854e-15,9.861915819557253e+21,1.0,-0.013904641067392674,-1.2268014351225258e+16,0.0,-4.3501417823114995e+17,0.0,-8.822963708135252e+17,0.0
1.0,zero,887,139.58488994221375,1.2658903740389456e-15,9.861799327576623e+21,1.0,-0.01391645344449926,-1.227799508250814e+16,0.0,-4.34993333029695e+17,0.0,-8.822646611418981e+17,0.0
1.0,zero,888,139.5865601490092,1.2616688314036005e-15,9.861682981680779e+21,1.0,-0.013928251147767138,-1.2287962678051586e+16,0.0,-4.3497251446818445e+17,0.0,-8.822329916144205e+17,0.0
1.0,zero,889,139.58822831701312,1.257466494353665e-15,9.861566781974934e+21,1.0,-0.013940034166005776,-1.2297917131177666e+16,0.0,-4.349517225635657e+17,0.0,-8.82201362258309e+17,0.0
1.0,zero,890,139.5898944445098,1.2532832690064712e-15,9.861450728563125e+21,1.0,-0.01395180248814501,-1.2307858435309308e+16,0.0,-4.3493095733257504e+17,0.0,-8.821697731004594e+17,0.0
1.0,zero,891,139.5915585298008,1.2491190619391992e-15,9.86133482154818e+21,1.0,-0.013963556103236598,-1.231778658397154e+16,0.0,-4.349102187917338e+17,0.0,-8.821382241674392e+17,0.0
1.0,zero,892,139.59322057120485,1.244973780187e-15,9.86121906103174e+21,1.0,-0.01397529500045345,-1.2327701570790826e+16,0.0,-4.348895069573511e+17,0.0,-8.821067154854931e+17,0.0
1.0,zero,893,139.59488056705797,1.2408473312406998e-15,9.861103447114244e+21,1.0,-0.013987019169090353,-1.2337603389495598e+16,0.0,-4.348688218455213e+17,0.0,-8.820752470805382e+17,0.0
1.0,zero,894,139.59653851571355,1.2367396230445143e-15,9.86098797989492e+21,1.0,-0.01399872859856464,-1.2347492033916806e+16,0.0,-4.3484816347212397e+17,0.0,-8.820438189781647e+17,0.0
1.0,zero,895,139.59819441554222,1.2326505639942656e-15,9.860872659471805e+21,1.0,-0.014010423278415078,-1.2357367497986918e+16,0.0,-4.3482753185282515e+17,0.0,-8.820124312036372e+17,0.0
1.0,zero,896,139.59984826493218,1.22858006293462e-15,9.860757485941716e+21,1.0,-0.014022103198304228,-1.2367229775741858e+16,0.0,-4.348069270030737e+17,0.0,-8.819810837818893e+17,0.0
1.0,zero,897,139.60150006228892,1.2245280291575326e-15,9.860642459400268e+21,1.0,-0.014033768348016624,-1.237707886131945e+16,0.0,-4.347863489381044e+17,0.0,-8.819497767375282e+17,0.0
1.0,zero,898,139.60314980603542,1.2204943723999224e-15,9.860527579941862e+21,1.0,-0.014045418717459904,-1.2386914748960292e+16,0.0,-4.347657976729354e+17,0.0,-8.819185100948311e+17,0.0
1.0,zero,899,139.60479749461223,1.2164790028412924e-15,9.860412847659686e+21,1.0,-0.014057054296665584,-1.2396737433008402e+16,0.0,-4.347452732223685e+17,0.0,-8.818872838777454e+17,0.0
1.0,zero,900,139.60644312647736,1.2124818311020525e-15,9.86029826264571e+21,1.0,-0.014068675075788156,-1.2406546907910376e+16,0.0,-4.347247756009888e+17,0.0,-8.81856098109888e+17,0.0
1.0,zero,901,139.60808670010647,1.2085027682410162e-15,9.860183824990686e+21,1.0,-0.014080281045106412,-1.241634316821649e+16,0.0,-4.347043048231641e+17,0.0,-8.818249528145446e+17,0.0
1.0,zero,902,139.60972821399275,1.2045417257536684e-15,9.86006953478415e+21,1.0,-0.014091872195022526,-1.2426126208579856e+16,0.0,-4.346838609030454e+17,0.0,-8.817938480146707e+17,0.0
1.0,zero,903,139.6113676666471,1.200598615569749e-15,9.859955392114405e+21,1.0,-0.014103448516063505,-1.2435896023757616e+16,0.0,-4.346634438545648e+17,0.0,-8.817627837328873e+17,0.0
1.0,zero,904,139.61300505659807,1.196673350051467e-15,9.859841397068543e+21,1.0,-0.014115009998880346,-1.244565260861018e+16,0.0,-4.3464305369143744e+17,0.0,-8.817317599914852e+17,0.0
1.0,zero,905,139.61464038239188,1.1927658419912403e-15,9.859727549732416e+21,1.0,-0.014126556634248891,-1.2455395958101892e+16,0.0,-4.3462269042715904e+17,0.0,-8.8170077681242e+17,0.0
1.0,zero,906,139.61627364259255,1.1888760046097176e-15,9.85961385019066e+21,1.0,-0.014138088413069778,-1.2465126067300988e+16,0.0,-4.346023540750075e+17,0.0,-8.81669834217316e+17,0.0
1.0,zero,907,139.6179048357818,1.1850037515538065e-15,9.85950029852667e+21,1.0,-0.014149605326368565,-1.2474842931379584e+16,0.0,-4.3458204464804096e+17,0.0,-8.816389322274615e+17,0.0
1.0,zero,908,139.61953396055915,1.1811489968945089e-15,9.85938689482262e+21,1.0,-0.014161107365296015,-1.2484546545613938e+16,0.0,-4.345617621590991e+17,0.0,-8.81608070863812e+17,0.0
1.0,zero,909,139.62116101554207,1.1773116551248308e-15,9.859273639159436e+21,1.0,-0.014172594521128807,-1.2494236905384968e+16,0.0,-4.345415066208003e+17,0.0,-8.815772501469856e+17,0.0
1.0,zero,910,139.6227859993657,1.173491641158171e-15,9.859160531616827e+21,1.0,-0.014184066785268385,-1.2503914006177242e+16,0.0,-4.3452127804554515e+17,0.0,-8.815464700972675e+17,0.0
1.0,zero,911,139.6244089106832,1.1696888703257754e-15,9.859047572273243e+21,1.0,-0.014195524149242583,-1.251357784358031e+16,0.0,-4.3450107644551245e+17,0.0,-8.815157307346052e+17,0.0
1.0,zero,912,139.6260297481656,1.1659032583750754e-15,9.858934761205914e+21,1.0,-0.014206966604705185,-1.2523228413288298e+16,0.0,-4.344809018326612e+17,0.0,-8.814850320786106e+17,0.0
1.0,zero,913,139.62764851050179,1.1621347214677593e-15,9.85882209849082e+21,1.0,-0.014218394143435542,-1.2532865711099516e+16,0.0,-4.3446075421872986e+17,0.0,-8.814543741485594e+17,0.0
1.0,zero,914,139.62926519639873,1.158383176177457e-15,9.8587095842027e+21,1.0,-0.014229806757339876,-1.2542489732917532e+16,0.0,-4.344406336152357e+17,0.0,-8.814237569633889e+17,0.0
1.0,zero,915,139.63087980458133,1.1546485394880965e-15,9.858597218415054e+21,1.0,-0.014241204438450516,-1.2552100474750476e+16,0.0,-4.344205400334748e+17,0.0,-8.813931805417001e+17,0.0
1.0,zero,916,139.63249233379244,1.150930728791865e-15,9.858485001200131e+21,1.0,-0.014252587178926227,-1.2561697932711286e+16,0.0,-4.344004734845227e+17,0.0,-8.813626449017567e+17,0.0
1.0,zero,917,139.63410278279304,1.147229661887119e-15,9.858372932628942e+21,1.0,-0.014263954971052872,-1.2571282103018202e+16,0.0,-4.3438043397923226e+17,0.0,-8.813321500614826e+17,0.0
1.0,zero,918,139.63571115036214,1.1435452569764954e-15,9.85826101277124e+21,1.0,-0.014275307807243353,-1.2580852981994692e+16,0.0,-4.3436042152823456e+17,0.0,-8.813016960384639e+17,0.0
1.0,zero,919,139.63731743529678,1.1398774326652259e-15,9.858149241695536e+21,1.0,-0.014286645680036836,-1.2590410566068726e+16,0.0,-4.343404361419395e+17,0.0,-8.812712828499476e+17,0.0
1.0,zero,920,139.63892163641214,1.1362261079588717e-15,9.858037619469092e+21,1.0,-0.014297968582100199,-1.2599954851774e+16,0.0,-4.343204778305344e+17,0.0,-8.812409105128428e+17,0.0
1.0,zero,921,139.6405237525415,1.1325912022615872e-15,9.857926146157913e+21,1.0,-0.01430927650622751,-1.26094858357494e+16,0.0,-4.343005466039838e+17,0.0,-8.812105790437171e+17,0.0
1.0,zero,922,139.64212378253632,1.128972635374131e-15,9.857814821826757e+21,1.0,-0.014320569445340242,-1.2619003514739194e+16,0.0,-4.342806424720305e+17,0.0,-8.811802884588003e+17,0.0
1.0,zero,923,139.64372172526615,1.1253703274921437e-15,9.857703646539127e+21,1.0,-0.0143318473924872,-1.2628507885592868e+16,0.0,-4.3426076544419386e+17,0.0,-8.811500387739805e+17,0.0
1.0,zero,924,139.64531757961876,1.1217841992040412e-15,9.857592620357272e+21,1.0,-0.014343110340844942,-1.2637998945265486e+16,0.0,-4.342409155297709e+17,0.0,-8.811198300048072e+17,0.0
1.0,zero,925,139.64691134450013,1.1182141714892449e-15,9.857481743342185e+21,1.0,-0.014354358283717892,-1.264747669081773e+16,0.0,-4.3422109273783526e+17,0.0,-8.810896621664883e+17,0.0
1.0,zero,926,139.6485030188344,1.1146601657163482e-15,9.857371015553602e+21,1.0,-0.01436559121453798,-1.2656941119415526e+16,0.0,-4.342012970772378e+17,0.0,-8.810595352738911e+17,0.0
1.0,zero,927,139.65009260156395,1.1111221036411652e-15,9.857260437050002e+21,1.0,-0.014376809126865417,-1.2666392228330698e+16,0.0,-4.341815285566058e+17,0.0,-8.810294493415423e+17,0.0
1.0,zero,928,139.6516800916495,1.1075999074048493e-15,9.857150007888604e+21,1.0,-0.01438801201438845,-1.267583001494068e+16,0.0,-4.341617871843427e+17,0.0,-8.809994043836261e+17,0.0
1.0,zero,929,139.65326548806985,1.1040934995323366e-15,9.857039728125376e+21,1.0,-0.014399199870922908,-1.268525447672813e+16,0.0,-4.3414207296863e+17,0.0,-8.809694004139881e+17,0.0
1.0,zero,930,139.6548487898222,1.1006028029300993e-15,9.856929597815016e+21,1.0,-0.014410372690413458,-1.2694665611281898e+16,0.0,-4.341223859174238e+17,0.0,-8.809394374461294e+17,0.0
1.0,zero,931,139.65642999592205,1.0971277408845398e-15,9.856819617010966e+21,1.0,-0.014421530466932949,-1.2704063416296482e+16,0.0,-4.3410272603845715e+17,0.0,-8.809095154932108e+17,0.0
1.0,zero,932,139.65800910540312,1.0936682370601992e-15,9.856709785765412e+21,1.0,-0.014432673194682234,-1.2713447889571796e+16,0.0,-4.3408309333923974e+17,0.0,-8.808796345680513e+17,0.0
1.0,zero,933,139.65958611731745,1.0902242154979738e-15,9.85660010412927e+21,1.0,-0.014443800867990693,-1.2722819029013582e+16,0.0,-4.3406348782705696e+17,0.0,-8.808497946831276e+17,0.0
1.0,zero,934,139.66116103073546,1.0867956006130278e-15,9.8564905721522e+21,1.0,-0.014454913481316507,-1.2732176832633618e+16,0.0,-4.340439095089704e+17,0.0,-8.808199958505743e+17,0.0
1.0,zero,935,139.66273384474584,1.0833823171933978e-15,9.856381189882598e+21,1.0,-0.014466011029246075,-1.2741521298549148e+16,0.0,-4.3402435839181734e+17,0.0,-8.80790238082184e+17,0.0
1.0,zero,936,139.66430455845568,1.0799842903979173e-15,9.856271957367592e+21,1.0,-0.014477093506494615,-1.2750852424983384e+16,0.0,-4.340048344822114e+17,0.0,-8.807605213894062e+17,0.0
1.0,zero,937,139.66587317099038,1.0766014457545856e-15,9.856162874653055e+21,1.0,-0.014488160907905766,-1.2760170210265096e+16,0.0,-4.339853377865418e+17,0.0,-8.807308457833489e+17,0.0
1.0,zero,938,139.66743968149373,1.0732337091586964e-15,9.85605394178359e+21,1.0,-0.014499213228452138,-1.276947465282906e+16,0.0,-4.3396586831097376e+17,0.0,-8.807012112747764e+17,0.0
1.0,zero,939,139.66900408912784,1.0698810068712756e-15,9.855945158802536e+21,1.0,-0.01451025046323465,-1.2778765751215446e+16,0.0,-4.3394642606144845e+17,0.0,-8.806716178741123e+17,0.0
1.0,zero,940,139.67056639307324,1.0665432655170423e-15,9.855836525751974e+21,1.0,-0.01452127260748346,-1.2788043504070574e+16,0.0,-4.3392701104368275e+17,0.0,-8.80642065591436e+17,0.0
1.0,zero,941,139.67212659252885,1.0632204120828587e-15,9.85572804267271e+21,1.0,-0.014532279656557321,-1.2797307910146294e+16,0.0,-4.339076232631689e+17,0.0,-8.806125544364841e+17,0.0
1.0,zero,942,139.6736846867119,1.059912373916071e-15,9.8556197096043e+21,1.0,-0.01454327160594352,-1.2806558968299946e+16,0.0,-4.3388826272517594e+17,0.0,-8.805830844186519e+17,0.0
1.0,zero,943,139.67524067485814,1.0566190787224263e-15,9.855511526585015e+21,1.0,-0.014554248451258795,-1.281579667749506e+16,0.0,-4.3386892943474784e+17,0.0,-8.805536555469907e+17,0.0
1.0,zero,944,139.6767945562216,1.0533404545647866e-15,9.855403493651881e+21,1.0,-0.014565210188248247,-1.2825021036800398e+16,0.0,-4.3384962339670464e+17,0.0,-8.805242678302098e+17,0.0
1.0,zero,945,139.67834633007476,1.050076429861183e-15,9.855295610840647e+21,1.0,-0.01457615681278579,-1.2834232045390308e+16,0.0,-4.338303446156428e+17,0.0,-8.80494921276676e+17,0.0
1.0,zero,946,139.6798959957085,1.0468269333830584e-15,9.8551878781858e+21,1.0,-0.014587088320874624,-1.2843429702545066e+16,0.0,-4.338110930959337e+17,0.0,-8.804656158944124e+17,0.0
1.0,zero,947,139.6814435524321,1.043591894253758e-15,9.855080295720565e+21,1.0,-0.014598004708646518,-1.285261400765025e+16,0.0,-4.337918688417252e+17,0.0,-8.804363516911007e+17,0.0
1.0,zero,948,139.68298899957327,1.0403712419467213e-15,9.854972863476897e+21,1.0,-0.014608905972362028,-1.2861784960196862e+16,0.0,-4.3377267185694125e+17,0.0,-8.804071286740794e+17,0.0
1.0,zero,949,139.6845323364781,1.037164906283748e-15,9.854865581485492e+21,1.0,-0.014619792108411002,-1.2870942559781744e+16,0.0,-4.337535021452813e+17,0.0,-8.803779468503442e+17,0.0
1.0,zero,950,139.68607356251107,1.0339728174335612e-15,9.854758449775777e+21,1.0,-0.01463066311331144,-1.2880086806106544e+16,0.0,-4.3373435971022163e+17,0.0,-8.803488062265498e+17,0.0
1.0,zero,951,139.6876126770551,1.030794905909846e-15,9.854651468375919e+21,1.0,-0.014641518983710721,-1.2889217698978736e+16,0.0,-4.337152445550143e+17,0.0,-8.803197068090072e+17,0.0
1.0,zero,952,139.68914967951156,1.0276311025697673e-15,9.85454463731282e+21,1.0,-0.014652359716384837,-1.2898335238310924e+16,0.0,-4.3369615668268736e+17,0.0,-8.802906486036856e+17,0.0
1.0,zero,953,139.69068456930012,1.024481338612318e-15,9.854437956612115e+21,1.0,-0.014663185308238468,-1.2907439424120866e+16,0.0,-4.336770960960457e+17,0.0,-8.802616316162122e+17,0.0
1.0,zero,954,139.6922173458589,1.0213455455766681e-15,9.85433142629818e+21,1.0,-0.014673995756304915,-1.2916530256531382e+16,0.0,-4.336580627976705e+17,0.0,-8.802326558518725e+17,0.0
1.0,zero,955,139.6937480086444,1.0182236553404682e-15,9.854225046394133e+21,1.0,-0.01468479105774631,-1.2925607735770496e+16,0.0,-4.3363905678991974e+17,0.0,-8.8020372131561e+17,0.0
1.0,zero,956,139.69527655713162,1.0151156001181574e-15,9.854118816921818e+21,1.0,-0.014695571209853816,-1.2934671862171562e+16,0.0,-4.336200780749272e+17,0.0,-8.80174828012026e+17,0.0
1.0,zero,957,139.69680299081378,1.0120213124596807e-15,9.854012737901826e+21,1.0,-0.014706336210046337,-1.2943722636172134e+16,0.0,-4.336011266546046e+17,0.0,-8.801459759453814e+17,0.0
1.0,zero,958,139.6983273092026,1.0089407252484624e-15,9.85390680935349e+21,1.0,-0.014717086055871945,-1.2952760058315142e+16,0.0,-4.3358220253064006e+17,0.0,-8.801171651195953e+17,0.0
1.0,zero,959,139.69984951182812,1.0058737717000787e-15,9.853801031294876e+21,1.0,-0.01472782074500693,-1.2961784129248034e+16,0.0,-4.335633057044986e+17,0.0,-8.800883955382452e+17,0.0
1.0,zero,960,139.7013695982388,1.0028203853604743e-15,9.85369540374279e+21,1.0,-0.014738540275256375,-1.2970794849723256e+16,0.0,-4.3354443617742266e+17,0.0,-8.800596672045686e+17,0.0
1.0,zero,961,139.70288756800144,9.997805001045871e-16,9.853589926712783e+21,1.0,-0.014749244644553064,-1.297979222059725e+16,0.0,-4.335255939504321e+17,0.0,-8.800309801214615e+17,0.0
1.0,zero,962,139.70440342070114,9.967540501346368e-16,9.853484600219153e+21,1.0,-0.014759933850958402,-1.2988776242831246e+16,0.0,-4.335067790243249e+17,0.0,-8.800023342914812e+17,0.0
1.0,zero,963,139.70591715594145,9.937409699784174e-16,9.853379424274927e+21,1.0,-0.014770607892662354,-1.2997746917491108e+16,0.0,-4.334879913996752e+17,0.0,-8.799737297168415e+17,0.0
1.0,zero,964,139.70742877334416,9.907411944880525e-16,9.85327439889189e+21,1.0,-0.014781266767982217,-1.300670424574633e+16,0.0,-4.3346923107683686e+17,0.0,-8.7994516639942e+17,0.0
1.0,zero,965,139.70893827254946,9.877546588381322e-16,9.853169524080567e+21,1.0,-0.01479191047536406,-1.3015648228871168e+16,0.0,-4.334504980559406e+17,0.0,-8.799166443407524e+17,0.0
1.0,zero,966,139.71044565321583,9.847812985243078e-16,9.853064799850219e+21,1.0,-0.014802539013381619,-1.3024578868243678e+16,0.0,-4.334317923368956e+17,0.0,-8.798881635420348e+17,0.0
1.0,zero,967,139.71195091501997,9.81821049361891e-16,9.852960226208874e+21,1.0,-0.014813152380735854,-1.3033496165345324e+16,0.0,-4.334131139193908e+17,0.0,-8.798597240041268e+17,0.0
1.0,zero,968,139.71345405765703,9.788738474838437e-16,9.852855803163288e+21,1.0,-0.014823750576256647,-1.3042400121762364e+16,0.0,-4.3339446280289197e+17,0.0,-8.798313257275464e+17,0.0
1.0,zero,969,139.71495508084033,9.759396293397813e-16,9.852751530718975e+21,1.0,-0.014834333598900594,-1.3051290739183938e+16,0.0,-4.33375838986645e+17,0.0,-8.798029687124739e+17,0.0
1.0,zero,970,139.71645398430144,9.730183316941968e-16,9.852647408880199e+21,1.0,-0.014844901447752055,-1.3060168019402948e+16,0.0,-4.333572424696749e+17,0.0,-8.797746529587526e+17,0.0
1.0,zero,971,139.71795076779026,9.701098916248607e-16,9.852543437649977e+21,1.0,-0.014855454122022963,-1.3069031964315838e+16,0.0,-4.3333867325078566e+17,0.0,-8.797463784658871e+17,0.0
1.0,zero,972,139.7194454310749,9.672142465214504e-16,9.852439617030068e+21,1.0,-0.014865991621052637,-1.3077882575922398e+16,0.0,-4.333201313285607e+17,0.0,-8.797181452330438e+17,0.0
1.0,zero,973,139.7209379739416,9.643313340841236e-16,9.852335947021e+21,1.0,-0.01487651394430688,-1.3086719856324992e+16,0.0,-4.3330161670136474e+17,0.0,-8.796899532590545e+17,0.0
1.0,zero,974,139.72242839619497,9.614610923217177e-16,9.852232427622044e+21,1.0,-0.014887021091379479,-1.3095543807729772e+16,0.0,-4.3328312936734086e+17,0.0,-8.796618025424116e+17,0.0
1.0,zero,975,139.72391669765764,9.586034595506662e-16,9.852129058831236e+21,1.0,-0.01489751306199026,-1.3104354432445e+16,0.0,-4.3326466932441414e+17,0.0,-8.796336930812733e+17,0.0
1.0,zero,976,139.72540287817054,9.557583743930988e-16,9.85202584064536e+21,1.0,-0.014907989855986523,-1.3113151732882232e+16,0.0,-4.33246236570289e+17,0.0,-8.796056248734604e+17,0.0
1.0,zero,977,139.72688693759264,9.529257757757688e-16,9.85192277305997e+21,1.0,-0.01491845147334156,-1.3121935711555042e+16,0.0,-4.332278311024525e+17,0.0,-8.7957759791646e+17,0.0
1.0,zero,978,139.72836887580112,9.5010560292822e-16,9.851819856069378e+21,1.0,-0.014928897914155569,-1.3130706371079726e+16,0.0,-4.332094529181713e+17,0.0,-8.795496122074223e+17,0.0
1.0,zero,979,139.7298486926913,9.472977953815058e-16,9.851717089666649e+21,1.0,-0.014939329178655196,-1.3139463714174924e+16,0.0,-4.3319110201449434e+17,0.0,-8.795216677431636e+17,0.0
1.0,zero,980,139.73132638817643,9.445022929669118e-16,9.851614473843626e+21,1.0,-0.014949745267192513,-1.3148207743660702e+16,0.0,-4.331727783882535e+17,0.0,-8.794937645201677e+17,0.0
1.0,zero,981,139.73280196218803,9.417190358140356e-16,9.85151200859091e+21,1.0,-0.014960146180246518,-1.3156938462459774e+16,0.0,-4.331544820360608e+17,0.0,-8.794659025345814e+17,0.0
1.0,zero,982,139.73427541467558,9.389479643497897e-16,9.851409693897866e+21,1.0,-0.014970531918421634,-1.3165655873596236e+16,0.0,-4.331362129543123e+17,0.0,-8.794380817822209e+17,0.0
1.0,zero,983,139.73574674560655,9.361890192968154e-16,9.85130752975264e+21,1.0,-0.014980902482447662,-1.317435998019546e+16,0.0,-4.3311797113918726e+17,0.0,-8.7941030225857e+17,0.0
1.0,zero,984,139.73721595496647,9.334421416719604e-16,9.851205516142137e+21,1.0,-0.014991257873180374,-1.3183050785484578e+16,0.0,-4.330997565866468e+17,0.0,-8.793825639587781e+17,0.0
1.0,zero,985,139.73868304275885,9.307072727849709e-16,9.851103653052042e+21,1.0,-0.01500159809160066,-1.319172829279173e+16,0.0,-4.3308156929243654e+17,0.0,-8.793548668776648e+17,0.0
1.0,zero,986,139.74014800900517,9.279843542369802e-16,9.851001940466807e+21,1.0,-0.01501192313881481,-1.3200392505546264e+16,0.0,-4.330634092520853e+17,0.0,-8.79327211009717e+17,0.0
1.0,zero,987,139.7416108537448,9.252733279192647e-16,9.85090037836967e+21,1.0,-0.015022233016053595,-1.3209043427277936e+16,0.0,-4.330452764609073e+17,0.0,-8.792995963490925e+17,0.0
1.0,zero,988,139.743071577035,9.225741360116888e-16,9.850798966742639e+21,1.0,-0.015032527724672935,-1.3217681061617444e+16,0.0,-4.330271709140005e+17,0.0,-8.792720228896184e+17,0.0
1.0,zero,989,139.744530178951,9.198867209813677e-16,9.850697705566507e+21,1.0,-0.01504280726615305,-1.3226305412295656e+16,0.0,-4.330090926062481e+17,0.0,-8.792444906247918e+17,0.0
1.0,zero,990,139.74598665958587,9.172110255811751e-16,9.850596594820848e+21,1.0,-0.015053071642099057,-1.3234916483144126e+16,0.0,-4.329910415323186e+17,0.0,-8.792169995477812e+17,0.0
1.0,zero,991,139.74744101905043,9.14546992848574e-16,9.85049563448402e+21,1.0,-0.015063320854239545,-1.3243514278093812e+16,0.0,-4.3297301768666656e+17,0.0,-8.79189549651427e+17,0.0
1.0,zero,992,139.74889325747336,9.118945661040829e-16,9.850394824533168e+21,1.0,-0.015073554904427553,-1.3252098801175912e+16,0.0,-4.329550210635325e+17,0.0,-8.791621409282408e+17,0.0
1.0,zero,993,139.7503433750011,9.092536889499067e-16,9.850294164944226e+21,1.0,-0.015083773794639667,-1.3260670056521044e+16,0.0,-4.3293705165694355e+17,0.0,-8.791347733704082e+17,0.0
1.0,zero,994,139.75179137179788,9.066243052686242e-16,9.850193655691917e+21,1.0,-0.015093977526976025,-1.326922804835924e+16,0.0,-4.329191094607141e+17,0.0,-8.791074469697874e+17,0.0
1.0,zero,995,139.75323724804556,9.040063592218275e-16,9.85009329674976e+21,1.0,-0.015104166103660256,-1.3277772781019848e+16,0.0,-4.329011944684456e+17,0.0,-8.79080161717911e+17,0.0
1.0,zero,996,139.75468100394377,9.013997952487169e-16,9.849993088090067e+21,1.0,-0.015114339527038842,-1.3286304258930972e+16,0.0,-4.328833066735275e+17,0.0,-8.790529176059859e+17,0.0
1.0,zero,997,139.75612263970973,8.988045580648539e-16,9.849893029683948e+21,1.0,-0.01512449779958124,-1.3294822486619552e+16,0.0,-4.328654460691378e+17,0.0,-8.790257146248951e+17,0.0
1.0,zero,998,139.75756215557834,8.962205926606638e-16,9.849793121501313e+21,1.0,-0.01513464092387977,-1.3303327468711228e+16,0.0,-4.3284761264824237e+17,0.0,-8.789985527651959e+17,0.0
1.0,zero,999,139.75899955180205,8.936478443003017e-16,9.849693363510874e+21,1.0,-0.015144768902648641,-1.3311819209929484e+16,0.0,-4.3282980640359725e+17,0.0,-8.789714320171241e+17,0.0
1.0,zero,1000,139.76043482865086,8.910862585202146e-16,9.849593755680152e+21,1.0,-0.015154881738724474,-1.332029771509609e+16,0.0,-4.3281202732774784e+17,0.0,-8.789443523705917e+17,0.0
1.0,zero,1001,139.76186798641237,8.885357811277137e-16,9.849494297975464e+21,1.0,-0.015164979435066183,-1.332876298913094e+16,0.0,-4.327942754130287e+17,0.0,-8.789173138151882e+17,0.0
1.0,zero,1002,139.76329902539158,8.859963581999537e-16,9.849394990361954e+21,1.0,-0.015175061994753603,-1.3337215037050892e+16,0.0,-4.3277655065156634e+17,0.0,-8.788903163401837e+17,0.0
1.0,zero,1003,139.764727945911,8.834679360823102e-16,9.84929583280356e+21,1.0,-0.015185129420988609,-1.3345653863970662e+16,0.0,-4.327588530352774e+17,0.0,-8.788633599345254e+17,0.0
1.0,zero,1004,139.7661547483106,8.809504613872193e-16,9.849196825263045e+21,1.0,-0.015195181717094153,-1.3354079475102002e+16,0.0,-4.3274118255586976e+17,0.0,-8.788364445868415e+17,0.0
1.0,zero,1005,139.76757943294766,8.784438809930185e-16,9.849097967701993e+21,1.0,-0.015205218886513472,-1.336249187575299e+16,0.0,-4.327235392048445e+17,0.0,-8.788095702854419e+17,0.0
1.0,zero,1006,139.76900200019688,8.759481420422928e-16,9.848999260080793e+21,1.0,-0.015215240932811468,-1.3370891071329178e+16,0.0,-4.3270592297349344e+17,0.0,-8.78782737018316e+17,0.0
1.0,zero,1007,139.7704224504502,8.734631919410267e-16,9.848900702358674e+21,1.0,-0.015225247859672438,-1.3379277067331648e+16,0.0,-4.326883338529031e+17,0.0,-8.787559447731379e+17,0.0
1.0,zero,1008,139.77184078411696,8.70988978356961e-16,9.848802294493681e+21,1.0,-0.015235239670901441,-1.3387649869358134e+16,0.0,-4.326707718339522e+17,0.0,-8.787291935372626e+17,0.0
1.0,zero,1009,139.77325700162365,8.685254492185039e-16,9.848704036442686e+21,1.0,-0.01524521637042313,-1.3396009483102002e+16,0.0,-4.326532369073137e+17,0.0,-8.787024832977295e+17,0.0
1.0,zero,1010,139.77467110341397,8.66072552713497e-16,9.8486059281614e+21,1.0,-0.015255177962281506,-1.340435591435205e+16,0.0,-4.326357290634558e+17,0.0,-8.786758140412637e+17,0.0
1.0,zero,1011,139.7760830899488,8.636302372878374e-16,9.848507969604359e+21,1.0,-0.015265124450640039,-1.3412689168992542e+16,0.0,-4.3261824829264115e+17,0.0,-8.786491857542748e+17,0.0
1.0,zero,1012,139.7774929617062,8.611984516442048e-16,9.848410160724942e+21,1.0,-0.015275055839781362,-1.3421009253002954e+16,0.0,-4.326007945849276e+17,0.0,-8.786225984228582e+17,0.0
1.0,zero,1013,139.77890071918125,8.587771447409896e-16,9.848312501475364e+21,1.0,-0.015284972134106482,-1.342931617245726e+16,0.0,-4.3258336793016954e+17,0.0,-8.785960520327963e+17,0.0
1.0,zero,1014,139.78030636288608,8.563662657909299e-16,9.848214991806686e+21,1.0,-0.015294873338134668,-1.3437609933523832e+16,0.0,-4.3256596831801824e+17,0.0,-8.785695465695603e+17,0.0
1.0,zero,1015,139.7817098933499,8.539657642597567e-16,9.848117631668808e+21,1.0,-0.015304759456504025,-1.3445890542465902e+16,0.0,-4.325485957379214e+17,0.0,-8.785430820183086e+17,0.0
1.0,zero,1016,139.7831113111188,8.515755898652309e-16,9.848020421010486e+21,1.0,-0.01531463049396956,-1.345415800563987e+16,0.0,-4.325312501791251e+17,0.0,-8.7851665836389e+17,0.0
1.0,zero,1017,139.78451061675585,8.491956925757011e-16,9.847923359779324e+21,1.0,-0.015324486455404355,-1.3462412329496318e+16,0.0,-4.3251393163067354e+17,0.0,-8.784902755908434e+17,0.0
1.0,zero,1018,139.785907810841,8.468260226089549e-16,9.84782644792178e+21,1.0,-0.015334327345798527,-1.347065352057907e+16,0.0,-4.3249664008140934e+17,0.0,-8.784639336833978e+17,0.0
1.0,zero,1019,139.787302893971,8.444665304310291e-16,9.847729685383172e+21,1.0,-0.01534415317025897,-1.3478881585524978e+16,0.0,-4.324793755199754e+17,0.0,-8.784376326254757e+17,0.0
1.0,zero,1020,139.7886958667594,8.421171667550219e-16,9.84763307210768e+21,1.0,-0.01535396393400904,-1.3487096531063614e+16,0.0,-4.3246213793481434e+17,0.0,-8.784113724006922e+17,0.0
1.0,zero,1021,139.79008672983662,8.397778825396723e-16,9.847536608038342e+21,1.0,-0.015363759642388886,-1.349529836401752e+16,0.0,-4.324449273141684e+17,0.0,-8.783851529923543e+17,0.0
1.0,zero,1022,139.7914754838496,8.374486289885181e-16,9.847440293117068e+21,1.0,-0.015373540300854013,-1.3503487091301008e+16,0.0,-4.3242774364608237e+17,0.0,-8.783589743834657e+17,0.0
1.0,zero,1023,139.79286212946212,8.351293575483885e-16,9.84734412728464e+21,1.0,-0.015383305914975755,-1.3511662719920498e+16,0.0,-4.324105869184021e+17,0.0,-8.783328365567249e+17,0.0
1.0,zero,1024,139.79424666735443,8.328200199084747e-16,9.84724811048071e+21,1.0,-0.015393056490440482,-1.3519825256973846e+16,0.0,-4.323934571187765e+17,0.0,-8.783067394945268e+17,0.0
1.0,quadrature,0,137.6422999547138,6.161810271353063e-14,1e+22,1.0,0.0,-1.3161962779136546e-52,6.086381993704627e-17,-4.600746994005197e+17,0.0,-9.201493988010394e+17,6.086381993704627e-17
1.0,quadrature,1,137.6446975125387,6.132334405062116e-14,9.999825816977525e+21,1.0,-1.741845394784404e-05,-16026742415751.963,6.071807019161942e-17,-4.6004264507817946e+17,-5.287982438694839e-22,-9.201013168987747e+17,6.071701259513168e-17
1.0,quadrature,2,137.6470949797527,6.103000646625425e-14,9.999651649639194e+21,1.0,-3.483564283459918e-05,-32050646063148.336,6.057267494125683e-17,-4.600105947586746e+17,-1.0550072830380495e-21,-9.200532401634125e+17,6.057056492669075e-17
1.0,quadrature,3,137.6494923559408,6.073808310710849e-14,9.999477498013484e+21,1.0,-5.225156374083316e-05,-48071708709134.83,6.042763333593809e-17,-4.5997854844694656e+17,-1.5786366812450582e-21,-9.200051686026022e+17,6.04244760625756e-17
1.0,quadrature,4,137.65188964068614,6.044756715291477e-14,9.999303362129005e+21,1.0,-6.96662137338862e-05,-64089928109545.76,6.028294452770685e-17,-4.599465061479594e+17,-2.099695971119315e-21,-9.199571022240284e+17,6.02787451357646e-17
1.0,quadrature,5,137.65428683356984,6.015845181631314e-14,9.999129242014505e+21,1.0,-8.707958986697112e-05,-80105302008282.61,6.013860767067385e-17,-4.5991446786670317e+17,-2.6181946542497974e-21,-9.199090410354147e+17,6.013337128136536e-17
1.0,quadrature,6,137.6566839341712,5.987073034266884e-14,9.99895513769886e+21,1.0,-0.00010449168918032769,-96117828138381.78,5.999462192099956e-17,-4.598824336081896e+17,-3.134142201317433e-21,-9.198609850445175e+17,5.998835363659693e-17
1.0,quadrature,7,137.6590809420675,5.958439600994089e-14,9.99878104921109e+21,1.0,-0.00012190250869980922,-112127504220721.11,5.98509864369023e-17,-4.598504033774566e+17,-3.647548052150162e-21,-9.198129342591338e+17,5.9843691340798e-17
1.0,quadrature,8,137.66147785683407,5.929944212850655e-14,9.998606976580344e+21,1.0,-0.00013931204543784435,-128134327964910.47,5.97077003786442e-17,-4.598183771795652e+17,-4.158421615848342e-21,-9.197648886870953e+17,5.96993835354125e-17
1.0,quadrature,9,137.6638746780442,5.901586204102098e-14,9.998432919835917e+21,1.0,-0.0001567202963925371,-144138297068470.7,5.956476290853442e-17,-4.5978635501960186e+17,-4.666772270854872e-21,-9.197168483362723e+17,5.955542936399271e-17
1.0,quadrature,10,137.66627140526938,5.873364912223672e-14,9.998258879007224e+21,1.0,-0.00017412725854882124,-160139409217901.12,5.942217319091164e-17,-4.597543369026764e+17,-5.1726093650850664e-21,-9.196688132145708e+17,5.941182797218146e-17
1.0,quadrature,11,137.66866803807892,5.845279677888151e-14,9.998084854123837e+21,1.0,-0.00019153292887666169,-176137662087032.56,5.927993039215572e-17,-4.5972232283392454e+17,-5.67594221597035e-21,-9.196207833299361e+17,5.926857850772379e-17
1.0,quadrature,12,137.6710645760403,5.817329844946942e-14,9.997910845215455e+21,1.0,-0.00020893730433304338,-192133053338861.88,5.913803368066541e-17,-4.596903128185055e+17,-6.176780110611708e-21,-9.195727586903498e+17,5.912568012044417e-17
1.0,quadrature,13,137.67346101871888,5.78951476041765e-14,9.997736852311918e+21,1.0,-0.00022634038186010832,-208125580623845.88,5.899648222686787e-17,-4.5965830686160403e+17,-6.675132305821117e-21,-9.195247393038319e+17,5.898313196225621e-17
1.0,quadrature,14,137.67585736567807,5.761833774467365e-14,9.997562875443207e+21,1.0,-0.0002437421583859249,-224115241580614.88,5.885527520320686e-17,-4.5962630496842976e+17,-7.171008028239016e-21,-9.194767251784401e+17,5.884093318715037e-17
1.0,quadrature,15,137.67825361647925,5.734286240397369e-14,9.997388914639443e+21,1.0,-0.00026114263082455087,-240102033836037.38,5.871441178413719e-17,-4.595943071442172e+17,-7.664416474430928e-21,-9.194287163222706e+17,5.869908295118832e-17
1.0,quadrature,16,137.68064977068175,5.706871514628889e-14,9.997214969930891e+21,1.0,-0.0002785417960754541,-256085955004693.97,5.857389114612441e-17,-4.5956231339422675e+17,-8.155366810965634e-21,-9.193807127434583e+17,5.855758041250247e-17
1.0,quadrature,17,137.68304582784293,5.679588956686642e-14,9.997041041347948e+21,1.0,-0.0002959396510242822,-272067002689590.66,5.843371246763272e-17,-4.5953032372374234e+17,-8.643868174531168e-21,-9.193327144501742e+17,5.841642473128366e-17
1.0,quadrature,18,137.685441787518,5.6524379291860255e-14,9.996867128921166e+21,1.0,-0.0003133361925414486,-288045174480867.1,5.82938749291314e-17,-4.5949833813807546e+17,-9.129929671989129e-21,-9.192847214506317e+17,5.827561506978743e-17
1.0,quadrature,19,137.6878376492602,5.62541779781552e-14,9.996693232681226e+21,1.0,-0.00033073141748373656,-304020467957276.2,5.815437771307601e-17,-4.594663566425612e+17,-9.613560380513412e-21,-9.192367337530797e+17,5.8135150592315e-17
1.0,quadrature,20,137.69023341262064,5.598527931324332e-14,9.996519352658964e+21,1.0,-0.0003481253226927568,-319992880684774.0,5.801522000391651e-17,-4.594343792425614e+17,-1.0094769347640701e-20,-9.191887513658076e+17,5.799503046522123e-17
1.0,quadrature,21,137.69262907714844,5.571767701505923e-14,9.996345488885353e+21,1.0,-0.00036551790499584545,-335962410217351.4,5.787640098808353e-17,-4.5940240594346336e+17,-1.0573565591388584e-20,-9.191407742971442e+17,5.785525385690074e-17
1.0,quadrature,22,137.69502464239056,5.5451364831841746e-14,9.996171641391512e+21,1.0,-0.0003829091612054848,-351929054096508.1,5.773791985398807e-17,-4.5937043675068006e+17,-1.1049958100332482e-20,-9.190928025554565e+17,5.771581993778739e-17
1.0,quadrature,23,137.69742010789196,5.518633654198035e-14,9.995997810208706e+21,1.0,-0.00040029908811988006,-367892809851789.9,5.759977579201292e-17,-4.593384716696498e+17,-1.1523955833714387e-20,-9.190448361491514e+17,5.757672788034549e-17
1.0,quadrature,24,137.69981547319537,5.492258595388442e-14,9.995823995368344e+21,1.0,-0.000417687682521738,-383853674999672.7,5.746196799451561e-17,-4.5930651070583795e+17,-1.1995567721501626e-20,-9.189968750866756e+17,5.743797685907261e-17
1.0,quadrature,25,137.7022107378415,5.466010690582164e-14,9.995650196901986e+21,1.0,-0.0004350749411792289,-399811647044453.75,5.732449565581487e-17,-4.592745538647359e+17,-1.2464802664505239e-20,-9.189489193765162e+17,5.729956605048587e-17
1.0,quadrature,26,137.70460590136898,5.439889326577928e-14,9.99547641484133e+21,1.0,-0.0004524608608458569,-415766723478138.3,5.718735797218868e-17,-4.5924260115186016e+17,-1.2931669534468596e-20,-9.189009690271985e+17,5.716149463311974e-17
1.0,quadrature,27,137.70700096331421,5.413893893132591e-14,9.995302649218233e+21,1.0,-0.00046984543825994525,-431718901779974.6,5.705055414187233e-17,-4.592106525727546e+17,-1.3396177174144977e-20,-9.188530240472893e+17,5.702376178752404e-17
1.0,quadrature,28,137.7093959232115,5.388023782946769e-14,9.995128900064691e+21,1.0,-0.0004872286701445064,-447668179416341.1,5.691408336505305e-17,-4.591787081329898e+17,-1.3858334397385334e-20,-9.18805084445396e+17,5.688636669625829e-17
1.0,quadrature,29,137.71179078059302,5.362278391649913e-14,9.994955167412852e+21,1.0,-0.00050461055320769,-463614553841164.56,5.677794484386168e-17,-4.591467678381622e+17,-1.4318149989241396e-20,-9.187571502301655e+17,5.674930854388319e-17
1.0,quadrature,30,137.71418553498881,5.336657117786392e-14,9.994781451295014e+21,1.0,-0.0005219910841427179,-479558022495867.2,5.664213778236894e-17,-4.591148316938948e+17,-1.4775632706054855e-20,-9.187092214102854e+17,5.661258651695683e-17
1.0,quadrature,31,137.7165801859267,5.31115936280254e-14,9.994607751743626e+21,1.0,-0.000539370259627048,-495498582808606.06,5.650666138658679e-17,-4.59082899705838e+17,-1.52307912755259e-20,-9.186612979944846e+17,5.647619980403575e-17
1.0,quadrature,32,137.71897473293237,5.285784531030735e-14,9.994434068791284e+21,1.0,-0.0005567480763234001,-511436232195222.44,5.637151486445351e-17,-4.590509718796688e+17,-1.5683634396830032e-20,-9.186133799915327e+17,5.634014759565987e-17
1.0,quadrature,33,137.72136917552928,5.2605320296777903e-14,9.994260402470742e+21,1.0,-0.0005741245308783422,-527370968057949.94,5.623669742584137e-17,-4.5901904822109165e+17,-1.6134170740671628e-20,-9.185654674102413e+17,5.620442908436004e-17
1.0,quadrature,34,137.72376351323877,5.2354012688085726e-14,9.9940867528149e+21,1.0,-0.0005914996199238301,-543302787786835.56,5.61022082825386e-17,-4.589871287358376e+17,-1.658240894941357e-20,-9.18517560259462e+17,5.606904346463978e-17
1.0,quadrature,35,137.7261577455799,5.2103916613342196e-14,9.993913119856812e+21,1.0,-0.0006088733400758577,-559231688758507.3,5.596804664825547e-17,-4.5895521342966515e+17,-1.7028357637131836e-20,-9.184696585480888e+17,5.593398993298121e-17
1.0,quadrature,36,137.72855187206963,5.185502622997108e-14,9.993739503629683e+21,1.0,-0.0006262456879350339,-575157668336711.1,5.583421173861277e-17,-4.5892330230835974e+17,-1.7472025389719143e-20,-9.184217622850561e+17,5.579926768783331e-17
1.0,quadrature,37,137.73094589222254,5.160733572358574e-14,9.993565904166881e+21,1.0,-0.0006436166600860029,-591080723871786.5,5.57007027711445e-17,-4.5889139537773536e+17,-1.7913420764960133e-20,-9.183738714793425e+17,5.566487592961457e-17
1.0,quadrature,38,137.7333398055511,5.1360839307834404e-14,9.99339232150192e+21,1.0,-0.0006609862530981493,-607000852701319.8,5.556751896528337e-17,-4.588594926436328e+17,-1.8352552292636806e-20,-9.18325986139967e+17,5.55308138606981e-17
1.0,quadrature,39,137.73573361156554,5.11155312242816e-14,9.993218755668472e+21,1.0,-0.000678354463524891,-622918052149502.1,5.5434659542365045e-17,-4.588275941119203e+17,-1.878942847460018e-20,-9.182781062759903e+17,5.5397080685415837e-17
1.0,quadrature,40,137.73812730977374,5.087140574226653e-14,9.993045206700365e+21,1.0,-0.0006957212879036772,-638832319527137.1,5.530212372561993e-17,-4.58795699788495e+17,-1.9224057784857584e-20,-9.182302318965171e+17,5.526367561005022e-17
1.0,quadrature,41,137.74052089968143,5.062845715876809e-14,9.992871674631586e+21,1.0,-0.0007130867227561154,-654743652131761.6,5.5169910740168074e-17,-4.587638096792811e+17,-1.965644866966406e-20,-9.181823630106939e+17,5.5130597842828755e-17
1.0,quadrature,42,137.74291438079203,5.038667979827057e-14,9.99269815949627e+21,1.0,-0.0007304507645881636,-670652047247831.1,5.503801981301404e-17,-4.5873192379023066e+17,-2.0086609547615263e-20,-9.18134499627709e+17,5.499784659391882e-17
1.0,quadrature,43,137.74530775260664,5.0146068012641364e-14,9.992524661328726e+21,1.0,-0.0007478134098891005,-686557502145782.9,5.4906450173048164e-17,-4.587000421273253e+17,-2.0514548809708845e-20,-9.180866417567964e+17,5.486542107542875e-17
1.0,quadrature,44,137.74770101462417,4.99066161809779e-14,9.992351180163404e+21,1.0,-0.0007651746551329375,-702460014083336.0,5.4775201051030366e-17,-4.586681646965729e+17,-2.0940274819466367e-20,-9.180387894072292e+17,5.473332050139144e-17
1.0,quadrature,45,137.75009416634114,4.96683187095009e-14,9.992177716034928e+21,1.0,-0.0007825344967767474,-718359580303968.5,5.4644271679599363e-17,-4.586362915040115e+17,-2.136379591297958e-20,-9.17990942588327e+17,5.4601544087773416e-17
1.0,quadrature,46,137.7524872072518,4.9431170031408284e-14,9.992004268978071e+21,1.0,-0.0007998929312615623,-734256198037746.9,5.451366129325967e-17,-4.5860442255570714e+17,-2.178512039901886e-20,-9.179431013094522e+17,5.447009105246162e-17
1.0,quadrature,47,137.75488013684807,4.919516460674407e-14,9.991830839027774e+21,1.0,-0.0008172499550125008,-750149864501450.1,5.438336912837655e-17,-4.58572557857754e+17,-2.2204256559122942e-20,-9.178952655800095e+17,5.4338960615258284e-17
1.0,quadrature,48,137.75727295461957,4.896029692227909e-14,9.991657426219136e+21,1.0,-0.000834605564437674,-766040576897575.0,5.425339442317729e-17,-4.585406974162759e+17,-2.2621212647657752e-20,-9.178474354094493e+17,5.420815199788197e-17
1.0,quadrature,49,137.75966566005354,4.872656149137266e-14,9.991484030587417e+21,1.0,-0.0008519597559292769,-781928332415342.4,5.412373641774145e-17,-4.585088412374246e+17,-2.3035996891930125e-20,-9.177996108072645e+17,5.4077664423957586e-17
1.0,quadrature,50,137.76205825263492,4.8493952853848856e-14,9.991310652168045e+21,1.0,-0.0008693125258626876,-797813128229881.4,5.399439435399901e-17,-4.5847698932738176e+17,-2.3448617492250286e-20,-9.177517917829934e+17,5.394749711901451e-17
1.0,quadrature,51,137.76445073184627,4.826246557586512e-14,9.991137290996601e+21,1.0,-0.0008866638705968512,-813694961502585.9,5.38653674757237e-17,-4.5844514169235725e+17,-2.385908262202692e-20,-9.177039783462171e+17,5.381764931047964e-17
1.0,quadrature,52,137.76684309716774,4.80320942497952e-14,9.990963947108844e+21,1.0,-0.0009040137864737642,-829573829380652.6,5.373665502853428e-17,-4.584132983385914e+17,-2.426740042784121e-20,-9.176561705065635e+17,5.3688120227678597e-17
1.0,quadrature,53,137.76923534807716,4.780283349408794e-14,9.990790620540685e+21,1.0,-0.0009213622698189232,-845449728997497.9,5.360825625988185e-17,-4.58381459272353e+17,-2.46735790295404e-20,-9.176083682737036e+17,5.3558909101822763e-17
1.0,quadrature,54,137.77162748405,4.757467795314878e-14,9.990617311328208e+21,1.0,-0.0009387093169412594,-861322657472705.8,5.348017041904942e-17,-4.5834962449994035e+17,-2.5077626520322618e-20,-9.175605716573533e+17,5.343001516600878e-17
1.0,quadrature,55,137.77401950455922,4.7347622297218897e-14,9.990444019507658e+21,1.0,-0.0009560549241324298,-877192611911385.8,5.33523967571501e-17,-4.5831779402768154e+17,-2.547955096680371e-20,-9.175127806672744e+17,5.3301437655216473e-17
1.0,quadrature,56,137.77641140907548,4.7121661222244195e-14,9.990270745115454e+21,1.0,-0.0009733990876671379,-893059589404476.0,5.322493452711898e-17,-4.5828596786193485e+17,-2.5879360409108744e-20,-9.174649953132741e+17,5.317317580630075e-17
1.0,quadrature,57,137.77880319706696,4.6896789449752963e-14,9.990097488188174e+21,1.0,-0.0009907418038033887,-908923587028982.6,5.309778298370977e-17,-4.5825414600908774e+17,-2.6277062860963226e-20,-9.174172156052045e+17,5.3045228857987844e-17
1.0,quadrature,58,137.78119486799943,4.667300172673419e-14,9.989924248762572e+21,1.0,-0.0010080830687816521,-924784601847222.2,5.297094138349141e-17,-4.5822232847555834e+17,-2.6672666309755392e-20,-9.173694415529638e+17,5.29175960508719e-17
1.0,quadrature,59,137.78358642133625,4.645029282550839e-14,9.989751026875562e+21,1.0,-0.0010254228788259539,-940642630907828.6,5.284440898484004e-17,-4.5819051526779386e+17,-2.706617871664694e-20,-9.173216731664955e+17,5.279027662740673e-17
1.0,quadrature,60,137.7859778565383,4.6228657543615085e-14,9.989577822564237e+21,1.0,-0.0010427612301424608,-956497671244464.6,5.271818504794021e-17,-4.5815870639227264e+17,-2.745760801662182e-20,-9.172739104557897e+17,5.2663269831906965e-17
1.0,quadrature,61,137.78836917306396,4.600809070368741e-14,9.989404635865857e+21,1.0,-0.0010600981189200574,-972349719876359.8,5.2592268834778425e-17,-4.581269018555036e+17,-2.7846962118583725e-20,-9.172261534308836e+17,5.253657491054125e-17
1.0,quadrature,62,137.7907603703692,4.578858715332489e-14,9.989231466817847e+21,1.0,-0.0010774335413306015,-988198773808547.8,5.2466659609135176e-17,-4.58095101664025e+17,-2.823424890544387e-20,-9.171784021018586e+17,5.241019111132429e-17
1.0,quadrature,63,137.79315144790755,4.5570141764979834e-14,9.989058315457812e+21,1.0,-0.0010947674935284086,-1004044830031408.9,5.234135663658473e-17,-4.580633058244067e+17,-2.86194762341922e-20,-9.171306564788448e+17,5.2284117684116346e-17
1.0,quadrature,64,137.79554240512994,4.53527494358365e-14,9.988885181823525e+21,1.0,-0.001112099971650122,-1019887885520552.5,5.221635918449005e-17,-4.580315143432488e+17,-2.900265193597621e-20,-9.17082916572018e+17,5.2158353880618104e-17
1.0,quadrature,65,137.79793324148486,4.513640508769075e-14,9.988712065952935e+21,1.0,-0.0011294309718147754,-1035727937236886.8,5.2091666521998126e-17,-4.579997272271825e+17,-2.9383783816184655e-20,-9.17035182391602e+17,5.2032898954365745e-17
1.0,quadrature,66,137.80032395641828,4.492110366683036e-14,9.988538967884158e+21,1.0,-0.0011467604901239858,-1051564982126801.5,5.1967277920034893e-17,-4.5796794448286995e+17,-2.9762879654534164e-20,-9.169874539478666e+17,5.190775216072582e-17
1.0,quadrature,67,137.80271454937363,4.4706840143921e-14,9.988365887655496e+21,1.0,-0.001164088522661242,-1067399017121525.4,5.1843192651303583e-17,-4.5793616611700474e+17,-3.013994720513396e-20,-9.169397312511311e+17,5.1782912756893324e-17
1.0,quadrature,68,137.80510501979185,4.449360951388001e-14,9.988192825305419e+21,1.0,-0.0011814150654926127,-1083230039137781.4,5.1719409990275305e-17,-4.5790439213631104e+17,-3.0514994196582934e-20,-9.168920143117599e+17,5.165838000188215e-17
1.0,quadrature,69,137.8074953671113,4.4281406795768627e-14,9.988019780872573e+21,1.0,-0.0011987401146660377,-1099058045077146.4,5.159592921319018e-17,-4.578726225475446e+17,-3.0888028332035634e-20,-9.168443031401663e+17,5.153415315652611e-17
1.0,quadrature,70,137.8098855907678,4.407022703266944e-14,9.987846754395782e+21,1.0,-0.0012160636662117113,-1114883031826411.9,5.147274959804954e-17,-4.5784085735749286e+17,-3.125905728929122e-20,-9.167965977468122e+17,5.1410231483470954e-17
1.0,quadrature,71,137.8122756901946,4.38600652915746e-14,9.987673745914046e+21,1.0,-0.0012333857161415662,-1130704996257117.5,5.134987042461406e-17,-4.5780909657297485e+17,-3.162808872086245e-20,-9.167488981422068e+17,5.1286614247172335e-17
1.0,quadrature,72,137.81466566482237,4.3650916663269454e-14,9.987500755466544e+21,1.0,-0.0012507062604494663,-1146523935225737.0,5.1227290974399034e-17,-4.577773402008414e+17,-3.1995130254061e-20,-9.167012043369085e+17,5.1163300713890905e-17
1.0,quadrature,73,137.8170555140792,4.3442776262214324e-14,9.98732778309264e+21,1.0,-0.001268025295111076,-1162339845573566.2,5.110501053066802e-17,-4.577455882479751e+17,-3.2360189491073213e-20,-9.166535163415237e+17,5.1040290151685863e-17
1.0,quadrature,74,137.81944523739054,4.3235639226434316e-14,9.98715482883187e+21,1.0,-0.0012853428160837944,-1178152724126672.5,5.098302837843105e-17,-4.5771384072129094e+17,-3.2723274009040027e-20,-9.166058341667085e+17,5.091758183041297e-17
1.0,quadrature,75,137.82183483417933,4.302950071740219e-14,9.986981892723948e+21,1.0,-0.00130265881930701,-1193962567696134.0,5.086134380443842e-17,-4.576820976277351e+17,-3.308439136014214e-20,-9.165581578231663e+17,5.0795175021718136e-17
1.0,quadrature,76,137.8242243038658,4.282435591992919e-14,9.986808974808778e+21,1.0,-0.0013199733007012012,-1209769373077226.2,5.073995609717873e-17,-4.57650358974287e+17,-3.344354907165825e-20,-9.165104873216512e+17,5.0673068999035414e-17
1.0,quadrature,77,137.8266136458676,4.2620200042049045e-14,9.98663607512644e+21,1.0,-0.0013372862561687687,-1225573137050192.5,5.0618864546872785e-17,-4.576186247679578e+17,-3.3800754646064447e-20,-9.164628226729659e+17,5.0551263037580657e-17
1.0,quadrature,78,137.8290028595997,4.2417028314909874e-14,9.986463193717201e+21,1.0,-0.0013545976815930707,-1241373856379369.5,5.0498068445471763e-17,-4.575868950157922e+17,-3.415601556109062e-20,-9.164151638879636e+17,5.042975641434959e-17
1.0,quadrature,79,137.83139194447446,4.2214835992656795e-14,9.98629033062151e+21,1.0,-0.001371907572839257,-1257171527813958.0,5.037756708664947e-17,-4.575551697248666e+17,-3.4509339269818114e-20,-9.163675109775473e+17,5.030854840810983e-17
1.0,quadrature,80,137.83378089990154,4.201361835232496e-14,9.986117485879995e+21,1.0,-0.0013892159257536884,-1272966148087499.8,5.025735976580061e-17,-4.575234489022903e+17,-3.486073320074552e-20,-9.16319863952668e+17,5.0187638299399134e-17
1.0,quadrature,81,137.83616972528793,4.181337069373048e-14,9.985944659533475e+21,1.0,-0.001406522736163678,-1288757713917651.5,5.0137445780037494e-17,-4.57491732555206e+17,-3.521020475786128e-20,-9.162722228243296e+17,5.0067025370521766e-17
1.0,quadrature,82,137.83855842003797,4.161408833935485e-14,9.985771851622954e+21,1.0,-0.0014238279998780045,-1304546222006662.0,5.001782442818241e-17,-4.574600206907892e+17,-3.5557761320732644e-20,-9.16224587603585e+17,4.994670890554095e-17
1.0,quadrature,83,137.84094698355324,4.1415766634244124e-14,9.985599062189621e+21,1.0,-0.0014411317126860111,-1320331669040555.8,4.98984950107687e-17,-4.574283133162487e+17,-3.590341024456472e-20,-9.16176958301538e+17,4.9826688190279564e-17
1.0,quadrature,84,137.84333541523267,4.121840094588966e-14,9.985426291274851e+21,1.0,-0.0014584338703585665,-1336114051690022.0,4.9779456830030366e-17,-4.5739661043882675e+17,-3.624715886029806e-20,-9.161293349293435e+17,4.9706962512309777e-17
1.0,quadrature,85,137.84572371447246,4.102198666412833e-14,9.98525353892021e+21,1.0,-0.0014757344686471652,-1351893366609598.2,4.9660709189903074e-17,-4.5736491206579846e+17,-3.6589014474667406e-20,-9.160817174982066e+17,4.958753116095374e-17
1.0,quadrature,86,137.84811188066604,4.0826519201031366e-14,9.98508080516745e+21,1.0,-0.001493033503283988,-1367669610437738.5,4.954225139601806e-17,-4.5733321820447366e+17,-3.6928984370279374e-20,-9.16034106019385e+17,4.946839342727751e-17
1.0,quadrature,87,137.85049991320417,4.063199399079393e-14,9.984908090058513e+21,1.0,-0.001510330969982354,-1383442779797228.8,4.942408275569609e-17,-4.5730152886219424e+17,-3.726707580569928e-20,-9.159865005041857e+17,4.934954860408469e-17
1.0,quadrature,88,137.85288781147477,4.043840648963894e-14,9.984735393635535e+21,1.0,-0.0015276268644356219,-1399212871294199.8,4.930620257794979e-17,-4.572698440463381e+17,-3.76032960155059e-20,-9.159389009639704e+17,4.9230995985918785e-17
1.0,quadrature,89,137.85527557486304,4.02457521756983e-14,9.98456271594084e+21,1.0,-0.0015449211823181552,-1414979881519011.8,4.91886101734721e-17,-4.57238163764316e+17,-3.7937652210386435e-20,-9.15891307410151e+17,4.911273486905133e-17
1.0,quadrature,90,137.85766320275144,4.0054026548910955e-14,9.984390057016942e+21,1.0,-0.0015622139192849355,-1430743807045909.2,4.907130485463433e-17,-4.572064880235722e+17,-3.827015157720502e-20,-9.158437198541903e+17,4.89947645514799e-17
1.0,quadrature,91,137.8600506945196,3.98632251309213e-14,9.98421741690655e+21,1.0,-0.0015795050709711087,-1446504644432621.5,4.8954285935484366e-17,-4.5717481683158637e+17,-3.860080127906976e-20,-9.157961383076054e+17,4.887708433292624e-17
1.0,quadrature,92,137.86243804954432,3.967334346497576e-14,9.984044795652567e+21,1.0,-0.0015967946329920489,-1462262390220424.2,4.883755273174358e-17,-4.571431501958724e+17,-3.8929608455411086e-20,-9.157485627819652e+17,4.875969351483276e-17
1.0,quadrature,93,137.86482526719965,3.9484377115810833e-14,9.98387219329809e+21,1.0,-0.0016140826009435499,-1478017040934325.5,4.872110456079784e-17,-4.571114881239784e+17,-3.9256580222058636e-20,-9.157009932888911e+17,4.8642591400353716e-17
1.0,quadrature,94,137.86721234685677,3.9296321669555324e-14,9.98369960988641e+21,1.0,-0.00163136897040163,-1493768593082896.8,4.860494074169722e-17,-4.570798306234876e+17,-3.9581723671315024e-20,-9.156534298400581e+17,4.85257772943546e-17
1.0,quadrature,95,137.86959928788409,3.9109172733623894e-14,9.98352704546101e+21,1.0,-0.0016486537369223377,-1509517043158102.5,4.848906059515005e-17,-4.570481777020176e+17,-3.990504587202494e-20,-9.156058724471932e+17,4.840925050340601e-17
1.0,quadrature,96,137.87198608964712,3.8922925936615755e-14,9.983354500065578e+21,1.0,-0.0016659368960419434,-1525262387635486.2,4.837346344351968e-17,-4.570165293672209e+17,-4.022655386965572e-20,-9.155583211220773e+17,4.8293010335780375e-17
1.0,quadrature,97,137.8743727515085,3.873757692821812e-14,9.983181973743997e+21,1.0,-0.001683218443276037,-1541004622973357.0,4.8258148610824014e-17,-4.569848856267864e+17,-4.0546254686353585e-20,-9.155107758765462e+17,4.817705610145131e-17
1.0,quadrature,98,137.87675927282808,3.8553121379090324e-14,9.983009466540339e+21,1.0,-0.001700498374120941,-1556743745614082.8,4.8143115422722744e-17,-4.5695324648843635e+17,-4.0864155321045163e-20,-9.154632367224867e+17,4.8061387112080665e-17
1.0,quadrature,99,137.8791456529627,3.836955498078149e-14,9.98283697849889e+21,1.0,-0.0017177766840516515,-1572479751982227.8,4.8028363206525194e-17,-4.5692161195993043e+17,-4.1180262749472434e-20,-9.154157036718431e+17,4.794600268102625e-17
1.0,quadrature,100,137.88153189126646,3.818687344560917e-14,9.982664509664122e+21,1.0,-0.0017350533685240868,-1588212638486607.5,4.7913891291173344e-17,-4.568899820490619e+17,-4.1494583924310227e-20,-9.153681767366104e+17,4.7830902123324726e-17
1.0,quadrature,101,137.88391798709046,3.8005072506575623e-14,9.982492060080715e+21,1.0,-0.0017523284229728996,-1603942401518304.0,4.7799699007248373e-17,-4.568583567636608e+17,-4.1807125775196737e-20,-9.153206559288398e+17,4.771608475569799e-17
1.0,quadrature,102,137.8863039397829,3.782414791726067e-14,9.98231962979355e+21,1.0,-0.0017696018428126322,-1619669037451731.2,4.7685785686962003e-17,-4.56826736111593e+17,-4.2117895208831165e-20,-9.152731412606378e+17,4.760154989654434e-17
1.0,quadrature,103,137.88868974868902,3.7644095451725697e-14,9.982147218847708e+21,1.0,-0.0017868736234368805,-1635392542643878.0,4.7572150664154584e-17,-4.567951201007607e+17,-4.24268991090294e-20,-9.152256327441651e+17,4.7487296865936514e-17
1.0,quadrature,104,137.89107541315119,3.746491090440971e-14,9.981974827288477e+21,1.0,-0.0018041437602189972,-1651112913434959.8,4.7458793274288025e-17,-4.567635087391011e+17,-4.273414433681146e-20,-9.151781303916371e+17,4.7373324985614393e-17
1.0,quadrature,105,137.89346093250882,3.728659009003227e-14,9.981802455161341e+21,1.0,-0.0018214122485117712,-1666830146148137.2,4.734571285444265e-17,-4.5673190203458816e+17,-4.303963773046775e-20,-9.151306342153244e+17,4.725963357898172e-17
1.0,quadrature,106,137.89584630609826,3.710912884350536e-14,9.981630102511997e+21,1.0,-0.0018386790836463945,-1682544237088581.2,4.723290874331939e-17,-4.5670029999523296e+17,-4.334338610561333e-20,-9.150831442275546e+17,4.7146221971108165e-17
1.0,quadrature,107,137.89823153325304,3.693252301981809e-14,9.981457769386341e+21,1.0,-0.001855944260934199,-1698255182545067.8,4.712038028122458e-17,-4.5666870262908186e+17,-4.3645396255291674e-20,-9.150356604407087e+17,4.7033089488714e-17
1.0,quadrature,108,137.90061661330355,3.675676849395795e-14,9.981285455830482e+21,1.0,-0.0018732077756645957,-1713962978788106.8,4.7008126810077564e-17,-4.5663710994421894e+17,-4.3945674950009134e-20,-9.14988182867226e+17,4.692023546017754e-17
1.0,quadrature,109,137.90300154557727,3.6581861160802846e-14,9.98111316189073e+21,1.0,-0.0018904696231064875,-1729667622071241.5,4.689614767339954e-17,-4.5660552194876486e+17,-4.4244228937834156e-20,-9.14940711519601e+17,4.6807659215523866e-17
1.0,quadrature,110,137.90538632939862,3.640779693502851e-14,9.980940887613606e+21,1.0,-0.0019077297985073682,-1745369108630235.0,4.6784442216311765e-17,-4.565739386508772e+17,-4.454106494445025e-20,-9.148932464103845e+17,4.669536008642287e-17
1.0,quadrature,111,137.90777096408908,3.6234571751009975e-14,9.980768633045836e+21,1.0,-0.0019249882970939632,-1761067434683663.5,4.66730097855299e-17,-4.5654236005875e+17,-4.4836189673241255e-20,-9.148457875521836e+17,4.658333740618341e-17
1.0,quadrature,112,137.91015544896695,3.606218156273802e-14,9.980596398234364e+21,1.0,-0.001942245114070813,-1776762596431636.8,4.656184972936736e-17,-4.56510786180616e+17,-4.5129609805337244e-20,-9.147983349576635e+17,4.6471590509756694e-17
1.0,quadrature,113,137.91253978334763,3.5890622343705126e-14,9.980424183226334e+21,1.0,-0.0019595002446221362,-1792454590057505.2,4.645096139771912e-17,-4.564792170247438e+17,-4.54213319997175e-20,-9.147508886395451e+17,4.636011873371968e-17
1.0,quadrature,114,137.91492396654334,3.571989008683099e-14,9.980251988069106e+21,1.0,-0.001976753683909706,-1808143411725931.5,4.6340344142070425e-17,-4.564476525994409e+17,-4.571136289324489e-20,-9.147034486106077e+17,4.624892141628394e-17
1.0,quadrature,115,137.91730799786328,3.55499808043577e-14,9.98007981281026e+21,1.0,-0.0019940054270740065,-1823829057583958.0,4.622999731548591e-17,-4.564160929130522e+17,-4.5999709100757104e-20,-9.146560148836884e+17,4.613799789728441e-17
1.0,quadrature,116,137.9196918766136,3.538089052775358e-14,9.979907657497571e+21,1.0,-0.0020112554692344213,-1839511523761184.8,4.6119920272603754e-17,-4.563845379739593e+17,-4.6286377215139884e-20,-9.146085874716797e+17,4.602734751817348e-17
1.0,quadrature,117,137.92207560209727,3.5212615307633714e-14,9.979735522179046e+21,1.0,-0.0020285038054878215,-1855190806368497.8,4.601011236964054e-17,-4.563529877905838e+17,-4.6571373807374e-20,-9.145611663875361e+17,4.591696962202579e-17
1.0,quadrature,118,137.9244591736142,3.504515121365459e-14,9.979563406902893e+21,1.0,-0.002045750430909587,-1870866901499000.2,4.590057296437902e-17,-4.563214423713835e+17,-4.6854705426621e-20,-9.14513751644266e+17,4.5806863553525776e-17
1.0,quadrature,119,137.92684259046118,3.4878494334427356e-14,9.979391311717545e+21,1.0,-0.002062995340553353,-1886539805227803.0,4.5791301416167714e-17,-4.5628990172485574e+17,-4.713637860029113e-20,-9.144663432549393e+17,4.569702865896714e-17
1.0,quadrature,120,137.92922585193182,3.4712640777429474e-14,9.979219236671646e+21,1.0,-0.0020802385294502977,-1902209513611376.5,4.568229708591908e-17,-4.562583658595362e+17,-4.7416399834099265e-20,-9.144189412326838e+17,4.558746428625089e-17
1.0,quadrature,121,137.93160895731663,3.4547586668906894e-14,9.979047181814059e+21,1.0,-0.0020974799926098474,-1917876022688206.0,4.5573559336101294e-17,-4.562268347839988e+17,-4.7694775612146596e-20,-9.143715455906857e+17,4.5478169784877e-17
1.0,quadrature,122,137.93399190590293,3.438332815378846e-14,9.978875147193864e+21,1.0,-0.0021147197250191633,-1933539328478336.5,4.5465087530737736e-17,-4.5619530850685626e+17,-4.7971512396982056e-20,-9.143241563421908e+17,4.536914450594377e-17
1.0,quadrature,123,137.93637469697487,3.4219861395595e-14,9.978703132860363e+21,1.0,-0.0021319577216430074,-1949199426983255.8,4.535688103540282e-17,-4.561637870367607e+17,-4.824661662966839e-20,-9.142767735005046e+17,4.526038780214348e-17
1.0,quadrature,124,137.93875732981343,3.4057182576346723e-14,9.978531138863073e+21,1.0,-0.0021491939774241292,-1964856314186260.5,4.52489392172162e-17,-4.561322703824024e+17,-4.852009472985831e-20,-9.142293970789911e+17,4.515189902775648e-17
1.0,quadrature,125,137.9411398036964,3.3895287896477016e-14,9.978359165251731e+21,1.0,-0.002166428487282619,-1980509986051875.2,4.5141261444841106e-17,-4.561007585525115e+17,-4.8791953095851146e-20,-9.141820270910748e+17,4.5043677538649394e-17
1.0,quadrature,126,137.94352211789825,3.3734173574746585e-14,9.978187212076303e+21,1.0,-0.002183661246115779,-1996160438525748.2,4.5033847088482604e-17,-4.560692515558577e+17,-4.906219810466129e-20,-9.141346635502412e+17,4.4935722692273286e-17
1.0,quadrature,127,137.94590427169038,3.357383584814643e-14,9.978015279386972e+21,1.0,-0.0022008922487985706,-2011807667535062.8,4.492669551987818e-17,-4.560377494012498e+17,-4.933083611209082e-20,-9.140873064700347e+17,4.4828033847653993e-17
1.0,quadrature,128,137.94828626434088,3.341427097181482e-14,9.977843367234144e+21,1.0,-0.0022181214901833553,-2027451668988318.5,4.481980611229722e-17,-4.560062520975361e+17,-4.9597873452795843e-20,-9.140399558640607e+17,4.472061036539163e-17
1.0,quadrature,129,137.95066809511454,3.32554752189546e-14,9.977671475668453e+21,1.0,-0.0022353489650993132,-2043092438774809.2,4.471317824054064e-17,-4.559747596536058e+17,-4.986331644034549e-20,-9.139926117459864e+17,4.461345160765995e-17
1.0,quadrature,130,137.953049763273,3.309744488073371e-14,9.977499604740752e+21,1.0,-0.002252574668353216,-2058729972765333.8,4.460681128092892e-17,-4.559432720783864e+17,-5.0127171367298297e-20,-9.139452741295382e+17,4.4506556938194327e-17
1.0,quadrature,131,137.95543126807448,3.294017626621282e-14,9.977327754502124e+21,1.0,-0.002269798594728327,-2074364266811210.2,4.450070461130798e-17,-4.5591178938084717e+17,-5.0389444505256443e-20,-9.138979430285055e+17,4.439992572229747e-17
1.0,quadrature,132,137.95781260877405,3.2783665702246865e-14,9.97715592500388e+21,1.0,-0.0022870207389852405,-2089995316745047.5,4.4394857611037386e-17,-4.5588031156999635e+17,-5.065014210494306e-20,-9.138506184567378e+17,4.429355732682749e-17
1.0,quadrature,133,137.96019378462339,3.2627909533407625e-14,9.97698411629755e+21,1.0,-0.002304241095861233,-2105623118380164.2,4.428926966099232e-17,-4.558488386548833e+17,-5.0909270396261934e-20,-9.138033004281468e+17,4.418745112019981e-17
1.0,quadrature,134,137.9625747948709,3.247290412189188e-14,9.976812328434904e+21,1.0,-0.0023214596600704546,-2121247667510779.0,4.418394014355574e-17,-4.558173706445981e+17,-5.116683558836426e-20,-9.13755988956707e+17,4.408160647237901e-17
1.0,quadrature,135,137.9649556387616,3.231864584744471e-14,9.976640561467938e+21,1.0,-0.002338676426303157,-2136868959911309.5,4.407886844262016e-17,-4.557859075482716e+17,-5.14228438697054e-20,-9.137086840564545e+17,4.3976022754880746e-17
1.0,quadrature,136,137.9673363155373,3.216513110726115e-14,9.97646881544887e+21,1.0,-0.0023558913892272985,-2152486991337849.2,4.3974053943574886e-17,-4.5575444937507437e+17,-5.167730140813648e-20,-9.136613857414866e+17,4.3870699340758625e-17
1.0,quadrature,137,137.96971682443626,3.201235631591942e-14,9.97629709043016e+21,1.0,-0.0023731045434860335,-2168101757525895.2,4.386949603331421e-17,-4.557229961342199e+17,-5.193021435092984e-20,-9.136140940259657e+17,4.376563560461235e-17
1.0,quadrature,138,137.9720971646935,3.186031790528344e-14,9.976125386464497e+21,1.0,-0.0023903158836996404,-2183713254192108.8,4.3765194100224465e-17,-4.556915478349619e+17,-5.218158882487738e-20,-9.13566808924116e+17,4.366083092257471e-17
1.0,quadrature,139,137.97447733554068,3.170901232442227e-14,9.975953703604798e+21,1.0,-0.002407525404464683,-2199321477033562.0,4.366114753418233e-17,-4.556601044865951e+17,-5.243143093634058e-20,-9.135195304502237e+17,4.3556284672309654e-17
1.0,quadrature,140,137.97685733620597,3.155843603953343e-14,9.97578204190422e+21,1.0,-0.0024247331003536235,-2214926421727402.5,4.3557355726555606e-17,-4.5562866609845645e+17,-5.2679746771313776e-20,-9.134722586186404e+17,4.345199623301299e-17
1.0,quadrature,141,137.97923716591416,3.1408585533854005e-14,9.975610401416152e+21,1.0,-0.002441938965915013,-2230528083931033.8,4.345381807019528e-17,-4.5559723267992486e+17,-5.29265423954892e-20,-9.134249934437807e+17,4.3347964985404305e-17
1.0,quadrature,142,137.98161682388667,3.125945730757764e-14,9.975438782194218e+21,1.0,-0.002459142995673876,-2246126459282471.8,4.3350533959431434e-17,-4.555658042404199e+17,-5.317182385433057e-20,-9.133777349401222e+17,4.324419031172278e-17
1.0,quadrature,143,137.98399630934142,3.111104787777901e-14,9.975267184292284e+21,1.0,-0.002476345184130548,-2261721543399308.0,4.324750279007395e-17,-4.555343807894046e+17,-5.3415597173118926e-20,-9.133304831222085e+17,4.3140671595727714e-17
1.0,quadrature,144,137.98637562149293,3.096335377832617e-14,9.975095607764445e+21,1.0,-0.002493545525761643,-2277313331879590.0,4.3144723959404634e-17,-4.5550296233638304e+17,-5.365786835703369e-20,-9.132832380046456e+17,4.303740822269056e-17
1.0,quadrature,145,137.98875475955225,3.081637155980052e-14,9.974924052665037e+21,1.0,-0.0025107440150195976,-2292901820301423.5,4.304219686617434e-17,-4.5547154889090157e+17,-5.38986433912091e-20,-9.132359996021046e+17,4.2934399579391924e-17
1.0,quadrature,146,137.9911337227269,3.067009778942406e-14,9.97475251904864e+21,1.0,-0.0025279406463317045,-2308487004222106.0,4.293992091060498e-17,-4.5544014046255046e+17,-5.413792824078545e-20,-9.13188767929323e+17,4.283164505412341e-17
1.0,quadrature,147,137.99351251022097,3.052452905096431e-14,9.974581006970072e+21,1.0,-0.002545135414101785,-2324068879179652.5,4.283789549437555e-17,-4.5540873706096115e+17,-5.437572885099698e-20,-9.13141543001102e+17,4.272914403667355e-17
1.0,quadrature,148,137.99589112123505,3.0379661944667576e-14,9.974409516484387e+21,1.0,-0.002562328312708576,-2339647440691344.0,4.273612002062776e-17,-4.5537733869580826e+17,-5.461205114721358e-20,-9.130943248323078e+17,4.262689591833333e-17
1.0,quadrature,149,137.99826955496616,3.023549308717515e-14,9.974238047646888e+21,1.0,-0.002579519336506181,-2355222684254149.5,4.263459389395954e-17,-4.5534594537681005e+17,-5.484690103501124e-20,-9.130471134378742e+17,4.252490009188951e-17
1.0,quadrature,150,138.00064781060783,3.0092019111441614e-14,9.97406660051312e+21,1.0,-0.0025967084798240664,-2370794605344728.5,4.253331652041968e-17,-4.553145571137271e+17,-5.50802844002342e-20,-9.12999908832799e+17,4.242315595161921e-17
1.0,quadrature,151,138.00302588735002,2.99492366666605e-14,9.97389517513887e+21,1.0,-0.0026138957369666728,-2386363199419096.0,4.243228730750732e-17,-4.55283173916364e+17,-5.531220710905466e-20,-9.129527110321471e+17,4.2321662893289217e-17
1.0,quadrature,152,138.00540378437918,2.9807142418179986e-14,9.973723771580166e+21,1.0,-0.0026310811022140592,-2401928461913213.0,4.233150566416434e-17,-4.5525179579456794e+17,-5.554267500804501e-20,-9.129055200510491e+17,4.222042031414825e-17
1.0,quadrature,153,138.00778150087817,2.9665733047430937e-14,9.973552389893288e+21,1.0,-0.0026482645698208043,-2417490388242002.5,4.223097100077597e-17,-4.5522042275823034e+17,-5.577169392422401e-20,-9.128583359047026e+17,4.211942761292753e-17
1.0,quadrature,154,138.0101590360262,2.952500525184848e-14,9.973381030134763e+21,1.0,-0.002665446134016327,-2433048973799651.0,4.2130682729166854e-17,-4.5518905481728646e+17,-5.599926966512646e-20,-9.128111586083727e+17,4.2018684189836596e-17
1.0,quadrature,155,138.01253638899897,2.938495574479224e-14,9.973209692361361e+21,1.0,-0.002682625789004949,-2448604213959676.0,4.203064026259558e-17,-4.551576919817154e+17,-5.62254080188656e-20,-9.127639881773905e+17,4.191818944655785e-17
1.0,quadrature,156,138.01491355896852,2.9245581255468757e-14,9.973038376630102e+21,1.0,-0.0026998035289658292,-2464156104074878.5,4.193084301575084e-17,-4.5512633426154003e+17,-5.645011475419426e-20,-9.12716824627155e+17,4.181794278624246e-17
1.0,quadrature,157,138.01729054510326,2.9106878528859207e-14,9.97286708299826e+21,1.0,-0.0027169793480525096,-2479704639476943.0,4.183129040475084e-17,-4.5509498166682797e+17,-5.667339562056248e-20,-9.126696679731328e+17,4.171794361350971e-17
1.0,quadrature,158,138.01966734656799,2.896884432564077e-14,9.972695811523353e+21,1.0,-0.0027341532403929772,-2495249815476503.0,4.1731981847138033e-17,-4.5506363420769146e+17,-5.689525634817931e-20,-9.126225182308594e+17,4.161819133444167e-17
1.0,quadrature,159,138.0220439625238,2.883147542211013e-14,9.972524562263155e+21,1.0,-0.0027513252000899227,-2510791627363388.5,4.163291676187517e-17,-4.550322918942868e+17,-5.711570264808013e-20,-9.125753754159369e+17,4.1518685356579e-17
1.0,quadrature,160,138.0244203921282,2.869476861010896e-14,9.97235333527569e+21,1.0,-0.0027684952212201548,-2526330070406104.5,4.153409456934238e-17,-4.55000954736815e+17,-5.733474021217787e-20,-9.125282395440361e+17,4.141942508891803e-17
1.0,quadrature,161,138.02679663453492,2.8558720696951337e-14,9.972182130619234e+21,1.0,-0.002785663297834537,-2541865139851787.5,4.1435514691335604e-17,-4.54969622745523e+17,-5.755237471332654e-20,-9.124811106308978e+17,4.1320409941908954e-17
1.0,quadrature,162,138.02917268889408,2.842332850534182e-14,9.972010948352323e+21,1.0,-0.0028028294239584987,-2557396830926676.0,4.133717655105775e-17,-4.549382959307012e+17,-5.77686118053866e-20,-9.12433988692329e+17,4.1221639327446973e-17
1.0,quadrature,163,138.03154855435199,2.8288588873313356e-14,9.97183978853374e+21,1.0,-0.0028199935935908113,-2572925138835018.5,4.1239079573124184e-17,-4.5490697430268717e+17,-5.798345712327407e-20,-9.123868737442093e+17,4.112311265887764e-17
1.0,quadrature,164,138.03392423005133,2.815449865413956e-14,9.971668651222533e+21,1.0,-0.002837155800704872,-2588450058760245.5,4.1141223183549333e-17,-4.548756578718625e+17,-5.819691628303481e-20,-9.123397658024852e+17,4.102482935098326e-17
1.0,quadrature,165,138.03629971513098,2.8021054716271676e-14,9.971497536478001e+21,1.0,-0.002854316039247287,-2603971585863693.5,4.104360680975082e-17,-4.5484434664865517e+17,-5.840899488188778e-20,-9.122926648831739e+17,4.092678881998705e-17
1.0,quadrature,166,138.0386750087261,2.788825394325974e-14,9.971326444359702e+21,1.0,-0.0028714743031388345,-2619489715285497.5,4.094622988054209e-17,-4.5481304064353856e+17,-5.861969849830045e-20,-9.122455710023626e+17,4.082899048354549e-17
1.0,quadrature,167,138.04105010996807,2.7756093233682123e-14,9.971155374927457e+21,1.0,-0.0028886305862736257,-2635004442143832.5,4.084909182613072e-17,-4.54781739867032e+17,-5.882903269203548e-20,-9.12198484176208e+17,4.073143376074665e-17
1.0,quadrature,168,138.04342501798445,2.762456950107379e-14,9.97098432824134e+21,1.0,-0.0029057848825192307,-2650515761535048.0,4.0752192078115514e-17,-4.547504443297017e+17,-5.903700300421513e-20,-9.121514044209384e+17,4.063411807210709e-17
1.0,quadrature,169,138.04579973189908,2.7493679673848612e-14,9.970813304361693e+21,1.0,-0.002922937185717063,-2666023668534021.0,4.065553006947928e-17,-4.547191540421586e+17,-5.924361495738435e-20,-9.121043317528512e+17,4.053704283956451e-17
1.0,quadrature,170,138.04817425083195,2.736342069523471e-14,9.970642303349114e+21,1.0,-0.0029400874896815424,-2681528158193417.0,4.0559105234590434e-17,-4.546878690150614e+17,-5.944887405556183e-20,-9.120572661883162e+17,4.044020748647931e-17
1.0,quadrature,171,138.05054857389916,2.7233789523202072e-14,9.970471325264471e+21,1.0,-0.0029572357882000247,-2697029225543630.5,4.0462917009199237e-17,-4.5465658925911565e+17,-5.96527857842986e-20,-9.120102077437748e+17,4.034361143763065e-17
1.0,quadrature,172,138.05292270021312,2.7104783130382943e-14,9.970300370168886e+21,1.0,-0.0029743820750337685,-2712526865593675.5,4.036696483042802e-17,-4.546253147850721e+17,-5.985535561074845e-20,-9.11963156435738e+17,4.024725411920653e-17
1.0,quadrature,173,138.05529662888225,2.6976398504012677e-14,9.970129438123756e+21,1.0,-0.002991526343916451,-2728021073329855.0,4.027124813677644e-17,-4.5459404560373e+17,-6.005658898371096e-20,-9.119161122807899e+17,4.0151134958809013e-17
1.0,quadrature,174,138.05767035901113,2.6848632645853828e-14,9.96995852919074e+21,1.0,-0.003008668588554616,-2743511843716177.0,4.0175766368114163e-17,-4.545627817259355e+17,-6.025649133369482e-20,-9.118690752955872e+17,4.0055253385446775e-17
1.0,quadrature,175,138.0600438897005,2.6721482572123786e-14,9.96978764343176e+21,1.0,-0.0030258088026279308,-2758999171694597.0,4.008051896567578e-17,-4.5453152316258144e+17,-6.045506807298004e-20,-9.118220454968575e+17,3.995960882952981e-17
1.0,quadrature,176,138.06241722004717,2.659494531342881e-14,9.969616780909011e+21,1.0,-0.0030429469797887965,-2774483052184680.5,3.9985505372060335e-17,-4.5450026992460845e+17,-6.065232459567426e-20,-9.117750229014016e+17,3.9864200722868984e-17
1.0,quadrature,177,138.06479034914403,2.646901791469385e-14,9.969445941684956e+21,1.0,-0.0030600831136618945,-2789963480083203.0,3.989072503122743e-17,-4.5446902202300506e+17,-6.084826627776226e-20,-9.117280075260933e+17,3.97690284986719e-17
1.0,quadrature,178,138.06716327608007,2.6343697435092646e-14,9.969275125822327e+21,1.0,-0.003077217197844701,-2805440450264628.5,3.979617738849333e-17,-4.544377794688077e+17,-6.10428984771748e-20,-9.116809993878801e+17,3.967409159153898e-17
1.0,quadrature,179,138.06953599994034,2.6218980947976767e-14,9.96910433338412e+21,1.0,-0.0030943492259072904,-2820913957580940.5,3.9701861890526003e-17,-4.544065422730997e+17,-6.123622653384118e-20,-9.116339985037802e+17,3.9579389437458327e-17
1.0,quadrature,180,138.0719085198059,2.609486554081387e-14,9.968933564433618e+21,1.0,-0.003111479191391626,-2836383996861017.0,3.96077779853468e-17,-4.543753104470139e+17,-6.142825576974192e-20,-9.115870048908888e+17,3.948492147380732e-17
1.0,quadrature,181,138.07428083475386,2.5971348315112876e-14,9.968762819034363e+21,1.0,-0.0031286070878120725,-2851850562911103.5,3.951392512232217e-17,-4.543440840017311e+17,-6.16189914889701e-20,-9.115400185663732e+17,3.9390687139344224e-17
1.0,quadrature,182,138.0766529438573,2.584842638636136e-14,9.96859209725018e+21,1.0,-0.003145732908654876,-2867313650514355.0,3.9420302752164216e-17,-4.543128629484808e+17,-6.180843897778568e-20,-9.114930395474758e+17,3.929668587420865e-17
1.0,quadrature,183,138.07902484618543,2.5726096883950016e-14,9.968421399145157e+21,1.0,-0.0031628566473790687,-2882773254431665.5,3.932691032692134e-17,-4.542816472985397e+17,-6.199660350468214e-20,-9.11446067851511e+17,3.9202917119911975e-17
1.0,quadrature,184,138.08139654080327,2.5604356951118e-14,9.968250724783674e+21,1.0,-0.0031799782974145296,-2898229369399931.5,3.9233747299984405e-17,-4.5425043706323603e+17,-6.218349032042173e-20,-9.11399103495872e+17,3.910938031934357e-17
1.0,quadrature,185,138.0837680267719,2.5483203744875116e-14,9.968080074230372e+21,1.0,-0.0031970978521635948,-2913681990133511.0,3.9140813126075077e-17,-4.5421923225394477e+17,-6.236910465811182e-20,-9.11352146498023e+17,3.9016074916758856e-17
1.0,quadrature,186,138.0861393031484,2.5362634435938992e-14,9.967909447550179e+21,1.0,-0.0032142153050003473,-2929131111323604.5,3.9048107261245376e-17,-4.5418803288209094e+17,-6.255345173325343e-20,-9.113051968755054e+17,3.892300035777888e-17
1.0,quadrature,187,138.08851036898568,2.5242646208672536e-14,9.967738844808303e+21,1.0,-0.003231330649269968,-2944576727637672.5,3.895562916287724e-17,-4.541568389591496e+17,-6.273653674379084e-20,-9.112582546459368e+17,3.8830156089389655e-17
1.0,quadrature,188,138.09088122333264,2.512323626101299e-14,9.967568266070225e+21,1.0,-0.003248443878289574,-2960018833720210.0,3.8863378289675213e-17,-4.5412565049664435e+17,-6.291836487017917e-20,-9.112113198270089e+17,3.8737541559934853e-17
1.0,quadrature,189,138.0932518652341,2.5004401804408584e-14,9.96739771140171e+21,1.0,-0.00326555498534757,-2975457424192170.5,3.877135410166505e-17,-4.5409446750614906e+17,-6.3098941275432e-20,-9.111643924364904e+17,3.864515621911419e-17
1.0,quadrature,190,138.09562229373074,2.488614006375258e-14,9.967227180868805e+21,1.0,-0.0032826639637036467,-2990892493650978.0,3.8679556060189836e-17,-4.5406328999928736e+17,-6.327827110517766e-20,-9.111174724922257e+17,3.855299951797949e-17
1.0,quadrature,191,138.09799250785912,2.476844827732192e-14,9.967056674537842e+21,1.0,-0.003299770806588393,-3006324036670187.0,3.858798362790947e-17,-4.5403211798773325e+17,-6.345635948771332e-20,-9.110705600121367e+17,3.846107090893404e-17
1.0,quadrature,192,138.1003625066517,2.4651323696706246e-14,9.966886192475433e+21,1.0,-0.0033168755072039997,-3021752047800137.5,3.8496636268792545e-17,-4.540009514832107e+17,-6.363321153406751e-20,-9.110236550142214e+17,3.836936984572441e-17
1.0,quadrature,193,138.10273228913675,2.4534763586748567e-14,9.966715734748473e+21,1.0,-0.0033339780587233582,-3037176521567144.0,3.840551344811694e-17,-4.53969790497494e+17,-6.380883233804556e-20,-9.109767575165551e+17,3.827789578344084e-17
1.0,quadrature,194,138.10510185433841,2.4418765225480554e-14,9.966545301424149e+21,1.0,-0.003351078454290186,-3052597452473627.5,3.831461463246605e-17,-4.5393863504240845e+17,-6.398322697628804e-20,-9.109298675372905e+17,3.8186648178513474e-17
1.0,quadrature,195,138.1074712012766,2.4303325904058168e-14,9.966374892569933e+21,1.0,-0.003368176687018896,-3068014834998009.5,3.8223939289725055e-17,-4.539074851298303e+17,-6.415640050832359e-20,-9.108829850946586e+17,3.8095626488708414e-17
1.0,quadrature,196,138.10984032896707,2.4188442926698983e-14,9.966204508253582e+21,1.0,-0.0033852727499947195,-3083428663594835.5,3.8133486889078225e-17,-4.538763407716865e+17,-6.432835797662852e-20,-9.108361102069678e+17,3.800483017312496e-17
1.0,quadrature,197,138.11220923642134,2.4074113610617054e-14,9.96603414854315e+21,1.0,-0.0034023666362733886,-3098838932694498.5,3.8043256901004063e-17,-4.538452019799552e+17,-6.4499104406674e-20,-9.10789242892605e+17,3.7914258692190714e-17
1.0,quadrature,198,138.11457792264673,2.3960335285962238e-14,9.965863813506962e+21,1.0,-0.0034194583388813212,-3114245636703421.5,3.7953248797273796e-17,-4.538140687666655e+17,-6.466864480698826e-20,-9.107423831700343e+17,3.782391150765982e-17
1.0,quadrature,199,138.11694638664628,2.384710529575976e-14,9.96569350321366e+21,1.0,-0.0034365478508146543,-3129648770003197.5,3.7863462050949835e-17,-4.5378294114389914e+17,-6.483698416919698e-20,-9.106955310578015e+17,3.773378808261144e-17
1.0,quadrature,200,138.11931462741882,2.373442099584193e-14,9.965523217732155e+21,1.0,-0.003453635165040596,-3145048326951822.5,3.777389613637762e-17,-4.5375181912378816e+17,-6.500412746809582e-20,-9.106486865745283e+17,3.764388788144143e-17
1.0,quadrature,201,138.12168264395888,2.3622279754792405e-14,9.965352957131666e+21,1.0,-0.003470720274495874,-3160444301882304.5,3.768455052918742e-17,-4.537207027185173e+17,-6.517007966168518e-20,-9.10601849738917e+17,3.755421036986405e-17
1.0,quadrature,202,138.12405043525666,2.351067895388392e-14,9.965182721481702e+21,1.0,-0.003487803172087251,-3175836689103151.0,3.7595424706290545e-17,-4.536895919403241e+17,-6.533484569123404e-20,-9.105550205697513e+17,3.746475501490807e-17
1.0,quadrature,203,138.12641800029814,2.3399615987012314e-14,9.96501251085206e+21,1.0,-0.0035048838506917803,-3191225482898599.0,3.750651814587241e-17,-4.5365848680149664e+17,-6.549843048133354e-20,-9.105081990858918e+17,3.7375521284909753e-17
1.0,quadrature,204,138.12878533806494,2.328908826064027e-14,9.964842325312845e+21,1.0,-0.003521962303156157,-3206610677528054.0,3.741783032739326e-17,-4.536273873143764e+17,-6.566083893994603e-20,-9.104613853062808e+17,3.728650864951337e-17
1.0,quadrature,205,138.13115244753433,2.317909319373594e-14,9.96467216493445e+21,1.0,-0.003539038522296652,-3221992267226041.0,3.7329360731584315e-17,-4.535962934913577e+17,-6.582207595845789e-20,-9.104145792499414e+17,3.71977165796674e-17
1.0,quadrature,206,138.13351932767927,2.3069628217710603e-14,9.964502029787569e+21,1.0,-0.0035561125008994328,-3237370246202503.0,3.7241108840443155e-17,-4.5356520534488704e+17,-6.598214641173719e-20,-9.103677809359767e+17,3.7109144547619684e-17
1.0,quadrature,207,138.1358859774683,2.29606907763618e-14,9.964331919943194e+21,1.0,-0.0035731842317197875,-3252744608642115.5,3.715307413723315e-17,-4.535341228874643e+17,-6.614105515817836e-20,-9.103209903835707e+17,3.7020792026916794e-17
1.0,quadrature,208,138.1382523958656,2.2852278325810303e-14,9.964161835472624e+21,1.0,-0.0035902537074826374,-3268115348704766.5,3.7065256106477767e-17,-4.5350304613164256e+17,-6.629880703976147e-20,-9.102742076119898e+17,3.6932658492398247e-17
1.0,quadrature,209,138.140618581831,2.274438833444251e-14,9.963991776447452e+21,1.0,-0.0036073209208822127,-3283482460525271.5,3.6977654233958957e-17,-4.5347197509002765e+17,-6.645540688210288e-20,-9.102274326405806e+17,3.6844743420194747e-17
1.0,quadrature,210,138.14298453431985,2.2637018282851886e-14,9.963821742939575e+21,1.0,-0.003624385864581598,-3298845938212980.5,3.689026800671455e-17,-4.5344090977527994e+17,-6.661085949450197e-20,-9.101806654887729e+17,3.675704628772554e-17
1.0,quadrature,211,138.14535025228312,2.2530165663776746e-14,9.963651735021194e+21,1.0,-0.0036414485312135057,-3314205775852486.5,3.680309691303261e-17,-4.534098502001123e+17,-6.676516967000439e-20,-9.10133906176077e+17,3.66695665736926e-17
1.0,quadrature,212,138.14771573466732,2.2423827982046125e-14,9.963481752764817e+21,1.0,-0.003658508913379046,-3329561967502532.5,3.6716140442451917e-17,-4.5337879637729254e+17,-6.691834218543962e-20,-9.100871547220876e+17,3.6582303758081035e-17
1.0,quadrature,213,138.15008098041446,2.231800275451945e-14,9.963311796243252e+21,1.0,-0.003675567003648436,-3344914507196661.0,3.662939808575732e-17,-4.5334774831964205e+17,-6.707038180148476e-20,-9.100404111464806e+17,3.649525732215436e-17
1.0,quadrature,214,138.15244598846215,2.2212687510026498e-14,9.963141865529617e+21,1.0,-0.003692622794560609,-3360263388942876.0,3.654286933497508e-17,-4.533167060400363e+17,-6.722129326270772e-20,-9.099936754690154e+17,3.6408426748449666e-17
1.0,quadrature,215,138.15481075774346,2.2107879789312793e-14,9.962971960697338e+21,1.0,-0.003709676278623214,-3375608606723659.5,3.6456553683372385e-17,-4.532856695514056e+17,-6.737108129762515e-20,-9.099469477095348e+17,3.632181152077713e-17
1.0,quadrature,216,138.15717528718696,2.2003577144981373e-14,9.962802081820152e+21,1.0,-0.0037267274483120945,-3390950154495510.0,3.637045062545371e-17,-4.5325463886673485e+17,-6.7519750618745e-20,-9.099002278879653e+17,3.6235411124216213e-17
1.0,quadrature,217,138.1595395757167,2.1899777141433653e-14,9.9626322289721e+21,1.0,-0.0037437762960719962,-3406288026189598.5,3.628455965695625e-17,-4.5322361399906355e+17,-6.766730592262934e-20,-9.098535160243167e+17,3.6149225045110996e-17
1.0,quadrature,218,138.16190362225223,2.179647735481431e-14,9.962462402227535e+21,1.0,-0.0037608228143156653,-3421622215710963.5,3.619888027484839e-17,-4.5319259496148576e+17,-6.781375188993357e-20,-9.098068121386825e+17,3.6063252771068527e-17
1.0,quadrature,219,138.16426742570846,2.1693675372955177e-14,9.962292601661126e+21,1.0,-0.003777866995424035,-3436952716938701.0,3.61134119773271e-17,-4.531615817671518e+17,-6.795909318546324e-20,-9.097601162512422e+17,3.5977493790956175e-17
1.0,quadrature,220,138.16663098499583,2.159136879531569e-14,9.96212282734785e+21,1.0,-0.0037949088317463537,-3452279523726087.5,3.6028154263812357e-17,-4.5313057442926637e+17,-6.81033344582239e-20,-9.097134283822588e+17,3.5891947594895915e-17
1.0,quadrature,221,138.1689942990201,2.1489555232932254e-14,9.961953079363002e+21,1.0,-0.0038119483155995395,-3467602629900012.5,3.5943106634948726e-17,-4.530995729610902e+17,-6.824648034147044e-20,-9.096667485520804e+17,3.580661367426578e-17
1.0,quadrature,222,138.1713573666825,2.1388232308356802e-14,9.961783357782194e+21,1.0,-0.003828985439268496,-3482922029261281.5,3.585826859259761e-17,-4.5306857737594e+17,-6.838853545275605e-20,-9.096200767811412e+17,3.57214915216921e-17
1.0,quadrature,223,138.17372018687962,2.1287397655604222e-14,9.961613662681345e+21,1.0,-0.003846020195005923,-3498237715584451.0,3.57736396398369e-17,-4.530375876871878e+17,-6.852950439398555e-20,-9.0957341308996e+17,3.563658063104893e-17
1.0,quadrature,224,138.17608275850338,2.118704892009636e-14,9.961443994136702e+21,1.0,-0.003863052575032241,-3513549682617784.5,3.568921928095736e-17,-4.53006603908262e+17,-6.86693917514649e-20,-9.095267574991418e+17,3.555188049745442e-17
1.0,quadrature,225,138.17844508044112,2.108718375860634e-14,9.96127435222482e+21,1.0,-0.0038800825715354027,-3528857924083086.5,3.5605007021459016e-17,-4.5297562605264704e+17,-6.88082020959482e-20,-9.094801100293772e+17,3.546739061726712e-17
1.0,quadrature,226,138.18080715157546,2.0987799839205493e-14,9.96110473702258e+21,1.0,-0.0038971101766706283,-3544162433675486.5,3.552100236804984e-17,-4.5294465413388416e+17,-6.894593998268758e-20,-9.094334707014438e+17,3.538311048808446e-17
1.0,quadrature,227,138.18316897078435,2.0888894841208188e-14,9.960935148607186e+21,1.0,-0.003914135382560534,-3559463205063565.5,3.543720482864206e-17,-4.529136881655716e+17,-6.908260995148571e-20,-9.093868395362067e+17,3.5299039608739094e-17
1.0,quadrature,228,138.18553053694106,2.079046645511572e-14,9.960765587056153e+21,1.0,-0.003931158181295065,-3574760231889305.0,3.535361391234774e-17,-4.5288272816136346e+17,-6.921821652674267e-20,-9.093402165546162e+17,3.521517747929426e-17
1.0,quadrature,229,138.18789184891412,2.0692512382565243e-14,9.960596052447328e+21,1.0,-0.0039481785649310396,-3590053507767699.0,3.527022912947823e-17,-4.5285177413497165e+17,-6.935276421750388e-20,-9.09293601777711e+17,3.5131523601043216e-17
1.0,quadrature,230,138.19025290556735,2.0595030336274176e-14,9.960426544858881e+21,1.0,-0.0039651965254924055,-3605343026286993.5,3.5187049991539676e-17,-4.5282082610016525e+17,-6.948625751751245e-20,-9.092469952266175e+17,3.504807747650466e-17
1.0,quadrature,231,138.1926137057598,2.049801803998726e-14,9.960257064369301e+21,1.0,-0.003982212054970047,-3620628781008527.5,3.510407601123059e-17,-4.5278988407077037e+17,-6.961870090525739e-20,-9.092003969225492e+17,3.496483860942008e-17
1.0,quadrature,232,138.19497424834583,2.0401473228422715e-14,9.960087611057407e+21,1.0,-0.003999225145321519,-3635910765466507.0,3.502130670243827e-17,-4.527589480606707e+17,-6.975009884401842e-20,-9.09153806886808e+17,3.488180650475023e-17
1.0,quadrature,233,138.19733453217495,2.0305393647219797e-14,9.959918185002343e+21,1.0,-0.004016235788471306,-3651188973168260.0,3.4938741580236415e-17,-4.5272801808380806e+17,-6.988045578192197e-20,-9.091072251407844e+17,3.479898066867257e-17
1.0,quadrature,234,138.19969455609183,2.0209777052890046e-14,9.959748786283585e+21,1.0,-0.004033243976309596,-3666463397593133.0,3.4856380160885543e-17,-4.5269709415418266e+17,-7.000977615197673e-20,-9.090606517059585e+17,3.4716360608581594e-17
1.0,quadrature,235,138.20205431893646,2.0114621212754975e-14,9.959579414980932e+21,1.0,-0.004050249700694142,-3681734032194196.0,3.4774221961821655e-17,-4.5266617628585184e+17,-7.013806437213938e-20,-9.090140866038979e+17,3.463394583307737e-17
1.0,quadrature,236,138.20441381954393,2.0019923904903633e-14,9.959410071174516e+21,1.0,-0.004067252953448329,-3697000870396504.5,3.469226650166166e-17,-4.526352644929315e+17,-7.026532484534773e-20,-9.089675298562596e+17,3.455173585197097e-17
1.0,quadrature,237,138.20677305674445,1.9925682918137652e-14,9.9592407549448e+21,1.0,-0.004084253726361689,-3712263905597583.5,3.4610513300197974e-17,-4.52604358789597e+17,-7.03915619595744e-20,-9.089209814847916e+17,3.446973017627883e-17
1.0,quadrature,238,138.20913202936347,1.9831896051915544e-14,9.959071466372582e+21,1.0,-0.004101252011190409,-3727523131167903.0,3.452896187839209e-17,-4.5257345919008115e+17,-7.051678008787817e-20,-9.088744415113302e+17,3.4387928318216324e-17
1.0,quadrature,239,138.21149073622146,1.9738561116308566e-14,9.95890220553899e+21,1.0,-0.0041182477996559805,-3742778540449668.0,3.444761175837803e-17,-4.5254256570867686e+17,-7.064098358844328e-20,-9.088279099578035e+17,3.430632979120115e-17
1.0,quadrature,240,138.2138491761341,1.9645675931942098e-14,9.958732972525487e+21,1.0,-0.00413524108344648,-3758030126757993.0,3.436646246345313e-17,-4.525116783597353e+17,-7.076417680463754e-20,-9.087813868462285e+17,3.4224934109843854e-17
1.0,quadrature,241,138.21620734791202,1.9553238329951922e-14,9.958563767413872e+21,1.0,-0.00415223185421496,-3773277883379462.5,3.428551351808125e-17,-4.5248079715766746e+17,-7.088636406504694e-20,-9.087348721987142e+17,3.414374078995116e-17
1.0,quadrature,242,138.2185652503611,1.9461246151925096e-14,9.95839459028628e+21,1.0,-0.00416922010358099,-3788521803573536.5,3.4204764447882784e-17,-4.524499221169429e+17,-7.100754968353598e-20,-9.086883660374595e+17,3.406274934851571e-17
1.0,quadrature,243,138.22092288228217,1.936969724985887e-14,9.958225441225185e+21,1.0,-0.004186205823128915,-3803761880571000.5,3.412421477963985e-17,-4.524190532520922e+17,-7.112773795928392e-20,-9.086418683847555e+17,3.398195930372128e-17
1.0,quadrature,244,138.2232802424711,1.9278589486103198e-14,9.958056320313399e+21,1.0,-0.004203189004408948,-3818998107574955.0,3.4043864041287106e-17,-4.523881905777049e+17,-7.124693317683883e-20,-9.085953792629847e+17,3.3901370174933437e-17
1.0,quadrature,245,138.22563732971886,1.9187920733313457e-14,9.957887227634072e+21,1.0,-0.004220169638936653,-3834230477760373.5,3.39637117619113e-17,-4.5235733410843046e+17,-7.13651396061625e-20,-9.085488986946213e+17,3.382098148269898e-17
1.0,quadrature,246,138.22799414281135,1.90976888744023e-14,9.9577181632707e+21,1.0,-0.0042371477181924865,-3849458984273700.0,3.3883757471749803e-17,-4.5232648385897926e+17,-7.148236150267409e-20,-9.085024267022322e+17,3.374079274874446e-17
1.0,quadrature,247,138.23035068052948,1.900789180248842e-14,9.957549127307117e+21,1.0,-0.004254123233621998,-3864683620233043.0,3.380400070218622e-17,-4.522956398441217e+17,-7.159860310729873e-20,-9.084559633084764e+17,3.3660803495971626e-17
1.0,quadrature,248,138.23270694164918,1.8918527420845627e-14,9.957380119827501e+21,1.0,-0.004271096176636072,-3879904378728418.0,3.372444098574613e-17,-4.5226480207868896e+17,-7.171386864651665e-20,-9.084095085361064e+17,3.35810132484531e-17
1.0,quadrature,249,138.23506292494133,1.8829593642856485e-14,9.957211140916372e+21,1.0,-0.004288066538610356,-3895121252821231.5,3.3645077856096547e-17,-4.5223397057757254e+17,-7.182816233240647e-20,-9.083630624079663e+17,3.3501421531431735e-17
1.0,quadrature,250,138.2374186291717,1.874108839196397e-14,9.9570421906586e+21,1.0,-0.004305034310885058,-3910334235544128.5,3.356591084804356e-17,-4.5220314535572544e+17,-7.194148836269074e-20,-9.08316624946995e+17,3.3422027871318185e-17
1.0,quadrature,251,138.23977405310106,1.8653009601621247e-14,9.956873269139403e+21,1.0,-0.004321999484764947,-3925543319901003.5,3.348693949752808e-17,-4.521723264281621e+17,-7.20538509207807e-20,-9.082701961762253e+17,3.334283179568652e-17
1.0,quadrature,252,138.24212919548503,1.8565355215242768e-14,9.956704376444336e+21,1.0,-0.004338962051519671,-3940748498867294.0,3.3408163341622297e-17,-4.521415138099575e+17,-7.216525417582771e-20,-9.082237761187822e+17,3.3263832833270643e-17
1.0,quadrature,253,138.2444840550742,1.847812318615773e-14,9.956535512659313e+21,1.0,-0.00435592200238324,-3955949765389545.5,3.3329581918528524e-17,-4.5211070751624864e+17,-7.22757022827653e-20,-9.081773647978868e+17,3.318503051396299e-17
1.0,quadrature,254,138.24683863061392,1.8391311477563718e-14,9.956366677870597e+21,1.0,-0.004372879328553569,-3971147112385004.5,3.325119476757757e-17,-4.520799075622349e+17,-7.238519938235196e-20,-9.081309622368548e+17,3.3106424368812865e-17
1.0,quadrature,255,138.24919292084456,1.8304918062473252e-14,9.956197872164793e+21,1.0,-0.004389834021193383,-3986340532742443.0,3.3173001429220755e-17,-4.520491139631758e+17,-7.249374960122167e-20,-9.08084568459094e+17,3.30280139300183e-17
1.0,quadrature,256,138.25154692450118,1.821894092367524e-14,9.956029095628868e+21,1.0,-0.004406786071428725,-4001530019320849.5,3.309500144503509e-17,-4.520183267343952e+17,-7.260135705192384e-20,-9.080381834881112e+17,3.294979873093124e-17
1.0,quadrature,257,138.2539006403138,1.8133378053678862e-14,9.955860348350138e+21,1.0,-0.004423735470350375,-4016715564950709.5,3.301719435771248e-17,-4.51987545891278e+17,-7.270802583297598e-20,-9.079918073475067e+17,3.287177830604652e-17
1.0,quadrature,258,138.25625406700712,1.8048227454673346e-14,9.955691630416273e+21,1.0,-0.004440682209012366,-4031897162432679.0,3.2939579711062894e-17,-4.519567714492716e+17,-7.281376002889921e-20,-9.079454400609759e+17,3.2793952191005096e-17
1.0,quadrature,259,138.25860720330076,1.796348713847756e-14,9.955522941915297e+21,1.0,-0.004457626278432687,-4047074804538249.5,3.2862157050008384e-17,-4.5192600342388685e+17,-7.291856371026922e-20,-9.078990816523119e+17,3.271631992258785e-17
1.0,quadrature,260,138.26096004790907,1.7879155126493997e-14,9.955354282935594e+21,1.0,-0.0044745676695932815,-4062248484009748.5,3.278492592058068e-17,-4.5189524183069645e+17,-7.302244093376354e-20,-9.078527321454028e+17,3.2638881038713156e-17
1.0,quadrature,261,138.26331259954114,1.7795229449665005e-14,9.955185653565901e+21,1.0,-0.004491506373439078,-4077418193559485.5,3.270788586992068e-17,-4.5186448668533696e+17,-7.312539574219703e-20,-9.078063915642335e+17,3.256163507843629e-17
1.0,quadrature,262,138.26566485690083,1.771170814842413e-14,9.955017053895318e+21,1.0,-0.0045084423808785055,-4092583925870239.0,3.2631036446273405e-17,-4.518337380035083e+17,-7.322743216457143e-20,-9.077600599328869e+17,3.2484581581944263e-17
1.0,quadrature,263,138.26801681868673,1.762858927265075e-14,9.9548484840133e+21,1.0,-0.004525375682783611,-4107745673595369.0,3.2554377198985575e-17,-4.518029958009734e+17,-7.332855421612394e-20,-9.077137372755421e+17,3.240772009055332e-17
1.0,quadrature,264,138.27036848359214,1.7545870881625937e-14,9.954679944009669e+21,1.0,-0.0045423062699891,-4122903429357972.0,3.2477907678504266e-17,-4.517722600935591e+17,-7.342876589836084e-20,-9.076674236164762e+17,3.233105014670754e-17
1.0,quadrature,265,138.27271985030507,1.7463551043984518e-14,9.9545114339746e+21,1.0,-0.004559234133293423,-4138057185751875.5,3.240162743637178e-17,-4.517415308971557e+17,-7.352807119911521e-20,-9.076211189800634e+17,3.225457129397355e-17
1.0,quadrature,266,138.27507091750815,1.7381627837674326e-14,9.954342953998642e+21,1.0,-0.004576159263457034,-4153206935340087.0,3.232553602522706e-17,-4.517108082277186e+17,-7.362647409257403e-20,-9.075748233907772e+17,3.217828307704191e-17
1.0,quadrature,267,138.2774216838788,1.7300099349903783e-14,9.954174504172693e+21,1.0,-0.004593081651204451,-4168352670656661.0,3.224963299879596e-17,-4.5168009210126554e+17,-7.372397853934082e-20,-9.075285368731877e+17,3.210218504171728e-17
1.0,quadrature,268,138.27977214808894,1.721896367710748e-14,9.954006084588036e+21,1.0,-0.004610001287221547,-4183494384204280.0,3.2173917911898154e-17,-4.5164938253388077e+17,-7.38205884864594e-20,-9.074822594519658e+17,3.202627673492524e-17
1.0,quadrature,269,138.2821223088052,1.7138218924892255e-14,9.953837695336301e+21,1.0,-0.004626918162157861,-4198632068456354.0,3.2098390320435664e-17,-4.516186795417119e+17,-7.391630786747624e-20,-9.074359911518801e+17,3.195055770470071e-17
1.0,quadrature,270,138.28447216468882,1.705786320799922e-14,9.9536693365095e+21,1.0,-0.004643832266624668,-4213765715855291.5,3.202304978139601e-17,-4.515879831409721e+17,-7.4011140602468e-20,-9.073897319977994e+17,3.187502750019108e-17
1.0,quadrature,271,138.28682171439564,1.697789465025425e-14,9.953501008200003e+21,1.0,-0.004660743591196396,-4228895318813791.0,3.194789585284452e-17,-4.515572933479383e+17,-7.41050905980974e-20,-9.073434820146904e+17,3.179968567164833e-17
1.0,quadrature,272,138.28917095657607,1.689831138452943e-14,9.953332710500553e+21,1.0,-0.0046776521264091965,-4244020869713579.0,3.1872928093926514e-17,-4.515266101789537e+17,-7.419816174764686e-20,-9.07297241227621e+17,3.172453177043122e-17
1.0,quadrature,273,138.29151988987505,1.681911155269785e-14,9.953164443504267e+21,1.0,-0.004694557862761206,-4259142360905655.5,3.179814606486325e-17,-4.514959336504269e+17,-7.429035793106391e-20,-9.072510096617594e+17,3.164956534900112e-17
1.0,quadrature,274,138.29386851293214,1.674029330558675e-14,9.95299620730463e+21,1.0,-0.004711460790713249,-4274259784710942.5,3.1723549326946017e-17,-4.514652637788311e+17,-7.438168301500943e-20,-9.072047873423732e+17,3.1574785960915994e-17
1.0,quadrature,275,138.29621682438136,1.6661854802939516e-14,9.952828001995503e+21,1.0,-0.004728360900687484,-4289373133419087.0,3.164913744253835e-17,-4.514346005807066e+17,-7.447214085289198e-20,-9.071585742948323e+17,3.150019316083257e-17
1.0,quadrature,276,138.29856482285126,1.6583794213370172e-14,9.952659827671114e+21,1.0,-0.004745258183067977,-4304482399288984.5,3.157490997507109e-17,-4.514039440726587e+17,-7.456173528491587e-20,-9.071123705446063e+17,3.1425786504501246e-17
1.0,quadrature,277,138.30091250696495,1.6506109714318154e-14,9.952491684426078e+21,1.0,-0.004762152628200834,-4319587574548922.0,3.1500866489037394e-17,-4.513732942713589e+17,-7.46504701381218e-20,-9.070661761172667e+17,3.1351565548761144e-17
1.0,quadrature,278,138.30325987533993,1.6428799492010866e-14,9.952323572355377e+21,1.0,-0.004779044226393348,-4334688651395826.5,3.142700654999501e-17,-4.513426511935455e+17,-7.473834922642905e-20,-9.070199910384868e+17,3.1277529851542153e-17
1.0,quadrature,279,138.30560692658824,1.6351861741416927e-14,9.952155491554367e+21,1.0,-0.004795932967914657,-4349785621995867.5,3.135332972455947e-17,-4.513120148560225e+17,-7.482537635067984e-20,-9.069738153340408e+17,3.120367897185811e-17
1.0,quadrature,280,138.3079536593163,1.6275294666207237e-14,9.951987442118795e+21,1.0,-0.004812818842994695,-4364878478483533.5,3.1279835580404613e-17,-4.512813852756617e+17,-7.49115552986741e-20,-9.06927649029807e+17,3.113001246980726e-17
1.0,quadrature,281,138.31030007212502,1.619909647870964e-14,9.951819424144774e+21,1.0,-0.004829701841825292,-4379967212962645.0,3.1206523686256665e-17,-4.512507624694007e+17,-7.499688984522256e-20,-9.068814921517641e+17,3.105652990656622e-17
1.0,quadrature,282,138.31264616360968,1.6123265399870315e-14,9.951651437728808e+21,1.0,-0.004846581954558945,-4395051817505249.5,3.113339361189478e-17,-4.5122014645424506e+17,-7.508138375217836e-20,-9.068353447259954e+17,3.0983230844390425e-17
1.0,quadrature,283,138.31499193236,1.6047799659210764e-14,9.951483482967779e+21,1.0,-0.004863459171309266,-4410132284152056.5,3.1060444928146974e-17,-4.511895372472672e+17,-7.516504076848405e-20,-9.067892067786865e+17,3.091011484661e-17
1.0,quadrature,284,138.31733737696,1.5972697494785873e-14,9.951315559958947e+21,1.0,-0.004880333482150914,-4425208604912387.0,3.098767720688699e-17,-4.511589348656069e+17,-7.524786463021247e-20,-9.067430783361263e+17,3.083718147762657e-17
1.0,quadrature,285,138.31968249598822,1.589795715314316e-14,9.951147668799964e+21,1.0,-0.004897204877119336,-4440280771763949.5,3.0915090021032136e-17,-4.5112833932647174e+17,-7.532985906060663e-20,-9.066969594247075e+17,3.0764430302910924e-17
1.0,quadrature,286,138.32202728801738,1.5823576889283068e-14,9.95097980958886e+21,1.0,-0.004914073346210374,-4455348776652518.5,3.084268294454189e-17,-4.51097750647137e+17,-7.541102777011982e-20,-9.066508500709266e+17,3.069186088900165e-17
1.0,quadrature,287,138.3243717516146,1.5749554966617644e-14,9.950811982424057e+21,1.0,-0.004930938879380523,-4470412611492173.0,3.077045555241483e-17,-4.510671688449467e+17,-7.549137445646104e-20,-9.066047503013855e+17,3.06194728035019e-17
1.0,quadrature,288,138.32671588534134,1.567588965692677e-14,9.950644187404358e+21,1.0,-0.0049478014665471845,-4485472268165540.0,3.069840742068291e-17,-4.5103659393731155e+17,-7.557090280463387e-20,-9.065586601427886e+17,3.0547265615073644e-17
1.0,quadrature,289,138.32905968775333,1.5602579240323516e-14,9.950476424628958e+21,1.0,-0.004964661097587435,-4500527738522714.5,3.0626538126414544e-17,-4.510060259417124e+17,-7.564961648697403e-20,-9.065125796219475e+17,3.047523889344059e-17
1.0,quadrature,290,138.33140315740056,1.5529622005209858e-14,9.950308694197442e+21,1.0,-0.004981517762338869,-4515579014382021.0,3.055484724770796e-17,-4.5097546487569754e+17,-7.572751916319474e-20,-9.064665087657772e+17,3.040339220938157e-17
1.0,quadrature,291,138.33374629282733,1.5457016248237048e-14,9.950140996209785e+21,1.0,-0.0049983714505992,-4530626087529683.0,3.0483334363689086e-17,-4.5094491075688486e+17,-7.58046144804239e-20,-9.064204476012995e+17,3.0331725134728243e-17
1.0,quadrature,292,138.3360890925722,1.5384760274266232e-14,9.949973330766349e+21,1.0,-0.005015222152126395,-4545668949719951.0,3.041199905450934e-17,-4.5091436360295994e+17,-7.588090607324914e-20,-9.063743961556398e+17,3.026023724236284e-17
1.0,quadrature,293,138.33843155516786,1.5312852396331785e-14,9.949805697967896e+21,1.0,-0.005032069856637634,-4560707592674190.0,3.0340840901346005e-17,-4.5088382343167917e+17,-7.595639756375138e-20,-9.063283544560325e+17,3.0188928106218497e-17
1.0,quadrature,294,138.34077367914134,1.5241290935596166e-14,9.949638097915573e+21,1.0,-0.005048914553810533,-4575742008081999.0,3.026985948639405e-17,-4.5085329026086694e+17,-7.603109256155124e-20,-9.062823225298158e+17,3.011779730127094e-17
1.0,quadrature,295,138.34311546301382,1.5170074221314538e-14,9.94947053071093e+21,1.0,-0.005065756233282237,-4590772187600403.0,3.019905439286737e-17,-4.508227641084176e+17,-7.610499466384631e-20,-9.062363004044356e+17,3.004684440353968e-17
1.0,quadrature,296,138.3454569053006,1.509920059079696e-14,9.94930299645591e+21,1.0,-0.005082594884648971,-4605798122853476.0,3.01284252049975e-17,-4.5079224499229574e+17,-7.617810745544941e-20,-9.061902881074449e+17,2.9976068990086607e-17
1.0,quadrature,297,138.34779800451128,1.502866838936471e-14,9.949135495252849e+21,1.0,-0.0050994304974669976,-4620819805433214.0,3.00579715080263e-17,-4.5076173293053504e+17,-7.625043450883225e-20,-9.061442856665033e+17,2.990547063900864e-17
1.0,quadrature,298,138.35013875914944,1.4958475970317143e-14,9.948968027204488e+21,1.0,-0.005116263061251328,-4635837226898394.0,2.9987692888208914e-17,-4.507312279412402e+17,-7.632197938416144e-20,-9.060982931093788e+17,2.983504892944059e-17
1.0,quadrature,299,138.35247916771297,1.4888621694887593e-14,9.94880059241396e+21,1.0,-0.0051330925654768786,-4650850378775627.0,2.991758893280563e-17,-4.507007300425849e+17,-7.639274562934262e-20,-9.060523104639455e+17,2.976480344154695e-17
1.0,quadrature,300,138.35481922869374,1.4819103932210558e-14,9.948633190984806e+21,1.0,-0.0051499189995770495,-4665859252558111.0,2.98476592300849e-17,-4.5067023925281466e+17,-7.646273678005451e-20,-9.060063377581874e+17,2.96947337565248e-17
1.0,quadrature,301,138.35715894057782,1.4749921059278866e-14,9.948465823020957e+21,1.0,-0.00516674235294475,-4680863839706552.0,2.977790336931604e-17,-4.5063975559024435e+17,-7.653195635979283e-20,-9.059603750201952e+17,2.9624839456596455e-17
1.0,quadrature,302,138.35949830184526,1.4681071460910307e-14,9.948298488626759e+21,1.0,-0.005183562614931112,-4695864131648038.0,2.970832094077134e-17,-4.506092790732609e+17,-7.660040787990399e-20,-9.059144222781699e+17,2.955512012501154e-17
1.0,quadrature,303,138.36183731097026,1.4612553529706064e-14,9.948131187906954e+21,1.0,-0.005200379774846578,-4710860119777032.0,2.9638911535719724e-17,-4.505788097203217e+17,-7.666809483963186e-20,-9.058684795604205e+17,2.948557534604046e-17
1.0,quadrature,304,138.36417596642104,1.454436566601435e-14,9.94796392096669e+21,1.0,-0.005217193821960126,-4725851795454684.0,2.956967474642544e-17,-4.50548347549955e+17,-7.673502072615013e-20,-9.058225468953647e+17,2.941620470497314e-17
1.0,quadrature,305,138.36651426665986,1.447650627789422e-14,9.947796687911521e+21,1.0,-0.005234004745499135,-4740839150008741.0,2.950061016614678e-17,-4.5051789258076115e+17,-7.680118901460373e-20,-9.05776624311531e+17,2.9347007788117574e-17
1.0,quadrature,306,138.368852210143,1.4408973781077064e-14,9.947629488847408e+21,1.0,-0.005250812534649452,-4755822174733614.0,2.94317173891323e-17,-4.5048744483141165e+17,-7.686660316814683e-20,-9.057307118375569e+17,2.927798418279601e-17
1.0,quadrature,307,138.37118979532073,1.434176659892912e-14,9.947462323880715e+21,1.0,-0.00526761717855564,-4770800860890623.0,2.9362996010617866e-17,-4.504570043206492e+17,-7.693126663798539e-20,-9.056848095021889e+17,2.920913347734189e-17
1.0,quadrature,308,138.3735270206373,1.427488316241746e-14,9.947295193118223e+21,1.0,-0.005284418666319754,-4785775199706915.0,2.929444562682701e-17,-4.504265710672897e+17,-7.699518286340677e-20,-9.056389173342865e+17,2.91404552611002e-17
1.0,quadrature,309,138.37586388453096,1.4208321910070378e-14,9.94712809666712e+21,1.0,-0.005301216987002238,-4800745182376290.0,2.922606583496557e-17,-4.50396145090221e+17,-7.705835527182517e-20,-9.055930353628182e+17,2.9071949124421924e-17
1.0,quadrature,310,138.3782003854339,1.4142081287940489e-14,9.946961034634997e+21,1.0,-0.005318012129622052,-4815710800059318.0,2.9157856233218685e-17,-4.503657264084014e+17,-7.712078727882167e-20,-9.055471636168621e+17,2.900361465866103e-17
1.0,quadrature,311,138.38053652177226,1.4076159749571183e-14,9.946794007129867e+21,1.0,-0.005334804083155509,-4830672043882335.0,2.908981642075123e-17,-4.5033531504086394e+17,-7.718248228817487e-20,-9.055013021256101e+17,2.893545145617488e-17
1.0,quadrature,312,138.38287229196604,1.4010555755960022e-14,9.946627014260156e+21,1.0,-0.00535159283653653,-4845628904937672.0,2.9021945997704905e-17,-4.503049110067134e+17,-7.724344369190276e-20,-9.054554509183644e+17,2.886745911032109e-17
1.0,quadrature,313,138.3852076944292,1.3945267775520714e-14,9.946460056134697e+21,1.0,-0.0053683783786570224,-4860581374284022.0,2.895424456519362e-17,-4.5027451432512755e+17,-7.730367487030206e-20,-9.054096100245391e+17,2.879963721545302e-17
1.0,quadrature,314,138.38754272756958,1.3880294284048503e-14,9.94629313286274e+21,1.0,-0.005385160698366497,-4875529442946106.0,2.888671172530233e-17,-4.5024412501535686e+17,-7.736317919198502e-20,-9.053637794736598e+17,2.8731985366918356e-17
1.0,quadrature,315,138.38987738978886,1.3815633764685662e-14,9.94612624455396e+21,1.0,-0.005401939784471479,-4890473101914168.0,2.88193470810857e-17,-4.502137430967258e+17,-7.74219600139135e-20,-9.053179592953659e+17,2.8664503161057873e-17
1.0,quadrature,316,138.39221167948267,1.3751284707882482e-14,9.945959391318432e+21,1.0,-0.005418715625736605,-4905412342144974.0,2.875215023656198e-17,-4.5018336858863085e+17,-7.748002068144348e-20,-9.052721495194067e+17,2.859719019519909e-17
1.0,quadrature,317,138.39454559504037,1.368724561136705e-14,9.945792573266668e+21,1.0,-0.005435488210883069,-4920347154560441.0,2.868512079671588e-17,-4.501530015105434e+17,-7.753736452835612e-20,-9.052263501756474e+17,2.853004606765916e-17
1.0,quadrature,318,138.3968791348452,1.3623514980106573e-14,9.945625790509587e+21,1.0,-0.0054522575285892655,-4935277530048220.0,2.861825836749233e-17,-4.501226418820081e+17,-7.759399487689552e-20,-9.051805612940644e+17,2.846307037773853e-17
1.0,quadrature,319,138.39921229727415,1.3560091326274332e-14,9.945459043158536e+21,1.0,-0.005469023567490592,-4950203459461553.0,2.855156255579618e-17,-4.5009228972264384e+17,-7.764991503781019e-20,-9.051347829047492e+17,2.839626272572056e-17
1.0,quadrature,320,138.40154508069813,1.3496973169211423e-14,9.945292331325273e+21,1.0,-0.005485786316179963,-4965124933619736.0,2.8485032969486e-17,-4.500619450521422e+17,-7.770512831038854e-20,-9.050890150379043e+17,2.832962271286522e-17
1.0,quadrature,321,138.40387748348166,1.3434159035398655e-14,9.94512565512199e+21,1.0,-0.005502545763205998,-4980041943306523.0,2.841866921737857e-17,-4.5003160789027155e+17,-7.775963798249061e-20,-9.050432577238496e+17,2.826314994141359e-17
1.0,quadrature,322,138.40620950398315,1.3371647458415537e-14,9.944959014661301e+21,1.0,-0.005519301897074828,-4994954479271759.0,2.835247090923955e-17,-4.500012782568728e+17,-7.78134473305927e-20,-9.049975109930175e+17,2.8196844014578366e-17
1.0,quadrature,323,138.4085411405547,1.3309436978909435e-14,9.944792410056236e+21,1.0,-0.00553605470624893,-5009862532230349.0,2.828643765578467e-17,-4.4997095617186195e+17,-7.786655961981913e-20,-9.049517748759543e+17,2.813070453654503e-17
1.0,quadrature,324,138.4108723915421,1.3247526144561056e-14,9.944625841420257e+21,1.0,-0.0055528041791471205,-5024766092862278.0,2.82205690686769e-17,-4.499406416552299e+17,-7.791897810397887e-20,-9.049060494033221e+17,2.806473111246894e-17
1.0,quadrature,325,138.41320325528497,1.3185913510050078e-14,9.944459308867254e+21,1.0,-0.005569550304144748,-5039665151812800.0,2.815486476052365e-17,-4.499103347270429e+17,-7.797070602560507e-20,-9.048603346058985e+17,2.799892334847243e-17
1.0,quadrature,326,138.41553373011652,1.3124597637020984e-14,9.944292812511538e+21,1.0,-0.005586293069573498,-5054559699692275.0,2.8089324344873916e-17,-4.4988003540744134e+17,-7.802174661598872e-20,-9.04814630514575e+17,2.793328085164194e-17
1.0,quadrature,327,138.41786381436367,1.3063577094051294e-14,9.944126352467857e+21,1.0,-0.005603032463720874,-5069449727075731.0,2.802394743621791e-17,-4.4984974371664237e+17,-7.80721030952147e-20,-9.047689371603604e+17,2.786780323002748e-17
1.0,quadrature,328,138.420193506347,1.3002850456616198e-14,9.943959928851382e+21,1.0,-0.005619768474830639,-5084335224503268.0,2.795873364998262e-17,-4.4981945967493766e+17,-7.81217786721997e-20,-9.047232545743786e+17,2.7802490092638215e-17
1.0,quadrature,329,138.42252280438078,1.2942416307055626e-14,9.94379354177772e+21,1.0,-0.005636501091102497,-5099216182479796.0,2.789368260252983e-17,-4.4978918330269485e+17,-7.817077654472638e-20,-9.046775827878696e+17,2.7737341049440373e-17
1.0,quadrature,330,138.42485170677287,1.2882273234541473e-14,9.943627191362903e+21,1.0,-0.005653230300692087,-5114092591475051.0,2.7828793911154135e-17,-4.497589146203573e+17,-7.821909989948139e-20,-9.046319218321897e+17,2.7672355711355173e-17
1.0,quadrature,331,138.42718021182475,1.2822419835045689e-14,9.943460877723404e+21,1.0,-0.0056699560917104,-5128964441923081.0,2.776406719408173e-17,-4.4972865364844486e+17,-7.826675191208798e-20,-9.045862717388128e+17,2.760753369025756e-17
1.0,quadrature,332,138.4295083178315,1.2762854711305615e-14,9.943294600976125e+21,1.0,-0.005686678452224352,-5143831724222791.0,2.7699502070466078e-17,-4.4969840040755334e+17,-7.831373574714518e-20,-9.045406325393295e+17,2.7542874598971795e-17
1.0,quadrature,333,138.43183602308184,1.2703576472791678e-14,9.9431283612384e+21,1.0,-0.0057033973702564,-5158694428737600.0,2.763509816038589e-17,-4.4966815491835456e+17,-7.836005455826044e-20,-9.044950042654467e+17,2.7478378051269363e-17
1.0,quadrature,334,138.434163325858,1.2644583735675976e-14,9.942962158628004e+21,1.0,-0.0057201128337843405,-5173552545795297.0,2.7570855084843935e-17,-4.496379172015973e+17,-7.840571148808701e-20,-9.0444938694899e+17,2.7414043661867758e-17
1.0,quadrature,335,138.4364902244358,1.2585875122799534e-14,9.94279599326315e+21,1.0,-0.005736824830741117,-5188406065687870.0,2.7506772465764378e-17,-4.496076872781071e+17,-7.845070966835688e-20,-9.044037806219021e+17,2.734987104642766e-17
1.0,quadrature,336,138.43881671708456,1.2527449263639766e-14,9.942629865262483e+21,1.0,-0.0057535333490150034,-5203254978671705.0,2.7442849925989918e-17,-4.4957746516878656e+17,-7.849505221991849e-20,-9.043581853162447e+17,2.728585982155008e-17
1.0,quadrature,337,138.44114280206722,1.2469304794277341e-14,9.942463774745088e+21,1.0,-0.0057702383764498,-5218099274967764.0,2.7379087089278342e-17,-4.495472508946143e+17,-7.853874225277252e-20,-9.043126010641964e+17,2.7222009604772798e-17
1.0,quadrature,338,138.4434684776401,1.2411440357368237e-14,9.942297721830493e+21,1.0,-0.005786939900843409,-5232938944760338.0,2.7315483580304447e-17,-4.495170444766476e+17,-7.858178286610115e-20,-9.042670278980557e+17,2.7158320014572246e-17
1.0,quadrature,339,138.4457937420531,1.2353854602107356e-14,9.942131706638664e+21,1.0,-0.00580363790994938,-5247773978198445.0,2.7252039024652643e-17,-4.4948684593602016e+17,-7.862417714831051e-20,-9.042214658502388e+17,2.7094790670356026e-17
1.0,quadrature,340,138.4481185935496,1.2296546184199456e-14,9.941965729290013e+21,1.0,-0.005820332391475808,-5262604365394865.0,2.7188753048817367e-17,-4.494566552939438e+17,-7.866592817705973e-20,-9.041759149532826e+17,2.7031421192463248e-17
1.0,quadrature,341,138.45044303036642,1.2239513765827365e-14,9.941799789905385e+21,1.0,-0.0058370233330855255,-5277430096426324.0,2.7125625280200326e-17,-4.494264725717074e+17,-7.870703901929821e-20,-9.04130375239841e+17,2.6968211202161723e-17
1.0,quadrature,342,138.4527670507338,1.2182756015621745e-14,9.94163388860608e+21,1.0,-0.0058537107223956475,-5292251161333114.0,2.706265534710937e-17,-4.493962977906788e+17,-7.874751273129882e-20,-9.040848467426907e+17,2.690516032164677e-17
1.0,quadrature,343,138.4550906528755,1.212627160862684e-14,9.941468025513837e+21,1.0,-0.00587039454697834,-5307067550119789.0,2.6999842878752725e-17,-4.493661309723025e+17,-7.878735235869367e-20,-9.04039329494725e+17,2.6842268174035342e-17
1.0,quadrature,344,138.45741383500862,1.2070059226273339e-14,9.94130220075084e+21,1.0,-0.005887074794359788,-5321879252754269.0,2.6937187505240903e-17,-4.493359721381027e+17,-7.882656093650819e-20,-9.039938235289597e+17,2.6779534383367887e-17
1.0,quadrature,345,138.45973659534374,1.2014117556344438e-14,9.941136414439719e+21,1.0,-0.005903751452020704,-5336686259168305.0,2.6874688857580952e-17,-4.493058213096804e+17,-7.886514148919346e-20,-9.039483288785292e+17,2.671695857460257e-17
1.0,quadrature,346,138.46205893208472,1.1958445292948949e-14,9.940970666703557e+21,1.0,-0.005920424507395361,-5351488559256644.0,2.681234656767835e-17,-4.4927567850871706e+17,-7.890309703066067e-20,-9.039028455766908e+17,2.6654540373617025e-17
1.0,quadrature,347,138.46438084342887,1.1903041136486325e-14,9.94080495766588e+21,1.0,-0.005937093947872941,-5366286142878242.0,2.675016026832981e-17,-4.492455437569713e+17,-7.894043056432016e-20,-9.038573736568209e+17,2.659227940720117e-17
1.0,quadrature,348,138.4667023275669,1.1847903793618022e-14,9.940639287450668e+21,1.0,-0.0059537597607963715,-5381078999855247.0,2.6688129593222854e-17,-4.49215417076281e+17,-7.897714508310616e-20,-9.038119131524173e+17,2.6530175303056644e-17
1.0,quadrature,349,138.4690233826828,1.1793031977239641e-14,9.940473656182345e+21,1.0,-0.0059704219334622555,-5395867119972951.0,2.6626254176936262e-17,-4.4918529848856326e+17,-7.901324356951916e-20,-9.037664640970995e+17,2.646822768979722e-17
1.0,quadrature,350,138.47134400695384,1.1738424406448459e-14,9.94030806398579e+21,1.0,-0.005987080453120875,-5410650492979818.0,2.656453365493504e-17,-4.491551880158146e+17,-7.904872899565266e-20,-9.037210265246089e+17,2.6406436196943728e-17
1.0,quadrature,351,138.47366419855078,1.1684079806511865e-14,9.940142510986335e+21,1.0,-0.00600373530697695,-5425429108588182.0,2.6502967663566424e-17,-4.4912508568011014e+17,-7.908360432323267e-20,-9.036756004688084e+17,2.6344800454919954e-17
1.0,quadrature,352,138.4759839556375,1.1629996908842571e-14,9.939976997309763e+21,1.0,-0.006020386482187969,-5440202956472759.0,2.6441555840063132e-17,-4.490949915036052e+17,-7.911787250364679e-20,-9.036301859636831e+17,2.628332009505584e-17
1.0,quadrature,353,138.47830327637126,1.1576174450964646e-14,9.939811523082318e+21,1.0,-0.006037033965865277,-5454972026271658.0,2.638029782253638e-17,-4.490649055085347e+17,-7.915153647797898e-20,-9.03584783043341e+17,2.622199474958042e-17
1.0,quadrature,354,138.4806221589026,1.1522611176485028e-14,9.939646088430685e+21,1.0,-0.006053677745073811,-5469736307586144.0,2.631919324997458e-17,-4.490348277172128e+17,-7.918459917704335e-20,-9.035393917420116e+17,2.6160824051620498e-17
1.0,quadrature,355,138.48294060137528,1.1469305835065815e-14,9.939480693482019e+21,1.0,-0.00607031780683146,-5484495789980104.0,2.6258241762243177e-17,-4.4900475815203437e+17,-7.921706352141617e-20,-9.034940120940489e+17,2.6099807635200346e-17
1.0,quadrature,356,138.4852586019263,1.1416257182393414e-14,9.939315338363928e+21,1.0,-0.006086954138109375,-5499250462980322.0,2.6197443000080394e-17,-4.4897469683547424e+17,-7.924893242146831e-20,-9.034486441339287e+17,2.603894513523746e-17
1.0,quadrature,357,138.48757615868593,1.136346398014917e-14,9.93915002320447e+21,1.0,-0.006103586725832295,-5514000316076806.0,2.6136796605094734e-17,-4.4894464379008685e+17,-7.928020877740244e-20,-9.034032878962505e+17,2.5978236187539928e-17
1.0,quadrature,358,138.48989326977764,1.1310924995982057e-14,9.93898474813217e+21,1.0,-0.006120215556877442,-5528745338721806.0,2.6076302219764565e-17,-4.489145990385076e+17,-7.931089547927828e-20,-9.03357943415737e+17,2.5917680428806012e-17
1.0,quadrature,359,138.49220993331812,1.1258639003478286e-14,9.93881951327601e+21,1.0,-0.0061368406180754235,-5543485520330654.0,2.6015959487434153e-17,-4.4888456260345254e+17,-7.934099540705274e-20,-9.033126107272357e+17,2.5857277496620042e-17
1.0,quadrature,360,138.49452614741716,1.1206604782135548e-14,9.938654318765437e+21,1.0,-0.006153461896208938,-5558220850280611.0,2.595576805231459e-17,-4.4885453450771885e+17,-7.93705114306067e-20,-9.032672898657183e+17,2.579702702945338e-17
1.0,quadrature,361,138.49684191017786,1.115482111732908e-14,9.938489164730349e+21,1.0,-0.006170079378014512,-5572951317912449.0,2.5895727559475596e-17,-4.488245147741834e+17,-7.939944640978244e-20,-9.032219808662793e+17,2.5736928666656027e-17
1.0,quadrature,362,138.4991572196964,1.1103286800288727e-14,9.938324051301115e+21,1.0,-0.0061866930501805655,-5587676912528725.0,2.5835837654849345e-17,-4.4879450342580486e+17,-7.942780319441095e-20,-9.031766837641385e+17,2.5676982048460526e-17
1.0,quadrature,363,138.50147207406212,1.1052000628067869e-14,9.938158978608562e+21,1.0,-0.006203302899348306,-5602397623394627.0,2.5776097985225126e-17,-4.487645004856232e+17,-7.945558462434691e-20,-9.031313985946409e+17,2.5617186815976437e-17
1.0,quadrature,364,138.50378647135744,1.1000961403517519e-14,9.937993946783988e+21,1.0,-0.006219908912111146,-5617113439737443.0,2.5716508198249672e-17,-4.4873450597675974e+17,-7.948279352950259e-20,-9.03086125393257e+17,2.5557542611190667e-17
1.0,quadrature,365,138.50610040965802,1.0950167935254312e-14,9.937828955959148e+21,1.0,-0.0062365110750154775,-5631824350747289.0,2.5657067942420243e-17,-4.4870451992241683e+17,-7.950943272987614e-20,-9.030408641955809e+17,2.549804907696049e-17
1.0,quadrature,366,138.50841388703253,1.0899619037636767e-14,9.937664006266265e+21,1.0,-0.006253109374559567,-5646530345576127.0,2.5597776867087203e-17,-4.486745423458783e+17,-7.953550503558516e-20,-9.029956150373326e+17,2.5438705857016034e-17
1.0,quadrature,367,138.51072690154277,1.0849313530736045e-14,9.93749909783803e+21,1.0,-0.006269703797193942,-5661231413338150.0,2.5538634622450074e-17,-4.4864457327051046e+17,-7.956101324689928e-20,-9.02950377954359e+17,2.5379512595956277e-17
1.0,quadrature,368,138.5130394512436,1.0799250240308096e-14,9.937334230807602e+21,1.0,-0.006286294329321255,-5675927543109657.0,2.5479640859554968e-17,-4.4861461271976096e+17,-7.958596015426991e-20,-9.029051529826316e+17,2.5320468939246437e-17
1.0,quadrature,369,138.51535153418297,1.074942799776657e-14,9.937169405308605e+21,1.0,-0.006302880957296286,-5690618723929089.0,2.5420795230292852e-17,-4.485846607171597e+17,-7.961034853836438e-20,-9.028599401582484e+17,2.526157453321613e-17
1.0,quadrature,370,138.51766314840188,1.0699845640155245e-14,9.937004621475135e+21,1.0,-0.006319463667425804,-5705304944796916.0,2.5362097387397044e-17,-4.485547172863186e+17,-7.963418117009564e-20,-9.028147395174341e+17,2.5202829025056856e-17
1.0,quadrature,371,138.51997429193432,1.0650502010122401e-14,9.936839879441758e+21,1.0,-0.006336042445967985,-5719986194675138.0,2.530354698444284e-17,-4.485247824509322e+17,-7.965746081065318e-20,-9.027695510965395e+17,2.514423206282153e-17
1.0,quadrature,372,138.5222849628074,1.060139595589048e-14,9.936675179343504e+21,1.0,-0.006352617279133508,-5734662462488287.0,2.5245143675841466e-17,-4.4849485623477696e+17,-7.968019021153679e-20,-9.027243749320422e+17,2.508578329541839e-17
1.0,quadrature,373,138.52459515904113,1.0552526331233155e-14,9.93651052131589e+21,1.0,-0.006369188153083995,-5749333737122045.0,2.5186887116842667e-17,-4.4846493866171264e+17,-7.970237211458421e-20,-9.026792110605473e+17,2.50274823726135e-17
1.0,quadrature,374,138.52690487864862,1.0503891995445257e-14,9.936345905494885e+21,1.0,-0.006385755053933182,-5764000007424313.0,2.5128776963528568e-17,-4.4843502975568096e+17,-7.972400925200532e-20,-9.026340595187863e+17,2.4969328945024556e-17
1.0,quadrature,375,138.52921411963592,1.0455491813318285e-14,9.936181332016949e+21,1.0,-0.006402317967746126,-5778661262204529.0,2.5070812872814125e-17,-4.4840512954070726e+17,-7.974510434641254e-20,-9.025889203436191e+17,2.4911322664121303e-17
1.0,quadrature,376,138.5315228800021,1.040732465511242e-14,9.936016801019004e+21,1.0,-0.0064188768805394075,-5793317490233847.0,2.5012994502443248e-17,-4.48375238040899e+17,-7.976566011084964e-20,-9.025437935720319e+17,2.485346318222155e-17
1.0,quadrature,377,138.5338311577391,1.0359389396531674e-14,9.935852312638456e+21,1.0,-0.0064354317782807985,-5807968680244883.0,2.4955321510988465e-17,-4.483453552804476e+17,-7.978567924882516e-20,-9.024986792411402e+17,2.479575015249081e-17
1.0,quadrature,378,138.53613895083188,1.0311684918696173e-14,9.935687867013177e+21,1.0,-0.006451982646889516,-5822614820931946.0,2.489779355784707e-17,-4.483154812836274e+17,-7.980516445434185e-20,-9.024535773881868e+17,2.4738183228938384e-17
1.0,quadrature,379,138.53844625725836,1.026421010811696e-14,9.93552346428152e+21,1.0,-0.00646852947223577,-5837255900950652.0,2.4840410303240105e-17,-4.482856160747957e+17,-7.982411841192608e-20,-9.02408488050542e+17,2.468076206641625e-17
1.0,quadrature,380,138.54075307498934,1.0216963856669155e-14,9.935359104582318e+21,1.0,-0.006485072240141148,-5851891908918299.0,2.478317140820923e-17,-4.482557596783938e+17,-7.984254379666077e-20,-9.023634112657059e+17,2.462348632061591e-17
1.0,quadrature,381,138.54305940198853,1.0169945061567564e-14,9.93519478805488e+21,1.0,-0.006501610936377959,-5866522833413292.0,2.4726076534616455e-17,-4.482259121189469e+17,-7.986044327421476e-20,-9.02318347071307e+17,2.456635564806803e-17
1.0,quadrature,382,138.5453652362126,1.0123152625338371e-14,9.935030514838986e+21,1.0,-0.006518145546669822,-5881148662975679.0,2.4669125345138817e-17,-4.4819607342106266e+17,-7.98778195008708e-20,-9.02273295505101e+17,2.4509369706137075e-17
1.0,quadrature,383,138.54767057561102,1.0076585455797299e-14,9.934866285074907e+21,1.0,-0.006534676056690682,-5895769386106309.0,2.4612317503271005e-17,-4.4816624360943443e+17,-7.989467512356e-20,-9.022282566049752e+17,2.4452528153023886e-17
1.0,quadrature,384,138.54997541812622,1.0030242466019837e-14,9.934702098903386e+21,1.0,-0.006551202452065917,-5910384991267826.0,2.4555652673317997e-17,-4.481364227088383e+17,-7.991101277988922e-20,-9.021832304089443e+17,2.439583064775821e-17
1.0,quadrature,385,138.55227976169346,9.984122574319065e-15,9.934537956465651e+21,1.0,-0.006567724718371093,-5924995466883580.0,2.4499130520396868e-17,-4.481066107441345e+17,-7.992683509816965e-20,-9.021382169551526e+17,2.4339276850200523e-17
1.0,quadrature,386,138.55458360424083,9.938224704219013e-15,9.93437385790341e+21,1.0,-0.006584242841132685,-5939600801338295.0,2.4442750710433023e-17,-4.480768077402684e+17,-7.994214469745077e-20,-9.020932162818752e+17,2.4282866421038124e-17
1.0,quadrature,387,138.5568869436893,9.892547784429858e-15,9.934209803358856e+21,1.0,-0.006600756805827549,-5954200982977607.0,2.4386512910158564e-17,-4.4804701372226906e+17,-7.995694418754615e-20,-9.020482284275156e+17,2.4226599021783475e-17
1.0,quadrature,388,138.5591897779527,9.847090748822114e-15,9.934045792974655e+21,1.0,-0.00661726659788337,-5968796000108486.0,2.433041678710913e-17,-4.480172287152495e+17,-7.997123616906603e-20,-9.020032534306075e+17,2.4170474314771e-17
1.0,quadrature,389,138.56149210493757,9.801852536403773e-15,9.933881826893971e+21,1.0,-0.006633772202677694,-5983385840998403.0,2.4274462009624403e-17,-4.479874527444088e+17,-7.998502323344448e-20,-9.01958291329816e+17,2.4114491963157515e-17
1.0,quadrature,390,138.5637939225434,9.756832091292493e-15,9.93371790526044e+21,1.0,-0.006650273605539084,-5997970493876355.0,2.4218648246842247e-17,-4.479576858350291e+17,-7.999830796297124e-20,-9.019133421639346e+17,2.4058651630916297e-17
1.0,quadrature,391,138.56609522866236,9.712028362694076e-15,9.93355402821819e+21,1.0,-0.006666770791745763,-6012549946931698.0,2.4162975168700525e-17,-4.479279280124785e+17,-8.001109293081857e-20,-9.018684059718886e+17,2.4002952982838886e-17
1.0,quadrature,392,138.56839602117947,9.667440304876047e-15,9.933390195911836e+21,1.0,-0.0066832637465263816,-6027124188314842.0,2.4107442445932688e-17,-4.478981793022099e+17,-8.002338070107265e-20,-9.018234827927346e+17,2.3947395684530544e-17
1.0,quadrature,393,138.5706962979725,9.623066877143567e-15,9.933226408486472e+21,1.0,-0.006699752455059695,-6041693206136973.0,2.405204975006615e-17,-4.478684397297608e+17,-8.003517382876142e-20,-9.017785726656585e+17,2.3891979402408627e-17
1.0,quadrature,394,138.572996056912,9.578907043814947e-15,9.933062666087687e+21,1.0,-0.006716236902474684,-6056256988470197.0,2.3996796753419955e-17,-4.478387093207541e+17,-8.004647485988494e-20,-9.017336756299784e+17,2.3836703803700188e-17
1.0,quadrature,395,138.57529529586125,9.53495977419833e-15,9.93289896886155e+21,1.0,-0.006732717073850046,-6070815523347084.0,2.3941683129103817e-17,-4.4780898810089766e+17,-8.005728633144262e-20,-9.016887917251424e+17,2.378156855644093e-17
1.0,quadrature,396,138.57759401267634,9.491224042566349e-15,9.932735316954624e+21,1.0,-0.006749192954214691,-6085368798761151.0,2.388670855101448e-17,-4.477792760959851e+17,-8.00676107714638e-20,-9.016439209907313e+17,2.372657332947155e-17
1.0,quadrature,397,138.579892205206,9.447698828134129e-15,9.93257171051396e+21,1.0,-0.0067656645285468515,-6099916802666070.0,2.3831872693836103e-17,-4.477495733318954e+17,-8.007745069903469e-20,-9.01599063466457e+17,2.367171779243803e-17
1.0,quadrature,398,138.58218987129175,9.404383115032572e-15,9.932408149687096e+21,1.0,-0.006782131781775228,-6114459522976716.0,2.3777175233034613e-17,-4.4771987983459296e+17,-8.008680862432942e-20,-9.015542191921626e+17,2.3617001615785955e-17
1.0,quadrature,399,138.58448700876778,9.361275892287658e-15,9.932244634622065e+21,1.0,-0.006798594698777702,-6128996947568042.0,2.3722615844859476e-17,-4.4769019563012794e+17,-8.009568704863699e-20,-9.015093882078239e+17,2.356242447076221e-17
1.0,quadrature,400,138.58678361546103,9.318376153794516e-15,9.932081165467384e+21,1.0,-0.006815053264382167,-6143529064275825.0,2.366819420633871e-17,-4.47660520744636e+17,-8.010408846439024e-20,-9.014645705535479e+17,2.3507986029409923e-17
1.0,quadrature,401,138.5890796891911,9.275682898295343e-15,9.931917742372068e+21,1.0,-0.006831507463365755,-6158055860896012.0,2.361390999527862e-17,-4.476308552043392e+17,-8.011201535519228e-20,-9.014197662695744e+17,2.3453685964568233e-17
1.0,quadrature,402,138.59137522777027,9.233195129355311e-15,9.931754365485618e+21,1.0,-0.006847957280455538,-6172577325185353.0,2.3559762890260917e-17,-4.4760119903554477e+17,-8.011947019585031e-20,-9.01374975396275e+17,2.3399523949869215e-17
1.0,quadrature,403,138.5936702290035,9.190911855340167e-15,9.931591034958038e+21,1.0,-0.006864402700327433,-6187093444860450.0,2.3505752570641757e-17,-4.4757155226464736e+17,-8.012645545239578e-20,-9.013301979741551e+17,2.3345499659736964e-17
1.0,quadrature,404,138.59596469068842,9.148832089391341e-15,9.93142775093981e+21,1.0,-0.0068808437076074815,-6201604207598907.0,2.34518787165475e-17,-4.475419149181259e+17,-8.013297358212043e-20,-9.012854340438506e+17,2.329161276938326e-17
1.0,quadrature,405,138.5982586106153,9.106954849405345e-15,9.931264513581922e+21,1.0,-0.006897280286870435,-6216109601038101.0,2.3398141008875855e-17,-4.47512287022547e+17,-8.013902703359924e-20,-9.012406836461321e+17,2.323786295480865e-17
1.0,quadrature,406,138.60055198656707,9.065279158008051e-15,9.93110132303585e+21,1.0,-0.0069137124226409065,-6230609612776218.0,2.3344539129290234e-17,-4.4748266860456294e+17,-8.014461824672013e-20,-9.011959468219021e+17,2.318424989279679e-17
1.0,quadrature,407,138.6028448163193,9.02380404253433e-15,9.93093817945357e+21,1.0,-0.006930140099392272,-6245104230371292.0,2.3291072760220942e-17,-4.474530596909124e+17,-8.014974965271059e-20,-9.011512236121961e+17,2.313077326091552e-17
1.0,quadrature,408,138.60513709764015,8.982528535004623e-15,9.930775082987548e+21,1.0,-0.006946563301547055,-6259593441341575.0,2.3237741584862237e-17,-4.474234603084211e+17,-8.015442367416735e-20,-9.011065140581838e+17,2.3077432737513906e-17
1.0,quadrature,409,138.6074288282905,8.941451672100156e-15,9.930612033790746e+21,1.0,-0.006962982013477633,-6274077233166176.0,2.318454528716752e-17,-4.473938704840002e+17,-8.0158642725083e-20,-9.010618182011666e+17,2.3024228001717353e-17
1.0,quadrature,410,138.60972000602365,8.900572495145394e-15,9.930449032016631e+21,1.0,-0.0069793962195041645,-6288555593283237.0,2.31314835518537e-17,-4.47364290244649e+17,-8.016240921087253e-20,-9.010171360825812e+17,2.2971158733431953e-17
1.0,quadrature,411,138.6120106285857,8.859890050079896e-15,9.930286077819153e+21,1.0,-0.0069958059038969815,-6303028509092083.0,2.307855606439177e-17,-4.4733471961745216e+17,-8.016572552840291e-20,-9.009724677439964e+17,2.291822461333496e-17
1.0,quadrature,412,138.61430069371522,8.819403387439961e-15,9.93012317135277e+21,1.0,-0.007012211050874771,-6317495967951622.0,2.3025762511009895e-17,-4.4730515862958195e+17,-8.016859406601798e-20,-9.009278132271155e+17,2.286542532287786e-17
1.0,quadrature,413,138.61659019914342,8.779111562335295e-15,9.929960312772437e+21,1.0,-0.007028611644605222,-6331957957180935.0,2.2973102578689916e-17,-4.4727560730829734e+17,-8.017101720356828e-20,-9.008831725737756e+17,2.2812760544282782e-17
1.0,quadrature,414,138.61887914259407,8.739013634426313e-15,9.929797502233599e+21,1.0,-0.007045007669205084,-6346414464059353.0,2.2920575955164524e-17,-4.472460656809439e+17,-8.017299731243659e-20,-9.008385458259471e+17,2.276022996053965e-17
1.0,quadrature,415,138.62116752178346,8.699108667904022e-15,9.929634739892213e+21,1.0,-0.00706139910873926,-6360865475825664.0,2.2868182328917723e-17,-4.472165337749551e+17,-8.017453675556393e-20,-9.00793933025736e+17,2.2707833255406595e-17
1.0,quadrature,416,138.62345533442053,8.659395731465569e-15,9.929472025904724e+21,1.0,-0.007077785947222159,-6375310979679338.0,2.281592138917937e-17,-4.471870116178507e+17,-8.017563788748004e-20,-9.007493342153807e+17,2.2655570113404413e-17
1.0,quadrature,417,138.6257425782067,8.619873898294342e-15,9.92930936042808e+21,1.0,-0.007094168168616531,-6389750962779500.0,2.2763792825925716e-17,-4.471574992372375e+17,-8.017630305432642e-20,-9.007047494372545e+17,2.2603440219817062e-17
1.0,quadrature,418,138.62802925083597,8.58054224603869e-15,9.929146743619735e+21,1.0,-0.007110545756833528,-6404185412245021.0,2.271179632987785e-17,-4.471279966608107e+17,-8.017653459388595e-20,-9.006601787338665e+17,2.2551443260690075e-17
1.0,quadrature,419,138.63031534999487,8.541399856787813e-15,9.928984175637634e+21,1.0,-0.00712691869573367,-6418614315155381.0,2.2659931592496345e-17,-4.470985039163514e+17,-8.017633483560882e-20,-9.006156221478582e+17,2.249957892282513e-17
1.0,quadrature,420,138.63260087336243,8.50244581705411e-15,9.928821656640228e+21,1.0,-0.007143286969125093,-6433037658549127.0,2.2608198305984327e-17,-4.470690210317289e+17,-8.017570610063786e-20,-9.005710797220068e+17,2.2447846893783058e-17
1.0,quadrature,421,138.6348858186103,8.463679217747846e-15,9.92865918678647e+21,1.0,-0.007159650560765296,-6447455429425455.0,2.25565961632802e-17,-4.4703954803489914e+17,-8.017465070183615e-20,-9.005265514992237e+17,2.239624686187653e-17
1.0,quadrature,422,138.63717018340247,8.425099154159694e-15,9.928496766235814e+21,1.0,-0.007176009454359454,-6461867614742732.0,2.2505124858060643e-17,-4.47010084953907e+17,-8.01731709438128e-20,-9.004820375225568e+17,2.234477851617302e-17
1.0,quadrature,423,138.6394539653956,8.386704725937066e-15,9.928334395148216e+21,1.0,-0.007192363633561708,-6476274201419641.0,2.245378408473536e-17,-4.469806318168835e+17,-8.017126912295221e-20,-9.004375378351867e+17,2.2293441546489452e-17
1.0,quadrature,424,138.6417371622388,8.34849503706348e-15,9.928172073684134e+21,1.0,-0.007208713081974451,-6490675176334585.0,2.2402573538445587e-17,-4.469511886520478e+17,-8.016894752743454e-20,-9.003930524804302e+17,2.2242235643390717e-17
1.0,quadrature,425,138.64401977157365,8.310469195838491e-15,9.928009802004533e+21,1.0,-0.007225057783148517,-6505070526325870.0,2.235149291506332e-17,-4.469217554877068e+17,-8.016620843726839e-20,-9.003485815017395e+17,2.2191160498188783e-17
1.0,quadrature,426,138.6463017910343,8.272626314855823e-15,9.927847580270867e+21,1.0,-0.007241397720583051,-6519460238191584.0,2.2300541911187917e-17,-4.468923323522541e+17,-8.016305412431074e-20,-9.003041249426998e+17,2.2140215802939298e-17
1.0,quadrature,427,138.6485832182472,8.234965510984901e-15,9.927685408645116e+21,1.0,-0.00725773287772492,-6533844298689138.0,2.2249720224147306e-17,-4.468629192741732e+17,-8.015948685229799e-20,-9.002596828470355e+17,2.2089401250442704e-17
1.0,quadrature,428,138.65086405083153,8.197485905346379e-15,9.927523287289746e+21,1.0,-0.007274063237970136,-6548222694536498.0,2.219902755199071e-17,-4.468335162820328e+17,-8.015550887686889e-20,-9.00215255258602e+17,2.2038716534236972e-17
1.0,quadrature,429,138.65314428639877,8.160186623294818e-15,9.92736121636773e+21,1.0,-0.007290388784662555,-6562595412411090.0,2.2148463593491157e-17,-4.468041234044911e+17,-8.015112244559196e-20,-9.001708422213932e+17,2.1988161348599973e-17
1.0,quadrature,430,138.65542392255287,8.123066794398166e-15,9.927199196042557e+21,1.0,-0.0073067095010936195,-6576962438949558.0,2.2098028048143367e-17,-4.46774740670294e+17,-8.014632979798845e-20,-9.001264437795375e+17,2.1937735388547387e-17
1.0,quadrature,431,138.65770295689032,8.086125552415027e-15,9.927037226478205e+21,1.0,-0.007323025370503842,-6591323760749118.0,2.204772061615857e-17,-4.467453681082747e+17,-8.014113316556257e-20,-9.000820599772986e+17,2.1887438349827443e-17
1.0,quadrature,432,138.65998138700002,8.049362035276682e-15,9.92687530783917e+21,1.0,-0.007339336376081309,-6605679364366240.0,2.1997540998465663e-17,-4.467160057473549e+17,-8.013553477182192e-20,-9.00037690859076e+17,2.183726992892201e-17
1.0,quadrature,433,138.6622592104633,8.012775385066411e-15,9.92671344029044e+21,1.0,-0.0073556425009622655,-6620029236317188.0,2.1947488896708475e-17,-4.4668665361654394e+17,-8.0129536832307e-20,-8.99993336469405e+17,2.178722982304386e-17
1.0,quadrature,434,138.664536424854,7.976364747998929e-15,9.926551623997525e+21,1.0,-0.007371943728231108,-6634373363078032.0,2.1897564013243263e-17,-4.466573117449394e+17,-8.012314155461423e-20,-8.999489968529568e+17,2.1737317730134033e-17
1.0,quadrature,435,138.6668130277383,7.940129274401302e-15,9.926389859126423e+21,1.0,-0.0073882400409200615,-6648711731084374.0,2.1847766051137812e-17,-4.466279801617268e+17,-8.01163511384219e-20,-8.99904672054538e+17,2.168753334886097e-17
1.0,quadrature,436,138.66908901667495,7.904068118691678e-15,9.926228145843655e+21,1.0,-0.007404531422009753,-6663044326731881.0,2.1798094714167688e-17,-4.465986588961793e+17,-8.010916777551484e-20,-8.998603621190906e+17,2.163787637861666e-17
1.0,quadrature,437,138.671364389215,7.868180439361745e-15,9.926066484316234e+21,1.0,-0.007420817854428308,-6677371136375502.0,2.1748549706817297e-17,-4.4656934797765914e+17,-8.010159364981097e-20,-8.998160670916938e+17,2.158834651951767e-17
1.0,quadrature,438,138.67363914290203,7.832465398954763e-15,9.925904874711686e+21,1.0,-0.00743709932105225,-6691692146330276.0,2.169913073427479e-17,-4.4654004743561555e+17,-8.00936309373845e-20,-8.997717870175615e+17,2.1538943472400023e-17
1.0,quadrature,439,138.67591327527197,7.796922164048203e-15,9.925743317198047e+21,1.0,-0.007453375804705589,-6706007342870554.0,2.164983750243325e-17,-4.465107572995871e+17,-8.00852818064923e-20,-8.997275219420448e+17,2.1489666938820265e-17
1.0,quadrature,440,138.6781867838532,7.761549905232442e-15,9.925581811943853e+21,1.0,-0.007469647288160537,-6720316712230634.0,2.16006697178862e-17,-4.4648147759919955e+17,-8.007654841759727e-20,-8.996832719106296e+17,2.1440516621051e-17
1.0,quadrature,441,138.6804596661665,7.726347797092246e-15,9.925420359118146e+21,1.0,-0.007485913754137174,-6734620240604499.0,2.155162708792688e-17,-4.4645220836416704e+17,-8.006743292339387e-20,-8.996390369689386e+17,2.1391492222080088e-17
1.0,quadrature,442,138.68273191972514,7.691315018187456e-15,9.925258958890483e+21,1.0,-0.007502175185303512,-6748917914145881.0,2.1502709320546356e-17,-4.464229496242919e+17,-8.005793746883344e-20,-8.995948171627297e+17,2.134259344560869e-17
1.0,quadrature,443,138.68500354203465,7.656450751034631e-15,9.925097611430925e+21,1.0,-0.007518431564274974,-6763209718967826.0,2.1453916124432745e-17,-4.4639370140946554e+17,-8.004806419114765e-20,-8.995506125378989e+17,2.129381999605045e-17
1.0,quadrature,444,138.68727453059313,7.6217541820853e-15,9.92493631691003e+21,1.0,-0.007534682873615687,-6777495641143845.0,2.1405247208965625e-17,-4.463644637496657e+17,-8.003781521987286e-20,-8.995064231404754e+17,2.1245171578525882e-17
1.0,quadrature,445,138.68954488289094,7.58722450171087e-15,9.924775075498881e+21,1.0,-0.007550929095836728,-6791775666706390.0,2.1356702284219656e-17,-4.463352366749603e+17,-8.002719267687652e-20,-8.994622490166271e+17,2.1196647898865907e-17
1.0,quadrature,446,138.69181459641095,7.552860904180192e-15,9.924613887369058e+21,1.0,-0.007567170213397483,-6806049781648067.0,2.1308281060957696e-17,-4.463060202155044e+17,-8.001619867637722e-20,-8.994180902126569e+17,2.1148248663604943e-17
1.0,quadrature,447,138.69408366862837,7.518662587642904e-15,9.924452752692647e+21,1.0,-0.007583406208705119,-6820317971921189.0,2.1259983250632018e-17,-4.462768144015412e+17,-8.000483532497502e-20,-8.993739467750035e+17,2.1099973579982074e-17
1.0,quadrature,448,138.69635209701082,7.48462875410981e-15,9.924291671642245e+21,1.0,-0.007599637064114527,-6834580223437746.0,2.1211808565381167e-17,-4.4624761926340256e+17,-7.999310472166996e-20,-8.99329818750243e+17,2.1051822355937827e-17
1.0,quadrature,449,138.6986198790183,7.450758609434661e-15,9.92413064439096e+21,1.0,-0.007615862761928311,-6848836522069406.0,2.116375671802867e-17,-4.462184348315086e+17,-7.998100895788849e-20,-8.992857061850866e+17,2.1003794700112888e-17
1.0,quadrature,450,138.70088701210327,7.417051363295163e-15,9.923969671112398e+21,1.0,-0.007632083284397046,-6863086853647761.0,2.1115827422080518e-17,-4.4618926113636704e+17,-7.996855011750747e-20,-8.992416091263818e+17,2.0955890321845505e-17
1.0,quadrature,451,138.7031534937105,7.383506229174945e-15,9.923808751980682e+21,1.0,-0.007648298613719011,-6877331203964118.0,2.106802039172398e-17,-4.461600982085743e+17,-7.995573027687766e-20,-8.991975276211127e+17,2.0908108931170226e-17
1.0,quadrature,452,138.7054193212771,7.350122424346008e-15,9.92364788717044e+21,1.0,-0.007664508732039937,-6891569558769285.0,2.1020335341826843e-17,-4.4613094607881536e+17,-7.994255150484929e-20,-8.991534617164e+17,2.0860450238817144e-17
1.0,quadrature,453,138.70768449223277,7.316899169847517e-15,9.923487076856803e+21,1.0,-0.007680713621454096,-6905801903774547.0,2.0972771987931406e-17,-4.461018047778621e+17,-7.992901586279107e-20,-8.991094114594988e+17,2.0812913956205827e-17
1.0,quadrature,454,138.70994900399938,7.283835690471783e-15,9.923326321215419e+21,1.0,-0.0076969132640026154,-6920028224650207.0,2.0925330046258605e-17,-4.460726743365762e+17,-7.991512540461892e-20,-8.990653768978026e+17,2.0765499795449368e-17
1.0,quadrature,455,138.71221285399133,7.250931214742427e-15,9.923165620422434e+21,1.0,-0.0077131076416752905,-6934248507027192.0,2.087800923370079e-17,-4.460435547859059e+17,-7.990088217681781e-20,-8.99021358078839e+17,2.0718207469347155e-17
1.0,quadrature,456,138.71447603961536,7.218184974898425e-15,9.9230049746545e+21,1.0,-0.0077292967364092835,-6948462736495918.0,2.083080926782287e-17,-4.460144461568881e+17,-7.988628821846295e-20,-8.989773550502721e+17,2.0671036691385944e-17
1.0,quadrature,457,138.71673855827052,7.185596206877027e-15,9.922844384088792e+21,1.0,-0.00774548053008906,-6962670898606276.0,2.0783729866861685e-17,-4.45985348480649e+17,-7.987134556124718e-20,-8.989333678599043e+17,2.062398717573919e-17
1.0,quadrature,458,138.71900040734837,7.15316415029262e-15,9.922683848902979e+21,1.0,-0.0077616590045477395,-6976872978868804.0,2.0736770749719406e-17,-4.459562617884009e+17,-7.985605622949954e-20,-8.988893965556705e+17,2.0577058637260405e-17
1.0,quadrature,459,138.72126158423282,7.120888048421884e-15,9.922523369275235e+21,1.0,-0.007777832141565993,-6991068962753764.0,2.0689931635965947e-17,-4.459271861114449e+17,-7.984042224021337e-20,-8.988454411856436e+17,2.0530250791485522e-17
1.0,quadrature,460,138.72352208630008,7.088767148186105e-15,9.92236294538425e+21,1.0,-0.00779399992287185,-7005258835690969.0,2.0643212245837067e-17,-4.458981214811708e+17,-7.982444560306707e-20,-8.988015017980326e+17,2.048356335463093e-17
1.0,quadrature,461,138.72578191091887,7.056800700131197e-15,9.922202577409216e+21,1.0,-0.007810162330141727,-7019442583070715.0,2.0596612300229103e-17,-4.458690679290554e+17,-7.980812832044411e-20,-8.987575784411816e+17,2.043699604358822e-17
1.0,quadrature,462,138.72804105545018,7.024987958413445e-15,9.922042265529838e+21,1.0,-0.007826319344999324,-7033620190242818.0,2.0550131520701875e-17,-4.458400254866641e+17,-7.979147238746274e-20,-8.987136711635711e+17,2.0390548575926948e-17
1.0,quadrature,463,138.7302995172475,6.993328180778912e-15,9.921882009926317e+21,1.0,-0.007842470949016788,-7047791642517667.0,2.050376962947219e-17,-4.4581099418564966e+17,-7.977447979199255e-20,-8.98669780013817e+17,2.0344220669888203e-17
1.0,quadrature,464,138.73255729365664,6.9618206285481385e-15,9.921721810779365e+21,1.0,-0.00785861712371393,-7061956925165540.0,2.045752634941504e-17,-4.457819740577524e+17,-7.975715251468044e-20,-8.986259050406703e+17,2.029801204438568e-17
1.0,quadrature,465,138.7348143820158,6.9304645665993194e-15,9.921561668270206e+21,1.0,-0.007874757850558035,-7076116023416456.0,2.0411401404062404e-17,-4.4575296513480134e+17,-7.973949252897381e-20,-8.985820462930191e+17,2.0251922419004457e-17
1.0,quadrature,466,138.7370707796556,6.899259263349189e-15,9.921401582580562e+21,1.0,-0.007890893110964753,-7090268922460985.0,2.0365394517598567e-17,-4.4572396744871277e+17,-7.972150180114056e-20,-8.985382038198866e+17,2.0205951513996288e-17
1.0,quadrature,467,138.73932648389902,6.8682039907375675e-15,9.921241553892666e+21,1.0,-0.007907022886297462,-7104415607449697.0,2.031950541486074e-17,-4.456949810314909e+17,-7.970318229029443e-20,-8.984943776704315e+17,2.016009905028015e-17
1.0,quadrature,468,138.7415814920615,6.837298024209229e-15,9.921081582389255e+21,1.0,-0.007923147157867577,-7118556063493436.0,2.0273733821335536e-17,-4.4566600591522675e+17,-7.968453594841354e-20,-8.98450567893947e+17,2.011436474943871e-17
1.0,quadrature,469,138.7438358014508,6.806540642698195e-15,9.920921668253567e+21,1.0,-0.007939265906934428,-7132690275663256.0,2.0228079463159013e-17,-4.4563704213209965e+17,-7.966556472036832e-20,-8.984067745398627e+17,2.0068748333718278e-17
1.0,quadrature,470,138.74608940936716,6.775931128610174e-15,9.920761811669352e+21,1.0,-0.00795537911470531,-7146818228990464.0,2.01825420671138e-17,-4.4560808971437626e+17,-7.964627054393979e-20,-8.98362997657743e+17,2.002324952602592e-17
1.0,quadrature,471,138.74834231310317,6.7454687678054755e-15,9.92060201282086e+21,1.0,-0.007971486762335745,-7160939908466873.0,2.013712136062678e-17,-4.455791486944105e+17,-7.962665534984203e-20,-8.98319237297288e+17,1.9977868049927095e-17
1.0,quadrature,472,138.75059450994382,6.715152849583543e-15,9.920442271892849e+21,1.0,-0.007987588830928904,-7175055299044303.0,2.0091817071769156e-17,-4.4555021910464384e+17,-7.960672106174533e-20,-8.98275493508332e+17,1.9932603629645665e-17
1.0,quadrature,473,138.75284599716656,6.684982666665268e-15,9.920282589070574e+21,1.0,-0.008003685301536364,-7189164385635270.0,2.0046628929252975e-17,-4.4552130097760506e+17,-7.958646959629877e-20,-8.982317663408454e+17,1.9887455990060376e-17
1.0,quadrature,474,138.7550967720412,6.65495751517693e-15,9.920122964539802e+21,1.0,-0.008019776155157662,-7203267153112609.0,2.0001556662430078e-17,-4.4549239434590995e+17,-7.95659028631503e-20,-8.981880558449326e+17,1.9842424856703774e-17
1.0,quadrature,475,138.75734683183003,6.625076694633814e-15,9.919963398486798e+21,1.0,-0.008035861372740554,-7217363586309713.0,1.9956600001290374e-17,-4.454634992422616e+17,-7.95450227649709e-20,-8.98144362070833e+17,1.9797509955760432e-17
1.0,quadrature,476,138.7595961737877,6.5953395079235584e-15,9.919803891098333e+21,1.0,-0.008051940935181003,-7231453670020547.0,1.9911758676459626e-17,-4.4543461569945024e+17,-7.952383119747404e-20,-8.98100685068921e+17,1.9752711014064682e-17
1.0,quadrature,477,138.76184479516135,6.5657452612903294e-15,9.919644442561679e+21,1.0,-0.008068014823323118,-7245537388999598.0,1.9867032419198377e-17,-4.454057437503527e+17,-7.95023300494391e-20,-8.98057024889705e+17,1.9708027759099495e-17
1.0,quadrature,478,138.7640926931905,6.5362932643183135e-15,9.919485053064607e+21,1.0,-0.00808408301795934,-7259614727962064.0,1.9822420961399656e-17,-4.453768834279329e+17,-7.948052120273252e-20,-8.98013381583828e+17,1.9663459918994186e-17
1.0,quadrature,479,138.76633986510708,6.506982829916055e-15,9.919325722795397e+21,1.0,-0.008100145499830184,-7273685671583641.0,1.9777924035587966e-17,-4.4534803476524205e+17,-7.945840653232903e-20,-8.979697552020677e+17,1.961900722252331e-17
1.0,quadrature,480,138.76858630813558,6.477813274299385e-15,9.919166451942823e+21,1.0,-0.008116202249625015,-7287750204501218.0,1.9733541374915973e-17,-4.4531919779541696e+17,-7.943598790633409e-20,-8.979261457953352e+17,1.9574669399103303e-17
1.0,quadrature,481,138.77083201949284,6.44878391697665e-15,9.919007240696162e+21,1.0,-0.008132253247981192,-7301808311312142.0,1.9689272713164475e-17,-4.452903725516818e+17,-7.941326718600345e-20,-8.978825534146757e+17,1.9530446178792466e-17
1.0,quadrature,482,138.77307699638817,6.419894080732547e-15,9.918848089245193e+21,1.0,-0.008148298475484471,-7315859976574589.0,1.9645117784740315e-17,-4.452615590673472e+17,-7.939024622576643e-20,-8.97838978111269e+17,1.948633729228878e-17
1.0,quadrature,483,138.77532123602336,6.391143091611662e-15,9.91868899778019e+21,1.0,-0.008164337912669373,-7329905184807899.0,1.960107632467358e-17,-4.4523275737581e+17,-7.936692687324598e-20,-8.977954199364279e+17,1.9442342470927088e-17
1.0,quadrature,484,138.77756473559265,6.362530278903573e-15,9.918529966491933e+21,1.0,-0.008180371540018865,-7343943920492316.0,1.9557148068617186e-17,-4.452039675105532e+17,-7.93433109692815e-20,-8.977518789415987e+17,1.9398461446678623e-17
1.0,quadrature,485,138.77980749228274,6.334054975126915e-15,9.918370995571693e+21,1.0,-0.0081963993379643,-7357976168068945.0,1.9513332752844655e-17,-4.451751895051464e+17,-7.931940034794686e-20,-8.977083551783617e+17,1.9354693952148758e-17
1.0,quadrature,486,138.78204950327282,6.305716516013901e-15,9.91821208521125e+21,1.0,-0.008212421286885723,-7372001911940044.0,1.9469630114248556e-17,-4.451464233932454e+17,-7.92951968365746e-20,-8.976648486984307e+17,1.931103972057541e-17
1.0,quadrature,487,138.7842907657346,6.2775142404938385e-15,9.918053235602865e+21,1.0,-0.008228437367112394,-7386021136469487.0,1.9426039890337306e-17,-4.4511766920859046e+17,-7.927070225577506e-20,-8.976213595536504e+17,1.9267498485825752e-17
1.0,quadrature,488,138.78653127683222,6.249447490679602e-15,9.91789444693931e+21,1.0,-0.008244447558921685,-7400033825981828.0,1.9382561819236293e-17,-4.4508892698500986e+17,-7.924591841945785e-20,-8.975778877960015e+17,1.9224069982397375e-17
1.0,quadrature,489,138.78877103372238,6.221515611850591e-15,9.917735719413846e+21,1.0,-0.00826045184254018,-7414039964763252.0,1.933919563968361e-17,-4.4506019675641555e+17,-7.922084713485205e-20,-8.975344334775944e+17,1.9180753945413904e-17
1.0,quadrature,490,138.79101003355427,6.193717952438279e-15,9.917577053220232e+21,1.0,-0.008276450198143208,-7428039537061218.0,1.9295941091029577e-17,-4.450314785568065e+17,-7.919549020252696e-20,-8.974909966506743e+17,1.9137550110624524e-17
1.0,quadrature,491,138.79324827346954,6.1660538640114604e-15,9.917418448552725e+21,1.0,-0.008292442605854914,-7442032527084510.0,1.925279791323578e-17,-4.450027724202668e+17,-7.916984941641568e-20,-8.97447577367618e+17,1.909445821440295e-17
1.0,quadrature,492,138.79548575060244,6.138522701259828e-15,9.917259905606068e+21,1.0,-0.008308429045748581,-7456018919003538.0,1.9209765846871287e-17,-4.4497407838096544e+17,-7.914392656382973e-20,-8.974041756809344e+17,1.9051477993743626e-17
1.0,quadrature,493,138.79772246207975,6.1111238219793915e-15,9.917101424575502e+21,1.0,-0.00832440949784688,-7469998696950574.0,1.9166844633111704e-17,-4.449453964731562e+17,-7.911772342548415e-20,-8.973607916432631e+17,1.9008609186260733e-17
1.0,quadrature,494,138.79995840502076,6.083856587058305e-15,9.916943005656761e+21,1.0,-0.008340383942121417,-7483971845019381.0,1.912403401373877e-17,-4.449167267311788e+17,-7.909124177551834e-20,-8.973174253073769e+17,1.896585153018773e-17
1.0,quadrature,495,138.8021935765373,6.056720360461724e-15,9.916784649046074e+21,1.0,-0.008356352358492539,-7497938347265037.0,1.9081333731138256e-17,-4.44888069189458e+17,-7.90644833815121e-20,-8.97274076726181e+17,1.8923204764375232e-17
1.0,quadrature,496,138.8044279737338,6.029714509215702e-15,9.916626354940154e+21,1.0,-0.008372314726830681,-7511898187705147.0,1.9038743528296308e-17,-4.4485942388250214e+17,-7.903745000450985e-20,-8.972307459527094e+17,1.8880668628287287e-17
1.0,quadrature,497,138.80666159370725,6.002838403393943e-15,9.916468123536208e+21,1.0,-0.008388271026955276,-7525851350318886.0,1.8996263148800145e-17,-4.448307908449048e+17,-7.901014339903948e-20,-8.971874330401285e+17,1.8838242862002064e-17
1.0,quadrature,498,138.8088944335472,5.9760914161025374e-15,9.916309955031935e+21,1.0,-0.008404221238635132,-7539797819047366.0,1.8953892336835443e-17,-4.4480217011134426e+17,-7.898256531313157e-20,-8.971441380417358e+17,1.879592720620918e-17
1.0,quadrature,499,138.81112649033585,5.949472923465129e-15,9.916151849625519e+21,1.0,-0.008420165341588879,-7553737577794018.0,1.8911630837184393e-17,-4.447735617165824e+17,-7.895471748834147e-20,-8.97100861010959e+17,1.875372140220771e-17
1.0,quadrature,500,138.81335776114793,5.9229823046088404e-15,9.915993807515634e+21,1.0,-0.008436103315484462,-7567670610424181.0,1.8869478395224683e-17,-4.44744965695466e+17,-7.89266016597668e-20,-8.970576020013562e+17,1.8711625191905148e-17
1.0,quadrature,501,138.81558824305085,5.8966189416489096e-15,9.915835828901438e+21,1.0,-0.008452035139939964,-7581596900765825.0,1.8827434756926498e-17,-4.447163820829246e+17,-7.88982195560683e-20,-8.97014361066615e+17,1.866963831781436e-17
1.0,quadrature,502,138.81781793310458,5.870382219676104e-15,9.91567791398258e+21,1.0,-0.008467960794522646,-7595516432608725.0,1.878549966885373e-17,-4.446878109139728e+17,-7.886957289949213e-20,-8.969711382605544e+17,1.8627760523054747e-17
1.0,quadrature,503,138.8200468283618,5.844271526739831e-15,9.91552006295919e+21,1.0,-0.008483880258750355,-7609429189705724.0,1.8743672878158248e-17,-4.4465925222370784e+17,-7.884066340588463e-20,-8.969279336371214e+17,1.8585991551346475e-17
1.0,quadrature,504,138.82227492586776,5.818286253836355e-15,9.915362276031886e+21,1.0,-0.00849979351209024,-7623335155771588.0,1.8701954132582193e-17,-4.446307060473109e+17,-7.881149278471602e-20,-8.968847472503935e+17,1.8544331147012762e-17
1.0,quadrature,505,138.82450222266044,5.792425794892743e-15,9.915204553401768e+21,1.0,-0.008515700533959973,-7637234314484135.0,1.8660343180453394e-17,-4.4460217242004634e+17,-7.878206273909784e-20,-8.968415791545768e+17,1.8502779054975195e-17
1.0,quadrature,506,138.82672871577049,5.766689546753542e-15,9.915046895270412e+21,1.0,-0.008531601303727418,-7651126649483911.0,1.861883977068496e-17,-4.445736513772607e+17,-7.875237496580398e-20,-8.967984294040052e+17,1.8461335020753355e-17
1.0,quadrature,507,138.82895440222117,5.741076909167201e-15,9.91488930183989e+21,1.0,-0.00854749580071031,-7665012144373971.0,1.8577443652774483e-17,-4.445451429543851e+17,-7.872243115528959e-20,-8.96755298053144e+17,1.8419998790463905e-17
1.0,quadrature,508,138.83117927902853,5.7155872847709045e-15,9.914731773312736e+21,1.0,-0.008563384004177098,-7678890782720576.0,1.8536154576800416e-17,-4.4451664718693126e+17,-7.869223299170922e-20,-8.96712185156583e+17,1.8378770110816997e-17
1.0,quadrature,509,138.83340334320133,5.690220079077143e-15,9.914574309891976e+21,1.0,-0.008579265893346805,-7692762548053139.0,1.8494972293421316e-17,-4.444881641104948e+17,-7.866178215293725e-20,-8.966690907690427e+17,1.8337648729115444e-17
1.0,quadrature,510,138.83562659174095,5.664974700460974e-15,9.914416911781116e+21,1.0,-0.008595141447388252,-7706627423863514.0,1.8453896553875982e-17,-4.444596937607536e+17,-7.86310803105869e-20,-8.966260149453708e+17,1.829663439325481e-17
1.0,quadrature,511,138.83784902164166,5.639850560143807e-15,9.91425957918413e+21,1.0,-0.008611010645422062,-7720485393607797.0,1.841292710997788e-17,-4.444312361734666e+17,-7.860012913002977e-20,-8.96582957740541e+17,1.825572685171782e-17
1.0,quadrature,512,138.8400706298904,5.6148470721821e-15,9.914102312305466e+21,1.0,-0.008626873466518914,-7734336440704783.0,1.837206371411747e-17,-4.4440279138447514e+17,-7.856893027041485e-20,-8.96539919209655e+17,1.821492585357664e-17
1.0,quadrature,513,138.84229141346685,5.589963653452577e-15,9.913945111350066e+21,1.0,-0.008642729889700307,-7748180548536671.0,1.8331306119258757e-17,-4.443743594297027e+17,-7.853748538468578e-20,-8.964968994079421e+17,1.8174231148489385e-17
1.0,quadrature,514,138.84451136934356,5.565199723638482e-15,9.913787976523325e+21,1.0,-0.008658579893939084,-7762017700449517.0,1.8290654078937396e-17,-4.443459403451536e+17,-7.850579611960224e-20,-8.964538983907567e+17,1.8133642486698192e-17
1.0,quadrature,515,138.84673049448585,5.540554705216236e-15,9.913630908031118e+21,1.0,-0.0086744234581593,-7775847879753142.0,1.825010734725937e-17,-4.443175341669131e+17,-7.847386411575789e-20,-8.964109162135793e+17,1.8093159619027856e-17
1.0,quadrature,516,138.84894878585186,5.516028023442142e-15,9.913473906079796e+21,1.0,-0.008690260561236016,-7789671069720965.0,1.8209665678899685e-17,-4.442891409311477e+17,-7.844169100759751e-20,-8.963679529320164e+17,1.805278229688449e-17
1.0,quadrature,517,138.85116624039253,5.4916191063391695e-15,9.913316970876172e+21,1.0,-0.008706091181995636,-7803487253590297.0,1.8169328829101005e-17,-4.44260760674105e+17,-7.840927842343873e-20,-8.963250086018003e+17,1.8012510272254125e-17
1.0,quadrature,518,138.8533828550517,5.467327384682859e-15,9.913160102627533e+21,1.0,-0.008721915299216279,-7817296414562698.0,1.8129096553670798e-17,-4.442323934321125e+17,-7.837662798548764e-20,-8.962820832787878e+17,1.7972343297699826e-17
1.0,quadrature,519,138.85559862676607,5.443152291988863e-15,9.913003301541633e+21,1.0,-0.008737732891627588,-7831098535803810.0,1.8088968608981098e-17,-4.4420403924157824e+17,-7.83437413098602e-20,-8.962391770189604e+17,1.7932281126361376e-17
1.0,quadrature,520,138.85781355246513,5.41909326449993e-15,9.912846567826696e+21,1.0,-0.008753543937910405,-7844893600443085.0,1.8048944751967175e-17,-4.4417569813899117e+17,-7.831062000659827e-20,-8.961962898784253e+17,1.7892323511953978e-17
1.0,quadrature,521,138.86002762907142,5.395149741171087e-15,9.9126899016914e+21,1.0,-0.008769348416698512,-7858681591575326.0,1.8009024740123153e-17,-4.4414737016091795e+17,-7.827726567968997e-20,-8.961534219134112e+17,1.7852470208763773e-17
1.0,quadrature,522,138.8622408535003,5.371321163658622e-15,9.912533303344901e+21,1.0,-0.008785146306576824,-7872462492259113.0,1.7969208331503863e-17,-4.4411905534400685e+17,-7.824367992708589e-20,-8.961105731802728e+17,1.7812720971649687e-17
1.0,quadrature,523,138.86445322266013,5.3476069763057225e-15,9.912376772996807e+21,1.0,-0.008800937586082802,-7886236285518053.0,1.7929495284720957e-17,-4.440907537249841e+17,-7.820986434071883e-20,-8.960677437354863e+17,1.7773075556039516e-17
1.0,quadrature,524,138.86666473345215,5.324006626130331e-15,9.912220310857188e+21,1.0,-0.008816722233706003,-7900002954340392.0,1.7889885358942696e-17,-4.440624653406554e+17,-7.817582050652271e-20,-8.960249336356512e+17,1.773353371792965e-17
1.0,quadrature,525,138.86887538277063,5.300519562811853e-15,9.912063917136581e+21,1.0,-0.008832500227888401,-7913762481679324.0,1.7850378313891702e-17,-4.4403419022790566e+17,-7.814155000444947e-20,-8.959821429374906e+17,1.7694095213882803e-17
1.0,quadrature,526,138.8710851675028,5.277145238678228e-15,9.911907592045976e+21,1.0,-0.008848271547024575,-7927514850453150.0,1.7810973909843148e-17,-4.440059284236978e+17,-7.810705440848657e-20,-8.959393716978487e+17,1.7654759801026172e-17
1.0,quadrature,527,138.87329408452896,5.25388310869308e-15,9.911751335796816e+21,1.0,-0.008864036169462035,-7941260043545576.0,1.7771671907623073e-17,-4.4397767996507245e+17,-7.807233528667616e-20,-8.958966199736904e+17,1.7615527237049717e-17
1.0,quadrature,528,138.87550213072237,5.230732630444118e-15,9.91159514860101e+21,1.0,-0.00887979407350051,-7954998043805111.0,1.7732472068608633e-17,-4.4394944488914963e+17,-7.803739420113347e-20,-8.958538878221043e+17,1.7576397280206365e-17
1.0,quadrature,529,138.8777093029494,5.207693264128612e-15,9.911439030670905e+21,1.0,-0.00889554523739349,-7968728834046421.0,1.7693374154723362e-17,-4.4392122323312525e+17,-7.800223270806296e-20,-8.95811175300297e+17,1.7537369689307237e-17
1.0,quadrature,530,138.87991559806946,5.1847644725425266e-15,9.911282982219317e+21,1.0,-0.008911289639347002,-7982452397049266.0,1.765437792843852e-17,-4.438930150342741e+17,-7.796685235777692e-20,-8.957684824655974e+17,1.7498444223722964e-17
1.0,quadrature,531,138.88212101293504,5.161945721067321e-15,9.911127003459502e+21,1.0,-0.008927027257520512,-7996168715559306.0,1.761548315277031e-17,-4.4386482032994765e+17,-7.793125469471447e-20,-8.957258093754546e+17,1.745962064338088e-17
1.0,quadrature,532,138.88432554439183,5.139236477656828e-15,9.91097109460517e+21,1.0,-0.00894275807002731,-8009877772288446.0,1.7576689591277238e-17,-4.438366391575736e+17,-7.789544125745634e-20,-8.956831560874356e+17,1.742089870876233e-17
1.0,quadrature,533,138.88652918927852,5.116636212826553e-15,9.910815255870478e+21,1.0,-0.008958482054933607,-8023579549914059.0,1.753799700806143e-17,-4.438084715546575e+17,-7.785941357874597e-20,-8.95640522659229e+17,1.7382278180903942e-17
1.0,quadrature,534,138.88873194442712,5.0941443996389245e-15,9.910659487470023e+21,1.0,-0.0089741991902604,-8037274031080617.0,1.7499405167762954e-17,-4.437803175587788e+17,-7.782317318550364e-20,-8.955979091486382e+17,1.7343758821391946e-17
1.0,quadrature,535,138.89093380666264,5.071760513694155e-15,9.91050378961886e+21,1.0,-0.008989909453981147,-8050961198397683.0,1.746091383556359e-17,-4.4375217720759616e+17,-7.778672159884601e-20,-8.9555531561359e+17,1.73053403923659e-17
1.0,quadrature,536,138.8931347728035,5.049484033114198e-15,9.910348162532465e+21,1.0,-0.0090056128240252,-8064641034442909.0,1.742252277717881e-17,-4.437240505388401e+17,-7.775006033410278e-20,-8.955127421121231e+17,1.7267022656510603e-17
1.0,quadrature,537,138.89533483966116,5.027314438534576e-15,9.91019260642678e+21,1.0,-0.00902130927827462,-8078313521759276.0,1.7384231758863008e-17,-4.436959375903198e+17,-7.771319090083554e-20,-8.954701887023988e+17,1.7228805377061336e-17
1.0,quadrature,538,138.8975340040404,5.005251213089338e-15,9.910037121518168e+21,1.0,-0.009036998794566577,-8091978642857182.0,1.7346040547402913e-17,-4.436678383999173e+17,-7.767611480285155e-20,-8.954276554426918e+17,1.719068831779721e-17
1.0,quadrature,539,138.89973226273935,4.983293842399851e-15,9.909881708023439e+21,1.0,-0.009052681350693087,-8105636380214252.0,1.7307948910117505e-17,-4.4363975300559014e+17,-7.763883353822371e-20,-8.953851423913946e+17,1.715267124304106e-17
1.0,quadrature,540,138.9019296125493,4.961441814563616e-15,9.90972636615983e+21,1.0,-0.009068356924400564,-8119286716274923.0,1.7269956614857826e-17,-4.4361168144537005e+17,-7.760134859930828e-20,-8.95342649607015e+17,1.711475391765921e-17
1.0,quadrature,541,138.90412605025497,4.939694620141443e-15,9.909571096145025e+21,1.0,-0.009084025493390387,-8132929633450964.0,1.7232063430003905e-17,-4.435836237573628e+17,-7.75636614727586e-20,-8.953001771481765e+17,1.707693610705839e-17
1.0,quadrature,542,138.90632157263437,4.918051752145846e-15,9.909415898197128e+21,1.0,-0.009099687035319298,-8146565114121843.0,1.719426912446368e-17,-4.435555799797477e+17,-7.752577363954566e-20,-8.952577250736173e+17,1.703921757718459e-17
1.0,quadrature,543,138.90851617645887,4.8965127060294626e-15,9.90926077253468e+21,1.0,-0.009115341527799138,-8160193140634487.0,1.7156573467671867e-17,-4.435275501507778e+17,-7.748768657497319e-20,-8.952152934421901e+17,1.700159809452192e-17
1.0,quadrature,544,138.91070985849333,4.875076979672446e-15,9.909105719376647e+21,1.0,-0.009130988948397688,-8173813695304036.0,1.711897622958695e-17,-4.434995343087784e+17,-7.744940174869326e-20,-8.951728823128607e+17,1.6964077426089565e-17
1.0,quadrature,545,138.91290261549597,4.853744073371858e-15,9.90895073894242e+21,1.0,-0.009146629274638145,-8187426760413386.0,1.7081477180691567e-17,-4.434715324921474e+17,-7.741092062472567e-20,-8.951304917447081e+17,1.6926655339442117e-17
1.0,quadrature,546,138.9150944442184,4.83251348983e-15,9.90879583145182e+21,1.0,-0.009162262483999385,-8201032318213446.0,1.7044076091990915e-17,-4.4344354473935616e+17,-7.737224466147497e-20,-8.950881217969258e+17,1.6889331602667967e-17
1.0,quadrature,547,138.9172853414058,4.811384734141702e-15,9.90864099712509e+21,1.0,-0.009177888553916729,-8214630350923797.0,1.7006772735009306e-17,-4.4341557108894726e+17,-7.733337531174313e-20,-8.950457725288183e+17,1.6852105984385823e-17
1.0,quadrature,548,138.91947530379682,4.790357313783894e-15,9.908486236182894e+21,1.0,-0.009193507461781566,-8228220840732380.0,1.6969566881790545e-17,-4.433876115795348e+17,-7.729431402274992e-20,-8.95003443999802e+17,1.6814978253745045e-17
1.0,quadrature,549,138.92166432812363,4.769430738603569e-15,9.908331548846305e+21,1.0,-0.009209119184941992,-8241803769796048.0,1.6932458304895424e-17,-4.4335966624980365e+17,-7.72550622361486e-20,-8.949611362694034e+17,1.6777948180423128e-17
1.0,quadrature,550,138.92385241111197,4.748604520806634e-15,9.90817693533683e+21,1.0,-0.009224723700702547,-8255379120240379.0,1.689544677740073e-17,-4.433317351385109e+17,-7.721562138804076e-20,-8.949188493972622e+17,1.674101553462465e-17
1.0,quadrature,551,138.92603954948117,4.727878174946272e-15,9.908022395876372e+21,1.0,-0.009240320986324926,-8268946874160252.0,1.685853207289721e-17,-4.433038182844821e+17,-7.717599290899451e-20,-8.948765834431245e+17,1.6704180087079217e-17
1.0,quadrature,552,138.9282257399442,4.707251217911912e-15,9.90786793068726e+21,1.0,-0.009255911019027918,-8282507013619868.0,1.6821713965488583e-17,-4.432759157266147e+17,-7.7136178224061e-20,-8.948343384668493e+17,1.6667441609040457e-17
1.0,quadrature,553,138.9304109792076,4.686723168917981e-15,9.90771353999223e+21,1.0,-0.009271493775987273,-8296059520652571.0,1.678499222979005e-17,-4.4324802750387475e+17,-7.709617875278773e-20,-8.94792114528402e+17,1.6630799872284476e-17
1.0,quadrature,554,138.93259526397165,4.666293549492706e-15,9.907559224014426e+21,1.0,-0.009287069234336537,-8309604377261642.0,1.6748366640926797e-17,-4.432201536552983e+17,-7.705599590923995e-20,-8.947499116878582e+17,1.6594254649108318e-17
1.0,quadrature,555,138.9347785909303,4.645961883466459e-15,9.907404982977395e+21,1.0,-0.009302637371167054,-8323141565420275.0,1.671183697453159e-17,-4.4319229421998976e+17,-7.701563110201089e-20,-8.947077300053998e+17,1.655780571232757e-17
1.0,quadrature,556,138.9369609567713,4.625727696961212e-15,9.907250817105094e+21,1.0,-0.009318198163528104,-8336671067071713.0,1.667540300674429e-17,-4.43164449237122e+17,-7.697508573424159e-20,-8.946655695413157e+17,1.6521452835275803e-17
1.0,quadrature,557,138.939142358176,4.605590518379782e-15,9.907096726621877e+21,1.0,-0.009333751588426814,-8350192864129188.0,1.6639064514210786e-17,-4.431366187459369e+17,-7.693436120363653e-20,-8.94623430356003e+17,1.6485195791803514e-17
1.0,quadrature,558,138.94132279181974,4.585549878394079e-15,9.906942711752502e+21,1.0,-0.009349297622829088,-8363706938476722.0,1.6602821274080273e-17,-4.431088027857431e+17,-7.689345890247939e-20,-8.94581312509963e+17,1.6449034356275313e-17
1.0,quadrature,559,138.94350225437157,4.565605309934469e-15,9.90678877272212e+21,1.0,-0.009364836243659391,-8377213271968961.0,1.6566673064004176e-17,-4.43081001395917e+17,-7.685238021764733e-20,-8.94539216063803e+17,1.641296830356888e-17
1.0,quadrature,560,138.9456807424944,4.545756348179189e-15,9.906634909756282e+21,1.0,-0.009380367427800827,-8390711846431236.0,1.6530619662135275e-17,-4.430532146159019e+17,-7.681112653062823e-20,-8.944971410782349e+17,1.637699740907402e-17
1.0,quadrature,561,138.9478582528451,4.526002530543034e-15,9.906481123080922e+21,1.0,-0.009395891152095975,-8404202643660306.0,1.6494660847125306e-17,-4.430254424852068e+17,-7.676969921753716e-20,-8.944550876140739e+17,1.6341121448690232e-17
1.0,quadrature,562,138.9500347820744,4.506343396666884e-15,9.906327412922378e+21,1.0,-0.009411407393346557,-8417685645424083.0,1.6458796398124084e-17,-4.4299768504340755e+17,-7.672809964913009e-20,-8.944130557322392e+17,1.6305340198825826e-17
1.0,quadrature,563,138.95221032682696,4.486778488407533e-15,9.90617377950737e+21,1.0,-0.009426916128313381,-8431160833461565.0,1.642302609477897e-17,-4.429699423301459e+17,-7.668632919082161e-20,-8.943710454937535e+17,1.6269653436397328e-17
1.0,quadrature,564,138.95438488374154,4.467307349825275e-15,9.906020223062995e+21,1.0,-0.009442417333718155,-8444628189484451.0,1.6387349717230315e-17,-4.429422143851273e+17,-7.664438920269862e-20,-8.94329056959739e+17,1.6234060938824916e-17
1.0,quadrature,565,138.95655844945077,4.447929527175889e-15,9.905866743816754e+21,1.0,-0.00945791098624127,-8458087695175198.0,1.6351767046114678e-17,-4.4291450124812397e+17,-7.660228103953798e-20,-8.942870901914231e+17,1.61985624840356e-17
1.0,quadrature,566,138.95873102058147,4.42864456889732e-15,9.905713341996504e+21,1.0,-0.009473397062524595,-8471539332189459.0,1.6316277862558362e-17,-4.428868029589702e+17,-7.656000605081901e-20,-8.942451452501298e+17,1.616315785045672e-17
1.0,quadrature,567,138.96090259375447,4.409452025601255e-15,9.905560017830502e+21,1.0,-0.009488875539169796,-8484983082154648.0,1.6280881948179795e-17,-4.42859119557566e+17,-7.651756558074127e-20,-8.942032221972867e+17,1.6127846817018313e-17
1.0,quadrature,568,138.96307316558477,4.390351450061452e-15,9.905406771547366e+21,1.0,-0.009504346392739811,-8498418926671191.0,1.6245579085085867e-17,-4.428314510838731e+17,-7.64749609682392e-20,-8.941613210944174e+17,1.609262916314939e-17
1.0,quadrature,569,138.96524273268145,4.371342397204638e-15,9.9052536033761e+21,1.0,-0.009519809599757758,-8511846847311622.0,1.6210369055872897e-17,-4.428037975779184e+17,-7.643219354699821e-20,-8.941194420031484e+17,1.6057504668778903e-17
1.0,quadrature,570,138.9674112916479,4.352424424097968e-15,9.905100513546064e+21,1.0,-0.009535265136709324,-8525266825622641.0,1.6175251643621158e-17,-4.427761590797885e+17,-7.638926464546771e-20,-8.940775849851996e+17,1.602247311433022e-17
1.0,quadrature,571,138.96957883908163,4.3335970899410174e-15,9.904947502286998e+21,1.0,-0.009550712980040699,-8538678843123332.0,1.614022663189771e-17,-4.42748535629634e+17,-7.634617558687797e-20,-8.940357501023913e+17,1.5987534280723953e-17
1.0,quadrature,572,138.97174537157454,4.31485995605386e-15,9.904794569829004e+21,1.0,-0.009566153106160644,-8552082881306957.0,1.61052938047519e-17,-4.427209272676656e+17,-7.630292768925486e-20,-8.939939374166382e+17,1.595268794937339e-17
1.0,quadrature,573,138.97391088571268,4.296212585868401e-15,9.904641716402547e+21,1.0,-0.009581585491439122,-8565478921639791.0,1.607045294671678e-17,-4.426933340341568e+17,-7.625952226543571e-20,-8.939521469899534e+17,1.5917933902185906e-17
1.0,quadrature,574,138.97607537807656,4.277654544916575e-15,9.904488942238454e+21,1.0,-0.009597010112209063,-8578866945562634.0,1.603570384280465e-17,-4.4266575596944026e+17,-7.621596062308151e-20,-8.93910378884443e+17,1.5883271921558483e-17
1.0,quadrature,575,138.97823884524104,4.259185400821048e-15,9.904336247567906e+21,1.0,-0.009612426944766151,-8592246934490659.0,1.6001046278507132e-17,-4.426381931139087e+17,-7.617224406469525e-20,-8.93868633162308e+17,1.584870179037774e-17
1.0,quadrature,576,138.98040128377536,4.240804723285479e-15,9.90418363262244e+21,1.0,-0.009627835965368448,-8605618869813060.0,1.5966480039794384e-17,-4.426106455080149e+17,-7.61283738876345e-20,-8.93826909885843e+17,1.5814223292019112e-17
1.0,quadrature,577,138.98256269024327,4.22251208408386e-15,9.904031097633949e+21,1.0,-0.009643237150237549,-8618982732894091.0,1.5932004913112457e-17,-4.425831131922708e+17,-7.608435138412744e-20,-8.937852091174356e+17,1.57798362103442e-17
1.0,quadrature,578,138.984723061203,4.204307057050643e-15,9.903878642834671e+21,1.0,-0.009658630475558524,-8632338505072992.0,1.5897620685382073e-17,-4.42555596207246e+17,-7.60401778412857e-20,-8.93743530919565e+17,1.5745540329699502e-17
1.0,quadrature,579,138.98688239320725,4.186189218071626e-15,9.903726268457192e+21,1.0,-0.009674015917479788,-8645686167663900.0,1.586332714399871e-17,-4.425280945935694e+17,-7.599585454112305e-20,-8.937018753548028e+17,1.5711335434916465e-17
1.0,quadrature,580,138.98904068280336,4.168158145072982e-15,9.903573974734447e+21,1.0,-0.00968939345211393,-8659025701956562.0,1.5829124076829156e-17,-4.4250060839192704e+17,-7.595138276056447e-20,-8.936602424858107e+17,1.5677221311308024e-17
1.0,quadrature,581,138.99119792653332,4.1502134180115446e-15,9.9034217618997e+21,1.0,-0.009704763055538312,-8672357089216862.0,1.5795011272210256e-17,-4.42473137643061e+17,-7.590676377146386e-20,-8.936186323753389e+17,1.5643197744667327e-17
1.0,quadrature,582,138.99335412093362,4.132354618866541e-15,9.903269630186564e+21,1.0,-0.009720124703793959,-8685680310685861.0,1.5760988518950428e-17,-4.4244568238777146e+17,-7.586199884062161e-20,-8.935770450862287e+17,1.5609264521269186e-17
1.0,quadrature,583,138.99550926253562,4.11458133162738e-15,9.903117579828987e+21,1.0,-0.00973547837288776,-8698995347581716.0,1.572705560632353e-17,-4.4241824266691315e+17,-7.581708922979102e-20,-8.93535480681408e+17,1.5575421427863948e-17
1.0,quadrature,584,138.99766334786528,4.096893142286428e-15,9.90296561106124e+21,1.0,-0.009750824038790913,-8712302181098322.0,1.5693212324072102e-17,-4.423908185213973e+17,-7.577203619570086e-20,-8.93493939223893e+17,1.55416682516807e-17
1.0,quadrature,585,138.99981637344342,4.079289638827604e-15,9.902813724117932e+21,1.0,-0.009766161677440677,-8725600792406849.0,1.5659458462402675e-17,-4.423634099921895e+17,-7.572684099006475e-20,-8.934524207767859e+17,1.550800478042255e-17
1.0,quadrature,586,139.00196833578568,4.061770411217383e-15,9.902661919233995e+21,1.0,-0.00978149126474011,-8738891162655508.0,1.5625793811985454e-17,-4.423360171203095e+17,-7.568150485959638e-20,-8.934109254032745e+17,1.5474430802266264e-17
1.0,quadrature,587,139.00411923140248,4.044335051395829e-15,9.902510196644685e+21,1.0,-0.009796812776557876,-8752173272969385.0,1.5592218163954065e-17,-4.423086399468314e+17,-7.563602904602527e-20,-8.933694531666322e+17,1.5440946105862013e-17
1.0,quadrature,588,139.00626905679923,4.026983153266291e-15,9.902358556585578e+21,1.0,-0.009812126188729271,-8765447104451349.0,1.55587313099026e-17,-4.422812785128826e+17,-7.5590414786109e-20,-8.933280041302166e+17,1.5407550480330383e-17
1.0,quadrature,589,139.00841780847622,4.0097143126863075e-15,9.902206999292568e+21,1.0,-0.009827431477056371,-8778712638182159.0,1.5525333041884954e-17,-4.4225393285964275e+17,-7.554466331164925e-20,-8.932865783574676e+17,1.5374243715261657e-17
1.0,quadrature,590,139.0105654829288,3.992528127458099e-15,9.902055525001862e+21,1.0,-0.00984272861730828,-8791969855220706.0,1.549202315241322e-17,-4.422266030283437e+17,-7.549877584950436e-20,-8.932451759119081e+17,1.5341025600714215e-17
1.0,quadrature,591,139.0127120766473,3.975424197319338e-15,9.901904133949978e+21,1.0,-0.009858017585221184,-8805218736604042.0,1.545880143445658e-17,-4.421992890602693e+17,-7.545275362160261e-20,-8.932037968571427e+17,1.5307895927213376e-17
1.0,quadrature,592,139.01485758611716,3.958402123933514e-15,9.90175282637374e+21,1.0,-0.00987329835649928,-8818459263348198.0,1.5425667681439314e-17,-4.421719909967537e+17,-7.540659784495759e-20,-8.931624412568556e+17,1.5274854485749397e-17
1.0,quadrature,593,139.01700200781892,3.941461510881471e-15,9.901601602510283e+21,1.0,-0.009888570906814309,-8831691416447778.0,1.5392621687241002e-17,-4.421447088791824e+17,-7.536030973168393e-20,-8.931211091748127e+17,1.5241901067777635e-17
1.0,quadrature,594,139.0191453382283,3.924601963651199e-15,9.901450462597036e+21,1.0,-0.00990383521180659,-8844915176876861.0,1.535966324619324e-17,-4.421174427489902e+17,-7.531389048900689e-20,-8.930798006748572e+17,1.5209035465215228e-17
1.0,quadrature,595,139.02128757381627,3.907823089629017e-15,9.901299406871728e+21,1.0,-0.009919091247085024,-8858130525588997.0,1.5326792153078996e-17,-4.4209019264766086e+17,-7.526734131927726e-20,-8.930385158209107e+17,1.5176257470440442e-17
1.0,quadrature,596,139.02342871104904,3.891124498090584e-15,9.901148435572385e+21,1.0,-0.009934338988227681,-8871337443517729.0,1.5294008203131542e-17,-4.420629586167273e+17,-7.52206634199883e-20,-8.929972546769723e+17,1.514356687629157e-17
1.0,quadrature,597,139.02556874638805,3.8745058001923936e-15,9.90099754893733e+21,1.0,-0.009949578410781021,-8884535911575905.0,1.5261311192034243e-17,-4.42035740697771e+17,-7.517385798378673e-20,-8.929560173071181e+17,1.511096347606667e-17
1.0,quadrature,598,139.02770767629022,3.857966608961099e-15,9.900846747205157e+21,1.0,-0.009964809490262214,-8897725910657700.0,1.5228700915915995e-17,-4.4200853893241984e+17,-7.51269261984854e-20,-8.929148037754973e+17,1.5078447063519023e-17
1.0,quadrature,599,139.02984549720784,3.841506539285778e-15,9.90069603061476e+21,1.0,-0.009980032202157992,-8910907421637607.0,1.519617717135241e-17,-4.419813533623484e+17,-7.507986924707796e-20,-8.928736141463345e+17,1.5046017432858256e-17
1.0,quadrature,600,139.03198220558858,3.825125207909333e-15,9.900545399405314e+21,1.0,-0.009995246521924895,-8924080425370690.0,1.5163739755365175e-17,-4.419541840292797e+17,-7.503268830775523e-20,-8.928324484839301e+17,1.5013674378749663e-17
1.0,quadrature,601,139.0341177978757,3.8088222334179835e-15,9.900394853816263e+21,1.0,-0.010010452424990969,-8937244902693996.0,1.5131388465417536e-17,-4.419270309749795e+17,-7.498538455391308e-20,-8.927913068526529e+17,1.4981417696309712e-17
1.0,quadrature,602,139.0362522705079,3.7925972362342966e-15,9.900244394087337e+21,1.0,-0.01002564988675432,-8950400834425354.0,1.5099123099416784e-17,-4.418998942412611e+17,-7.49379591541711e-20,-8.927501893169477e+17,1.494924718110844e-17
1.0,quadrature,603,139.03838561991964,3.776449838606347e-15,9.900094020458524e+21,1.0,-0.010040838882585402,-8963548201365322.0,1.506694345570889e-17,-4.4187277386998e+17,-7.489041327238053e-20,-8.927090959413253e+17,1.4917162629164128e-17
1.0,quadrature,604,139.04051784254088,3.760379664600828e-15,9.899943733170088e+21,1.0,-0.010056019387825585,-8976686984295966.0,1.503484933308098e-17,-4.4184566990303686e+17,-7.484274806764308e-20,-8.926680267903697e+17,1.488516383694569e-17
1.0,quadrature,605,139.0426489347973,3.744386340093385e-15,9.899793532462561e+21,1.0,-0.010071191377788311,-8989817163981863.0,1.500284053075815e-17,-4.4181858238237574e+17,-7.479496469432082e-20,-8.926269819287334e+17,1.4853250601369506e-17
1.0,quadrature,606,139.04477889311045,3.7284694927594486e-15,9.899643418576725e+21,1.0,-0.010086354827760156,-9002938721170999.0,1.4970916848401257e-17,-4.417915113499817e+17,-7.474706430205005e-20,-8.925859614211343e+17,1.4821422719797155e-17
1.0,quadrature,607,139.04690771389747,3.7126287520670214e-15,9.89949339175363e+21,1.0,-0.010101509712999435,-9016051636593578.0,1.493907808610846e-17,-4.417644568478832e+17,-7.469904803575582e-20,-8.9254496533236e+17,1.4789679990036947e-17
1.0,quadrature,608,139.04903539357153,3.69686374926632e-15,9.89934345223457e+21,1.0,-0.01011665600873844,-9029155890963958.0,1.490732404441042e-17,-4.417374189181489e+17,-7.46509170356612e-20,-8.925039937272618e+17,1.4758022210339098e-17
1.0,quadrature,609,139.05116192854163,3.681174117382439e-15,9.89919360026109e+21,1.0,-0.010131793690182704,-9042251464980004.0,1.4875654524271518e-17,-4.417103976028883e+17,-7.460267243730494e-20,-8.924630466707566e+17,1.472644917939691e-17
1.0,quadrature,610,139.0532873152127,3.665559491206564e-15,9.89904383607499e+21,1.0,-0.010146922732511401,-9055338339323434.0,1.4844069327087992e-17,-4.416833929442509e+17,-7.455431537155176e-20,-8.924221242278252e+17,1.469496069634489e-17
1.0,quadrature,611,139.05541154998573,3.6500195072872456e-15,9.8988941599183e+21,1.0,-0.010162043110878184,-9068416494660548.0,1.4812568254686203e-17,-4.416564049844253e+17,-7.450584696460658e-20,-8.923812264635112e+17,1.4663556560756988e-17
1.0,quadrature,612,139.0575346292577,3.6345538039221225e-15,9.898744572033303e+21,1.0,-0.010177154800411125,-9081485911642174.0,1.478115110932168e-17,-4.41629433765639e+17,-7.445726833802584e-20,-8.923403534429201e+17,1.4632236572645627e-17
1.0,quadrature,613,139.0596565494218,3.619162021149079e-15,9.8985950726625e+21,1.0,-0.010192257776213751,-9094546570904554.0,1.474981769367692e-17,-4.416024793301562e+17,-7.440858060873054e-20,-8.92299505231217e+17,1.4601000532459462e-17
1.0,quadrature,614,139.06177730686724,3.6038438007388865e-15,9.898445662048638e+21,1.0,-0.01020735201336439,-9107598453068794.0,1.4718567810862233e-17,-4.415755417202802e+17,-7.435978488902215e-20,-8.922586818936292e+17,1.4569848241084187e-17
1.0,quadrature,615,139.06389689797962,3.588598786185619e-15,9.898296340434683e+21,1.0,-0.01022243748691761,-9120641538742070.0,1.4687401264411784e-17,-4.415486209783488e+17,-7.43108822865897e-20,-8.922178834954396e+17,1.4538779499838606e-17
1.0,quadrature,616,139.0660153191407,3.573426622699379e-15,9.898147108063824e+21,1.0,-0.010237514171903883,-9133675808517382.0,1.4656317858284483e-17,-4.4152171714673664e+17,-7.426187390452794e-20,-8.921771101019907e+17,1.4507794110475427e-17
1.0,quadrature,617,139.06813256672856,3.558326957197622e-15,9.897997965179478e+21,1.0,-0.010252582043330181,-9146701242974032.0,1.4625317396861788e-17,-4.4149483026785395e+17,-7.421276084134689e-20,-8.921363617786819e+17,1.4476891875179095e-17
1.0,quadrature,618,139.07024863711777,3.543299438296747e-15,9.897848912025265e+21,1.0,-0.01026764107618074,-9159717822678296.0,1.4594399684945998e-17,-4.4146796038414406e+17,-7.41635441909849e-20,-8.920956385909664e+17,1.444607259656403e-17
1.0,quadrature,619,139.0723635266792,3.528343716304718e-15,9.897699948845033e+21,1.0,-0.010282691245416557,-9172725528182980.0,1.456356452776066e-17,-4.4144110753808557e+17,-7.411422504282316e-20,-8.920549406043542e+17,1.4415336077675015e-17
1.0,quadrature,620,139.07447723178035,3.5134594432115326e-15,9.89755107588282e+21,1.0,-0.01029773252597713,-9185724340028926.0,1.4532811730946367e-17,-4.4141427177218854e+17,-7.406480448169292e-20,-8.92014267884406e+17,1.438468212198298e-17
1.0,quadrature,621,139.07658974878515,3.498646272682935e-15,9.897402293382885e+21,1.0,-0.010312764892779235,-9198714238743944.0,1.4502141100563223e-17,-4.4138745312899686e+17,-7.401528358789526e-20,-8.919736204967377e+17,1.4354110533387433e-17
1.0,quadrature,622,139.07870107405427,3.483903860050568e-15,9.89725360158967e+21,1.0,-0.010327788320719124,-9211695204844716.0,1.447155244308587e-17,-4.4136065165108416e+17,-7.396566343720725e-20,-8.91932998507013e+17,1.4323621116211454e-17
1.0,quadrature,623,139.0808112039449,3.4692318623055646e-15,9.89710500074783e+21,1.0,-0.010342802784671038,-9224667218835508.0,1.4441045565405583e-17,-4.4133386738105715e+17,-7.391594510089793e-20,-8.918924019809498e+17,1.4293213675203784e-17
1.0,quadrature,624,139.0829201348111,3.454629938089191e-15,9.896956491102199e+21,1.0,-0.01035780825948948,-9237630261210110.0,1.441062027482606e-17,-4.4130710036155034e+17,-7.38661296457388e-20,-8.918518309843108e+17,1.4262888015534583e-17
1.0,quadrature,625,139.08502786300363,3.440097747685918e-15,9.8968080728978e+21,1.0,-0.01037280472000817,-9250584312450956.0,1.438027637906436e-17,-4.412803506352292e+17,-7.38162181340167e-20,-8.918112855829093e+17,1.4232643942796324e-17
1.0,quadrature,626,139.0871343848701,3.425634953015142e-15,9.89665974637985e+21,1.0,-0.010387792141041033,-9263529353029956.0,1.435001368624879e-17,-4.412536182447876e+17,-7.376621162354577e-20,-8.917707658426052e+17,1.4202481263001696e-17
1.0,quadrature,627,139.08923969675502,3.411241217623344e-15,9.896511511793733e+21,1.0,-0.01040277049738283,-9276465363409048.0,1.431983200491773e-17,-4.412269032329471e+17,-7.371611116768134e-20,-8.917302718293033e+17,1.417239978258237e-17
1.0,quadrature,628,139.09134379499986,3.396916206676294e-15,9.896363369385016e+21,1.0,-0.010417739763809107,-9289392324040118.0,1.4289731144018426e-17,-4.4120020564245626e+17,-7.366591781532884e-20,-8.916898036089526e+17,1.414239930838777e-17
1.0,quadrature,629,139.09344667594314,3.3826595869510945e-15,9.896215319399436e+21,1.0,-0.010432699915077103,-9302310215365836.0,1.4259710912905412e-17,-4.411735255160906e+17,-7.361563261095749e-20,-8.91649361247547e+17,1.41124796476835e-17
1.0,quadrature,630,139.09554833592045,3.3684710268286627e-15,9.89606736208289e+21,1.0,-0.010447650925925875,-9315219017819694.0,1.4229771121339708e-17,-4.411468628966504e+17,-7.356525659461237e-20,-8.916089448111204e+17,1.4082640608150484e-17
1.0,quadrature,631,139.09764877126452,3.3543501962860465e-15,9.89591949768145e+21,1.0,-0.010462592771076822,-9328118711826504.0,1.4199911579487684e-17,-4.411202178269616e+17,-7.351479080192749e-20,-8.915685543657498e+17,1.4052881997883828e-17
1.0,quadrature,632,139.09974797830526,3.3402967668885977e-15,9.895771726441334e+21,1.0,-0.010477525425234075,-9341009277802696.0,1.4170132097919478e-17,-4.410935903498737e+17,-7.346423626413553e-20,-8.915281899775502e+17,1.402320362539121e-17
1.0,quadrature,633,139.10184595336986,3.3263104117825635e-15,9.895624048608922e+21,1.0,-0.010492448863084753,-9353890696156548.0,1.414043248760825e-17,-4.4106698050826035e+17,-7.341359400808089e-20,-8.914878517126772e+17,1.399360529959209e-17
1.0,quadrature,634,139.10394269278285,3.312390805687146e-15,9.895476464430745e+21,1.0,-0.010507363059299881,-9366762947288976.0,1.4110812559928254e-17,-4.410403883450171e+17,-7.336286505623124e-20,-8.914475396373231e+17,1.3964086829815795e-17
1.0,quadrature,635,139.1060381928661,3.298537624887553e-15,9.89532897415347e+21,1.0,-0.010522267988534124,-9379626011593274.0,1.408127212665487e-17,-4.4101381390306176e+17,-7.331205042669062e-20,-8.914072538177169e+17,1.3934648025801487e-17
1.0,quadrature,636,139.108132449939,3.2847505472263866e-15,9.895181578023916e+21,1.0,-0.010537163625427351,-9392479869456494.0,1.405181099996113e-17,-4.4098725722533254e+17,-7.326115113320741e-20,-8.913669943201216e+17,1.3905288697694715e-17
1.0,quadrature,637,139.11022546031845,3.271029252097332e-15,9.895034276289029e+21,1.0,-0.010552049944603913,-9405324501258774.0,1.402242899241897e-17,-4.4096071835478803e+17,-7.321016818519047e-20,-8.913267612108348e+17,1.387600865604859e-17
1.0,quadrature,638,139.11231722031883,3.2573734204373746e-15,9.894887069195893e+21,1.0,-0.010566926920673432,-9418159887374054.0,1.3993125916997337e-17,-4.40934197334407e+17,-7.315910258771965e-20,-8.91286554556188e+17,1.3846807711821898e-17
1.0,quadrature,639,139.11440772625227,3.2437827347188795e-15,9.894739956991722e+21,1.0,-0.010581794528231648,-9430986008170756.0,1.3963901587059905e-17,-4.409076942071859e+17,-7.310795534155439e-20,-8.912463744225426e+17,1.3817685676376794e-17
1.0,quadrature,640,139.11649697442857,3.230256878942641e-15,9.894592939923845e+21,1.0,-0.010596652741860798,-9443802844012150.0,1.393475581636477e-17,-4.408812090161394e+17,-7.305672744314941e-20,-8.91206220876291e+17,1.3788642361478473e-17
1.0,quadrature,641,139.1185849611553,3.2167955386305924e-15,9.894446018239715e+21,1.0,-0.010611501536129496,-9456610375256194.0,1.3905688419063397e-17,-4.4085474180429914e+17,-7.300541988466282e-20,-8.911660939838545e+17,1.3759677579294074e-17
1.0,quadrature,642,139.12067168273788,3.2033984008183724e-15,9.894299192186898e+21,1.0,-0.01062634088559377,-9469408582256458.0,1.3876699209699143e-17,-4.408282926147129e+17,-7.295403365397021e-20,-8.911259938116822e+17,1.3730791142391203e-17
1.0,quadrature,643,139.1227571354796,3.1900651540481134e-15,9.894152462013072e+21,1.0,-0.010641170764797326,-9482197445362334.0,1.384778800320618e-17,-4.408018614904441e+17,-7.290256973467514e-20,-8.910859204262505e+17,1.3701982863736829e-17
1.0,quadrature,644,139.12484131568172,3.176795488361086e-15,9.894005827966016e+21,1.0,-0.010655991148272063,-9494976944919446.0,1.3818954614908102e-17,-4.4077544847457024e+17,-7.285102910611974e-20,-8.910458738940599e+17,1.3673252556695862e-17
1.0,quadrature,645,139.12692421964357,3.163589095290742e-15,9.893859290293614e+21,1.0,-0.01067080201053834,-9507747061269918.0,1.379019886051722e-17,-4.4074905361018323e+17,-7.279941274339709e-20,-8.910058542816365e+17,1.3644600035030428e-17
1.0,quadrature,646,139.12900584366255,3.150445667855254e-15,9.89371284924384e+21,1.0,-0.010685603326105813,-9520507774753044.0,1.3761520556132792e-17,-4.407226769403876e+17,-7.274772161736195e-20,-8.909658616555283e+17,1.361602511289807e-17
1.0,quadrature,647,139.13108618403425,3.1373649005506325e-15,9.893566505064765e+21,1.0,-0.010700395069473708,-9533259065705534.0,1.3732919518240365e-17,-4.4069631850829946e+17,-7.269595669464319e-20,-8.909258960823044e+17,1.3587527604851078e-17
1.0,quadrature,648,139.13316523705248,3.1243464893433433e-15,9.89342025800454e+21,1.0,-0.0107151772151312,-9546000914461834.0,1.3704395563709984e-17,-4.4066997835704666e+17,-7.264411893765116e-20,-8.908859576285551e+17,1.3559107325834681e-17
1.0,quadrature,649,139.13524299900936,3.1113901316636736e-15,9.893274108311403e+21,1.0,-0.01072994973755814,-9558733301354730.0,1.3675948509795985e-17,-4.4064365652976723e+17,-7.259220930459544e-20,-8.908460463608892e+17,1.3530764091186795e-17
1.0,quadrature,650,139.13731946619538,3.0984955263984226e-15,9.893128056233666e+21,1.0,-0.010744712611225173,-9571456206715450.0,1.36475781741352e-17,-4.4061735306960896e+17,-7.254022874949014e-20,-8.908061623459333e+17,1.350249771663622e-17
1.0,quadrature,651,139.13939463489945,3.085662373883984e-15,9.892982102019713e+21,1.0,-0.01075946581059453,-9584169610874332.0,1.3619284374745969e-17,-4.4059106801972826e+17,-7.248817822216809e-20,-8.907663056503309e+17,1.3474308018301635e-17
1.0,quadrature,652,139.14146850140904,3.0728903758991137e-15,9.892836245917997e+21,1.0,-0.010774209310120674,-9596873494161372.0,1.3591066930026415e-17,-4.4056480142328877e+17,-7.243605866828956e-20,-8.90726476340739e+17,1.3446194812689836e-17
1.0,quadrature,653,139.14354106201014,3.0601792356586138e-15,9.892690488177033e+21,1.0,-0.010788943084250173,-9609567836906110.0,1.35629256587546e-17,-4.405385533234622e+17,-7.23838710293564e-20,-8.906866744838305e+17,1.3418157916695887e-17
1.0,quadrature,654,139.14561231298742,3.0475286578059915e-15,9.892544829045395e+21,1.0,-0.010803667107422608,-9622252619438376.0,1.353486038008642e-17,-4.4051232376342554e+17,-7.233161624272037e-20,-8.906469001462894e+17,1.3390197147600978e-17
1.0,quadrature,655,139.14768225062429,3.0349383484065162e-15,9.892399268771704e+21,1.0,-0.010818381354071425,-9634927822089058.0,1.350687091355427e-17,-4.4048611278636115e+17,-7.22792952415955e-20,-8.906071533948114e+17,1.336231232307108e-17
1.0,quadrature,656,139.14975087120288,3.022408014940827e-15,9.892253807604635e+21,1.0,-0.010833085798623472,-9647593425189638.0,1.3478957079066867e-17,-4.404599204354559e+17,-7.222690895506768e-20,-8.905674342961014e+17,1.3334503261156733e-17
1.0,quadrature,657,139.15181817100424,3.0099373662978784e-15,9.892108445792904e+21,1.0,-0.01084778041550031,-9660249409073360.0,1.3451118696907546e-17,-4.4043374675390035e+17,-7.217445830810784e-20,-8.90527742916874e+17,1.3306769780291332e-17
1.0,quadrature,658,139.15388414630834,2.9975261127679326e-15,9.891963183585263e+21,1.0,-0.010862465179118663,-9672895754075562.0,1.3423355587732572e-17,-4.404075917848865e+17,-7.212194422157925e-20,-8.904880793238486e+17,1.3279111699289413e-17
1.0,quadrature,659,139.15594879339415,2.9851739660364366e-15,9.8918180212305e+21,1.0,-0.010877140063890425,-9685532440533710.0,1.3395667572571358e-17,-4.403814555716096e+17,-7.206936761225237e-20,-8.90448443583753e+17,1.3251528837346852e-17
1.0,quadrature,660,139.15801210853968,2.97288063917691e-15,9.891672958977431e+21,1.0,-0.010891805044223496,-9698159448788080.0,1.3368054472824422e-17,-4.403553381572651e+17,-7.201672939281264e-20,-8.904088357633184e+17,1.3224021014038797e-17
1.0,quadrature,661,139.16007408802218,2.9606458466440386e-15,9.89152799707489e+21,1.0,-0.01090646009452264,-9710776759182476.0,1.3340516110261704e-17,-4.403292395850473e+17,-7.196403047187038e-20,-8.90369255929277e+17,1.3196588049317968e-17
1.0,quadrature,662,139.162134728118,2.948469304268161e-15,9.891383135771734e+21,1.0,-0.010921105189188896,-9723384352063748.0,1.3313052307023996e-17,-4.403031598981517e+17,-7.191127175397795e-20,-8.903297041483671e+17,1.3169229763516042e-17
1.0,quadrature,663,139.16419402510286,2.9363507292470788e-15,9.891238375316831e+21,1.0,-0.01093574030262153,-9735982207783414.0,1.3285662885618214e-17,-4.402770991397698e+17,-7.185845413963024e-20,-8.90290180487323e+17,1.3141945977338954e-17
1.0,quadrature,664,139.1662519752518,2.92428984014094e-15,9.891093715959062e+21,1.0,-0.010950365409217195,-9748570306696962.0,1.3258347668919578e-17,-4.4025105735309184e+17,-7.18055785252841e-20,-8.902506850128806e+17,1.3114736511869012e-17
1.0,quadrature,665,139.1683085748394,2.9122863568646385e-15,9.890949157947299e+21,1.0,-0.010964980483371804,-9761148629165426.0,1.3231106480168087e-17,-4.4022503458130336e+17,-7.175264580336448e-20,-8.902112177917722e+17,1.3087601188561361e-17
1.0,quadrature,666,139.1703638201396,2.900340000681914e-15,9.89080470153042e+21,1.0,-0.010979585499479904,-9773717155554844.0,1.3203939142968812e-17,-4.401990308675855e+17,-7.169965686227502e-20,-8.901717788907258e+17,1.3060539829244264e-17
1.0,quadrature,667,139.17241770742606,2.8884504941989888e-15,9.890660346957293e+21,1.0,-0.01099418043193544,-9786275866236882.0,1.3176845481291007e-17,-4.401730462551141e+17,-7.164661258641128e-20,-8.901323683764652e+17,1.3033552256118185e-17
1.0,quadrature,668,139.17447023297206,2.8766175613574086e-15,9.890516094476777e+21,1.0,-0.01100876525513306,-9798824741589980.0,1.3149825319465428e-17,-4.401470807870584e+17,-7.159351385616735e-20,-8.900929863157068e+17,1.3006638291753093e-17
1.0,quadrature,669,139.17652139305056,2.8648409274285707e-15,9.890371944337709e+21,1.0,-0.01102333994346748,-9811363761998752.0,1.3122878482185338e-17,-4.401211345065804e+17,-7.154036154795014e-20,-8.900536327751596e+17,1.2979797759089439e-17
1.0,quadrature,670,139.17857118393442,2.853120319006632e-15,9.8902278967889e+21,1.0,-0.011037904471334892,-9823892907855210.0,1.3096004794503829e-17,-4.400952074568335e+17,-7.148715653418678e-20,-8.900143078215222e+17,1.2953030481435456e-17
1.0,quadrature,671,139.18061960189635,2.8414554640024454e-15,9.890083952079139e+21,1.0,-0.011052458813133248,-9836412159558978.0,1.3069204081833364e-17,-4.40069299680962e+17,-7.143389968333651e-20,-8.899750115214829e+17,1.2926336282466689e-17
1.0,quadrature,672,139.18266664320907,2.8298460916370326e-15,9.889940110457176e+21,1.0,-0.011067002943262834,-9848921497517780.0,1.3042476169944235e-17,-4.400434112220996e+17,-7.138059185989876e-20,-8.899357439417169e+17,1.2899714986224436e-17
1.0,quadrature,673,139.18471230414525,2.8182919324360592e-15,9.889796372171726e+21,1.0,-0.011081536836126213,-9861420902147370.0,1.3015820884965225e-17,-4.400175421233698e+17,-7.132723392442898e-20,-8.898965051488869e+17,1.287316641711637e-17
1.0,quadrature,674,139.18675658097777,2.806792718222409e-15,9.889652737471456e+21,1.0,-0.011096060466129981,-9873910353873028.0,1.298923805337987e-17,-4.399916924278829e+17,-7.12738267335419e-20,-8.898572952096388e+17,1.2846690399912783e-17
1.0,quadrature,675,139.18879946997964,2.795348182111042e-15,9.889509206604986e+21,1.0,-0.01111057380768386,-9886389833128760.0,1.2962727502027856e-17,-4.3996586217873715e+17,-7.122037113992616e-20,-8.89818114190603e+17,1.2820286759748001e-17
1.0,quadrature,676,139.19084096742424,2.7839580585018028e-15,9.889365779820877e+21,1.0,-0.011125076835202896,-9898859320359180.0,1.2936289058101687e-17,-4.3994005141901555e+17,-7.116686799235223e-20,-8.897789621583901e+17,1.2793955322116983e-17
1.0,quadrature,677,139.19288106958516,2.7726220830744896e-15,9.889222457367636e+21,1.0,-0.011139569523106064,-9911318796018294.0,1.2909922549148489e-17,-4.3991426019178784e+17,-7.111331813568591e-20,-8.89739839179594e+17,1.2767695912877119e-17
1.0,quadrature,678,139.19491977273657,2.76133999278126e-15,9.889079239493695e+21,1.0,-0.011154051845818897,-9923768240571740.0,1.2883627803065536e-17,-4.398884885401061e+17,-7.105972241089281e-20,-8.897007453207839e+17,1.274150835824375e-17
1.0,quadrature,679,139.19695707315302,2.7501115258420697e-15,9.888936126447427e+21,1.0,-0.011168523777772027,-9936207634495508.0,1.2857404648102829e-17,-4.398627365070073e+17,-7.10060816550556e-20,-8.896616806485101e+17,1.2715392484792716e-17
1.0,quadrature,680,139.19899296710975,2.7389364217371496e-15,9.888793118477113e+21,1.0,-0.011182985293403433,-9948636958277864.0,1.2831252912858656e-17,-4.398370041355085e+17,-7.095239670137595e-20,-8.896226452292948e+17,1.2689348119455905e-17
1.0,quadrature,681,139.2010274508826,2.7278144212020304e-15,9.888650215830967e+21,1.0,-0.011197436367158007,-9961056192418984.0,1.2805172426281089e-17,-4.398112914686099e+17,-7.089866837919215e-20,-8.895836391296388e+17,1.2663375089522704e-17
1.0,quadrature,682,139.2030605207482,2.7167452662210268e-15,9.8885074187571e+21,1.0,-0.01121187697348827,-9973465317431488.0,1.2779163017665714e-17,-4.3978559854929056e+17,-7.084489751398339e-20,-8.895446624160125e+17,1.2637473222637748e-17
1.0,quadrature,683,139.205092172984,2.705728700021381e-15,9.888364727503547e+21,1.0,-0.01122630708685528,-9985864313841282.0,1.275322451665499e-17,-4.397599254205095e+17,-7.079108492738373e-20,-8.895057151548603e+17,1.2611642346800222e-17
1.0,quadrature,684,139.20712240386828,2.6947644670674333e-15,9.888222142318231e+21,1.0,-0.011240726681728565,-9998253162187412.0,1.2727356753237443e-17,-4.397342721252037e+17,-7.073723143718958e-20,-8.89466797412595e+17,1.2585882290363067e-17
1.0,quadrature,685,139.2091512096804,2.6838523130543613e-15,9.888079663448973e+21,1.0,-0.011255135732587374,-1.0010631843023166e+16,1.2701559557745946e-17,-4.397086387062877e+17,-7.068333785736951e-20,-8.894279092555985e+17,1.2560192882031206e-17
1.0,quadrature,686,139.2111785867008,2.672991984902416e-15,9.887937291143487e+21,1.0,-0.011269534213921186,-1.002300033691648e+16,1.2675832760856953e-17,-4.396830252066513e+17,-7.062940499807552e-20,-8.893890507502191e+17,1.25345739508608e-17
1.0,quadrature,687,139.21320453121098,2.6621832307514863e-15,9.887795025649372e+21,1.0,-0.011283922100229398,-1.0035358624449646e+16,1.2650176193590546e-17,-4.3965743166916134e+17,-7.057543366565294e-20,-8.893502219627722e+17,1.2509025326259238e-17
1.0,quadrature,688,139.21522903949372,2.651425799954476e-15,9.887652867214101e+21,1.0,-0.011298299366023144,-1.0047706686220848e+16,1.2624589687307587e-17,-4.3963185813665683e+17,-7.052142466264779e-20,-8.893114229595346e+17,1.2483546837982296e-17
1.0,quadrature,689,139.2172521078331,2.640719443072232e-15,9.887510816085026e+21,1.0,-0.011312665985824772,-1.0060044502843722e+16,1.2599073073710468e-17,-4.39606304651952e+17,-7.046737878781939e-20,-8.892726538067476e+17,1.2458138316134829e-17
1.0,quadrature,690,139.2192737325146,2.630063911867288e-15,9.887368872509368e+21,1.0,-0.011327021934169157,-1.0072372054948438e+16,1.2573626184840996e-17,-4.395807712578324e+17,-7.041329683614859e-20,-8.892339145706132e+17,1.2432799591168698e-17
1.0,quadrature,691,139.2212939098252,2.6194589592982463e-15,9.887227036734199e+21,1.0,-0.011341367185604022,-1.008468932318196e+16,1.2548248853079699e-17,-4.395552579970548e+17,-7.035917959884732e-20,-8.891952053172915e+17,1.2407530493882007e-17
1.0,quadrature,692,139.22331263605338,2.608904339514033e-15,9.887085309006457e+21,1.0,-0.011355701714690657,-1.0096996288208656e+16,1.252294091114487e-17,-4.395297649123462e+17,-7.030502786336936e-20,-8.89156526112901e+17,1.2382330855418134e-17
1.0,quadrature,693,139.22532990748928,2.5983998078484842e-15,9.88694368957293e+21,1.0,-0.0113700254960038,-1.0109292930710162e+16,1.2497702192092205e-17,-4.395042920464035e+17,-7.025084241341914e-20,-8.891178770235173e+17,1.2357200507265366e-17
1.0,quadrature,694,139.22734572042478,2.5879451208142136e-15,9.886802178680251e+21,1.0,-0.011384338504133314,-1.012157923138681e+16,1.2472532529312752e-17,-4.394788394418916e+17,-7.019662402896213e-20,-8.890792581151699e+17,1.2332139281254827e-17
1.0,quadrature,695,139.2293600711536,2.5775400360969632e-15,9.886660776574887e+21,1.0,-0.011398640713684271,-1.0133855170957674e+16,1.2447431756531921e-17,-4.394534071414417e+17,-7.014237348623104e-20,-8.89040669453841e+17,1.2307147009559458e-17
1.0,quadrature,696,139.23137295597124,2.5671843125507084e-15,9.886519483503145e+21,1.0,-0.011412932099276945,-1.0146120730160542e+16,1.2422399707810257e-17,-4.394279951876528e+17,-7.00880915577417e-20,-8.890021111054661e+17,1.2282223524694774e-17
1.0,quadrature,697,139.23338437117528,2.5568777101911823e-15,9.886378299711153e+21,1.0,-0.01142721263554851,-1.0158375889753366e+16,1.2397436217540338e-17,-4.394026036230878e+17,-7.003377901229729e-20,-8.88963583135929e+17,1.2257368659515739e-17
1.0,quadrature,698,139.2353943130653,2.546619990190745e-15,9.886237225444868e+21,1.0,-0.01144148229715285,-1.0170620630514052e+16,1.2372541120446854e-17,-4.393772324902742e+17,-6.997943661499894e-20,-8.889250856110624e+17,1.2232582247216855e-17
1.0,quadrature,699,139.23740277794306,2.5364109148729874e-15,9.886096260950057e+21,1.0,-0.011455741058761201,-1.0182854933241016e+16,1.2347714251586007e-17,-4.39351881831703e+17,-6.992506512725746e-20,-8.88886618596647e+17,1.2207864121331493e-17
1.0,quadrature,700,139.2394097621125,2.5262502477067836e-15,9.885955406472304e+21,1.0,-0.011469988895063215,-1.0195078778754066e+16,1.2322955446343482e-17,-4.3932655168982694e+17,-6.987066530679958e-20,-8.88848182158408e+17,1.2183214115729882e-17
1.0,quadrature,701,139.24141526187992,2.516137753301096e-15,9.88581466225699e+21,1.0,-0.011484225780767203,-1.0207292147894568e+16,1.2298264540434189e-17,-4.3930124210705946e+17,-6.981623790767917e-20,-8.888097763620136e+17,1.215863206461883e-17
1.0,quadrature,702,139.243419273554,2.5060731973995196e-15,9.885674028549297e+21,1.0,-0.011498451690600733,-1.0219495021525972e+16,1.2273641369901338e-17,-4.392759531257745e+17,-6.976178368028665e-20,-8.887714012730751e+17,1.2134117802540764e-17
1.0,quadrature,703,139.24542179344584,2.496056346874993e-15,9.885533505594205e+21,1.0,-0.011512666599311024,-1.0231687380534104e+16,1.2249085771115844e-17,-4.392506847883054e+17,-6.970730337135916e-20,-8.88733056957145e+17,1.2109671164373126e-17
1.0,quadrature,704,139.2474228178692,2.486086969723966e-15,9.885393093636475e+21,1.0,-0.011526870481665986,-1.0243869205828038e+16,1.2224597580774325e-17,-4.392254371369428e+17,-6.965279772398644e-20,-8.886947434797137e+17,1.2085291985326353e-17
1.0,quadrature,705,139.24942234314042,2.476164835061318e-15,9.885252792920652e+21,1.0,-0.011541063312454749,-1.025604047834053e+16,1.2200176635898915e-17,-4.392002102139344e+17,-6.959826747762384e-20,-8.886564609062094e+17,1.2060980100943664e-17
1.0,quadrature,706,139.25142036557864,2.4662897131150032e-15,9.885112603691052e+21,1.0,-0.01155524506648805,-1.0268201179028334e+16,1.2175822773836294e-17,-4.391750040614838e+17,-6.954371336810035e-20,-8.886182093019959e+17,1.2036735347100096e-17
1.0,quadrature,707,139.25341688150579,2.456461375220594e-15,9.884972526191765e+21,1.0,-0.011569415718598893,-1.0280351288872728e+16,1.21515358322565e-17,-4.3914981872174944e+17,-6.948913612762621e-20,-8.885799887323716e+17,1.2012557560001249e-17
1.0,quadrature,708,139.25541188724665,2.446679593816404e-15,9.884832560666647e+21,1.0,-0.01158357524364287,-1.0292490788879774e+16,1.2127315649152988e-17,-4.39124654236844e+17,-6.943453648480643e-20,-8.885417992625678e+17,1.1988446576183374e-17
1.0,quadrature,709,139.25740537912915,2.4369441424372467e-15,9.884692707359299e+21,1.0,-0.0115977236165,-1.0304619660081876e+16,1.2103162062839366e-17,-4.390995106488316e+17,-6.937991516464373e-20,-8.88503640957745e+17,1.1964402232510079e-17
1.0,quadrature,710,139.25939735348416,2.4272547957104506e-15,9.884552966513086e+21,1.0,-0.011611860812073344,-1.0316737883536562e+16,1.20790749119516e-17,-4.390743879997295e+17,-6.932527288855365e-20,-8.884655138829955e+17,1.1940424366174493e-17
1.0,quadrature,711,139.26138780664576,2.417611329349805e-15,9.884413338371116e+21,1.0,-0.01162598680529118,-1.032884544032832e+16,1.2055054035445051e-17,-4.3904928633150496e+17,-6.927061037437128e-20,-8.884274181033382e+17,1.1916512814696311e-17
1.0,quadrature,712,139.26337673495132,2.4080135201503798e-15,9.88427382317623e+21,1.0,-0.011640101571107312,-1.0340942311568852e+16,1.20310992725936e-17,-4.3902420568607443e+17,-6.921592833635869e-20,-8.883893536837178e+17,1.1892667415920882e-17
1.0,quadrature,713,139.26536413474156,2.398461145983639e-15,9.884134421171005e+21,1.0,-0.011654205084501282,-1.0353028478397214e+16,1.2007210462989473e-17,-4.389991461053032e+17,-6.916122748521592e-20,-8.883513206890036e+17,1.1868888008019044e-17
1.0,quadrature,714,139.26735000236056,2.388953985792441e-15,9.883995132597755e+21,1.0,-0.011668297320478882,-1.036510392198024e+16,1.1983387446542737e-17,-4.389741076310044e+17,-6.910650852809147e-20,-8.88313319183989e+17,1.1845174429486554e-17
1.0,quadrature,715,139.269334334156,2.3794918195852438e-15,9.8838559576985e+21,1.0,-0.011682378254073736,-1.0377168623513878e+16,1.1959630063478679e-17,-4.389490903049367e+17,-6.905177216858734e-20,-8.882753492333873e+17,1.1821526519141503e-17
1.0,quadrature,716,139.27131712647912,2.3700744284319763e-15,9.883716896714987e+21,1.0,-0.011696447860346437,-1.0389222564222392e+16,1.1935938154339391e-17,-4.389240941688048e+17,-6.899701910677347e-20,-8.882374109018321e+17,1.1797944116125842e-17
1.0,quadrature,717,139.2732983756849,2.360701594457762e-15,9.883577949888665e+21,1.0,-0.01171050611438704,-1.0401265725360532e+16,1.1912311559979861e-17,-4.388991192642568e+17,-6.894225003919025e-20,-8.881995042538742e+17,1.177442705990148e-17
1.0,quadrature,718,139.27527807813206,2.3513731008390968e-15,9.883439117460694e+21,1.0,-0.011724552991313562,-1.041329808821216e+16,1.1888750121570178e-17,-4.3887416563288506e+17,-6.888746565886293e-20,-8.881616293539822e+17,1.1750975190252453e-17
1.0,quadrature,719,139.2772562301832,2.3420887317980376e-15,9.883300399671922e+21,1.0,-0.011738588466274198,-1.0425319634092152e+16,1.186525368059264e-17,-4.3884923331622285e+17,-6.883266665530824e-20,-8.881237862665379e+17,1.1727588347282025e-17
1.0,quadrature,720,139.27923282820493,2.332848272597486e-15,9.883161796762896e+21,1.0,-0.011752612514447322,-1.0437330344346388e+16,1.184182207884167e-17,-4.388243223557456e+17,-6.877785371454423e-20,-8.880859750558376e+17,1.1704266371412582e-17
1.0,quadrature,721,139.28120786856786,2.3236515095359635e-15,9.883023308973844e+21,1.0,-0.011766625111042288,-1.0449330200352372e+16,1.1818455158422267e-17,-4.3879943279286746e+17,-6.872302751909632e-20,-8.880481957860873e+17,1.1681009103384075e-17
1.0,quadrature,722,139.28318134764675,2.314498229943212e-15,9.882884936544677e+21,1.0,-0.011780626231299666,-1.0461319183519448e+16,1.1795152761750565e-17,-4.3877456466894285e+17,-6.866818874801204e-20,-8.880104485214052e+17,1.1657816384254541e-17
1.0,quadrature,723,139.2851532618206,2.3053882221746206e-15,9.88274667971497e+21,1.0,-0.011794615850492443,-1.0473297275289756e+16,1.1771914731551327e-17,-4.387497180252626e+17,-6.861333807686382e-20,-8.879727333258149e+17,1.1634688055397598e-17
1.0,quadrature,724,139.2871236074727,2.2963212756068703e-15,9.882608538723977e+21,1.0,-0.011808593943925949,-1.0485264457138186e+16,1.1748740910858505e-17,-4.387248929030554e+17,-6.85584761777619e-20,-8.879350502632492e+17,1.1611623958502986e-17
1.0,quadrature,725,139.2890923809908,2.2872971806324184e-15,9.882470513810602e+21,1.0,-0.01182256048693949,-1.0497220710573722e+16,1.1725631143012768e-17,-4.387000893434846e+17,-6.850360371935948e-20,-8.878973993975429e+17,1.1588623935574048e-17
1.0,quadrature,726,139.29105957876715,2.2783157286553194e-15,9.882332605213412e+21,1.0,-0.011836515454905897,-1.0509166017139034e+16,1.1702585271662374e-17,-4.3867530738764864e+17,-6.844872136686546e-20,-8.878597807924364e+17,1.1565687828928642e-17
1.0,quadrature,727,139.2930251971985,2.269376712086149e-15,9.882194813170615e+21,1.0,-0.011850458823232574,-1.0521100358411344e+16,1.1679603140761718e-17,-4.3865054707657946e+17,-6.83938297820519e-20,-8.878221945115703e+17,1.1542815481197612e-17
1.0,quadrature,728,139.29498923268636,2.260479924336828e-15,9.882057137920064e+21,1.0,-0.011864390567362729,-1.0533023716003462e+16,1.1656684594569557e-17,-4.3862580845124077e+17,-6.833892962326087e-20,-8.87784640618485e+17,1.1520006735323038e-17
1.0,quadrature,729,139.29695168163695,2.2516251598166367e-15,9.881919579699253e+21,1.0,-0.011878310662774482,-1.0544936071562982e+16,1.1633829477650259e-17,-4.386010915525289e+17,-6.828402154541653e-20,-8.877471191766207e+17,1.1497261434559425e-17
1.0,quadrature,730,139.29891254046146,2.2428122139263148e-15,9.881782138745297e+21,1.0,-0.011892219084983724,-1.0556837406774702e+16,1.1611037634870001e-17,-4.3857639642126816e+17,-6.82291062000293e-20,-8.877096302493111e+17,1.1474579422469943e-17
1.0,quadrature,731,139.30087180557587,2.234040883054628e-15,9.881644815294944e+21,1.0,-0.011906115809542228,-1.0568727703358988e+16,1.1588308911399364e-17,-4.3855172309821466e+17,-6.817418423521006e-20,-8.876721738997883e+17,1.1451960542928945e-17
1.0,quadrature,732,139.3028294734013,2.2253109645726513e-15,9.88150760958455e+21,1.0,-0.011920000812040272,-1.0580606943073968e+16,1.1565643152709907e-17,-4.385270716240504e+17,-6.811925629567501e-20,-8.876347501911749e+17,1.1429404640118554e-17
1.0,quadrature,733,139.30478554036395,2.2166222568294813e-15,9.881370521850092e+21,1.0,-0.011933874068106365,-1.0592475107715298e+16,1.154304020457441e-17,-4.385024420393855e+17,-6.806432302275539e-20,-8.875973591864861e+17,1.1406911558528899e-17
1.0,quadrature,734,139.3067400028953,2.2079745591474652e-15,9.881233552327146e+21,1.0,-0.011947735553408048,-1.060433217911679e+16,1.1520499913065824e-17,-4.384778343847551e+17,-6.800938505440549e-20,-8.87560000948627e+17,1.1384481142957013e-17
1.0,quadrature,735,139.30869285743208,2.199367671817826e-15,9.88109670125089e+21,1.0,-0.011961585243652281,-1.061617813915073e+16,1.1498022124557145e-17,-4.3845324870062e+17,-6.795444302521408e-20,-8.875226755403908e+17,1.1362113238506716e-17
1.0,quadrature,736,139.31064410041645,2.1908013960954345e-15,9.880959968856093e+21,1.0,-0.01197542311458675,-1.0628012969728956e+16,1.1475606685719087e-17,-4.38428685027364e+17,-6.789949756640771e-20,-8.874853830244568e+17,1.133980769058627e-17
1.0,quadrature,737,139.31259372829606,2.1822755341948594e-15,9.88082335537711e+21,1.0,-0.011989249141999808,-1.0639836652802776e+16,1.1453253443520957e-17,-4.3840414340529306e+17,-6.78445493058653e-20,-8.874481234633889e+17,1.1317564344909228e-17
1.0,quadrature,738,139.31454173752414,2.1737898892854326e-15,9.880686861047877e+21,1.0,-0.012003063301721321,-1.0651649170363676e+16,1.1430962245228978e-17,-4.383796238746358e+17,-6.778959886812256e-20,-8.874108969196353e+17,1.129538304749273e-17
1.0,quadrature,739,139.31648812455958,2.165344265486719e-15,9.880550486101908e+21,1.0,-0.012016865569623463,-1.0663450504443956e+16,1.1408732938405526e-17,-4.383551264755404e+17,-6.773464687438188e-20,-8.873737034555247e+17,1.1273263644656763e-17
1.0,quadrature,740,139.31843288586703,2.1569384678642504e-15,9.880414230772282e+21,1.0,-0.012030655921620975,-1.067524063711692e+16,1.1386565370909122e-17,-4.383306512480749e+17,-6.767969394252296e-20,-8.873365431332667e+17,1.1251205983024073e-17
1.0,quadrature,741,139.320376017917,2.1485723024245444e-15,9.88027809529164e+21,1.0,-0.012044434333672267,-1.0687019550497786e+16,1.136445939089239e-17,-4.3830619823222483e+17,-6.762474068710679e-20,-8.872994160149476e+17,1.1229209909518178e-17
1.0,quadrature,742,139.322317517186,2.1402455761107615e-15,9.880142079892176e+21,1.0,-0.012058200781780161,-1.0698787226744308e+16,1.1342414846801696e-17,-4.382817674678931e+17,-6.756978771938692e-20,-8.872623221625306e+17,1.1207275271362921e-17
1.0,quadrature,743,139.32425738015652,2.1319580967986273e-15,9.88000618480564e+21,1.0,-0.012071955241991613,-1.0710543648056468e+16,1.1320431587377387e-17,-4.382573589948986e+17,-6.751483564731908e-20,-8.872252616378538e+17,1.1185401916082748e-17
1.0,quadrature,744,139.3261956033172,2.1237096732915198e-15,9.879870410263315e+21,1.0,-0.012085697690399296,-1.072228879667785e+16,1.1298509461651855e-17,-4.382329728529754e+17,-6.745988507556781e-20,-8.871882345026287e+17,1.1163589691500719e-17
1.0,quadrature,745,139.32813218316284,2.115500115316309e-15,9.879734756496036e+21,1.0,-0.012099428103141529,-1.0734022654895492e+16,1.1276648318949448e-17,-4.3820860908177146e+17,-6.740493660551509e-20,-8.871512408184384e+17,1.1141838445738419e-17
1.0,quadrature,746,139.33006711619467,2.1073292335186174e-15,9.879599223734155e+21,1.0,-0.012113146456403849,-1.0745745205041244e+16,1.1254848008884853e-17,-4.3818426772084666e+17,-6.734999083526866e-20,-8.871142806467346e+17,1.1120148027214316e-17
1.0,quadrature,747,139.33200039892023,2.0991968394589417e-15,9.879463812207552e+21,1.0,-0.012126852726418563,-1.075745642949131e+16,1.1233108381363671e-17,-4.381599488096731e+17,-6.729504835967267e-20,-8.870773540488375e+17,1.1098518284644326e-17
1.0,quadrature,748,139.33393202785362,2.0911027456077143e-15,9.879328522145628e+21,1.0,-0.012140546889466303,-1.076915631066759e+16,1.1211429286580166e-17,-4.381356523876331e+17,-6.724010977031181e-20,-8.870404610859338e+17,1.1076949067039545e-17
1.0,quadrature,749,139.33586199951543,2.0830467653417038e-15,9.8791933537773e+21,1.0,-0.012154228921875468,-1.0780844831037124e+16,1.1189810575018499e-17,-4.3811137849401946e+17,-6.718517565552522e-20,-8.87003601819076e+17,1.1055440223707446e-17
1.0,quadrature,750,139.33779031043306,2.0750287129386496e-15,9.879058307330974e+21,1.0,-0.012167898800024803,-1.0792521973114298e+16,1.1168252097449178e-17,-4.380871271680311e+17,-6.713024660040869e-20,-8.869667763091766e+17,1.103399160424836e-17
1.0,quadrature,751,139.33971695714058,2.067048403574053e-15,9.878923383034576e+21,1.0,-0.012181556500341938,-1.0804187719459544e+16,1.11467537049313e-17,-4.380628984487765e+17,-6.707532318682916e-20,-8.869299846170125e+17,1.101260305855764e-17
1.0,quadrature,752,139.34164193617895,2.0591056533162143e-15,9.878788581115518e+21,1.0,-0.012195201999305186,-1.0815842052680846e+16,1.1125315248809938e-17,-4.380386923752691e+17,-6.702040599342842e-20,-8.868932268032191e+17,1.0991274436823081e-17
1.0,quadrature,753,139.34356524409608,2.0512002791221168e-15,9.878653901800693e+21,1.0,-0.012208835273444227,-1.0827484955434288e+16,1.1103936580715842e-17,-4.380145089864274e+17,-6.696549559563398e-20,-8.86856502928289e+17,1.0970005589524575e-17
1.0,quadrature,754,139.34548687744697,2.0433320988332156e-15,9.878519345316478e+21,1.0,-0.012222456299340285,-1.0839116410424176e+16,1.1082617552564771e-17,-4.3799034832107366e+17,-6.691059256566544e-20,-8.868198130525715e+17,1.094879636743344e-17
1.0,quadrature,755,139.34740683279367,2.0355009311714776e-15,9.878384911888733e+21,1.0,-0.012236065053626604,-1.0850736400403416e+16,1.1061358016557486e-17,-4.379662104179344e+17,-6.685569747254611e-20,-8.867831572362723e+17,1.0927646621612393e-17
1.0,quadrature,756,139.34932510670555,2.02770659573451e-15,9.878250601742772e+21,1.0,-0.01224966151299027,-1.086234490817501e+16,1.1040157825177213e-17,-4.379420953156355e+17,-6.680081088210674e-20,-8.86746535539446e+17,1.0906556203412997e-17
1.0,quadrature,757,139.3512416957592,2.019948912992337e-15,9.878116415103388e+21,1.0,-0.012263245654170982,-1.0873941916591002e+16,1.1019016831191525e-17,-4.379180030527059e+17,-6.674593335699937e-20,-8.867099480220028e+17,1.0885524964477527e-17
1.0,quadrature,758,139.35315659653875,2.012227704282111e-15,9.877982352194811e+21,1.0,-0.012276817453963787,-1.088552740855477e+16,1.0997934887648565e-17,-4.378939336675722e+17,-6.669106545669834e-20,-8.866733947436992e+17,1.0864552756735168e-17
1.0,quadrature,759,139.35506980563568,2.004542791805267e-15,9.87784841324074e+21,1.0,-0.0122903768892174,-1.089710136701953e+16,1.0976911847879877e-17,-4.378698871985613e+17,-6.663620773751748e-20,-8.866368757641421e+17,1.0843639432404842e-17
1.0,quadrature,760,139.3569813196492,1.9968939986220533e-15,9.877714598464303e+21,1.0,-0.01230392393683739,-1.0908663774991068e+16,1.0955947565496005e-17,-4.378458636838955e+17,-6.658136075260956e-20,-8.866003911427821e+17,1.0822784843990783e-17
1.0,quadrature,761,139.35889113518613,1.9892811486486036e-15,9.877580908088074e+21,1.0,-0.012317458573784443,-1.0920214615526186e+16,1.0935041894389013e-17,-4.3782186316169536e+17,-6.652652505198139e-20,-8.865639409389169e+17,1.0801988844285049e-17
1.0,quadrature,762,139.3607992488611,1.981704066651969e-15,9.877447342334052e+21,1.0,-0.012330980777076754,-1.0931753871734708e+16,1.0914194688729358e-17,-4.3779788566997485e+17,-6.647170118249649e-20,-8.865275252116844e+17,1.0781251286364362e-17
1.0,quadrature,763,139.36270565729657,1.9741625782467665e-15,9.877313901423667e+21,1.0,-0.012344490523789598,-1.0943281526779104e+16,1.089340580296715e-17,-4.377739312466434e+17,-6.641688968788958e-20,-8.864911440200659e+17,1.0760572023591372e-17
1.0,quadrature,764,139.36461035712298,1.9666565098907113e-15,9.877180585577764e+21,1.0,-0.012357987791056237,-1.09547975638752e+16,1.0872675091830305e-17,-4.3774999992950317e+17,-6.636209110876894e-20,-8.864547974228815e+17,1.0739950909612767e-17
1.0,quadrature,765,139.36651334497887,1.95918568888051e-15,9.877047395016602e+21,1.0,-0.012371472556069161,-1.0966301966293222e+16,1.0852002410323616e-17,-4.377260917562476e+17,-6.630730598262655e-20,-8.864184854787885e+17,1.0719387798358363e-17
1.0,quadrature,766,139.36841461751087,1.9517499433482194e-15,9.876914329959843e+21,1.0,-0.012384944796079841,-1.097779471735753e+16,1.0831387613729072e-17,-4.377022067644615e+17,-6.625253484384738e-20,-8.863822082462806e+17,1.069888254404138e-17
1.0,quadrature,767,139.3703141713738,1.944349102257288e-15,9.876781390626556e+21,1.0,-0.01239840448839951,-1.0989275800447264e+16,1.081083055760528e-17,-4.3767834499161984e+17,-6.61977782237189e-20,-8.863459657836869e+17,1.0678435001157841e-17
1.0,quadrature,768,139.37221200323089,1.9369829953980616e-15,9.8766485772352e+21,1.0,-0.012411851610400402,-1.1000745198997352e+16,1.07903310977853e-17,-4.3765450647508576e+17,-6.614303665043356e-20,-8.863097581491689e+17,1.0658045024484433e-17
1.0,quadrature,769,139.37410810975376,1.929651453384307e-15,9.876515890003624e+21,1.0,-0.012425286139515965,-1.101220289649867e+16,1.0769889090377305e-17,-4.376306912521101e+17,-6.608831064910235e-20,-8.862735854007188e+17,1.06377124690791e-17
1.0,quadrature,770,139.37600248762251,1.92235430764931e-15,9.876383329149054e+21,1.0,-0.012438708053241253,-1.1023648876498314e+16,1.0749504391763971e-17,-4.376068993598303e+17,-6.603360074176227e-20,-8.862374475961588e+17,1.0617437190280445e-17
1.0,quadrature,771,139.37789513352587,1.91509139044166e-15,9.876250894888098e+21,1.0,-0.01245211732913396,-1.1035083122600468e+16,1.072917685860097e-17,-4.375831308352693e+17,-6.597890744738124e-20,-8.862013447931392e+17,1.0597219043706208e-17
1.0,quadrature,772,139.37978604416122,1.9078625348216063e-15,9.876118587436727e+21,1.0,-0.01246551394481497,-1.104650561846682e+16,1.070890634781701e-17,-4.375593857153343e+17,-6.592423128186989e-20,-8.861652770491355e+17,1.0577057885253269e-17
1.0,quadrature,773,139.38167521623478,1.9006675746569964e-15,9.87598640701028e+21,1.0,-0.012478897877968931,-1.1057916347817026e+16,1.0688692716612645e-17,-4.3753566403681574e+17,-6.586957275808614e-20,-8.861292444214486e+17,1.0556953571096472e-17
1.0,quadrature,774,139.38356264646154,1.893506344619875e-15,9.875854353823458e+21,1.0,-0.01249226910634453,-1.1069315294428908e+16,1.0668535822460888e-17,-4.375119658363872e+17,-6.581493238584916e-20,-8.860932469672033e+17,1.0536905957689191e-17
1.0,quadrature,775,139.38544833156558,1.886378680181814e-15,9.875722428090298e+21,1.0,-0.012505627607756193,-1.1080702442139842e+16,1.0648435523104232e-17,-4.374882911506016e+17,-6.576031067193839e-20,-8.860572847433431e+17,1.0516914901760354e-17
1.0,quadrature,776,139.38733226827992,1.879284417611088e-15,9.875590630024197e+21,1.0,-0.012518973360083103,-1.1092077774845904e+16,1.0628391676556788e-17,-4.374646400158938e+17,-6.570570812011064e-20,-8.860213578066336e+17,1.0496980260316567e-17
1.0,quadrature,777,139.38921445334677,1.872223393968146e-15,9.875458959837883e+21,1.0,-0.012532306341271369,-1.110344127650368e+16,1.0608404141101611e-17,-4.374410124685765e+17,-6.565112523110322e-20,-8.859854662136567e+17,1.0477101890639404e-17
1.0,quadrature,778,139.39109488351752,1.8651954471022856e-15,9.875327417743424e+21,1.0,-0.012545626529333505,-1.1114792931129784e+16,1.0588472775291319e-17,-4.3741740854484154e+17,-6.559656250264392e-20,-8.859496100208129e+17,1.0457279650286032e-17
1.0,quadrature,779,139.39297355555297,1.8582004156474833e-15,9.875196003952206e+21,1.0,-0.012558933902349866,-1.1126132722802012e+16,1.0568597437946344e-17,-4.3739382828075616e+17,-6.554202042945613e-20,-8.859137892843144e+17,1.0437513397087432e-17
1.0,quadrature,780,139.39485046622326,1.8512381390189955e-15,9.87506471867494e+21,1.0,-0.012572228438468858,-1.1137460635659532e+16,1.0548777988155251e-17,-4.373702717122645e+17,-6.548749950327064e-20,-8.858780040601885e+17,1.041780298914871e-17
1.0,quadrature,781,139.39672561230805,1.8443084574095453e-15,9.874933562121652e+21,1.0,-0.012585510115907516,-1.1148776653903308e+16,1.0529014285273901e-17,-4.373467388751852e+17,-6.543300021283194e-20,-8.858422544042738e+17,1.0398148284848237e-17
1.0,quadrature,782,139.39859899059655,1.837411211785635e-15,9.874802534501677e+21,1.0,-0.01259877891295218,-1.1160080761796628e+16,1.050930618892487e-17,-4.3732322980521075e+17,-6.53785230439067e-20,-8.858065403722182e+17,1.0378549142837056e-17
1.0,quadrature,783,139.40047059788773,1.8305462438836664e-15,9.874671636023653e+21,1.0,-0.012612034807959397,-1.1171372943665858e+16,1.0489653558996303e-17,-4.372997445379062e+17,-6.532406847928992e-20,-8.857708620194781e+17,1.0359005422037721e-17
1.0,quadrature,784,139.40234043099022,1.8237133962067063e-15,9.874540866895515e+21,1.0,-0.012625277779355936,-1.1182653183900404e+16,1.047005625564257e-17,-4.3727628310870835e+17,-6.526963699881759e-20,-8.857352194013171e+17,1.0339516981644936e-17
1.0,quadrature,785,139.40420848672264,1.8169125120201206e-15,9.874410227324483e+21,1.0,-0.012638507805640423,-1.1193921466954056e+16,1.0450514139281601e-17,-4.3725284555292397e+17,-6.521522907936686e-20,-8.856996125728019e+17,1.0320083681122868e-17
1.0,quadrature,786,139.4060747619134,1.8101434353488907e-15,9.87427971751707e+21,1.0,-0.012651724865382488,-1.1205177777344236e+16,1.0431027070597045e-17,-4.372294319057305e+17,-6.516084519487392e-20,-8.856640415888052e+17,1.0300705380207298e-17
1.0,quadrature,787,139.40793925340108,1.8034060109730767e-15,9.874149337679062e+21,1.0,-0.012664928937224944,-1.1216422099653808e+16,1.0411594910535017e-17,-4.372060422021727e+17,-6.510648581633314e-20,-8.856285065039992e+17,1.0281381938902351e-17
1.0,quadrature,788,139.4098019580343,1.7967000844248543e-15,9.874019088015519e+21,1.0,-0.012678119999883181,-1.1227654418530516e+16,1.0392217520305359e-17,-4.371826764771633e+17,-6.50521514118104e-20,-8.855930073728572e+17,1.026211321748174e-17
1.0,quadrature,789,139.4116628726719,1.790025501984736e-15,9.873888968730772e+21,1.0,-0.012691298032146175,-1.123887471868781e+16,1.037289476138051e-17,-4.371593347654821e+17,-6.499784244644955e-20,-8.855575442496521e+17,1.0242899076487611e-17
1.0,quadrature,790,139.41352199418304,1.7833821106779157e-15,9.873758980028408e+21,1.0,-0.012704463012877384,-1.1250082984905564e+16,1.0353626495494628e-17,-4.371360171017733e+17,-6.494355938248007e-20,-8.855221171884521e+17,1.0223739376729668e-17
1.0,quadrature,791,139.41537931944723,1.7767697582708373e-15,9.873629122111272e+21,1.0,-0.012717614921015027,-1.126127920203028e+16,1.0334412584643406e-17,-4.37112723520546e+17,-6.488930267922564e-20,-8.854867262431223e+17,1.0204633979284952e-17
1.0,quadrature,792,139.4172348453545,1.7701882932674676e-15,9.873499395181452e+21,1.0,-0.012730753735573065,-1.1272463354975872e+16,1.0315252891082875e-17,-4.370894540561718e+17,-6.483507279311006e-20,-8.854513714673194e+17,1.0185582745496656e-17
1.0,quadrature,793,139.41908856880542,1.7636375649061007e-15,9.873369799440286e+21,1.0,-0.012743879435641278,-1.1283635428723694e+16,1.0296147277329839e-17,-4.370662087428853e+17,-6.478087017766868e-20,-8.854160529144943e+17,1.0166585536974499e-17
1.0,quadrature,794,139.42094048671117,1.7571174231557622e-15,9.873240335088351e+21,1.0,-0.01275699200038591,-1.1294795408323062e+16,1.027709560616096e-17,-4.37042987614783e+17,-6.472669528355455e-20,-8.85380770637889e+17,1.0147642215593851e-17
1.0,quadrature,795,139.42279059599372,1.7506277187125402e-15,9.873111002325447e+21,1.0,-0.01277009140905073,-1.1305943278892082e+16,1.0258097740611699e-17,-4.370197907058203e+17,-6.46725485585452e-20,-8.853455246905326e+17,1.012875264349461e-17
1.0,quadrature,796,139.42463889358584,1.7441683029962286e-15,9.872981801350608e+21,1.0,-0.012783177640957622,-1.1317079025618156e+16,1.0239153543976062e-17,-4.369966180498126e+17,-6.461843044755247e-20,-8.853103151252434e+17,1.0109916683080957e-17
1.0,quadrature,797,139.4264853764312,1.7377390281469855e-15,9.872852732362082e+21,1.0,-0.01279625067550652,-1.1328202633757836e+16,1.0220262879806344e-17,-4.3697346968043296e+17,-6.456434139262901e-20,-8.852751419946239e+17,1.0091134197021087e-17
1.0,quadrature,798,139.42833004148443,1.7313397470220066e-15,9.872723795557336e+21,1.0,-0.012809310492176278,-1.1339314088637558e+16,1.020142561191292e-17,-4.3695034563121286e+17,-6.451028183297955e-20,-8.852400053510633e+17,1.007240504824696e-17
1.0,quadrature,799,139.43017288571133,1.7249703131915228e-15,9.872594991133042e+21,1.0,-0.012822357070526084,-1.1350413375654804e+16,1.0182641604361964e-17,-4.3692724593553856e+17,-6.445625220496195e-20,-8.852049052467319e+17,1.005372909995204e-17
1.0,quadrature,800,139.43201390608877,1.7186305809361953e-15,9.872466319285076e+21,1.0,-0.012835390390194644,-1.1361500480277334e+16,1.0163910721477243e-17,-4.369041706266524e+17,-6.440225294210272e-20,-8.851698417335822e+17,1.003510621559304e-17
1.0,quadrature,801,139.4338530996049,1.7123204052432436e-15,9.872337780208514e+21,1.0,-0.012848410430901808,-1.1372575388044558e+16,1.0145232827838155e-17,-4.368811197376508e+17,-6.434828447510107e-20,-8.851348148633462e+17,1.0016536258887951e-17
1.0,quadrature,802,139.43569046325928,1.7060396418029882e-15,9.872209374097613e+21,1.0,-0.012861417172449223,-1.1383638084568036e+16,1.0126607788278901e-17,-4.368580933014826e+17,-6.42943472318352e-20,-8.850998246875332e+17,9.99801909381523e-18
1.0,quadrature,803,139.43752599406275,1.699788147006084e-15,9.872081101145827e+21,1.0,-0.0128744105947197,-1.1394688555530902e+16,1.0108035467889706e-17,-4.368350913509503e+17,-6.424044163737518e-20,-8.850648712574314e+17,9.979554584614957e-18
1.0,quadrature,804,139.43935968903776,1.6935657779396046e-15,9.871952961545783e+21,1.0,-0.012887390677679229,-1.1405726786689526e+16,1.0089515732014587e-17,-4.3681211391870637e+17,-6.418656811398695e-20,-8.850299546241021e+17,9.961142595786614e-18
1.0,quadrature,805,139.4411915452183,1.6873723923840138e-15,9.871824955489288e+21,1.0,-0.012900357401376607,-1.1416752763873162e+16,1.0071048446251666e-17,-4.367891610372543e+17,-6.413272708114085e-20,-8.849950748383817e+17,9.942782992089383e-18
1.0,quadrature,806,139.44302155965008,1.6812078488095769e-15,9.87169708316731e+21,1.0,-0.01291331074594499,-1.1427766472985232e+16,1.0052633476451805e-17,-4.367662327389459e+17,-6.407891895551888e-20,-8.84960231950877e+17,9.924475638540766e-18
1.0,quadrature,807,139.44484972939048,1.6750720063737408e-15,9.871569344769988e+21,1.0,-0.012926250691600884,-1.1438767900002414e+16,1.0034270688720104e-17,-4.36743329055983e+17,-6.40251441510273e-20,-8.849254260119684e+17,9.90622040041805e-18
1.0,quadrature,808,139.44667605150886,1.6689647249169043e-15,9.87144174048661e+21,1.0,-0.012939177218646802,-1.1449757030976854e+16,1.0015959949412519e-17,-4.3672045002041235e+17,-6.397140307879658e-20,-8.848906570718016e+17,9.888017143254926e-18
1.0,quadrature,809,139.44850052308632,1.662885864960208e-15,9.871314270505625e+21,1.0,-0.012952090307469449,-1.1460733852034598e+16,9.997701125138469e-18,-4.366975956641298e+17,-6.39176961471973e-20,-8.848559251802941e+17,9.869865732844076e-18
1.0,quadrature,810,139.45032314121616,1.6568352877012441e-15,9.871186935014616e+21,1.0,-0.01296498993854293,-1.1471698349378256e+16,9.979494082757223e-18,-4.3667476601887354e+17,-6.386402376184092e-20,-8.848212303871254e+17,9.851766035233542e-18
1.0,quadrature,811,139.4521439030036,1.6508128550118694e-15,9.871059734200324e+21,1.0,-0.012977876092426673,-1.1482650509285212e+16,9.96133868938049e-18,-4.366519611162293e+17,-6.381038632559452e-20,-8.847865727417439e+17,9.833717916729301e-18
1.0,quadrature,812,139.4539628055661,1.6448184294341365e-15,9.870932668248607e+21,1.0,-0.01299074874976816,-1.1493590318109874e+16,9.943234812369342e-18,-4.366291809876239e+17,-6.375678423858253e-20,-8.847519522933576e+17,9.815721243892177e-18
1.0,quadrature,813,139.4557798460334,1.638851874177661e-15,9.870805737344468e+21,1.0,-0.013003607891302098,-1.1504517762282962e+16,9.925182319335438e-18,-4.366064256643279e+17,-6.370321789819883e-20,-8.847173690909386e+17,9.797775883539039e-18
1.0,quadrature,814,139.45759502154755,1.6329130531161497e-15,9.870678941672023e+21,1.0,-0.013016453497851663,-1.151543282831249e+16,9.907181078139625e-18,-4.36583695177453e+17,-6.36496876991119e-20,-8.846828231832186e+17,9.7798817027414e-18
1.0,quadrature,815,139.459408329263,1.6270018307843229e-15,9.870552281414514e+21,1.0,-0.013029285550329023,-1.1526335502784186e+16,9.889230956891731e-18,-4.3656098955795155e+17,-6.359619403327429e-20,-8.846483146186874e+17,9.762038568825182e-18
1.0,quadrature,816,139.4612197663467,1.6211180723749399e-15,9.870425756754296e+21,1.0,-0.013042104029735288,-1.1537225772361392e+16,9.87133182395062e-18,-4.3653830883661594e+17,-6.354273728993088e-20,-8.846138434455932e+17,9.74424634937076e-18
1.0,quadrature,817,139.46302932997818,1.6152616437352836e-15,9.870299367872825e+21,1.0,-0.013054908917162133,-1.1548103623786416e+16,9.853483547922542e-18,-4.365156530440766e+17,-6.348931785562425e-20,-8.845794097119397e+17,9.726504912211293e-18
1.0,quadrature,818,139.46483701734962,1.6094324113645824e-15,9.87017311495067e+21,1.0,-0.01306770019379098,-1.1558969043879772e+16,9.835685997662306e-18,-4.3649302221080294e+17,-6.343593611420655e-20,-8.845450134654857e+17,9.708814125433894e-18
1.0,quadrature,819,139.46664282566596,1.6036302424103412e-15,9.870046998167491e+21,1.0,-0.013080477840894939,-1.1569822019541794e+16,9.817939042271116e-18,-4.364704163671e+17,-6.338259244684291e-20,-8.845106547537418e+17,9.691173857377432e-18
1.0,quadrature,820,139.4684467521449,1.5978550046656946e-15,9.869921017702046e+21,1.0,-0.0130932418398383,-1.1580662537752176e+16,9.800242551097426e-18,-4.364478355431103e+17,-6.332928723202278e-20,-8.844763336239726e+17,9.67358397663338e-18
1.0,quadrature,821,139.4702487940171,1.5921065665660437e-15,9.869795173732171e+21,1.0,-0.013105992172077658,-1.159149058557085e+16,9.782596393735604e-18,-4.3642527976880986e+17,-6.327602084556476e-20,-8.844420501231905e+17,9.656044352044473e-18
1.0,quadrature,822,139.47204894852612,1.5863847971862516e-15,9.869669466434794e+21,1.0,-0.013118728819162168,-1.1602306150138178e+16,9.765000440026272e-18,-4.364027490740098e+17,-6.322279366062832e-20,-8.844078042981578e+17,9.638554852705014e-18
1.0,quadrature,823,139.47384721292866,1.5806895662373083e-15,9.86954389598591e+21,1.0,-0.013131451762734407,-1.1613109218675648e+16,9.747454560054939e-18,-4.363802434883544e+17,-6.316960604771696e-20,-8.843735961953846e+17,9.621115347959506e-18
1.0,quadrature,824,139.47564358449446,1.5750207440636422e-15,9.869418462560593e+21,1.0,-0.013144160984530442,-1.1623899778485874e+16,9.729958624152636e-18,-4.3635776304132045e+17,-6.311645837469094e-20,-8.843394258611268e+17,9.603725707403255e-18
1.0,quadrature,825,139.47743806050653,1.5693782016398115e-15,9.869293166332979e+21,1.0,-0.013156856466380687,-1.1634677816953268e+16,9.712512502894535e-18,-4.363353077622157e+17,-6.306335100677055e-20,-8.843052933413847e+17,9.586385800880994e-18
1.0,quadrature,826,139.4792306382611,1.5637618105677517e-15,9.869168007476266e+21,1.0,-0.013169538190210245,-1.1645443321544306e+16,9.695116067100282e-18,-4.363128776801791e+17,-6.301028430654797e-20,-8.842711986819025e+17,9.569095498487186e-18
1.0,quadrature,827,139.48102131506784,1.5581714430734955e-15,9.869042986162711e+21,1.0,-0.013182206138039805,-1.1656196279808244e+16,9.677769187832685e-18,-4.362904728241789e+17,-6.29572586339911e-20,-8.84237141928166e+17,9.551854670564703e-18
1.0,quadrature,828,139.48281008824975,1.5526069720046213e-15,9.868918102563616e+21,1.0,-0.013194860291985546,-1.1666936679376972e+16,9.660471736398543e-18,-4.362680932230125e+17,-6.290427434645669e-20,-8.842031231254019e+17,9.534663187705632e-18
1.0,quadrature,829,139.48459695514342,1.5470682708269122e-15,9.868793356849336e+21,1.0,-0.013207500634260036,-1.1677664507965748e+16,9.643223584347066e-18,-4.362457389053053e+17,-6.285133179869228e-20,-8.841691423185763e+17,9.517520920749682e-18
1.0,quadrature,830,139.486381913099,1.5415552136215618e-15,9.868668749189262e+21,1.0,-0.013220127147172972,-1.1688379753373782e+16,9.626024603469886e-18,-4.3622340989950957e+17,-6.279843134284811e-20,-8.84135199552393e+17,9.500427740784189e-18
1.0,quadrature,831,139.48816495948032,1.5360676750822176e-15,9.868544279751822e+21,1.0,-0.013232739813131365,-1.1699082403484334e+16,9.608874665800569e-18,-4.3620110623390374e+17,-6.27455733284827e-20,-8.841012948712918e+17,9.483383519143604e-18
1.0,quadrature,832,139.4899460916649,1.5306055305122068e-15,9.868419948704476e+21,1.0,-0.013245338614639897,-1.1709772446264984e+16,9.59177364361464e-18,-4.361788279365919e+17,-6.269275810257283e-20,-8.840674283194487e+17,9.466388127409495e-18
1.0,quadrature,833,139.49172530704413,1.5251686558214303e-15,9.86829575621371e+21,1.0,-0.013257923534301885,-1.17204498697684e+16,9.574721409428531e-18,-4.361565750355026e+17,-6.263998600951937e-20,-8.840335999407736e+17,9.449441437409493e-18
1.0,quadrature,834,139.49350260302325,1.519756927523615e-15,9.86817170244503e+21,1.0,-0.013270494554819367,-1.1731114662132364e+16,9.557717835999605e-18,-4.3613434755838816e+17,-6.258725739115593e-20,-8.839998097789087e+17,9.432543321217292e-18
1.0,quadrature,835,139.4952779770214,1.514370222733491e-15,9.868047787562958e+21,1.0,-0.013283051658993685,-1.1741766811580218e+16,9.54076279632591e-18,-4.3611214553282374e+17,-6.253457258675806e-20,-8.839660578772278e+17,9.415693651152394e-18
1.0,quadrature,836,139.49705142647187,1.509008419163638e-15,9.867924011731032e+21,1.0,-0.013295594829726488,-1.1752406306421682e+16,9.523856163644869e-18,-4.360899689862063e+17,-6.248193193304739e-20,-8.839323442788342e+17,9.398892299778776e-18
1.0,quadrature,837,139.49882294882195,1.5036713951220314e-15,9.867800375111792e+21,1.0,-0.013308124050019389,-1.176303313505251e+16,9.50699781143411e-18,-4.360678179457545e+17,-6.242933576420365e-20,-8.838986690265614e+17,9.382139139905702e-18
1.0,quadrature,838,139.50059254153317,1.4983590295089147e-15,9.867676877866781e+21,1.0,-0.013320639302975236,-1.177364728595551e+16,9.490187613410136e-18,-4.3604569243850656e+17,-6.237678441186994e-20,-8.838650321629686e+17,9.365434044586397e-18
1.0,quadrature,839,139.5023602020812,1.4930712018142791e-15,9.867553520156544e+21,1.0,-0.01333314057179765,-1.1784248747700128e+16,9.473425443528899e-18,-4.360235924913217e+17,-6.232427820516239e-20,-8.838314337303434e+17,9.348776887118574e-18
1.0,quadrature,840,139.50412592795618,1.4878077921145931e-15,9.867430302140609e+21,1.0,-0.013345627839792918,-1.1794837508943988e+16,9.456711175983917e-18,-4.36001518130876e+17,-6.227181747067475e-20,-8.837978737706961e+17,9.332167541042566e-18
1.0,quadrature,841,139.5058897166625,1.4825686810705617e-15,9.867307223977503e+21,1.0,-0.013358101090368906,-1.1805413558431938e+16,9.440044685207663e-18,-4.359794693836653e+17,-6.221940253249047e-20,-8.837643523257626e+17,9.315605880142682e-18
1.0,quadrature,842,139.50765156571907,1.4773537499238792e-15,9.867184285824728e+21,1.0,-0.013370560307036825,-1.1815976884997498e+16,9.423425845869683e-18,-4.3595744627600134e+17,-6.216703371218667e-20,-8.837308694370002e+17,9.29909177844531e-18
1.0,quadrature,843,139.50941147265928,1.4721628804949238e-15,9.867061487838775e+21,1.0,-0.013383005473410509,-1.1826527477562198e+16,9.406854532877707e-18,-4.3593544883401363e+17,-6.211471132884614e-20,-8.836974251455895e+17,9.282625110220014e-18
1.0,quadrature,844,139.51116943503118,1.4669959551794543e-15,9.866938830175095e+21,1.0,-0.013395436573208321,-1.1837065325137144e+16,9.390330621375488e-18,-4.359134770836456e+17,-6.206243569906004e-20,-8.836640194924282e+17,9.266205749977369e-18
1.0,quadrature,845,139.51292545039743,1.4618528569463265e-15,9.866816312988119e+21,1.0,-0.013407853590252454,-1.1847590416822392e+16,9.373853986743926e-18,-4.3589153105065626e+17,-6.201020713694008e-20,-8.836306525181349e+17,9.249833572470044e-18
1.0,quadrature,846,139.51467951633543,1.4567334693346322e-15,9.86669393643124e+21,1.0,-0.013420256508469636,-1.1858102741807496e+16,9.35742450460024e-18,-4.358696107606191e+17,-6.195802595412454e-20,-8.835973242630456e+17,9.23350845269199e-18
1.0,quadrature,847,139.51643163043738,1.4516376764509354e-15,9.866571700656811e+21,1.0,-0.013432645311891872,-1.1868602289372064e+16,9.34104205079747e-18,-4.3584771623892026e+17,-6.190589245978631e-20,-8.835640347672125e+17,9.217230265877896e-18
1.0,quadrature,848,139.5181817903103,1.446565362966684e-15,9.86644960581615e+21,1.0,-0.013445019984656508,-1.1879089048885824e+16,9.324706501424469e-18,-4.3582584751075936e+17,-6.185380696064132e-20,-8.835307840704046e+17,9.200998887503187e-18
1.0,quadrature,849,139.51992999357626,1.4415164141152227e-15,9.866327652059515e+21,1.0,-0.013457380511007477,-1.1889563009809572e+16,9.30841773280458e-18,-4.358040046011465e+17,-6.180176976095356e-20,-8.834975722121027e+17,9.184814193282673e-18
1.0,quadrature,850,139.52167623787219,1.4364907156895576e-15,9.866205839536117e+21,1.0,-0.013469726875294791,-1.1900024161694728e+16,9.292175621496715e-18,-4.357821875349036e+17,-6.174978116254794e-20,-8.834643992315018e+17,9.168676059171617e-18
1.0,quadrature,851,139.52342052085015,1.4314881540393895e-15,9.866084168394112e+21,1.0,-0.013482059061975395,-1.191047249418401e+16,9.275980044294002e-18,-4.357603963366627e+17,-6.169784146481343e-20,-8.834312651675095e+17,9.152584361364376e-18
1.0,quadrature,852,139.5251628401773,1.4265086160686533e-15,9.865962638780595e+21,1.0,-0.013494377055613493,-1.1920907997011654e+16,9.259830878224074e-18,-4.3573863103086586e+17,-6.164595096471443e-20,-8.833981700587434e+17,9.136538976294647e-18
1.0,quadrature,853,139.52690319353601,1.4215519892326585e-15,9.865841250841594e+21,1.0,-0.013506680840881415,-1.1931330660004116e+16,9.243728000548002e-18,-4.357168916417633e+17,-6.159410995679578e-20,-8.833651139435308e+17,9.120539780634409e-18
1.0,quadrature,854,139.5286415786239,1.4166181615356478e-15,9.865720004722068e+21,1.0,-0.013518970402559423,-1.1941740473079842e+16,9.227671288760529e-18,-4.356951781934138e+17,-6.154231873319157e-20,-8.833320968599075e+17,9.104586651294144e-18
1.0,quadrature,855,139.5303779931539,1.4117070215281253e-15,9.865598900565904e+21,1.0,-0.013531245725536767,-1.1952137426250146e+16,9.211660620589567e-18,-4.356734907096833e+17,-6.149057758363463e-20,-8.832991188456168e+17,9.088679465422298e-18
1.0,quadrature,856,139.53211243485435,1.4068184583041925e-15,9.86547793851591e+21,1.0,-0.013543506794811614,-1.1962521509619066e+16,9.195695873995647e-18,-4.3565182921424454e+17,-6.14388867954606e-20,-8.832661799381082e+17,9.072818100404725e-18
1.0,quadrature,857,139.53384490146894,1.401952361499298e-15,9.865357118713817e+21,1.0,-0.013555753595491209,-1.1972892713383476e+16,9.179776927172677e-18,-4.3563019373057683e+17,-6.138724665362201e-20,-8.832332801745371e+17,9.057002433865436e-18
1.0,quadrature,858,139.53557539075697,1.397108621287036e-15,9.865236441300266e+21,1.0,-0.013567986112793485,-1.1983251027834412e+16,9.163903658545594e-18,-4.35608584281964e+17,-6.133565744068771e-20,-8.832004195917624e+17,9.04123234366422e-18
1.0,quadrature,859,139.53730390049324,1.3922871283772361e-15,9.865115906414809e+21,1.0,-0.013580204332046125,-1.1993596443356196e+16,9.148075946772147e-18,-4.355870008914949e+17,-6.128411943685897e-20,-8.831675982263461e+17,9.02550770789843e-18
1.0,quadrature,860,139.5390304284682,1.3874877740129453e-15,9.864995514195907e+21,1.0,-0.013592408238687848,-1.2003928950427522e+16,9.132293670741074e-18,-4.355654435820625e+17,-6.123263291997097e-20,-8.831348161145526e+17,9.009828404901133e-18
1.0,quadrature,861,139.540754972488,1.3827104499681376e-15,9.86487526478092e+21,1.0,-0.013604597818268555,-1.2014248539621504e+16,9.116556709572577e-18,-4.355439123763629e+17,-6.118119816550483e-20,-8.831020732923471e+17,8.994194313241567e-18
1.0,quadrature,862,139.54247753037447,1.3779550485451935e-15,9.86475515830611e+21,1.0,-0.013616773056449412,-1.2024555201605698e+16,9.100864942618046e-18,-4.355224072968947e+17,-6.112981544659429e-20,-8.830693697953952e+17,8.978605311724856e-18
1.0,quadrature,863,139.5441980999653,1.3732214625721577e-15,9.864635194906635e+21,1.0,-0.013628933939003753,-1.2034848927142836e+16,9.085218249458981e-18,-4.3550092836595885e+17,-6.107848503403066e-20,-8.830367056590605e+17,8.963061279390921e-18
1.0,quadrature,864,139.54591667911404,1.3685095854005527e-15,9.864515374716539e+21,1.0,-0.013641080451817236,-1.2045129707090908e+16,9.069616509907753e-18,-4.3547947560565734e+17,-6.102720719627662e-20,-8.830040809184056e+17,8.947562095515198e-18
1.0,quadrature,865,139.5476332656901,1.3638193109026567e-15,9.86439569786876e+21,1.0,-0.01365321258088804,-1.2055397532403274e+16,9.054059604006512e-18,-4.3545804903789357e+17,-6.097598219946815e-20,-8.829714956081903e+17,8.932107639607575e-18
1.0,quadrature,866,139.54934785757894,1.359150533469104e-15,9.864276164495119e+21,1.0,-0.013665330312327712,-1.2065652394129334e+16,9.038547412027159e-18,-4.3543664868437005e+17,-6.092481030742607e-20,-8.829389497628694e+17,8.916697791412306e-18
1.0,quadrature,867,139.551060452682,1.3545031480063409e-15,9.864156774726306e+21,1.0,-0.01367743363236132,-1.2075894283414622e+16,9.023079814470779e-18,-4.3541527456658906e+17,-6.08736917816611e-20,-8.829064434165926e+17,8.901332430907457e-18
1.0,quadrature,868,139.55277104891684,1.3498770499343974e-15,9.864037528691905e+21,1.0,-0.013689522527327518,-1.2086123191500802e+16,9.007656692068139e-18,-4.353939267058521e+17,-6.082262688138567e-20,-8.82873976603205e+17,8.886011438305369e-18
1.0,quadrature,869,139.5544796442171,1.3452721351842103e-15,9.86391842652036e+21,1.0,-0.013701596983679336,-1.2096339109726302e+16,8.992277925778567e-18,-4.3537260512325875e+17,-6.077161586351806e-20,-8.828415493562437e+17,8.870734694051533e-18
1.0,quadrature,870,139.5561862365327,1.3406883001952608e-15,9.863799468338992e+21,1.0,-0.013713656987984518,-1.2106542029526536e+16,8.976943396789937e-18,-4.3535130983970586e+17,-6.072065898269188e-20,-8.828091617089382e+17,8.855502078824554e-18
1.0,quadrature,871,139.55789082382975,1.3361254419132235e-15,9.86368065427398e+21,1.0,-0.013725702526925464,-1.2116731942433828e+16,8.961652986518597e-18,-4.3533004087588806e+17,-6.066975649126362e-20,-8.8277681369421e+17,8.840313473536069e-18
1.0,quadrature,872,139.55959340409072,1.3315834577873207e-15,9.86356198445037e+21,1.0,-0.013737733587300542,-1.2126908840078464e+16,8.946406576608294e-18,-4.353087982522953e+17,-6.061890863931924e-20,-8.82744505344669e+17,8.825168759329655e-18
1.0,quadrature,873,139.56129397531436,1.3270622457683688e-15,9.863443458992072e+21,1.0,-0.01374975015602305,-1.2137072714187762e+16,8.931204048931403e-18,-4.352875819892145e+17,-6.056811567468609e-20,-8.827122366926168e+17,8.81006781758203e-18
1.0,quadrature,874,139.56299253551586,1.3225617043060006e-15,9.863325078021846e+21,1.0,-0.013761752220122598,-1.2147223556587216e+16,8.916045285587303e-18,-4.352663921067277e+17,-6.051737784293632e-20,-8.826800077700426e+17,8.79501052990143e-18
1.0,quadrature,875,139.56468908272694,1.3180817323462772e-15,9.863206841661298e+21,1.0,-0.013773739766745566,-1.21573613592008e+16,8.90093016890208e-18,-4.3524522862471046e+17,-6.046669538739491e-20,-8.826478186086217e+17,8.779996778127291e-18
1.0,quadrature,876,139.56638361499571,1.3136222293297595e-15,9.863088750030899e+21,1.0,-0.01378571278315428,-1.2167486114050272e+16,8.885858581429724e-18,-4.352240915628347e+17,-6.041606854915249e-20,-8.826156692397197e+17,8.76502644433142e-18
1.0,quadrature,877,139.56807613038694,1.3091830951886132e-15,9.86297080324995e+21,1.0,-0.013797671256728886,-1.217759781325667e+16,8.870830405950025e-18,-4.3520298094056384e+17,-6.036549756706738e-20,-8.825835596943844e+17,8.75009941081589e-18
1.0,quadrature,878,139.56976662698196,1.3047642303446227e-15,9.862853001436606e+21,1.0,-0.013809615174966471,-1.2187696449039548e+16,8.855845525469503e-18,-4.351818967771559e+17,-6.031498267777642e-20,-8.825514900033513e+17,8.73521556011395e-18
1.0,quadrature,879,139.57145510287876,1.3003655357067646e-15,9.862735344707855e+21,1.0,-0.013821544525481901,-1.2197782013717626e+16,8.840903823220824e-18,-4.351608390916607e+17,-6.026452411570273e-20,-8.82519460197039e+17,8.720374774989418e-18
1.0,quadrature,880,139.57314155619207,1.295986912668793e-15,9.862617833179523e+21,1.0,-0.013833459296008165,-1.2207854499709028e+16,8.826005182662221e-18,-4.3513980790292e+17,-6.021412211306158e-20,-8.82487470305549e+17,8.705576938436098e-18
1.0,quadrature,881,139.57482598505337,1.2916282631070545e-15,9.862500466966271e+21,1.0,-0.013845359474396704,-1.221791389953155e+16,8.81114948747766e-18,-4.3511880322956794e+17,-6.01637768998711e-20,-8.824555203586674e+17,8.690821933677915e-18
1.0,quadrature,882,139.5765083876109,1.2872894893782395e-15,9.86238324618159e+21,1.0,-0.013857245048617354,-1.2227960205802502e+16,8.796336621576722e-18,-4.3509782509002854e+17,-6.011348870395972e-20,-8.824236103858596e+17,8.676109644168802e-18
1.0,quadrature,883,139.57818876202978,1.2829704943168468e-15,9.862266170937795e+21,1.0,-0.013869116006759144,-1.2237993411239408e+16,8.781566469093548e-18,-4.350768735025174e+17,-6.006325775097027e-20,-8.823917404162742e+17,8.661439953591607e-18
1.0,quadrature,884,139.57986710649206,1.2786711812331733e-15,9.86214924134603e+21,1.0,-0.01388097233703043,-1.224801350866002e+16,8.766838914387456e-18,-4.350559484850394e+17,-6.001308426437344e-20,-8.823599104787388e+17,8.64681274585871e-18
1.0,quadrature,885,139.58154341919666,1.2743914539109451e-15,9.862032457516255e+21,1.0,-0.013892814027758894,-1.2258020490982282e+16,8.752153842042364e-18,-4.350350500553891e+17,-5.996296846547185e-20,-8.823281206017606e+17,8.632227905111419e-18
1.0,quadrature,886,139.5832176983596,1.2701312166048854e-15,9.861915819557253e+21,1.0,-0.013904641067392674,-1.2268014351225258e+16,8.737511136865921e-18,-4.3501417823114995e+17,-5.991291057340735e-20,-8.822963708135252e+17,8.617685315719108e-18
1.0,quadrature,887,139.58488994221375,1.2658903740389456e-15,9.861799327576623e+21,1.0,-0.01391645344449926,-1.227799508250814e+16,8.722910683890911e-18,-4.34993333029695e+17,-5.986291080517412e-20,-8.822646611418981e+17,8.603184862280563e-18
1.0,quadrature,888,139.5865601490092,1.2616688314036005e-15,9.861682981680779e+21,1.0,-0.013928251147767138,-1.2287962678051586e+16,8.70835236837338e-18,-4.3497251446818445e+17,-5.981296937562123e-20,-8.822329916144205e+17,8.588726429622136e-18
1.0,quadrature,889,139.58822831701312,1.257466494353665e-15,9.861566781974934e+21,1.0,-0.013940034166005776,-1.2297917131177666e+16,8.693836075792532e-18,-4.349517225635657e+17,-5.976308649746018e-20,-8.82201362258309e+17,8.574309902797612e-18
1.0,quadrature,890,139.5898944445098,1.2532832690064712e-15,9.861450728563125e+21,1.0,-0.01395180248814501,-1.2307858435309308e+16,8.679361691851858e-18,-4.3493095733257504e+17,-5.971326238127823e-20,-8.821697731004594e+17,8.5599351670893e-18
1.0,quadrature,891,139.5915585298008,1.2491190619391992e-15,9.86133482154818e+21,1.0,-0.013963556103236598,-1.231778658397154e+16,8.664929102477257e-18,-4.349102187917338e+17,-5.96634972355406e-20,-8.821382241674392e+17,8.545602108006177e-18
1.0,quadrature,892,139.59322057120485,1.244973780187e-15,9.86121906103174e+21,1.0,-0.01397529500045345,-1.2327701570790826e+16,8.65053819381793e-18,-4.348895069573511e+17,-5.961379126660144e-20,-8.821067154854931e+17,8.531310611284725e-18
1.0,quadrature,893,139.59488056705797,1.2408473312406998e-15,9.861103447114244e+21,1.0,-0.013987019169090353,-1.2337603389495598e+16,8.636188852245722e-18,-4.348688218455213e+17,-5.956414467871107e-20,-8.820752470805382e+17,8.517060562888302e-18
1.0,quadrature,894,139.59653851571355,1.2367396230445143e-15,9.86098797989492e+21,1.0,-0.01399872859856464,-1.2347492033916806e+16,8.621880964354525e-18,-4.3484816347212397e+17,-5.951455767402263e-20,-8.820438189781647e+17,8.50285184900648e-18
1.0,quadrature,895,139.59819441554222,1.2326505639942656e-15,9.860872659471805e+21,1.0,-0.014010423278415078,-1.2357367497986918e+16,8.60761441696135e-18,-4.3482753185282515e+17,-5.946503045260345e-20,-8.820124312036372e+17,8.488684356056143e-18
1.0,quadrature,896,139.59984826493218,1.22858006293462e-15,9.860757485941716e+21,1.0,-0.014022103198304228,-1.2367229775741858e+16,8.593389097103984e-18,-4.348069270030737e+17,-5.941556321243705e-20,-8.819810837818893e+17,8.474557970679108e-18
1.0,quadrature,897,139.60150006228892,1.2245280291575326e-15,9.860642459400268e+21,1.0,-0.014033768348016624,-1.237707886131945e+16,8.579204892042814e-18,-4.347863489381044e+17,-5.936615614943653e-20,-8.819497767375282e+17,8.460472579743939e-18
1.0,quadrature,898,139.60314980603542,1.2204943723999224e-15,9.860527579941862e+21,1.0,-0.014045418717459904,-1.2386914748960292e+16,8.56506168925992e-18,-4.347657976729354e+17,-5.931680945745132e-20,-8.819185100948311e+17,8.446428070345015e-18
1.0,quadrature,899,139.60479749461223,1.2164790028412924e-15,9.860412847659686e+21,1.0,-0.014057054296665584,-1.2396737433008402e+16,8.550959376457975e-18,-4.347452732223685e+17,-5.926752332827131e-20,-8.818872838777454e+17,8.43242432980143e-18
1.0,quadrature,900,139.60644312647736,1.2124818311020525e-15,9.86029826264571e+21,1.0,-0.014068675075788156,-1.2406546907910376e+16,8.536897841561523e-18,-4.347247756009888e+17,-5.921829795164033e-20,-8.81856098109888e+17,8.418461245658245e-18
1.0,quadrature,901,139.60808670010647,1.2085027682410162e-15,9.860183824990686e+21,1.0,-0.014080281045106412,-1.241634316821649e+16,8.522876972715389e-18,-4.347043048231641e+17,-5.916913351525892e-20,-8.818249528145446e+17,8.40453870568487e-18
1.0,quadrature,902,139.60972821399275,1.2045417257536684e-15,9.86006953478415e+21,1.0,-0.014091872195022526,-1.2426126208579856e+16,8.508896658285691e-18,-4.346838609030454e+17,-5.912003020479625e-20,-8.817938480146707e+17,8.3906565978761e-18
1.0,quadrature,903,139.6113676666471,1.200598615569749e-15,9.859955392114405e+21,1.0,-0.014103448516063505,-1.2435896023757616e+16,8.49495678685849e-18,-4.346634438545648e+17,-5.907098820389486e-20,-8.817627837328873e+17,8.3768148104507e-18
1.0,quadrature,904,139.61300505659807,1.196673350051467e-15,9.859841397068543e+21,1.0,-0.014115009998880346,-1.244565260861018e+16,8.481057247240574e-18,-4.3464305369143744e+17,-5.902200769418129e-20,-8.817317599914852e+17,8.36301323185221e-18
1.0,quadrature,905,139.61464038239188,1.1927658419912403e-15,9.859727549732416e+21,1.0,-0.014126556634248891,-1.2455395958101892e+16,8.46719792845855e-18,-4.3462269042715904e+17,-5.897308885527169e-20,-8.8170077681242e+17,8.349251750748004e-18
1.0,quadrature,906,139.61627364259255,1.1888760046097176e-15,9.85961385019066e+21,1.0,-0.014138088413069778,-1.2465126067300988e+16,8.453378719758921e-18,-4.346023540750075e+17,-5.892423186478062e-20,-8.81669834217316e+17,8.335530256029359e-18
1.0,quadrature,907,139.6179048357818,1.1850037515538065e-15,9.85950029852667e+21,1.0,-0.014149605326368565,-1.2474842931379584e+16,8.439599510608126e-18,-4.3458204464804096e+17,-5.887543689833024e-20,-8.816389322274615e+17,8.321848636811464e-18
1.0,quadrature,908,139.61953396055915,1.1811489968945089e-15,9.85938689482262e+21,1.0,-0.014161107365296015,-1.2484546545613938e+16,8.425860190691872e-18,-4.345617621590991e+17,-5.882670412955543e-20,-8.81608070863812e+17,8.30820678243276e-18
1.0,quadrature,909,139.62116101554207,1.1773116551248308e-15,9.859273639159436e+21,1.0,-0.014172594521128807,-1.2494236905384968e+16,8.412160649914719e-18,-4.345415066208003e+17,-5.877803373011222e-20,-8.815772501469856e+17,8.294604582454494e-18
1.0,quadrature,910,139.6227859993657,1.173491641158171e-15,9.859160531616827e+21,1.0,-0.014184066785268385,-1.2503914006177242e+16,8.3985007784013e-18,-4.3452127804554515e+17,-5.872942586969014e-20,-8.815464700972675e+17,8.28104192666192e-18
1.0,quadrature,911,139.6244089106832,1.1696888703257754e-15,9.859047572273243e+21,1.0,-0.014195524149242583,-1.251357784358031e+16,8.384880466494207e-18,-4.3450107644551245e+17,-5.868088071601248e-20,-8.815157307346052e+17,8.267518705062181e-18
1.0,quadrature,912,139.6260297481656,1.1659032583750754e-15,9.858934761205914e+21,1.0,-0.014206966604705185,-1.2523228413288298e+16,8.371299604755e-18,-4.344809018326612e+17,-5.863239843485033e-20,-8.814850320786106e+17,8.254034807885301e-18
1.0,quadrature,913,139.62764851050179,1.1621347214677593e-15,9.85882209849082e+21,1.0,-0.014218394143435542,-1.2532865711099516e+16,8.357758083964217e-18,-4.3446075421872986e+17,-5.858397919002929e-20,-8.814543741485594e+17,8.24059012558416e-18
1.0,quadrature,914,139.62926519639873,1.158383176177457e-15,9.8587095842027e+21,1.0,-0.014229806757339876,-1.2542489732917532e+16,8.344255795119973e-18,-4.344406336152357e+17,-5.853562314343376e-20,-8.814237569633889e+17,8.227184548833104e-18
1.0,quadrature,915,139.63087980458133,1.1546485394880965e-15,9.858597218415054e+21,1.0,-0.014241204438450516,-1.2552100474750476e+16,8.330792629438937e-18,-4.344205400334748e+17,-5.848733045501917e-20,-8.813931805417001e+17,8.213817968528899e-18
1.0,quadrature,916,139.63249233379244,1.150930728791865e-15,9.858485001200131e+21,1.0,-0.014252587178926227,-1.2561697932711286e+16,8.317368478355869e-18,-4.344004734845227e+17,-5.843910128281853e-20,-8.813626449017567e+17,8.20049027579023e-18
1.0,quadrature,917,139.63410278279304,1.147229661887119e-15,9.858372932628942e+21,1.0,-0.014263954971052872,-1.2571282103018202e+16,8.303983233522923e-18,-4.3438043397923226e+17,-5.839093578294888e-20,-8.813321500614826e+17,8.187201361957026e-18
1.0,quadrature,918,139.63571115036214,1.1435452569764954e-15,9.85826101277124e+21,1.0,-0.014275307807243353,-1.2580852981994692e+16,8.290636786809647e-18,-4.3436042152823456e+17,-5.834283410961959e-20,-8.813016960384639e+17,8.173951118590408e-18
1.0,quadrature,919,139.63731743529678,1.1398774326652259e-15,9.858149241695536e+21,1.0,-0.014286645680036836,-1.2590410566068726e+16,8.277329030303697e-18,-4.343404361419395e+17,-5.829479641514288e-20,-8.812712828499476e+17,8.160739437473412e-18
1.0,quadrature,920,139.63892163641214,1.1362261079588717e-15,9.858037619469092e+21,1.0,-0.014297968582100199,-1.2599954851774e+16,8.264059856309431e-18,-4.343204778305344e+17,-5.824682284993829e-20,-8.812409105128428e+17,8.147566210609554e-18
1.0,quadrature,921,139.6405237525415,1.1325912022615872e-15,9.857926146157913e+21,1.0,-0.01430927650622751,-1.26094858357494e+16,8.250829157348346e-18,-4.343005466039838e+17,-5.819891356254234e-20,-8.812105790437171e+17,8.13443133022326e-18
1.0,quadrature,922,139.64212378253632,1.128972635374131e-15,9.857814821826757e+21,1.0,-0.014320569445340242,-1.2619003514739194e+16,8.237636826158616e-18,-4.342806424720305e+17,-5.815106869961474e-20,-8.811802884588003e+17,8.121334688759386e-18
1.0,quadrature,923,139.64372172526615,1.1253703274921437e-15,9.857703646539127e+21,1.0,-0.0143318473924872,-1.2628507885592868e+16,8.22448275569555e-18,-4.3426076544419386e+17,-5.810328840594987e-20,-8.811500387739805e+17,8.108276178883652e-18
1.0,quadrature,924,139.64531757961876,1.1217841992040412e-15,9.857592620357272e+21,1.0,-0.014343110340844942,-1.2637998945265486e+16,8.211366839130608e-18,-4.342409155297709e+17,-5.805557282448025e-20,-8.811198300048072e+17,8.095255693481648e-18
1.0,quadrature,925,139.64691134450013,1.1182141714892449e-15,9.857481743342185e+21,1.0,-0.014354358283717892,-1.264747669081773e+16,8.198288969851631e-18,-4.3422109273783526e+17,-5.800792209628729e-20,-8.810896621664883e+17,8.082273125659057e-18
1.0,quadrature,926,139.6485030188344,1.1146601657163482e-15,9.857371015553602e+21,1.0,-0.01436559121453798,-1.2656941119415526e+16,8.185249041462803e-18,-4.342012970772378e+17,-5.796033636060812e-20,-8.810595352738911e+17,8.069328368741588e-18
1.0,quadrature,927,139.65009260156395,1.1111221036411652e-15,9.857260437050002e+21,1.0,-0.014376809126865417,-1.2666392228330698e+16,8.172246947784151e-18,-4.341815285566058e+17,-5.79128157548439e-20,-8.810294493415423e+17,8.056421316274464e-18
1.0,quadrature,928,139.6516800916495,1.1075999074048493e-15,9.857150007888604e+21,1.0,-0.01438801201438845,-1.267583001494068e+16,8.159282582851264e-18,-4.341617871843427e+17,-5.786536041456552e-20,-8.809994043836261e+17,8.043551862022134e-18
1.0,quadrature,929,139.65326548806985,1.1040934995323366e-15,9.857039728125376e+21,1.0,-0.014399199870922908,-1.268525447672813e+16,8.146355840916191e-18,-4.3414207296863e+17,-5.781797047352681e-20,-8.809694004139881e+17,8.030719899969138e-18
1.0,quadrature,930,139.6548487898222,1.1006028029300993e-15,9.856929597815016e+21,1.0,-0.014410372690413458,-1.2694665611281898e+16,8.133466616445757e-18,-4.341223859174238e+17,-5.777064606366634e-20,-8.809394374461294e+17,8.017925324318422e-18
1.0,quadrature,931,139.65642999592205,1.0971277408845398e-15,9.856819617010966e+21,1.0,-0.014421530466932949,-1.2704063416296482e+16,8.120614804122203e-18,-4.3410272603845715e+17,-5.772338731511801e-20,-8.809095154932108e+17,8.005168029491968e-18
1.0,quadrature,932,139.65800910540312,1.0936682370601992e-15,9.856709785765412e+21,1.0,-0.014432673194682234,-1.2713447889571796e+16,8.107800298843147e-18,-4.3408309333923974e+17,-5.767619435621877e-20,-8.808796345680513e+17,7.99244791013071e-18
1.0,quadrature,933,139.65958611731745,1.0902242154979738e-15,9.85660010412927e+21,1.0,-0.014443800867990693,-1.2722819029013582e+16,8.095022995721487e-18,-4.3406348782705696e+17,-5.762906731351882e-20,-8.808497946831276e+17,7.979764861094447e-18
1.0,quadrature,934,139.66116103073546,1.0867956006130278e-15,9.8564905721522e+21,1.0,-0.014454913481316507,-1.2732176832633618e+16,8.0822827900842e-18,-4.340439095089704e+17,-5.758200631178281e-20,-8.808199958505743e+17,7.967118777460636e-18
1.0,quadrature,935,139.66273384474584,1.0833823171933978e-15,9.856381189882598e+21,1.0,-0.014466011029246075,-1.2741521298549148e+16,8.069579577473659e-18,-4.3402435839181734e+17,-5.753501147400564e-20,-8.80790238082184e+17,7.954509554525646e-18
1.0,quadrature,936,139.66430455845568,1.0799842903979173e-15,9.856271957367592e+21,1.0,-0.014477093506494615,-1.2750852424983384e+16,8.056913253646382e-18,-4.340048344822114e+17,-5.748808292141479e-20,-8.807605213894062e+17,7.941937087803553e-18
1.0,quadrature,937,139.66587317099038,1.0766014457545856e-15,9.856162874653055e+21,1.0,-0.014488160907905766,-1.2760170210265096e+16,8.044283714573426e-18,-4.339853377865418e+17,-5.744122077348012e-20,-8.807308457833489e+17,7.929401273026465e-18
1.0,quadrature,938,139.66743968149373,1.0732337091586964e-15,9.85605394178359e+21,1.0,-0.014499213228452138,-1.276947465282906e+16,8.031690856439838e-18,-4.3396586831097376e+17,-5.739442514792115e-20,-8.807012112747764e+17,7.916902006143996e-18
1.0,quadrature,939,139.66900408912784,1.0698810068712756e-15,9.855945158802536e+21,1.0,-0.01451025046323465,-1.2778765751215446e+16,8.019134575645244e-18,-4.3394642606144845e+17,-5.73476961607172e-20,-8.806716178741123e+17,7.904439183323808e-18
1.0,quadrature,940,139.67056639307324,1.0665432655170423e-15,9.855836525751974e+21,1.0,-0.01452127260748346,-1.2788043504070574e+16,8.006614768802612e-18,-4.3392701104368275e+17,-5.730103392611122e-20,-8.80642065591436e+17,7.892012700950389e-18
1.0,quadrature,941,139.67212659252885,1.0632204120828587e-15,9.85572804267271e+21,1.0,-0.014532279656557321,-1.2797307910146294e+16,7.99413133273884e-18,-4.339076232631689e+17,-5.725443855662008e-20,-8.806125544364841e+17,7.8796224556256e-18
1.0,quadrature,942,139.6736846867119,1.059912373916071e-15,9.8556197096043e+21,1.0,-0.01454327160594352,-1.2806558968299946e+16,7.98168416449487e-18,-4.3388826272517594e+17,-5.720791016304406e-20,-8.805830844186519e+17,7.867268344168781e-18
1.0,quadrature,943,139.67524067485814,1.0566190787224263e-15,9.855511526585015e+21,1.0,-0.014554248451258795,-1.281579667749506e+16,7.969273161324225e-18,-4.3386892943474784e+17,-5.716144885446882e-20,-8.805536555469907e+17,7.854950263615285e-18
1.0,quadrature,944,139.6767945562216,1.0533404545647866e-15,9.855403493651881e+21,1.0,-0.014565210188248247,-1.2825021036800398e+16,7.956898220694458e-18,-4.3384962339670464e+17,-5.711505473828027e-20,-8.805242678302098e+17,7.842668111217896e-18
1.0,quadrature,945,139.67834633007476,1.050076429861183e-15,9.855295610840647e+21,1.0,-0.01457615681278579,-1.2834232045390308e+16,7.944559240286147e-18,-4.338303446156428e+17,-5.706872792016804e-20,-8.80494921276676e+17,7.830421784445813e-18
1.0,quadrature,946,139.6798959957085,1.0468269333830584e-15,9.8551878781858e+21,1.0,-0.014587088320874624,-1.2843429702545066e+16,7.932256117992548e-18,-4.338110930959337e+17,-5.70224685041336e-20,-8.804656158944124e+17,7.81821118098428e-18
1.0,quadrature,947,139.6814435524321,1.043591894253758e-15,9.855080295720565e+21,1.0,-0.014598004708646518,-1.285261400765025e+16,7.919988751920118e-18,-4.337918688417252e+17,-5.697627659250022e-20,-8.804363516911007e+17,7.806036198735119e-18
1.0,quadrature,948,139.68298899957327,1.0403712419467213e-15,9.854972863476897e+21,1.0,-0.014608905972362028,-1.2861784960196862e+16,7.90775704038794e-18,-4.3377267185694125e+17,-5.693015228591841e-20,-8.804071286740794e+17,7.793896735816105e-18
1.0,quadrature,949,139.6845323364781,1.037164906283748e-15,9.854865581485492e+21,1.0,-0.014619792108411002,-1.2870942559781744e+16,7.895560881927374e-18,-4.337535021452813e+17,-5.688409568337433e-20,-8.803779468503442e+17,7.781792690560626e-18
1.0,quadrature,950,139.68607356251107,1.0339728174335612e-15,9.854758449775777e+21,1.0,-0.01463066311331144,-1.2880086806106544e+16,7.883400175282786e-18,-4.3373435971022163e+17,-5.683810688219955e-20,-8.803488062265498e+17,7.769723961518387e-18
1.0,quadrature,951,139.6876126770551,1.030794905909846e-15,9.854651468375919e+21,1.0,-0.014641518983710721,-1.2889217698978736e+16,7.871274819410298e-18,-4.337152445550143e+17,-5.679218597807559e-20,-8.803197068090072e+17,7.757690447454145e-18
1.0,quadrature,952,139.68914967951156,1.0276311025697673e-15,9.85454463731282e+21,1.0,-0.014652359716384837,-1.2898335238310924e+16,7.859184713478291e-18,-4.3369615668268736e+17,-5.674633306504361e-20,-8.802906486036856e+17,7.745692047348205e-18
1.0,quadrature,953,139.69068456930012,1.024481338612318e-15,9.854437956612115e+21,1.0,-0.014663185308238468,-1.2907439424120866e+16,7.847129756867258e-18,-4.336770960960457e+17,-5.670054823551241e-20,-8.802616316162122e+17,7.733728660396233e-18
1.0,quadrature,954,139.6922173458589,1.0213455455766681e-15,9.85433142629818e+21,1.0,-0.014673995756304915,-1.2916530256531382e+16,7.83510984916963e-18,-4.336580627976705e+17,-5.665483158026601e-20,-8.802326558518725e+17,7.721800186009098e-18
1.0,quadrature,955,139.6937480086444,1.0182236553404682e-15,9.854225046394133e+21,1.0,-0.01468479105774631,-1.2925607735770496e+16,7.823124890189398e-18,-4.3363905678991974e+17,-5.660918318847056e-20,-8.8020372131561e+17,7.709906523812458e-18
1.0,quadrature,956,139.69527655713162,1.0151156001181574e-15,9.854118816921818e+21,1.0,-0.014695571209853816,-1.2934671862171562e+16,7.811174779941707e-18,-4.336200780749272e+17,-5.656360314768113e-20,-8.80174828012026e+17,7.698047573646346e-18
1.0,quadrature,957,139.69680299081378,1.0120213124596807e-15,9.854012737901826e+21,1.0,-0.014706336210046337,-1.2943722636172134e+16,7.799259418654013e-18,-4.336011266546046e+17,-5.651809154385415e-20,-8.801459759453814e+17,7.686223235566307e-18
1.0,quadrature,958,139.6983273092026,1.0089407252484624e-15,9.85390680935349e+21,1.0,-0.014717086055871945,-1.2952760058315142e+16,7.787378706764356e-18,-4.3358220253064006e+17,-5.647264846134921e-20,-8.801171651195953e+17,7.674433409841657e-18
1.0,quadrature,959,139.69984951182812,1.0058737717000787e-15,9.853801031294876e+21,1.0,-0.01472782074500693,-1.2961784129248034e+16,7.775532544922267e-18,-4.335633057044986e+17,-5.642727398294119e-20,-8.800883955382452e+17,7.662677996956384e-18
1.0,quadrature,960,139.7013695982388,1.0028203853604743e-15,9.85369540374279e+21,1.0,-0.014738540275256375,-1.2970794849723256e+16,7.763720833987927e-18,-4.3354443617742266e+17,-5.638196818982506e-20,-8.800596672045686e+17,7.650956897608275e-18
1.0,quadrature,961,139.70288756800144,9.997805001045871e-16,9.853589926712783e+21,1.0,-0.014749244644553064,-1.297979222059725e+16,7.751943475032843e-18,-4.335255939504321e+17,-5.633673116162588e-20,-8.800309801214615e+17,7.63927001270959e-18
1.0,quadrature,962,139.70440342070114,9.967540501346368e-16,9.853484600219153e+21,1.0,-0.014759933850958402,-1.2988776242831246e+16,7.74020036933922e-18,-4.335067790243249e+17,-5.629156297640652e-20,-8.800023342914812e+17,7.627617243386406e-18
1.0,quadrature,963,139.70591715594145,9.937409699784174e-16,9.853379424274927e+21,1.0,-0.014770607892662354,-1.2997746917491108e+16,7.728491418399295e-18,-4.334879913996752e+17,-5.624646371067175e-20,-8.799737297168415e+17,7.615998490977952e-18
1.0,quadrature,964,139.70742877334416,9.907411944880525e-16,9.85327439889189e+21,1.0,-0.014781266767982217,-1.300670424574633e+16,7.716816523916462e-18,-4.3346923107683686e+17,-5.620143343938074e-20,-8.7994516639942e+17,7.6044136570377e-18
1.0,quadrature,965,139.70893827254946,9.877546588381322e-16,9.853169524080567e+21,1.0,-0.01479191047536406,-1.3015648228871168e+16,7.705175587803958e-18,-4.334504980559406e+17,-5.615647223595192e-20,-8.799166443407524e+17,7.592862643332054e-18
1.0,quadrature,966,139.71044565321583,9.847812985243078e-16,9.853064799850219e+21,1.0,-0.014802539013381619,-1.3024578868243678e+16,7.693568512185284e-18,-4.334317923368956e+17,-5.6111580172271e-20,-8.798881635420348e+17,7.581345351840744e-18
1.0,quadrature,967,139.71195091501997,9.81821049361891e-16,9.852960226208874e+21,1.0,-0.014813152380735854,-1.3033496165345324e+16,7.681995199394671e-18,-4.334131139193908e+17,-5.606675731870162e-20,-8.798597240041268e+17,7.569861684757268e-18
1.0,quadrature,968,139.71345405765703,9.788738474838437e-16,9.852855803163288e+21,1.0,-0.014823750576256647,-1.3042400121762364e+16,7.670455551975062e-18,-4.3339446280289197e+17,-5.602200374408621e-20,-8.798313257275464e+17,7.55841154448689e-18
1.0,quadrature,969,139.71495508084033,9.759396293397813e-16,9.852751530718975e+21,1.0,-0.014834333598900594,-1.3051290739183938e+16,7.658949472680092e-18,-4.33375838986645e+17,-5.59773195157611e-20,-8.798029687124739e+17,7.54699483364857e-18
1.0,quadrature,970,139.71645398430144,9.730183316941968e-16,9.852647408880199e+21,1.0,-0.014844901447752055,-1.3060168019402948e+16,7.647476864472967e-18,-4.333572424696749e+17,-5.593270469956133e-20,-8.797746529587526e+17,7.535611455073843e-18
1.0,quadrature,971,139.71795076779026,9.701098916248607e-16,9.852543437649977e+21,1.0,-0.014855454122022963,-1.3069031964315838e+16,7.636037630525996e-18,-4.3333867325078566e+17,-5.588815935982573e-20,-8.797463784658871e+17,7.524261311806343e-18
1.0,quadrature,972,139.7194454310749,9.672142465214504e-16,9.852439617030068e+21,1.0,-0.014865991621052637,-1.3077882575922398e+16,7.62463167422101e-18,-4.333201313285607e+17,-5.584368355940815e-20,-8.797181452330438e+17,7.512944307102193e-18
1.0,quadrature,973,139.7209379739416,9.643313340841236e-16,9.852335947021e+21,1.0,-0.01487651394430688,-1.3086719856324992e+16,7.613258899149533e-18,-4.3330161670136474e+17,-5.579927735968464e-20,-8.796899532590545e+17,7.501660344430164e-18
1.0,quadrature,974,139.72242839619497,9.614610923217177e-16,9.852232427622044e+21,1.0,-0.014887021091379479,-1.3095543807729772e+16,7.601919209111452e-18,-4.3328312936734086e+17,-5.575494082055822e-20,-8.796618025424116e+17,7.490409327470334e-18
1.0,quadrature,975,139.72391669765764,9.586034595506662e-16,9.852129058831236e+21,1.0,-0.01489751306199026,-1.3104354432445e+16,7.590612508116472e-18,-4.3326466932441414e+17,-5.571067400047158e-20,-8.796336930812733e+17,7.479191160115529e-18
1.0,quadrature,976,139.72540287817054,9.557583743930988e-16,9.85202584064536e+21,1.0,-0.014907989855986523,-1.3113151732882232e+16,7.579338700382352e-18,-4.33246236570289e+17,-5.566647695640846e-20,-8.796056248734604e+17,7.468005746469537e-18
1.0,quadrature,977,139.72688693759264,9.529257757757688e-16,9.85192277305997e+21,1.0,-0.01491845147334156,-1.3121935711555042e+16,7.56809769033636e-18,-4.332278311024525e+17,-5.562234974390793e-20,-8.7957759791646e+17,7.456852990848544e-18
1.0,quadrature,978,139.72836887580112,9.5010560292822e-16,9.851819856069378e+21,1.0,-0.014928897914155569,-1.3130706371079726e+16,7.556889382613689e-18,-4.332094529181713e+17,-5.557829241706547e-20,-8.795496122074223e+17,7.445732797779557e-18
1.0,quadrature,979,139.7298486926913,9.472977953815058e-16,9.851717089666649e+21,1.0,-0.014939329178655196,-1.3139463714174924e+16,7.545713682058053e-18,-4.3319110201449434e+17,-5.553430502854454e-20,-8.795216677431636e+17,7.434645072000965e-18
1.0,quadrature,980,139.73132638817643,9.445022929669118e-16,9.851614473843626e+21,1.0,-0.014949745267192513,-1.3148207743660702e+16,7.53457049372227e-18,-4.331727783882535e+17,-5.549038762958634e-20,-8.794937645201677e+17,7.423589718463095e-18
1.0,quadrature,981,139.73280196218803,9.417190358140356e-16,9.85151200859091e+21,1.0,-0.014960146180246518,-1.3156938462459774e+16,7.523459722866229e-18,-4.331544820360608e+17,-5.54465402700096e-20,-8.794659025345814e+17,7.41256664232621e-18
1.0,quadrature,982,139.73427541467558,9.389479643497897e-16,9.851409693897866e+21,1.0,-0.014970531918421634,-1.3165655873596236e+16,7.51238127495856e-18,-4.331362129543123e+17,-5.540276299822636e-20,-8.794380817822209e+17,7.401575748962105e-18
1.0,quadrature,983,139.73574674560655,9.361890192968154e-16,9.85130752975264e+21,1.0,-0.014980902482447662,-1.317435998019546e+16,7.501335055675875e-18,-4.3311797113918726e+17,-5.53590558612455e-20,-8.7941030225857e+17,7.390616943953384e-18
1.0,quadrature,984,139.73721595496647,9.334421416719604e-16,9.851205516142137e+21,1.0,-0.014991257873180374,-1.3183050785484578e+16,7.490320970902286e-18,-4.330997565866468e+17,-5.531541890468041e-20,-8.793825639587781e+17,7.379690133092925e-18
1.0,quadrature,985,139.73868304275885,9.307072727849709e-16,9.851103653052042e+21,1.0,-0.01500159809160066,-1.319172829279173e+16,7.479338926729703e-18,-4.3308156929243654e+17,-5.527185217275736e-20,-8.793548668776648e+17,7.368795222384189e-18
1.0,quadrature,986,139.74014800900517,9.279843542369802e-16,9.851001940466807e+21,1.0,-0.01501192313881481,-1.3200392505546264e+16,7.468388829457348e-18,-4.330634092520853e+17,-5.522835570832195e-20,-8.79327211009717e+17,7.357932118040704e-18
1.0,quadrature,987,139.7416108537448,9.252733279192647e-16,9.85090037836967e+21,1.0,-0.015022233016053595,-1.3209043427277936e+16,7.457470585592254e-18,-4.330452764609073e+17,-5.518492955284885e-20,-8.792995963490925e+17,7.347100726486556e-18
1.0,quadrature,988,139.743071577035,9.225741360116888e-16,9.850798966742639e+21,1.0,-0.015032527724672935,-1.3217681061617444e+16,7.446584101848545e-18,-4.330271709140005e+17,-5.514157374644791e-20,-8.792720228896184e+17,7.33630095435565e-18
1.0,quadrature,989,139.744530178951,9.198867209813677e-16,9.850697705566507e+21,1.0,-0.01504280726615305,-1.3226305412295656e+16,7.435729285147531e-18,-4.330090926062481e+17,-5.509828832787105e-20,-8.792444906247918e+17,7.325532708491788e-18
1.0,quadrature,990,139.74598665958587,9.172110255811751e-16,9.850596594820848e+21,1.0,-0.015053071642099057,-1.3234916483144126e+16,7.424906042617166e-18,-4.329910415323186e+17,-5.505507333451965e-20,-8.792169995477812e+17,7.314795895948124e-18
1.0,quadrature,991,139.74744101905043,9.14546992848574e-16,9.85049563448402e+21,1.0,-0.015063320854239545,-1.3243514278093812e+16,7.414114281592766e-18,-4.3297301768666656e+17,-5.501192880245384e-20,-8.79189549651427e+17,7.30409042398786e-18
1.0,quadrature,992,139.74889325747336,9.118945661040829e-16,9.850394824533168e+21,1.0,-0.015073554904427553,-1.3252098801175912e+16,7.403353909616269e-18,-4.329550210635325e+17,-5.496885476639978e-20,-8.791621409282408e+17,7.293416200083469e-18
1.0,quadrature,993,139.7503433750011,9.092536889499067e-16,9.850294164944226e+21,1.0,-0.015083773794639667,-1.3260670056521044e+16,7.392624834436075e-18,-4.3293705165694355e+17,-5.492585125975448e-20,-8.791347733704082e+17,7.282773131916567e-18
1.0,quadrature,994,139.75179137179788,9.066243052686242e-16,9.850193655691917e+21,1.0,-0.015093977526976025,-1.326922804835924e+16,7.381926964007152e-18,-4.329191094607141e+17,-5.488291831459578e-20,-8.791074469697874e+17,7.27216112737796e-18
1.0,quadrature,995,139.75323724804556,9.040063592218275e-16,9.85009329674976e+21,1.0,-0.015104166103660256,-1.3277772781019848e+16,7.371260206490874e-18,-4.329011944684456e+17,-5.48400559616902e-20,-8.79080161717911e+17,7.261580094567495e-18
1.0,quadrature,996,139.75468100394377,9.013997952487169e-16,9.849993088090067e+21,1.0,-0.015114339527038842,-1.3286304258930972e+16,7.360624470254687e-18,-4.328833066735275e+17,-5.479726423049727e-20,-8.790529176059859e+17,7.251029941793692e-18
1.0,quadrature,997,139.75612263970973,8.988045580648539e-16,9.849893029683948e+21,1.0,-0.01512449779958124,-1.3294822486619552e+16,7.350019663872354e-18,-4.328654460691378e+17,-5.475454314918127e-20,-8.790257146248951e+17,7.240510577573991e-18
1.0,quadrature,998,139.75756215557834,8.962205926606638e-16,9.849793121501313e+21,1.0,-0.01513464092387977,-1.3303327468711228e+16,7.339445696123195e-18,-4.3284761264824237e+17,-5.471189274461413e-20,-8.789985527651959e+17,7.230021910633967e-18
1.0,quadrature,999,139.75899955180205,8.936478443003017e-16,9.849693363510874e+21,1.0,-0.015144768902648641,-1.3311819209929484e+16,7.328902475992757e-18,-4.3282980640359725e+17,-5.466931304238637e-20,-8.789714320171241e+17,7.219563849907984e-18
1.0,quadrature,1000,139.76043482865086,8.910862585202146e-16,9.849593755680152e+21,1.0,-0.015154881738724474,-1.332029771509609e+16,7.318389912672235e-18,-4.3281202732774784e+17,-5.462680406681389e-20,-8.789443523705917e+17,7.209136304538607e-18
1.0,quadrature,1001,139.76186798641237,8.885357811277137e-16,9.849494297975464e+21,1.0,-0.015164979435066183,-1.332876298913094e+16,7.307907915557887e-18,-4.327942754130287e+17,-5.458436584094234e-20,-8.789173138151882e+17,7.198739183876004e-18
1.0,quadrature,1002,139.76329902539158,8.859963581999537e-16,9.849394990361954e+21,1.0,-0.015175061994753603,-1.3337215037050892e+16,7.297456394252119e-18,-4.3277655065156634e+17,-5.454199838655971e-20,-8.788903163401837e+17,7.188372397479e-18
1.0,quadrature,1003,139.764727945911,8.834679360823102e-16,9.84929583280356e+21,1.0,-0.015185129420988609,-1.3345653863970662e+16,7.28703525856205e-18,-4.327588530352774e+17,-5.449970172419873e-20,-8.788633599345254e+17,7.178035855113652e-18
1.0,quadrature,1004,139.7661547483106,8.809504613872193e-16,9.849196825263045e+21,1.0,-0.015195181717094153,-1.3354079475102002e+16,7.276644418499961e-18,-4.3274118255586976e+17,-5.445747587314619e-20,-8.788364445868415e+17,7.16772946675367e-18
1.0,quadrature,1005,139.76757943294766,8.784438809930185e-16,9.849097967701993e+21,1.0,-0.015205218886513472,-1.336249187575299e+16,7.26628378428374e-18,-4.327235392048445e+17,-5.441532085145264e-20,-8.788095702854419e+17,7.157453142580834e-18
1.0,quadrature,1006,139.76900200019688,8.759481420422928e-16,9.848999260080793e+21,1.0,-0.015215240932811468,-1.3370891071329178e+16,7.255953266335224e-18,-4.3270592297349344e+17,-5.437323667593426e-20,-8.78782737018316e+17,7.147206792983355e-18
1.0,quadrature,1007,139.7704224504502,8.734631919410267e-16,9.848900702358674e+21,1.0,-0.015225247859672438,-1.3379277067331648e+16,7.245652775281894e-18,-4.326883338529031e+17,-5.433122336218666e-20,-8.787559447731379e+17,7.136990328557523e-18
1.0,quadrature,1008,139.77184078411696,8.70988978356961e-16,9.848802294493681e+21,1.0,-0.015235239670901441,-1.3387649869358134e+16,7.235382221955211e-18,-4.326707718339522e+17,-5.428928092458655e-20,-8.787291935372626e+17,7.126803660106039e-18
1.0,quadrature,1009,139.77325700162365,8.685254492185039e-16,9.848704036442686e+21,1.0,-0.01524521637042313,-1.3396009483102002e+16,7.225141517391236e-18,-4.326532369073137e+17,-5.42474093763017e-20,-8.787024832977295e+17,7.116646698638633e-18
1.0,quadrature,1010,139.77467110341397,8.66072552713497e-16,9.8486059281614e+21,1.0,-0.015255177962281506,-1.340435591435205e+16,7.214930572830657e-18,-4.326357290634558e+17,-5.42056087292994e-20,-8.786758140412637e+17,7.106519355372059e-18
1.0,quadrature,1011,139.7760830899488,8.636302372878374e-16,9.848507969604359e+21,1.0,-0.015265124450640039,-1.3412689168992542e+16,7.204749299718137e-18,-4.3261824829264115e+17,-5.416387899435133e-20,-8.786491857542748e+17,7.096421541729434e-18
1.0,quadrature,1012,139.7774929617062,8.611984516442048e-16,9.848410160724942e+21,1.0,-0.015275055839781362,-1.3421009253002954e+16,7.194597609702118e-18,-4.326007945849276e+17,-5.412222018104034e-20,-8.786225984228582e+17,7.086353169340035e-18
1.0,quadrature,1013,139.77890071918125,8.587771447409896e-16,9.848312501475364e+21,1.0,-0.015284972134106482,-1.342931617245726e+16,7.184475414635409e-18,-4.3258336793016954e+17,-5.4080632297771385e-20,-8.785960520327963e+17,7.076314150039867e-18
1.0,quadrature,1014,139.78030636288608,8.563662657909299e-16,9.848214991806686e+21,1.0,-0.015294873338134668,-1.3437609933523832e+16,7.174382626574571e-18,-4.3256596831801824e+17,-5.403911535177572e-20,-8.785695465695603e+17,7.066304395871019e-18
1.0,quadrature,1015,139.7817098933499,8.539657642597567e-16,9.848117631668808e+21,1.0,-0.015304759456504025,-1.3445890542465902e+16,7.164319157779267e-18,-4.325485957379214e+17,-5.399766934911752e-20,-8.785430820183086e+17,7.056323819081032e-18
1.0,quadrature,1016,139.7831113111188,8.515755898652309e-16,9.848020421010486e+21,1.0,-0.01531463049396956,-1.345415800563987e+16,7.154284920713256e-18,-4.325312501791251e+17,-5.395629429470366e-20,-8.7851665836389e+17,7.04637233212385e-18
1.0,quadrature,1017,139.78451061675585,8.491956925757011e-16,9.847923359779324e+21,1.0,-0.015324486455404355,-1.3462412329496318e+16,7.144279828043354e-18,-4.3251393163067354e+17,-5.3914990192289476e-20,-8.784902755908434e+17,7.036449847658777e-18
1.0,quadrature,1018,139.785907810841,8.468260226089549e-16,9.84782644792178e+21,1.0,-0.015334327345798527,-1.347065352057907e+16,7.13430379263959e-18,-4.3249664008140934e+17,-5.3873757044485547e-20,-8.784639336833978e+17,7.026556278550618e-18
1.0,quadrature,1019,139.787302893971,8.444665304310291e-16,9.847729685383172e+21,1.0,-0.01534415317025897,-1.3478881585524978e+16,7.12435672757517e-18,-4.324793755199754e+17,-5.383259485276583e-20,-8.784376326254757e+17,7.016691537869637e-18
1.0,quadrature,1020,139.7886958667594,8.421171667550219e-16,9.84763307210768e+21,1.0,-0.01535396393400904,-1.3487096531063614e+16,7.114438546126424e-18,-4.3246213793481434e+17,-5.3791503617475576e-20,-8.784113724006922e+17,7.006855538891473e-18
1.0,quadrature,1021,139.79008672983662,8.397778825396723e-16,9.847536608038342e+21,1.0,-0.015363759642388886,-1.349529836401752e+16,7.104549161771766e-18,-4.324449273141684e+17,-5.375048333783372e-20,-8.783851529923543e+17,6.9970481950961e-18
1.0,quadrature,1022,139.7914754838496,8.374486289885181e-16,9.847440293117068e+21,1.0,-0.015373540300854013,-1.3503487091301008e+16,7.094688488193036e-18,-4.3242774364608237e+17,-5.370953401194758e-20,-8.783589743834657e+17,6.987269420169142e-18
1.0,quadrature,1023,139.79286212946212,8.351293575483885e-16,9.84734412728464e+21,1.0,-0.015383305914975755,-1.3511662719920498e+16,7.084856439274041e-18,-4.324105869184021e+17,-5.3668655636812636e-20,-8.783328365567249e+17,6.977519128000415e-18
1.0,quadrature,1024,139.79424666735443,8.328200199084747e-16,9.84724811048071e+21,1.0,-0.015393056490440482,-1.3519825256973846e+16,7.075052929101485e-18,-4.323934571187765e+17,-5.3627848208326243e-20,-8.783067394945268e+17,6.96779723268483e-18
1.0,pi,0,137.6422999547138,6.161810271353063e-14,1e+22,1.0,0.0,-1.8259145981113882e-16,-0.0,-4.600746994005197e+17,0.0,-9.201493988010394e+17,0.0
1.0,pi,1,137.6446975125387,6.132334405062116e-14,9.999825816977525e+21,1.0,-1.741845394784404e-05,-16026742415751.963,0.0,-4.6004264507817946e+17,0.0,-9.201013168987747e+17,0.0
1.0,pi,2,137.6470949797527,6.103000646625425e-14,9.999651649639194e+21,1.0,-3.483564283459918e-05,-32050646063148.336,0.0,-4.600105947586746e+17,0.0,-9.200532401634125e+17,0.0
1.0,pi,3,137.6494923559408,6.073808310710849e-14,9.999477498013484e+21,1.0,-5.225156374083316e-05,-48071708709134.83,0.0,-4.5997854844694656e+17,0.0,-9.200051686026022e+17,0.0
1.0,pi,4,137.65188964068614,6.044756715291477e-14,9.999303362129005e+21,1.0,-6.96662137338862e-05,-64089928109545.76,0.0,-4.599465061479594e+17,0.0,-9.199571022240284e+17,0.0
1.0,pi,5,137.65428683356984,6.015845181631314e-14,9.999129242014505e+21,1.0,-8.707958986697112e-05,-80105302008282.61,0.0,-4.5991446786670317e+17,0.0,-9.199090410354147e+17,0.0
1.0,pi,6,137.6566839341712,5.987073034266884e-14,9.99895513769886e+21,1.0,-0.00010449168918032769,-96117828138381.78,0.0,-4.598824336081896e+17,0.0,-9.198609850445175e+17,0.0
1.0,pi,7,137.6590809420675,5.958439600994089e-14,9.99878104921109e+21,1.0,-0.00012190250869980922,-112127504220721.11,0.0,-4.598504033774566e+17,0.0,-9.198129342591338e+17,0.0
1.0,pi,8,137.66147785683407,5.929944212850655e-14,9.998606976580344e+21,1.0,-0.00013931204543784435,-128134327964910.47,0.0,-4.598183771795652e+17,0.0,-9.197648886870953e+17,0.0
1.0,pi,9,137.6638746780442,5.901586204102098e-14,9.998432919835917e+21,1.0,-0.0001567202963925371,-144138297068470.7,0.0,-4.5978635501960186e+17,0.0,-9.197168483362723e+17,0.0
1.0,pi,10,137.66627140526938,5.873364912223672e-14,9.998258879007224e+21,1.0,-0.00017412725854882124,-160139409217901.12,0.0,-4.597543369026764e+17,0.0,-9.196688132145708e+17,0.0
1.0,pi,11,137.66866803807892,5.845279677888151e-14,9.998084854123837e+21,1.0,-0.00019153292887666169,-176137662087032.56,0.0,-4.5972232283392454e+17,0.0,-9.196207833299361e+17,0.0
1.0,pi,12,137.6710645760403,5.817329844946942e-14,9.997910845215455e+21,1.0,-0.00020893730433304338,-192133053338861.88,0.0,-4.596903128185055e+17,0.0,-9.195727586903498e+17,0.0
1.0,pi,13,137.67346101871888,5.78951476041765e-14,9.997736852311918e+21,1.0,-0.00022634038186010832,-208125580623845.88,0.0,-4.5965830686160403e+17,0.0,-9.195247393038319e+17,0.0
1.0,pi,14,137.67585736567807,5.761833774467365e-14,9.997562875443207e+21,1.0,-0.0002437421583859249,-224115241580614.88,0.0,-4.5962630496842976e+17,0.0,-9.194767251784401e+17,0.0
1.0,pi,15,137.67825361647925,5.734286240397369e-14,9.997388914639443e+21,1.0,-0.00026114263082455087,-240102033836037.38,0.0,-4.595943071442172e+17,0.0,-9.194287163222706e+17,0.0
1.0,pi,16,137.68064977068175,5.706871514628889e-14,9.997214969930891e+21,1.0,-0.0002785417960754541,-256085955004693.97,0.0,-4.5956231339422675e+17,0.0,-9.193807127434583e+17,0.0
1.0,pi,17,137.68304582784293,5.679588956686642e-14,9.997041041347948e+21,1.0,-0.0002959396510242822,-272067002689590.66,0.0,-4.5953032372374234e+17,0.0,-9.193327144501742e+17,0.0
1.0,pi,18,137.685441787518,5.6524379291860255e-14,9.996867128921166e+21,1.0,-0.0003133361925414486,-288045174480867.1,0.0,-4.5949833813807546e+17,0.0,-9.192847214506317e+17,0.0
1.0,pi,19,137.6878376492602,5.62541779781552e-14,9.996693232681226e+21,1.0,-0.00033073141748373656,-304020467957276.2,0.0,-4.594663566425612e+17,0.0,-9.192367337530797e+17,0.0
1.0,pi,20,137.69023341262064,5.598527931324332e-14,9.996519352658964e+21,1.0,-0.0003481253226927568,-319992880684774.0,0.0,-4.594343792425614e+17,0.0,-9.191887513658076e+17,0.0
1.0,pi,21,137.69262907714844,5.571767701505923e-14,9.996345488885353e+21,1.0,-0.00036551790499584545,-335962410217351.4,0.0,-4.5940240594346336e+17,0.0,-9.191407742971442e+17,0.0
1.0,pi,22,137.69502464239056,5.5451364831841746e-14,9.996171641391512e+21,1.0,-0.0003829091612054848,-351929054096508.1,0.0,-4.5937043675068006e+17,0.0,-9.190928025554565e+17,0.0
1.0,pi,23,137.69742010789196,5.518633654198035e-14,9.995997810208706e+21,1.0,-0.00040029908811988006,-367892809851789.9,0.0,-4.593384716696498e+17,0.0,-9.190448361491514e+17,0.0
1.0,pi,24,137.69981547319537,5.492258595388442e-14,9.995823995368344e+21,1.0,-0.000417687682521738,-383853674999672.7,0.0,-4.5930651070583795e+17,0.0,-9.189968750866756e+17,0.0
1.0,pi,25,137.7022107378415,5.466010690582164e-14,9.995650196901986e+21,1.0,-0.0004350749411792289,-399811647044453.75,0.0,-4.592745538647359e+17,0.0,-9.189489193765162e+17,0.0
1.0,pi,26,137.70460590136898,5.439889326577928e-14,9.99547641484133e+21,1.0,-0.0004524608608458569,-415766723478138.3,0.0,-4.5924260115186016e+17,0.0,-9.189009690271985e+17,0.0
1.0,pi,27,137.70700096331421,5.413893893132591e-14,9.995302649218233e+21,1.0,-0.00046984543825994525,-431718901779974.6,0.0,-4.592106525727546e+17,0.0,-9.188530240472893e+17,0.0
1.0,pi,28,137.7093959232115,5.388023782946769e-14,9.995128900064691e+21,1.0,-0.0004872286701445064,-447668179416341.1,0.0,-4.591787081329898e+17,0.0,-9.18805084445396e+17,0.0
1.0,pi,29,137.71179078059302,5.362278391649913e-14,9.994955167412852e+21,1.0,-0.00050461055320769,-463614553841164.56,0.0,-4.591467678381622e+17,0.0,-9.187571502301655e+17,0.0
1.0,pi,30,137.71418553498881,5.336657117786392e-14,9.994781451295014e+21,1.0,-0.0005219910841427179,-479558022495867.2,0.0,-4.591148316938948e+17,0.0,-9.187092214102854e+17,0.0
1.0,pi,31,137.7165801859267,5.31115936280254e-14,9.994607751743626e+21,1.0,-0.000539370259627048,-495498582808606.06,0.0,-4.59082899705838e+17,0.0,-9.186612979944846e+17,0.0
1.0,pi,32,137.71897473293237,5.285784531030735e-14,9.994434068791284e+21,1.0,-0.0005567480763234001,-511436232195222.44,0.0,-4.590509718796688e+17,0.0,-9.186133799915327e+17,0.0
1.0,pi,33,137.72136917552928,5.2605320296777903e-14,9.994260402470742e+21,1.0,-0.0005741245308783422,-527370968057949.94,0.0,-4.5901904822109165e+17,0.0,-9.185654674102413e+17,0.0
1.0,pi,34,137.72376351323877,5.2354012688085726e-14,9.9940867528149e+21,1.0,-0.0005914996199238301,-543302787786835.56,0.0,-4.589871287358376e+17,0.0,-9.18517560259462e+17,0.0
1.0,pi,35,137.7261577455799,5.2103916613342196e-14,9.993913119856812e+21,1.0,-0.0006088733400758577,-559231688758507.3,0.0,-4.5895521342966515e+17,0.0,-9.184696585480888e+17,0.0
1.0,pi,36,137.72855187206963,5.185502622997108e-14,9.993739503629683e+21,1.0,-0.0006262456879350339,-575157668336711.1,0.0,-4.5892330230835974e+17,0.0,-9.184217622850561e+17,0.0
1.0,pi,37,137.73094589222254,5.160733572358574e-14,9.993565904166881e+21,1.0,-0.0006436166600860029,-591080723871786.5,0.0,-4.5889139537773536e+17,0.0,-9.183738714793425e+17,0.0
1.0,pi,38,137.7333398055511,5.1360839307834404e-14,9.99339232150192e+21,1.0,-0.0006609862530981493,-607000852701319.8,0.0,-4.588594926436328e+17,0.0,-9.18325986139967e+17,0.0
1.0,pi,39,137.73573361156554,5.11155312242816e-14,9.993218755668472e+21,1.0,-0.000678354463524891,-622918052149502.1,0.0,-4.588275941119203e+17,0.0,-9.182781062759903e+17,0.0
1.0,pi,40,137.73812730977374,5.087140574226653e-14,9.993045206700365e+21,1.0,-0.0006957212879036772,-638832319527137.1,0.0,-4.58795699788495e+17,0.0,-9.182302318965171e+17,0.0
1.0,pi,41,137.74052089968143,5.062845715876809e-14,9.992871674631586e+21,1.0,-0.0007130867227561154,-654743652131761.6,0.0,-4.587638096792811e+17,0.0,-9.181823630106939e+17,0.0
1.0,pi,42,137.74291438079203,5.038667979827057e-14,9.99269815949627e+21,1.0,-0.0007304507645881636,-670652047247831.1,0.0,-4.5873192379023066e+17,0.0,-9.18134499627709e+17,0.0
1.0,pi,43,137.74530775260664,5.0146068012641364e-14,9.992524661328726e+21,1.0,-0.0007478134098891005,-686557502145782.9,0.0,-4.587000421273253e+17,0.0,-9.180866417567964e+17,0.0
1.0,pi,44,137.74770101462417,4.99066161809779e-14,9.992351180163404e+21,1.0,-0.0007651746551329375,-702460014083336.0,0.0,-4.586681646965729e+17,0.0,-9.180387894072292e+17,0.0
1.0,pi,45,137.75009416634114,4.96683187095009e-14,9.992177716034928e+21,1.0,-0.0007825344967767474,-718359580303968.5,0.0,-4.586362915040115e+17,0.0,-9.17990942588327e+17,0.0
1.0,pi,46,137.7524872072518,4.9431170031408284e-14,9.992004268978071e+21,1.0,-0.0007998929312615623,-734256198037746.9,0.0,-4.5860442255570714e+17,0.0,-9.179431013094522e+17,0.0
1.0,pi,47,137.75488013684807,4.919516460674407e-14,9.991830839027774e+21,1.0,-0.0008172499550125008,-750149864501450.1,0.0,-4.58572557857754e+17,0.0,-9.178952655800095e+17,0.0
1.0,pi,48,137.75727295461957,4.896029692227909e-14,9.991657426219136e+21,1.0,-0.000834605564437674,-766040576897575.0,0.0,-4.585406974162759e+17,0.0,-9.178474354094493e+17,0.0
1.0,pi,49,137.75966566005354,4.872656149137266e-14,9.991484030587417e+21,1.0,-0.0008519597559292769,-781928332415342.4,0.0,-4.585088412374246e+17,0.0,-9.177996108072645e+17,0.0
1.0,pi,50,137.76205825263492,4.8493952853848856e-14,9.991310652168045e+21,1.0,-0.0008693125258626876,-797813128229881.4,0.0,-4.5847698932738176e+17,0.0,-9.177517917829934e+17,0.0
1.0,pi,51,137.76445073184627,4.826246557586512e-14,9.991137290996601e+21,1.0,-0.0008866638705968512,-813694961502585.9,0.0,-4.5844514169235725e+17,0.0,-9.177039783462171e+17,0.0
1.0,pi,52,137.76684309716774,4.80320942497952e-14,9.990963947108844e+21,1.0,-0.0009040137864737642,-829573829380652.6,0.0,-4.584132983385914e+17,0.0,-9.176561705065635e+17,0.0
1.0,pi,53,137.76923534807716,4.780283349408794e-14,9.990790620540685e+21,1.0,-0.0009213622698189232,-845449728997497.9,0.0,-4.58381459272353e+17,0.0,-9.176083682737036e+17,0.0
1.0,pi,54,137.77162748405,4.757467795314878e-14,9.990617311328208e+21,1.0,-0.0009387093169412594,-861322657472705.8,0.0,-4.5834962449994035e+17,0.0,-9.175605716573533e+17,0.0
1.0,pi,55,137.77401950455922,4.7347622297218897e-14,9.990444019507658e+21,1.0,-0.0009560549241324298,-877192611911385.8,0.0,-4.5831779402768154e+17,0.0,-9.175127806672744e+17,0.0
1.0,pi,56,137.77641140907548,4.7121661222244195e-14,9.990270745115454e+21,1.0,-0.0009733990876671379,-893059589404476.0,0.0,-4.5828596786193485e+17,0.0,-9.174649953132741e+17,0.0
1.0,pi,57,137.77880319706696,4.6896789449752963e-14,9.990097488188174e+21,1.0,-0.0009907418038033887,-908923587028982.6,0.0,-4.5825414600908774e+17,0.0,-9.174172156052045e+17,0.0
1.0,pi,58,137.78119486799943,4.667300172673419e-14,9.989924248762572e+21,1.0,-0.0010080830687816521,-924784601847222.2,0.0,-4.5822232847555834e+17,0.0,-9.173694415529638e+17,0.0
1.0,pi,59,137.78358642133625,4.645029282550839e-14,9.989751026875562e+21,1.0,-0.0010254228788259539,-940642630907828.6,0.0,-4.5819051526779386e+17,0.0,-9.173216731664955e+17,0.0
1.0,pi,60,137.7859778565383,4.6228657543615085e-14,9.989577822564237e+21,1.0,-0.0010427612301424608,-956497671244464.6,0.0,-4.5815870639227264e+17,0.0,-9.172739104557897e+17,0.0
1.0,pi,61,137.78836917306396,4.600809070368741e-14,9.989404635865857e+21,1.0,-0.0010600981189200574,-972349719876359.8,0.0,-4.581269018555036e+17,0.0,-9.172261534308836e+17,0.0
1.0,pi,62,137.7907603703692,4.578858715332489e-14,9.989231466817847e+21,1.0,-0.0010774335413306015,-988198773808547.8,0.0,-4.58095101664025e+17,0.0,-9.171784021018586e+17,0.0
1.0,pi,63,137.79315144790755,4.5570141764979834e-14,9.989058315457812e+21,1.0,-0.0010947674935284086,-1004044830031408.9,0.0,-4.580633058244067e+17,0.0,-9.171306564788448e+17,0.0
1.0,pi,64,137.79554240512994,4.53527494358365e-14,9.988885181823525e+21,1.0,-0.001112099971650122,-1019887885520552.5,0.0,-4.580315143432488e+17,0.0,-9.17082916572018e+17,0.0
1.0,pi,65,137.79793324148486,4.513640508769075e-14,9.988712065952935e+21,1.0,-0.0011294309718147754,-1035727937236886.8,0.0,-4.579997272271825e+17,0.0,-9.17035182391602e+17,0.0
1.0,pi,66,137.80032395641828,4.492110366683036e-14,9.988538967884158e+21,1.0,-0.0011467604901239858,-1051564982126801.5,0.0,-4.5796794448286995e+17,0.0,-9.169874539478666e+17,0.0
1.0,pi,67,137.80271454937363,4.4706840143921e-14,9.988365887655496e+21,1.0,-0.001164088522661242,-1067399017121525.4,0.0,-4.5793616611700474e+17,0.0,-9.169397312511311e+17,0.0
1.0,pi,68,137.80510501979185,4.449360951388001e-14,9.988192825305419e+21,1.0,-0.0011814150654926127,-1083230039137781.4,0.0,-4.5790439213631104e+17,0.0,-9.168920143117599e+17,0.0
1.0,pi,69,137.8074953671113,4.4281406795768627e-14,9.988019780872573e+21,1.0,-0.0011987401146660377,-1099058045077146.4,0.0,-4.578726225475446e+17,0.0,-9.168443031401663e+17,0.0
1.0,pi,70,137.8098855907678,4.407022703266944e-14,9.987846754395782e+21,1.0,-0.0012160636662117113,-1114883031826411.9,0.0,-4.5784085735749286e+17,0.0,-9.167965977468122e+17,0.0
1.0,pi,71,137.8122756901946,4.38600652915746e-14,9.987673745914046e+21,1.0,-0.0012333857161415662,-1130704996257117.5,0.0,-4.5780909657297485e+17,0.0,-9.167488981422068e+17,0.0
1.0,pi,72,137.81466566482237,4.3650916663269454e-14,9.987500755466544e+21,1.0,-0.0012507062604494663,-1146523935225737.0,0.0,-4.577773402008414e+17,0.0,-9.167012043369085e+17,0.0
1.0,pi,73,137.8170555140792,4.3442776262214324e-14,9.98732778309264e+21,1.0,-0.001268025295111076,-1162339845573566.2,0.0,-4.577455882479751e+17,0.0,-9.166535163415237e+17,0.0
1.0,pi,74,137.81944523739054,4.3235639226434316e-14,9.98715482883187e+21,1.0,-0.0012853428160837944,-1178152724126672.5,0.0,-4.5771384072129094e+17,0.0,-9.166058341667085e+17,0.0
1.0,pi,75,137.82183483417933,4.302950071740219e-14,9.986981892723948e+21,1.0,-0.00130265881930701,-1193962567696134.0,0.0,-4.576820976277351e+17,0.0,-9.165581578231663e+17,0.0
1.0,pi,76,137.8242243038658,4.282435591992919e-14,9.986808974808778e+21,1.0,-0.0013199733007012012,-1209769373077226.2,0.0,-4.57650358974287e+17,0.0,-9.165104873216512e+17,0.0
1.0,pi,77,137.8266136458676,4.2620200042049045e-14,9.98663607512644e+21,1.0,-0.0013372862561687687,-1225573137050192.5,0.0,-4.576186247679578e+17,0.0,-9.164628226729659e+17,0.0
1.0,pi,78,137.8290028595997,4.2417028314909874e-14,9.986463193717201e+21,1.0,-0.0013545976815930707,-1241373856379369.5,0.0,-4.575868950157922e+17,0.0,-9.164151638879636e+17,0.0
1.0,pi,79,137.83139194447446,4.2214835992656795e-14,9.98629033062151e+21,1.0,-0.001371907572839257,-1257171527813958.0,0.0,-4.575551697248666e+17,0.0,-9.163675109775473e+17,0.0
1.0,pi,80,137.83378089990154,4.201361835232496e-14,9.986117485879995e+21,1.0,-0.0013892159257536884,-1272966148087499.8,0.0,-4.575234489022903e+17,0.0,-9.16319863952668e+17,0.0
1.0,pi,81,137.83616972528793,4.181337069373048e-14,9.985944659533475e+21,1.0,-0.001406522736163678,-1288757713917651.5,0.0,-4.57491732555206e+17,0.0,-9.162722228243296e+17,0.0
1.0,pi,82,137.83855842003797,4.161408833935485e-14,9.985771851622954e+21,1.0,-0.0014238279998780045,-1304546222006662.0,0.0,-4.574600206907892e+17,0.0,-9.16224587603585e+17,0.0
1.0,pi,83,137.84094698355324,4.1415766634244124e-14,9.985599062189621e+21,1.0,-0.0014411317126860111,-1320331669040555.8,0.0,-4.574283133162487e+17,0.0,-9.16176958301538e+17,0.0
1.0,pi,84,137.84333541523267,4.121840094588966e-14,9.985426291274851e+21,1.0,-0.0014584338703585665,-1336114051690022.0,0.0,-4.5739661043882675e+17,0.0,-9.161293349293435e+17,0.0
1.0,pi,85,137.84572371447246,4.102198666412833e-14,9.98525353892021e+21,1.0,-0.0014757344686471652,-1351893366609598.2,0.0,-4.5736491206579846e+17,0.0,-9.160817174982066e+17,0.0
1.0,pi,86,137.84811188066604,4.0826519201031366e-14,9.98508080516745e+21,1.0,-0.001493033503283988,-1367669610437738.5,0.0,-4.5733321820447366e+17,0.0,-9.16034106019385e+17,0.0
1.0,pi,87,137.85049991320417,4.063199399079393e-14,9.984908090058513e+21,1.0,-0.001510330969982354,-1383442779797228.8,0.0,-4.5730152886219424e+17,0.0,-9.159865005041857e+17,0.0
1.0,pi,88,137.85288781147477,4.043840648963894e-14,9.984735393635535e+21,1.0,-0.0015276268644356219,-1399212871294199.8,0.0,-4.572698440463381e+17,0.0,-9.159389009639704e+17,0.0
1.0,pi,89,137.85527557486304,4.02457521756983e-14,9.98456271594084e+21,1.0,-0.0015449211823181552,-1414979881519011.8,0.0,-4.57238163764316e+17,0.0,-9.15891307410151e+17,0.0
1.0,pi,90,137.85766320275144,4.0054026548910955e-14,9.984390057016942e+21,1.0,-0.0015622139192849355,-1430743807045909.2,0.0,-4.572064880235722e+17,0.0,-9.158437198541903e+17,0.0
1.0,pi,91,137.8600506945196,3.98632251309213e-14,9.98421741690655e+21,1.0,-0.0015795050709711087,-1446504644432621.5,0.0,-4.5717481683158637e+17,0.0,-9.157961383076054e+17,0.0
1.0,pi,92,137.86243804954432,3.967334346497576e-14,9.984044795652567e+21,1.0,-0.0015967946329920489,-1462262390220424.2,0.0,-4.571431501958724e+17,0.0,-9.157485627819652e+17,0.0
1.0,pi,93,137.86482526719965,3.9484377115810833e-14,9.98387219329809e+21,1.0,-0.0016140826009435499,-1478017040934325.5,0.0,-4.571114881239784e+17,0.0,-9.157009932888911e+17,0.0
1.0,pi,94,137.86721234685677,3.9296321669555324e-14,9.98369960988641e+21,1.0,-0.00163136897040163,-1493768593082896.8,0.0,-4.570798306234876e+17,0.0,-9.156534298400581e+17,0.0
1.0,pi,95,137.86959928788409,3.9109172733623894e-14,9.98352704546101e+21,1.0,-0.0016486537369223377,-1509517043158102.5,0.0,-4.570481777020176e+17,0.0,-9.156058724471932e+17,0.0
1.0,pi,96,137.87198608964712,3.8922925936615755e-14,9.983354500065578e+21,1.0,-0.0016659368960419434,-1525262387635486.2,0.0,-4.570165293672209e+17,0.0,-9.155583211220773e+17,0.0
1.0,pi,97,137.8743727515085,3.873757692821812e-14,9.983181973743997e+21,1.0,-0.001683218443276037,-1541004622973357.0,0.0,-4.569848856267864e+17,0.0,-9.155107758765462e+17,0.0
1.0,pi,98,137.87675927282808,3.8553121379090324e-14,9.983009466540339e+21,1.0,-0.001700498374120941,-1556743745614082.8,0.0,-4.5695324648843635e+17,0.0,-9.154632367224867e+17,0.0
1.0,pi,99,137.8791456529627,3.836955498078149e-14,9.98283697849889e+21,1.0,-0.0017177766840516515,-1572479751982227.8,0.0,-4.5692161195993043e+17,0.0,-9.154157036718431e+17,0.0
1.0,pi,100,137.88153189126646,3.818687344560917e-14,9.982664509664122e+21,1.0,-0.0017350533685240868,-1588212638486607.5,0.0,-4.568899820490619e+17,0.0,-9.153681767366104e+17,0.0
1.0,pi,101,137.88391798709046,3.8005072506575623e-14,9.982492060080715e+21,1.0,-0.0017523284229728996,-1603942401518304.0,0.0,-4.568583567636608e+17,0.0,-9.153206559288398e+17,0.0
1.0,pi,102,137.8863039397829,3.782414791726067e-14,9.98231962979355e+21,1.0,-0.0017696018428126322,-1619669037451731.2,0.0,-4.56826736111593e+17,0.0,-9.152731412606378e+17,0.0
1.0,pi,103,137.88868974868902,3.7644095451725697e-14,9.982147218847708e+21,1.0,-0.0017868736234368805,-1635392542643878.0,0.0,-4.567951201007607e+17,0.0,-9.152256327441651e+17,0.0
1.0,pi,104,137.89107541315119,3.746491090440971e-14,9.981974827288477e+21,1.0,-0.0018041437602189972,-1651112913434959.8,0.0,-4.567635087391011e+17,0.0,-9.151781303916371e+17,0.0
1.0,pi,105,137.89346093250882,3.728659009003227e-14,9.981802455161341e+21,1.0,-0.0018214122485117712,-1666830146148137.2,0.0,-4.5673190203458816e+17,0.0,-9.151306342153244e+17,0.0
1.0,pi,106,137.89584630609826,3.710912884350536e-14,9.981630102511997e+21,1.0,-0.0018386790836463945,-1682544237088581.2,0.0,-4.5670029999523296e+17,0.0,-9.150831442275546e+17,0.0
1.0,pi,107,137.89823153325304,3.693252301981809e-14,9.981457769386341e+21,1.0,-0.001855944260934199,-1698255182545067.8,0.0,-4.5666870262908186e+17,0.0,-9.150356604407087e+17,0.0
1.0,pi,108,137.90061661330355,3.675676849395795e-14,9.981285455830482e+21,1.0,-0.0018732077756645957,-1713962978788106.8,0.0,-4.5663710994421894e+17,0.0,-9.14988182867226e+17,0.0
1.0,pi,109,137.90300154557727,3.6581861160802846e-14,9.98111316189073e+21,1.0,-0.0018904696231064875,-1729667622071241.5,0.0,-4.5660552194876486e+17,0.0,-9.14940711519601e+17,0.0
1.0,pi,110,137.90538632939862,3.640779693502851e-14,9.980940887613606e+21,1.0,-0.0019077297985073682,-1745369108630235.0,0.0,-4.565739386508772e+17,0.0,-9.148932464103845e+17,0.0
1.0,pi,111,137.90777096408908,3.6234571751009975e-14,9.980768633045836e+21,1.0,-0.0019249882970939632,-1761067434683663.5,0.0,-4.5654236005875e+17,0.0,-9.148457875521836e+17,0.0
1.0,pi,112,137.91015544896695,3.606218156273802e-14,9.980596398234364e+21,1.0,-0.001942245114070813,-1776762596431636.8,0.0,-4.56510786180616e+17,0.0,-9.147983349576635e+17,0.0
1.0,pi,113,137.91253978334763,3.5890622343705126e-14,9.980424183226334e+21,1.0,-0.0019595002446221362,-1792454590057505.2,0.0,-4.564792170247438e+17,0.0,-9.147508886395451e+17,0.0
1.0,pi,114,137.91492396654334,3.571989008683099e-14,9.980251988069106e+21,1.0,-0.001976753683909706,-1808143411725931.5,0.0,-4.564476525994409e+17,0.0,-9.147034486106077e+17,0.0
1.0,pi,115,137.91730799786328,3.55499808043577e-14,9.98007981281026e+21,1.0,-0.0019940054270740065,-1823829057583958.0,0.0,-4.564160929130522e+17,0.0,-9.146560148836884e+17,0.0
1.0,pi,116,137.9196918766136,3.538089052775358e-14,9.979907657497571e+21,1.0,-0.0020112554692344213,-1839511523761184.8,0.0,-4.563845379739593e+17,0.0,-9.146085874716797e+17,0.0
1.0,pi,117,137.92207560209727,3.5212615307633714e-14,9.979735522179046e+21,1.0,-0.0020285038054878215,-1855190806368497.8,0.0,-4.563529877905838e+17,0.0,-9.145611663875361e+17,0.0
1.0,pi,118,137.9244591736142,3.504515121365459e-14,9.979563406902893e+21,1.0,-0.002045750430909587,-1870866901499000.2,0.0,-4.563214423713835e+17,0.0,-9.14513751644266e+17,0.0
1.0,pi,119,137.92684259046118,3.4878494334427356e-14,9.979391311717545e+21,1.0,-0.002062995340553353,-1886539805227803.0,0.0,-4.5628990172485574e+17,0.0,-9.144663432549393e+17,0.0
1.0,pi,120,137.92922585193182,3.4712640777429474e-14,9.979219236671646e+21,1.0,-0.0020802385294502977,-1902209513611376.5,0.0,-4.562583658595362e+17,0.0,-9.144189412326838e+17,0.0
1.0,pi,121,137.93160895731663,3.4547586668906894e-14,9.979047181814059e+21,1.0,-0.0020974799926098474,-1917876022688206.0,0.0,-4.562268347839988e+17,0.0,-9.143715455906857e+17,0.0
1.0,pi,122,137.93399190590293,3.438332815378846e-14,9.978875147193864e+21,1.0,-0.0021147197250191633,-1933539328478336.5,0.0,-4.5619530850685626e+17,0.0,-9.143241563421908e+17,0.0
1.0,pi,123,137.93637469697487,3.4219861395595e-14,9.978703132860363e+21,1.0,-0.0021319577216430074,-1949199426983255.8,0.0,-4.561637870367607e+17,0.0,-9.142767735005046e+17,0.0
1.0,pi,124,137.93875732981343,3.4057182576346723e-14,9.978531138863073e+21,1.0,-0.0021491939774241292,-1964856314186260.5,0.0,-4.561322703824024e+17,0.0,-9.142293970789911e+17,0.0
1.0,pi,125,137.9411398036964,3.3895287896477016e-14,9.978359165251731e+21,1.0,-0.002166428487282619,-1980509986051875.2,0.0,-4.561007585525115e+17,0.0,-9.141820270910748e+17,0.0
1.0,pi,126,137.94352211789825,3.3734173574746585e-14,9.978187212076303e+21,1.0,-0.002183661246115779,-1996160438525748.2,0.0,-4.560692515558577e+17,0.0,-9.141346635502412e+17,0.0
1.0,pi,127,137.94590427169038,3.357383584814643e-14,9.978015279386972e+21,1.0,-0.0022008922487985706,-2011807667535062.8,0.0,-4.560377494012498e+17,0.0,-9.140873064700347e+17,0.0
1.0,pi,128,137.94828626434088,3.341427097181482e-14,9.977843367234144e+21,1.0,-0.0022181214901833553,-2027451668988318.5,0.0,-4.560062520975361e+17,0.0,-9.140399558640607e+17,0.0
1.0,pi,129,137.95066809511454,3.32554752189546e-14,9.977671475668453e+21,1.0,-0.0022353489650993132,-2043092438774809.2,0.0,-4.559747596536058e+17,0.0,-9.139926117459864e+17,0.0
1.0,pi,130,137.953049763273,3.309744488073371e-14,9.977499604740752e+21,1.0,-0.002252574668353216,-2058729972765333.8,0.0,-4.559432720783864e+17,0.0,-9.139452741295382e+17,0.0
1.0,pi,131,137.95543126807448,3.294017626621282e-14,9.977327754502124e+21,1.0,-0.002269798594728327,-2074364266811210.2,0.0,-4.5591178938084717e+17,0.0,-9.138979430285055e+17,0.0
1.0,pi,132,137.95781260877405,3.2783665702246865e-14,9.97715592500388e+21,1.0,-0.0022870207389852405,-2089995316745047.5,0.0,-4.5588031156999635e+17,0.0,-9.138506184567378e+17,0.0
1.0,pi,133,137.96019378462339,3.2627909533407625e-14,9.97698411629755e+21,1.0,-0.002304241095861233,-2105623118380164.2,0.0,-4.558488386548833e+17,0.0,-9.138033004281468e+17,0.0
1.0,pi,134,137.9625747948709,3.247290412189188e-14,9.976812328434904e+21,1.0,-0.0023214596600704546,-2121247667510779.0,0.0,-4.558173706445981e+17,0.0,-9.13755988956707e+17,0.0
1.0,pi,135,137.9649556387616,3.231864584744471e-14,9.976640561467938e+21,1.0,-0.002338676426303157,-2136868959911309.5,0.0,-4.557859075482716e+17,0.0,-9.137086840564545e+17,0.0
1.0,pi,136,137.9673363155373,3.216513110726115e-14,9.97646881544887e+21,1.0,-0.0023558913892272985,-2152486991337849.2,0.0,-4.5575444937507437e+17,0.0,-9.136613857414866e+17,0.0
1.0,pi,137,137.96971682443626,3.201235631591942e-14,9.97629709043016e+21,1.0,-0.0023731045434860335,-2168101757525895.2,0.0,-4.557229961342199e+17,0.0,-9.136140940259657e+17,0.0
1.0,pi,138,137.9720971646935,3.186031790528344e-14,9.976125386464497e+21,1.0,-0.0023903158836996404,-2183713254192108.8,0.0,-4.556915478349619e+17,0.0,-9.13566808924116e+17,0.0
1.0,pi,139,137.97447733554068,3.170901232442227e-14,9.975953703604798e+21,1.0,-0.002407525404464683,-2199321477033562.0,0.0,-4.556601044865951e+17,0.0,-9.135195304502237e+17,0.0
1.0,pi,140,137.97685733620597,3.155843603953343e-14,9.97578204190422e+21,1.0,-0.0024247331003536235,-2214926421727402.5,0.0,-4.5562866609845645e+17,0.0,-9.134722586186404e+17,0.0
1.0,pi,141,137.97923716591416,3.1408585533854005e-14,9.975610401416152e+21,1.0,-0.002441938965915013,-2230528083931033.8,0.0,-4.5559723267992486e+17,0.0,-9.134249934437807e+17,0.0
1.0,pi,142,137.98161682388667,3.125945730757764e-14,9.975438782194218e+21,1.0,-0.002459142995673876,-2246126459282471.8,0.0,-4.555658042404199e+17,0.0,-9.133777349401222e+17,0.0
1.0,pi,143,137.98399630934142,3.111104787777901e-14,9.975267184292284e+21,1.0,-0.002476345184130548,-2261721543399308.0,0.0,-4.555343807894046e+17,0.0,-9.133304831222085e+17,0.0
1.0,pi,144,137.98637562149293,3.096335377832617e-14,9.975095607764445e+21,1.0,-0.002493545525761643,-2277313331879590.0,0.0,-4.5550296233638304e+17,0.0,-9.132832380046456e+17,0.0
1.0,pi,145,137.98875475955225,3.081637155980052e-14,9.974924052665037e+21,1.0,-0.0025107440150195976,-2292901820301423.5,0.0,-4.5547154889090157e+17,0.0,-9.132359996021046e+17,0.0
1.0,pi,146,137.9911337227269,3.067009778942406e-14,9.97475251904864e+21,1.0,-0.0025279406463317045,-2308487004222106.0,0.0,-4.5544014046255046e+17,0.0,-9.13188767929323e+17,0.0
1.0,pi,147,137.99351251022097,3.052452905096431e-14,9.974581006970072e+21,1.0,-0.002545135414101785,-2324068879179652.5,0.0,-4.5540873706096115e+17,0.0,-9.13141543001102e+17,0.0
1.0,pi,148,137.99589112123505,3.0379661944667576e-14,9.974409516484387e+21,1.0,-0.002562328312708576,-2339647440691344.0,0.0,-4.5537733869580826e+17,0.0,-9.130943248323078e+17,0.0
1.0,pi,149,137.99826955496616,3.023549308717515e-14,9.974238047646888e+21,1.0,-0.002579519336506181,-2355222684254149.5,0.0,-4.5534594537681005e+17,0.0,-9.130471134378742e+17,0.0
1.0,pi,150,138.00064781060783,3.0092019111441614e-14,9.97406660051312e+21,1.0,-0.0025967084798240664,-2370794605344728.5,0.0,-4.553145571137271e+17,0.0,-9.12999908832799e+17,0.0
1.0,pi,151,138.00302588735002,2.99492366666605e-14,9.97389517513887e+21,1.0,-0.0026138957369666728,-2386363199419096.0,0.0,-4.55283173916364e+17,0.0,-9.129527110321471e+17,0.0
1.0,pi,152,138.00540378437918,2.9807142418179986e-14,9.973723771580166e+21,1.0,-0.0026310811022140592,-2401928461913213.0,0.0,-4.5525179579456794e+17,0.0,-9.129055200510491e+17,0.0
1.0,pi,153,138.00778150087817,2.9665733047430937e-14,9.973552389893288e+21,1.0,-0.0026482645698208043,-2417490388242002.5,0.0,-4.5522042275823034e+17,0.0,-9.128583359047026e+17,0.0
1.0,pi,154,138.0101590360262,2.952500525184848e-14,9.973381030134763e+21,1.0,-0.002665446134016327,-2433048973799651.0,0.0,-4.5518905481728646e+17,0.0,-9.128111586083727e+17,0.0
1.0,pi,155,138.01253638899897,2.938495574479224e-14,9.973209692361361e+21,1.0,-0.002682625789004949,-2448604213959676.0,0.0,-4.551576919817154e+17,0.0,-9.127639881773905e+17,0.0
1.0,pi,156,138.01491355896852,2.9245581255468757e-14,9.973038376630102e+21,1.0,-0.0026998035289658292,-2464156104074878.5,0.0,-4.5512633426154003e+17,0.0,-9.12716824627155e+17,0.0
1.0,pi,157,138.01729054510326,2.9106878528859207e-14,9.97286708299826e+21,1.0,-0.0027169793480525096,-2479704639476943.0,0.0,-4.5509498166682797e+17,0.0,-9.126696679731328e+17,0.0
1.0,pi,158,138.01966734656799,2.896884432564077e-14,9.972695811523353e+21,1.0,-0.0027341532403929772,-2495249815476503.0,0.0,-4.5506363420769146e+17,0.0,-9.126225182308594e+17,0.0
1.0,pi,159,138.0220439625238,2.883147542211013e-14,9.972524562263155e+21,1.0,-0.0027513252000899227,-2510791627363388.5,0.0,-4.550322918942868e+17,0.0,-9.125753754159369e+17,0.0
1.0,pi,160,138.0244203921282,2.869476861010896e-14,9.97235333527569e+21,1.0,-0.0027684952212201548,-2526330070406104.5,0.0,-4.55000954736815e+17,0.0,-9.125282395440361e+17,0.0
1.0,pi,161,138.02679663453492,2.8558720696951337e-14,9.972182130619234e+21,1.0,-0.002785663297834537,-2541865139851787.5,0.0,-4.54969622745523e+17,0.0,-9.124811106308978e+17,0.0
1.0,pi,162,138.02917268889408,2.842332850534182e-14,9.972010948352323e+21,1.0,-0.0028028294239584987,-2557396830926676.0,0.0,-4.549382959307012e+17,0.0,-9.12433988692329e+17,0.0
1.0,pi,163,138.03154855435199,2.8288588873313356e-14,9.97183978853374e+21,1.0,-0.0028199935935908113,-2572925138835018.5,0.0,-4.5490697430268717e+17,0.0,-9.123868737442093e+17,0.0
1.0,pi,164,138.03392423005133,2.815449865413956e-14,9.971668651222533e+21,1.0,-0.002837155800704872,-2588450058760245.5,0.0,-4.548756578718625e+17,0.0,-9.123397658024852e+17,0.0
1.0,pi,165,138.03629971513098,2.8021054716271676e-14,9.971497536478001e+21,1.0,-0.002854316039247287,-2603971585863693.5,0.0,-4.5484434664865517e+17,0.0,-9.122926648831739e+17,0.0
1.0,pi,166,138.0386750087261,2.788825394325974e-14,9.971326444359702e+21,1.0,-0.0028714743031388345,-2619489715285497.5,0.0,-4.5481304064353856e+17,0.0,-9.122455710023626e+17,0.0
1.0,pi,167,138.04105010996807,2.7756093233682123e-14,9.971155374927457e+21,1.0,-0.0028886305862736257,-2635004442143832.5,0.0,-4.54781739867032e+17,0.0,-9.12198484176208e+17,0.0
1.0,pi,168,138.04342501798445,2.762456950107379e-14,9.97098432824134e+21,1.0,-0.0029057848825192307,-2650515761535048.0,0.0,-4.547504443297017e+17,0.0,-9.121514044209384e+17,0.0
1.0,pi,169,138.04579973189908,2.7493679673848612e-14,9.970813304361693e+21,1.0,-0.002922937185717063,-2666023668534021.0,0.0,-4.547191540421586e+17,0.0,-9.121043317528512e+17,0.0
1.0,pi,170,138.04817425083195,2.736342069523471e-14,9.970642303349114e+21,1.0,-0.0029400874896815424,-2681528158193417.0,0.0,-4.546878690150614e+17,0.0,-9.120572661883162e+17,0.0
1.0,pi,171,138.05054857389916,2.7233789523202072e-14,9.970471325264471e+21,1.0,-0.0029572357882000247,-2697029225543630.5,0.0,-4.5465658925911565e+17,0.0,-9.120102077437748e+17,0.0
1.0,pi,172,138.05292270021312,2.7104783130382943e-14,9.970300370168886e+21,1.0,-0.0029743820750337685,-2712526865593675.5,0.0,-4.546253147850721e+17,0.0,-9.11963156435738e+17,0.0
1.0,pi,173,138.05529662888225,2.6976398504012677e-14,9.970129438123756e+21,1.0,-0.002991526343916451,-2728021073329855.0,0.0,-4.5459404560373e+17,0.0,-9.119161122807899e+17,0.0
1.0,pi,174,138.05767035901113,2.6848632645853828e-14,9.96995852919074e+21,1.0,-0.003008668588554616,-2743511843716177.0,0.0,-4.545627817259355e+17,0.0,-9.118690752955872e+17,0.0
1.0,pi,175,138.0600438897005,2.6721482572123786e-14,9.96978764343176e+21,1.0,-0.0030258088026279308,-2758999171694597.0,0.0,-4.5453152316258144e+17,0.0,-9.118220454968575e+17,0.0
1.0,pi,176,138.06241722004717,2.659494531342881e-14,9.969616780909011e+21,1.0,-0.0030429469797887965,-2774483052184680.5,0.0,-4.5450026992460845e+17,0.0,-9.117750229014016e+17,0.0
1.0,pi,177,138.06479034914403,2.646901791469385e-14,9.969445941684956e+21,1.0,-0.0030600831136618945,-2789963480083203.0,0.0,-4.5446902202300506e+17,0.0,-9.117280075260933e+17,0.0
1.0,pi,178,138.06716327608007,2.6343697435092646e-14,9.969275125822327e+21,1.0,-0.003077217197844701,-2805440450264628.5,0.0,-4.544377794688077e+17,0.0,-9.116809993878801e+17,0.0
1.0,pi,179,138.06953599994034,2.6218980947976767e-14,9.96910433338412e+21,1.0,-0.0030943492259072904,-2820913957580940.5,0.0,-4.544065422730997e+17,0.0,-9.116339985037802e+17,0.0
1.0,pi,180,138.0719085198059,2.609486554081387e-14,9.968933564433618e+21,1.0,-0.003111479191391626,-2836383996861017.0,0.0,-4.543753104470139e+17,0.0,-9.115870048908888e+17,0.0
1.0,pi,181,138.07428083475386,2.5971348315112876e-14,9.968762819034363e+21,1.0,-0.0031286070878120725,-2851850562911103.5,0.0,-4.543440840017311e+17,0.0,-9.115400185663732e+17,0.0
1.0,pi,182,138.0766529438573,2.584842638636136e-14,9.96859209725018e+21,1.0,-0.003145732908654876,-2867313650514355.0,0.0,-4.543128629484808e+17,0.0,-9.114930395474758e+17,0.0
1.0,pi,183,138.07902484618543,2.5726096883950016e-14,9.968421399145157e+21,1.0,-0.0031628566473790687,-2882773254431665.5,0.0,-4.542816472985397e+17,0.0,-9.11446067851511e+17,0.0
1.0,pi,184,138.08139654080327,2.5604356951118e-14,9.968250724783674e+21,1.0,-0.0031799782974145296,-2898229369399931.5,0.0,-4.5425043706323603e+17,0.0,-9.11399103495872e+17,0.0
1.0,pi,185,138.0837680267719,2.5483203744875116e-14,9.968080074230372e+21,1.0,-0.0031970978521635948,-2913681990133511.0,0.0,-4.5421923225394477e+17,0.0,-9.11352146498023e+17,0.0
1.0,pi,186,138.0861393031484,2.5362634435938992e-14,9.967909447550179e+21,1.0,-0.0032142153050003473,-2929131111323604.5,0.0,-4.5418803288209094e+17,0.0,-9.113051968755054e+17,0.0
1.0,pi,187,138.08851036898568,2.5242646208672536e-14,9.967738844808303e+21,1.0,-0.003231330649269968,-2944576727637672.5,0.0,-4.541568389591496e+17,0.0,-9.112582546459368e+17,0.0
1.0,pi,188,138.09088122333264,2.512323626101299e-14,9.967568266070225e+21,1.0,-0.003248443878289574,-2960018833720210.0,0.0,-4.5412565049664435e+17,0.0,-9.112113198270089e+17,0.0
1.0,pi,189,138.0932518652341,2.5004401804408584e-14,9.96739771140171e+21,1.0,-0.00326555498534757,-2975457424192170.5,0.0,-4.5409446750614906e+17,0.0,-9.111643924364904e+17,0.0
1.0,pi,190,138.09562229373074,2.488614006375258e-14,9.967227180868805e+21,1.0,-0.0032826639637036467,-2990892493650978.0,0.0,-4.5406328999928736e+17,0.0,-9.111174724922257e+17,0.0
1.0,pi,191,138.09799250785912,2.476844827732192e-14,9.967056674537842e+21,1.0,-0.003299770806588393,-3006324036670187.0,0.0,-4.5403211798773325e+17,0.0,-9.110705600121367e+17,0.0
1.0,pi,192,138.1003625066517,2.4651323696706246e-14,9.966886192475433e+21,1.0,-0.0033168755072039997,-3021752047800137.5,0.0,-4.540009514832107e+17,0.0,-9.110236550142214e+17,0.0
1.0,pi,193,138.10273228913675,2.4534763586748567e-14,9.966715734748473e+21,1.0,-0.0033339780587233582,-3037176521567144.0,0.0,-4.53969790497494e+17,0.0,-9.109767575165551e+17,0.0
1.0,pi,194,138.10510185433841,2.4418765225480554e-14,9.966545301424149e+21,1.0,-0.003351078454290186,-3052597452473627.5,0.0,-4.5393863504240845e+17,0.0,-9.109298675372905e+17,0.0
1.0,pi,195,138.1074712012766,2.4303325904058168e-14,9.966374892569933e+21,1.0,-0.003368176687018896,-3068014834998009.5,0.0,-4.539074851298303e+17,0.0,-9.108829850946586e+17,0.0
1.0,pi,196,138.10984032896707,2.4188442926698983e-14,9.966204508253582e+21,1.0,-0.0033852727499947195,-3083428663594835.5,0.0,-4.538763407716865e+17,0.0,-9.108361102069678e+17,0.0
1.0,pi,197,138.11220923642134,2.4074113610617054e-14,9.96603414854315e+21,1.0,-0.0034023666362733886,-3098838932694498.5,0.0,-4.538452019799552e+17,0.0,-9.10789242892605e+17,0.0
1.0,pi,198,138.11457792264673,2.3960335285962238e-14,9.965863813506962e+21,1.0,-0.0034194583388813212,-3114245636703421.5,0.0,-4.538140687666655e+17,0.0,-9.107423831700343e+17,0.0
1.0,pi,199,138.11694638664628,2.384710529575976e-14,9.96569350321366e+21,1.0,-0.0034365478508146543,-3129648770003197.5,0.0,-4.5378294114389914e+17,0.0,-9.106955310578015e+17,0.0
1.0,pi,200,138.11931462741882,2.373442099584193e-14,9.965523217732155e+21,1.0,-0.003453635165040596,-3145048326951822.5,0.0,-4.5375181912378816e+17,0.0,-9.106486865745283e+17,0.0
1.0,pi,201,138.12168264395888,2.3622279754792405e-14,9.965352957131666e+21,1.0,-0.003470720274495874,-3160444301882304.5,0.0,-4.537207027185173e+17,0.0,-9.10601849738917e+17,0.0
1.0,pi,202,138.12405043525666,2.351067895388392e-14,9.965182721481702e+21,1.0,-0.003487803172087251,-3175836689103151.0,0.0,-4.536895919403241e+17,0.0,-9.105550205697513e+17,0.0
1.0,pi,203,138.12641800029814,2.3399615987012314e-14,9.96501251085206e+21,1.0,-0.0035048838506917803,-3191225482898599.0,0.0,-4.5365848680149664e+17,0.0,-9.105081990858918e+17,0.0
1.0,pi,204,138.12878533806494,2.328908826064027e-14,9.964842325312845e+21,1.0,-0.003521962303156157,-3206610677528054.0,0.0,-4.536273873143764e+17,0.0,-9.104613853062808e+17,0.0
1.0,pi,205,138.13115244753433,2.317909319373594e-14,9.96467216493445e+21,1.0,-0.003539038522296652,-3221992267226041.0,0.0,-4.535962934913577e+17,0.0,-9.104145792499414e+17,0.0
1.0,pi,206,138.13351932767927,2.3069628217710603e-14,9.964502029787569e+21,1.0,-0.0035561125008994328,-3237370246202503.0,0.0,-4.5356520534488704e+17,0.0,-9.103677809359767e+17,0.0
1.0,pi,207,138.1358859774683,2.29606907763618e-14,9.964331919943194e+21,1.0,-0.0035731842317197875,-3252744608642115.5,0.0,-4.535341228874643e+17,0.0,-9.103209903835707e+17,0.0
1.0,pi,208,138.1382523958656,2.2852278325810303e-14,9.964161835472624e+21,1.0,-0.0035902537074826374,-3268115348704766.5,0.0,-4.5350304613164256e+17,0.0,-9.102742076119898e+17,0.0
1.0,pi,209,138.140618581831,2.274438833444251e-14,9.963991776447452e+21,1.0,-0.0036073209208822127,-3283482460525271.5,0.0,-4.5347197509002765e+17,0.0,-9.102274326405806e+17,0.0
1.0,pi,210,138.14298453431985,2.2637018282851886e-14,9.963821742939575e+21,1.0,-0.003624385864581598,-3298845938212980.5,0.0,-4.5344090977527994e+17,0.0,-9.101806654887729e+17,0.0
1.0,pi,211,138.14535025228312,2.2530165663776746e-14,9.963651735021194e+21,1.0,-0.0036414485312135057,-3314205775852486.5,0.0,-4.534098502001123e+17,0.0,-9.10133906176077e+17,0.0
1.0,pi,212,138.14771573466732,2.2423827982046125e-14,9.963481752764817e+21,1.0,-0.003658508913379046,-3329561967502532.5,0.0,-4.5337879637729254e+17,0.0,-9.100871547220876e+17,0.0
1.0,pi,213,138.15008098041446,2.231800275451945e-14,9.963311796243252e+21,1.0,-0.003675567003648436,-3344914507196661.0,0.0,-4.5334774831964205e+17,0.0,-9.100404111464806e+17,0.0
1.0,pi,214,138.15244598846215,2.2212687510026498e-14,9.963141865529617e+21,1.0,-0.003692622794560609,-3360263388942876.0,0.0,-4.533167060400363e+17,0.0,-9.099936754690154e+17,0.0
1.0,pi,215,138.15481075774346,2.2107879789312793e-14,9.962971960697338e+21,1.0,-0.003709676278623214,-3375608606723659.5,0.0,-4.532856695514056e+17,0.0,-9.099469477095348e+17,0.0
1.0,pi,216,138.15717528718696,2.2003577144981373e-14,9.962802081820152e+21,1.0,-0.0037267274483120945,-3390950154495510.0,0.0,-4.5325463886673485e+17,0.0,-9.099002278879653e+17,0.0
1.0,pi,217,138.1595395757167,2.1899777141433653e-14,9.9626322289721e+21,1.0,-0.0037437762960719962,-3406288026189598.5,0.0,-4.5322361399906355e+17,0.0,-9.098535160243167e+17,0.0
1.0,pi,218,138.16190362225223,2.179647735481431e-14,9.962462402227535e+21,1.0,-0.0037608228143156653,-3421622215710963.5,0.0,-4.5319259496148576e+17,0.0,-9.098068121386825e+17,0.0
1.0,pi,219,138.16426742570846,2.1693675372955177e-14,9.962292601661126e+21,1.0,-0.003777866995424035,-3436952716938701.0,0.0,-4.531615817671518e+17,0.0,-9.097601162512422e+17,0.0
1.0,pi,220,138.16663098499583,2.159136879531569e-14,9.96212282734785e+21,1.0,-0.0037949088317463537,-3452279523726087.5,0.0,-4.5313057442926637e+17,0.0,-9.097134283822588e+17,0.0
1.0,pi,221,138.1689942990201,2.1489555232932254e-14,9.961953079363002e+21,1.0,-0.0038119483155995395,-3467602629900012.5,0.0,-4.530995729610902e+17,0.0,-9.096667485520804e+17,0.0
1.0,pi,222,138.1713573666825,2.1388232308356802e-14,9.961783357782194e+21,1.0,-0.003828985439268496,-3482922029261281.5,0.0,-4.5306857737594e+17,0.0,-9.096200767811412e+17,0.0
1.0,pi,223,138.17372018687962,2.1287397655604222e-14,9.961613662681345e+21,1.0,-0.003846020195005923,-3498237715584451.0,0.0,-4.530375876871878e+17,0.0,-9.0957341308996e+17,0.0
1.0,pi,224,138.17608275850338,2.118704892009636e-14,9.961443994136702e+21,1.0,-0.003863052575032241,-3513549682617784.5,0.0,-4.53006603908262e+17,0.0,-9.095267574991418e+17,0.0
1.0,pi,225,138.17844508044112,2.108718375860634e-14,9.96127435222482e+21,1.0,-0.0038800825715354027,-3528857924083086.5,0.0,-4.5297562605264704e+17,0.0,-9.094801100293772e+17,0.0
1.0,pi,226,138.18080715157546,2.0987799839205493e-14,9.96110473702258e+21,1.0,-0.0038971101766706283,-3544162433675486.5,0.0,-4.5294465413388416e+17,0.0,-9.094334707014438e+17,0.0
1.0,pi,227,138.18316897078435,2.0888894841208188e-14,9.960935148607186e+21,1.0,-0.003914135382560534,-3559463205063565.5,0.0,-4.529136881655716e+17,0.0,-9.093868395362067e+17,0.0
1.0,pi,228,138.18553053694106,2.079046645511572e-14,9.960765587056153e+21,1.0,-0.003931158181295065,-3574760231889305.0,0.0,-4.5288272816136346e+17,0.0,-9.093402165546162e+17,0.0
1.0,pi,229,138.18789184891412,2.0692512382565243e-14,9.960596052447328e+21,1.0,-0.0039481785649310396,-3590053507767699.0,0.0,-4.5285177413497165e+17,0.0,-9.09293601777711e+17,0.0
1.0,pi,230,138.19025290556735,2.0595030336274176e-14,9.960426544858881e+21,1.0,-0.0039651965254924055,-3605343026286993.5,0.0,-4.5282082610016525e+17,0.0,-9.092469952266175e+17,0.0
1.0,pi,231,138.1926137057598,2.049801803998726e-14,9.960257064369301e+21,1.0,-0.003982212054970047,-3620628781008527.5,0.0,-4.5278988407077037e+17,0.0,-9.092003969225492e+17,0.0
1.0,pi,232,138.19497424834583,2.0401473228422715e-14,9.960087611057407e+21,1.0,-0.003999225145321519,-3635910765466507.0,0.0,-4.527589480606707e+17,0.0,-9.09153806886808e+17,0.0
1.0,pi,233,138.19733453217495,2.0305393647219797e-14,9.959918185002343e+21,1.0,-0.004016235788471306,-3651188973168260.0,0.0,-4.5272801808380806e+17,0.0,-9.091072251407844e+17,0.0
1.0,pi,234,138.19969455609183,2.0209777052890046e-14,9.959748786283585e+21,1.0,-0.004033243976309596,-3666463397593133.0,0.0,-4.5269709415418266e+17,0.0,-9.090606517059585e+17,0.0
1.0,pi,235,138.20205431893646,2.0114621212754975e-14,9.959579414980932e+21,1.0,-0.004050249700694142,-3681734032194196.0,0.0,-4.5266617628585184e+17,0.0,-9.090140866038979e+17,0.0
1.0,pi,236,138.20441381954393,2.0019923904903633e-14,9.959410071174516e+21,1.0,-0.004067252953448329,-3697000870396504.5,0.0,-4.526352644929315e+17,0.0,-9.089675298562596e+17,0.0
1.0,pi,237,138.20677305674445,1.9925682918137652e-14,9.9592407549448e+21,1.0,-0.004084253726361689,-3712263905597583.5,0.0,-4.52604358789597e+17,0.0,-9.089209814847916e+17,0.0
1.0,pi,238,138.20913202936347,1.9831896051915544e-14,9.959071466372582e+21,1.0,-0.004101252011190409,-3727523131167903.0,0.0,-4.5257345919008115e+17,0.0,-9.088744415113302e+17,0.0
1.0,pi,239,138.21149073622146,1.9738561116308566e-14,9.95890220553899e+21,1.0,-0.0041182477996559805,-3742778540449668.0,0.0,-4.5254256570867686e+17,0.0,-9.088279099578035e+17,0.0
1.0,pi,240,138.2138491761341,1.9645675931942098e-14,9.958732972525487e+21,1.0,-0.00413524108344648,-3758030126757993.0,0.0,-4.525116783597353e+17,0.0,-9.087813868462285e+17,0.0
1.0,pi,241,138.21620734791202,1.9553238329951922e-14,9.958563767413872e+21,1.0,-0.00415223185421496,-3773277883379462.5,0.0,-4.5248079715766746e+17,0.0,-9.087348721987142e+17,0.0
1.0,pi,242,138.2185652503611,1.9461246151925096e-14,9.95839459028628e+21,1.0,-0.00416922010358099,-3788521803573536.5,0.0,-4.524499221169429e+17,0.0,-9.086883660374595e+17,0.0
1.0,pi,243,138.22092288228217,1.936969724985887e-14,9.958225441225185e+21,1.0,-0.004186205823128915,-3803761880571000.5,0.0,-4.524190532520922e+17,0.0,-9.086418683847555e+17,0.0
1.0,pi,244,138.2232802424711,1.9278589486103198e-14,9.958056320313399e+21,1.0,-0.004203189004408948,-3818998107574955.0,0.0,-4.523881905777049e+17,0.0,-9.085953792629847e+17,0.0
1.0,pi,245,138.22563732971886,1.9187920733313457e-14,9.957887227634072e+21,1.0,-0.004220169638936653,-3834230477760373.5,0.0,-4.5235733410843046e+17,0.0,-9.085488986946213e+17,0.0
1.0,pi,246,138.22799414281135,1.90976888744023e-14,9.9577181632707e+21,1.0,-0.0042371477181924865,-3849458984273700.0,0.0,-4.5232648385897926e+17,0.0,-9.085024267022322e+17,0.0
1.0,pi,247,138.23035068052948,1.900789180248842e-14,9.957549127307117e+21,1.0,-0.004254123233621998,-3864683620233043.0,0.0,-4.522956398441217e+17,0.0,-9.084559633084764e+17,0.0
1.0,pi,248,138.23270694164918,1.8918527420845627e-14,9.957380119827501e+21,1.0,-0.004271096176636072,-3879904378728418.0,0.0,-4.5226480207868896e+17,0.0,-9.084095085361064e+17,0.0
1.0,pi,249,138.23506292494133,1.8829593642856485e-14,9.957211140916372e+21,1.0,-0.004288066538610356,-3895121252821231.5,0.0,-4.5223397057757254e+17,0.0,-9.083630624079663e+17,0.0
1.0,pi,250,138.2374186291717,1.874108839196397e-14,9.9570421906586e+21,1.0,-0.004305034310885058,-3910334235544128.5,0.0,-4.5220314535572544e+17,0.0,-9.08316624946995e+17,0.0
1.0,pi,251,138.23977405310106,1.8653009601621247e-14,9.956873269139403e+21,1.0,-0.004321999484764947,-3925543319901003.5,0.0,-4.521723264281621e+17,0.0,-9.082701961762253e+17,0.0
1.0,pi,252,138.24212919548503,1.8565355215242768e-14,9.956704376444336e+21,1.0,-0.004338962051519671,-3940748498867294.0,0.0,-4.521415138099575e+17,0.0,-9.082237761187822e+17,0.0
1.0,pi,253,138.2444840550742,1.847812318615773e-14,9.956535512659313e+21,1.0,-0.00435592200238324,-3955949765389545.5,0.0,-4.5211070751624864e+17,0.0,-9.081773647978868e+17,0.0
1.0,pi,254,138.24683863061392,1.8391311477563718e-14,9.956366677870597e+21,1.0,-0.004372879328553569,-3971147112385004.5,0.0,-4.520799075622349e+17,0.0,-9.081309622368548e+17,0.0
1.0,pi,255,138.24919292084456,1.8304918062473252e-14,9.956197872164793e+21,1.0,-0.004389834021193383,-3986340532742443.0,0.0,-4.520491139631758e+17,0.0,-9.08084568459094e+17,0.0
1.0,pi,256,138.25154692450118,1.821894092367524e-14,9.956029095628868e+21,1.0,-0.004406786071428725,-4001530019320849.5,0.0,-4.520183267343952e+17,0.0,-9.080381834881112e+17,0.0
1.0,pi,257,138.2539006403138,1.8133378053678862e-14,9.955860348350138e+21,1.0,-0.004423735470350375,-4016715564950709.5,0.0,-4.51987545891278e+17,0.0,-9.079918073475067e+17,0.0
1.0,pi,258,138.25625406700712,1.8048227454673346e-14,9.955691630416273e+21,1.0,-0.004440682209012366,-4031897162432679.0,0.0,-4.519567714492716e+17,0.0,-9.079454400609759e+17,0.0
1.0,pi,259,138.25860720330076,1.796348713847756e-14,9.955522941915297e+21,1.0,-0.004457626278432687,-4047074804538249.5,0.0,-4.5192600342388685e+17,0.0,-9.078990816523119e+17,0.0
1.0,pi,260,138.26096004790907,1.7879155126493997e-14,9.955354282935594e+21,1.0,-0.0044745676695932815,-4062248484009748.5,0.0,-4.5189524183069645e+17,0.0,-9.078527321454028e+17,0.0
1.0,pi,261,138.26331259954114,1.7795229449665005e-14,9.955185653565901e+21,1.0,-0.004491506373439078,-4077418193559485.5,0.0,-4.5186448668533696e+17,0.0,-9.078063915642335e+17,0.0
1.0,pi,262,138.26566485690083,1.771170814842413e-14,9.955017053895318e+21,1.0,-0.0045084423808785055,-4092583925870239.0,0.0,-4.518337380035083e+17,0.0,-9.077600599328869e+17,0.0
1.0,pi,263,138.26801681868673,1.762858927265075e-14,9.9548484840133e+21,1.0,-0.004525375682783611,-4107745673595369.0,0.0,-4.518029958009734e+17,0.0,-9.077137372755421e+17,0.0
1.0,pi,264,138.27036848359214,1.7545870881625937e-14,9.954679944009669e+21,1.0,-0.0045423062699891,-4122903429357972.0,0.0,-4.517722600935591e+17,0.0,-9.076674236164762e+17,0.0
1.0,pi,265,138.27271985030507,1.7463551043984518e-14,9.9545114339746e+21,1.0,-0.004559234133293423,-4138057185751875.5,0.0,-4.517415308971557e+17,0.0,-9.076211189800634e+17,0.0
1.0,pi,266,138.27507091750815,1.7381627837674326e-14,9.954342953998642e+21,1.0,-0.004576159263457034,-4153206935340087.0,0.0,-4.517108082277186e+17,0.0,-9.075748233907772e+17,0.0
1.0,pi,267,138.2774216838788,1.7300099349903783e-14,9.954174504172693e+21,1.0,-0.004593081651204451,-4168352670656661.0,0.0,-4.5168009210126554e+17,0.0,-9.075285368731877e+17,0.0
1.0,pi,268,138.27977214808894,1.721896367710748e-14,9.954006084588036e+21,1.0,-0.004610001287221547,-4183494384204280.0,0.0,-4.5164938253388077e+17,0.0,-9.074822594519658e+17,0.0
1.0,pi,269,138.2821223088052,1.7138218924892255e-14,9.953837695336301e+21,1.0,-0.004626918162157861,-4198632068456354.0,0.0,-4.516186795417119e+17,0.0,-9.074359911518801e+17,0.0
1.0,pi,270,138.28447216468882,1.705786320799922e-14,9.9536693365095e+21,1.0,-0.004643832266624668,-4213765715855291.5,0.0,-4.515879831409721e+17,0.0,-9.073897319977994e+17,0.0
1.0,pi,271,138.28682171439564,1.697789465025425e-14,9.953501008200003e+21,1.0,-0.004660743591196396,-4228895318813791.0,0.0,-4.515572933479383e+17,0.0,-9.073434820146904e+17,0.0
1.0,pi,272,138.28917095657607,1.689831138452943e-14,9.953332710500553e+21,1.0,-0.0046776521264091965,-4244020869713579.0,0.0,-4.515266101789537e+17,0.0,-9.07297241227621e+17,0.0
1.0,pi,273,138.29151988987505,1.681911155269785e-14,9.953164443504267e+21,1.0,-0.004694557862761206,-4259142360905655.5,0.0,-4.514959336504269e+17,0.0,-9.072510096617594e+17,0.0
1.0,pi,274,138.29386851293214,1.674029330558675e-14,9.95299620730463e+21,1.0,-0.004711460790713249,-4274259784710942.5,0.0,-4.514652637788311e+17,0.0,-9.072047873423732e+17,0.0
1.0,pi,275,138.29621682438136,1.6661854802939516e-14,9.952828001995503e+21,1.0,-0.004728360900687484,-4289373133419087.0,0.0,-4.514346005807066e+17,0.0,-9.071585742948323e+17,0.0
1.0,pi,276,138.29856482285126,1.6583794213370172e-14,9.952659827671114e+21,1.0,-0.004745258183067977,-4304482399288984.5,0.0,-4.514039440726587e+17,0.0,-9.071123705446063e+17,0.0
1.0,pi,277,138.30091250696495,1.6506109714318154e-14,9.952491684426078e+21,1.0,-0.004762152628200834,-4319587574548922.0,0.0,-4.513732942713589e+17,0.0,-9.070661761172667e+17,0.0
1.0,pi,278,138.30325987533993,1.6428799492010866e-14,9.952323572355377e+21,1.0,-0.004779044226393348,-4334688651395826.5,0.0,-4.513426511935455e+17,0.0,-9.070199910384868e+17,0.0
1.0,pi,279,138.30560692658824,1.6351861741416927e-14,9.952155491554367e+21,1.0,-0.004795932967914657,-4349785621995867.5,0.0,-4.513120148560225e+17,0.0,-9.069738153340408e+17,0.0
1.0,pi,280,138.3079536593163,1.6275294666207237e-14,9.951987442118795e+21,1.0,-0.004812818842994695,-4364878478483533.5,0.0,-4.512813852756617e+17,0.0,-9.06927649029807e+17,0.0
1.0,pi,281,138.31030007212502,1.619909647870964e-14,9.951819424144774e+21,1.0,-0.004829701841825292,-4379967212962645.0,0.0,-4.512507624694007e+17,0.0,-9.068814921517641e+17,0.0
1.0,pi,282,138.31264616360968,1.6123265399870315e-14,9.951651437728808e+21,1.0,-0.004846581954558945,-4395051817505249.5,0.0,-4.5122014645424506e+17,0.0,-9.068353447259954e+17,0.0
1.0,pi,283,138.31499193236,1.6047799659210764e-14,9.951483482967779e+21,1.0,-0.004863459171309266,-4410132284152056.5,0.0,-4.511895372472672e+17,0.0,-9.067892067786865e+17,0.0
1.0,pi,284,138.31733737696,1.5972697494785873e-14,9.951315559958947e+21,1.0,-0.004880333482150914,-4425208604912387.0,0.0,-4.511589348656069e+17,0.0,-9.067430783361263e+17,0.0
1.0,pi,285,138.31968249598822,1.589795715314316e-14,9.951147668799964e+21,1.0,-0.004897204877119336,-4440280771763949.5,0.0,-4.5112833932647174e+17,0.0,-9.066969594247075e+17,0.0
1.0,pi,286,138.32202728801738,1.5823576889283068e-14,9.95097980958886e+21,1.0,-0.004914073346210374,-4455348776652518.5,0.0,-4.51097750647137e+17,0.0,-9.066508500709266e+17,0.0
1.0,pi,287,138.3243717516146,1.5749554966617644e-14,9.950811982424057e+21,1.0,-0.004930938879380523,-4470412611492173.0,0.0,-4.510671688449467e+17,0.0,-9.066047503013855e+17,0.0
1.0,pi,288,138.32671588534134,1.567588965692677e-14,9.950644187404358e+21,1.0,-0.0049478014665471845,-4485472268165540.0,0.0,-4.5103659393731155e+17,0.0,-9.065586601427886e+17,0.0
1.0,pi,289,138.32905968775333,1.5602579240323516e-14,9.950476424628958e+21,1.0,-0.004964661097587435,-4500527738522714.5,0.0,-4.510060259417124e+17,0.0,-9.065125796219475e+17,0.0
1.0,pi,290,138.33140315740056,1.5529622005209858e-14,9.950308694197442e+21,1.0,-0.004981517762338869,-4515579014382021.0,0.0,-4.5097546487569754e+17,0.0,-9.064665087657772e+17,0.0
1.0,pi,291,138.33374629282733,1.5457016248237048e-14,9.950140996209785e+21,1.0,-0.0049983714505992,-4530626087529683.0,0.0,-4.5094491075688486e+17,0.0,-9.064204476012995e+17,0.0
1.0,pi,292,138.3360890925722,1.5384760274266232e-14,9.949973330766349e+21,1.0,-0.005015222152126395,-4545668949719951.0,0.0,-4.5091436360295994e+17,0.0,-9.063743961556398e+17,0.0
1.0,pi,293,138.33843155516786,1.5312852396331785e-14,9.949805697967896e+21,1.0,-0.005032069856637634,-4560707592674190.0,0.0,-4.5088382343167917e+17,0.0,-9.063283544560325e+17,0.0
1.0,pi,294,138.34077367914134,1.5241290935596166e-14,9.949638097915573e+21,1.0,-0.005048914553810533,-4575742008081999.0,0.0,-4.5085329026086694e+17,0.0,-9.062823225298158e+17,0.0
1.0,pi,295,138.34311546301382,1.5170074221314538e-14,9.94947053071093e+21,1.0,-0.005065756233282237,-4590772187600403.0,0.0,-4.508227641084176e+17,0.0,-9.062363004044356e+17,0.0
1.0,pi,296,138.3454569053006,1.509920059079696e-14,9.94930299645591e+21,1.0,-0.005082594884648971,-4605798122853476.0,0.0,-4.5079224499229574e+17,0.0,-9.061902881074449e+17,0.0
1.0,pi,297,138.34779800451128,1.502866838936471e-14,9.949135495252849e+21,1.0,-0.0050994304974669976,-4620819805433214.0,0.0,-4.5076173293053504e+17,0.0,-9.061442856665033e+17,0.0
1.0,pi,298,138.35013875914944,1.4958475970317143e-14,9.948968027204488e+21,1.0,-0.005116263061251328,-4635837226898394.0,0.0,-4.507312279412402e+17,0.0,-9.060982931093788e+17,0.0
1.0,pi,299,138.35247916771297,1.4888621694887593e-14,9.94880059241396e+21,1.0,-0.0051330925654768786,-4650850378775627.0,0.0,-4.507007300425849e+17,0.0,-9.060523104639455e+17,0.0
1.0,pi,300,138.35481922869374,1.4819103932210558e-14,9.948633190984806e+21,1.0,-0.0051499189995770495,-4665859252558111.0,0.0,-4.5067023925281466e+17,0.0,-9.060063377581874e+17,0.0
1.0,pi,301,138.35715894057782,1.4749921059278866e-14,9.948465823020957e+21,1.0,-0.00516674235294475,-4680863839706552.0,0.0,-4.5063975559024435e+17,0.0,-9.059603750201952e+17,0.0
1.0,pi,302,138.35949830184526,1.4681071460910307e-14,9.948298488626759e+21,1.0,-0.005183562614931112,-4695864131648038.0,0.0,-4.506092790732609e+17,0.0,-9.059144222781699e+17,0.0
1.0,pi,303,138.36183731097026,1.4612553529706064e-14,9.948131187906954e+21,1.0,-0.005200379774846578,-4710860119777032.0,0.0,-4.505788097203217e+17,0.0,-9.058684795604205e+17,0.0
1.0,pi,304,138.36417596642104,1.454436566601435e-14,9.94796392096669e+21,1.0,-0.005217193821960126,-4725851795454684.0,0.0,-4.50548347549955e+17,0.0,-9.058225468953647e+17,0.0
1.0,pi,305,138.36651426665986,1.447650627789422e-14,9.947796687911521e+21,1.0,-0.005234004745499135,-4740839150008741.0,0.0,-4.5051789258076115e+17,0.0,-9.05776624311531e+17,0.0
1.0,pi,306,138.368852210143,1.4408973781077064e-14,9.947629488847408e+21,1.0,-0.005250812534649452,-4755822174733614.0,0.0,-4.5048744483141165e+17,0.0,-9.057307118375569e+17,0.0
1.0,pi,307,138.37118979532073,1.434176659892912e-14,9.947462323880715e+21,1.0,-0.00526761717855564,-4770800860890623.0,0.0,-4.504570043206492e+17,0.0,-9.056848095021889e+17,0.0
1.0,pi,308,138.3735270206373,1.427488316241746e-14,9.947295193118223e+21,1.0,-0.005284418666319754,-4785775199706915.0,0.0,-4.504265710672897e+17,0.0,-9.056389173342865e+17,0.0
1.0,pi,309,138.37586388453096,1.4208321910070378e-14,9.94712809666712e+21,1.0,-0.005301216987002238,-4800745182376290.0,0.0,-4.50396145090221e+17,0.0,-9.055930353628182e+17,0.0
1.0,pi,310,138.3782003854339,1.4142081287940489e-14,9.946961034634997e+21,1.0,-0.005318012129622052,-4815710800059318.0,0.0,-4.503657264084014e+17,0.0,-9.055471636168621e+17,0.0
1.0,pi,311,138.38053652177226,1.4076159749571183e-14,9.946794007129867e+21,1.0,-0.005334804083155509,-4830672043882335.0,0.0,-4.5033531504086394e+17,0.0,-9.055013021256101e+17,0.0
1.0,pi,312,138.38287229196604,1.4010555755960022e-14,9.946627014260156e+21,1.0,-0.00535159283653653,-4845628904937672.0,0.0,-4.503049110067134e+17,0.0,-9.054554509183644e+17,0.0
1.0,pi,313,138.3852076944292,1.3945267775520714e-14,9.946460056134697e+21,1.0,-0.0053683783786570224,-4860581374284022.0,0.0,-4.5027451432512755e+17,0.0,-9.054096100245391e+17,0.0
1.0,pi,314,138.38754272756958,1.3880294284048503e-14,9.94629313286274e+21,1.0,-0.005385160698366497,-4875529442946106.0,0.0,-4.5024412501535686e+17,0.0,-9.053637794736598e+17,0.0
1.0,pi,315,138.38987738978886,1.3815633764685662e-14,9.94612624455396e+21,1.0,-0.005401939784471479,-4890473101914168.0,0.0,-4.502137430967258e+17,0.0,-9.053179592953659e+17,0.0
1.0,pi,316,138.39221167948267,1.3751284707882482e-14,9.945959391318432e+21,1.0,-0.005418715625736605,-4905412342144974.0,0.0,-4.5018336858863085e+17,0.0,-9.052721495194067e+17,0.0
1.0,pi,317,138.39454559504037,1.368724561136705e-14,9.945792573266668e+21,1.0,-0.005435488210883069,-4920347154560441.0,0.0,-4.501530015105434e+17,0.0,-9.052263501756474e+17,0.0
1.0,pi,318,138.3968791348452,1.3623514980106573e-14,9.945625790509587e+21,1.0,-0.0054522575285892655,-4935277530048220.0,0.0,-4.501226418820081e+17,0.0,-9.051805612940644e+17,0.0
1.0,pi,319,138.39921229727415,1.3560091326274332e-14,9.945459043158536e+21,1.0,-0.005469023567490592,-4950203459461553.0,0.0,-4.5009228972264384e+17,0.0,-9.051347829047492e+17,0.0
1.0,pi,320,138.40154508069813,1.3496973169211423e-14,9.945292331325273e+21,1.0,-0.005485786316179963,-4965124933619736.0,0.0,-4.500619450521422e+17,0.0,-9.050890150379043e+17,0.0
1.0,pi,321,138.40387748348166,1.3434159035398655e-14,9.94512565512199e+21,1.0,-0.005502545763205998,-4980041943306523.0,0.0,-4.5003160789027155e+17,0.0,-9.050432577238496e+17,0.0
1.0,pi,322,138.40620950398315,1.3371647458415537e-14,9.944959014661301e+21,1.0,-0.005519301897074828,-4994954479271759.0,0.0,-4.500012782568728e+17,0.0,-9.049975109930175e+17,0.0
1.0,pi,323,138.4085411405547,1.3309436978909435e-14,9.944792410056236e+21,1.0,-0.00553605470624893,-5009862532230349.0,0.0,-4.4997095617186195e+17,0.0,-9.049517748759543e+17,0.0
1.0,pi,324,138.4108723915421,1.3247526144561056e-14,9.944625841420257e+21,1.0,-0.0055528041791471205,-5024766092862278.0,0.0,-4.499406416552299e+17,0.0,-9.049060494033221e+17,0.0
1.0,pi,325,138.41320325528497,1.3185913510050078e-14,9.944459308867254e+21,1.0,-0.005569550304144748,-5039665151812800.0,0.0,-4.499103347270429e+17,0.0,-9.048603346058985e+17,0.0
1.0,pi,326,138.41553373011652,1.3124597637020984e-14,9.944292812511538e+21,1.0,-0.005586293069573498,-5054559699692275.0,0.0,-4.4988003540744134e+17,0.0,-9.04814630514575e+17,0.0
1.0,pi,327,138.41786381436367,1.3063577094051294e-14,9.944126352467857e+21,1.0,-0.005603032463720874,-5069449727075731.0,0.0,-4.4984974371664237e+17,0.0,-9.047689371603604e+17,0.0
1.0,pi,328,138.420193506347,1.3002850456616198e-14,9.943959928851382e+21,1.0,-0.005619768474830639,-5084335224503268.0,0.0,-4.4981945967493766e+17,0.0,-9.047232545743786e+17,0.0
1.0,pi,329,138.42252280438078,1.2942416307055626e-14,9.94379354177772e+21,1.0,-0.005636501091102497,-5099216182479796.0,0.0,-4.4978918330269485e+17,0.0,-9.046775827878696e+17,0.0
1.0,pi,330,138.42485170677287,1.2882273234541473e-14,9.943627191362903e+21,1.0,-0.005653230300692087,-5114092591475051.0,0.0,-4.497589146203573e+17,0.0,-9.046319218321897e+17,0.0
1.0,pi,331,138.42718021182475,1.2822419835045689e-14,9.943460877723404e+21,1.0,-0.0056699560917104,-5128964441923081.0,0.0,-4.4972865364844486e+17,0.0,-9.045862717388128e+17,0.0
1.0,pi,332,138.4295083178315,1.2762854711305615e-14,9.943294600976125e+21,1.0,-0.005686678452224352,-5143831724222791.0,0.0,-4.4969840040755334e+17,0.0,-9.045406325393295e+17,0.0
1.0,pi,333,138.43183602308184,1.2703576472791678e-14,9.9431283612384e+21,1.0,-0.0057033973702564,-5158694428737600.0,0.0,-4.4966815491835456e+17,0.0,-9.044950042654467e+17,0.0
1.0,pi,334,138.434163325858,1.2644583735675976e-14,9.942962158628004e+21,1.0,-0.0057201128337843405,-5173552545795297.0,0.0,-4.496379172015973e+17,0.0,-9.0444938694899e+17,0.0
1.0,pi,335,138.4364902244358,1.2585875122799534e-14,9.94279599326315e+21,1.0,-0.005736824830741117,-5188406065687870.0,0.0,-4.496076872781071e+17,0.0,-9.044037806219021e+17,0.0
1.0,pi,336,138.43881671708456,1.2527449263639766e-14,9.942629865262483e+21,1.0,-0.0057535333490150034,-5203254978671705.0,0.0,-4.4957746516878656e+17,0.0,-9.043581853162447e+17,0.0
1.0,pi,337,138.44114280206722,1.2469304794277341e-14,9.942463774745088e+21,1.0,-0.0057702383764498,-5218099274967764.0,0.0,-4.495472508946143e+17,0.0,-9.043126010641964e+17,0.0
1.0,pi,338,138.4434684776401,1.2411440357368237e-14,9.942297721830493e+21,1.0,-0.005786939900843409,-5232938944760338.0,0.0,-4.495170444766476e+17,0.0,-9.042670278980557e+17,0.0
1.0,pi,339,138.4457937420531,1.2353854602107356e-14,9.942131706638664e+21,1.0,-0.00580363790994938,-5247773978198445.0,0.0,-4.4948684593602016e+17,0.0,-9.042214658502388e+17,0.0
1.0,pi,340,138.4481185935496,1.2296546184199456e-14,9.941965729290013e+21,1.0,-0.005820332391475808,-5262604365394865.0,0.0,-4.494566552939438e+17,0.0,-9.041759149532826e+17,0.0
1.0,pi,341,138.45044303036642,1.2239513765827365e-14,9.941799789905385e+21,1.0,-0.0058370233330855255,-5277430096426324.0,0.0,-4.494264725717074e+17,0.0,-9.04130375239841e+17,0.0
1.0,pi,342,138.4527670507338,1.2182756015621745e-14,9.94163388860608e+21,1.0,-0.0058537107223956475,-5292251161333114.0,0.0,-4.493962977906788e+17,0.0,-9.040848467426907e+17,0.0
1.0,pi,343,138.4550906528755,1.212627160862684e-14,9.941468025513837e+21,1.0,-0.00587039454697834,-5307067550119789.0,0.0,-4.493661309723025e+17,0.0,-9.04039329494725e+17,0.0
1.0,pi,344,138.45741383500862,1.2070059226273339e-14,9.94130220075084e+21,1.0,-0.005887074794359788,-5321879252754269.0,0.0,-4.493359721381027e+17,0.0,-9.039938235289597e+17,0.0
1.0,pi,345,138.45973659534374,1.2014117556344438e-14,9.941136414439719e+21,1.0,-0.005903751452020704,-5336686259168305.0,0.0,-4.493058213096804e+17,0.0,-9.039483288785292e+17,0.0
1.0,pi,346,138.46205893208472,1.1958445292948949e-14,9.940970666703557e+21,1.0,-0.005920424507395361,-5351488559256644.0,0.0,-4.4927567850871706e+17,0.0,-9.039028455766908e+17,0.0
1.0,pi,347,138.46438084342887,1.1903041136486325e-14,9.94080495766588e+21,1.0,-0.005937093947872941,-5366286142878242.0,0.0,-4.492455437569713e+17,0.0,-9.038573736568209e+17,0.0
1.0,pi,348,138.4667023275669,1.1847903793618022e-14,9.940639287450668e+21,1.0,-0.0059537597607963715,-5381078999855247.0,0.0,-4.49215417076281e+17,0.0,-9.038119131524173e+17,0.0
1.0,pi,349,138.4690233826828,1.1793031977239641e-14,9.940473656182345e+21,1.0,-0.0059704219334622555,-5395867119972951.0,0.0,-4.4918529848856326e+17,0.0,-9.037664640970995e+17,0.0
1.0,pi,350,138.47134400695384,1.1738424406448459e-14,9.94030806398579e+21,1.0,-0.005987080453120875,-5410650492979818.0,0.0,-4.491551880158146e+17,0.0,-9.037210265246089e+17,0.0
1.0,pi,351,138.47366419855078,1.1684079806511865e-14,9.940142510986335e+21,1.0,-0.00600373530697695,-5425429108588182.0,0.0,-4.4912508568011014e+17,0.0,-9.036756004688084e+17,0.0
1.0,pi,352,138.4759839556375,1.1629996908842571e-14,9.939976997309763e+21,1.0,-0.006020386482187969,-5440202956472759.0,0.0,-4.490949915036052e+17,0.0,-9.036301859636831e+17,0.0
1.0,pi,353,138.47830327637126,1.1576174450964646e-14,9.939811523082318e+21,1.0,-0.006037033965865277,-5454972026271658.0,0.0,-4.490649055085347e+17,0.0,-9.03584783043341e+17,0.0
1.0,pi,354,138.4806221589026,1.1522611176485028e-14,9.939646088430685e+21,1.0,-0.006053677745073811,-5469736307586144.0,0.0,-4.490348277172128e+17,0.0,-9.035393917420116e+17,0.0
1.0,pi,355,138.48294060137528,1.1469305835065815e-14,9.939480693482019e+21,1.0,-0.00607031780683146,-5484495789980104.0,0.0,-4.4900475815203437e+17,0.0,-9.034940120940489e+17,0.0
1.0,pi,356,138.4852586019263,1.1416257182393414e-14,9.939315338363928e+21,1.0,-0.006086954138109375,-5499250462980322.0,0.0,-4.4897469683547424e+17,0.0,-9.034486441339287e+17,0.0
1.0,pi,357,138.48757615868593,1.136346398014917e-14,9.93915002320447e+21,1.0,-0.006103586725832295,-5514000316076806.0,0.0,-4.4894464379008685e+17,0.0,-9.034032878962505e+17,0.0
1.0,pi,358,138.48989326977764,1.1310924995982057e-14,9.93898474813217e+21,1.0,-0.006120215556877442,-5528745338721806.0,0.0,-4.489145990385076e+17,0.0,-9.03357943415737e+17,0.0
1.0,pi,359,138.49220993331812,1.1258639003478286e-14,9.93881951327601e+21,1.0,-0.0061368406180754235,-5543485520330654.0,0.0,-4.4888456260345254e+17,0.0,-9.033126107272357e+17,0.0
1.0,pi,360,138.49452614741716,1.1206604782135548e-14,9.938654318765437e+21,1.0,-0.006153461896208938,-5558220850280611.0,0.0,-4.4885453450771885e+17,0.0,-9.032672898657183e+17,0.0
1.0,pi,361,138.49684191017786,1.115482111732908e-14,9.938489164730349e+21,1.0,-0.006170079378014512,-5572951317912449.0,0.0,-4.488245147741834e+17,0.0,-9.032219808662793e+17,0.0
1.0,pi,362,138.4991572196964,1.1103286800288727e-14,9.938324051301115e+21,1.0,-0.0061866930501805655,-5587676912528725.0,0.0,-4.4879450342580486e+17,0.0,-9.031766837641385e+17,0.0
1.0,pi,363,138.50147207406212,1.1052000628067869e-14,9.938158978608562e+21,1.0,-0.006203302899348306,-5602397623394627.0,0.0,-4.487645004856232e+17,0.0,-9.031313985946409e+17,0.0
1.0,pi,364,138.50378647135744,1.1000961403517519e-14,9.937993946783988e+21,1.0,-0.006219908912111146,-5617113439737443.0,0.0,-4.4873450597675974e+17,0.0,-9.03086125393257e+17,0.0
1.0,pi,365,138.50610040965802,1.0950167935254312e-14,9.937828955959148e+21,1.0,-0.0062365110750154775,-5631824350747289.0,0.0,-4.4870451992241683e+17,0.0,-9.030408641955809e+17,0.0
1.0,pi,366,138.50841388703253,1.0899619037636767e-14,9.937664006266265e+21,1.0,-0.006253109374559567,-5646530345576127.0,0.0,-4.486745423458783e+17,0.0,-9.029956150373326e+17,0.0
1.0,pi,367,138.51072690154277,1.0849313530736045e-14,9.93749909783803e+21,1.0,-0.006269703797193942,-5661231413338150.0,0.0,-4.4864457327051046e+17,0.0,-9.02950377954359e+17,0.0
1.0,pi,368,138.5130394512436,1.0799250240308096e-14,9.937334230807602e+21,1.0,-0.006286294329321255,-5675927543109657.0,0.0,-4.4861461271976096e+17,0.0,-9.029051529826316e+17,0.0
1.0,pi,369,138.51535153418297,1.074942799776657e-14,9.937169405308605e+21,1.0,-0.006302880957296286,-5690618723929089.0,0.0,-4.485846607171597e+17,0.0,-9.028599401582484e+17,0.0
1.0,pi,370,138.51766314840188,1.0699845640155245e-14,9.937004621475135e+21,1.0,-0.006319463667425804,-5705304944796916.0,0.0,-4.485547172863186e+17,0.0,-9.028147395174341e+17,0.0
1.0,pi,371,138.51997429193432,1.0650502010122401e-14,9.936839879441758e+21,1.0,-0.006336042445967985,-5719986194675138.0,0.0,-4.485247824509322e+17,0.0,-9.027695510965395e+17,0.0
1.0,pi,372,138.5222849628074,1.060139595589048e-14,9.936675179343504e+21,1.0,-0.006352617279133508,-5734662462488287.0,0.0,-4.4849485623477696e+17,0.0,-9.027243749320422e+17,0.0
1.0,pi,373,138.52459515904113,1.0552526331233155e-14,9.93651052131589e+21,1.0,-0.006369188153083995,-5749333737122045.0,0.0,-4.4846493866171264e+17,0.0,-9.026792110605473e+17,0.0
1.0,pi,374,138.52690487864862,1.0503891995445257e-14,9.936345905494885e+21,1.0,-0.006385755053933182,-5764000007424313.0,0.0,-4.4843502975568096e+17,0.0,-9.026340595187863e+17,0.0
1.0,pi,375,138.52921411963592,1.0455491813318285e-14,9.936181332016949e+21,1.0,-0.006402317967746126,-5778661262204529.0,0.0,-4.4840512954070726e+17,0.0,-9.025889203436191e+17,0.0
1.0,pi,376,138.5315228800021,1.040732465511242e-14,9.936016801019004e+21,1.0,-0.0064188768805394075,-5793317490233847.0,0.0,-4.48375238040899e+17,0.0,-9.025437935720319e+17,0.0
1.0,pi,377,138.5338311577391,1.0359389396531674e-14,9.935852312638456e+21,1.0,-0.0064354317782807985,-5807968680244883.0,0.0,-4.483453552804476e+17,0.0,-9.024986792411402e+17,0.0
1.0,pi,378,138.53613895083188,1.0311684918696173e-14,9.935687867013177e+21,1.0,-0.006451982646889516,-5822614820931946.0,0.0,-4.483154812836274e+17,0.0,-9.024535773881868e+17,0.0
1.0,pi,379,138.53844625725836,1.026421010811696e-14,9.93552346428152e+21,1.0,-0.00646852947223577,-5837255900950652.0,0.0,-4.482856160747957e+17,0.0,-9.02408488050542e+17,0.0
1.0,pi,380,138.54075307498934,1.0216963856669155e-14,9.935359104582318e+21,1.0,-0.006485072240141148,-5851891908918299.0,0.0,-4.482557596783938e+17,0.0,-9.023634112657059e+17,0.0
1.0,pi,381,138.54305940198853,1.0169945061567564e-14,9.93519478805488e+21,1.0,-0.006501610936377959,-5866522833413292.0,0.0,-4.482259121189469e+17,0.0,-9.02318347071307e+17,0.0
1.0,pi,382,138.5453652362126,1.0123152625338371e-14,9.935030514838986e+21,1.0,-0.006518145546669822,-5881148662975679.0,0.0,-4.4819607342106266e+17,0.0,-9.02273295505101e+17,0.0
1.0,pi,383,138.54767057561102,1.0076585455797299e-14,9.934866285074907e+21,1.0,-0.006534676056690682,-5895769386106309.0,0.0,-4.4816624360943443e+17,0.0,-9.022282566049752e+17,0.0
1.0,pi,384,138.54997541812622,1.0030242466019837e-14,9.934702098903386e+21,1.0,-0.006551202452065917,-5910384991267826.0,0.0,-4.481364227088383e+17,0.0,-9.021832304089443e+17,0.0
1.0,pi,385,138.55227976169346,9.984122574319065e-15,9.934537956465651e+21,1.0,-0.006567724718371093,-5924995466883580.0,0.0,-4.481066107441345e+17,0.0,-9.021382169551526e+17,0.0
1.0,pi,386,138.55458360424083,9.938224704219013e-15,9.93437385790341e+21,1.0,-0.006584242841132685,-5939600801338295.0,0.0,-4.480768077402684e+17,0.0,-9.020932162818752e+17,0.0
1.0,pi,387,138.5568869436893,9.892547784429858e-15,9.934209803358856e+21,1.0,-0.006600756805827549,-5954200982977607.0,0.0,-4.4804701372226906e+17,0.0,-9.020482284275156e+17,0.0
1.0,pi,388,138.5591897779527,9.847090748822114e-15,9.934045792974655e+21,1.0,-0.00661726659788337,-5968796000108486.0,0.0,-4.480172287152495e+17,0.0,-9.020032534306075e+17,0.0
1.0,pi,389,138.56149210493757,9.801852536403773e-15,9.933881826893971e+21,1.0,-0.006633772202677694,-5983385840998403.0,0.0,-4.479874527444088e+17,0.0,-9.01958291329816e+17,0.0
1.0,pi,390,138.5637939225434,9.756832091292493e-15,9.93371790526044e+21,1.0,-0.006650273605539084,-5997970493876355.0,0.0,-4.479576858350291e+17,0.0,-9.019133421639346e+17,0.0
1.0,pi,391,138.56609522866236,9.712028362694076e-15,9.93355402821819e+21,1.0,-0.006666770791745763,-6012549946931698.0,0.0,-4.479279280124785e+17,0.0,-9.018684059718886e+17,0.0
1.0,pi,392,138.56839602117947,9.667440304876047e-15,9.933390195911836e+21,1.0,-0.0066832637465263816,-6027124188314842.0,0.0,-4.478981793022099e+17,0.0,-9.018234827927346e+17,0.0
1.0,pi,393,138.5706962979725,9.623066877143567e-15,9.933226408486472e+21,1.0,-0.006699752455059695,-6041693206136973.0,0.0,-4.478684397297608e+17,0.0,-9.017785726656585e+17,0.0
1.0,pi,394,138.572996056912,9.578907043814947e-15,9.933062666087687e+21,1.0,-0.006716236902474684,-6056256988470197.0,0.0,-4.478387093207541e+17,0.0,-9.017336756299784e+17,0.0
1.0,pi,395,138.57529529586125,9.53495977419833e-15,9.93289896886155e+21,1.0,-0.006732717073850046,-6070815523347084.0,0.0,-4.4780898810089766e+17,0.0,-9.016887917251424e+17,0.0
1.0,pi,396,138.57759401267634,9.491224042566349e-15,9.932735316954624e+21,1.0,-0.006749192954214691,-6085368798761151.0,0.0,-4.477792760959851e+17,0.0,-9.016439209907313e+17,0.0
1.0,pi,397,138.579892205206,9.447698828134129e-15,9.93257171051396e+21,1.0,-0.0067656645285468515,-6099916802666070.0,0.0,-4.477495733318954e+17,0.0,-9.01599063466457e+17,0.0
1.0,pi,398,138.58218987129175,9.404383115032572e-15,9.932408149687096e+21,1.0,-0.006782131781775228,-6114459522976716.0,0.0,-4.4771987983459296e+17,0.0,-9.015542191921626e+17,0.0
1.0,pi,399,138.58448700876778,9.361275892287658e-15,9.932244634622065e+21,1.0,-0.006798594698777702,-6128996947568042.0,0.0,-4.4769019563012794e+17,0.0,-9.015093882078239e+17,0.0
1.0,pi,400,138.58678361546103,9.318376153794516e-15,9.932081165467384e+21,1.0,-0.006815053264382167,-6143529064275825.0,0.0,-4.47660520744636e+17,0.0,-9.014645705535479e+17,0.0
1.0,pi,401,138.5890796891911,9.275682898295343e-15,9.931917742372068e+21,1.0,-0.006831507463365755,-6158055860896012.0,0.0,-4.476308552043392e+17,0.0,-9.014197662695744e+17,0.0
1.0,pi,402,138.59137522777027,9.233195129355311e-15,9.931754365485618e+21,1.0,-0.006847957280455538,-6172577325185353.0,0.0,-4.4760119903554477e+17,0.0,-9.01374975396275e+17,0.0
1.0,pi,403,138.5936702290035,9.190911855340167e-15,9.931591034958038e+21,1.0,-0.006864402700327433,-6187093444860450.0,0.0,-4.4757155226464736e+17,0.0,-9.013301979741551e+17,0.0
1.0,pi,404,138.59596469068842,9.148832089391341e-15,9.93142775093981e+21,1.0,-0.0068808437076074815,-6201604207598907.0,0.0,-4.475419149181259e+17,0.0,-9.012854340438506e+17,0.0
1.0,pi,405,138.5982586106153,9.106954849405345e-15,9.931264513581922e+21,1.0,-0.006897280286870435,-6216109601038101.0,0.0,-4.47512287022547e+17,0.0,-9.012406836461321e+17,0.0
1.0,pi,406,138.60055198656707,9.065279158008051e-15,9.93110132303585e+21,1.0,-0.0069137124226409065,-6230609612776218.0,0.0,-4.4748266860456294e+17,0.0,-9.011959468219021e+17,0.0
1.0,pi,407,138.6028448163193,9.02380404253433e-15,9.93093817945357e+21,1.0,-0.006930140099392272,-6245104230371292.0,0.0,-4.474530596909124e+17,0.0,-9.011512236121961e+17,0.0
1.0,pi,408,138.60513709764015,8.982528535004623e-15,9.930775082987548e+21,1.0,-0.006946563301547055,-6259593441341575.0,0.0,-4.474234603084211e+17,0.0,-9.011065140581838e+17,0.0
1.0,pi,409,138.6074288282905,8.941451672100156e-15,9.930612033790746e+21,1.0,-0.006962982013477633,-6274077233166176.0,0.0,-4.473938704840002e+17,0.0,-9.010618182011666e+17,0.0
1.0,pi,410,138.60972000602365,8.900572495145394e-15,9.930449032016631e+21,1.0,-0.0069793962195041645,-6288555593283237.0,0.0,-4.47364290244649e+17,0.0,-9.010171360825812e+17,0.0
1.0,pi,411,138.6120106285857,8.859890050079896e-15,9.930286077819153e+21,1.0,-0.0069958059038969815,-6303028509092083.0,0.0,-4.4733471961745216e+17,0.0,-9.009724677439964e+17,0.0
1.0,pi,412,138.61430069371522,8.819403387439961e-15,9.93012317135277e+21,1.0,-0.007012211050874771,-6317495967951622.0,0.0,-4.4730515862958195e+17,0.0,-9.009278132271155e+17,0.0
1.0,pi,413,138.61659019914342,8.779111562335295e-15,9.929960312772437e+21,1.0,-0.007028611644605222,-6331957957180935.0,0.0,-4.4727560730829734e+17,0.0,-9.008831725737756e+17,0.0
1.0,pi,414,138.61887914259407,8.739013634426313e-15,9.929797502233599e+21,1.0,-0.007045007669205084,-6346414464059353.0,0.0,-4.472460656809439e+17,0.0,-9.008385458259471e+17,0.0
1.0,pi,415,138.62116752178346,8.699108667904022e-15,9.929634739892213e+21,1.0,-0.00706139910873926,-6360865475825664.0,0.0,-4.472165337749551e+17,0.0,-9.00793933025736e+17,0.0
1.0,pi,416,138.62345533442053,8.659395731465569e-15,9.929472025904724e+21,1.0,-0.007077785947222159,-6375310979679338.0,0.0,-4.471870116178507e+17,0.0,-9.007493342153807e+17,0.0
1.0,pi,417,138.6257425782067,8.619873898294342e-15,9.92930936042808e+21,1.0,-0.007094168168616531,-6389750962779500.0,0.0,-4.471574992372375e+17,0.0,-9.007047494372545e+17,0.0
1.0,pi,418,138.62802925083597,8.58054224603869e-15,9.929146743619735e+21,1.0,-0.007110545756833528,-6404185412245021.0,0.0,-4.471279966608107e+17,0.0,-9.006601787338665e+17,0.0
1.0,pi,419,138.63031534999487,8.541399856787813e-15,9.928984175637634e+21,1.0,-0.00712691869573367,-6418614315155381.0,0.0,-4.470985039163514e+17,0.0,-9.006156221478582e+17,0.0
1.0,pi,420,138.63260087336243,8.50244581705411e-15,9.928821656640228e+21,1.0,-0.007143286969125093,-6433037658549127.0,0.0,-4.470690210317289e+17,0.0,-9.005710797220068e+17,0.0
1.0,pi,421,138.6348858186103,8.463679217747846e-15,9.92865918678647e+21,1.0,-0.007159650560765296,-6447455429425455.0,0.0,-4.4703954803489914e+17,0.0,-9.005265514992237e+17,0.0
1.0,pi,422,138.63717018340247,8.425099154159694e-15,9.928496766235814e+21,1.0,-0.007176009454359454,-6461867614742732.0,0.0,-4.47010084953907e+17,0.0,-9.004820375225568e+17,0.0
1.0,pi,423,138.6394539653956,8.386704725937066e-15,9.928334395148216e+21,1.0,-0.007192363633561708,-6476274201419641.0,0.0,-4.469806318168835e+17,0.0,-9.004375378351867e+17,0.0
1.0,pi,424,138.6417371622388,8.34849503706348e-15,9.928172073684134e+21,1.0,-0.007208713081974451,-6490675176334585.0,0.0,-4.469511886520478e+17,0.0,-9.003930524804302e+17,0.0
1.0,pi,425,138.64401977157365,8.310469195838491e-15,9.928009802004533e+21,1.0,-0.007225057783148517,-6505070526325870.0,0.0,-4.469217554877068e+17,0.0,-9.003485815017395e+17,0.0
1.0,pi,426,138.6463017910343,8.272626314855823e-15,9.927847580270867e+21,1.0,-0.007241397720583051,-6519460238191584.0,0.0,-4.468923323522541e+17,0.0,-9.003041249426998e+17,0.0
1.0,pi,427,138.6485832182472,8.234965510984901e-15,9.927685408645116e+21,1.0,-0.00725773287772492,-6533844298689138.0,0.0,-4.468629192741732e+17,0.0,-9.002596828470355e+17,0.0
1.0,pi,428,138.65086405083153,8.197485905346379e-15,9.927523287289746e+21,1.0,-0.007274063237970136,-6548222694536498.0,0.0,-4.468335162820328e+17,0.0,-9.00215255258602e+17,0.0
1.0,pi,429,138.65314428639877,8.160186623294818e-15,9.92736121636773e+21,1.0,-0.007290388784662555,-6562595412411090.0,0.0,-4.468041234044911e+17,0.0,-9.001708422213932e+17,0.0
1.0,pi,430,138.65542392255287,8.123066794398166e-15,9.927199196042557e+21,1.0,-0.0073067095010936195,-6576962438949558.0,0.0,-4.46774740670294e+17,0.0,-9.001264437795375e+17,0.0
1.0,pi,431,138.65770295689032,8.086125552415027e-15,9.927037226478205e+21,1.0,-0.007323025370503842,-6591323760749118.0,0.0,-4.467453681082747e+17,0.0,-9.000820599772986e+17,0.0
1.0,pi,432,138.65998138700002,8.049362035276682e-15,9.92687530783917e+21,1.0,-0.007339336376081309,-6605679364366240.0,0.0,-4.467160057473549e+17,0.0,-9.00037690859076e+17,0.0
1.0,pi,433,138.6622592104633,8.012775385066411e-15,9.92671344029044e+21,1.0,-0.0073556425009622655,-6620029236317188.0,0.0,-4.4668665361654394e+17,0.0,-8.99993336469405e+17,0.0
1.0,pi,434,138.664536424854,7.976364747998929e-15,9.926551623997525e+21,1.0,-0.007371943728231108,-6634373363078032.0,0.0,-4.466573117449394e+17,0.0,-8.999489968529568e+17,0.0
1.0,pi,435,138.6668130277383,7.940129274401302e-15,9.926389859126423e+21,1.0,-0.0073882400409200615,-6648711731084374.0,0.0,-4.466279801617268e+17,0.0,-8.99904672054538e+17,0.0
1.0,pi,436,138.66908901667495,7.904068118691678e-15,9.926228145843655e+21,1.0,-0.007404531422009753,-6663044326731881.0,0.0,-4.465986588961793e+17,0.0,-8.998603621190906e+17,0.0
1.0,pi,437,138.671364389215,7.868180439361745e-15,9.926066484316234e+21,1.0,-0.007420817854428308,-6677371136375502.0,0.0,-4.4656934797765914e+17,0.0,-8.998160670916938e+17,0.0
1.0,pi,438,138.67363914290203,7.832465398954763e-15,9.925904874711686e+21,1.0,-0.00743709932105225,-6691692146330276.0,0.0,-4.4654004743561555e+17,0.0,-8.997717870175615e+17,0.0
1.0,pi,439,138.67591327527197,7.796922164048203e-15,9.925743317198047e+21,1.0,-0.007453375804705589,-6706007342870554.0,0.0,-4.465107572995871e+17,0.0,-8.997275219420448e+17,0.0
1.0,pi,440,138.6781867838532,7.761549905232442e-15,9.925581811943853e+21,1.0,-0.007469647288160537,-6720316712230634.0,0.0,-4.4648147759919955e+17,0.0,-8.996832719106296e+17,0.0
1.0,pi,441,138.6804596661665,7.726347797092246e-15,9.925420359118146e+21,1.0,-0.007485913754137174,-6734620240604499.0,0.0,-4.4645220836416704e+17,0.0,-8.996390369689386e+17,0.0
1.0,pi,442,138.68273191972514,7.691315018187456e-15,9.925258958890483e+21,1.0,-0.007502175185303512,-6748917914145881.0,0.0,-4.464229496242919e+17,0.0,-8.995948171627297e+17,0.0
1.0,pi,443,138.68500354203465,7.656450751034631e-15,9.925097611430925e+21,1.0,-0.007518431564274974,-6763209718967826.0,0.0,-4.4639370140946554e+17,0.0,-8.995506125378989e+17,0.0
1.0,pi,444,138.68727453059313,7.6217541820853e-15,9.92493631691003e+21,1.0,-0.007534682873615687,-6777495641143845.0,0.0,-4.463644637496657e+17,0.0,-8.995064231404754e+17,0.0
1.0,pi,445,138.68954488289094,7.58722450171087e-15,9.924775075498881e+21,1.0,-0.007550929095836728,-6791775666706390.0,0.0,-4.463352366749603e+17,0.0,-8.994622490166271e+17,0.0
1.0,pi,446,138.69181459641095,7.552860904180192e-15,9.924613887369058e+21,1.0,-0.007567170213397483,-6806049781648067.0,0.0,-4.463060202155044e+17,0.0,-8.994180902126569e+17,0.0
1.0,pi,447,138.69408366862837,7.518662587642904e-15,9.924452752692647e+21,1.0,-0.007583406208705119,-6820317971921189.0,0.0,-4.462768144015412e+17,0.0,-8.993739467750035e+17,0.0
1.0,pi,448,138.69635209701082,7.48462875410981e-15,9.924291671642245e+21,1.0,-0.007599637064114527,-6834580223437746.0,0.0,-4.4624761926340256e+17,0.0,-8.99329818750243e+17,0.0
1.0,pi,449,138.6986198790183,7.450758609434661e-15,9.92413064439096e+21,1.0,-0.007615862761928311,-6848836522069406.0,0.0,-4.462184348315086e+17,0.0,-8.992857061850866e+17,0.0
1.0,pi,450,138.70088701210327,7.417051363295163e-15,9.923969671112398e+21,1.0,-0.007632083284397046,-6863086853647761.0,0.0,-4.4618926113636704e+17,0.0,-8.992416091263818e+17,0.0
1.0,pi,451,138.7031534937105,7.383506229174945e-15,9.923808751980682e+21,1.0,-0.007648298613719011,-6877331203964118.0,0.0,-4.461600982085743e+17,0.0,-8.991975276211127e+17,0.0
1.0,pi,452,138.7054193212771,7.350122424346008e-15,9.92364788717044e+21,1.0,-0.007664508732039937,-6891569558769285.0,0.0,-4.4613094607881536e+17,0.0,-8.991534617164e+17,0.0
1.0,pi,453,138.70768449223277,7.316899169847517e-15,9.923487076856803e+21,1.0,-0.007680713621454096,-6905801903774547.0,0.0,-4.461018047778621e+17,0.0,-8.991094114594988e+17,0.0
1.0,pi,454,138.70994900399938,7.283835690471783e-15,9.923326321215419e+21,1.0,-0.0076969132640026154,-6920028224650207.0,0.0,-4.460726743365762e+17,0.0,-8.990653768978026e+17,0.0
1.0,pi,455,138.71221285399133,7.250931214742427e-15,9.923165620422434e+21,1.0,-0.0077131076416752905,-6934248507027192.0,0.0,-4.460435547859059e+17,0.0,-8.99021358078839e+17,0.0
1.0,pi,456,138.71447603961536,7.218184974898425e-15,9.9230049746545e+21,1.0,-0.0077292967364092835,-6948462736495918.0,0.0,-4.460144461568881e+17,0.0,-8.989773550502721e+17,0.0
1.0,pi,457,138.71673855827052,7.185596206877027e-15,9.922844384088792e+21,1.0,-0.00774548053008906,-6962670898606276.0,0.0,-4.45985348480649e+17,0.0,-8.989333678599043e+17,0.0
1.0,pi,458,138.71900040734837,7.15316415029262e-15,9.922683848902979e+21,1.0,-0.0077616590045477395,-6976872978868804.0,0.0,-4.459562617884009e+17,0.0,-8.988893965556705e+17,0.0
1.0,pi,459,138.72126158423282,7.120888048421884e-15,9.922523369275235e+21,1.0,-0.007777832141565993,-6991068962753764.0,0.0,-4.459271861114449e+17,0.0,-8.988454411856436e+17,0.0
1.0,pi,460,138.72352208630008,7.088767148186105e-15,9.92236294538425e+21,1.0,-0.00779399992287185,-7005258835690969.0,0.0,-4.458981214811708e+17,0.0,-8.988015017980326e+17,0.0
1.0,pi,461,138.72578191091887,7.056800700131197e-15,9.922202577409216e+21,1.0,-0.007810162330141727,-7019442583070715.0,0.0,-4.458690679290554e+17,0.0,-8.987575784411816e+17,0.0
1.0,pi,462,138.72804105545018,7.024987958413445e-15,9.922042265529838e+21,1.0,-0.007826319344999324,-7033620190242818.0,0.0,-4.458400254866641e+17,0.0,-8.987136711635711e+17,0.0
1.0,pi,463,138.7302995172475,6.993328180778912e-15,9.921882009926317e+21,1.0,-0.007842470949016788,-7047791642517667.0,0.0,-4.4581099418564966e+17,0.0,-8.98669780013817e+17,0.0
1.0,pi,464,138.73255729365664,6.9618206285481385e-15,9.921721810779365e+21,1.0,-0.00785861712371393,-7061956925165540.0,0.0,-4.457819740577524e+17,0.0,-8.986259050406703e+17,0.0
1.0,pi,465,138.7348143820158,6.9304645665993194e-15,9.921561668270206e+21,1.0,-0.007874757850558035,-7076116023416456.0,0.0,-4.4575296513480134e+17,0.0,-8.985820462930191e+17,0.0
1.0,pi,466,138.7370707796556,6.899259263349189e-15,9.921401582580562e+21,1.0,-0.007890893110964753,-7090268922460985.0,0.0,-4.4572396744871277e+17,0.0,-8.985382038198866e+17,0.0
1.0,pi,467,138.73932648389902,6.8682039907375675e-15,9.921241553892666e+21,1.0,-0.007907022886297462,-7104415607449697.0,0.0,-4.456949810314909e+17,0.0,-8.984943776704315e+17,0.0
1.0,pi,468,138.7415814920615,6.837298024209229e-15,9.921081582389255e+21,1.0,-0.007923147157867577,-7118556063493436.0,0.0,-4.4566600591522675e+17,0.0,-8.98450567893947e+17,0.0
1.0,pi,469,138.7438358014508,6.806540642698195e-15,9.920921668253567e+21,1.0,-0.007939265906934428,-7132690275663256.0,0.0,-4.4563704213209965e+17,0.0,-8.984067745398627e+17,0.0
1.0,pi,470,138.74608940936716,6.775931128610174e-15,9.920761811669352e+21,1.0,-0.00795537911470531,-7146818228990464.0,0.0,-4.4560808971437626e+17,0.0,-8.98362997657743e+17,0.0
1.0,pi,471,138.74834231310317,6.7454687678054755e-15,9.92060201282086e+21,1.0,-0.007971486762335745,-7160939908466873.0,0.0,-4.455791486944105e+17,0.0,-8.98319237297288e+17,0.0
1.0,pi,472,138.75059450994382,6.715152849583543e-15,9.920442271892849e+21,1.0,-0.007987588830928904,-7175055299044303.0,0.0,-4.4555021910464384e+17,0.0,-8.98275493508332e+17,0.0
1.0,pi,473,138.75284599716656,6.684982666665268e-15,9.920282589070574e+21,1.0,-0.008003685301536364,-7189164385635270.0,0.0,-4.4552130097760506e+17,0.0,-8.982317663408454e+17,0.0
1.0,pi,474,138.7550967720412,6.65495751517693e-15,9.920122964539802e+21,1.0,-0.008019776155157662,-7203267153112609.0,0.0,-4.4549239434590995e+17,0.0,-8.981880558449326e+17,0.0
1.0,pi,475,138.75734683183003,6.625076694633814e-15,9.919963398486798e+21,1.0,-0.008035861372740554,-7217363586309713.0,0.0,-4.454634992422616e+17,0.0,-8.98144362070833e+17,0.0
1.0,pi,476,138.7595961737877,6.5953395079235584e-15,9.919803891098333e+21,1.0,-0.008051940935181003,-7231453670020547.0,0.0,-4.4543461569945024e+17,0.0,-8.98100685068921e+17,0.0
1.0,pi,477,138.76184479516135,6.5657452612903294e-15,9.919644442561679e+21,1.0,-0.008068014823323118,-7245537388999598.0,0.0,-4.454057437503527e+17,0.0,-8.98057024889705e+17,0.0
1.0,pi,478,138.7640926931905,6.5362932643183135e-15,9.919485053064607e+21,1.0,-0.00808408301795934,-7259614727962064.0,0.0,-4.453768834279329e+17,0.0,-8.98013381583828e+17,0.0
1.0,pi,479,138.76633986510708,6.506982829916055e-15,9.919325722795397e+21,1.0,-0.008100145499830184,-7273685671583641.0,0.0,-4.4534803476524205e+17,0.0,-8.979697552020677e+17,0.0
1.0,pi,480,138.76858630813558,6.477813274299385e-15,9.919166451942823e+21,1.0,-0.008116202249625015,-7287750204501218.0,0.0,-4.4531919779541696e+17,0.0,-8.979261457953352e+17,0.0
1.0,pi,481,138.77083201949284,6.44878391697665e-15,9.919007240696162e+21,1.0,-0.008132253247981192,-7301808311312142.0,0.0,-4.452903725516818e+17,0.0,-8.978825534146757e+17,0.0
1.0,pi,482,138.77307699638817,6.419894080732547e-15,9.918848089245193e+21,1.0,-0.008148298475484471,-7315859976574589.0,0.0,-4.452615590673472e+17,0.0,-8.97838978111269e+17,0.0
1.0,pi,483,138.77532123602336,6.391143091611662e-15,9.91868899778019e+21,1.0,-0.008164337912669373,-7329905184807899.0,0.0,-4.4523275737581e+17,0.0,-8.977954199364279e+17,0.0
1.0,pi,484,138.77756473559265,6.362530278903573e-15,9.918529966491933e+21,1.0,-0.008180371540018865,-7343943920492316.0,0.0,-4.452039675105532e+17,0.0,-8.977518789415987e+17,0.0
1.0,pi,485,138.77980749228274,6.334054975126915e-15,9.918370995571693e+21,1.0,-0.0081963993379643,-7357976168068945.0,0.0,-4.451751895051464e+17,0.0,-8.977083551783617e+17,0.0
1.0,pi,486,138.78204950327282,6.305716516013901e-15,9.91821208521125e+21,1.0,-0.008212421286885723,-7372001911940044.0,0.0,-4.451464233932454e+17,0.0,-8.976648486984307e+17,0.0
1.0,pi,487,138.7842907657346,6.2775142404938385e-15,9.918053235602865e+21,1.0,-0.008228437367112394,-7386021136469487.0,0.0,-4.4511766920859046e+17,0.0,-8.976213595536504e+17,0.0
1.0,pi,488,138.78653127683222,6.249447490679602e-15,9.91789444693931e+21,1.0,-0.008244447558921685,-7400033825981828.0,0.0,-4.4508892698500986e+17,0.0,-8.975778877960015e+17,0.0
1.0,pi,489,138.78877103372238,6.221515611850591e-15,9.917735719413846e+21,1.0,-0.00826045184254018,-7414039964763252.0,0.0,-4.4506019675641555e+17,0.0,-8.975344334775944e+17,0.0
1.0,pi,490,138.79101003355427,6.193717952438279e-15,9.917577053220232e+21,1.0,-0.008276450198143208,-7428039537061218.0,0.0,-4.450314785568065e+17,0.0,-8.974909966506743e+17,0.0
1.0,pi,491,138.79324827346954,6.1660538640114604e-15,9.917418448552725e+21,1.0,-0.008292442605854914,-7442032527084510.0,0.0,-4.450027724202668e+17,0.0,-8.97447577367618e+17,0.0
1.0,pi,492,138.79548575060244,6.138522701259828e-15,9.917259905606068e+21,1.0,-0.008308429045748581,-7456018919003538.0,0.0,-4.4497407838096544e+17,0.0,-8.974041756809344e+17,0.0
1.0,pi,493,138.79772246207975,6.1111238219793915e-15,9.917101424575502e+21,1.0,-0.00832440949784688,-7469998696950574.0,0.0,-4.449453964731562e+17,0.0,-8.973607916432631e+17,0.0
1.0,pi,494,138.79995840502076,6.083856587058305e-15,9.916943005656761e+21,1.0,-0.008340383942121417,-7483971845019381.0,0.0,-4.449167267311788e+17,0.0,-8.973174253073769e+17,0.0
1.0,pi,495,138.8021935765373,6.056720360461724e-15,9.916784649046074e+21,1.0,-0.008356352358492539,-7497938347265037.0,0.0,-4.44888069189458e+17,0.0,-8.97274076726181e+17,0.0
1.0,pi,496,138.8044279737338,6.029714509215702e-15,9.916626354940154e+21,1.0,-0.008372314726830681,-7511898187705147.0,0.0,-4.4485942388250214e+17,0.0,-8.972307459527094e+17,0.0
1.0,pi,497,138.80666159370725,6.002838403393943e-15,9.916468123536208e+21,1.0,-0.008388271026955276,-7525851350318886.0,0.0,-4.448307908449048e+17,0.0,-8.971874330401285e+17,0.0
1.0,pi,498,138.8088944335472,5.9760914161025374e-15,9.916309955031935e+21,1.0,-0.008404221238635132,-7539797819047366.0,0.0,-4.4480217011134426e+17,0.0,-8.971441380417358e+17,0.0
1.0,pi,499,138.81112649033585,5.949472923465129e-15,9.916151849625519e+21,1.0,-0.008420165341588879,-7553737577794018.0,0.0,-4.447735617165824e+17,0.0,-8.97100861010959e+17,0.0
1.0,pi,500,138.81335776114793,5.9229823046088404e-15,9.915993807515634e+21,1.0,-0.008436103315484462,-7567670610424181.0,0.0,-4.44744965695466e+17,0.0,-8.970576020013562e+17,0.0
1.0,pi,501,138.81558824305085,5.8966189416489096e-15,9.915835828901438e+21,1.0,-0.008452035139939964,-7581596900765825.0,0.0,-4.447163820829246e+17,0.0,-8.97014361066615e+17,0.0
1.0,pi,502,138.81781793310458,5.870382219676104e-15,9.91567791398258e+21,1.0,-0.008467960794522646,-7595516432608725.0,0.0,-4.446878109139728e+17,0.0,-8.969711382605544e+17,0.0
1.0,pi,503,138.8200468283618,5.844271526739831e-15,9.91552006295919e+21,1.0,-0.008483880258750355,-7609429189705724.0,0.0,-4.4465925222370784e+17,0.0,-8.969279336371214e+17,0.0
1.0,pi,504,138.82227492586776,5.818286253836355e-15,9.915362276031886e+21,1.0,-0.00849979351209024,-7623335155771588.0,0.0,-4.446307060473109e+17,0.0,-8.968847472503935e+17,0.0
1.0,pi,505,138.82450222266044,5.792425794892743e-15,9.915204553401768e+21,1.0,-0.008515700533959973,-7637234314484135.0,0.0,-4.4460217242004634e+17,0.0,-8.968415791545768e+17,0.0
1.0,pi,506,138.82672871577049,5.766689546753542e-15,9.915046895270412e+21,1.0,-0.008531601303727418,-7651126649483911.0,0.0,-4.445736513772607e+17,0.0,-8.967984294040052e+17,0.0
1.0,pi,507,138.82895440222117,5.741076909167201e-15,9.91488930183989e+21,1.0,-0.00854749580071031,-7665012144373971.0,0.0,-4.445451429543851e+17,0.0,-8.96755298053144e+17,0.0
1.0,pi,508,138.83117927902853,5.7155872847709045e-15,9.914731773312736e+21,1.0,-0.008563384004177098,-7678890782720576.0,0.0,-4.4451664718693126e+17,0.0,-8.96712185156583e+17,0.0
1.0,pi,509,138.83340334320133,5.690220079077143e-15,9.914574309891976e+21,1.0,-0.008579265893346805,-7692762548053139.0,0.0,-4.444881641104948e+17,0.0,-8.966690907690427e+17,0.0
1.0,pi,510,138.83562659174095,5.664974700460974e-15,9.914416911781116e+21,1.0,-0.008595141447388252,-7706627423863514.0,0.0,-4.444596937607536e+17,0.0,-8.966260149453708e+17,0.0
1.0,pi,511,138.83784902164166,5.639850560143807e-15,9.91425957918413e+21,1.0,-0.008611010645422062,-7720485393607797.0,0.0,-4.444312361734666e+17,0.0,-8.96582957740541e+17,0.0
1.0,pi,512,138.8400706298904,5.6148470721821e-15,9.914102312305466e+21,1.0,-0.008626873466518914,-7734336440704783.0,0.0,-4.4440279138447514e+17,0.0,-8.96539919209655e+17,0.0
1.0,pi,513,138.84229141346685,5.589963653452577e-15,9.913945111350066e+21,1.0,-0.008642729889700307,-7748180548536671.0,0.0,-4.443743594297027e+17,0.0,-8.964968994079421e+17,0.0
1.0,pi,514,138.84451136934356,5.565199723638482e-15,9.913787976523325e+21,1.0,-0.008658579893939084,-7762017700449517.0,0.0,-4.443459403451536e+17,0.0,-8.964538983907567e+17,0.0
1.0,pi,515,138.84673049448585,5.540554705216236e-15,9.913630908031118e+21,1.0,-0.0086744234581593,-7775847879753142.0,0.0,-4.443175341669131e+17,0.0,-8.964109162135793e+17,0.0
1.0,pi,516,138.84894878585186,5.516028023442142e-15,9.913473906079796e+21,1.0,-0.008690260561236016,-7789671069720965.0,0.0,-4.442891409311477e+17,0.0,-8.963679529320164e+17,0.0
1.0,pi,517,138.85116624039253,5.4916191063391695e-15,9.913316970876172e+21,1.0,-0.008706091181995636,-7803487253590297.0,0.0,-4.44260760674105e+17,0.0,-8.963250086018003e+17,0.0
1.0,pi,518,138.8533828550517,5.467327384682859e-15,9.913160102627533e+21,1.0,-0.008721915299216279,-7817296414562698.0,0.0,-4.442323934321125e+17,0.0,-8.962820832787878e+17,0.0
1.0,pi,519,138.85559862676607,5.443152291988863e-15,9.913003301541633e+21,1.0,-0.008737732891627588,-7831098535803810.0,0.0,-4.4420403924157824e+17,0.0,-8.962391770189604e+17,0.0
1.0,pi,520,138.85781355246513,5.41909326449993e-15,9.912846567826696e+21,1.0,-0.008753543937910405,-7844893600443085.0,0.0,-4.4417569813899117e+17,0.0,-8.961962898784253e+17,0.0
1.0,pi,521,138.86002762907142,5.395149741171087e-15,9.9126899016914e+21,1.0,-0.008769348416698512,-7858681591575326.0,0.0,-4.4414737016091795e+17,0.0,-8.961534219134112e+17,0.0
1.0,pi,522,138.8622408535003,5.371321163658622e-15,9.912533303344901e+21,1.0,-0.008785146306576824,-7872462492259113.0,0.0,-4.4411905534400685e+17,0.0,-8.961105731802728e+17,0.0
1.0,pi,523,138.86445322266013,5.3476069763057225e-15,9.912376772996807e+21,1.0,-0.008800937586082802,-7886236285518053.0,0.0,-4.440907537249841e+17,0.0,-8.960677437354863e+17,0.0
1.0,pi,524,138.86666473345215,5.324006626130331e-15,9.912220310857188e+21,1.0,-0.008816722233706003,-7900002954340392.0,0.0,-4.440624653406554e+17,0.0,-8.960249336356512e+17,0.0
1.0,pi,525,138.86887538277063,5.300519562811853e-15,9.912063917136581e+21,1.0,-0.008832500227888401,-7913762481679324.0,0.0,-4.4403419022790566e+17,0.0,-8.959821429374906e+17,0.0
1.0,pi,526,138.8710851675028,5.277145238678228e-15,9.911907592045976e+21,1.0,-0.008848271547024575,-7927514850453150.0,0.0,-4.440059284236978e+17,0.0,-8.959393716978487e+17,0.0
1.0,pi,527,138.87329408452896,5.25388310869308e-15,9.911751335796816e+21,1.0,-0.008864036169462035,-7941260043545576.0,0.0,-4.4397767996507245e+17,0.0,-8.958966199736904e+17,0.0
1.0,pi,528,138.87550213072237,5.230732630444118e-15,9.91159514860101e+21,1.0,-0.00887979407350051,-7954998043805111.0,0.0,-4.4394944488914963e+17,0.0,-8.958538878221043e+17,0.0
1.0,pi,529,138.8777093029494,5.207693264128612e-15,9.911439030670905e+21,1.0,-0.00889554523739349,-7968728834046421.0,0.0,-4.4392122323312525e+17,0.0,-8.95811175300297e+17,0.0
1.0,pi,530,138.87991559806946,5.1847644725425266e-15,9.911282982219317e+21,1.0,-0.008911289639347002,-7982452397049266.0,0.0,-4.438930150342741e+17,0.0,-8.957684824655974e+17,0.0
1.0,pi,531,138.88212101293504,5.161945721067321e-15,9.911127003459502e+21,1.0,-0.008927027257520512,-7996168715559306.0,0.0,-4.4386482032994765e+17,0.0,-8.957258093754546e+17,0.0
1.0,pi,532,138.88432554439183,5.139236477656828e-15,9.91097109460517e+21,1.0,-0.00894275807002731,-8009877772288446.0,0.0,-4.438366391575736e+17,0.0,-8.956831560874356e+17,0.0
1.0,pi,533,138.88652918927852,5.116636212826553e-15,9.910815255870478e+21,1.0,-0.008958482054933607,-8023579549914059.0,0.0,-4.438084715546575e+17,0.0,-8.95640522659229e+17,0.0
1.0,pi,534,138.88873194442712,5.0941443996389245e-15,9.910659487470023e+21,1.0,-0.0089741991902604,-8037274031080617.0,0.0,-4.437803175587788e+17,0.0,-8.955979091486382e+17,0.0
1.0,pi,535,138.89093380666264,5.071760513694155e-15,9.91050378961886e+21,1.0,-0.008989909453981147,-8050961198397683.0,0.0,-4.4375217720759616e+17,0.0,-8.9555531561359e+17,0.0
1.0,pi,536,138.8931347728035,5.049484033114198e-15,9.910348162532465e+21,1.0,-0.0090056128240252,-8064641034442909.0,0.0,-4.437240505388401e+17,0.0,-8.955127421121231e+17,0.0
1.0,pi,537,138.89533483966116,5.027314438534576e-15,9.91019260642678e+21,1.0,-0.00902130927827462,-8078313521759276.0,0.0,-4.436959375903198e+17,0.0,-8.954701887023988e+17,0.0
1.0,pi,538,138.8975340040404,5.005251213089338e-15,9.910037121518168e+21,1.0,-0.009036998794566577,-8091978642857182.0,0.0,-4.436678383999173e+17,0.0,-8.954276554426918e+17,0.0
1.0,pi,539,138.89973226273935,4.983293842399851e-15,9.909881708023439e+21,1.0,-0.009052681350693087,-8105636380214252.0,0.0,-4.4363975300559014e+17,0.0,-8.953851423913946e+17,0.0
1.0,pi,540,138.9019296125493,4.961441814563616e-15,9.90972636615983e+21,1.0,-0.009068356924400564,-8119286716274923.0,0.0,-4.4361168144537005e+17,0.0,-8.95342649607015e+17,0.0
1.0,pi,541,138.90412605025497,4.939694620141443e-15,9.909571096145025e+21,1.0,-0.009084025493390387,-8132929633450964.0,0.0,-4.435836237573628e+17,0.0,-8.953001771481765e+17,0.0
1.0,pi,542,138.90632157263437,4.918051752145846e-15,9.909415898197128e+21,1.0,-0.009099687035319298,-8146565114121843.0,0.0,-4.435555799797477e+17,0.0,-8.952577250736173e+17,0.0
1.0,pi,543,138.90851617645887,4.8965127060294626e-15,9.90926077253468e+21,1.0,-0.009115341527799138,-8160193140634487.0,0.0,-4.435275501507778e+17,0.0,-8.952152934421901e+17,0.0
1.0,pi,544,138.91070985849333,4.875076979672446e-15,9.909105719376647e+21,1.0,-0.009130988948397688,-8173813695304036.0,0.0,-4.434995343087784e+17,0.0,-8.951728823128607e+17,0.0
1.0,pi,545,138.91290261549597,4.853744073371858e-15,9.90895073894242e+21,1.0,-0.009146629274638145,-8187426760413386.0,0.0,-4.434715324921474e+17,0.0,-8.951304917447081e+17,0.0
1.0,pi,546,138.9150944442184,4.83251348983e-15,9.90879583145182e+21,1.0,-0.009162262483999385,-8201032318213446.0,0.0,-4.4344354473935616e+17,0.0,-8.950881217969258e+17,0.0
1.0,pi,547,138.9172853414058,4.811384734141702e-15,9.90864099712509e+21,1.0,-0.009177888553916729,-8214630350923797.0,0.0,-4.4341557108894726e+17,0.0,-8.950457725288183e+17,0.0
1.0,pi,548,138.91947530379682,4.790357313783894e-15,9.908486236182894e+21,1.0,-0.009193507461781566,-8228220840732380.0,0.0,-4.433876115795348e+17,0.0,-8.95003443999802e+17,0.0
1.0,pi,549,138.92166432812363,4.769430738603569e-15,9.908331548846305e+21,1.0,-0.009209119184941992,-8241803769796048.0,0.0,-4.4335966624980365e+17,0.0,-8.949611362694034e+17,0.0
1.0,pi,550,138.92385241111197,4.748604520806634e-15,9.90817693533683e+21,1.0,-0.009224723700702547,-8255379120240379.0,0.0,-4.433317351385109e+17,0.0,-8.949188493972622e+17,0.0
1.0,pi,551,138.92603954948117,4.727878174946272e-15,9.908022395876372e+21,1.0,-0.009240320986324926,-8268946874160252.0,0.0,-4.433038182844821e+17,0.0,-8.948765834431245e+17,0.0
1.0,pi,552,138.9282257399442,4.707251217911912e-15,9.90786793068726e+21,1.0,-0.009255911019027918,-8282507013619868.0,0.0,-4.432759157266147e+17,0.0,-8.948343384668493e+17,0.0
1.0,pi,553,138.9304109792076,4.686723168917981e-15,9.90771353999223e+21,1.0,-0.009271493775987273,-8296059520652571.0,0.0,-4.4324802750387475e+17,0.0,-8.94792114528402e+17,0.0
1.0,pi,554,138.93259526397165,4.666293549492706e-15,9.907559224014426e+21,1.0,-0.009287069234336537,-8309604377261642.0,0.0,-4.432201536552983e+17,0.0,-8.947499116878582e+17,0.0
1.0,pi,555,138.9347785909303,4.645961883466459e-15,9.907404982977395e+21,1.0,-0.009302637371167054,-8323141565420275.0,0.0,-4.4319229421998976e+17,0.0,-8.947077300053998e+17,0.0
1.0,pi,556,138.9369609567713,4.625727696961212e-15,9.907250817105094e+21,1.0,-0.009318198163528104,-8336671067071713.0,0.0,-4.43164449237122e+17,0.0,-8.946655695413157e+17,0.0
1.0,pi,557,138.939142358176,4.605590518379782e-15,9.907096726621877e+21,1.0,-0.009333751588426814,-8350192864129188.0,0.0,-4.431366187459369e+17,0.0,-8.94623430356003e+17,0.0
1.0,pi,558,138.94132279181974,4.585549878394079e-15,9.906942711752502e+21,1.0,-0.009349297622829088,-8363706938476722.0,0.0,-4.431088027857431e+17,0.0,-8.94581312509963e+17,0.0
1.0,pi,559,138.94350225437157,4.565605309934469e-15,9.90678877272212e+21,1.0,-0.009364836243659391,-8377213271968961.0,0.0,-4.43081001395917e+17,0.0,-8.94539216063803e+17,0.0
1.0,pi,560,138.9456807424944,4.545756348179189e-15,9.906634909756282e+21,1.0,-0.009380367427800827,-8390711846431236.0,0.0,-4.430532146159019e+17,0.0,-8.944971410782349e+17,0.0
1.0,pi,561,138.9478582528451,4.526002530543034e-15,9.906481123080922e+21,1.0,-0.009395891152095975,-8404202643660306.0,0.0,-4.430254424852068e+17,0.0,-8.944550876140739e+17,0.0
1.0,pi,562,138.9500347820744,4.506343396666884e-15,9.906327412922378e+21,1.0,-0.009411407393346557,-8417685645424083.0,0.0,-4.4299768504340755e+17,0.0,-8.944130557322392e+17,0.0
1.0,pi,563,138.95221032682696,4.486778488407533e-15,9.90617377950737e+21,1.0,-0.009426916128313381,-8431160833461565.0,0.0,-4.429699423301459e+17,0.0,-8.943710454937535e+17,0.0
1.0,pi,564,138.95438488374154,4.467307349825275e-15,9.906020223062995e+21,1.0,-0.009442417333718155,-8444628189484451.0,0.0,-4.429422143851273e+17,0.0,-8.94329056959739e+17,0.0
1.0,pi,565,138.95655844945077,4.447929527175889e-15,9.905866743816754e+21,1.0,-0.00945791098624127,-8458087695175198.0,0.0,-4.4291450124812397e+17,0.0,-8.942870901914231e+17,0.0
1.0,pi,566,138.95873102058147,4.42864456889732e-15,9.905713341996504e+21,1.0,-0.009473397062524595,-8471539332189459.0,0.0,-4.428868029589702e+17,0.0,-8.942451452501298e+17,0.0
1.0,pi,567,138.96090259375447,4.409452025601255e-15,9.905560017830502e+21,1.0,-0.009488875539169796,-8484983082154648.0,0.0,-4.42859119557566e+17,0.0,-8.942032221972867e+17,0.0
1.0,pi,568,138.96307316558477,4.390351450061452e-15,9.905406771547366e+21,1.0,-0.009504346392739811,-8498418926671191.0,0.0,-4.428314510838731e+17,0.0,-8.941613210944174e+17,0.0
1.0,pi,569,138.96524273268145,4.371342397204638e-15,9.9052536033761e+21,1.0,-0.009519809599757758,-8511846847311622.0,0.0,-4.428037975779184e+17,0.0,-8.941194420031484e+17,0.0
1.0,pi,570,138.9674112916479,4.352424424097968e-15,9.905100513546064e+21,1.0,-0.009535265136709324,-8525266825622641.0,0.0,-4.427761590797885e+17,0.0,-8.940775849851996e+17,0.0
1.0,pi,571,138.96957883908163,4.3335970899410174e-15,9.904947502286998e+21,1.0,-0.009550712980040699,-8538678843123332.0,0.0,-4.42748535629634e+17,0.0,-8.940357501023913e+17,0.0
1.0,pi,572,138.97174537157454,4.31485995605386e-15,9.904794569829004e+21,1.0,-0.009566153106160644,-8552082881306957.0,0.0,-4.427209272676656e+17,0.0,-8.939939374166382e+17,0.0
1.0,pi,573,138.97391088571268,4.296212585868401e-15,9.904641716402547e+21,1.0,-0.009581585491439122,-8565478921639791.0,0.0,-4.426933340341568e+17,0.0,-8.939521469899534e+17,0.0
1.0,pi,574,138.97607537807656,4.277654544916575e-15,9.904488942238454e+21,1.0,-0.009597010112209063,-8578866945562634.0,0.0,-4.4266575596944026e+17,0.0,-8.93910378884443e+17,0.0
1.0,pi,575,138.97823884524104,4.259185400821048e-15,9.904336247567906e+21,1.0,-0.009612426944766151,-8592246934490659.0,0.0,-4.426381931139087e+17,0.0,-8.93868633162308e+17,0.0
1.0,pi,576,138.98040128377536,4.240804723285479e-15,9.90418363262244e+21,1.0,-0.009627835965368448,-8605618869813060.0,0.0,-4.426106455080149e+17,0.0,-8.93826909885843e+17,0.0
1.0,pi,577,138.98256269024327,4.22251208408386e-15,9.904031097633949e+21,1.0,-0.009643237150237549,-8618982732894091.0,0.0,-4.425831131922708e+17,0.0,-8.937852091174356e+17,0.0
1.0,pi,578,138.984723061203,4.204307057050643e-15,9.903878642834671e+21,1.0,-0.009658630475558524,-8632338505072992.0,0.0,-4.42555596207246e+17,0.0,-8.93743530919565e+17,0.0
1.0,pi,579,138.98688239320725,4.186189218071626e-15,9.903726268457192e+21,1.0,-0.009674015917479788,-8645686167663900.0,0.0,-4.425280945935694e+17,0.0,-8.937018753548028e+17,0.0
1.0,pi,580,138.98904068280336,4.168158145072982e-15,9.903573974734447e+21,1.0,-0.00968939345211393,-8659025701956562.0,0.0,-4.4250060839192704e+17,0.0,-8.936602424858107e+17,0.0
1.0,pi,581,138.99119792653332,4.1502134180115446e-15,9.9034217618997e+21,1.0,-0.009704763055538312,-8672357089216862.0,0.0,-4.42473137643061e+17,0.0,-8.936186323753389e+17,0.0
1.0,pi,582,138.99335412093362,4.132354618866541e-15,9.903269630186564e+21,1.0,-0.009720124703793959,-8685680310685861.0,0.0,-4.4244568238777146e+17,0.0,-8.935770450862287e+17,0.0
1.0,pi,583,138.99550926253562,4.11458133162738e-15,9.903117579828987e+21,1.0,-0.00973547837288776,-8698995347581716.0,0.0,-4.4241824266691315e+17,0.0,-8.93535480681408e+17,0.0
1.0,pi,584,138.99766334786528,4.096893142286428e-15,9.90296561106124e+21,1.0,-0.009750824038790913,-8712302181098322.0,0.0,-4.423908185213973e+17,0.0,-8.93493939223893e+17,0.0
1.0,pi,585,138.99981637344342,4.079289638827604e-15,9.902813724117932e+21,1.0,-0.009766161677440677,-8725600792406849.0,0.0,-4.423634099921895e+17,0.0,-8.934524207767859e+17,0.0
1.0,pi,586,139.00196833578568,4.061770411217383e-15,9.902661919233995e+21,1.0,-0.00978149126474011,-8738891162655508.0,0.0,-4.423360171203095e+17,0.0,-8.934109254032745e+17,0.0
1.0,pi,587,139.00411923140248,4.044335051395829e-15,9.902510196644685e+21,1.0,-0.009796812776557876,-8752173272969385.0,0.0,-4.423086399468314e+17,0.0,-8.933694531666322e+17,0.0
1.0,pi,588,139.00626905679923,4.026983153266291e-15,9.902358556585578e+21,1.0,-0.009812126188729271,-8765447104451349.0,0.0,-4.422812785128826e+17,0.0,-8.933280041302166e+17,0.0
1.0,pi,589,139.00841780847622,4.0097143126863075e-15,9.902206999292568e+21,1.0,-0.009827431477056371,-8778712638182159.0,0.0,-4.4225393285964275e+17,0.0,-8.932865783574676e+17,0.0
1.0,pi,590,139.0105654829288,3.992528127458099e-15,9.902055525001862e+21,1.0,-0.00984272861730828,-8791969855220706.0,0.0,-4.422266030283437e+17,0.0,-8.932451759119081e+17,0.0
1.0,pi,591,139.0127120766473,3.975424197319338e-15,9.901904133949978e+21,1.0,-0.009858017585221184,-8805218736604042.0,0.0,-4.421992890602693e+17,0.0,-8.932037968571427e+17,0.0
1.0,pi,592,139.01485758611716,3.958402123933514e-15,9.90175282637374e+21,1.0,-0.00987329835649928,-8818459263348198.0,0.0,-4.421719909967537e+17,0.0,-8.931624412568556e+17,0.0
1.0,pi,593,139.01700200781892,3.941461510881471e-15,9.901601602510283e+21,1.0,-0.009888570906814309,-8831691416447778.0,0.0,-4.421447088791824e+17,0.0,-8.931211091748127e+17,0.0
1.0,pi,594,139.0191453382283,3.924601963651199e-15,9.901450462597036e+21,1.0,-0.00990383521180659,-8844915176876861.0,0.0,-4.421174427489902e+17,0.0,-8.930798006748572e+17,0.0
1.0,pi,595,139.02128757381627,3.907823089629017e-15,9.901299406871728e+21,1.0,-0.009919091247085024,-8858130525588997.0,0.0,-4.4209019264766086e+17,0.0,-8.930385158209107e+17,0.0
1.0,pi,596,139.02342871104904,3.891124498090584e-15,9.901148435572385e+21,1.0,-0.009934338988227681,-8871337443517729.0,0.0,-4.420629586167273e+17,0.0,-8.929972546769723e+17,0.0
1.0,pi,597,139.02556874638805,3.8745058001923936e-15,9.90099754893733e+21,1.0,-0.009949578410781021,-8884535911575905.0,0.0,-4.42035740697771e+17,0.0,-8.929560173071181e+17,0.0
1.0,pi,598,139.02770767629022,3.857966608961099e-15,9.900846747205157e+21,1.0,-0.009964809490262214,-8897725910657700.0,0.0,-4.4200853893241984e+17,0.0,-8.929148037754973e+17,0.0
1.0,pi,599,139.02984549720784,3.841506539285778e-15,9.90069603061476e+21,1.0,-0.009980032202157992,-8910907421637607.0,0.0,-4.419813533623484e+17,0.0,-8.928736141463345e+17,0.0
1.0,pi,600,139.03198220558858,3.825125207909333e-15,9.900545399405314e+21,1.0,-0.009995246521924895,-8924080425370690.0,0.0,-4.419541840292797e+17,0.0,-8.928324484839301e+17,0.0
1.0,pi,601,139.0341177978757,3.8088222334179835e-15,9.900394853816263e+21,1.0,-0.010010452424990969,-8937244902693996.0,0.0,-4.419270309749795e+17,0.0,-8.927913068526529e+17,0.0
1.0,pi,602,139.0362522705079,3.7925972362342966e-15,9.900244394087337e+21,1.0,-0.01002564988675432,-8950400834425354.0,0.0,-4.418998942412611e+17,0.0,-8.927501893169477e+17,0.0
1.0,pi,603,139.03838561991964,3.776449838606347e-15,9.900094020458524e+21,1.0,-0.010040838882585402,-8963548201365322.0,0.0,-4.4187277386998e+17,0.0,-8.927090959413253e+17,0.0
1.0,pi,604,139.04051784254088,3.760379664600828e-15,9.899943733170088e+21,1.0,-0.010056019387825585,-8976686984295966.0,0.0,-4.4184566990303686e+17,0.0,-8.926680267903697e+17,0.0
1.0,pi,605,139.0426489347973,3.744386340093385e-15,9.899793532462561e+21,1.0,-0.010071191377788311,-8989817163981863.0,0.0,-4.4181858238237574e+17,0.0,-8.926269819287334e+17,0.0
1.0,pi,606,139.04477889311045,3.7284694927594486e-15,9.899643418576725e+21,1.0,-0.010086354827760156,-9002938721170999.0,0.0,-4.417915113499817e+17,0.0,-8.925859614211343e+17,0.0
1.0,pi,607,139.04690771389747,3.7126287520670214e-15,9.89949339175363e+21,1.0,-0.010101509712999435,-9016051636593578.0,0.0,-4.417644568478832e+17,0.0,-8.9254496533236e+17,0.0
1.0,pi,608,139.04903539357153,3.69686374926632e-15,9.89934345223457e+21,1.0,-0.01011665600873844,-9029155890963958.0,0.0,-4.417374189181489e+17,0.0,-8.925039937272618e+17,0.0
1.0,pi,609,139.05116192854163,3.681174117382439e-15,9.89919360026109e+21,1.0,-0.010131793690182704,-9042251464980004.0,0.0,-4.417103976028883e+17,0.0,-8.924630466707566e+17,0.0
1.0,pi,610,139.0532873152127,3.665559491206564e-15,9.89904383607499e+21,1.0,-0.010146922732511401,-9055338339323434.0,0.0,-4.416833929442509e+17,0.0,-8.924221242278252e+17,0.0
1.0,pi,611,139.05541154998573,3.6500195072872456e-15,9.8988941599183e+21,1.0,-0.010162043110878184,-9068416494660548.0,0.0,-4.416564049844253e+17,0.0,-8.923812264635112e+17,0.0
1.0,pi,612,139.0575346292577,3.6345538039221225e-15,9.898744572033303e+21,1.0,-0.010177154800411125,-9081485911642174.0,0.0,-4.41629433765639e+17,0.0,-8.923403534429201e+17,0.0
1.0,pi,613,139.0596565494218,3.619162021149079e-15,9.8985950726625e+21,1.0,-0.010192257776213751,-9094546570904554.0,0.0,-4.416024793301562e+17,0.0,-8.92299505231217e+17,0.0
1.0,pi,614,139.06177730686724,3.6038438007388865e-15,9.898445662048638e+21,1.0,-0.01020735201336439,-9107598453068794.0,0.0,-4.415755417202802e+17,0.0,-8.922586818936292e+17,0.0
1.0,pi,615,139.06389689797962,3.588598786185619e-15,9.898296340434683e+21,1.0,-0.01022243748691761,-9120641538742070.0,0.0,-4.415486209783488e+17,0.0,-8.922178834954396e+17,0.0
1.0,pi,616,139.0660153191407,3.573426622699379e-15,9.898147108063824e+21,1.0,-0.010237514171903883,-9133675808517382.0,0.0,-4.4152171714673664e+17,0.0,-8.921771101019907e+17,0.0
1.0,pi,617,139.06813256672856,3.558326957197622e-15,9.897997965179478e+21,1.0,-0.010252582043330181,-9146701242974032.0,0.0,-4.4149483026785395e+17,0.0,-8.921363617786819e+17,0.0
1.0,pi,618,139.07024863711777,3.543299438296747e-15,9.897848912025265e+21,1.0,-0.01026764107618074,-9159717822678296.0,0.0,-4.4146796038414406e+17,0.0,-8.920956385909664e+17,0.0
1.0,pi,619,139.0723635266792,3.528343716304718e-15,9.897699948845033e+21,1.0,-0.010282691245416557,-9172725528182980.0,0.0,-4.4144110753808557e+17,0.0,-8.920549406043542e+17,0.0
1.0,pi,620,139.07447723178035,3.5134594432115326e-15,9.89755107588282e+21,1.0,-0.01029773252597713,-9185724340028926.0,0.0,-4.4141427177218854e+17,0.0,-8.92014267884406e+17,0.0
1.0,pi,621,139.07658974878515,3.498646272682935e-15,9.897402293382885e+21,1.0,-0.010312764892779235,-9198714238743944.0,0.0,-4.4138745312899686e+17,0.0,-8.919736204967377e+17,0.0
1.0,pi,622,139.07870107405427,3.483903860050568e-15,9.89725360158967e+21,1.0,-0.010327788320719124,-9211695204844716.0,0.0,-4.4136065165108416e+17,0.0,-8.91932998507013e+17,0.0
1.0,pi,623,139.0808112039449,3.4692318623055646e-15,9.89710500074783e+21,1.0,-0.010342802784671038,-9224667218835508.0,0.0,-4.4133386738105715e+17,0.0,-8.918924019809498e+17,0.0
1.0,pi,624,139.0829201348111,3.454629938089191e-15,9.896956491102199e+21,1.0,-0.01035780825948948,-9237630261210110.0,0.0,-4.4130710036155034e+17,0.0,-8.918518309843108e+17,0.0
1.0,pi,625,139.08502786300363,3.440097747685918e-15,9.8968080728978e+21,1.0,-0.01037280472000817,-9250584312450956.0,0.0,-4.412803506352292e+17,0.0,-8.918112855829093e+17,0.0
1.0,pi,626,139.0871343848701,3.425634953015142e-15,9.89665974637985e+21,1.0,-0.010387792141041033,-9263529353029956.0,0.0,-4.412536182447876e+17,0.0,-8.917707658426052e+17,0.0
1.0,pi,627,139.08923969675502,3.411241217623344e-15,9.896511511793733e+21,1.0,-0.01040277049738283,-9276465363409048.0,0.0,-4.412269032329471e+17,0.0,-8.917302718293033e+17,0.0
1.0,pi,628,139.09134379499986,3.396916206676294e-15,9.896363369385016e+21,1.0,-0.010417739763809107,-9289392324040118.0,0.0,-4.4120020564245626e+17,0.0,-8.916898036089526e+17,0.0
1.0,pi,629,139.09344667594314,3.3826595869510945e-15,9.896215319399436e+21,1.0,-0.010432699915077103,-9302310215365836.0,0.0,-4.411735255160906e+17,0.0,-8.91649361247547e+17,0.0
1.0,pi,630,139.09554833592045,3.3684710268286627e-15,9.89606736208289e+21,1.0,-0.010447650925925875,-9315219017819694.0,0.0,-4.411468628966504e+17,0.0,-8.916089448111204e+17,0.0
1.0,pi,631,139.09764877126452,3.3543501962860465e-15,9.89591949768145e+21,1.0,-0.010462592771076822,-9328118711826504.0,0.0,-4.411202178269616e+17,0.0,-8.915685543657498e+17,0.0
1.0,pi,632,139.09974797830526,3.3402967668885977e-15,9.895771726441334e+21,1.0,-0.010477525425234075,-9341009277802696.0,0.0,-4.410935903498737e+17,0.0,-8.915281899775502e+17,0.0
1.0,pi,633,139.10184595336986,3.3263104117825635e-15,9.895624048608922e+21,1.0,-0.010492448863084753,-9353890696156548.0,0.0,-4.4106698050826035e+17,0.0,-8.914878517126772e+17,0.0
1.0,pi,634,139.10394269278285,3.312390805687146e-15,9.895476464430745e+21,1.0,-0.010507363059299881,-9366762947288976.0,0.0,-4.410403883450171e+17,0.0,-8.914475396373231e+17,0.0
1.0,pi,635,139.1060381928661,3.298537624887553e-15,9.89532897415347e+21,1.0,-0.010522267988534124,-9379626011593274.0,0.0,-4.4101381390306176e+17,0.0,-8.914072538177169e+17,0.0
1.0,pi,636,139.108132449939,3.2847505472263866e-15,9.895181578023916e+21,1.0,-0.010537163625427351,-9392479869456494.0,0.0,-4.4098725722533254e+17,0.0,-8.913669943201216e+17,0.0
1.0,pi,637,139.11022546031845,3.271029252097332e-15,9.895034276289029e+21,1.0,-0.010552049944603913,-9405324501258774.0,0.0,-4.4096071835478803e+17,0.0,-8.913267612108348e+17,0.0
1.0,pi,638,139.11231722031883,3.2573734204373746e-15,9.894887069195893e+21,1.0,-0.010566926920673432,-9418159887374054.0,0.0,-4.40934197334407e+17,0.0,-8.91286554556188e+17,0.0
1.0,pi,639,139.11440772625227,3.2437827347188795e-15,9.894739956991722e+21,1.0,-0.010581794528231648,-9430986008170756.0,0.0,-4.409076942071859e+17,0.0,-8.912463744225426e+17,0.0
1.0,pi,640,139.11649697442857,3.230256878942641e-15,9.894592939923845e+21,1.0,-0.010596652741860798,-9443802844012150.0,0.0,-4.408812090161394e+17,0.0,-8.91206220876291e+17,0.0
1.0,pi,641,139.1185849611553,3.2167955386305924e-15,9.894446018239715e+21,1.0,-0.010611501536129496,-9456610375256194.0,0.0,-4.4085474180429914e+17,0.0,-8.911660939838545e+17,0.0
1.0,pi,642,139.12067168273788,3.2033984008183724e-15,9.894299192186898e+21,1.0,-0.01062634088559377,-9469408582256458.0,0.0,-4.408282926147129e+17,0.0,-8.911259938116822e+17,0.0
1.0,pi,643,139.1227571354796,3.1900651540481134e-15,9.894152462013072e+21,1.0,-0.010641170764797326,-9482197445362334.0,0.0,-4.408018614904441e+17,0.0,-8.910859204262505e+17,0.0
1.0,pi,644,139.12484131568172,3.176795488361086e-15,9.894005827966016e+21,1.0,-0.010655991148272063,-9494976944919446.0,0.0,-4.4077544847457024e+17,0.0,-8.910458738940599e+17,0.0
1.0,pi,645,139.12692421964357,3.163589095290742e-15,9.893859290293614e+21,1.0,-0.01067080201053834,-9507747061269918.0,0.0,-4.4074905361018323e+17,0.0,-8.910058542816365e+17,0.0
1.0,pi,646,139.12900584366255,3.150445667855254e-15,9.89371284924384e+21,1.0,-0.010685603326105813,-9520507774753044.0,0.0,-4.407226769403876e+17,0.0,-8.909658616555283e+17,0.0
1.0,pi,647,139.13108618403425,3.1373649005506325e-15,9.893566505064765e+21,1.0,-0.010700395069473708,-9533259065705534.0,0.0,-4.4069631850829946e+17,0.0,-8.909258960823044e+17,0.0
1.0,pi,648,139.13316523705248,3.1243464893433433e-15,9.89342025800454e+21,1.0,-0.0107151772151312,-9546000914461834.0,0.0,-4.4066997835704666e+17,0.0,-8.908859576285551e+17,0.0
1.0,pi,649,139.13524299900936,3.1113901316636736e-15,9.893274108311403e+21,1.0,-0.01072994973755814,-9558733301354730.0,0.0,-4.4064365652976723e+17,0.0,-8.908460463608892e+17,0.0
1.0,pi,650,139.13731946619538,3.0984955263984226e-15,9.893128056233666e+21,1.0,-0.010744712611225173,-9571456206715450.0,0.0,-4.4061735306960896e+17,0.0,-8.908061623459333e+17,0.0
1.0,pi,651,139.13939463489945,3.085662373883984e-15,9.892982102019713e+21,1.0,-0.01075946581059453,-9584169610874332.0,0.0,-4.4059106801972826e+17,0.0,-8.907663056503309e+17,0.0
1.0,pi,652,139.14146850140904,3.0728903758991137e-15,9.892836245917997e+21,1.0,-0.010774209310120674,-9596873494161372.0,0.0,-4.4056480142328877e+17,0.0,-8.90726476340739e+17,0.0
1.0,pi,653,139.14354106201014,3.0601792356586138e-15,9.892690488177033e+21,1.0,-0.010788943084250173,-9609567836906110.0,0.0,-4.405385533234622e+17,0.0,-8.906866744838305e+17,0.0
1.0,pi,654,139.14561231298742,3.0475286578059915e-15,9.892544829045395e+21,1.0,-0.010803667107422608,-9622252619438376.0,0.0,-4.4051232376342554e+17,0.0,-8.906469001462894e+17,0.0
1.0,pi,655,139.14768225062429,3.0349383484065162e-15,9.892399268771704e+21,1.0,-0.010818381354071425,-9634927822089058.0,0.0,-4.4048611278636115e+17,0.0,-8.906071533948114e+17,0.0
1.0,pi,656,139.14975087120288,3.022408014940827e-15,9.892253807604635e+21,1.0,-0.010833085798623472,-9647593425189638.0,0.0,-4.404599204354559e+17,0.0,-8.905674342961014e+17,0.0
1.0,pi,657,139.15181817100424,3.0099373662978784e-15,9.892108445792904e+21,1.0,-0.01084778041550031,-9660249409073360.0,0.0,-4.4043374675390035e+17,0.0,-8.90527742916874e+17,0.0
1.0,pi,658,139.15388414630834,2.9975261127679326e-15,9.891963183585263e+21,1.0,-0.010862465179118663,-9672895754075562.0,0.0,-4.404075917848865e+17,0.0,-8.904880793238486e+17,0.0
1.0,pi,659,139.15594879339415,2.9851739660364366e-15,9.8918180212305e+21,1.0,-0.010877140063890425,-9685532440533710.0,0.0,-4.403814555716096e+17,0.0,-8.90448443583753e+17,0.0
1.0,pi,660,139.15801210853968,2.97288063917691e-15,9.891672958977431e+21,1.0,-0.010891805044223496,-9698159448788080.0,0.0,-4.403553381572651e+17,0.0,-8.904088357633184e+17,0.0
1.0,pi,661,139.16007408802218,2.9606458466440386e-15,9.89152799707489e+21,1.0,-0.01090646009452264,-9710776759182476.0,0.0,-4.403292395850473e+17,0.0,-8.90369255929277e+17,0.0
1.0,pi,662,139.162134728118,2.948469304268161e-15,9.891383135771734e+21,1.0,-0.010921105189188896,-9723384352063748.0,0.0,-4.403031598981517e+17,0.0,-8.903297041483671e+17,0.0
1.0,pi,663,139.16419402510286,2.9363507292470788e-15,9.891238375316831e+21,1.0,-0.01093574030262153,-9735982207783414.0,0.0,-4.402770991397698e+17,0.0,-8.90290180487323e+17,0.0
1.0,pi,664,139.1662519752518,2.92428984014094e-15,9.891093715959062e+21,1.0,-0.010950365409217195,-9748570306696962.0,0.0,-4.4025105735309184e+17,0.0,-8.902506850128806e+17,0.0
1.0,pi,665,139.1683085748394,2.9122863568646385e-15,9.890949157947299e+21,1.0,-0.010964980483371804,-9761148629165426.0,0.0,-4.4022503458130336e+17,0.0,-8.902112177917722e+17,0.0
1.0,pi,666,139.1703638201396,2.900340000681914e-15,9.89080470153042e+21,1.0,-0.010979585499479904,-9773717155554844.0,0.0,-4.401990308675855e+17,0.0,-8.901717788907258e+17,0.0
1.0,pi,667,139.17241770742606,2.8884504941989888e-15,9.890660346957293e+21,1.0,-0.01099418043193544,-9786275866236882.0,0.0,-4.401730462551141e+17,0.0,-8.901323683764652e+17,0.0
1.0,pi,668,139.17447023297206,2.8766175613574086e-15,9.890516094476777e+21,1.0,-0.01100876525513306,-9798824741589980.0,0.0,-4.401470807870584e+17,0.0,-8.900929863157068e+17,0.0
1.0,pi,669,139.17652139305056,2.8648409274285707e-15,9.890371944337709e+21,1.0,-0.01102333994346748,-9811363761998752.0,0.0,-4.401211345065804e+17,0.0,-8.900536327751596e+17,0.0
1.0,pi,670,139.17857118393442,2.853120319006632e-15,9.8902278967889e+21,1.0,-0.011037904471334892,-9823892907855210.0,0.0,-4.400952074568335e+17,0.0,-8.900143078215222e+17,0.0
1.0,pi,671,139.18061960189635,2.8414554640024454e-15,9.890083952079139e+21,1.0,-0.011052458813133248,-9836412159558978.0,0.0,-4.40069299680962e+17,0.0,-8.899750115214829e+17,0.0
1.0,pi,672,139.18266664320907,2.8298460916370326e-15,9.889940110457176e+21,1.0,-0.011067002943262834,-9848921497517780.0,0.0,-4.400434112220996e+17,0.0,-8.899357439417169e+17,0.0
1.0,pi,673,139.18471230414525,2.8182919324360592e-15,9.889796372171726e+21,1.0,-0.011081536836126213,-9861420902147370.0,0.0,-4.400175421233698e+17,0.0,-8.898965051488869e+17,0.0
1.0,pi,674,139.18675658097777,2.806792718222409e-15,9.889652737471456e+21,1.0,-0.011096060466129981,-9873910353873028.0,0.0,-4.399916924278829e+17,0.0,-8.898572952096388e+17,0.0
1.0,pi,675,139.18879946997964,2.795348182111042e-15,9.889509206604986e+21,1.0,-0.01111057380768386,-9886389833128760.0,0.0,-4.3996586217873715e+17,0.0,-8.89818114190603e+17,0.0
1.0,pi,676,139.19084096742424,2.7839580585018028e-15,9.889365779820877e+21,1.0,-0.011125076835202896,-9898859320359180.0,0.0,-4.3994005141901555e+17,0.0,-8.897789621583901e+17,0.0
1.0,pi,677,139.19288106958516,2.7726220830744896e-15,9.889222457367636e+21,1.0,-0.011139569523106064,-9911318796018294.0,0.0,-4.3991426019178784e+17,0.0,-8.89739839179594e+17,0.0
1.0,pi,678,139.19491977273657,2.76133999278126e-15,9.889079239493695e+21,1.0,-0.011154051845818897,-9923768240571740.0,0.0,-4.398884885401061e+17,0.0,-8.897007453207839e+17,0.0
1.0,pi,679,139.19695707315302,2.7501115258420697e-15,9.888936126447427e+21,1.0,-0.011168523777772027,-9936207634495508.0,0.0,-4.398627365070073e+17,0.0,-8.896616806485101e+17,0.0
1.0,pi,680,139.19899296710975,2.7389364217371496e-15,9.888793118477113e+21,1.0,-0.011182985293403433,-9948636958277864.0,0.0,-4.398370041355085e+17,0.0,-8.896226452292948e+17,0.0
1.0,pi,681,139.2010274508826,2.7278144212020304e-15,9.888650215830967e+21,1.0,-0.011197436367158007,-9961056192418984.0,0.0,-4.398112914686099e+17,0.0,-8.895836391296388e+17,0.0
1.0,pi,682,139.2030605207482,2.7167452662210268e-15,9.8885074187571e+21,1.0,-0.01121187697348827,-9973465317431488.0,0.0,-4.3978559854929056e+17,0.0,-8.895446624160125e+17,0.0
1.0,pi,683,139.205092172984,2.705728700021381e-15,9.888364727503547e+21,1.0,-0.01122630708685528,-9985864313841282.0,0.0,-4.397599254205095e+17,0.0,-8.895057151548603e+17,0.0
1.0,pi,684,139.20712240386828,2.6947644670674333e-15,9.888222142318231e+21,1.0,-0.011240726681728565,-9998253162187412.0,0.0,-4.397342721252037e+17,0.0,-8.89466797412595e+17,0.0
1.0,pi,685,139.2091512096804,2.6838523130543613e-15,9.888079663448973e+21,1.0,-0.011255135732587374,-1.0010631843023166e+16,0.0,-4.397086387062877e+17,0.0,-8.894279092555985e+17,0.0
1.0,pi,686,139.2111785867008,2.672991984902416e-15,9.887937291143487e+21,1.0,-0.011269534213921186,-1.002300033691648e+16,0.0,-4.396830252066513e+17,0.0,-8.893890507502191e+17,0.0
1.0,pi,687,139.21320453121098,2.6621832307514863e-15,9.887795025649372e+21,1.0,-0.011283922100229398,-1.0035358624449646e+16,0.0,-4.3965743166916134e+17,0.0,-8.893502219627722e+17,0.0
1.0,pi,688,139.21522903949372,2.651425799954476e-15,9.887652867214101e+21,1.0,-0.011298299366023144,-1.0047706686220848e+16,0.0,-4.3963185813665683e+17,0.0,-8.893114229595346e+17,0.0
1.0,pi,689,139.2172521078331,2.640719443072232e-15,9.887510816085026e+21,1.0,-0.011312665985824772,-1.0060044502843722e+16,0.0,-4.39606304651952e+17,0.0,-8.892726538067476e+17,0.0
1.0,pi,690,139.2192737325146,2.630063911867288e-15,9.887368872509368e+21,1.0,-0.011327021934169157,-1.0072372054948438e+16,0.0,-4.395807712578324e+17,0.0,-8.892339145706132e+17,0.0
1.0,pi,691,139.2212939098252,2.6194589592982463e-15,9.887227036734199e+21,1.0,-0.011341367185604022,-1.008468932318196e+16,0.0,-4.395552579970548e+17,0.0,-8.891952053172915e+17,0.0
1.0,pi,692,139.22331263605338,2.608904339514033e-15,9.887085309006457e+21,1.0,-0.011355701714690657,-1.0096996288208656e+16,0.0,-4.395297649123462e+17,0.0,-8.89156526112901e+17,0.0
1.0,pi,693,139.22532990748928,2.5983998078484842e-15,9.88694368957293e+21,1.0,-0.0113700254960038,-1.0109292930710162e+16,0.0,-4.395042920464035e+17,0.0,-8.891178770235173e+17,0.0
1.0,pi,694,139.22734572042478,2.5879451208142136e-15,9.886802178680251e+21,1.0,-0.011384338504133314,-1.012157923138681e+16,0.0,-4.394788394418916e+17,0.0,-8.890792581151699e+17,0.0
1.0,pi,695,139.2293600711536,2.5775400360969632e-15,9.886660776574887e+21,1.0,-0.011398640713684271,-1.0133855170957674e+16,0.0,-4.394534071414417e+17,0.0,-8.89040669453841e+17,0.0
1.0,pi,696,139.23137295597124,2.5671843125507084e-15,9.886519483503145e+21,1.0,-0.011412932099276945,-1.0146120730160542e+16,0.0,-4.394279951876528e+17,0.0,-8.890021111054661e+17,0.0
1.0,pi,697,139.23338437117528,2.5568777101911823e-15,9.886378299711153e+21,1.0,-0.01142721263554851,-1.0158375889753366e+16,0.0,-4.394026036230878e+17,0.0,-8.88963583135929e+17,0.0
1.0,pi,698,139.2353943130653,2.546619990190745e-15,9.886237225444868e+21,1.0,-0.01144148229715285,-1.0170620630514052e+16,0.0,-4.393772324902742e+17,0.0,-8.889250856110624e+17,0.0
1.0,pi,699,139.23740277794306,2.5364109148729874e-15,9.886096260950057e+21,1.0,-0.011455741058761201,-1.0182854933241016e+16,0.0,-4.39351881831703e+17,0.0,-8.88886618596647e+17,0.0
1.0,pi,700,139.2394097621125,2.5262502477067836e-15,9.885955406472304e+21,1.0,-0.011469988895063215,-1.0195078778754066e+16,0.0,-4.3932655168982694e+17,0.0,-8.88848182158408e+17,0.0
1.0,pi,701,139.24141526187992,2.516137753301096e-15,9.88581466225699e+21,1.0,-0.011484225780767203,-1.0207292147894568e+16,0.0,-4.3930124210705946e+17,0.0,-8.888097763620136e+17,0.0
1.0,pi,702,139.243419273554,2.5060731973995196e-15,9.885674028549297e+21,1.0,-0.011498451690600733,-1.0219495021525972e+16,0.0,-4.392759531257745e+17,0.0,-8.887714012730751e+17,0.0
1.0,pi,703,139.24542179344584,2.496056346874993e-15,9.885533505594205e+21,1.0,-0.011512666599311024,-1.0231687380534104e+16,0.0,-4.392506847883054e+17,0.0,-8.88733056957145e+17,0.0
1.0,pi,704,139.2474228178692,2.486086969723966e-15,9.885393093636475e+21,1.0,-0.011526870481665986,-1.0243869205828038e+16,0.0,-4.392254371369428e+17,0.0,-8.886947434797137e+17,0.0
1.0,pi,705,139.24942234314042,2.476164835061318e-15,9.885252792920652e+21,1.0,-0.011541063312454749,-1.025604047834053e+16,0.0,-4.392002102139344e+17,0.0,-8.886564609062094e+17,0.0
1.0,pi,706,139.25142036557864,2.4662897131150032e-15,9.885112603691052e+21,1.0,-0.01155524506648805,-1.0268201179028334e+16,0.0,-4.391750040614838e+17,0.0,-8.886182093019959e+17,0.0
1.0,pi,707,139.25341688150579,2.456461375220594e-15,9.884972526191765e+21,1.0,-0.011569415718598893,-1.0280351288872728e+16,0.0,-4.3914981872174944e+17,0.0,-8.885799887323716e+17,0.0
1.0,pi,708,139.25541188724665,2.446679593816404e-15,9.884832560666647e+21,1.0,-0.01158357524364287,-1.0292490788879774e+16,0.0,-4.39124654236844e+17,0.0,-8.885417992625678e+17,0.0
1.0,pi,709,139.25740537912915,2.4369441424372467e-15,9.884692707359299e+21,1.0,-0.0115977236165,-1.0304619660081876e+16,0.0,-4.390995106488316e+17,0.0,-8.88503640957745e+17,0.0
1.0,pi,710,139.25939735348416,2.4272547957104506e-15,9.884552966513086e+21,1.0,-0.011611860812073344,-1.0316737883536562e+16,0.0,-4.390743879997295e+17,0.0,-8.884655138829955e+17,0.0
1.0,pi,711,139.26138780664576,2.417611329349805e-15,9.884413338371116e+21,1.0,-0.01162598680529118,-1.032884544032832e+16,0.0,-4.3904928633150496e+17,0.0,-8.884274181033382e+17,0.0
1.0,pi,712,139.26337673495132,2.4080135201503798e-15,9.88427382317623e+21,1.0,-0.011640101571107312,-1.0340942311568852e+16,0.0,-4.3902420568607443e+17,0.0,-8.883893536837178e+17,0.0
1.0,pi,713,139.26536413474156,2.398461145983639e-15,9.884134421171005e+21,1.0,-0.011654205084501282,-1.0353028478397214e+16,0.0,-4.389991461053032e+17,0.0,-8.883513206890036e+17,0.0
1.0,pi,714,139.26735000236056,2.388953985792441e-15,9.883995132597755e+21,1.0,-0.011668297320478882,-1.036510392198024e+16,0.0,-4.389741076310044e+17,0.0,-8.88313319183989e+17,0.0
1.0,pi,715,139.269334334156,2.3794918195852438e-15,9.8838559576985e+21,1.0,-0.011682378254073736,-1.0377168623513878e+16,0.0,-4.389490903049367e+17,0.0,-8.882753492333873e+17,0.0
1.0,pi,716,139.27131712647912,2.3700744284319763e-15,9.883716896714987e+21,1.0,-0.011696447860346437,-1.0389222564222392e+16,0.0,-4.389240941688048e+17,0.0,-8.882374109018321e+17,0.0
1.0,pi,717,139.2732983756849,2.360701594457762e-15,9.883577949888665e+21,1.0,-0.01171050611438704,-1.0401265725360532e+16,0.0,-4.388991192642568e+17,0.0,-8.881995042538742e+17,0.0
1.0,pi,718,139.27527807813206,2.3513731008390968e-15,9.883439117460694e+21,1.0,-0.011724552991313562,-1.041329808821216e+16,0.0,-4.3887416563288506e+17,0.0,-8.881616293539822e+17,0.0
1.0,pi,719,139.2772562301832,2.3420887317980376e-15,9.883300399671922e+21,1.0,-0.011738588466274198,-1.0425319634092152e+16,0.0,-4.3884923331622285e+17,0.0,-8.881237862665379e+17,0.0
1.0,pi,720,139.27923282820493,2.332848272597486e-15,9.883161796762896e+21,1.0,-0.011752612514447322,-1.0437330344346388e+16,0.0,-4.388243223557456e+17,0.0,-8.880859750558376e+17,0.0
1.0,pi,721,139.28120786856786,2.3236515095359635e-15,9.883023308973844e+21,1.0,-0.011766625111042288,-1.0449330200352372e+16,0.0,-4.3879943279286746e+17,0.0,-8.880481957860873e+17,0.0
1.0,pi,722,139.28318134764675,2.314498229943212e-15,9.882884936544677e+21,1.0,-0.011780626231299666,-1.0461319183519448e+16,0.0,-4.3877456466894285e+17,0.0,-8.880104485214052e+17,0.0
1.0,pi,723,139.2851532618206,2.3053882221746206e-15,9.88274667971497e+21,1.0,-0.011794615850492443,-1.0473297275289756e+16,0.0,-4.387497180252626e+17,0.0,-8.879727333258149e+17,0.0
1.0,pi,724,139.2871236074727,2.2963212756068703e-15,9.882608538723977e+21,1.0,-0.011808593943925949,-1.0485264457138186e+16,0.0,-4.387248929030554e+17,0.0,-8.879350502632492e+17,0.0
1.0,pi,725,139.2890923809908,2.2872971806324184e-15,9.882470513810602e+21,1.0,-0.01182256048693949,-1.0497220710573722e+16,0.0,-4.387000893434846e+17,0.0,-8.878973993975429e+17,0.0
1.0,pi,726,139.29105957876715,2.2783157286553194e-15,9.882332605213412e+21,1.0,-0.011836515454905897,-1.0509166017139034e+16,0.0,-4.3867530738764864e+17,0.0,-8.878597807924364e+17,0.0
1.0,pi,727,139.2930251971985,2.269376712086149e-15,9.882194813170615e+21,1.0,-0.011850458823232574,-1.0521100358411344e+16,0.0,-4.3865054707657946e+17,0.0,-8.878221945115703e+17,0.0
1.0,pi,728,139.29498923268636,2.260479924336828e-15,9.882057137920064e+21,1.0,-0.011864390567362729,-1.0533023716003462e+16,0.0,-4.3862580845124077e+17,0.0,-8.87784640618485e+17,0.0
1.0,pi,729,139.29695168163695,2.2516251598166367e-15,9.881919579699253e+21,1.0,-0.011878310662774482,-1.0544936071562982e+16,0.0,-4.386010915525289e+17,0.0,-8.877471191766207e+17,0.0
1.0,pi,730,139.29891254046146,2.2428122139263148e-15,9.881782138745297e+21,1.0,-0.011892219084983724,-1.0556837406774702e+16,0.0,-4.3857639642126816e+17,0.0,-8.877096302493111e+17,0.0
1.0,pi,731,139.30087180557587,2.234040883054628e-15,9.881644815294944e+21,1.0,-0.011906115809542228,-1.0568727703358988e+16,0.0,-4.3855172309821466e+17,0.0,-8.876721738997883e+17,0.0
1.0,pi,732,139.3028294734013,2.2253109645726513e-15,9.88150760958455e+21,1.0,-0.011920000812040272,-1.0580606943073968e+16,0.0,-4.385270716240504e+17,0.0,-8.876347501911749e+17,0.0
1.0,pi,733,139.30478554036395,2.2166222568294813e-15,9.881370521850092e+21,1.0,-0.011933874068106365,-1.0592475107715298e+16,0.0,-4.385024420393855e+17,0.0,-8.875973591864861e+17,0.0
1.0,pi,734,139.3067400028953,2.2079745591474652e-15,9.881233552327146e+21,1.0,-0.011947735553408048,-1.060433217911679e+16,0.0,-4.384778343847551e+17,0.0,-8.87560000948627e+17,0.0
1.0,pi,735,139.30869285743208,2.199367671817826e-15,9.88109670125089e+21,1.0,-0.011961585243652281,-1.061617813915073e+16,0.0,-4.3845324870062e+17,0.0,-8.875226755403908e+17,0.0
1.0,pi,736,139.31064410041645,2.1908013960954345e-15,9.880959968856093e+21,1.0,-0.01197542311458675,-1.0628012969728956e+16,0.0,-4.38428685027364e+17,0.0,-8.874853830244568e+17,0.0
1.0,pi,737,139.31259372829606,2.1822755341948594e-15,9.88082335537711e+21,1.0,-0.011989249141999808,-1.0639836652802776e+16,0.0,-4.3840414340529306e+17,0.0,-8.874481234633889e+17,0.0
1.0,pi,738,139.31454173752414,2.1737898892854326e-15,9.880686861047877e+21,1.0,-0.012003063301721321,-1.0651649170363676e+16,0.0,-4.383796238746358e+17,0.0,-8.874108969196353e+17,0.0
1.0,pi,739,139.31648812455958,2.165344265486719e-15,9.880550486101908e+21,1.0,-0.012016865569623463,-1.0663450504443956e+16,0.0,-4.383551264755404e+17,0.0,-8.873737034555247e+17,0.0
1.0,pi,740,139.31843288586703,2.1569384678642504e-15,9.880414230772282e+21,1.0,-0.012030655921620975,-1.067524063711692e+16,0.0,-4.383306512480749e+17,0.0,-8.873365431332667e+17,0.0
1.0,pi,741,139.320376017917,2.1485723024245444e-15,9.88027809529164e+21,1.0,-0.012044434333672267,-1.0687019550497786e+16,0.0,-4.3830619823222483e+17,0.0,-8.872994160149476e+17,0.0
1.0,pi,742,139.322317517186,2.1402455761107615e-15,9.880142079892176e+21,1.0,-0.012058200781780161,-1.0698787226744308e+16,0.0,-4.382817674678931e+17,0.0,-8.872623221625306e+17,0.0
1.0,pi,743,139.32425738015652,2.1319580967986273e-15,9.88000618480564e+21,1.0,-0.012071955241991613,-1.0710543648056468e+16,0.0,-4.382573589948986e+17,0.0,-8.872252616378538e+17,0.0
1.0,pi,744,139.3261956033172,2.1237096732915198e-15,9.879870410263315e+21,1.0,-0.012085697690399296,-1.072228879667785e+16,0.0,-4.382329728529754e+17,0.0,-8.871882345026287e+17,0.0
1.0,pi,745,139.32813218316284,2.115500115316309e-15,9.879734756496036e+21,1.0,-0.012099428103141529,-1.0734022654895492e+16,0.0,-4.3820860908177146e+17,0.0,-8.871512408184384e+17,0.0
1.0,pi,746,139.33006711619467,2.1073292335186174e-15,9.879599223734155e+21,1.0,-0.012113146456403849,-1.0745745205041244e+16,0.0,-4.3818426772084666e+17,0.0,-8.871142806467346e+17,0.0
1.0,pi,747,139.33200039892023,2.0991968394589417e-15,9.879463812207552e+21,1.0,-0.012126852726418563,-1.075745642949131e+16,0.0,-4.381599488096731e+17,0.0,-8.870773540488375e+17,0.0
1.0,pi,748,139.33393202785362,2.0911027456077143e-15,9.879328522145628e+21,1.0,-0.012140546889466303,-1.076915631066759e+16,0.0,-4.381356523876331e+17,0.0,-8.870404610859338e+17,0.0
1.0,pi,749,139.33586199951543,2.0830467653417038e-15,9.8791933537773e+21,1.0,-0.012154228921875468,-1.0780844831037124e+16,0.0,-4.3811137849401946e+17,0.0,-8.87003601819076e+17,0.0
1.0,pi,750,139.33779031043306,2.0750287129386496e-15,9.879058307330974e+21,1.0,-0.012167898800024803,-1.0792521973114298e+16,0.0,-4.380871271680311e+17,0.0,-8.869667763091766e+17,0.0
1.0,pi,751,139.33971695714058,2.067048403574053e-15,9.878923383034576e+21,1.0,-0.012181556500341938,-1.0804187719459544e+16,0.0,-4.380628984487765e+17,0.0,-8.869299846170125e+17,0.0
1.0,pi,752,139.34164193617895,2.0591056533162143e-15,9.878788581115518e+21,1.0,-0.012195201999305186,-1.0815842052680846e+16,0.0,-4.380386923752691e+17,0.0,-8.868932268032191e+17,0.0
1.0,pi,753,139.34356524409608,2.0512002791221168e-15,9.878653901800693e+21,1.0,-0.012208835273444227,-1.0827484955434288e+16,0.0,-4.380145089864274e+17,0.0,-8.86856502928289e+17,0.0
1.0,pi,754,139.34548687744697,2.0433320988332156e-15,9.878519345316478e+21,1.0,-0.012222456299340285,-1.0839116410424176e+16,0.0,-4.3799034832107366e+17,0.0,-8.868198130525715e+17,0.0
1.0,pi,755,139.34740683279367,2.0355009311714776e-15,9.878384911888733e+21,1.0,-0.012236065053626604,-1.0850736400403416e+16,0.0,-4.379662104179344e+17,0.0,-8.867831572362723e+17,0.0
1.0,pi,756,139.34932510670555,2.02770659573451e-15,9.878250601742772e+21,1.0,-0.01224966151299027,-1.086234490817501e+16,0.0,-4.379420953156355e+17,0.0,-8.86746535539446e+17,0.0
1.0,pi,757,139.3512416957592,2.019948912992337e-15,9.878116415103388e+21,1.0,-0.012263245654170982,-1.0873941916591002e+16,0.0,-4.379180030527059e+17,0.0,-8.867099480220028e+17,0.0
1.0,pi,758,139.35315659653875,2.012227704282111e-15,9.877982352194811e+21,1.0,-0.012276817453963787,-1.088552740855477e+16,0.0,-4.378939336675722e+17,0.0,-8.866733947436992e+17,0.0
1.0,pi,759,139.35506980563568,2.004542791805267e-15,9.87784841324074e+21,1.0,-0.0122903768892174,-1.089710136701953e+16,0.0,-4.378698871985613e+17,0.0,-8.866368757641421e+17,0.0
1.0,pi,760,139.3569813196492,1.9968939986220533e-15,9.877714598464303e+21,1.0,-0.01230392393683739,-1.0908663774991068e+16,0.0,-4.378458636838955e+17,0.0,-8.866003911427821e+17,0.0
1.0,pi,761,139.35889113518613,1.9892811486486036e-15,9.877580908088074e+21,1.0,-0.012317458573784443,-1.0920214615526186e+16,0.0,-4.3782186316169536e+17,0.0,-8.865639409389169e+17,0.0
1.0,pi,762,139.3607992488611,1.981704066651969e-15,9.877447342334052e+21,1.0,-0.012330980777076754,-1.0931753871734708e+16,0.0,-4.3779788566997485e+17,0.0,-8.865275252116844e+17,0.0
1.0,pi,763,139.36270565729657,1.9741625782467665e-15,9.877313901423667e+21,1.0,-0.012344490523789598,-1.0943281526779104e+16,0.0,-4.377739312466434e+17,0.0,-8.864911440200659e+17,0.0
1.0,pi,764,139.36461035712298,1.9666565098907113e-15,9.877180585577764e+21,1.0,-0.012357987791056237,-1.09547975638752e+16,0.0,-4.3774999992950317e+17,0.0,-8.864547974228815e+17,0.0
1.0,pi,765,139.36651334497887,1.95918568888051e-15,9.877047395016602e+21,1.0,-0.012371472556069161,-1.0966301966293222e+16,0.0,-4.377260917562476e+17,0.0,-8.864184854787885e+17,0.0
1.0,pi,766,139.36841461751087,1.9517499433482194e-15,9.876914329959843e+21,1.0,-0.012384944796079841,-1.097779471735753e+16,0.0,-4.377022067644615e+17,0.0,-8.863822082462806e+17,0.0
1.0,pi,767,139.3703141713738,1.944349102257288e-15,9.876781390626556e+21,1.0,-0.01239840448839951,-1.0989275800447264e+16,0.0,-4.3767834499161984e+17,0.0,-8.863459657836869e+17,0.0
1.0,pi,768,139.37221200323089,1.9369829953980616e-15,9.8766485772352e+21,1.0,-0.012411851610400402,-1.1000745198997352e+16,0.0,-4.3765450647508576e+17,0.0,-8.863097581491689e+17,0.0
1.0,pi,769,139.37410810975376,1.929651453384307e-15,9.876515890003624e+21,1.0,-0.012425286139515965,-1.101220289649867e+16,0.0,-4.376306912521101e+17,0.0,-8.862735854007188e+17,0.0
1.0,pi,770,139.37600248762251,1.92235430764931e-15,9.876383329149054e+21,1.0,-0.012438708053241253,-1.1023648876498314e+16,0.0,-4.376068993598303e+17,0.0,-8.862374475961588e+17,0.0
1.0,pi,771,139.37789513352587,1.91509139044166e-15,9.876250894888098e+21,1.0,-0.01245211732913396,-1.1035083122600468e+16,0.0,-4.375831308352693e+17,0.0,-8.862013447931392e+17,0.0
1.0,pi,772,139.37978604416122,1.9078625348216063e-15,9.876118587436727e+21,1.0,-0.01246551394481497,-1.104650561846682e+16,0.0,-4.375593857153343e+17,0.0,-8.861652770491355e+17,0.0
1.0,pi,773,139.38167521623478,1.9006675746569964e-15,9.87598640701028e+21,1.0,-0.012478897877968931,-1.1057916347817026e+16,0.0,-4.3753566403681574e+17,0.0,-8.861292444214486e+17,0.0
1.0,pi,774,139.38356264646154,1.893506344619875e-15,9.875854353823458e+21,1.0,-0.01249226910634453,-1.1069315294428908e+16,0.0,-4.375119658363872e+17,0.0,-8.860932469672033e+17,0.0
1.0,pi,775,139.38544833156558,1.886378680181814e-15,9.875722428090298e+21,1.0,-0.012505627607756193,-1.1080702442139842e+16,0.0,-4.374882911506016e+17,0.0,-8.860572847433431e+17,0.0
1.0,pi,776,139.38733226827992,1.879284417611088e-15,9.875590630024197e+21,1.0,-0.012518973360083103,-1.1092077774845904e+16,0.0,-4.374646400158938e+17,0.0,-8.860213578066336e+17,0.0
1.0,pi,777,139.38921445334677,1.872223393968146e-15,9.875458959837883e+21,1.0,-0.012532306341271369,-1.110344127650368e+16,0.0,-4.374410124685765e+17,0.0,-8.859854662136567e+17,0.0
1.0,pi,778,139.39109488351752,1.8651954471022856e-15,9.875327417743424e+21,1.0,-0.012545626529333505,-1.1114792931129784e+16,0.0,-4.3741740854484154e+17,0.0,-8.859496100208129e+17,0.0
1.0,pi,779,139.39297355555297,1.8582004156474833e-15,9.875196003952206e+21,1.0,-0.012558933902349866,-1.1126132722802012e+16,0.0,-4.3739382828075616e+17,0.0,-8.859137892843144e+17,0.0
1.0,pi,780,139.39485046622326,1.8512381390189955e-15,9.87506471867494e+21,1.0,-0.012572228438468858,-1.1137460635659532e+16,0.0,-4.373702717122645e+17,0.0,-8.858780040601885e+17,0.0
1.0,pi,781,139.39672561230805,1.8443084574095453e-15,9.874933562121652e+21,1.0,-0.012585510115907516,-1.1148776653903308e+16,0.0,-4.373467388751852e+17,0.0,-8.858422544042738e+17,0.0
1.0,pi,782,139.39859899059655,1.837411211785635e-15,9.874802534501677e+21,1.0,-0.01259877891295218,-1.1160080761796628e+16,0.0,-4.3732322980521075e+17,0.0,-8.858065403722182e+17,0.0
1.0,pi,783,139.40047059788773,1.8305462438836664e-15,9.874671636023653e+21,1.0,-0.012612034807959397,-1.1171372943665858e+16,0.0,-4.372997445379062e+17,0.0,-8.857708620194781e+17,0.0
1.0,pi,784,139.40234043099022,1.8237133962067063e-15,9.874540866895515e+21,1.0,-0.012625277779355936,-1.1182653183900404e+16,0.0,-4.3727628310870835e+17,0.0,-8.857352194013171e+17,0.0
1.0,pi,785,139.40420848672264,1.8169125120201206e-15,9.874410227324483e+21,1.0,-0.012638507805640423,-1.1193921466954056e+16,0.0,-4.3725284555292397e+17,0.0,-8.856996125728019e+17,0.0
1.0,pi,786,139.4060747619134,1.8101434353488907e-15,9.87427971751707e+21,1.0,-0.012651724865382488,-1.1205177777344236e+16,0.0,-4.372294319057305e+17,0.0,-8.856640415888052e+17,0.0
1.0,pi,787,139.40793925340108,1.8034060109730767e-15,9.874149337679062e+21,1.0,-0.012664928937224944,-1.1216422099653808e+16,0.0,-4.372060422021727e+17,0.0,-8.856285065039992e+17,0.0
1.0,pi,788,139.4098019580343,1.7967000844248543e-15,9.874019088015519e+21,1.0,-0.012678119999883181,-1.1227654418530516e+16,0.0,-4.371826764771633e+17,0.0,-8.855930073728572e+17,0.0
1.0,pi,789,139.4116628726719,1.790025501984736e-15,9.873888968730772e+21,1.0,-0.012691298032146175,-1.123887471868781e+16,0.0,-4.371593347654821e+17,0.0,-8.855575442496521e+17,0.0
1.0,pi,790,139.41352199418304,1.7833821106779157e-15,9.873758980028408e+21,1.0,-0.012704463012877384,-1.1250082984905564e+16,0.0,-4.371360171017733e+17,0.0,-8.855221171884521e+17,0.0
1.0,pi,791,139.41537931944723,1.7767697582708373e-15,9.873629122111272e+21,1.0,-0.012717614921015027,-1.126127920203028e+16,0.0,-4.37112723520546e+17,0.0,-8.854867262431223e+17,0.0
1.0,pi,792,139.4172348453545,1.7701882932674676e-15,9.873499395181452e+21,1.0,-0.012730753735573065,-1.1272463354975872e+16,0.0,-4.370894540561718e+17,0.0,-8.854513714673194e+17,0.0
1.0,pi,793,139.41908856880542,1.7636375649061007e-15,9.873369799440286e+21,1.0,-0.012743879435641278,-1.1283635428723694e+16,0.0,-4.370662087428853e+17,0.0,-8.854160529144943e+17,0.0
1.0,pi,794,139.42094048671117,1.7571174231557622e-15,9.873240335088351e+21,1.0,-0.01275699200038591,-1.1294795408323062e+16,0.0,-4.37042987614783e+17,0.0,-8.85380770637889e+17,0.0
1.0,pi,795,139.42279059599372,1.7506277187125402e-15,9.873111002325447e+21,1.0,-0.01277009140905073,-1.1305943278892082e+16,0.0,-4.370197907058203e+17,0.0,-8.853455246905326e+17,0.0
1.0,pi,796,139.42463889358584,1.7441683029962286e-15,9.872981801350608e+21,1.0,-0.012783177640957622,-1.1317079025618156e+16,0.0,-4.369966180498126e+17,0.0,-8.853103151252434e+17,0.0
1.0,pi,797,139.4264853764312,1.7377390281469855e-15,9.872852732362082e+21,1.0,-0.01279625067550652,-1.1328202633757836e+16,0.0,-4.3697346968043296e+17,0.0,-8.852751419946239e+17,0.0
1.0,pi,798,139.42833004148443,1.7313397470220066e-15,9.872723795557336e+21,1.0,-0.012809310492176278,-1.1339314088637558e+16,0.0,-4.3695034563121286e+17,0.0,-8.852400053510633e+17,0.0
1.0,pi,799,139.43017288571133,1.7249703131915228e-15,9.872594991133042e+21,1.0,-0.012822357070526084,-1.1350413375654804e+16,0.0,-4.3692724593553856e+17,0.0,-8.852049052467319e+17,0.0
1.0,pi,800,139.43201390608877,1.7186305809361953e-15,9.872466319285076e+21,1.0,-0.012835390390194644,-1.1361500480277334e+16,0.0,-4.369041706266524e+17,0.0,-8.851698417335822e+17,0.0
1.0,pi,801,139.4338530996049,1.7123204052432436e-15,9.872337780208514e+21,1.0,-0.012848410430901808,-1.1372575388044558e+16,0.0,-4.368811197376508e+17,0.0,-8.851348148633462e+17,0.0
1.0,pi,802,139.43569046325928,1.7060396418029882e-15,9.872209374097613e+21,1.0,-0.012861417172449223,-1.1383638084568036e+16,0.0,-4.368580933014826e+17,0.0,-8.850998246875332e+17,0.0
1.0,pi,803,139.43752599406275,1.699788147006084e-15,9.872081101145827e+21,1.0,-0.0128744105947197,-1.1394688555530902e+16,0.0,-4.368350913509503e+17,0.0,-8.850648712574314e+17,0.0
1.0,pi,804,139.43935968903776,1.6935657779396046e-15,9.871952961545783e+21,1.0,-0.012887390677679229,-1.1405726786689526e+16,0.0,-4.3681211391870637e+17,0.0,-8.850299546241021e+17,0.0
1.0,pi,805,139.4411915452183,1.6873723923840138e-15,9.871824955489288e+21,1.0,-0.012900357401376607,-1.1416752763873162e+16,0.0,-4.367891610372543e+17,0.0,-8.849950748383817e+17,0.0
1.0,pi,806,139.44302155965008,1.6812078488095769e-15,9.87169708316731e+21,1.0,-0.01291331074594499,-1.1427766472985232e+16,0.0,-4.367662327389459e+17,0.0,-8.84960231950877e+17,0.0
1.0,pi,807,139.44484972939048,1.6750720063737408e-15,9.871569344769988e+21,1.0,-0.012926250691600884,-1.1438767900002414e+16,0.0,-4.36743329055983e+17,0.0,-8.849254260119684e+17,0.0
1.0,pi,808,139.44667605150886,1.6689647249169043e-15,9.87144174048661e+21,1.0,-0.012939177218646802,-1.1449757030976854e+16,0.0,-4.3672045002041235e+17,0.0,-8.848906570718016e+17,0.0
1.0,pi,809,139.44850052308632,1.662885864960208e-15,9.871314270505625e+21,1.0,-0.012952090307469449,-1.1460733852034598e+16,0.0,-4.366975956641298e+17,0.0,-8.848559251802941e+17,0.0
1.0,pi,810,139.45032314121616,1.6568352877012441e-15,9.871186935014616e+21,1.0,-0.01296498993854293,-1.1471698349378256e+16,0.0,-4.3667476601887354e+17,0.0,-8.848212303871254e+17,0.0
1.0,pi,811,139.4521439030036,1.6508128550118694e-15,9.871059734200324e+21,1.0,-0.012977876092426673,-1.1482650509285212e+16,0.0,-4.366519611162293e+17,0.0,-8.847865727417439e+17,0.0
1.0,pi,812,139.4539628055661,1.6448184294341365e-15,9.870932668248607e+21,1.0,-0.01299074874976816,-1.1493590318109874e+16,0.0,-4.366291809876239e+17,0.0,-8.847519522933576e+17,0.0
1.0,pi,813,139.4557798460334,1.638851874177661e-15,9.870805737344468e+21,1.0,-0.013003607891302098,-1.1504517762282962e+16,0.0,-4.366064256643279e+17,0.0,-8.847173690909386e+17,0.0
1.0,pi,814,139.45759502154755,1.6329130531161497e-15,9.870678941672023e+21,1.0,-0.013016453497851663,-1.151543282831249e+16,0.0,-4.36583695177453e+17,0.0,-8.846828231832186e+17,0.0
1.0,pi,815,139.459408329263,1.6270018307843229e-15,9.870552281414514e+21,1.0,-0.013029285550329023,-1.1526335502784186e+16,0.0,-4.3656098955795155e+17,0.0,-8.846483146186874e+17,0.0
1.0,pi,816,139.4612197663467,1.6211180723749399e-15,9.870425756754296e+21,1.0,-0.013042104029735288,-1.1537225772361392e+16,0.0,-4.3653830883661594e+17,0.0,-8.846138434455932e+17,0.0
1.0,pi,817,139.46302932997818,1.6152616437352836e-15,9.870299367872825e+21,1.0,-0.013054908917162133,-1.1548103623786416e+16,0.0,-4.365156530440766e+17,0.0,-8.845794097119397e+17,0.0
1.0,pi,818,139.46483701734962,1.6094324113645824e-15,9.87017311495067e+21,1.0,-0.01306770019379098,-1.1558969043879772e+16,0.0,-4.3649302221080294e+17,0.0,-8.845450134654857e+17,0.0
1.0,pi,819,139.46664282566596,1.6036302424103412e-15,9.870046998167491e+21,1.0,-0.013080477840894939,-1.1569822019541794e+16,0.0,-4.364704163671e+17,0.0,-8.845106547537418e+17,0.0
1.0,pi,820,139.4684467521449,1.5978550046656946e-15,9.869921017702046e+21,1.0,-0.0130932418398383,-1.1580662537752176e+16,0.0,-4.364478355431103e+17,0.0,-8.844763336239726e+17,0.0
1.0,pi,821,139.4702487940171,1.5921065665660437e-15,9.869795173732171e+21,1.0,-0.013105992172077658,-1.159149058557085e+16,0.0,-4.3642527976880986e+17,0.0,-8.844420501231905e+17,0.0
1.0,pi,822,139.47204894852612,1.5863847971862516e-15,9.869669466434794e+21,1.0,-0.013118728819162168,-1.1602306150138178e+16,0.0,-4.364027490740098e+17,0.0,-8.844078042981578e+17,0.0
1.0,pi,823,139.47384721292866,1.5806895662373083e-15,9.86954389598591e+21,1.0,-0.013131451762734407,-1.1613109218675648e+16,0.0,-4.363802434883544e+17,0.0,-8.843735961953846e+17,0.0
1.0,pi,824,139.47564358449446,1.5750207440636422e-15,9.869418462560593e+21,1.0,-0.013144160984530442,-1.1623899778485874e+16,0.0,-4.3635776304132045e+17,0.0,-8.843394258611268e+17,0.0
1.0,pi,825,139.47743806050653,1.5693782016398115e-15,9.869293166332979e+21,1.0,-0.013156856466380687,-1.1634677816953268e+16,0.0,-4.363353077622157e+17,0.0,-8.843052933413847e+17,0.0
1.0,pi,826,139.4792306382611,1.5637618105677517e-15,9.869168007476266e+21,1.0,-0.013169538190210245,-1.1645443321544306e+16,0.0,-4.363128776801791e+17,0.0,-8.842711986819025e+17,0.0
1.0,pi,827,139.48102131506784,1.5581714430734955e-15,9.869042986162711e+21,1.0,-0.013182206138039805,-1.1656196279808244e+16,0.0,-4.362904728241789e+17,0.0,-8.84237141928166e+17,0.0
1.0,pi,828,139.48281008824975,1.5526069720046213e-15,9.868918102563616e+21,1.0,-0.013194860291985546,-1.1666936679376972e+16,0.0,-4.362680932230125e+17,0.0,-8.842031231254019e+17,0.0
1.0,pi,829,139.48459695514342,1.5470682708269122e-15,9.868793356849336e+21,1.0,-0.013207500634260036,-1.1677664507965748e+16,0.0,-4.362457389053053e+17,0.0,-8.841691423185763e+17,0.0
1.0,pi,830,139.486381913099,1.5415552136215618e-15,9.868668749189262e+21,1.0,-0.013220127147172972,-1.1688379753373782e+16,0.0,-4.3622340989950957e+17,0.0,-8.84135199552393e+17,0.0
1.0,pi,831,139.48816495948032,1.5360676750822176e-15,9.868544279751822e+21,1.0,-0.013232739813131365,-1.1699082403484334e+16,0.0,-4.3620110623390374e+17,0.0,-8.841012948712918e+17,0.0
1.0,pi,832,139.4899460916649,1.5306055305122068e-15,9.868419948704476e+21,1.0,-0.013245338614639897,-1.1709772446264984e+16,0.0,-4.361788279365919e+17,0.0,-8.840674283194487e+17,0.0
1.0,pi,833,139.49172530704413,1.5251686558214303e-15,9.86829575621371e+21,1.0,-0.013257923534301885,-1.17204498697684e+16,0.0,-4.361565750355026e+17,0.0,-8.840335999407736e+17,0.0
1.0,pi,834,139.49350260302325,1.519756927523615e-15,9.86817170244503e+21,1.0,-0.013270494554819367,-1.1731114662132364e+16,0.0,-4.3613434755838816e+17,0.0,-8.839998097789087e+17,0.0
1.0,pi,835,139.4952779770214,1.514370222733491e-15,9.868047787562958e+21,1.0,-0.013283051658993685,-1.1741766811580218e+16,0.0,-4.3611214553282374e+17,0.0,-8.839660578772278e+17,0.0
1.0,pi,836,139.49705142647187,1.509008419163638e-15,9.867924011731032e+21,1.0,-0.013295594829726488,-1.1752406306421682e+16,0.0,-4.360899689862063e+17,0.0,-8.839323442788342e+17,0.0
1.0,pi,837,139.49882294882195,1.5036713951220314e-15,9.867800375111792e+21,1.0,-0.013308124050019389,-1.176303313505251e+16,0.0,-4.360678179457545e+17,0.0,-8.838986690265614e+17,0.0
1.0,pi,838,139.50059254153317,1.4983590295089147e-15,9.867676877866781e+21,1.0,-0.013320639302975236,-1.177364728595551e+16,0.0,-4.3604569243850656e+17,0.0,-8.838650321629686e+17,0.0
1.0,pi,839,139.5023602020812,1.4930712018142791e-15,9.867553520156544e+21,1.0,-0.01333314057179765,-1.1784248747700128e+16,0.0,-4.360235924913217e+17,0.0,-8.838314337303434e+17,0.0
1.0,pi,840,139.50412592795618,1.4878077921145931e-15,9.867430302140609e+21,1.0,-0.013345627839792918,-1.1794837508943988e+16,0.0,-4.36001518130876e+17,0.0,-8.837978737706961e+17,0.0
1.0,pi,841,139.5058897166625,1.4825686810705617e-15,9.867307223977503e+21,1.0,-0.013358101090368906,-1.1805413558431938e+16,0.0,-4.359794693836653e+17,0.0,-8.837643523257626e+17,0.0
1.0,pi,842,139.50765156571907,1.4773537499238792e-15,9.867184285824728e+21,1.0,-0.013370560307036825,-1.1815976884997498e+16,0.0,-4.3595744627600134e+17,0.0,-8.837308694370002e+17,0.0
1.0,pi,843,139.50941147265928,1.4721628804949238e-15,9.867061487838775e+21,1.0,-0.013383005473410509,-1.1826527477562198e+16,0.0,-4.3593544883401363e+17,0.0,-8.836974251455895e+17,0.0
1.0,pi,844,139.51116943503118,1.4669959551794543e-15,9.866938830175095e+21,1.0,-0.013395436573208321,-1.1837065325137144e+16,0.0,-4.359134770836456e+17,0.0,-8.836640194924282e+17,0.0
1.0,pi,845,139.51292545039743,1.4618528569463265e-15,9.866816312988119e+21,1.0,-0.013407853590252454,-1.1847590416822392e+16,0.0,-4.3589153105065626e+17,0.0,-8.836306525181349e+17,0.0
1.0,pi,846,139.51467951633543,1.4567334693346322e-15,9.86669393643124e+21,1.0,-0.013420256508469636,-1.1858102741807496e+16,0.0,-4.358696107606191e+17,0.0,-8.835973242630456e+17,0.0
1.0,pi,847,139.51643163043738,1.4516376764509354e-15,9.866571700656811e+21,1.0,-0.013432645311891872,-1.1868602289372064e+16,0.0,-4.3584771623892026e+17,0.0,-8.835640347672125e+17,0.0
1.0,pi,848,139.5181817903103,1.446565362966684e-15,9.86644960581615e+21,1.0,-0.013445019984656508,-1.1879089048885824e+16,0.0,-4.3582584751075936e+17,0.0,-8.835307840704046e+17,0.0
1.0,pi,849,139.51992999357626,1.4415164141152227e-15,9.866327652059515e+21,1.0,-0.013457380511007477,-1.1889563009809572e+16,0.0,-4.358040046011465e+17,0.0,-8.834975722121027e+17,0.0
1.0,pi,850,139.52167623787219,1.4364907156895576e-15,9.866205839536117e+21,1.0,-0.013469726875294791,-1.1900024161694728e+16,0.0,-4.357821875349036e+17,0.0,-8.834643992315018e+17,0.0
1.0,pi,851,139.52342052085015,1.4314881540393895e-15,9.866084168394112e+21,1.0,-0.013482059061975395,-1.191047249418401e+16,0.0,-4.357603963366627e+17,0.0,-8.834312651675095e+17,0.0
1.0,pi,852,139.5251628401773,1.4265086160686533e-15,9.865962638780595e+21,1.0,-0.013494377055613493,-1.1920907997011654e+16,0.0,-4.3573863103086586e+17,0.0,-8.833981700587434e+17,0.0
1.0,pi,853,139.52690319353601,1.4215519892326585e-15,9.865841250841594e+21,1.0,-0.013506680840881415,-1.1931330660004116e+16,0.0,-4.357168916417633e+17,0.0,-8.833651139435308e+17,0.0
1.0,pi,854,139.5286415786239,1.4166181615356478e-15,9.865720004722068e+21,1.0,-0.013518970402559423,-1.1941740473079842e+16,0.0,-4.356951781934138e+17,0.0,-8.833320968599075e+17,0.0
1.0,pi,855,139.5303779931539,1.4117070215281253e-15,9.865598900565904e+21,1.0,-0.013531245725536767,-1.1952137426250146e+16,0.0,-4.356734907096833e+17,0.0,-8.832991188456168e+17,0.0
1.0,pi,856,139.53211243485435,1.4068184583041925e-15,9.86547793851591e+21,1.0,-0.013543506794811614,-1.1962521509619066e+16,0.0,-4.3565182921424454e+17,0.0,-8.832661799381082e+17,0.0
1.0,pi,857,139.53384490146894,1.401952361499298e-15,9.865357118713817e+21,1.0,-0.013555753595491209,-1.1972892713383476e+16,0.0,-4.3563019373057683e+17,0.0,-8.832332801745371e+17,0.0
1.0,pi,858,139.53557539075697,1.397108621287036e-15,9.865236441300266e+21,1.0,-0.013567986112793485,-1.1983251027834412e+16,0.0,-4.35608584281964e+17,0.0,-8.832004195917624e+17,0.0
1.0,pi,859,139.53730390049324,1.3922871283772361e-15,9.865115906414809e+21,1.0,-0.013580204332046125,-1.1993596443356196e+16,0.0,-4.355870008914949e+17,0.0,-8.831675982263461e+17,0.0
1.0,pi,860,139.5390304284682,1.3874877740129453e-15,9.864995514195907e+21,1.0,-0.013592408238687848,-1.2003928950427522e+16,0.0,-4.355654435820625e+17,0.0,-8.831348161145526e+17,0.0
1.0,pi,861,139.540754972488,1.3827104499681376e-15,9.86487526478092e+21,1.0,-0.013604597818268555,-1.2014248539621504e+16,0.0,-4.355439123763629e+17,0.0,-8.831020732923471e+17,0.0
1.0,pi,862,139.54247753037447,1.3779550485451935e-15,9.86475515830611e+21,1.0,-0.013616773056449412,-1.2024555201605698e+16,0.0,-4.355224072968947e+17,0.0,-8.830693697953952e+17,0.0
1.0,pi,863,139.5441980999653,1.3732214625721577e-15,9.864635194906635e+21,1.0,-0.013628933939003753,-1.2034848927142836e+16,0.0,-4.3550092836595885e+17,0.0,-8.830367056590605e+17,0.0
1.0,pi,864,139.54591667911404,1.3685095854005527e-15,9.864515374716539e+21,1.0,-0.013641080451817236,-1.2045129707090908e+16,0.0,-4.3547947560565734e+17,0.0,-8.830040809184056e+17,0.0
1.0,pi,865,139.5476332656901,1.3638193109026567e-15,9.86439569786876e+21,1.0,-0.01365321258088804,-1.2055397532403274e+16,0.0,-4.3545804903789357e+17,0.0,-8.829714956081903e+17,0.0
1.0,pi,866,139.54934785757894,1.359150533469104e-15,9.864276164495119e+21,1.0,-0.013665330312327712,-1.2065652394129334e+16,0.0,-4.3543664868437005e+17,0.0,-8.829389497628694e+17,0.0
1.0,pi,867,139.551060452682,1.3545031480063409e-15,9.864156774726306e+21,1.0,-0.01367743363236132,-1.2075894283414622e+16,0.0,-4.3541527456658906e+17,0.0,-8.829064434165926e+17,0.0
1.0,pi,868,139.55277104891684,1.3498770499343974e-15,9.864037528691905e+21,1.0,-0.013689522527327518,-1.2086123191500802e+16,0.0,-4.353939267058521e+17,0.0,-8.82873976603205e+17,0.0
1.0,pi,869,139.5544796442171,1.3452721351842103e-15,9.86391842652036e+21,1.0,-0.013701596983679336,-1.2096339109726302e+16,0.0,-4.3537260512325875e+17,0.0,-8.828415493562437e+17,0.0
1.0,pi,870,139.5561862365327,1.3406883001952608e-15,9.863799468338992e+21,1.0,-0.013713656987984518,-1.2106542029526536e+16,0.0,-4.3535130983970586e+17,0.0,-8.828091617089382e+17,0.0
1.0,pi,871,139.55789082382975,1.3361254419132235e-15,9.86368065427398e+21,1.0,-0.013725702526925464,-1.2116731942433828e+16,0.0,-4.3533004087588806e+17,0.0,-8.8277681369421e+17,0.0
1.0,pi,872,139.55959340409072,1.3315834577873207e-15,9.86356198445037e+21,1.0,-0.013737733587300542,-1.2126908840078464e+16,0.0,-4.353087982522953e+17,0.0,-8.82744505344669e+17,0.0
1.0,pi,873,139.56129397531436,1.3270622457683688e-15,9.863443458992072e+21,1.0,-0.01374975015602305,-1.2137072714187762e+16,0.0,-4.352875819892145e+17,0.0,-8.827122366926168e+17,0.0
1.0,pi,874,139.56299253551586,1.3225617043060006e-15,9.863325078021846e+21,1.0,-0.013761752220122598,-1.2147223556587216e+16,0.0,-4.352663921067277e+17,0.0,-8.826800077700426e+17,0.0
1.0,pi,875,139.56468908272694,1.3180817323462772e-15,9.863206841661298e+21,1.0,-0.013773739766745566,-1.21573613592008e+16,0.0,-4.3524522862471046e+17,0.0,-8.826478186086217e+17,0.0
1.0,pi,876,139.56638361499571,1.3136222293297595e-15,9.863088750030899e+21,1.0,-0.01378571278315428,-1.2167486114050272e+16,0.0,-4.352240915628347e+17,0.0,-8.826156692397197e+17,0.0
1.0,pi,877,139.56807613038694,1.3091830951886132e-15,9.86297080324995e+21,1.0,-0.013797671256728886,-1.217759781325667e+16,0.0,-4.3520298094056384e+17,0.0,-8.825835596943844e+17,0.0
1.0,pi,878,139.56976662698196,1.3047642303446227e-15,9.862853001436606e+21,1.0,-0.013809615174966471,-1.2187696449039548e+16,0.0,-4.351818967771559e+17,0.0,-8.825514900033513e+17,0.0
1.0,pi,879,139.57145510287876,1.3003655357067646e-15,9.862735344707855e+21,1.0,-0.013821544525481901,-1.2197782013717626e+16,0.0,-4.351608390916607e+17,0.0,-8.82519460197039e+17,0.0
1.0,pi,880,139.57314155619207,1.295986912668793e-15,9.862617833179523e+21,1.0,-0.013833459296008165,-1.2207854499709028e+16,0.0,-4.3513980790292e+17,0.0,-8.82487470305549e+17,0.0
1.0,pi,881,139.57482598505337,1.2916282631070545e-15,9.862500466966271e+21,1.0,-0.013845359474396704,-1.221791389953155e+16,0.0,-4.3511880322956794e+17,0.0,-8.824555203586674e+17,0.0
1.0,pi,882,139.5765083876109,1.2872894893782395e-15,9.86238324618159e+21,1.0,-0.013857245048617354,-1.2227960205802502e+16,0.0,-4.3509782509002854e+17,0.0,-8.824236103858596e+17,0.0
1.0,pi,883,139.57818876202978,1.2829704943168468e-15,9.862266170937795e+21,1.0,-0.013869116006759144,-1.2237993411239408e+16,0.0,-4.350768735025174e+17,0.0,-8.823917404162742e+17,0.0
1.0,pi,884,139.57986710649206,1.2786711812331733e-15,9.86214924134603e+21,1.0,-0.01388097233703043,-1.224801350866002e+16,0.0,-4.350559484850394e+17,0.0,-8.823599104787388e+17,0.0
1.0,pi,885,139.58154341919666,1.2743914539109451e-15,9.862032457516255e+21,1.0,-0.013892814027758894,-1.2258020490982282e+16,0.0,-4.350350500553891e+17,0.0,-8.823281206017606e+17,0.0
1.0,pi,886,139.5832176983596,1.2701312166048854e-15,9.861915819557253e+21,1.0,-0.013904641067392674,-1.2268014351225258e+16,0.0,-4.3501417823114995e+17,0.0,-8.822963708135252e+17,0.0
1.0,pi,887,139.58488994221375,1.2658903740389456e-15,9.861799327576623e+21,1.0,-0.01391645344449926,-1.227799508250814e+16,0.0,-4.34993333029695e+17,0.0,-8.822646611418981e+17,0.0
1.0,pi,888,139.5865601490092,1.2616688314036005e-15,9.861682981680779e+21,1.0,-0.013928251147767138,-1.2287962678051586e+16,0.0,-4.3497251446818445e+17,0.0,-8.822329916144205e+17,0.0
1.0,pi,889,139.58822831701312,1.257466494353665e-15,9.861566781974934e+21,1.0,-0.013940034166005776,-1.2297917131177666e+16,0.0,-4.349517225635657e+17,0.0,-8.82201362258309e+17,0.0
1.0,pi,890,139.5898944445098,1.2532832690064712e-15,9.861450728563125e+21,1.0,-0.01395180248814501,-1.2307858435309308e+16,0.0,-4.3493095733257504e+17,0.0,-8.821697731004594e+17,0.0
1.0,pi,891,139.5915585298008,1.2491190619391992e-15,9.86133482154818e+21,1.0,-0.013963556103236598,-1.231778658397154e+16,0.0,-4.349102187917338e+17,0.0,-8.821382241674392e+17,0.0
1.0,pi,892,139.59322057120485,1.244973780187e-15,9.86121906103174e+21,1.0,-0.01397529500045345,-1.2327701570790826e+16,0.0,-4.348895069573511e+17,0.0,-8.821067154854931e+17,0.0
1.0,pi,893,139.59488056705797,1.2408473312406998e-15,9.861103447114244e+21,1.0,-0.013987019169090353,-1.2337603389495598e+16,0.0,-4.348688218455213e+17,0.0,-8.820752470805382e+17,0.0
1.0,pi,894,139.59653851571355,1.2367396230445143e-15,9.86098797989492e+21,1.0,-0.01399872859856464,-1.2347492033916806e+16,0.0,-4.3484816347212397e+17,0.0,-8.820438189781647e+17,0.0
1.0,pi,895,139.59819441554222,1.2326505639942656e-15,9.860872659471805e+21,1.0,-0.014010423278415078,-1.2357367497986918e+16,0.0,-4.3482753185282515e+17,0.0,-8.820124312036372e+17,0.0
1.0,pi,896,139.59984826493218,1.22858006293462e-15,9.860757485941716e+21,1.0,-0.014022103198304228,-1.2367229775741858e+16,0.0,-4.348069270030737e+17,0.0,-8.819810837818893e+17,0.0
1.0,pi,897,139.60150006228892,1.2245280291575326e-15,9.860642459400268e+21,1.0,-0.014033768348016624,-1.237707886131945e+16,0.0,-4.347863489381044e+17,0.0,-8.819497767375282e+17,0.0
1.0,pi,898,139.60314980603542,1.2204943723999224e-15,9.860527579941862e+21,1.0,-0.014045418717459904,-1.2386914748960292e+16,0.0,-4.347657976729354e+17,0.0,-8.819185100948311e+17,0.0
1.0,pi,899,139.60479749461223,1.2164790028412924e-15,9.860412847659686e+21,1.0,-0.014057054296665584,-1.2396737433008402e+16,0.0,-4.347452732223685e+17,0.0,-8.818872838777454e+17,0.0
1.0,pi,900,139.60644312647736,1.2124818311020525e-15,9.86029826264571e+21,1.0,-0.014068675075788156,-1.2406546907910376e+16,0.0,-4.347247756009888e+17,0.0,-8.81856098109888e+17,0.0
1.0,pi,901,139.60808670010647,1.2085027682410162e-15,9.860183824990686e+21,1.0,-0.014080281045106412,-1.241634316821649e+16,0.0,-4.347043048231641e+17,0.0,-8.818249528145446e+17,0.0
1.0,pi,902,139.60972821399275,1.2045417257536684e-15,9.86006953478415e+21,1.0,-0.014091872195022526,-1.2426126208579856e+16,0.0,-4.346838609030454e+17,0.0,-8.817938480146707e+17,0.0
1.0,pi,903,139.6113676666471,1.200598615569749e-15,9.859955392114405e+21,1.0,-0.014103448516063505,-1.2435896023757616e+16,0.0,-4.346634438545648e+17,0.0,-8.817627837328873e+17,0.0
1.0,pi,904,139.61300505659807,1.196673350051467e-15,9.859841397068543e+21,1.0,-0.014115009998880346,-1.244565260861018e+16,0.0,-4.3464305369143744e+17,0.0,-8.817317599914852e+17,0.0
1.0,pi,905,139.61464038239188,1.1927658419912403e-15,9.859727549732416e+21,1.0,-0.014126556634248891,-1.2455395958101892e+16,0.0,-4.3462269042715904e+17,0.0,-8.8170077681242e+17,0.0
1.0,pi,906,139.61627364259255,1.1888760046097176e-15,9.85961385019066e+21,1.0,-0.014138088413069778,-1.2465126067300988e+16,0.0,-4.346023540750075e+17,0.0,-8.81669834217316e+17,0.0
1.0,pi,907,139.6179048357818,1.1850037515538065e-15,9.85950029852667e+21,1.0,-0.014149605326368565,-1.2474842931379584e+16,0.0,-4.3458204464804096e+17,0.0,-8.816389322274615e+17,0.0
1.0,pi,908,139.61953396055915,1.1811489968945089e-15,9.85938689482262e+21,1.0,-0.014161107365296015,-1.2484546545613938e+16,0.0,-4.345617621590991e+17,0.0,-8.81608070863812e+17,0.0
1.0,pi,909,139.62116101554207,1.1773116551248308e-15,9.859273639159436e+21,1.0,-0.014172594521128807,-1.2494236905384968e+16,0.0,-4.345415066208003e+17,0.0,-8.815772501469856e+17,0.0
1.0,pi,910,139.6227859993657,1.173491641158171e-15,9.859160531616827e+21,1.0,-0.014184066785268385,-1.2503914006177242e+16,0.0,-4.3452127804554515e+17,0.0,-8.815464700972675e+17,0.0
1.0,pi,911,139.6244089106832,1.1696888703257754e-15,9.859047572273243e+21,1.0,-0.014195524149242583,-1.251357784358031e+16,0.0,-4.3450107644551245e+17,0.0,-8.815157307346052e+17,0.0
1.0,pi,912,139.6260297481656,1.1659032583750754e-15,9.858934761205914e+21,1.0,-0.014206966604705185,-1.2523228413288298e+16,0.0,-4.344809018326612e+17,0.0,-8.814850320786106e+17,0.0
1.0,pi,913,139.62764851050179,1.1621347214677593e-15,9.85882209849082e+21,1.0,-0.014218394143435542,-1.2532865711099516e+16,0.0,-4.3446075421872986e+17,0.0,-8.814543741485594e+17,0.0
1.0,pi,914,139.62926519639873,1.158383176177457e-15,9.8587095842027e+21,1.0,-0.014229806757339876,-1.2542489732917532e+16,0.0,-4.344406336152357e+17,0.0,-8.814237569633889e+17,0.0
1.0,pi,915,139.63087980458133,1.1546485394880965e-15,9.858597218415054e+21,1.0,-0.014241204438450516,-1.2552100474750476e+16,0.0,-4.344205400334748e+17,0.0,-8.813931805417001e+17,0.0
1.0,pi,916,139.63249233379244,1.150930728791865e-15,9.858485001200131e+21,1.0,-0.014252587178926227,-1.2561697932711286e+16,0.0,-4.344004734845227e+17,0.0,-8.813626449017567e+17,0.0
1.0,pi,917,139.63410278279304,1.147229661887119e-15,9.858372932628942e+21,1.0,-0.014263954971052872,-1.2571282103018202e+16,0.0,-4.3438043397923226e+17,0.0,-8.813321500614826e+17,0.0
1.0,pi,918,139.63571115036214,1.1435452569764954e-15,9.85826101277124e+21,1.0,-0.014275307807243353,-1.2580852981994692e+16,0.0,-4.3436042152823456e+17,0.0,-8.813016960384639e+17,0.0
1.0,pi,919,139.63731743529678,1.1398774326652259e-15,9.858149241695536e+21,1.0,-0.014286645680036836,-1.2590410566068726e+16,0.0,-4.343404361419395e+17,0.0,-8.812712828499476e+17,0.0
1.0,pi,920,139.63892163641214,1.1362261079588717e-15,9.858037619469092e+21,1.0,-0.014297968582100199,-1.2599954851774e+16,0.0,-4.343204778305344e+17,0.0,-8.812409105128428e+17,0.0
1.0,pi,921,139.6405237525415,1.1325912022615872e-15,9.857926146157913e+21,1.0,-0.01430927650622751,-1.26094858357494e+16,0.0,-4.343005466039838e+17,0.0,-8.812105790437171e+17,0.0
1.0,pi,922,139.64212378253632,1.128972635374131e-15,9.857814821826757e+21,1.0,-0.014320569445340242,-1.2619003514739194e+16,0.0,-4.342806424720305e+17,0.0,-8.811802884588003e+17,0.0
1.0,pi,923,139.64372172526615,1.1253703274921437e-15,9.857703646539127e+21,1.0,-0.0143318473924872,-1.2628507885592868e+16,0.0,-4.3426076544419386e+17,0.0,-8.811500387739805e+17,0.0
1.0,pi,924,139.64531757961876,1.1217841992040412e-15,9.857592620357272e+21,1.0,-0.014343110340844942,-1.2637998945265486e+16,0.0,-4.342409155297709e+17,0.0,-8.811198300048072e+17,0.0
1.0,pi,925,139.64691134450013,1.1182141714892449e-15,9.857481743342185e+21,1.0,-0.014354358283717892,-1.264747669081773e+16,0.0,-4.3422109273783526e+17,0.0,-8.810896621664883e+17,0.0
1.0,pi,926,139.6485030188344,1.1146601657163482e-15,9.857371015553602e+21,1.0,-0.01436559121453798,-1.2656941119415526e+16,0.0,-4.342012970772378e+17,0.0,-8.810595352738911e+17,0.0
1.0,pi,927,139.65009260156395,1.1111221036411652e-15,9.857260437050002e+21,1.0,-0.014376809126865417,-1.2666392228330698e+16,0.0,-4.341815285566058e+17,0.0,-8.810294493415423e+17,0.0
1.0,pi,928,139.6516800916495,1.1075999074048493e-15,9.857150007888604e+21,1.0,-0.01438801201438845,-1.267583001494068e+16,0.0,-4.341617871843427e+17,0.0,-8.809994043836261e+17,0.0
1.0,pi,929,139.65326548806985,1.1040934995323366e-15,9.857039728125376e+21,1.0,-0.014399199870922908,-1.268525447672813e+16,0.0,-4.3414207296863e+17,0.0,-8.809694004139881e+17,0.0
1.0,pi,930,139.6548487898222,1.1006028029300993e-15,9.856929597815016e+21,1.0,-0.014410372690413458,-1.2694665611281898e+16,0.0,-4.341223859174238e+17,0.0,-8.809394374461294e+17,0.0
1.0,pi,931,139.65642999592205,1.0971277408845398e-15,9.856819617010966e+21,1.0,-0.014421530466932949,-1.2704063416296482e+16,0.0,-4.3410272603845715e+17,0.0,-8.809095154932108e+17,0.0
1.0,pi,932,139.65800910540312,1.0936682370601992e-15,9.856709785765412e+21,1.0,-0.014432673194682234,-1.2713447889571796e+16,0.0,-4.3408309333923974e+17,0.0,-8.808796345680513e+17,0.0
1.0,pi,933,139.65958611731745,1.0902242154979738e-15,9.85660010412927e+21,1.0,-0.014443800867990693,-1.2722819029013582e+16,0.0,-4.3406348782705696e+17,0.0,-8.808497946831276e+17,0.0
1.0,pi,934,139.66116103073546,1.0867956006130278e-15,9.8564905721522e+21,1.0,-0.014454913481316507,-1.2732176832633618e+16,0.0,-4.340439095089704e+17,0.0,-8.808199958505743e+17,0.0
1.0,pi,935,139.66273384474584,1.0833823171933978e-15,9.856381189882598e+21,1.0,-0.014466011029246075,-1.2741521298549148e+16,0.0,-4.3402435839181734e+17,0.0,-8.80790238082184e+17,0.0
1.0,pi,936,139.66430455845568,1.0799842903979173e-15,9.856271957367592e+21,1.0,-0.014477093506494615,-1.2750852424983384e+16,0.0,-4.340048344822114e+17,0.0,-8.807605213894062e+17,0.0
1.0,pi,937,139.66587317099038,1.0766014457545856e-15,9.856162874653055e+21,1.0,-0.014488160907905766,-1.2760170210265096e+16,0.0,-4.339853377865418e+17,0.0,-8.807308457833489e+17,0.0
1.0,pi,938,139.66743968149373,1.0732337091586964e-15,9.85605394178359e+21,1.0,-0.014499213228452138,-1.276947465282906e+16,0.0,-4.3396586831097376e+17,0.0,-8.807012112747764e+17,0.0
1.0,pi,939,139.66900408912784,1.0698810068712756e-15,9.855945158802536e+21,1.0,-0.01451025046323465,-1.2778765751215446e+16,0.0,-4.3394642606144845e+17,0.0,-8.806716178741123e+17,0.0
1.0,pi,940,139.67056639307324,1.0665432655170423e-15,9.855836525751974e+21,1.0,-0.01452127260748346,-1.2788043504070574e+16,0.0,-4.3392701104368275e+17,0.0,-8.80642065591436e+17,0.0
1.0,pi,941,139.67212659252885,1.0632204120828587e-15,9.85572804267271e+21,1.0,-0.014532279656557321,-1.2797307910146294e+16,0.0,-4.339076232631689e+17,0.0,-8.806125544364841e+17,0.0
1.0,pi,942,139.6736846867119,1.059912373916071e-15,9.8556197096043e+21,1.0,-0.01454327160594352,-1.2806558968299946e+16,0.0,-4.3388826272517594e+17,0.0,-8.805830844186519e+17,0.0
1.0,pi,943,139.67524067485814,1.0566190787224263e-15,9.855511526585015e+21,1.0,-0.014554248451258795,-1.281579667749506e+16,0.0,-4.3386892943474784e+17,0.0,-8.805536555469907e+17,0.0
1.0,pi,944,139.6767945562216,1.0533404545647866e-15,9.855403493651881e+21,1.0,-0.014565210188248247,-1.2825021036800398e+16,0.0,-4.3384962339670464e+17,0.0,-8.805242678302098e+17,0.0
1.0,pi,945,139.67834633007476,1.050076429861183e-15,9.855295610840647e+21,1.0,-0.01457615681278579,-1.2834232045390308e+16,0.0,-4.338303446156428e+17,0.0,-8.80494921276676e+17,0.0
1.0,pi,946,139.6798959957085,1.0468269333830584e-15,9.8551878781858e+21,1.0,-0.014587088320874624,-1.2843429702545066e+16,0.0,-4.338110930959337e+17,0.0,-8.804656158944124e+17,0.0
1.0,pi,947,139.6814435524321,1.043591894253758e-15,9.855080295720565e+21,1.0,-0.014598004708646518,-1.285261400765025e+16,0.0,-4.337918688417252e+17,0.0,-8.804363516911007e+17,0.0
1.0,pi,948,139.68298899957327,1.0403712419467213e-15,9.854972863476897e+21,1.0,-0.014608905972362028,-1.2861784960196862e+16,0.0,-4.3377267185694125e+17,0.0,-8.804071286740794e+17,0.0
1.0,pi,949,139.6845323364781,1.037164906283748e-15,9.854865581485492e+21,1.0,-0.014619792108411002,-1.2870942559781744e+16,0.0,-4.337535021452813e+17,0.0,-8.803779468503442e+17,0.0
1.0,pi,950,139.68607356251107,1.0339728174335612e-15,9.854758449775777e+21,1.0,-0.01463066311331144,-1.2880086806106544e+16,0.0,-4.3373435971022163e+17,0.0,-8.803488062265498e+17,0.0
1.0,pi,951,139.6876126770551,1.030794905909846e-15,9.854651468375919e+21,1.0,-0.014641518983710721,-1.2889217698978736e+16,0.0,-4.337152445550143e+17,0.0,-8.803197068090072e+17,0.0
1.0,pi,952,139.68914967951156,1.0276311025697673e-15,9.85454463731282e+21,1.0,-0.014652359716384837,-1.2898335238310924e+16,0.0,-4.3369615668268736e+17,0.0,-8.802906486036856e+17,0.0
1.0,pi,953,139.69068456930012,1.024481338612318e-15,9.854437956612115e+21,1.0,-0.014663185308238468,-1.2907439424120866e+16,0.0,-4.336770960960457e+17,0.0,-8.802616316162122e+17,0.0
1.0,pi,954,139.6922173458589,1.0213455455766681e-15,9.85433142629818e+21,1.0,-0.014673995756304915,-1.2916530256531382e+16,0.0,-4.336580627976705e+17,0.0,-8.802326558518725e+17,0.0
1.0,pi,955,139.6937480086444,1.0182236553404682e-15,9.854225046394133e+21,1.0,-0.01468479105774631,-1.2925607735770496e+16,0.0,-4.3363905678991974e+17,0.0,-8.8020372131561e+17,0.0
1.0,pi,956,139.69527655713162,1.0151156001181574e-15,9.854118816921818e+21,1.0,-0.014695571209853816,-1.2934671862171562e+16,0.0,-4.336200780749272e+17,0.0,-8.80174828012026e+17,0.0
1.0,pi,957,139.69680299081378,1.0120213124596807e-15,9.854012737901826e+21,1.0,-0.014706336210046337,-1.2943722636172134e+16,0.0,-4.336011266546046e+17,0.0,-8.801459759453814e+17,0.0
1.0,pi,958,139.6983273092026,1.0089407252484624e-15,9.85390680935349e+21,1.0,-0.014717086055871945,-1.2952760058315142e+16,0.0,-4.3358220253064006e+17,0.0,-8.801171651195953e+17,0.0
1.0,pi,959,139.69984951182812,1.0058737717000787e-15,9.853801031294876e+21,1.0,-0.01472782074500693,-1.2961784129248034e+16,0.0,-4.335633057044986e+17,0.0,-8.800883955382452e+17,0.0
1.0,pi,960,139.7013695982388,1.0028203853604743e-15,9.85369540374279e+21,1.0,-0.014738540275256375,-1.2970794849723256e+16,0.0,-4.3354443617742266e+17,0.0,-8.800596672045686e+17,0.0
1.0,pi,961,139.70288756800144,9.997805001045871e-16,9.853589926712783e+21,1.0,-0.014749244644553064,-1.297979222059725e+16,0.0,-4.335255939504321e+17,0.0,-8.800309801214615e+17,0.0
1.0,pi,962,139.70440342070114,9.967540501346368e-16,9.853484600219153e+21,1.0,-0.014759933850958402,-1.2988776242831246e+16,0.0,-4.335067790243249e+17,0.0,-8.800023342914812e+17,0.0
1.0,pi,963,139.70591715594145,9.937409699784174e-16,9.853379424274927e+21,1.0,-0.014770607892662354,-1.2997746917491108e+16,0.0,-4.334879913996752e+17,0.0,-8.799737297168415e+17,0.0
1.0,pi,964,139.70742877334416,9.907411944880525e-16,9.85327439889189e+21,1.0,-0.014781266767982217,-1.300670424574633e+16,0.0,-4.3346923107683686e+17,0.0,-8.7994516639942e+17,0.0
1.0,pi,965,139.70893827254946,9.877546588381322e-16,9.853169524080567e+21,1.0,-0.01479191047536406,-1.3015648228871168e+16,0.0,-4.334504980559406e+17,0.0,-8.799166443407524e+17,0.0
1.0,pi,966,139.71044565321583,9.847812985243078e-16,9.853064799850219e+21,1.0,-0.014802539013381619,-1.3024578868243678e+16,0.0,-4.334317923368956e+17,0.0,-8.798881635420348e+17,0.0
1.0,pi,967,139.71195091501997,9.81821049361891e-16,9.852960226208874e+21,1.0,-0.014813152380735854,-1.3033496165345324e+16,0.0,-4.334131139193908e+17,0.0,-8.798597240041268e+17,0.0
1.0,pi,968,139.71345405765703,9.788738474838437e-16,9.852855803163288e+21,1.0,-0.014823750576256647,-1.3042400121762364e+16,0.0,-4.3339446280289197e+17,0.0,-8.798313257275464e+17,0.0
1.0,pi,969,139.71495508084033,9.759396293397813e-16,9.852751530718975e+21,1.0,-0.014834333598900594,-1.3051290739183938e+16,0.0,-4.33375838986645e+17,0.0,-8.798029687124739e+17,0.0
1.0,pi,970,139.71645398430144,9.730183316941968e-16,9.852647408880199e+21,1.0,-0.014844901447752055,-1.3060168019402948e+16,0.0,-4.333572424696749e+17,0.0,-8.797746529587526e+17,0.0
1.0,pi,971,139.71795076779026,9.701098916248607e-16,9.852543437649977e+21,1.0,-0.014855454122022963,-1.3069031964315838e+16,0.0,-4.3333867325078566e+17,0.0,-8.797463784658871e+17,0.0
1.0,pi,972,139.7194454310749,9.672142465214504e-16,9.852439617030068e+21,1.0,-0.014865991621052637,-1.3077882575922398e+16,0.0,-4.333201313285607e+17,0.0,-8.797181452330438e+17,0.0
1.0,pi,973,139.7209379739416,9.643313340841236e-16,9.852335947021e+21,1.0,-0.01487651394430688,-1.3086719856324992e+16,0.0,-4.3330161670136474e+17,0.0,-8.796899532590545e+17,0.0
1.0,pi,974,139.72242839619497,9.614610923217177e-16,9.852232427622044e+21,1.0,-0.014887021091379479,-1.3095543807729772e+16,0.0,-4.3328312936734086e+17,0.0,-8.796618025424116e+17,0.0
1.0,pi,975,139.72391669765764,9.586034595506662e-16,9.852129058831236e+21,1.0,-0.01489751306199026,-1.3104354432445e+16,0.0,-4.3326466932441414e+17,0.0,-8.796336930812733e+17,0.0
1.0,pi,976,139.72540287817054,9.557583743930988e-16,9.85202584064536e+21,1.0,-0.014907989855986523,-1.3113151732882232e+16,0.0,-4.33246236570289e+17,0.0,-8.796056248734604e+17,0.0
1.0,pi,977,139.72688693759264,9.529257757757688e-16,9.85192277305997e+21,1.0,-0.01491845147334156,-1.3121935711555042e+16,0.0,-4.332278311024525e+17,0.0,-8.7957759791646e+17,0.0
1.0,pi,978,139.72836887580112,9.5010560292822e-16,9.851819856069378e+21,1.0,-0.014928897914155569,-1.3130706371079726e+16,0.0,-4.332094529181713e+17,0.0,-8.795496122074223e+17,0.0
1.0,pi,979,139.7298486926913,9.472977953815058e-16,9.851717089666649e+21,1.0,-0.014939329178655196,-1.3139463714174924e+16,0.0,-4.3319110201449434e+17,0.0,-8.795216677431636e+17,0.0
1.0,pi,980,139.73132638817643,9.445022929669118e-16,9.851614473843626e+21,1.0,-0.014949745267192513,-1.3148207743660702e+16,0.0,-4.331727783882535e+17,0.0,-8.794937645201677e+17,0.0
1.0,pi,981,139.73280196218803,9.417190358140356e-16,9.85151200859091e+21,1.0,-0.014960146180246518,-1.3156938462459774e+16,0.0,-4.331544820360608e+17,0.0,-8.794659025345814e+17,0.0
1.0,pi,982,139.73427541467558,9.389479643497897e-16,9.851409693897866e+21,1.0,-0.014970531918421634,-1.3165655873596236e+16,0.0,-4.331362129543123e+17,0.0,-8.794380817822209e+17,0.0
1.0,pi,983,139.73574674560655,9.361890192968154e-16,9.85130752975264e+21,1.0,-0.014980902482447662,-1.317435998019546e+16,0.0,-4.3311797113918726e+17,0.0,-8.7941030225857e+17,0.0
1.0,pi,984,139.73721595496647,9.334421416719604e-16,9.851205516142137e+21,1.0,-0.014991257873180374,-1.3183050785484578e+16,0.0,-4.330997565866468e+17,0.0,-8.793825639587781e+17,0.0
1.0,pi,985,139.73868304275885,9.307072727849709e-16,9.851103653052042e+21,1.0,-0.01500159809160066,-1.319172829279173e+16,0.0,-4.3308156929243654e+17,0.0,-8.793548668776648e+17,0.0
1.0,pi,986,139.74014800900517,9.279843542369802e-16,9.851001940466807e+21,1.0,-0.01501192313881481,-1.3200392505546264e+16,0.0,-4.330634092520853e+17,0.0,-8.79327211009717e+17,0.0
1.0,pi,987,139.7416108537448,9.252733279192647e-16,9.85090037836967e+21,1.0,-0.015022233016053595,-1.3209043427277936e+16,0.0,-4.330452764609073e+17,0.0,-8.792995963490925e+17,0.0
1.0,pi,988,139.743071577035,9.225741360116888e-16,9.850798966742639e+21,1.0,-0.015032527724672935,-1.3217681061617444e+16,0.0,-4.330271709140005e+17,0.0,-8.792720228896184e+17,0.0
1.0,pi,989,139.744530178951,9.198867209813677e-16,9.850697705566507e+21,1.0,-0.01504280726615305,-1.3226305412295656e+16,0.0,-4.330090926062481e+17,0.0,-8.792444906247918e+17,0.0
1.0,pi,990,139.74598665958587,9.172110255811751e-16,9.850596594820848e+21,1.0,-0.015053071642099057,-1.3234916483144126e+16,0.0,-4.329910415323186e+17,0.0,-8.792169995477812e+17,0.0
1.0,pi,991,139.74744101905043,9.14546992848574e-16,9.85049563448402e+21,1.0,-0.015063320854239545,-1.3243514278093812e+16,0.0,-4.3297301768666656e+17,0.0,-8.79189549651427e+17,0.0
1.0,pi,992,139.74889325747336,9.118945661040829e-16,9.850394824533168e+21,1.0,-0.015073554904427553,-1.3252098801175912e+16,0.0,-4.329550210635325e+17,0.0,-8.791621409282408e+17,0.0
1.0,pi,993,139.7503433750011,9.092536889499067e-16,9.850294164944226e+21,1.0,-0.015083773794639667,-1.3260670056521044e+16,0.0,-4.3293705165694355e+17,0.0,-8.791347733704082e+17,0.0
1.0,pi,994,139.75179137179788,9.066243052686242e-16,9.850193655691917e+21,1.0,-0.015093977526976025,-1.326922804835924e+16,0.0,-4.329191094607141e+17,0.0,-8.791074469697874e+17,0.0
1.0,pi,995,139.75323724804556,9.040063592218275e-16,9.85009329674976e+21,1.0,-0.015104166103660256,-1.3277772781019848e+16,0.0,-4.329011944684456e+17,0.0,-8.79080161717911e+17,0.0
1.0,pi,996,139.75468100394377,9.013997952487169e-16,9.849993088090067e+21,1.0,-0.015114339527038842,-1.3286304258930972e+16,0.0,-4.328833066735275e+17,0.0,-8.790529176059859e+17,0.0
1.0,pi,997,139.75612263970973,8.988045580648539e-16,9.849893029683948e+21,1.0,-0.01512449779958124,-1.3294822486619552e+16,0.0,-4.328654460691378e+17,0.0,-8.790257146248951e+17,0.0
1.0,pi,998,139.75756215557834,8.962205926606638e-16,9.849793121501313e+21,1.0,-0.01513464092387977,-1.3303327468711228e+16,0.0,-4.3284761264824237e+17,0.0,-8.789985527651959e+17,0.0
1.0,pi,999,139.75899955180205,8.936478443003017e-16,9.849693363510874e+21,1.0,-0.015144768902648641,-1.3311819209929484e+16,0.0,-4.3282980640359725e+17,0.0,-8.789714320171241e+17,0.0
1.0,pi,1000,139.76043482865086,8.910862585202146e-16,9.849593755680152e+21,1.0,-0.015154881738724474,-1.332029771509609e+16,0.0,-4.3281202732774784e+17,0.0,-8.789443523705917e+17,0.0
1.0,pi,1001,139.76186798641237,8.885357811277137e-16,9.849494297975464e+21,1.0,-0.015164979435066183,-1.332876298913094e+16,0.0,-4.327942754130287e+17,0.0,-8.789173138151882e+17,0.0
1.0,pi,1002,139.76329902539158,8.859963581999537e-16,9.849394990361954e+21,1.0,-0.015175061994753603,-1.3337215037050892e+16,0.0,-4.3277655065156634e+17,0.0,-8.788903163401837e+17,0.0
1.0,pi,1003,139.764727945911,8.834679360823102e-16,9.84929583280356e+21,1.0,-0.015185129420988609,-1.3345653863970662e+16,0.0,-4.327588530352774e+17,0.0,-8.788633599345254e+17,0.0
1.0,pi,1004,139.7661547483106,8.809504613872193e-16,9.849196825263045e+21,1.0,-0.015195181717094153,-1.3354079475102002e+16,0.0,-4.3274118255586976e+17,0.0,-8.788364445868415e+17,0.0
1.0,pi,1005,139.76757943294766,8.784438809930185e-16,9.849097967701993e+21,1.0,-0.015205218886513472,-1.336249187575299e+16,0.0,-4.327235392048445e+17,0.0,-8.788095702854419e+17,0.0
1.0,pi,1006,139.76900200019688,8.759481420422928e-16,9.848999260080793e+21,1.0,-0.015215240932811468,-1.3370891071329178e+16,0.0,-4.3270592297349344e+17,0.0,-8.78782737018316e+17,0.0
1.0,pi,1007,139.7704224504502,8.734631919410267e-16,9.848900702358674e+21,1.0,-0.015225247859672438,-1.3379277067331648e+16,0.0,-4.326883338529031e+17,0.0,-8.787559447731379e+17,0.0
1.0,pi,1008,139.77184078411696,8.70988978356961e-16,9.848802294493681e+21,1.0,-0.015235239670901441,-1.3387649869358134e+16,0.0,-4.326707718339522e+17,0.0,-8.787291935372626e+17,0.0
1.0,pi,1009,139.77325700162365,8.685254492185039e-16,9.848704036442686e+21,1.0,-0.01524521637042313,-1.3396009483102002e+16,0.0,-4.326532369073137e+17,0.0,-8.787024832977295e+17,0.0
1.0,pi,1010,139.77467110341397,8.66072552713497e-16,9.8486059281614e+21,1.0,-0.015255177962281506,-1.340435591435205e+16,0.0,-4.326357290634558e+17,0.0,-8.786758140412637e+17,0.0
1.0,pi,1011,139.7760830899488,8.636302372878374e-16,9.848507969604359e+21,1.0,-0.015265124450640039,-1.3412689168992542e+16,0.0,-4.3261824829264115e+17,0.0,-8.786491857542748e+17,0.0
1.0,pi,1012,139.7774929617062,8.611984516442048e-16,9.848410160724942e+21,1.0,-0.015275055839781362,-1.3421009253002954e+16,0.0,-4.326007945849276e+17,0.0,-8.786225984228582e+17,0.0
1.0,pi,1013,139.77890071918125,8.587771447409896e-16,9.848312501475364e+21,1.0,-0.015284972134106482,-1.342931617245726e+16,0.0,-4.3258336793016954e+17,0.0,-8.785960520327963e+17,0.0
1.0,pi,1014,139.78030636288608,8.563662657909299e-16,9.848214991806686e+21,1.0,-0.015294873338134668,-1.3437609933523832e+16,0.0,-4.3256596831801824e+17,0.0,-8.785695465695603e+17,0.0
1.0,pi,1015,139.7817098933499,8.539657642597567e-16,9.848117631668808e+21,1.0,-0.015304759456504025,-1.3445890542465902e+16,0.0,-4.325485957379214e+17,0.0,-8.785430820183086e+17,0.0
1.0,pi,1016,139.7831113111188,8.515755898652309e-16,9.848020421010486e+21,1.0,-0.01531463049396956,-1.345415800563987e+16,0.0,-4.325312501791251e+17,0.0,-8.7851665836389e+17,0.0
1.0,pi,1017,139.78451061675585,8.491956925757011e-16,9.847923359779324e+21,1.0,-0.015324486455404355,-1.3462412329496318e+16,0.0,-4.3251393163067354e+17,0.0,-8.784902755908434e+17,0.0
1.0,pi,1018,139.785907810841,8.468260226089549e-16,9.84782644792178e+21,1.0,-0.015334327345798527,-1.347065352057907e+16,0.0,-4.3249664008140934e+17,0.0,-8.784639336833978e+17,0.0
1.0,pi,1019,139.787302893971,8.444665304310291e-16,9.847729685383172e+21,1.0,-0.01534415317025897,-1.3478881585524978e+16,0.0,-4.324793755199754e+17,0.0,-8.784376326254757e+17,0.0
1.0,pi,1020,139.7886958667594,8.421171667550219e-16,9.84763307210768e+21,1.0,-0.01535396393400904,-1.3487096531063614e+16,0.0,-4.3246213793481434e+17,0.0,-8.784113724006922e+17,0.0
1.0,pi,1021,139.79008672983662,8.397778825396723e-16,9.847536608038342e+21,1.0,-0.015363759642388886,-1.349529836401752e+16,0.0,-4.324449273141684e+17,0.0,-8.783851529923543e+17,0.0
1.0,pi,1022,139.7914754838496,8.374486289885181e-16,9.847440293117068e+21,1.0,-0.015373540300854013,-1.3503487091301008e+16,0.0,-4.3242774364608237e+17,0.0,-8.783589743834657e+17,0.0
1.0,pi,1023,139.79286212946212,8.351293575483885e-16,9.84734412728464e+21,1.0,-0.015383305914975755,-1.3511662719920498e+16,0.0,-4.324105869184021e+17,0.0,-8.783328365567249e+17,0.0
1.0,pi,1024,139.79424666735443,8.328200199084747e-16,9.84724811048071e+21,1.0,-0.015393056490440482,-1.3519825256973846e+16,0.0,-4.323934571187765e+17,0.0,-8.783067394945268e+17,0.0
