epsilon,a,N,E,dlnE,Ht,t_Gyr,chi,q,Omega_chi,w_chi,Omega_m,Omega_r,D_regular_norm_PM,f_regular,D_matched,f_matched
0.0,0.02,-3.912023005428146,199.8766742468965,-1.507170656489612,0.6590206871638635,0.047832558866113456,,,0.0,,0.9855901116757895,0.014392744487963915,1.0,0.9903491493236205,1.0,0.9903491493236205
0.0,0.020019110799585467,-3.9110679216865862,199.5891645672405,-1.5071638109212053,0.6590271251561712,0.04790192997456924,,,0.0,,0.9856036051037134,0.014379201632817681,1.0009463181886682,0.9903582379939928,1.0009463181886686,0.9903582379939928
0.0,0.020038239860303963,-3.910112837945027,199.30206975415732,-1.5071569714170754,0.6590335581916358,0.04797140101239687,,,0.0,,0.9856170858339727,0.014365671333058192,1.001893540588208,0.99036731805276,1.0018935405882081,0.99036731805276
0.0,0.020057387199604752,-3.9091577542034672,199.0153892059891,-1.507150137970961,0.6590399862736589,0.04804097212309058,,,0.0,,0.9856305538774528,0.014352153577390935,1.0028416680624987,0.9903763895075315,1.0028416680624987,0.9903763895075315
0.0,0.020076552834953736,-3.9082026704619075,198.72912232195745,-1.5071433105766052,0.6590464094056412,0.04811064345035042,,,0.0,,0.9856440092450288,0.014338648354530992,1.0037907014762446,0.9903854523659091,1.003790701476244,0.9903854523659091
0.0,0.02009573678383353,-3.9072475867203478,198.44326850216285,-1.5071364892277517,0.659052827590982,0.048180415138082466,,,0.0,,0.985657451947564,0.014325155653202856,1.0047406416949738,0.9903945066354872,1.0047406416949738,0.9903945066354872
0.0,0.020114939063743426,-3.9062925029787885,198.15782714758302,-1.50712967391815,0.6590592408330798,0.04825028733039912,,,0.0,,0.9856708819959126,0.014311675462140508,1.0056914895850444,0.9904035523238526,1.005691489585044,0.9904035523238526
0.0,0.020134159692199477,-3.9053374192372288,197.87279766007043,-1.50712286464155,0.6590656491353314,0.04832026017161976,,,0.0,,0.9856842994009166,0.01429820777008747,1.0066432460136396,0.9904125894385846,1.0066432460136392,0.9904125894385847
0.0,0.020153398686734447,-3.904382335495669,197.58817944235332,-1.5071160613917058,0.6590720525011328,0.04839033380627037,,,0.0,,0.9856977041734083,0.014284752565796638,1.007595911848771,0.990421617987255,1.0075959118487707,0.990421617987255
0.0,0.020172656064897855,-3.9034272517541093,197.30397189803224,-1.5071092641623747,0.6590784509338786,0.04846050837908451,,,0.0,,0.9857110963242092,0.01427130983803047,1.0085494879592802,0.990430637977428,1.0085494879592798,0.990430637977428
0.0,0.020191931844255984,-3.90247216801255,197.0201744315804,-1.5071024729473164,0.6590848444369627,0.048530784035003105,,,0.0,,0.9857244758641298,0.014257879575560815,1.0095039752148363,0.9904396494166605,1.0095039752148358,0.9904396494166606
0.0,0.020211226042391933,-3.9015170842709903,196.7367864483411,-1.5070956877402937,0.6590912330137774,0.04860116091917509,,,0.0,,0.9857378428039705,0.014244461767168948,1.0104593744859407,0.9904486523125018,1.010459374485941,0.9904486523125018
0.0,0.020230538676905566,-3.9005620005294306,196.45380735452716,-1.5070889085350718,0.6590976166677138,0.04867163917695749,,,0.0,,0.9857511971545204,0.014231056401645648,1.0114156866439268,0.9904576466724935,1.0114156866439268,0.9904576466724936
0.0,0.020249869765413573,-3.8996069167878713,196.1712365572195,-1.5070821353254202,0.6591039954021622,0.04874221895391585,,,0.0,,0.9857645389265587,0.01421766346779113,1.0123729125609577,0.99046663250417,1.0123729125609573,0.99046663250417
0.0,0.020269219325549506,-3.8986518330463116,195.8890734643656,-1.5070753681051097,0.6591103692205115,0.0488129003958245,,,0.0,,0.9857778681308532,0.014204282954414987,1.0133310531100312,0.9904756098150581,1.0133310531100306,0.9904756098150581
0.0,0.020288587374963724,-3.897696749304752,195.607317484779,-1.5070686068679147,0.6591167381261493,0.04888368364866667,,,0.0,,0.9857911847781615,0.01419091485033623,1.0142901091649767,0.990484578612677,1.014290109164977,0.990484578612677
0.0,0.02030797393132348,-3.896741665563192,195.32596802813669,-1.5070618516076126,0.6591231021224625,0.04895456885863522,,,0.0,,0.9858044888792307,0.01417755914438336,1.015250081600462,0.9904935389045385,1.0152500816004617,0.9904935389045386
0.0,0.02032737901231289,-3.895786581821633,195.0450245049795,-1.5070551023179837,0.6591294612128362,0.04902555617213237,,,0.0,,0.9858177804447968,0.014164215825394191,1.0162109712919851,0.9905024906981471,1.0162109712919847,0.9905024906981471
0.0,0.020346802635632998,-3.894831498080073,194.76448632670866,-1.5070483589928105,0.659135815400655,0.049096645735770654,,,0.0,,0.9858310594855857,0.014150884882216035,1.0171727791158842,0.9905114340009995,1.0171727791158838,0.9905114340009995
0.0,0.020366244819001726,-3.8938764143385134,194.48435290558692,-1.5070416216258797,0.659142164689302,0.04916783769637261,,,0.0,,0.9858443260123123,0.014137566303705516,1.0181355059493318,0.9905203688205851,1.0181355059493318,0.9905203688205851
0.0,0.02038570558015395,-3.8929213305969537,194.20462365473585,-1.507034890210979,0.6591485090821589,0.04923913220097136,,,0.0,,0.985857580035681,0.014124260078728666,1.0190991526703401,0.9905292951643858,1.01909915267034,0.9905292951643859
0.0,0.020405184936841472,-3.8919662468553944,193.92529798813456,-1.5070281647419006,0.6591548485826068,0.04931052939681101,,,0.0,,0.9858708215663858,0.014110966196160951,1.0200637201577571,0.9905382130398761,1.020063720157757,0.9905382130398762
0.0,0.02042468290683309,-3.8910111631138347,193.6463753206189,-1.5070214452124386,0.6591611831940252,0.04938202943134679,,,0.0,,0.9858840506151095,0.014097684644887124,1.0210292092912727,0.990547122454523,1.0210292092912725,0.990547122454523
0.0,0.020444199507914547,-3.890056079372275,193.3678550678798,-1.5070147316163904,0.6591675129197925,0.04945363245224545,,,0.0,,0.985897267192525,0.014084415413801402,1.0219956209514158,0.9905560234157859,1.0219956209514152,0.990556023415786
0.0,0.0204637347578886,-3.889100995630715,193.0897366464628,-1.5070080239475556,0.6591738377632863,0.04952533860738537,,,0.0,,0.985910471309294,0.014071158491807264,1.0229629560195552,0.990564915931117,1.0229629560195546,0.990564915931117
0.0,0.020483288674574995,-3.888145911889156,192.81201947376562,-1.5070013221997374,0.6591801577278825,0.04959714804485717,,,0.0,,0.9859236629760681,0.014057913867817644,1.0239312153779014,0.9905738000079607,1.0239312153779014,0.9905738000079607
0.0,0.02050286127581055,-3.887190828147596,192.5347029680377,-1.5069946263667413,0.6591864728169563,0.04966906091296379,,,0.0,,0.985936842203488,0.014044681530754721,1.024900399909511,0.9905826756537542,1.02490039990951,0.9905826756537544
0.0,0.02052245257944908,-3.8862357444060365,192.25778654837853,-1.5069879364423762,0.6591927830338815,0.0497410773602209,,,0.0,,0.9859500090021838,0.014031461469550123,1.0258705104982784,0.9905915428759274,1.0258705104982777,0.9905915428759275
0.0,0.02054206260336147,-3.885280660664477,191.98126963473715,-1.5069812524204522,0.6591990883820307,0.049813197535357054,,,0.0,,0.9859631633827751,0.014018253673144722,1.0268415480289448,0.9906004016819026,1.0268415480289441,0.9906004016819026
0.0,0.02056169136543572,-3.8843255769229175,191.70515164790973,-1.506974574294784,0.6592053888647755,0.049885421587314224,,,0.0,,0.985976305355871,0.014005058130488732,1.027813513387097,0.9906092520790942,1.0278135133870965,0.9906092520790942
0.0,0.02058133888357687,-3.8833704931813577,191.42943200953894,-1.506967902059188,0.6592116844854863,0.049957749665248,,,0.0,,0.9859894349320696,0.013991874830541762,1.028786407459166,0.99061809407491,1.028786407459166,0.9906180940749101
0.0,0.0206010051757071,-3.882415409439798,191.15411014211327,-1.506961235707484,0.6592179752475323,0.05003018191852773,,,0.0,,0.9860025521219591,0.013978703762272622,1.0297602311324308,0.9906269276767498,1.0297602311324303,0.9906269276767499
0.0,0.020620690259765696,-3.8814603256982387,190.87918546896452,-1.5069545752334936,0.6592242611542816,0.05010271849673713,,,0.0,,0.9860156569361165,0.013965544914659542,1.030734985295015,0.9906357528920061,1.0307349852950143,0.9906357528920062
0.0,0.02064039415370911,-3.880505241956679,190.60465741426736,-1.5069479206310423,0.659230542209101,0.05017535954967443,,,0.0,,0.9860287493851083,0.013952398276689973,1.0317106708358925,0.9906445697280641,1.0317106708358923,0.9906445697280643
0.0,0.020660116875510937,-3.8795501582151193,190.3305254030383,-1.5069412718939579,0.6592368184153563,0.050248105227352576,,,0.0,,0.9860418294794909,0.013939263837360669,1.0326872886448868,0.9906533781923015,1.0326872886448861,0.9906533781923015
0.0,0.020679858443161947,-3.8785950744735596,190.0567888611337,-1.5069346290160701,0.6592430897764122,0.050320955679999765,,,0.0,,0.9860548972298098,0.013926141585677702,1.0336648396126682,0.9906621782920885,1.0336648396126675,0.9906621782920885
0.0,0.020699618874670093,-3.8776399907320003,189.783447215249,-1.5069279919912122,0.659249356295632,0.05039391105805962,,,0.0,,0.9860679526465996,0.013913031510656444,1.0346433246307591,0.9906709700347878,1.0346433246307587,0.9906709700347878
0.0,0.02071939818806056,-3.8766849069904405,189.51049989291724,-1.5069213608132201,0.6592556179763781,0.05046697151219156,,,0.0,,0.9860809957403848,0.01389993360132148,1.0356227445915347,0.990679753427755,1.035622744591534,0.990679753427755
0.0,0.020739196401375733,-3.875729823248881,189.23794632250844,-1.5069147354759325,0.6592618748220115,0.050540137193270926,,,0.0,,0.9860940265216795,0.013886847846706673,1.0366031003882195,0.9906885284783381,1.0366031003882192,0.9906885284783382
0.0,0.020759013532675237,-3.8747747395073215,188.9657859332274,-1.5069081159731905,0.6592681268358922,0.05061340825238958,,,0.0,,0.9861070450009868,0.013873774235855207,1.037584392914893,0.9906972951938777,1.0375843929148925,0.9906972951938778
0.0,0.020778849600035985,-3.873819655765762,188.69401815511318,-1.5069015022988377,0.6592743740213791,0.05068678484085603,,,0.0,,0.9861200511887991,0.01386071275781943,1.0385666230664872,0.9907060535817072,1.0385666230664872,0.9907060535817072
0.0,0.020798704621552123,-3.872864572024202,188.42264241903735,-1.5068948944467202,0.6592806163818299,0.05076026711019582,,,0.0,,0.9861330450955987,0.01384766340166104,1.039549791738791,0.9907148036491521,1.0395497917387904,0.9907148036491521
0.0,0.020818578615335114,-3.8719094882826424,188.1516581567035,-1.506888292410688,0.6592868539206009,0.0508338552121517,,,0.0,,0.9861460267318574,0.013834626156450891,1.0405338998284444,0.9907235454035309,1.0405338998284441,0.9907235454035309
0.0,0.0208384715995137,-3.870954404541083,187.88106480064565,-1.5068816961845921,0.6592930866410477,0.05090754929868402,,,0.0,,0.986158996108036,0.013821601011269079,1.0415189482329472,0.9907322788521548,1.041518948232947,0.9907322788521548
0.0,0.020858383592233985,-3.8699993207995234,187.6108617842259,-1.5068751057622878,0.6592993145465244,0.050981349521971316,,,0.0,,0.9861719532345852,0.013808587955205,1.042504937850656,0.9907410040023273,1.0425049378506555,0.9907410040023273
0.0,0.020878314611659385,-3.8690442370579636,187.34104854163553,-1.5068685211376314,0.659305537640384,0.05105525603441005,,,0.0,,0.9861848981219447,0.013795586977357173,1.0434918695807833,0.9907497208613447,1.0434918695807827,0.9907497208613447
0.0,0.020898264675970668,-3.868089153316404,187.07162450789147,-1.5068619423044831,0.6593117559259785,0.05112926898861547,,,0.0,,0.986197830780544,0.01378259806683343,1.0444797443234015,0.9907584294364958,1.0444797443234008,0.9907584294364958
0.0,0.020918233803365983,-3.8671340695748446,186.8025891188369,-1.5068553692567044,0.6593179694066587,0.05120338853742154,,,0.0,,0.9862107512208019,0.013769621212750723,1.0454685629794416,0.9907671297350622,1.0454685629794411,0.9907671297350622
0.0,0.020938222012060886,-3.866178985833285,186.5339418111386,-1.506848801988161,0.6593241780857739,0.05127761483388149,,,0.0,,0.9862236594531271,0.013756656404235231,1.046458326450697,0.990775821764318,1.0464583264506964,0.990775821764318
0.0,0.020958229320288308,-3.865223902091725,186.26568202228654,-1.50684224049272,0.6593303819666729,0.05135194803126804,,,0.0,,0.986236555487917,0.013743703630422356,1.0474490356398196,0.99078450553153,1.0474490356398194,0.9907845055315299
0.0,0.02097825574629862,-3.8642688183501654,185.9978091905924,-1.506835684764252,0.6593365810527029,0.05142638828307375,,,0.0,,0.9862494393355589,0.013730762880456692,1.0484406914503255,0.9907931810439573,1.048440691450325,0.9907931810439573
0.0,0.02099830130835962,-3.863313734608606,185.73032275518872,-1.506829134796628,0.65934277534721,0.0515009357430112,,,0.0,,0.9862623110064296,0.013717834143491975,1.0494332947865903,0.9908018483088522,1.0494332947865903,0.9908018483088521
0.0,0.021018366024756586,-3.8623586508670464,185.46322215602711,-1.5068225905837251,0.6593489648535392,0.05157559056501351,,,0.0,,0.9862751705108954,0.013704917408691099,1.0504268465538582,0.9908105073334592,1.0504268465538578,0.9908105073334591
0.0,0.021038449913792237,-3.8614035671254867,185.19650683387712,-1.5068160521194205,0.6593551495750344,0.05165035290323459,,,0.0,,0.9862880178593122,0.013692012665226214,1.051421347658233,0.9908191581250156,1.0514213476582326,0.9908191581250156
0.0,0.021058552993786797,-3.8604484833839274,184.93017623032603,-1.5068095193975943,0.6593613295150382,0.05172522291204922,,,0.0,,0.9863008530620248,0.013679119902278521,1.0524167990066853,0.9908278006907515,1.0524167990066848,0.9908278006907514
0.0,0.021078675283078004,-3.8594933996423677,184.6642297877756,-1.506802992412129,0.6593675046768923,0.051800200746053904,,,0.0,,0.9863136761293679,0.01366623910903848,1.0534132015070528,0.9908364350378892,1.053413201507053,0.9908364350378891
0.0,0.021098816800021104,-3.858538315900808,184.3986669494432,-1.50679647115691,0.659373675063937,0.051875286560066555,,,0.0,,0.9863264870716659,0.01365337027470562,1.0544105560680397,0.9908450611736441,1.0544105560680397,0.990845061173644
0.0,0.021118977562988885,-3.8575832321592483,184.1334871593591,-1.5067899556258262,0.6593798406795116,0.05195048050912724,,,0.0,,0.9863392858992326,0.01364051338848863,1.0554088635992174,0.990853679105224,1.055408863599217,0.9908536791052239
0.0,0.021139157590371688,-3.856628148417689,183.86868986236564,-1.5067834458127665,0.6593860015269543,0.05202578274849835,,,0.0,,0.9863520726223705,0.01362766843960538,1.0564081250110244,0.9908622888398296,1.0564081250110242,0.9908622888398295
0.0,0.021159356900577447,-3.8556730646761292,183.604274504116,-1.506776941711625,0.6593921576096019,0.052101193433664976,,,0.0,,0.986364847251373,0.013614835417282787,1.0574083412147721,0.9908708903846539,1.0574083412147715,0.9908708903846538
0.0,0.02117957551203166,-3.8547179809345695,183.34024053107305,-1.5067704433162967,0.6593983089307903,0.0521767127203352,,,0.0,,0.9863776097965217,0.013602014310756983,1.0584095131226383,0.9908794837468828,1.058409513122638,0.9908794837468827
0.0,0.021199813443177444,-3.85376289719301,183.0765873905086,-1.5067639506206785,0.6594044554938542,0.05225234076444027,,,0.0,,0.9863903602680882,0.013589205109273115,1.0594116416476747,0.990888068933695,1.0594116416476744,0.9908880689336947
0.0,0.021220070712475524,-3.8528078134514505,182.81331453050123,-1.5067574636186725,0.6594105973021271,0.05232807772213521,,,0.0,,0.9864030986763342,0.013576407802085536,1.0604147277038027,0.9908966459522613,1.0604147277038023,0.9908966459522611
0.0,0.0212403473384043,-3.851852729709891,182.55042139993583,-1.5067509823041803,0.6594167343589414,0.05240392374979896,,,0.0,,0.9864158250315099,0.013563622378457613,1.0614187722058184,0.990905214809746,1.0614187722058177,0.9909052148097458
0.0,0.021260643339459796,-3.850897645968331,182.28790744850218,-1.5067445066711072,0.6594228666676285,0.052479879004034696,,,0.0,,0.9864285393438555,0.013550848827661882,1.0624237760693889,0.9909137755133054,1.0624237760693889,0.9909137755133052
0.0,0.02128095873415571,-3.849942562226772,182.02577212669408,-1.5067380367133612,0.6594289942315182,0.05255594364167013,,,0.0,,0.9864412416236007,0.013538087138979922,1.0634297402110584,0.9909223280700887,1.063429740211058,0.9909223280700885
0.0,0.02130129354102346,-3.848987478485212,181.7640148858075,-1.5067315724248522,0.6594351170539396,0.05263211781975795,,,0.0,,0.986453931880965,0.01352533730170238,1.0644366655482438,0.990930872487238,1.064436665548244,0.9909308724872378
0.0,0.021321647778612146,-3.8480323947436523,181.5026351779398,-1.506725113799493,0.6594412351382206,0.05270840169557612,,,0.0,,0.9864666101261566,0.013512599305129049,1.0654445529992407,0.9909394087718877,1.0654445529992405,0.9909394087718874
0.0,0.02134202146548859,-3.8470773110020926,181.24163245598893,-1.5067186608311982,0.6594473484876878,0.05278479542662798,,,0.0,,0.9864792763693738,0.013499873138568692,1.0664534034832185,0.990947936931165,1.0664534034832178,0.9909479369311648
0.0,0.021362414620237365,-3.8461222272605333,180.98100617365134,-1.5067122135138857,0.6594534571056667,0.05286129917064293,,,0.0,,0.9864919306208049,0.013487158791339248,1.067463217920225,0.9909564569721901,1.0674632179202246,0.9909564569721898
0.0,0.021382827261460815,-3.8451671435189736,180.72075578542137,-1.5067057718414751,0.6594595609954816,0.05293791308557651,,,0.0,,0.9865045728906264,0.01347445625276761,1.0684739972311892,0.9909649689020755,1.0684739972311885,0.9909649689020753
0.0,0.021403259407779034,-3.844212059777414,180.46088074659045,-1.506699335807888,0.659465660160456,0.053014637329610696,,,0.0,,0.9865172031890057,0.013461765512189748,1.0694857423379158,0.9909734727279266,1.0694857423379154,0.9909734727279264
0.0,0.021423711077829925,-3.843256976035854,180.20138051324494,-1.5066929054070497,0.6594717546039119,0.05309147206115443,,,0.0,,0.9865298215260987,0.013449086558950704,1.070498454163092,0.9909819684568415,1.0704984541630915,0.9909819684568413
0.0,0.02144418229026918,-3.842301892294295,179.9422545422657,-1.5066864806328863,0.6594778443291703,0.05316841743884378,,,0.0,,0.9865424279120515,0.013436419382404564,1.0715121336302842,0.9909904560959109,1.0715121336302842,0.9909904560959106
0.0,0.021464673063770357,-3.841346808552735,179.68350229132642,-1.5066800614793276,0.6594839293395509,0.05324547362154237,,,0.0,,0.9865550223569993,0.013423763971914393,1.0725267816639443,0.9909989356522181,1.0725267816639437,0.9909989356522179
0.0,0.02148518341702482,-3.8403917248111754,179.4251232188934,-1.5066736479403056,0.6594900096383726,0.05332264076834147,,,0.0,,0.9865676048710673,0.013411120316852277,1.073542399189401,0.9910074071328395,1.0735423991894013,0.9910074071328393
0.0,0.021505713368741793,-3.839436641069616,179.167116784223,-1.5066672400097536,0.6594960852289526,0.05339991903856071,,,0.0,,0.9865801754643698,0.013398488406599397,1.0745589871328722,0.991015870544844,1.0745589871328722,0.9910158705448439
0.0,0.021526262937648418,-3.8384815573280564,178.90948244736154,-1.506660837681608,0.6595021561146077,0.05347730859174808,,,0.0,,0.9865927341470108,0.01338586823054583,1.0755765464214575,0.991024325895293,1.0755765464214575,0.9910243258952929
0.0,0.021546832142489692,-3.8375264735864967,178.65221966914348,-1.5066544409498073,0.6595082222986531,0.053554809587680476,,,0.0,,0.9866052809290838,0.013373259778090774,1.076595077983142,0.9910327731912411,1.0765950779831415,0.9910327731912408
0.0,0.02156742100202853,-3.836571389844937,178.39532791119086,-1.5066480498082928,0.6595142837844028,0.0536324221863638,,,0.0,,0.9866178158206721,0.013360663038642334,1.077614582746796,0.991041212439735,1.0776145827467958,0.9910412124397348
0.0,0.021588029535045777,-3.8356163061033777,178.1388066359121,-1.5066416642510074,0.65952034057517,0.05371014654803337,,,0.0,,0.9866303388318481,0.013348078001617612,1.078635061642178,0.9910496436478146,1.0786350616421778,0.9910496436478144
0.0,0.021608657760340245,-3.834661222361818,177.8826553064994,-1.5066352842718966,0.6595263926742664,0.05378798283315461,,,0.0,,0.9866428499726742,0.013335504656442766,1.0796565155999343,0.9910580668225125,1.0796565155999343,0.9910580668225123
0.0,0.021629305696728683,-3.833706138620258,177.62687338693001,-1.5066289098649088,0.6595324400850028,0.0538659312024227,,,0.0,,0.9866553492532021,0.01332294299255283,1.0806789455515995,0.9910664819708538,1.0806789455515995,0.9910664819708536
0.0,0.021649973363045832,-3.8327510548786985,177.371460341963,-1.5066225410239935,0.6595384828106888,0.05394399181676352,,,0.0,,0.986667836683473,0.013310392999391909,1.081702352429597,0.9910748890998564,1.081702352429597,0.9910748890998562
0.0,0.02167066077814441,-3.831795971137139,177.11641563713948,-1.5066161777431029,0.659544520854633,0.054022164837333526,,,0.0,,0.9866803122735178,0.013297854666412994,1.0827267371672409,0.991083288216531,1.0827267371672409,0.9910832882165309
0.0,0.0216913679608952,-3.8308408873955795,176.86173873878036,-1.5066098200161917,0.6595505542201425,0.05410045042552045,,,0.0,,0.986692776033357,0.013285327983078037,1.0837521006987372,0.9910916793278812,1.083752100698737,0.991091679327881
0.0,0.021712094930186963,-3.8298858036540198,176.60742911398597,-1.506603467837217,0.6595565829105238,0.054178848742943396,,,0.0,,0.9867052279730008,0.013272812938857985,1.084778443959183,0.991100062440903,1.0847784439591825,0.9911000624409028
0.0,0.021732841704926533,-3.82893071991246,176.3534862306344,-1.506597121200138,0.6595626069290818,0.05425735995145332,,,0.0,,0.9867176681024483,0.013260309523232733,1.0858057678845676,0.9911084375625853,1.0858057678845674,0.991108437562585
0.0,0.0217536083040388,-3.8279756361709008,176.0999095573811,-1.5065907800989151,0.6595686262791204,0.054335984213133084,,,0.0,,0.9867300964316887,0.013247817725691061,1.0868340734117752,0.9911168046999098,1.086834073411775,0.9911168046999096
0.0,0.021774394746466755,-3.827020552429341,175.84669856365673,-1.5065844445275132,0.6595746409639426,0.0544147216902982,,,0.0,,0.9867425129707011,0.01323533753573068,1.0878633614785853,0.9911251638598509,1.0878633614785846,0.9911251638598507
0.0,0.021795201051171484,-3.8260654686877813,175.59385271966656,-1.5065781144798966,0.6595806509868498,0.0544935725454969,,,0.0,,0.9867549177294535,0.013222868942858304,1.0888936330236703,0.9911335150493757,1.0888936330236698,0.9911335150493755
0.0,0.021816027237132166,-3.825110384946222,175.34137149638985,-1.5065717899500344,0.6595866563511429,0.054572536941510354,,,0.0,,0.9867673107179036,0.01321041193658946,1.0899248889866,0.9911418582754442,1.0899248889865998,0.991141858275444
0.0,0.021836873323346162,-3.8241553012046623,175.0892543655771,-1.5065654709318959,0.6595926570601212,0.054651615041353505,,,0.0,,0.986779691945999,0.013197966506448685,1.0909571303078427,0.9911501935450091,1.0909571303078425,0.9911501935450089
0.0,0.021857739328828944,-3.8232002174631026,174.83750079975079,-1.5065591574194532,0.6595986531170829,0.05473080700827476,,,0.0,,0.9867920614236765,0.013185532641969347,1.0919903579287629,0.9911585208650157,1.0919903579287629,0.9911585208650155
0.0,0.021878625272614173,-3.822245133721543,174.5861102722033,-1.506552849406682,0.6596046445253252,0.054810113005756715,,,0.0,,0.986804419160863,0.013173110332693711,1.0930245727916252,0.9911668402424023,1.0930245727916246,0.9911668402424021
0.0,0.021899531173753685,-3.8212900499799836,174.3350822569956,-1.5065465468875576,0.6596106312881442,0.05488953319751648,,,0.0,,0.9868167651674744,0.013160699568173017,1.0940597758395907,0.9911751516840998,1.0940597758395907,0.9911751516840995
0.0,0.021920457051317548,-3.820334966238424,174.0844162289564,-1.5065402498560596,0.6596166134088348,0.0549690677475059,,,0.0,,0.9868290994534167,0.013148300337967284,1.0950959680167258,0.9911834551970319,1.095095968016726,0.9911834551970318
0.0,0.021941402924394025,-3.819379882496864,173.83411166368094,-1.5065339583061683,0.6596225908906909,0.05504871681991202,,,0.0,,0.9868414220285848,0.013135912631645498,1.0961331502679954,0.9911917507881153,1.0961331502679956,0.9911917507881151
0.0,0.021962368812089628,-3.8184247987553044,173.58416803753042,-1.5065276722318666,0.659628563737005,0.055128480579157126,,,0.0,,0.9868537329028639,0.013123536438785431,1.097171323539267,0.991200038464259,1.0971713235392673,0.9912000384642589
0.0,0.021983354733529113,-3.817469715013745,173.33458482762973,-1.5065213916271403,0.6596345319510688,0.05520835918989952,,,0.0,,0.9868660320861284,0.013111171748973822,1.0982104887773108,0.9912083182323652,1.098210488777311,0.9912083182323651
0.0,0.022004360707855546,-3.8165146312721854,173.08536151186732,-1.5065151164859762,0.6596404955361725,0.05528835281703349,,,0.0,,0.9868783195882426,0.013098818551806161,1.0992506469298025,0.9912165900993289,1.0992506469298025,0.9912165900993288
0.0,0.022025386754230252,-3.8155595475306257,172.83649756889338,-1.5065088468023637,0.6596464544956057,0.05536846162568993,,,0.0,,0.98689059541906,0.013086476836886895,1.100291798945321,0.9912248540720375,1.100291798945321,0.9912248540720374
0.0,0.022046432891832866,-3.8146044637890664,172.58799247811965,-1.5065025825702942,0.6596524088326563,0.05544868578123634,,,0.0,,0.9869028595884239,0.01307414659382923,1.1013339457733509,0.9912331101573715,1.1013339457733506,0.9912331101573714
0.0,0.022067499139861377,-3.8136493800475066,172.33984571971706,-1.5064963237837614,0.6596583585506116,0.055529025449277535,,,0.0,,0.9869151121061673,0.013061827812255237,1.1023770883642847,0.9912413583622041,1.1023770883642847,0.991241358362204
0.0,0.022088585517532094,-3.812694296305947,172.09205677461537,-1.5064900704367608,0.6596643036527574,0.05560948079565581,,,0.0,,0.9869273529821128,0.013049520481795869,1.103421227669421,0.9912495986934011,1.1034212276694215,0.9912495986934011
0.0,0.02210969204407969,-3.811739212564387,171.84462512450233,-1.5064838225232897,0.6596702441423785,0.05569005198645111,,,0.0,,0.9869395822260721,0.013037224592090819,1.1044663646409685,0.9912578311578216,1.1044663646409687,0.9912578311578216
0.0,0.02213081873875722,-3.810784128822828,171.5975502518217,-1.5064775800373482,0.6596761800227586,0.05577073918798174,,,0.0,,0.9869517998478472,0.013024940132788692,1.1055125002320418,0.9912660557623171,1.1055125002320418,0.991266055762317
0.0,0.022151965620836152,-3.809829045081268,171.35083163977254,-1.5064713429729382,0.6596821112971804,0.05585154256680448,,,0.0,,0.9869640058572295,0.013012667093546842,1.1065596353966691,0.9912742725137318,1.106559635396669,0.9912742725137318
0.0,0.022173132709606348,-3.8088739613397085,171.10446877230865,-1.5064651113240626,0.6596880379689251,0.055932462289714824,,,0.0,,0.9869762002639997,0.013000405464031422,1.1076077710897867,0.9912824814189031,1.1076077710897867,0.9912824814189031
0.0,0.02219432002437611,-3.8079188775981487,170.85846113413643,-1.5064588850847274,0.6596939600412733,0.05601349852374762,,,0.0,,0.9869883830779284,0.012988155233917439,1.1086569082672444,0.9912906824846609,1.1086569082672442,0.9912906824846609
0.0,0.022215527584472174,-3.8069637938565895,170.6128082107145,-1.5064526642489409,0.6596998775175041,0.05609465143617714,,,0.0,,0.9870005543087758,0.012975916392888682,1.1097070478858022,0.9912988757178279,1.1097070478858027,0.9912988757178279
0.0,0.02223675540923979,-3.8060087101150297,170.36750948825213,-1.5064464488107128,0.6597057904008957,0.05617592119451765,,,0.0,,0.9870127139662915,0.012963688930637702,1.110758190903138,0.9913070611252199,1.110758190903138,0.9913070611252199
0.0,0.02225800351804264,-3.80505362637347,170.12256445370883,-1.5064402387640543,0.659711698694725,0.05625730796652348,,,0.0,,0.9870248620602151,0.01295147283686581,1.1118103382778404,0.9913152387136454,1.11181033827784,0.9913152387136452
0.0,0.022279271930262922,-3.8040985426319107,169.87797259479245,-1.5064340341029796,0.6597176024022678,0.056338811920189635,,,0.0,,0.9870369986002755,0.012939268101283171,1.112863490969412,0.9913234084899052,1.112863490969412,0.9913234084899052
0.0,0.022300560665301387,-3.803143458890351,169.6337333999584,-1.5064278348215043,0.6597235015267991,0.056420433223752016,,,0.0,,0.9870491235961912,0.012927074713608627,1.1139176499382766,0.9913315704607938,1.1139176499382764,0.9913315704607937
0.0,0.022321869742577292,-3.8021883751487913,169.3898463584085,-1.5064216409136457,0.6597293960715924,0.05650217204568782,,,0.0,,0.9870612370576707,0.012914892663569868,1.11497281614577,0.9913397246330978,1.1149728161457704,0.9913397246330978
0.0,0.022343199181528457,-3.8012332914072315,169.14631096009023,-1.506415452373424,0.6597352860399203,0.05658402855471572,,,0.0,,0.9870733389944116,0.01290272194090327,1.116028990554149,0.9913478710135971,1.1160289905541494,0.991347871013597
0.0,0.02236454900161126,-3.8002782076656723,168.90312669569542,-1.5064092691948605,0.6597411714350542,0.056666002919796336,,,0.0,,0.9870854294161017,0.012890562535353967,1.117086174126587,0.9913560096090641,1.1170861741265872,0.9913560096090641
0.0,0.022385919222300717,-3.7993231239241125,168.6602930566582,-1.5064030913719784,0.6597470522602643,0.056748095310132834,,,0.0,,0.9870975083324177,0.012878414436675896,1.1181443678271787,0.9913641404262642,1.118144367827179,0.9913641404262642
0.0,0.02240730986309041,-3.798368040182553,168.41780953515584,-1.5063969188988033,0.65975292851882,0.05683030589517069,,,0.0,,0.9871095757530266,0.012866277634631638,1.119203572620938,0.9913722634719556,1.1192035726209382,0.9913722634719556
0.0,0.022428720943492554,-3.797412956440993,168.17567562410576,-1.5063907517693624,0.6597588002139892,0.05691263484459865,,,0.0,,0.9871216316875849,0.012854152118992594,1.120263789473801,0.9913803787528894,1.1202637894738008,0.9913803787528893
0.0,0.022450152483038017,-3.796457872699434,167.93389081716592,-1.5063845899776855,0.6597646673490392,0.05699508232834855,,,0.0,,0.9871336761457384,0.012842037879538828,1.1213250193526245,0.9913884862758092,1.121325019352624,0.9913884862758092
0.0,0.02247160450127634,-3.795502788957874,167.69245460873262,-1.5063784335178025,0.6597705299272355,0.05707764851659605,,,0.0,,0.9871457091371227,0.012829934906059109,1.1223872632251901,0.9913965860474521,1.12238726322519,0.991396586047452
0.0,0.022493077017775726,-3.7945477052163143,167.45136649393993,-1.506372282383747,0.6597763879518431,0.057160333579760865,,,0.0,,0.9871577306713634,0.012817843188350971,1.1234505220602025,0.9914046780745472,1.1234505220602027,0.9914046780745471
0.0,0.022514570052123085,-3.7935926214747546,167.21062596865846,-1.5063661365695542,0.6597822414261256,0.05724313768850706,,,0.0,,0.9871697407580752,0.012805762716220642,1.1245147968272928,0.9914127623638173,1.1245147968272924,0.9914127623638171
0.0,0.022536083623924025,-3.7926375377331953,166.97023252949472,-1.5063599960692597,0.6597880903533456,0.057326061013743365,,,0.0,,0.9871817394068625,0.012793693479483007,1.1255800884970133,0.9914208389219772,1.1255800884970137,0.9914208389219772
0.0,0.02255761775280293,-3.7916824539916356,166.73018567378924,-1.5063538608769032,0.6597939347367645,0.057409103726623695,,,0.0,,0.98719372662732,0.012781635467961646,1.1266463980408503,0.9914289077557353,1.12664639804085,0.9914289077557353
0.0,0.022579172458402897,-3.790727370250076,166.49048489961586,-1.5063477309865243,0.6597997745796427,0.05749226599854739,,,0.0,,0.9872057024290309,0.012769588671488884,1.1277137264312098,0.9914369688717926,1.1277137264312103,0.9914369688717924
0.0,0.022600747760385797,-3.7897722865085166,166.25112970578132,-1.5063416063921653,0.6598056098852394,0.05757554800115945,,,0.0,,0.9872176668215693,0.01275755307990564,1.1287820746414323,0.9914450222768425,1.1287820746414319,0.9914450222768425
0.0,0.022622343678432317,-3.788817202766957,166.01211959182254,-1.50633548708787,0.6598114406568129,0.05765894990635127,,,0.0,,0.9872296198144981,0.01274552868306158,1.1298514436457834,0.991453067977572,1.129851443645783,0.9914530679775719
0.0,0.02264396023224192,-3.787862119025397,165.77345405800733,-1.5063293730676848,0.6598172668976199,0.05774247188626051,,,0.0,,0.98724156141737,0.012733515470814983,1.1309218344194603,0.9914611059806605,1.1309218344194607,0.9914611059806604
0.0,0.0226655974415329,-3.7869070352838374,165.53513260533242,-1.5063232643256566,0.6598230886109167,0.057826114113271716,,,0.0,,0.9872534916397274,0.012721513433032785,1.1319932479385932,0.9914691362927802,1.131993247938593,0.9914691362927802
0.0,0.02268725532604239,-3.785951951542278,165.29715473552227,-1.5063171608558354,0.6598289057999579,0.057909876760016674,,,0.0,,0.9872654104911027,0.012709522559590635,1.1330656851802396,0.9914771589205966,1.13306568518024,0.9914771589205965
0.0,0.022708933905526404,-3.7849968678007184,165.05951995102825,-1.5063110626522713,0.6598347184679973,0.05799375999937477,,,0.0,,0.9872773179810174,0.012697542840372738,1.1341391471223958,0.9914851738707676,1.1341391471223958,0.9914851738707675
0.0,0.02273063319975981,-3.7840417840591587,164.82222775502748,-1.5063049697090183,0.6598405266182877,0.05807776400447328,,,0.0,,0.9872892141189828,0.01268557426527203,1.135213634743986,0.9914931811499442,1.1352136347439865,0.9914931811499442
0.0,0.022752353228536373,-3.783086700317599,164.58527765142225,-1.5062988820201304,0.6598463302540805,0.05816188894868758,,,0.0,,0.9873010989145001,0.012673616824189987,1.136289149024873,0.9915011807647703,1.1362891490248734,0.9915011807647702
0.0,0.02277409401166878,-3.7821316165760397,164.34866914483797,-1.5062927995796642,0.6598521293786261,0.05824613500564191,,,0.0,,0.9873129723770603,0.012661670507036813,1.1373656909458525,0.9915091727218825,1.137365690945853,0.9915091727218825
0.0,0.022795855568988655,-3.78117653283448,164.1124017406229,-1.5062867223816774,0.659857923995174,0.05833050234920934,,,0.0,,0.9873248345161433,0.01264973530373123,1.1384432614886597,0.9915171570279105,1.1384432614886593,0.9915171570279105
0.0,0.022817637920346565,-3.7802214490929202,163.87647494484668,-1.5062806504202302,0.6598637141069723,0.05841499115351236,,,0.0,,0.9873366853412193,0.012637811204200664,1.1395218616359621,0.9915251336894767,1.1395218616359624,0.9915251336894767
0.0,0.022839441085612037,-3.7792663653513605,163.64088826429966,-1.5062745836893845,0.6598694997172683,0.05849960159292305,,,0.0,,0.9873485248617481,0.012625898198381084,1.1406014923713708,0.9915331027131964,1.1406014923713705,0.9915331027131964
0.0,0.022861265084673586,-3.7783112816098012,163.40564120649177,-1.5062685221832024,0.659875280829308,0.05858433384206349,,,0.0,,0.9873603530871788,0.012613996276217065,1.1416821546794311,0.991541064105678,1.1416821546794313,0.9915410641056779
0.0,0.022883109937438754,-3.7773561978682415,163.17073327965036,-1.5062624658957497,0.6598810574463364,0.058669188075806476,,,0.0,,0.9873721700269508,0.012602105427661834,1.1427638495456331,0.9915490178735223,1.142763849545633,0.9915490178735223
0.0,0.022904975663834082,-3.776401114126682,162.93616399272116,-1.506256414821093,0.6598868295715974,0.058754164469275186,,,0.0,,0.9873839756904925,0.01259022564267712,1.1438465779564027,0.9915569640233236,1.1438465779564033,0.9915569640233236
0.0,0.02292686228380515,-3.7754460303851225,162.7019328553655,-1.5062503689533004,0.6598925972083337,0.05883926319784414,,,0.0,,0.9873957700872225,0.012578356911233324,1.1449303408991123,0.9915649025616686,1.144930340899112,0.9915649025616685
0.0,0.022948769817316614,-3.7744909466435628,162.46803937795985,-1.5062443282864413,0.6598983603597871,0.058924484437139366,,,0.0,,0.9874075532265484,0.01256649922330935,1.1460151393620726,0.9915728334951371,1.1460151393620726,0.9915728334951371
0.0,0.022970698284352203,-3.773535862902003,162.23448307159526,-1.5062382928145877,0.6599041190291981,0.059009828363038544,,,0.0,,0.9874193251178682,0.012554652568892688,1.1471009743345413,0.9915807568303019,1.147100974334541,0.9915807568303019
0.0,0.022992647704914725,-3.7725807791604433,162.0012634480754,-1.506232262531813,0.6599098732198064,0.05909529515167176,,,0.0,,0.9874310857705695,0.012542816937979411,1.148187846806718,0.9915886725737285,1.1481878468067177,0.9915886725737284
0.0,0.023014618099026104,-3.771625695418884,161.76838001991615,-1.5062262374321915,0.6599156229348503,0.05918088497942153,,,0.0,,0.9874428351940288,0.012530992320574162,1.1492757577697477,0.9915965807319752,1.149275757769748,0.9915965807319752
0.0,0.023036609486727432,-3.7706706116773243,161.53583230034408,-1.5062202175097998,0.6599213681775672,0.059266598022923465,,,0.0,,0.9874545733976132,0.012519178706690082,1.1503647082157256,0.9916044813115937,1.1503647082157253,0.9916044813115936
0.0,0.023058621888078903,-3.7697155279357646,161.30361980329616,-1.506214202758716,0.6599271089511933,0.059352434459066225,,,0.0,,0.9874663003906788,0.012507376086348873,1.151454699137688,0.991612374319128,1.1514546991376884,0.991612374319128
0.0,0.02308065532315991,-3.768760444194205,161.07174204341766,-1.5062081931730198,0.659932845258964,0.0594383944649924,,,0.0,,0.987478016182572,0.012495584449580816,1.1525457315296241,0.9916202597611155,1.1525457315296241,0.9916202597611155
0.0,0.023102709812069005,-3.7678053604526456,160.8401985360624,-1.506202188746792,0.6599385771041131,0.05952447821809824,,,0.0,,0.9874897207826284,0.012483803786424648,1.153637806386468,0.991628137644086,1.1536378063864685,0.991628137644086
0.0,0.023124785374923986,-3.766850276711086,160.6089887972899,-1.5061961894741158,0.6599443044898737,0.05961068589603483,,,0.0,,0.9875014142001735,0.01247203408692772,1.1547309247041087,0.9916360079745626,1.1547309247041082,0.9916360079745626
0.0,0.02314688203186184,-3.765895192969526,160.37811234386635,-1.5061901953490746,0.659950027419478,0.05969701767670767,,,0.0,,0.9875130964445221,0.012460275341145823,1.1558250874793796,0.9916438707590615,1.15582508747938,0.9916438707590615
0.0,0.023168999803038794,-3.764940109227967,160.1475686932625,-1.5061842063657556,0.6599557458961564,0.05978347373827733,,,0.0,,0.9875247675249793,0.012448527539143274,1.156920295710071,0.9916517260040911,1.1569202957100713,0.9916517260040911
0.0,0.023191138708630373,-3.763985025486407,159.9173573636521,-1.5061782225182452,0.6599614599231389,0.059870054259160234,,,0.0,,0.9875364274508395,0.01243679067099295,1.158016550394924,0.9916595737161534,1.1580165503949238,0.9916595737161534
0.0,0.023213298768831343,-3.7630299417448474,159.68747787391231,-1.5061722438006326,0.6599671695036543,0.0599567594180282,,,0.0,,0.9875480762313867,0.012425064726776144,1.1591138525336315,0.9916674139017431,1.159113852533632,0.9916674139017431
0.0,0.023235480003855776,-3.7620748580032877,159.45792974362124,-1.5061662702070078,0.65997287464093,0.06004358939380961,,,0.0,,0.987559713875895,0.012413349696582724,1.1602122031268443,0.9916752465673475,1.1602122031268438,0.9916752465673475
0.0,0.023257682433937055,-3.7611197742617284,159.22871249305808,-1.5061603017314638,0.6599785753381926,0.06013054436568915,,,0.0,,0.9875713403936277,0.012401645570510992,1.161311603176163,0.9916830717194474,1.1613116031761632,0.9916830717194474
0.0,0.023279906079327922,-3.7601646905201687,158.99982564320115,-1.5061543383680924,0.6599842715986677,0.060217624513108615,,,0.0,,0.9875829557938381,0.012389952338667715,1.1624120536841511,0.991690889364516,1.162412053684151,0.991690889364516
0.0,0.023302150960300447,-3.759209606778609,158.77126871572733,-1.5061483801109903,0.6599899634255795,0.060304830015767086,,,0.0,,0.9875945600857692,0.012378269991168176,1.1635135556543237,0.9916986995090198,1.163513555654324,0.9916986995090198
0.0,0.023324417097146076,-3.758254523037049,158.54304123301088,-1.5061424269542523,0.6599956508221514,0.060392161053621336,,,0.0,,0.9876061532786533,0.012366598518136141,1.164616110091157,0.991706502159418,1.1646161100911572,0.991706502159418
0.0,0.023346704510175634,-3.75729943929549,158.3151427181228,-1.5061364788919769,0.6600013337916055,0.060479617806886064,,,0.0,,0.9876177353817129,0.012354937909703776,1.165719718000084,0.991714297322163,1.1657197180000842,0.991714297322163
0.0,0.023369013219719386,-3.75634435555393,158.0875726948291,-1.5061305359182635,0.6600070123371632,0.060567200456034545,,,0.0,,0.9876293064041601,0.012343288156011715,1.1668243803875,0.9917220850036997,1.1668243803875,0.9917220850036996
0.0,0.023391343246126992,-3.7553892718123705,157.86033068759022,-1.5061245980272127,0.6600126864620444,0.06065490918179883,,,0.0,,0.9876408663551963,0.01233164924720909,1.167930098260759,0.9917298652104664,1.1679300982607588,0.9917298652104662
0.0,0.023413694609767558,-3.754434188070811,157.63341622156037,-1.5061186652129264,0.660018356169468,0.06074274416516993,,,0.0,,0.987652415244013,0.012320021173453408,1.1690368726281755,0.9917376379488938,1.169036872628176,0.9917376379488938
0.0,0.023436067331029688,-3.7534791043292515,157.40682882258525,-1.506112737469508,0.6600240214626523,0.060830705587398726,,,0.0,,0.9876639530797912,0.012308403924910678,1.1701447044990316,0.9917454032254063,1.1701447044990314,0.9917454032254063
0.0,0.023458461430321428,-3.7525240205876917,157.18056801720255,-1.5061068147910628,0.660029682344814,0.06091879362999577,,,0.0,,0.9876754798717016,0.012296797491755287,1.1712535948835674,0.9917531610464205,1.171253594883567,0.9917531610464204
0.0,0.023480876928070337,-3.751568936846132,156.95463333264024,-1.506100897171697,0.6600353388191688,0.061007008474731825,,,0.0,,0.9876869956289046,0.012285201864170037,1.1723635447929892,0.9917609114183463,1.1723635447929894,0.9917609114183463
0.0,0.023503313844723494,-3.7506138531045727,156.72902429681514,-1.5060949846055183,0.6600409908889315,0.061095350303638496,,,0.0,,0.9876985003605506,0.012273617032346213,1.1734745552394703,0.9917686543475867,1.1734745552394699,0.9917686543475865
0.0,0.023525772200747534,-3.749658769363013,156.50374043833256,-1.506089077086636,0.6600466385573159,0.06118381929900833,,,0.0,,0.9877099940757792,0.012262042986483424,1.1745866272361483,0.9917763898405371,1.1745866272361478,0.991776389840537
0.0,0.023548252016628624,-3.7487036856214533,156.27878128648484,-1.5060831746091594,0.6600522818275345,0.061272415643395334,,,0.0,,0.98772147678372,0.012250479716789773,1.175699761797128,0.9917841179035863,1.1756997617971279,0.9917841179035863
0.0,0.023570753312872516,-3.7477486018798936,156.054146371251,-1.506077277167202,0.6600579207027989,0.061361139519615096,,,0.0,,0.9877329484934924,0.012238927213481667,1.1768139599374836,0.9917918385431163,1.1768139599374836,0.9917918385431161
0.0,0.023593276110004543,-3.7467935181383343,155.82983522329474,-1.506071384754876,0.6600635551863195,0.061449991110745554,,,0.0,,0.9877444092142051,0.012227385466783997,1.1779292226732565,0.9917995517655012,1.177929222673257,0.991799551765501
0.0,0.023615820428569686,-3.7458384343967746,155.60584737396425,-1.506065497366295,0.6600691852813059,0.061538970600127085,,,0.0,,0.9877558589549569,0.01221585446692995,1.1790455510214612,0.9918072575771087,1.179045551021461,0.9918072575771087
0.0,0.02363838628913252,-3.744883350655215,155.3821823552907,-1.5060596149955763,0.6600748109909662,0.061628078171363024,,,0.0,,0.987767297724836,0.012204334204161175,1.1801629460000786,0.9918149559842996,1.1801629460000784,0.9918149559842995
0.0,0.023660973712277295,-3.743928266913655,155.15883969998768,-1.506053737636836,0.6600804323185079,0.061717314008319854,,,0.0,,0.9877787255329205,0.012192824668727635,1.1812814086280645,0.991822646993427,1.181281408628064,0.9918226469934269
0.0,0.023683582718607897,-3.742973183172096,154.93581894145012,-1.5060478652841924,0.6600860492671372,0.06180667829512771,,,0.0,,0.9877901423882782,0.01218132585088765,1.1824009399253452,0.9918303306108375,1.182400939925345,0.9918303306108374
0.0,0.023706213328747953,-3.742018099430536,154.7131196137523,-1.5060419979317659,0.6600916618400593,0.061896171216181045,,,0.0,,0.9878015482999665,0.012169837740907977,1.1835215409128241,0.9918380068428705,1.1835215409128235,0.9918380068428704
0.0,0.02372886556334075,-3.7410630156889764,154.49074125164864,-1.506036135573676,0.6600972700404782,0.061985792956138305,,,0.0,,0.9878129432770326,0.012158360329063627,1.184643212612375,0.9918456756958584,1.1846432126123747,0.9918456756958582
0.0,0.023751539443049315,-3.740107931947417,154.26868339057117,-1.5060302782040462,0.6601028738715972,0.06207554369992301,,,0.0,,0.9878243273285134,0.01214689360563805,1.1857659560468499,0.9918533371761262,1.1857659560468492,0.9918533371761262
0.0,0.023774234988556433,-3.7391528482058574,154.0469455666291,-1.506024425816999,0.6601084733366182,0.06216542363272381,,,0.0,,0.9878357004634354,0.012135437560922974,1.1868897722400755,0.9918609912899927,1.1868897722400757,0.9918609912899926
0.0,0.023796952220564636,-3.7381977644642976,153.82552731660812,-1.5060185784066593,0.660114068438742,0.06225543293999475,,,0.0,,0.987847062690815,0.012123992185218462,1.1880146622168593,0.9918686380437689,1.1880146622168584,0.9918686380437688
0.0,0.023819691159796243,-3.737242680722738,153.60442817796886,-1.5060127359671527,0.6601196591811688,0.06234557180745592,,,0.0,,0.987858414019658,0.01211255746883294,1.1891406270029807,0.9918762774437591,1.1891406270029805,0.991876277443759
0.0,0.02384245182699336,-3.7362875969811786,153.38364768884614,-1.5060068984926067,0.6601252455670973,0.06243584042109373,,,0.0,,0.9878697544589601,0.012101133402083169,1.1902676676252042,0.9918839094962604,1.190267667625204,0.9918839094962603
0.0,0.02386523424291795,-3.735332513239619,153.16318538804782,-1.506001065977149,0.6601308275997253,0.06252623896716131,,,0.0,,0.987881084017707,0.012089719975294172,1.1913957851112724,0.991891534207563,1.1913957851112718,0.991891534207563
0.0,0.023888038428351778,-3.734377429498059,152.94304081505447,-1.5059952384149087,0.6601364052822496,0.06261676763217866,,,0.0,,0.9878924027048736,0.012078317178799288,1.1925249804899074,0.9918991515839504,1.1925249804899074,0.9918991515839503
0.0,0.023910864404096482,-3.7334223457564994,152.72321351001722,-1.5059894158000173,0.6601419786178659,0.06270742660293349,,,0.0,,0.9879037105294246,0.012066925002940218,1.1936552547908161,0.9919067616316982,1.193655254790816,0.9919067616316982
0.0,0.02393371219097357,-3.73246726201494,152.50370301375807,-1.505983598126606,0.660147547609769,0.06279821606648112,,,0.0,,0.9879150075003148,0.012055543438066878,1.194786609044686,0.991914364357076,1.1947866090446853,0.991914364357076
0.0,0.023956581809824466,-3.7315121782733804,152.2845088677674,-1.5059777853888079,0.6601531122611523,0.06288913621014533,,,0.0,,0.9879262936264883,0.01204417247453756,1.1959190442831895,0.9919219597663458,1.1959190442831886,0.9919219597663457
0.0,0.023979473281510483,-3.7305570945318207,152.06563061420462,-1.5059719775807563,0.6601586725752084,0.06298018722151831,,,0.0,,0.9879375689168792,0.012032812102718777,1.1970525615389829,0.9919295478657625,1.1970525615389827,0.9919295478657625
0.0,0.02400238662691288,-3.729602010790261,151.84706779589615,-1.5059661746965871,0.660164228555129,0.06307136928846127,,,0.0,,0.987948833380411,0.012021462312985311,1.19818716184571,0.9919371286615745,1.1981871618457096,0.9919371286615744
0.0,0.02402532186693286,-3.7286469270487017,151.62881995633452,-1.5059603767304361,0.6601697802041044,0.06316268259910486,,,0.0,,0.9879600870259971,0.012010123095720302,1.1993228462379995,0.9919447021600225,1.1993228462379988,0.9919447021600224
0.0,0.024048279022491622,-3.727691843307142,151.41088663967764,-1.5059545836764412,0.6601753275253242,0.06325412734184947,,,0.0,,0.9879713298625408,0.011998794441315047,1.200459615751468,0.9919522683673409,1.200459615751468,0.9919522683673409
0.0,0.02407125811453033,-3.7267367595655823,151.19326739074762,-1.5059487955287405,0.6601808705219767,0.0633457037053657,,,0.0,,0.9879825618989347,0.0119874763401692,1.2015974714227229,0.9919598272897566,1.201597471422722,0.9919598272897565
0.0,0.02409425916401016,-3.725781675824023,150.9759617550303,-1.5059430122814736,0.6601864091972494,0.06343741187859447,,,0.0,,0.9879937831440615,0.011976168782690599,1.2027364142893557,0.9919673789334897,1.2027364142893555,0.9919673789334896
0.0,0.024117282191912344,-3.7248265920824633,150.75896927867345,-1.5059372339287806,0.6601919435543283,0.06352925205074784,,,0.0,,0.9880049936067934,0.01196487175929533,1.2038764453899553,0.9919749233047532,1.203876445389955,0.9919749233047531
0.0,0.02414032721923813,-3.7238715083409035,150.5422895084864,-1.5059314604648038,0.6601974735963991,0.06362122441130912,,,0.0,,0.9880161932959921,0.011953585260407766,1.2050175657640965,0.9919824604097532,1.2050175657640965,0.9919824604097531
0.0,0.02416339426700885,-3.722916424599344,150.3259219919386,-1.5059256918836856,0.6602029993266458,0.06371332915003335,,,0.0,,0.9880273822205097,0.011942309276460516,1.2061597764523497,0.9919899902546888,1.2061597764523493,0.9919899902546887
0.0,0.02418648335626591,-3.7219613408577845,150.10986627715957,-1.5059199281795699,0.6602085207482518,0.0638055664569475,,,0.0,,0.9880385603891874,0.011931043797894366,1.2073030784962757,0.9919975128457519,1.2073030784962748,0.9919975128457518
0.0,0.02420959450807085,-3.721006257116225,149.89412191293673,-1.5059141693466012,0.660214037864399,0.06389793652235116,,,0.0,,0.9880497278108562,0.011919788815158323,1.2084474729384318,0.9920050281891276,1.208447472938431,0.9920050281891275
0.0,0.024232727743505305,-3.720051173374665,149.67868844871498,-1.505908415378925,0.6602195506782689,0.06399043953681688,,,0.0,,0.988060884494337,0.011908544318709692,1.2095929608223694,0.9920125362909941,1.2095929608223686,0.992012536290994
0.0,0.02425588308367106,-3.719096089633106,149.46356543459632,-1.5059026662706885,0.6602250591930414,0.06408307569119018,,,0.0,,0.9880720304484406,0.011897310299013884,1.2107395431926355,0.9920200371575222,1.210739543192635,0.9920200371575221
0.0,0.024279060549690087,-3.718141005891546,149.24875242133743,-1.5058969220160396,0.6602305634118957,0.06417584517659056,,,0.0,,0.988083165681967,0.011886086746544601,1.211887221094777,0.992027530794876,1.2118872210947762,0.9920275307948759
0.0,0.024302260162704512,-3.7171859221499863,149.03424896035025,-1.5058911826091264,0.6602360633380097,0.06426874818441133,,,0.0,,0.988094290203706,0.011874873651783689,1.2130359955753343,0.9920350172092128,1.213035995575334,0.9920350172092127
0.0,0.024325481943876674,-3.7162308384084266,148.8200546037003,-1.5058854480440989,0.6602415589745606,0.06436178490632027,,,0.0,,0.9881054040224377,0.01186367100522117,1.2141858676818507,0.9920424964066825,1.2141858676818504,0.9920424964066825
0.0,0.02434872591438913,-3.7152757546668673,148.60616890410546,-1.5058797183151076,0.6602470503247243,0.06445495553426006,,,0.0,,0.9881165071469313,0.011852478797355329,1.215336838462867,0.9920499683934283,1.2153368384628664,0.9920499683934283
0.0,0.024371992095444696,-3.7143206709253076,148.39259141493545,-1.5058739934163041,0.6602525373916759,0.0645482602604486,,,0.0,,0.988127599585946,0.011841297018692533,1.2164889089679263,0.9920574331755863,1.2164889089679252,0.9920574331755861
0.0,0.024395280508266424,-3.713365587183748,148.17932169021063,-1.5058682733418405,0.6602580201785894,0.06464169927737942,,,0.0,,0.9881386813482304,0.011830125659747413,1.2176420802475714,0.9920648907592855,1.2176420802475707,0.9920648907592854
0.0,0.02441859117409766,-3.712410503442188,147.96635928460145,-1.5058625580858707,0.6602634986886374,0.06473527277782189,,,0.0,,0.9881497524425236,0.01181896471104268,1.2187963533533501,0.992072341150648,1.21879635335335,0.9920723411506479
0.0,0.024441924114202027,-3.711455419700629,147.75370375342686,-1.5058568476425485,0.6602689729249922,0.06482898095482201,,,0.0,,0.9881608128775533,0.01180781416310929,1.2199517293378126,0.9920797843557893,1.2199517293378124,0.9920797843557891
0.0,0.02446527934986351,-3.710500335959069,147.54135465265384,-1.5058511420060292,0.6602744428908245,0.06492282400170246,,,0.0,,0.9881718626620378,0.011796674006486261,1.2211082092545154,0.9920872203808171,1.2211082092545151,0.992087220380817
0.0,0.024488656902386392,-3.7095452522175094,147.32931153889606,-1.5058454411704687,0.6602799085893043,0.06501680211206325,,,0.0,,0.9881829018046848,0.011785544231720858,1.2222657941580184,0.992094649231833,1.222265794158018,0.9920946492318329
0.0,0.02451205679309533,-3.7085901684759497,147.1175739694135,-1.5058397451300245,0.6602853700236002,0.06511091547978176,,,0.0,,0.9881939303141919,0.01177442482936841,1.2234244851038887,0.992102070914931,1.2234244851038887,0.9921020709149309
0.0,0.024535479043335338,-3.7076350847343904,146.9061415021112,-1.505834053878854,0.6602908271968804,0.06520516429901345,,,0.0,,0.9882049481992461,0.011763315789992389,1.2245842831487022,0.9921094854361984,1.2245842831487015,0.9921094854361983
0.0,0.024558923674471867,-3.7066800009928307,146.6950136955376,-1.505828367411115,0.6602962801123115,0.06529954876419242,,,0.0,,0.9882159554685241,0.011752217104164455,1.225745189350041,0.9921168928017156,1.2257451893500408,0.9921168928017153
0.0,0.024582390707890745,-3.705724917251271,146.484190108885,-1.505822685720968,0.6603017287730593,0.06539406907003116,,,0.0,,0.9882269521306929,0.01174112876246431,1.2269072047665,0.9921242930175556,1.226907204766499,0.9921242930175553
0.0,0.02460588016499824,-3.7047698335097117,146.2736703019875,-1.5058170088025722,0.6603071731822885,0.06548872541152162,,,0.0,,0.9882379381944084,0.011730050755479853,1.2280703304576799,0.9921316860897849,1.228070330457679,0.9921316860897847
0.0,0.024629392067221104,-3.703814749768152,146.0634538353203,-1.5058113366500894,0.6603126133431632,0.06558351798393534,,,0.0,,0.9882489136683168,0.011718983073807032,1.2292345674841971,0.9921390720244629,1.2292345674841965,0.9921390720244627
0.0,0.024652926436006528,-3.7028596660265922,145.8535402699993,-1.5058056692576811,0.660318049258846,0.0656784469828237,,,0.0,,0.9882598785610542,0.011707925708049911,1.2303999169076776,0.9921464508276419,1.2303999169076776,0.9921464508276417
0.0,0.024676483292822217,-3.7019045822850325,145.64392916777948,-1.5058000066195094,0.6603234809324986,0.06577351260401854,,,0.0,,0.9882708328812455,0.011696878648820668,1.2315663797907628,0.9921538225053673,1.2315663797907626,0.9921538225053672
0.0,0.024700062659156367,-3.700949498543473,145.43462009105411,-1.5057943487297385,0.6603289083672818,0.06586871504363252,,,0.0,,0.9882817766375063,0.011685841886739592,1.232733957197106,0.9921611870636777,1.2327339571971054,0.9921611870636775
0.0,0.024723664556517744,-3.6999944148019135,145.22561260285391,-1.505788695582532,0.6603343315663553,0.06596405449805957,,,0.0,,0.9882927098384414,0.011674815412435023,1.2339026501913768,0.9921685445086045,1.233902650191377,0.9921685445086043
0.0,0.02474728900643564,-3.6990393310603538,145.01690626684658,-1.5057830471720548,0.6603397505328781,0.066059531163975,,,0.0,,0.9883036324926453,0.011663799216543355,1.2350724598392628,0.9921758948461721,1.2350724598392624,0.9921758948461719
0.0,0.024770936030459916,-3.698084247318794,144.80850064733465,-1.5057774034924722,0.6603451652700076,0.0661551452383364,,,0.0,,0.9883145446087026,0.01165279328970914,1.2362433872074656,0.9921832380823982,1.236243387207465,0.992183238082398
0.0,0.02479460565016103,-3.6971291635772348,144.60039530925619,-1.5057717645379505,0.6603505757809008,0.06625089691838344,,,0.0,,0.988325446195187,0.011641797622584906,1.237415433363705,0.9921905742232933,1.2374154333637049,0.9921905742232932
0.0,0.024818297887130074,-3.696174079835675,144.3925898181819,-1.5057661303026566,0.6603559820687133,0.06634678640163898,,,0.0,,0.9883363372606627,0.011630812205831328,1.2385885993767243,0.9921979032748611,1.2385885993767234,0.9921979032748609
0.0,0.024842012762978743,-3.6952189960941153,144.18508374031606,-1.5057605007807586,0.6603613841365998,0.06644281388590884,,,0.0,,0.9883472178136831,0.011619837030117075,1.2397628863162804,0.9922052252430983,1.2397628863162806,0.9922052252430982
0.0,0.024865750299339386,-3.6942639123525556,143.97787664249475,-1.5057548759664243,0.6603667819877141,0.06653897956928242,,,0.0,,0.9883580878627911,0.011608872086118853,1.2409382952531576,0.9922125401339946,1.2409382952531574,0.9922125401339945
0.0,0.02488951051786502,-3.6933088286109963,143.77096809218463,-1.5057492558538228,0.660372175625209,0.06663528365013333,,,0.0,,0.9883689474165198,0.011597917364521487,1.242114827259157,0.9922198479535328,1.2421148272591567,0.9922198479535326
0.0,0.02491329344022938,-3.6923537448694366,143.56435765748245,-1.5057436404371238,0.6603775650522361,0.06673172632711956,,,0.0,,0.9883797964833921,0.011586972856017752,1.243292483407106,0.9922271487076886,1.2432924834071055,0.9922271487076885
0.0,0.024937099088126885,-3.691398661127877,143.35804490711394,-1.5057380297104972,0.6603829502719463,0.06682830779918394,,,0.0,,0.9883906350719202,0.011576038551308536,1.2444712647708538,0.992234442402431,1.2444712647708538,0.9922344424024309
0.0,0.02496092748327268,-3.6904435773863176,143.1520294104333,-1.5057324236681144,0.6603883312874892,0.06692502826555446,,,0.0,,0.9884014631906061,0.011565114441102683,1.2456511724252768,0.9922417290437218,1.245651172425276,0.9922417290437217
0.0,0.024984778647402686,-3.689488493644758,142.9463107374216,-1.505726822304147,0.6603937081020136,0.06702188792574486,,,0.0,,0.9884122808479417,0.01155420051611707,1.246832207446274,0.992249008637516,1.2468322074462737,0.9922490086375158
0.0,0.025008652602273574,-3.688533409903198,142.7408884586863,-1.505721225612766,0.6603990807186674,0.06711888697955498,,,0.0,,0.9884230880524084,0.011543296767076612,1.248014370910775,0.9922562811897615,1.2480143709107745,0.9922562811897614
0.0,0.0250325493696628,-3.6875783261616384,142.5357621454601,-1.505715633588145,0.6604044491405971,0.06721602562707109,,,0.0,,0.9884338848124776,0.011532403184714239,1.2491976638967348,0.9922635467063996,1.2491976638967341,0.9922635467063994
0.0,0.025056468971368637,-3.686623242420079,142.33093136960048,-1.5057100462244566,0.6604098133709488,0.06731330406866626,,,0.0,,0.9884446711366102,0.011521519759770832,1.2503820874831362,0.9922708051933642,1.2503820874831362,0.9922708051933641
0.0,0.0250804114292102,-3.6856681586785194,142.1263957035881,-1.5057044635158756,0.6604151734128673,0.06741072250500105,,,0.0,,0.9884554470332567,0.011510646482995277,1.2515676427499967,0.9922780566565825,1.2515676427499962,0.9922780566565824
0.0,0.02510437676502743,-3.6847130749369597,141.9221547205262,-1.5056988854565754,0.6604205292694961,0.06750828113702362,,,0.0,,0.9884662125108578,0.011499783345144501,1.2527543307783586,0.9922853011019748,1.2527543307783586,0.9922853011019747
0.0,0.025128365000681142,-3.6837579911954004,141.7182079941403,-1.505693312040731,0.6604258809439782,0.06760598016597011,,,0.0,,0.988476967577843,0.011488930336983333,1.2539421526502994,0.9922925385354543,1.2539421526502994,0.9922925385354542
0.0,0.025152376158053064,-3.6828029074538406,141.51455509877565,-1.5056877432625184,0.6604312284394556,0.06770381979336562,,,0.0,,0.9884877122426328,0.011478087449284661,1.2551311094489301,0.9922997689629274,1.2551311094489292,0.9922997689629273
0.0,0.025176410259045805,-3.681847823712281,141.31119560939823,-1.5056821791161128,0.660436571759069,0.06780180022102379,,,0.0,,0.9884984465136363,0.011467254672829273,1.2563212022583918,0.9923069923902934,1.2563212022583912,0.9923069923902932
0.0,0.02520046732558291,-3.680892739970721,141.1081291015928,-1.5056766195956912,0.6604419109059584,0.06789992165104772,,,0.0,,0.9885091703992528,0.011456431998405936,1.2575124321638624,0.9923142088234448,1.2575124321638624,0.9923142088234446
0.0,0.02522454737960886,-3.679937656229162,140.90535515156193,-1.5056710646954297,0.6604472458832625,0.06799818428583036,,,0.0,,0.9885198839078712,0.011445619416811418,1.2587048002515564,0.992321418268267,1.2587048002515566,0.9923214182682669
0.0,0.02524865044308915,-3.678982572487602,140.70287333612544,-1.505665514409506,0.6604525766941195,0.06809658832805486,,,0.0,,0.9885305870478701,0.011434816918850368,1.259898307608725,0.9923286207306389,1.2598983076087247,0.9923286207306387
0.0,0.025272776538010217,-3.6780274887460425,140.50068323271918,-1.5056599687320982,0.6604579033416662,0.06819513398069502,,,0.0,,0.9885412798276181,0.011424024495335456,1.261092955323655,0.9923358162164317,1.261092955323654,0.9923358162164315
0.0,0.025296925686379527,-3.6770724050044827,140.2987844193948,-1.505654427657384,0.6604632258290386,0.06829382144701543,,,0.0,,0.9885519622554731,0.011413242137087217,1.2622887444856719,0.9923430047315104,1.2622887444856716,0.9923430047315102
0.0,0.025321097910225555,-3.6761173212629235,140.09717647481787,-1.5056488911795425,0.6604685441593717,0.06839265093057237,,,0.0,,0.9885626343397828,0.011402469834934186,1.2634856761851425,0.9923501862817325,1.2634856761851425,0.9923501862817324
0.0,0.025345293231597867,-3.6751622375213637,139.89585897826765,-1.5056433592927525,0.6604738583357996,0.0684916226352139,,,0.0,,0.9885732960888847,0.011391707579712756,1.2646837515134752,0.9923573608729492,1.2646837515134748,0.992357360872949
0.0,0.025369511672567065,-3.674207153779804,139.69483150963583,-1.5056378319911936,0.6604791683614554,0.06859073676508042,,,0.0,,0.988583947511106,0.011380955362267322,1.2658829715631161,0.9923645285110041,1.2658829715631161,0.9923645285110039
0.0,0.025393753255224843,-3.6732520700382443,139.49409364942613,-1.5056323092690458,0.6604844742394711,0.06868999352460488,,,0.0,,0.9885945886147637,0.011370213173450125,1.2670833374275583,0.9923716892017342,1.2670833374275579,0.992371689201734
0.0,0.025418018001683997,-3.672296986296685,139.2936449787531,-1.505626791120489,0.6604897759729779,0.06878939311851331,,,0.0,,0.9886052194081643,0.011359481004121319,1.2682848502013335,0.9923788429509697,1.2682848502013335,0.9923788429509695
0.0,0.025442305934078497,-3.6713419025551253,139.09348507934047,-1.5056212775397042,0.6604950735651058,0.06888893575182564,,,0.0,,0.9886158398996041,0.011348758845149019,1.2694875109800248,0.9923859897645335,1.2694875109800239,0.9923859897645333
0.0,0.025466617074563408,-3.6703868188135655,138.89361353352191,-1.5056157685208718,0.6605003670189843,0.06898862162985532,,,0.0,,0.988626450097369,0.011338046687409157,1.270691320860253,0.9923931296482419,1.2706913208602526,0.9923931296482417
0.0,0.025490951445314988,-3.6694317350720063,138.69402992423855,-1.5056102640581737,0.6605056563377414,0.06908845095821045,,,0.0,,0.988637050009735,0.01132734452178564,1.2718962809396916,0.992400262607904,1.2718962809396908,0.9924002626079037
0.0,0.0255153090685307,-3.6684766513304465,138.49473383503891,-1.5056047641457913,0.6605109415245044,0.06918842394279386,,,0.0,,0.9886476396449672,0.01131665233917019,1.273102392317058,0.9924073886493222,1.2731023923170581,0.992407388649322
0.0,0.025539689966429194,-3.667521567588887,138.29572485007805,-1.5055992687779063,0.6605162225823998,0.06928854078980352,,,0.0,,0.988658219011321,0.011305970130462415,1.2743096560921217,0.9924145077782919,1.2743096560921217,0.9924145077782917
0.0,0.02556409416125036,-3.666566483847327,138.0970025541162,-1.5055937779487008,0.6605214995145527,0.06938880170573312,,,0.0,,0.9886687881170408,0.011295297886569832,1.2755180733656988,0.9924216200006016,1.2755180733656981,0.9924216200006013
0.0,0.02558852167525533,-3.665611400105768,137.89856653251815,-1.5055882916523582,0.6605267723240877,0.06948920689737245,,,0.0,,0.9886793469703616,0.011284635598407828,1.2767276452396543,0.9924287253220327,1.2767276452396543,0.9924287253220324
0.0,0.025612972530726537,-3.664656316364208,137.7004163712523,-1.50558280988306,0.6605320410141282,0.0695897565718078,,,0.0,,0.9886898955795073,0.011273983256899598,1.2779383728169114,0.9924358237483599,1.277938372816911,0.9924358237483597
0.0,0.025637446749967676,-3.6637012326226484,137.5025516568901,-1.50557733263499,0.6605373055877967,0.06969045093642219,,,0.0,,0.9887004339526917,0.011263340852976207,1.2791502572014386,0.992442915285351,1.2791502572014384,0.9924429152853507
0.0,0.025661944355303758,-3.6627461488810886,137.30497197660443,-1.5055718599023313,0.6605425660482147,0.06979129019889627,,,0.0,,0.9887109620981187,0.01125270837757662,1.2803632994982623,0.9924499999387666,1.2803632994982623,0.9924499999387663
0.0,0.025686465369081125,-3.6617910651395293,137.1076769181698,-1.5055663916792674,0.6605478223985027,0.0698922745672081,,,0.0,,0.9887214800239816,0.011242085821647561,1.2815775008134616,0.9924570777143605,1.2815775008134618,0.9924570777143602
0.0,0.0257110098136675,-3.6608359813979696,136.91066606995986,-1.5055609279599822,0.6605530746417806,0.0699934042496344,,,0.0,,0.9887319877384632,0.011231473176143678,1.282792862254173,0.9924641486178798,1.2827928622541729,0.9924641486178795
0.0,0.02573557771145195,-3.65988089765641,136.71393902094832,-1.5055554687386592,0.6605583227811668,0.0700946794547501,,,0.0,,0.9887424852497362,0.011220870432027382,1.2840093849285865,0.9924712126550643,1.284009384928587,0.992471212655064
0.0,0.025760169084844933,-3.65892581391485,136.51749536070704,-1.5055500140094824,0.6605635668197792,0.07019610039142933,,,0.0,,0.9887529725659631,0.011210277580268905,1.2852270699459538,0.9924782698316473,1.2852270699459534,0.992478269831647
0.0,0.02578478395627833,-3.657970730173291,136.32133467940514,-1.5055445637666363,0.6605688067607347,0.07029766726884572,,,0.0,,0.9887634496952958,0.011199694611846372,1.28644591841658,0.9924853201533548,1.2864459184165797,0.9924853201533546
0.0,0.02580942234820548,-3.657015646431731,136.12545656780838,-1.5055391180043058,0.6605740426071489,0.07039938029647282,,,0.0,,0.9887739166458764,0.011189121517745624,1.2876659314518348,0.9924923636259061,1.2876659314518344,0.9924923636259059
0.0,0.02583408428310114,-3.6560605626901714,135.92986061727822,-1.5055336767166747,0.6605792743621369,0.07050123968408448,,,0.0,,0.9887843734258359,0.011178558288960394,1.2888871101641455,0.9924994002550136,1.288887110164145,0.9924994002550134
0.0,0.025858769783461546,-3.655105478948612,135.73454641977116,-1.505528239897928,0.6605845020288126,0.07060324564175526,,,0.0,,0.9887948200432958,0.011168004916492159,1.2901094556670014,0.9925064300463826,1.2901094556670007,0.9925064300463823
0.0,0.025883478871804467,-3.6541503952070524,135.5395135678374,-1.5055228075422504,0.6605897256102891,0.07070539837986099,,,0.0,,0.9888052565063667,0.01115746139135018,1.2913329690749547,0.9925134530057117,1.291332969074955,0.9925134530057114
0.0,0.02590821157066915,-3.6531953114654927,135.34476165462024,-1.5055173796438268,0.6605949451096784,0.07080769810907919,,,0.0,,0.9888156828231492,0.011146927704551552,1.292557651503623,0.9925204691386924,1.292557651503623,0.9925204691386921
0.0,0.025932967902616396,-3.652240227723933,135.1502902738552,-1.5055119561968424,0.6606001605300917,0.07091014504038937,,,0.0,,0.9888260990017335,0.011136403847121152,1.293783504069685,0.9925274784510093,1.2937835040696852,0.9925274784510091
0.0,0.025957747890228543,-3.6512851439823737,134.95609901986938,-1.505506537195482,0.6606053718746394,0.07101273938507341,,,0.0,,0.9888365050501994,0.011125889810091593,1.2950105278908877,0.9925344809483403,1.2950105278908874,0.9925344809483401
0.0,0.025982551556109554,-3.650330060240814,134.76218748758006,-1.5055011226339312,0.6606105791464305,0.0711154813547163,,,0.0,,0.9888469009766166,0.011115385584503252,1.2962387240860438,0.9925414766363563,1.2962387240860433,0.992541476636356
0.0,0.026007378922884943,-3.6493749764992542,134.56855527249402,-1.505495712506375,0.6606157823485735,0.07121837116120643,,,0.0,,0.9888572867890443,0.011104891161404336,1.297468093775033,0.992548465520721,1.297468093775033,0.9925484655207206
0.0,0.02603223001320186,-3.648419892757695,134.3752019707074,-1.5054903068069985,0.660620981484176,0.07132140901673566,,,0.0,,0.9888676624955314,0.011094406531850731,1.2986986380788046,0.9925554476070915,1.2986986380788046,0.9925554476070912
0.0,0.02605710484972911,-3.6474648090161352,134.18212717890324,-1.5054849055299866,0.6606261765563443,0.07142459513380053,,,0.0,,0.9888780281041163,0.011083931686906143,1.2999303581193784,0.992562422901118,1.2999303581193786,0.9925624229011176
0.0,0.02608200345515714,-3.6465097252745755,133.98933049435232,-1.5054795086695256,0.660631367568184,0.07152792972520194,,,0.0,,0.9888883836228277,0.011073466617641985,1.301163255019843,0.9925693914084436,1.3011632550198435,0.9925693914084432
0.0,0.02610692585219809,-3.645554641533016,133.7968115149115,-1.5054741162197995,0.6606365545227998,0.07163141300404591,,,0.0,,0.988898729059683,0.011063011315137384,1.3023973299043607,0.9925763531347046,1.3023973299043607,0.9925763531347043
0.0,0.026131872063585786,-3.644599557791456,133.6045698390226,-1.5054687281749939,0.6606417374232955,0.0717350451837441,,,0.0,,0.9889090644226902,0.01105256577047926,1.303632583898165,0.9925833080855304,1.3036325838981644,0.9925833080855301
0.0,0.026156842112075786,-3.6436444740498968,133.412605065712,-1.5054633445292946,0.6606469162727738,0.07183882647801414,,,0.0,,0.9889193897198467,0.011042129974762258,1.3048690181275613,0.9925902562665434,1.3048690181275615,0.9925902562665431
0.0,0.026181836020445413,-3.642689390308337,133.22091679458958,-1.5054579652768862,0.6606520910743366,0.07194275710088006,,,0.0,,0.9889297049591392,0.011031703919088696,1.306106633719935,0.9925971976833592,1.3061066337199356,0.992597197683359
0.0,0.026206853811493725,-3.6417343065667773,133.0295046258482,-1.505452590411954,0.660657261831085,0.07204683726667263,,,0.0,,0.9889400101485444,0.011021287594568618,1.3073454318037445,0.9926041323415865,1.3073454318037445,0.9926041323415862
0.0,0.026231895508041565,-3.640779222825218,132.83836816026223,-1.5054472199286821,0.660662428546119,0.07215106719003007,,,0.0,,0.9889503052960283,0.011010880992319824,1.308585413508523,0.992611060246827,1.3085854135085229,0.9926110602468267
0.0,0.02625696113293162,-3.6398241390836583,132.64750699918716,-1.5054418538212568,0.6606675912225377,0.07225544708589829,,,0.0,,0.9889605904095475,0.011000484103467758,1.3098265799648847,0.9926179814046755,1.3098265799648847,0.9926179814046752
0.0,0.026282050709028358,-3.6388690553420986,132.4569207445584,-1.505436492083862,0.6606727498634393,0.07235997716953141,,,0.0,,0.9889708654970472,0.010990096919145627,1.3110689323045221,0.99262489582072,1.3110689323045215,0.9926248958207197
0.0,0.026307164259218124,-3.637913971600539,132.26660899889106,-1.5054311347106828,0.6606779044719212,0.07246465765649204,,,0.0,,0.9889811305664628,0.010979719430494275,1.3123124716602053,0.9926318035005414,1.3123124716602048,0.992631803500541
0.0,0.0263323018064091,-3.6369588878589796,132.0765713652786,-1.5054257816959031,0.6606830550510798,0.07256948876265186,,,0.0,,0.9889913856257192,0.010969351628662232,1.3135571991657864,0.9926387044497139,1.3135571991657868,0.9926387044497136
0.0,0.026357463373531415,-3.63600380411742,131.88680744739148,-1.5054204330337084,0.6606882016040108,0.07267447070419233,,,0.0,,0.9890016306827312,0.010958993504805765,1.3148031159562035,0.9926455986738046,1.3148031159562035,0.9926455986738044
0.0,0.026382648983537055,-3.63504872037586,131.6973168494777,-1.5054150887182816,0.6606933441338083,0.07277960369760442,,,0.0,,0.9890118657454027,0.010948645050088742,1.3160502231674713,0.9926524861783741,1.3160502231674713,0.9926524861783738
0.0,0.026407858659399947,-3.634093636634301,131.50809917636056,-1.5054097487438074,0.6606984826435665,0.07288488795968981,,,0.0,,0.9890220908216278,0.01093830625568277,1.3172985219366924,0.9926593669689755,1.317298521936692,0.9926593669689752
0.0,0.026433092424116,-3.633138552892741,131.31915403343854,-1.5054044131044697,0.6607036171363778,0.07299032370756099,,,0.0,,0.9890323059192905,0.010927977112767067,1.318548013402053,0.9926662410511554,1.318548013402053,0.9926662410511551
0.0,0.02645835030070307,-3.6321834691511814,131.1304810266846,-1.505399081794452,0.6607087476153345,0.0730959111586415,,,0.0,,0.9890425110462634,0.0109176576125285,1.319798698702827,0.9926731084304534,1.3197986987028267,0.9926731084304531
0.0,0.026483632312201008,-3.6312283854096217,130.94207976264468,-1.5053937548079377,0.6607138740835272,0.07320165053066682,,,0.0,,0.9890527062104095,0.010907347746161632,1.3210505789793725,0.9926799691124022,1.3210505789793727,0.9926799691124019
0.0,0.026508938481671677,-3.6302733016680624,130.75394984843734,-1.5053884321391098,0.6607189965440462,0.07330754204168452,,,0.0,,0.9890628914195817,0.010897047504868668,1.3223036553731389,0.9926868231025274,1.3223036553731384,0.9926868231025272
0.0,0.02653426883219901,-3.6293182179265027,130.56609089175274,-1.5053831137821516,0.6607241149999806,0.07341358591005488,,,0.0,,0.9890730666816219,0.010886756879859414,1.3235579290266628,0.9926936704063483,1.3235579290266621,0.9926936704063479
0.0,0.026559623386888963,-3.628363134184943,130.3785025008521,-1.5053777997312456,0.6607292294544188,0.07351978235445106,,,0.0,,0.9890832320043619,0.0108764758623513,1.3248134010835708,0.9927005110293764,1.3248134010835708,0.9927005110293762
0.0,0.026585002168869575,-3.627408050443383,130.19118428456628,-1.505372489980574,0.6607343399104482,0.07362613159385992,,,0.0,,0.9890933873956234,0.010866204443569458,1.3260700726885826,0.9927073449771171,1.326070072688583,0.9927073449771169
0.0,0.026610405201290984,-3.626452966701824,130.0041358522958,-1.505367184524319,0.6607394463711552,0.07373263384758205,,,0.0,,0.9891035328632173,0.010855942614746544,1.327327944987509,0.9927141722550684,1.3273279449875088,0.9927141722550682
0.0,0.02663583250732548,-3.625497882960264,129.81735681400863,-1.5053618833566624,0.6607445488396255,0.07383928933523287,,,0.0,,0.9891136684149443,0.010845690367122926,1.328587019127254,0.9927209928687217,1.3285870191272537,0.9927209928687215
0.0,0.026661284110167455,-3.6245427992187045,129.6308467802411,-1.5053565864717855,0.6607496473189439,0.07394609827674221,,,0.0,,0.989123794058595,0.0108354476919465,1.3298472962558157,0.9927278068235614,1.3298472962558154,0.9927278068235612
0.0,0.026686760033033483,-3.6235877154771448,129.44460536209576,-1.5053512938638691,0.6607547418121942,0.07405306089235542,,,0.0,,0.989133909801949,0.010825214580472782,1.331108777522288,0.9927346141250648,1.3311087775222883,0.9927346141250646
0.0,0.026712260299162308,-3.6226326317355855,129.25863217124103,-1.505346005527095,0.6607598323224594,0.07416017740263359,,,0.0,,0.9891440156527765,0.010814991023964946,1.3323714640768618,0.9927414147787026,1.3323714640768616,0.9927414147787024
0.0,0.02673778493181491,-3.6216775479940257,129.07292681991024,-1.5053407214556422,0.6607649188528215,0.07426744802845407,,,0.0,,0.9891541116188367,0.010804777013693662,1.3336353570708244,0.9927482087899383,1.3336353570708246,0.9927482087899382
0.0,0.026763333954274472,-3.620722464252466,128.8874889209008,-1.505335441643692,0.6607700014063619,0.07437487299101092,,,0.0,,0.9891641977078782,0.010794572540937278,1.3349004576565633,0.9927549961642289,1.334900457656563,0.9927549961642288
0.0,0.02678890738984641,-3.6197673805109067,128.70231808757381,-1.5053301660854228,0.6607750799861607,0.07448245251181508,,,0.0,,0.9891742739276397,0.010784377596981656,1.3361667669875619,0.9927617769070242,1.3361667669875623,0.992761776907024
0.0,0.026814505261858457,-3.618812296769347,128.5174139338525,-1.5053248947750144,0.6607801545952975,0.07459018681269532,,,0.0,,0.9891843402858493,0.010774192173120235,1.3374342862184092,0.992768551023767,1.3374342862184099,0.9927685510237669
0.0,0.026840127593660598,-3.6178572130277873,128.33277607422184,-1.5053196277066456,0.6607852252368508,0.07469807611579837,,,0.0,,0.9891943967902249,0.010764016260654062,1.3387030165047937,0.9927753185198936,1.3387030165047935,0.9927753185198935
0.0,0.026865774408625136,-3.6169021292862276,128.14840412372754,-1.5053143648744944,0.6607902919138984,0.07480612064358949,,,0.0,,0.989204443448474,0.010753849850891738,1.3399729590035034,0.9927820794008331,1.3399729590035039,0.992782079400833
0.0,0.0268914457301467,-3.6159470455446683,127.96429769797571,-1.505309106272739,0.6607953546295171,0.0749143206188527,,,0.0,,0.9892144802682935,0.010743692935149388,1.3412441148724357,0.9927888336720077,1.3412441148724352,0.9927888336720075
0.0,0.026917141581642313,-3.6149919618031086,127.78045641313123,-1.5053038518955562,0.6608004133867829,0.07502267626469164,,,0.0,,0.98922450725737,0.010733545504750686,1.3425164852705873,0.9927955813388326,1.342516485270588,0.9927955813388326
0.0,0.026942861986551332,-3.614036878061549,127.59687988591745,-1.5052986017371233,0.6608054681887707,0.07513118780452978,,,0.0,,0.9892345244233797,0.010723407551026902,1.3437900713580673,0.9928023224067166,1.3437900713580666,0.9928023224067166
0.0,0.02696860696833551,-3.6130817943199895,127.4135677336156,-1.5052933557916166,0.660810519038555,0.07523985546211064,,,0.0,,0.9892445317739886,0.010713279065316779,1.3450648742960827,0.9928090568810612,1.3450648742960831,0.9928090568810611
0.0,0.026994376550479062,-3.61212671057843,127.23051957406294,-1.5052881140532117,0.6608155659392091,0.07534867946149898,,,0.0,,0.9892545293168523,0.010703160038966656,1.346340895246958,0.992815784767261,1.3463408952469584,0.992815784767261
0.0,0.027020170756488604,-3.61117162683687,127.0477350256533,-1.5052828765160842,0.6608206088938053,0.07545766002708043,,,0.0,,0.9892645170596156,0.010693050463330349,1.3476181353741215,0.9928225060707037,1.3476181353741212,0.9928225060707037
0.0,0.02704598960989322,-3.6102165430953104,126.86521370733546,-1.5052776431744086,0.6608256479054155,0.07556679738356235,,,0.0,,0.9892744950099135,0.010682950329769193,1.3488965958421106,0.9928292207967702,1.3488965958421104,0.9928292207967702
0.0,0.02707183313424448,-3.6092614593537506,126.68295523861227,-1.5052724140223592,0.6608306829771105,0.07567609175597441,,,0.0,,0.9892844631753701,0.010672859629652079,1.350176277816576,0.9928359289508345,1.3501762778165765,0.9928359289508345
0.0,0.027097701353116455,-3.6083063756121914,126.50095923954017,-1.5052671890541094,0.66083571411196,0.07578554336966882,,,0.0,,0.9892944215635991,0.010662778354355399,1.3514571824642811,0.9928426305382637,1.351457182464281,0.9928426305382637
0.0,0.027123594290105763,-3.6073512918706316,126.31922533072814,-1.505261968263833,0.6608407413130332,0.0758951524503209,,,0.0,,0.9893043701822046,0.010652706495263014,1.352739310953101,0.9928493255644179,1.3527393109531007,0.9928493255644179
0.0,0.027149511968831547,-3.606396208129072,126.13775313333733,-1.5052567516457014,0.6608457645833983,0.07600491922392939,,,0.0,,0.9893143090387791,0.010642644043766282,1.3540226644520248,0.9928560140346504,1.3540226644520252,0.9928560140346504
0.0,0.027175454412935514,-3.6054411243875126,125.95654226907956,-1.5052515391938865,0.6608507839261227,0.07611484391681718,,,0.0,,0.9893242381409055,0.010632590991264112,1.3553072441311593,0.9928626959543075,1.3553072441311589,0.9928626959543075
0.0,0.02720142164608199,-3.604486040645953,125.77559236021703,-1.50524633090256,0.660855799344273,0.07622492675563156,,,0.0,,0.9893341574961563,0.010622547329162822,1.3565930511617248,0.9928693713287289,1.3565930511617246,0.9928693713287289
0.0,0.027227413691957893,-3.603530956904393,125.59490302956121,-1.505241126765892,0.6608608108409147,0.07633516796734482,,,0.0,,0.989344067112093,0.010612513048876277,1.357880086716061,0.9928760401632468,1.357880086716061,0.9928760401632468
0.0,0.02725343057427277,-3.6025758731628335,125.41447390047237,-1.5052359267780522,0.6608658184191128,0.07644556777925461,,,0.0,,0.9893539669962672,0.01060248814182577,1.359168351967626,0.9928827024631871,1.3591683519676252,0.9928827024631871
0.0,0.027279472316758823,-3.601620789421274,125.23430459685878,-1.50523073093321,0.6608708220819313,0.07655612641898421,,,0.0,,0.9893638571562199,0.010592472599440057,1.3604578480909948,0.9928893582338686,1.3604578480909943,0.9928893582338686
0.0,0.027305538943170966,-3.6006657056797144,125.05439474317492,-1.5052255392255334,0.6608758218324331,0.07666684411448378,,,0.0,,0.9893737375994817,0.010582466413155411,1.3617485762618666,0.992896007480603,1.3617485762618668,0.992896007480603
0.0,0.027331630477286768,-3.5997106219381547,124.87474396442236,-1.5052203516491904,0.6608808176736807,0.07677772109402974,,,0.0,,0.9893836083335729,0.01057246957441549,1.3630405376570627,0.9929026502086954,1.363040537657062,0.9929026502086954
0.0,0.027357746942906526,-3.5987555381965954,124.69535188614752,-1.5052151681983477,0.6608858096087356,0.07688875758622604,,,0.0,,0.989393469366003,0.010562482074671474,1.3643337334545216,0.9929092864234438,1.3643337334545214,0.9929092864234437
0.0,0.027383888363853318,-3.5978004544550357,124.51621813444146,-1.5052099888671715,0.6608907976406584,0.07699995382000444,,,0.0,,0.9894033207042716,0.010552503905381932,1.365628164833312,0.9929159161301393,1.3656281648333122,0.9929159161301392
0.0,0.027410054763972933,-3.596845370713476,124.33734233593931,-1.5052048136498268,0.6608957817725089,0.07711131002462461,,,0.0,,0.9894131623558675,0.010542535058012874,1.3669238329736253,0.9929225393340663,1.3669238329736246,0.9929225393340662
0.0,0.027436246167133978,-3.5958902869719163,124.15872411781893,-1.5051996425404792,0.6609007620073459,0.07722282642967515,,,0.0,,0.9894229943282692,0.010532575524037783,1.368220739056777,0.992929156040502,1.3682207390567762,0.9929291560405019
0.0,0.027462462597227847,-3.594935203230357,123.98036310780046,-1.5051944755332922,0.6609057383482277,0.07733450326507373,,,0.0,,0.9894328166289447,0.010522625294937556,1.3695188842652104,0.9929357662547169,1.36951888426521,0.9929357662547168
0.0,0.027488704078168794,-3.5939801194887973,123.80225893414529,-1.505189312622428,0.6609107107982117,0.07744634076106768,,,0.0,,0.9894426292653514,0.010512684362200486,1.3708182697825,0.9929423699819747,1.3708182697824993,0.9929423699819746
0.0,0.027514970633893895,-3.5930250357472375,123.62441122565575,-1.5051841538020498,0.6609156793603543,0.07755833914823428,,,0.0,,0.9894524322449368,0.010502752717322282,1.3721188967933446,0.9929489672275319,1.3721188967933449,0.9929489672275317
0.0,0.02754126228836311,-3.592069952005678,123.44681961167359,-1.5051789990663185,0.6609206440377111,0.07767049865748159,,,0.0,,0.9894622255751374,0.01049283035180611,1.3734207664835787,0.9929555579966381,1.373420766483578,0.992955557996638
0.0,0.027567579065559282,-3.5911148682641185,123.26948372208007,-1.5051738484093942,0.660925604833337,0.07778281952004834,,,0.0,,0.9894720092633795,0.010482917257162471,1.3747238800401615,0.9929621422945366,1.3747238800401615,0.9929621422945364
0.0,0.0275939209894882,-3.590159784522559,123.0924031872939,-1.5051687018254372,0.660930561750286,0.07789530196750537,,,0.0,,0.989481783317079,0.010473013424909345,1.3760282386511924,0.9929687201264629,1.3760282386511915,0.9929687201264628
0.0,0.027620288084178563,-3.589204700780999,122.91557763827196,-1.5051635593086055,0.6609355147916113,0.07800794623175493,,,0.0,,0.989491547743641,0.01046311884657203,1.3773338435058964,0.9929752914976462,1.3773338435058962,0.9929752914976461
0.0,0.027646680373682044,-3.5882496170394393,122.73900670650755,-1.5051584208530573,0.6609404639603652,0.07812075254503192,,,0.0,,0.9895013025504605,0.010453233513683229,1.3786406957946389,0.9929818564133086,1.3786406957946389,0.9929818564133085
0.0,0.027673097882073273,-3.58729453329788,122.56269002402972,-1.5051532864529493,0.6609454092595994,0.07823372113990429,,,0.0,,0.9895110477449222,0.010443357417783072,1.3799487967089186,0.9929884148786654,1.3799487967089177,0.9929884148786653
0.0,0.027699540633449937,-3.5863394495563203,122.38662722340261,-1.5051481561024374,0.6609503506923647,0.07834685224927328,,,0.0,,0.9895207833343996,0.010433490550418992,1.3812581474413708,0.9929949668989249,1.3812581474413699,0.9929949668989247
0.0,0.027726008651932702,-3.5853843658147606,122.21081793772461,-1.5051430297956765,0.6609552882617109,0.07846014610637413,,,0.0,,0.9895305093262566,0.01042363290314586,1.382568749185768,0.9930015124792885,1.382568749185768,0.9930015124792883
0.0,0.027752501961665288,-3.5844292820732013,122.03526180062786,-1.5051379075268205,0.6609602219706873,0.07857360294477628,,,0.0,,0.989540225727846,0.010413784467525868,1.3838806031370237,0.9930080516249505,1.3838806031370239,0.9930080516249503
0.0,0.02777902058681452,-3.5834741983316416,121.85995844627695,-1.505132789290023,0.6609651518223421,0.07868722299838415,,,0.0,,0.9895499325465105,0.010403945235128552,1.3851937104911916,0.9930145843410989,1.3851937104911909,0.9930145843410987
0.0,0.027805564551570277,-3.582519114590082,121.68490750936849,-1.5051276750794351,0.6609700778197228,0.07880100650143747,,,0.0,,0.9895596297895821,0.010394115197530843,1.3865080724454624,0.9930211106329141,1.3865080724454615,0.9930211106329139
0.0,0.027832133880145566,-3.581564030848522,121.51010862513013,-1.505122564889208,0.6609749999658764,0.07891495368851181,,,0.0,,0.9895693174643825,0.010384294346317019,1.387823690198171,0.99302763050557,1.3878236901981713,0.9930276305055697
0.0,0.027858728596776516,-3.580608947106963,121.33556142932024,-1.5051174587134915,0.6609799182638485,0.07902906479451886,,,0.0,,0.9895789955782227,0.010374482673078656,1.3891405649487987,0.9930341439642334,1.3891405649487982,0.9930341439642332
0.0,0.027885348725722462,-3.579653863365403,121.16126555822642,-1.5051123565464348,0.6609848327166844,0.07914334005470727,,,0.0,,0.9895886641384036,0.01036468016941467,1.3904586978979672,0.9930406510140644,1.3904586978979665,0.9930406510140641
0.0,0.027911994291265865,-3.5786987796238434,120.98722064866514,-1.5051072583821852,0.6609897433274285,0.07925777970466293,,,0.0,,0.989598323152215,0.010354886826931357,1.3917780902474433,0.9930471516602158,1.3917780902474435,0.9930471516602156
0.0,0.027938665317712417,-3.5777436958822837,120.81342633798123,-1.5051021642148896,0.6609946500991242,0.07937238398030921,,,0.0,,0.9896079726269368,0.010345102637242266,1.3930987432001447,0.9930536459078342,1.393098743200144,0.993053645907834
0.0,0.027965361829391015,-3.5767886121407244,120.6398822640464,-1.5050970740386937,0.6609995530348144,0.07948715311790808,,,0.0,,0.9896176125698382,0.01033532759196833,1.3944206579601295,0.9930601337620584,1.3944206579601297,0.9930601337620582
0.0,0.02799208385065384,-3.5758335283991647,120.46658806525892,-1.505091987847742,0.6610044521375409,0.07960208735406,,,0.0,,0.9896272429881777,0.010325561682737749,1.3957438357326126,0.9930666152280209,1.3957438357326124,0.9930666152280208
0.0,0.02801883140587631,-3.574878444657605,120.29354338054308,-1.5050869056361773,0.661009347410345,0.07971718692570455,,,0.0,,0.9896368638892035,0.010315804901186018,1.3970682777239531,0.9930730903108471,1.3970682777239525,0.993073090310847
0.0,0.028045604519457142,-3.5739233609160452,120.12074784934781,-1.5050818273981417,0.6610142388562671,0.07983245207012113,,,0.0,,0.9896464752801533,0.010306057238955975,1.3983939851416611,0.9930795590156557,1.3983939851416611,0.9930795590156555
0.0,0.02807240321581836,-3.572968277174486,119.94820111164628,-1.505076753127777,0.6610191264783467,0.07994788302492925,,,0.0,,0.9896560771682543,0.01029631868769775,1.3997209591944013,0.993086021347558,1.399720959194401,0.9930860213475577
0.0,0.028099227519405353,-3.5720131934329262,119.77590280793501,-1.5050716828192225,0.6610240102796227,0.08006348002808913,,,0.0,,0.9896656695607232,0.010286589239068727,1.40104920109199,0.9930924773116587,1.4010492010919895,0.9930924773116586
0.0,0.02812607745468684,-3.5710581096913665,119.60385257923346,-1.505066616466616,0.6610288902631332,0.08017924331790195,,,0.0,,0.989675252464766,0.010276868884733571,1.4023787120453972,0.9930989269130558,1.4023787120453968,0.9930989269130557
0.0,0.028152953046154918,-3.570103025949807,119.43205006708268,-1.5050615540640961,0.6610337664319154,0.08029517313301064,,,0.0,,0.9896848258875783,0.010267157616364273,1.4037094932667489,0.99310537015684,1.4037094932667478,0.9931053701568399
0.0,0.02817985431832512,-3.5691479422082475,119.26049491354485,-1.505056495605798,0.6610386387890058,0.08041126971240029,,,0.0,,0.9896943898363453,0.010257455425640034,1.4050415459693255,0.9931118070480952,1.4050415459693253,0.993111807048095
0.0,0.028206781295736377,-3.5681928584666878,119.08918676120246,-1.5050514410858569,0.6610435073374402,0.08052753329539855,,,0.0,,0.9897039443182414,0.010247762304247385,1.4063748713675692,0.9931182375918985,1.4063748713675681,0.9931182375918983
0.0,0.02823373400295107,-3.567237774725128,118.91812525315778,-1.5050463904984062,0.6610483720802536,0.0806439641216761,,,0.0,,0.9897134893404307,0.010238078243880065,1.407709470677075,0.99312466179332,1.407709470677074,0.9931246617933198
0.0,0.028260712464555044,-3.5662826909835688,118.747310033032,-1.5050413438375783,0.6610532330204799,0.08076056243124707,,,0.0,,0.9897230249100667,0.010228403236239065,1.4090453451146008,0.9931310796574228,1.4090453451146,0.9931310796574226
0.0,0.028287716705157673,-3.565327607242009,118.57674074496366,-1.505036301097504,0.6610580901611529,0.08087732846447018,,,0.0,,0.9897325510342924,0.010218737273032684,1.410382495898066,0.9931374911892632,1.4103824958980646,0.993137491189263
0.0,0.028314746749391807,-3.5643725235004493,118.40641703360947,-1.5050312622723132,0.661062943505305,0.08099426246204812,,,0.0,,0.9897420677202403,0.01020908034597638,1.4117209242465483,0.9931438963938906,1.4117209242465478,0.9931438963938904
0.0,0.028341802621913836,-3.56341743975889,118.23633854414216,-1.505026227356134,0.6610677930559683,0.08111136466502901,,,0.0,,0.9897515749750321,0.010199432446792936,1.4130606313802918,0.9931502952763474,1.4130606313802911,0.9931502952763471
0.0,0.02836888434740375,-3.5624623560173303,118.06650492225025,-1.5050211963430933,0.6610726388161737,0.08122863531480647,,,0.0,,0.9897610728057792,0.010189793567212295,1.4144016185207031,0.993156687841669,1.4144016185207027,0.9931566878416688
0.0,0.02839599195056507,-3.5615072722757706,117.8969158141376,-1.505016169227317,0.6610774807889518,0.08134607465311998,,,0.0,,0.9897705612195823,0.010180163698971642,1.4157438868903542,0.9931630740948841,1.4157438868903536,0.9931630740948839
0.0,0.028423125456124958,-3.560552188534211,117.72757086652204,-1.5050111460029285,0.6610823189773322,0.08146368292205582,,,0.0,,0.9897800402235317,0.01017054283381541,1.4170874377129827,0.9931694540410144,1.417087437712982,0.9931694540410142
0.0,0.028450284888834186,-3.559597104792651,117.5584697266349,-1.5050061266640509,0.6610871533843437,0.08158146036404723,,,0.0,,0.989789509824707,0.01016093096349524,1.4184322722134937,0.9931758276850745,1.4184322722134928,0.9931758276850743
0.0,0.028477470273467167,-3.558642021051092,117.38961204222056,-1.505001111204806,0.6610919840130144,0.08169940722187484,,,0.0,,0.9897989700301774,0.010151328079769957,1.4197783916179605,0.9931821950320723,1.4197783916179594,0.9931821950320721
0.0,0.028504681634822032,-3.557686937309532,117.22099746153515,-1.504996099619313,0.6610968108663717,0.0818175237386675,,,0.0,,0.9898084208470013,0.010141734174405576,1.4211257971536264,0.9931885560870085,1.4211257971536262,0.9931885560870084
0.0,0.02853191899772056,-3.5567318535679724,117.05262563334597,-1.5049910919016907,0.6611016339474424,0.08193581015790265,,,0.0,,0.9898178622822267,0.010132149239175377,1.4224744900489066,0.9931949108548774,1.4224744900489061,0.9931949108548772
0.0,0.028559182387008258,-3.555776769826413,116.88449620693132,-1.5049860880460562,0.6611064532592521,0.08205426672340636,,,0.0,,0.989827294342891,0.010122573265859755,1.4238244715333856,0.9932012593406657,1.4238244715333845,0.9932012593406655
0.0,0.0285864718275544,-3.5548216860848534,116.71660883207849,-1.504981088046524,0.6611112688048262,0.08217289367935487,,,0.0,,0.9898367170360209,0.010113006246246349,1.4251757428378216,0.9932076015493537,1.4251757428378211,0.9932076015493535
0.0,0.028613787344251997,-3.5538666023432937,116.54896315908437,-1.504976091897209,0.661116080587189,0.08229169127027398,,,0.0,,0.9898461303686328,0.010103448172129947,1.4265283051941482,0.9932139374859146,1.4265283051941473,0.9932139374859144
0.0,0.028641128962017853,-3.552911518601734,116.38155883875409,-1.504971099592223,0.6611208886093642,0.08241065974104007,,,0.0,,0.9898555343477321,0.010093899035312487,1.4278821598354716,0.9932202671553144,1.427882159835471,0.9932202671553142
0.0,0.02866849670579257,-3.5519564348601746,116.21439552240001,-1.5049661111256774,0.6611256928743747,0.0825297993368807,,,0.0,,0.9898649289803141,0.01008435882760315,1.4292373079960752,0.9932265905625126,1.429237307996075,0.9932265905625124
0.0,0.02869589060054062,-3.551001351118615,116.04747286184138,-1.5049611264916807,0.6611304933852428,0.08264911030337496,,,0.0,,0.9898743142733628,0.010074827540818202,1.4305937509114228,0.9932329077124615,1.4305937509114217,0.9932329077124613
0.0,0.028723310671250286,-3.550046267377055,115.88079050940341,-1.5049561456843412,0.66113529014499,0.08276859288645401,,,0.0,,0.9898836902338526,0.010065305166781134,1.4319514898181511,0.9932392186101067,1.4319514898181498,0.9932392186101064
0.0,0.02875075694293374,-3.549091183635496,115.71434811791688,-1.5049511686977646,0.6611400831566367,0.08288824733240131,,,0.0,,0.9898930568687463,0.010055791697322531,1.4333105259540788,0.9932455232603865,1.433310525954078,0.9932455232603863
0.0,0.028778229440627082,-3.548136099893936,115.54814534071681,-1.5049461955260552,0.6611448724232034,0.08300807388785365,,,0.0,,0.9899024141849967,0.010046287124280134,1.4346708605582073,0.9932518216682326,1.4346708605582066,0.9932518216682322
0.0,0.0288057281893903,-3.5471810161523765,115.38218183164209,-1.5049412261633162,0.6611496579477092,0.08312807279980132,,,0.0,,0.9899117621895457,0.01003679143949886,1.4360324948707177,0.9932581138385694,1.4360324948707168,0.9932581138385692
0.0,0.028833253214307342,-3.5462259324108167,115.21645724503463,-1.5049362606036485,0.6611544397331726,0.08324824431558865,,,0.0,,0.9899211008893248,0.010027304634830751,1.4373954301329743,0.993264399776315,1.437395430132973,0.9932643997763148
0.0,0.028860804540486108,-3.5452708486692575,115.05097123573893,-1.5049312988411518,0.6611592177826116,0.08336858868291447,,,0.0,,0.9899304302912548,0.010017826702134946,1.4387596675875234,0.9932706794863798,1.438759667587523,0.9932706794863796
0.0,0.028888382193058535,-3.5443157649276977,114.88572345910079,-1.504926340869924,0.6611639920990432,0.08348910614983275,,,0.0,,0.9899397504022458,0.01000835763327772,1.4401252084781024,0.9932769529736678,1.4401252084781013,0.9932769529736676
0.0,0.02891598619718053,-3.543360681186138,114.7207135709669,-1.5049213866840607,0.661168762685484,0.08360979696475315,,,0.0,,0.9899490612291972,0.009998897420132493,1.4414920540496277,0.9932832202430758,1.4414920540496272,0.9932832202430756
0.0,0.028943616578032048,-3.5424055974445783,114.55594122768429,-1.5049164362776564,0.6611735295449496,0.08373066137644121,,,0.0,,0.989958362778998,0.009989446054579751,1.4428602055482094,0.9932894812994938,1.442860205548208,0.9932894812994935
0.0,0.0289712733608171,-3.541450513703019,114.39140608609914,-1.504911489644804,0.661178292680455,0.08385169963401923,,,0.0,,0.9899676550585265,0.009980003528507147,1.4442296642211399,0.9932957361478046,1.444229664221139,0.9932957361478043
0.0,0.028998956570763817,-3.5404954299614593,114.22710780355627,-1.504906546779594,0.6611830520950147,0.0839729119869667,,,0.0,,0.9899769380746501,0.00997056983380938,1.4456004313169075,0.9933019847928845,1.4456004313169064,0.9933019847928842
0.0,0.02902666623312439,-3.5395403462198995,114.0630460378987,-1.5049016076761152,0.6611878077916421,0.08409429868512047,,,0.0,,0.9899862118342259,0.009961144962388247,1.4469725080851867,0.9933082272396024,1.446972508085186,0.9933082272396021
0.0,0.029054402373175164,-3.53858526247834,113.89922044746639,-1.5048966723284554,0.6611925597733501,0.08421585997867576,,,0.0,,0.9899954763441001,0.009951728906152665,1.448345895776847,0.9933144634928205,1.4483458957768458,0.9933144634928203
0.0,0.02908216501621661,-3.5376301787367805,113.73563069109582,-1.5048917407306999,0.6611973080431511,0.0843375961181864,,,0.0,,0.9900047316111084,0.009942321657018645,1.4497205956439472,0.993320693557394,1.4497205956439465,0.9933206935573937
0.0,0.02910995418757343,-3.536675094995221,113.5722764281191,-1.504886812876932,0.6612020526040564,0.08445950735456542,,,0.0,,0.9900139776420758,0.009932923206909234,1.4510966089397452,0.9933269174381711,1.4510966089397446,0.9933269174381709
0.0,0.029137769912594466,-3.535720011253661,113.40915731836367,-1.5048818887612339,0.661206793459077,0.08458159393908538,,,0.0,,0.9900232144438165,0.009923533547754552,1.4524739369186908,0.9933331351399932,1.45247393691869,0.993333135139993
0.0,0.029165612216652804,-3.534764927512102,113.24627302215096,-1.5048769683776848,0.6612115306112227,0.08470385612337915,,,0.0,,0.9900324420231341,0.009914152671491837,1.4538525808364307,0.9933393466676946,1.4538525808364295,0.9933393466676944
0.0,0.029193481125145797,-3.533809843770542,113.08362320029606,-1.504872051720363,0.6612162640635033,0.0848262941594403,,,0.0,,0.9900416603868217,0.009904780570065322,1.4552325419498089,0.9933455520261025,1.4552325419498084,0.9933455520261023
0.0,0.029221376663495034,-3.5328547600289824,112.92120751410673,-1.5048671387833452,0.6612209938189274,0.08494890829962376,,,0.0,,0.9900508695416617,0.009895417235426366,1.456613821516871,0.9933517512200376,1.45661382151687,0.9933517512200374
0.0,0.029249298857146406,-3.5318996762874226,112.75902562538313,-1.5048622295607044,0.6612257198805029,0.08507169879664593,,,0.0,,0.9900600694944253,0.009886062659533321,1.4579964207968585,0.9933579442543132,1.4579964207968572,0.993357944254313
0.0,0.02927724773157011,-3.5309445925458633,112.59707719641686,-1.5048573240465135,0.6612304422512375,0.08519466590358553,,,0.0,,0.9900692602518737,0.00987671683435159,1.459380341050214,0.9933641311337358,1.4593803410502137,0.9933641311337357
0.0,0.029305223312260712,-3.5299895088043036,112.43536188998958,-1.504852422234843,0.6612351609341376,0.0853178098738844,,,0.0,,0.990078441820757,0.009867379751853667,1.4607655835385882,0.993370311863105,1.460765583538587,0.9933703118631049
0.0,0.029333225624737107,-3.529034425062744,112.27387936937363,-1.50484752411976,0.6612398759322093,0.08544113096134724,,,0.0,,0.9900876142078148,0.009858051404019,1.4621521495248269,0.9933764864472134,1.4621521495248262,0.9933764864472132
0.0,0.029361254694542573,-3.5280793413211846,112.11262929833016,-1.504842629695332,0.661244587248458,0.08556462942014281,,,0.0,,0.9900967774197758,0.009848731782834146,1.463540040272986,0.9933826548908465,1.4635400402729846,0.9933826548908463
0.0,0.029389310547244835,-3.527124257579625,111.95161134110884,-1.5048377389556222,0.6612492948858885,0.0856883055048043,,,0.0,,0.9901059314633579,0.009839420880292627,1.4649292570483243,0.9933888171987831,1.4649292570483228,0.9933888171987829
0.0,0.029417393208436005,-3.526169173838065,111.79082516244745,-1.5048328518946932,0.6612539988475045,0.08581215947022942,,,0.0,,0.9901150763452689,0.009830118688394977,1.4663198011173073,0.9933949733757949,1.4663198011173069,0.9933949733757947
0.0,0.029445502703732668,-3.5252140900965054,111.63027042757054,-1.5048279685066053,0.6612586991363094,0.08593619157168156,,,0.0,,0.9901242120722051,0.009820825199148788,1.467711673747612,0.9934011234266464,1.4677116737476106,0.9934011234266462
0.0,0.029473639058775883,-3.5242590063549457,111.46994680218901,-1.5048230887854164,0.661263395755306,0.08606040206479004,,,0.0,,0.9901333386508526,0.009811540404568646,1.4691048762081174,0.9934072673560956,1.469104876208117,0.9934072673560954
0.0,0.0295018022992312,-3.5233039226133864,111.30985395249974,-1.504818212725182,0.6612680887074963,0.08618479120555038,,,0.0,,0.9901424560878865,0.009802264296676109,1.4704994097689192,0.9934134051688931,1.4704994097689188,0.993413405168893
0.0,0.02952999245078873,-3.5223488388718267,111.14999154518426,-1.5048133403199564,0.6612727779958816,0.08630935925032522,,,0.0,,0.9901515643899713,0.009792996867499723,1.4718952757013222,0.9934195368697828,1.4718952757013215,0.9934195368697826
0.0,0.029558209539163098,-3.521393755130267,110.9903592474083,-1.5048084715637913,0.6612774636234626,0.08643410645584479,,,0.0,,0.9901606635637608,0.009783738109075082,1.4732924752778427,0.9934256624635015,1.4732924752778418,0.9934256624635013
0.0,0.02958645359009349,-3.5204386713887077,110.83095672682155,-1.5048036064507364,0.6612821455932393,0.08655903307920693,,,0.0,,0.9901697536158979,0.00977448801344469,1.4746910097722106,0.993431781954779,1.474691009772209,0.9934317819547788
0.0,0.02961472462934374,-3.519483587647148,110.67178365155578,-1.5047987449748383,0.6612868239082111,0.0866841393778786,,,0.0,,0.9901788345530148,0.009765246572658096,1.4760908804593706,0.9934378953483382,1.47609088045937,0.9934378953483379
0.0,0.029643022682702247,-3.5185285039055882,110.51283969022549,-1.504793887130143,0.6612914985713768,0.08680942560969536,,,0.0,,0.9901879063817328,0.009756013778771774,1.477492088615486,0.993444002648895,1.477492088615485,0.9934440026488948
0.0,0.02967134777598207,-3.5175734201640285,110.35412451192647,-1.504789032910693,0.6612961695857343,0.08693489203286242,,,0.0,,0.9901969691086631,0.00974678962384916,1.4788946355179327,0.9934501038611583,1.4788946355179322,0.9934501038611581
0.0,0.029699699935020932,-3.5166183364224692,110.195637786235,-1.5047841823105292,0.6613008369542813,0.08706053890595533,,,0.0,,0.9902060227404051,0.009737574099960707,1.4802985224453087,0.9934561989898301,1.4802985224453071,0.9934561989898298
0.0,0.029728079185681263,-3.5156632526809095,110.03737918320745,-1.50477933532369,0.6613055006800144,0.0871863664879201,,,0.0,,0.9902150672835482,0.00972836719918375,1.4817037506774275,0.9934622880396051,1.4817037506774269,0.9934622880396049
0.0,0.029756485553850184,-3.51470816893935,109.87934837337937,-1.5047744919442116,0.6613101607659299,0.08731237503807414,,,0.0,,0.9902241027446709,0.009719168913602645,1.4831103214953283,0.9934683710151715,1.4831103214953267,0.9934683710151714
0.0,0.02978491906543954,-3.5137530851977905,109.72154502776522,-1.5047696521661282,0.661314817215023,0.0874385648161062,,,0.0,,0.9902331291303407,0.009709979235308641,1.4845182361812652,0.9934744479212102,1.4845182361812639,0.99347444792121
0.0,0.029813379746385985,-3.512798001456231,109.56396881785699,-1.5047648159834708,0.6613194700302891,0.08756493608207766,,,0.0,,0.9902421464471141,0.009700798156399926,1.4859274960187216,0.9934805187623952,1.48592749601872,0.993480518762395
0.0,0.029841867622650915,-3.511842917714671,109.40661941562402,-1.5047599833902696,0.6613241192147221,0.08769148909642244,,,0.0,,0.9902511547015376,0.009691625668981654,1.4873381022923997,0.9934865835433934,1.4873381022923993,0.9934865835433931
0.0,0.029870382720220537,-3.5108878339731113,109.24949649351197,-1.504755154380551,0.6613287647713156,0.08781822411994797,,,0.0,,0.9902601539001461,0.009682461765165908,1.4887500562882323,0.9934926422688647,1.4887500562882312,0.9934926422688645
0.0,0.02989892506510589,-3.509932750231552,109.09259972444262,-1.5047503289483395,0.661333406703063,0.08794514141383525,,,0.0,,0.9902691440494642,0.009673306437071654,1.4901633592933725,0.9934986949434622,1.4901633592933712,0.993498694943462
0.0,0.02992749468334289,-3.5089776664899923,108.93592878181252,-1.5047455070876574,0.6613380450129561,0.0880722412396399,,,0.0,,0.9902781251560053,0.009664159676824787,1.4915780125962044,0.993504741571832,1.491578012596204,0.9935047415718318
0.0,0.029956091600992316,-3.5080225827484326,108.77948333949259,-1.5047406887925252,0.6613426797039871,0.08819952385929249,,,0.0,,0.9902870972262725,0.009655021476558156,1.4929940174863414,0.9935107821586129,1.4929940174863408,0.9935107821586127
0.0,0.029984715844139836,-3.507067499006873,108.6232630718278,-1.5047358740569592,0.661347310779147,0.08832698953509874,,,0.0,,0.9902960602667575,0.009645891828411439,1.494411375254624,0.993516816708437,1.4944113752546233,0.9935168167084367
0.0,0.030013367438896047,-3.5061124152653136,108.46726765363576,-1.5047310628749748,0.6613519382414262,0.08845463852974064,,,0.0,,0.9903050142839415,0.009636770724531299,1.4958300871931243,0.9935228452259292,1.4958300871931238,0.9935228452259289
0.0,0.03004204641139653,-3.505157331523754,108.31149676020644,-1.5047262552405847,0.6613565620938148,0.08858247110627673,,,0.0,,0.9903139592842949,0.009627658157071232,1.4972501545951498,0.9935288677157074,1.4972501545951484,0.9935288677157071
0.0,0.030070752787801802,-3.504202247782194,108.15595006730169,-1.5047214511477984,0.661361182339302,0.08871048752814235,,,0.0,,0.9903228952742767,0.009618554118191623,1.4986715787552354,0.9935348841823827,1.4986715787552347,0.9935348841823824
0.0,0.03009948659429739,-3.5032471640406344,108.00062725115399,-1.504716650590624,0.6613657989808766,0.08883868805915074,,,0.0,,0.9903318222603363,0.009609458600059781,1.5000943609691564,0.9935408946305591,1.500094360969155,0.9935408946305588
0.0,0.030128247857093827,-3.502292080299075,107.84552798846615,-1.504711853563066,0.6613704120215265,0.08896707296349313,,,0.0,,0.9903407402489108,0.009600371594849886,1.501518502533918,0.9935468990648334,1.5015185025339168,0.9935468990648332
0.0,0.030157036602426735,-3.5013369965575154,107.69065195641045,-1.504707060059127,0.6613750214642392,0.08909564250573955,,,0.0,,0.9903496492464275,0.009591293094742959,1.5029440047477678,0.9935528974897956,1.502944004747767,0.9935528974897954
0.0,0.030185852856556762,-3.5003819128159557,107.5359988326283,-1.504702270072807,0.6613796273120017,0.08922439695083907,,,0.0,,0.9903585492593021,0.009582223091926894,1.5043708689101887,0.9935588899100285,1.5043708689101873,0.9935588899100283
0.0,0.03021469664576965,-3.4994268290743964,107.38156829522899,-1.504697483598103,0.6613842295678003,0.08935333656412073,,,0.0,,0.9903674402939402,0.009573161578596487,1.5057990963219006,0.9935648763301083,1.5057990963218992,0.993564876330108
0.0,0.030243567996376296,-3.4984717453328367,107.22736002278937,-1.5046927006290103,0.6613888282346206,0.08948246161129386,,,0.0,,0.9903763223567357,0.009564108546953328,1.5072286882848682,0.9935708567546034,1.5072286882848667,0.9935708567546032
0.0,0.0302724669347127,-3.497516661591277,107.07337369435305,-1.50468792115952,0.6613934233154478,0.08961177235844865,,,0.0,,0.9903851954540722,0.009555063989205926,1.5086596461022936,0.993576831188076,1.5086596461022925,0.9935768311880758
0.0,0.030301393487140046,-3.496561577849717,106.91960898942989,-1.5046831451836222,0.6613980148132663,0.08974126907205662,,,0.0,,0.9903940595923221,0.009546027897569581,1.510091971078625,0.9935827996350809,1.5100919710786236,0.9935827996350807
0.0,0.030330347680044688,-3.495606494108158,106.7660655879953,-1.504678372695304,0.6614026027310601,0.08987095201897112,,,0.0,,0.9904029147778473,0.009537000264266437,1.5115256645195505,0.9935887621001657,1.5115256645195496,0.9935887621001654
0.0,0.030359329539838227,-3.494651410366598,106.61274317048887,-1.5046736036885486,0.6614071870718125,0.0900008214664285,,,0.0,,0.9904117610169982,0.009527981081525515,1.5129607277320076,0.9935947185878713,1.512960727732007,0.9935947185878711
0.0,0.030388339092957475,-3.4936963266250385,106.45964141781492,-1.5046688381573377,0.6614117678385062,0.09013087768204761,,,0.0,,0.990420598316115,0.009518970341582608,1.514397162024178,0.9936006691027314,1.5143971620241767,0.9936006691027311
0.0,0.03041737636586451,-3.4927412428834788,106.30676001134071,-1.5046640760956502,0.6614163450341235,0.09026112093383126,,,0.0,,0.9904294266815262,0.009509968036680392,1.5158349687054884,0.9936066136492727,1.515834968705488,0.9936066136492725
0.0,0.03044644138504668,-3.4917861591419195,106.15409863289652,-1.5046593174974623,0.6614209186616461,0.09039155149016619,,,0.0,,0.9904382461195502,0.009500974159068311,1.5172741490866184,0.9936125522320148,1.5172741490866173,0.9936125522320146
0.0,0.03047553417701669,-3.4908310754003598,106.00165696477447,-1.504654562356746,0.6614254887240547,0.0905221696198239,,,0.0,,0.9904470566364939,0.009491988701002622,1.5187147044794944,0.9936184848554704,1.5187147044794935,0.9936184848554702
0.0,0.03050465476831254,-3.4898759916588,105.84943468972804,-1.504649810667473,0.6614300552243302,0.09065297559196124,,,0.0,,0.9904558582386533,0.009483011654746423,1.5201566361972945,0.9936244115241452,1.5201566361972938,0.9936244115241449
0.0,0.03053380318549759,-3.4889209079172403,105.69743149097137,-1.50464506242361,0.6614346181654521,0.09078396967612083,,,0.0,,0.9904646509323138,0.009474043012569615,1.5215999455544502,0.9936303322425374,1.5215999455544489,0.9936303322425372
0.0,0.030562979455160583,-3.487965824175681,105.54564705217885,-1.5046403176191223,0.6614391775503999,0.09091515214223142,,,0.0,,0.9904734347237497,0.009465082766748853,1.5230446338666424,0.9936362470151388,1.5230446338666412,0.9936362470151384
0.0,0.030592183603915697,-3.4870107404341213,105.39408105748392,-1.5046355762479715,0.6614437333821526,0.09104652326060898,,,0.0,,0.9904822096192242,0.009456130909567597,1.524490702450811,0.9936421558464336,1.5244907024508105,0.9936421558464333
0.0,0.03062141565840251,-3.4860556566925616,105.2427331914787,-1.5046308383041167,0.661448285663688,0.09117808330195679,,,0.0,,0.9904909756249896,0.009447187433316124,1.5259381526251503,0.9936480587408992,1.5259381526251496,0.993648058740899
0.0,0.030650675645286042,-3.4851005729510023,105.09160313921365,-1.5046261037815143,0.6614528343979841,0.09130983253736599,,,0.0,,0.9904997327472874,0.009438252330291443,1.5273869857091091,0.9936539557030062,1.5273869857091087,0.993653955703006
0.0,0.03067996359125685,-3.4841454892094426,104.94069058619587,-1.5046213726741169,0.6614573795880178,0.09144177123831672,,,0.0,,0.990508480992348,0.009429325592797385,1.5288372030233983,0.9936598467372177,1.5288372030233974,0.9936598467372174
0.0,0.030709279523030944,-3.483190405467883,104.78999521838973,-1.5046166449758753,0.6614619212367657,0.09157389967667784,,,0.0,,0.9905172203663908,0.009420407213144515,1.5302888058899846,0.9936657318479899,1.530288805889983,0.9936657318479897
0.0,0.030738623467349877,-3.482235321726323,104.63951672221543,-1.504611920680737,0.6614664593472039,0.09170621812470792,,,0.0,,0.9905259508756243,0.00941149718365015,1.5317417956320953,0.993671611039772,1.5317417956320942,0.9936716110397718
0.0,0.030767995450980745,-3.481280237984764,104.4892547845483,-1.5046071997826462,0.6614709939223079,0.09183872685505601,,,0.0,,0.9905346725262462,0.009402595496638426,1.533196173574221,0.9936774843170061,1.53319617357422,0.9936774843170059
0.0,0.030797395500716255,-3.480325154243204,104.33920909271843,-1.504602482275544,0.6614755249650526,0.09197142614076179,,,0.0,,0.9905433853244425,0.009393702144440153,1.5346519410421156,0.9936833516841272,1.534651941042114,0.993683351684127
0.0,0.03082682364337468,-3.4793700705016444,104.18937933450977,-1.5045977681533695,0.6614800524784122,0.0921043162552564,,,0.0,,0.9905520892763889,0.009384817119392957,1.536109099362794,0.9936892131455634,1.5361090993627933,0.9936892131455631
0.0,0.030856279905799918,-3.478414986760085,104.03976519815986,-1.5045930574100574,0.6614845764653609,0.09223739747236272,,,0.0,,0.99056078438825,0.009375940413841164,1.5375676498645388,0.9936950687057353,1.5375676498645385,0.9936950687057351
0.0,0.030885764314861557,-3.4774599030185254,103.89036637235863,-1.5045883500395405,0.6614890969288717,0.09237067006629625,,,0.0,,0.9905694706661792,0.009367072020135822,1.5390275938769,0.9937009183690569,1.5390275938768996,0.9937009183690567
0.0,0.030915276897454817,-3.4765048192769656,103.74118254624807,-1.5045836460357478,0.6614936138719175,0.09250413431166551,,,0.0,,0.9905781481163188,0.00935821193063476,1.5404889327306923,0.993706762139935,1.5404889327306919,0.9937067621399348
0.0,0.030944817680500638,-3.475549735535406,103.59221340942138,-1.5045789453926057,0.6614981272974707,0.09263779048347277,,,0.0,,0.9905868167448005,0.00934936013770252,1.5419516677580014,0.9937126000227692,1.5419516677580003,0.9937126000227691
0.0,0.03097438669094568,-3.474594651793846,103.44345865192265,-1.5045742481040372,0.6615026372085029,0.09277163885711415,,,0.0,,0.9905954765577443,0.009340516633710334,1.54341580029218,0.9937184320219521,1.5434158002921796,0.9937184320219519
0.0,0.031003983955762333,-3.473639568052287,103.29491796424604,-1.5045695541639614,0.6615071436079853,0.09290567970838053,,,0.0,,0.9906041275612595,0.009331681411036147,1.5448813316678562,0.993724258141869,1.5448813316678554,0.9937242581418688
0.0,0.031033609501948813,-3.472684484310727,103.14659103733452,-1.5045648635662963,0.6615116464988888,0.09303991331345852,,,0.0,,0.9906127697614445,0.00932285446206466,1.5463482632209282,0.9937300783868986,1.546348263220927,0.9937300783868984
0.0,0.031063263356529078,-3.4717294005691675,102.99847756258035,-1.5045601763049545,0.6615161458841835,0.09317433994893011,,,0.0,,0.9906214031643866,0.009314035779187218,1.5478165962885682,0.993735892761412,1.5478165962885668,0.9937358927614119
0.0,0.03109294554655292,-3.470774316827608,102.85057723182346,-1.504555492373847,0.661520641766839,0.09330895989177393,,,0.0,,0.990630027776162,0.00930522535480193,1.5492863322092207,0.9937417012697737,1.5492863322092203,0.9937417012697735
0.0,0.03112265609909602,-3.4698192330860484,102.7028897373512,-1.5045508117668802,0.6615251341498245,0.09344377341936566,,,0.0,,0.9906386436028355,0.00929642318131354,1.5507574723226132,0.9937475039163405,1.550757472322612,0.9937475039163404
0.0,0.03115239504125988,-3.4688641493444887,102.55541477189784,-1.5045461344779585,0.6615296230361087,0.09357878080947833,,,0.0,,0.9906472506504611,0.00928762925113349,1.5522300179697424,0.9937533007054625,1.552230017969742,0.9937533007054624
0.0,0.03118216240017192,-3.467909065602929,102.40815202864349,-1.5045414605009828,0.6615341084286599,0.09371398234028329,,,0.0,,0.990655848925082,0.009278843556679931,1.5537039704928892,0.9937590916414828,1.553703970492888,0.9937590916414827
0.0,0.03121195820298546,-3.4669539818613697,102.26110120121375,-1.5045367898298498,0.6615385903304455,0.09384937829035052,,,0.0,,0.9906644384327296,0.009270066090377688,1.5551793312356101,0.9937648767287371,1.5551793312356088,0.993764876728737
0.0,0.03124178247687982,-3.46599889811981,102.11426198367887,-1.5045321224584538,0.6615430687444328,0.09398496893864941,,,0.0,,0.9906730191794247,0.009261296844658226,1.5566561015427458,0.9937706559715542,1.5566561015427445,0.9937706559715541
0.0,0.03127163524906024,-3.4650438143782503,101.96763407055347,-1.5045274583806856,0.6615475436735886,0.09412075456454891,,,0.0,,0.9906815911711774,0.009252535811959688,1.5581342827604168,0.9937764293742556,1.5581342827604154,0.9937764293742555
0.0,0.03130151654675795,-3.464088730636691,101.8212171567954,-1.504522797590432,0.6615520151208789,0.09425673544781861,,,0.0,,0.9906901544139856,0.009243782984726905,1.5596138762360274,0.9937821969411558,1.5596138762360263,0.9937821969411558
0.0,0.03133142639723026,-3.4631336468951313,101.67501093780537,-1.5045181400815777,0.6615564830892694,0.09439291186862903,,,0.0,,0.9906987089138367,0.009235038355411312,1.5610948833182683,0.9937879586765622,1.5610948833182672,0.9937879586765622
0.0,0.031361364827760474,-3.4621785631535715,101.52901510942617,-1.504513485848003,0.6615609475817255,0.09452928410755235,,,0.0,,0.9907072546767071,0.009226301916471058,1.5625773053571137,0.9937937145847752,1.5625773053571124,0.9937937145847752
0.0,0.03139133186565797,-3.461223479412012,101.38322936794225,-1.5045088348835847,0.6615654086012117,0.09466585244556273,,,0.0,,0.9907157917085619,0.009217573660370883,1.564061143703825,0.9937994646700877,1.5640611437038239,0.9937994646700877
0.0,0.03142132753825823,-3.4602683956704525,101.23765341007908,-1.504504187182197,0.6615698661506925,0.09480261716403693,,,0.0,,0.990724320015355,0.009208853579582168,1.5655463997109513,0.9938052089367859,1.5655463997109509,0.9938052089367859
0.0,0.031451351872922875,-3.459313311928893,101.09228693300173,-1.5044995427377097,0.6615743202331315,0.0949395785447555,,,0.0,,0.9907328396030293,0.009200141666582978,1.5670330747323344,0.9938109473891487,1.5670330747323344,0.9938109473891487
0.0,0.03148140489703964,-3.458358228187333,100.94712963431554,-1.50449490154399,0.6615787708514921,0.09507673686990234,,,0.0,,0.990741350477516,0.009191437913857941,1.5685211701231045,0.9938166800314476,1.5685211701231037,0.9938166800314476
0.0,0.03151148663802245,-3.4574031444457733,100.8021812120643,-1.504490263594901,0.661583218008737,0.0952140924220661,,,0.0,,0.990749852644736,0.00918274231389837,1.570010687239681,0.9938224068679475,1.5700106872396808,0.9938224068679475
0.0,0.03154159712331141,-3.456448060704214,100.65744136473045,-1.504485628884302,0.6615876617078287,0.09535164548424023,,,0.0,,0.9907583461105983,0.00917405485920215,1.5715016274397804,0.9938281279029059,1.5715016274397797,0.9938281279029058
0.0,0.03157173638037286,-3.4554929769626543,100.51290979123381,-1.5044809974060496,0.6615921019517291,0.09548939633982398,,,0.0,,0.9907668308810013,0.009165375542273773,1.5729939920824119,0.9938338431405729,1.5729939920824112,0.9938338431405728
0.0,0.031601904436699385,-3.4545378932210946,100.3685861909313,-1.5044763691539962,0.6615965387433997,0.0956273452726227,,,0.0,,0.9907753069618318,0.009156704355624379,1.5744877825278802,0.9938395525851917,1.5744877825278794,0.9938395525851916
0.0,0.03163210131980983,-3.453582809479535,100.2244702636161,-1.5044717441219915,0.6616009720858014,0.09576549256684862,,,0.0,,0.9907837743589654,0.0091480412917717,1.5759830001377866,0.9938452562409986,1.5759830001377855,0.9938452562409985
0.0,0.03166232705724931,-3.4526277257379756,100.08056170951741,-1.5044671223038797,0.6616054019818948,0.09590383850712103,,,0.0,,0.9907922330782664,0.00913938634324004,1.577479646275029,0.9938509541122225,1.5774796462750285,0.9938509541122224
0.0,0.03169258167658934,-3.451672641996416,99.93686022929926,-1.5044625036935029,0.66160982843464,0.09604238337846743,,,0.0,,0.9908006831255883,0.009130739502560289,1.5789777223038086,0.9938566462030848,1.5789777223038082,0.9938566462030847
0.0,0.031722865205427705,-3.450717558254856,99.79336552406008,-1.5044578882846997,0.6616142514469966,0.09618112746632386,,,0.0,,0.9908091245067733,0.009122100762269972,1.5804772295896237,0.9938623325178004,1.580477229589623,0.9938623325178003
0.0,0.03175317767138857,-3.449762474513297,99.65007729533251,-1.5044532760713047,0.6616186710219237,0.09632007105653503,,,0.0,,0.9908175572276522,0.009113470114913133,1.5819781694992738,0.9938680130605767,1.5819781694992732,0.9938680130605766
0.0,0.03178351910212255,-3.448807390771737,99.50699524508177,-1.504448667047147,0.6616230871623803,0.09645921443535603,,,0.0,,0.9908259812940442,0.009104847553040446,1.5834805434008632,0.9938736878356139,1.5834805434008632,0.9938736878356138
0.0,0.03181388952530662,-3.4478523070301774,99.36411907570611,-1.5044440612060552,0.6616274998713246,0.09659855788945168,,,0.0,,0.9908343967117581,0.00909623306920912,1.5849843526638006,0.9938793568471052,1.5849843526638001,0.993879356847105
0.0,0.03184428896864424,-3.4468972232886177,99.22144849003566,-1.504439458541852,0.6616319091517144,0.09673810170589771,,,0.0,,0.9908428034865906,0.009087626655982915,1.5864895986587984,0.9938850200992363,1.5864895986587972,0.9938850200992362
0.0,0.031874717459865295,-3.4459421395470584,99.0789831913316,-1.5044348590483563,0.6616363150065074,0.09687784617218154,,,0.0,,0.9908512016243279,0.009079028305932208,1.5879962827578746,0.9938906775961862,1.5879962827578733,0.9938906775961861
0.0,0.03190517502672623,-3.4449870558054987,98.93672288328591,-1.5044302627193842,0.6616407174386605,0.09701779157620244,,,0.0,,0.9908595911307442,0.009070438011633859,1.5895044063343575,0.9938963293421265,1.5895044063343573,0.9938963293421264
0.0,0.03193566169700998,-3.444031972063939,98.79466727002047,-1.5044256695487468,0.6616451164511302,0.09715793820627244,,,0.0,,0.9908679720116028,0.009061855765671343,1.591013970762885,0.9939019753412214,1.5910139707628848,0.9939019753412213
0.0,0.03196617749852601,-3.4430768883223797,98.65281605608679,-1.5044210795302535,0.6616495120468728,0.09729828635111659,,,0.0,,0.9908763442726561,0.00905328156063463,1.5925249774194028,0.9939076155976283,1.5925249774194017,0.9939076155976282
0.0,0.031996722459110394,-3.44212180458082,98.51116894646493,-1.5044164926577066,0.6616539042288441,0.09743883629987392,,,0.0,,0.9908847079196442,0.00904471538912023,1.5940374276811684,0.9939132501154971,1.594037427681168,0.993913250115497
0.0,0.03202729660662579,-3.4411667208392602,98.36972564656314,-1.5044119089249077,0.6616582929999995,0.09757958834209783,,,0.0,,0.9908930629582969,0.00903615724373121,1.5955513229267546,0.9939188788989708,1.595551322926754,0.9939188788989707
0.0,0.03205789996896146,-3.4402116370977005,98.22848586221713,-1.5044073283256523,0.6616626783632936,0.0977205427677567,,,0.0,,0.990901409394332,0.009027607117077173,1.5970666645360454,0.993924501952185,1.5970666645360447,0.9939245019521847
0.0,0.032088532574033345,-3.4392565533561408,98.08744929968962,-1.504402750853733,0.6616670603216814,0.09786169986723449,,,0.0,,0.9909097472334564,0.009019065001774207,1.598583453890241,0.993930119279268,1.5985834538902408,0.9939301192792678
0.0,0.03211919444978403,-3.4383014696145815,97.94661566566968,-1.5043981765029382,0.6616714388781167,0.09800305993133111,,,0.0,,0.9909180764813655,0.009010530890444918,1.6001016923718583,0.9939357308843412,1.6001016923718578,0.9939357308843411
0.0,0.032149885624182854,-3.4373463858730218,97.80598466727157,-1.504393605267052,0.6616758140355534,0.09814462325126382,,,0.0,,0.9909263971437432,0.009002004775718468,1.6016213813647333,0.9939413367715186,1.6016213813647322,0.9939413367715184
0.0,0.03218060612522582,-3.436391302131462,97.66555601203508,-1.5043890371398547,0.6616801857969449,0.09828639011866666,,,0.0,,0.9909347092262625,0.008993486650230467,1.603142522254017,0.9939469369449071,1.6031425222540168,0.993946936944907
0.0,0.03221135598093571,-3.4354362183899028,97.52532940792409,-1.504384472115123,0.6616845541652439,0.09842836082559195,,,0.0,,0.9909430127345844,0.00898497650662308,1.604665116426185,0.9939525314086063,1.6046651164261847,0.9939525314086061
0.0,0.032242135219362096,-3.434481134648343,97.38530456332622,-1.5043799101866286,0.661688919143403,0.0985705356645106,,,0.0,,0.9909513076743593,0.008976474337544935,1.6061891652690334,0.9939581201667085,1.6061891652690325,0.9939581201667084
0.0,0.03227294386858133,-3.4335260509067833,97.24548118705253,-1.5043753513481406,0.6616932807343745,0.09871291492831247,,,0.0,,0.9909595940512255,0.008967980135651133,1.607714670171679,0.9939637032232991,1.607714670171678,0.993963703223299
0.0,0.0323037819566966,-3.4325709671652236,97.10585898833632,-1.5043707955934222,0.6616976389411101,0.09885549891030737,,,0.0,,0.9909678718708104,0.008959493893603303,1.6092416325245635,0.9939692805824559,1.6092416325245629,0.9939692805824557
0.0,0.03233464951183794,-3.4316158834236643,96.96643767683294,-1.5043662429162339,0.6617019937665611,0.09899828790422543,,,0.0,,0.9909761411387299,0.008951015604069553,1.6107700537194538,0.9939748522482497,1.6107700537194538,0.9939748522482496
0.0,0.03236554656216229,-3.4306607996821046,96.82721696261889,-1.504361693310331,0.6617063452136787,0.09914128220421785,,,0.0,,0.9909844018605883,0.008942545259724424,1.6122999351494465,0.993980418224744,1.612299935149446,0.9939804182247439
0.0,0.03239647313585346,-3.429705715940545,96.68819655619166,-1.5043571467694659,0.6617106932854133,0.09928448210485709,,,0.0,,0.9909926540419787,0.008934082853248936,1.613831278208961,0.9939859785159951,1.6138312782089603,0.993985978515995
0.0,0.03242742926112221,-3.4287506321989856,96.54937616846848,-1.5043526032873853,0.6617150379847154,0.09942788790113813,,,0.0,,0.9910008976884828,0.00892562837733062,1.6153640842937471,0.993991533126052,1.6153640842937467,0.9939915331260519
0.0,0.032458414966206266,-3.427795548457426,96.41075551078619,-1.5043480628578332,0.6617193793145348,0.09957149988847856,,,0.0,,0.9910091328056708,0.008917181824663398,1.6168983548008884,0.9939970820589566,1.6168983548008875,0.9939970820589565
0.0,0.03248943027937032,-3.426840464715866,96.27233429490032,-1.5043435254745479,0.6617237172778211,0.0997153183627195,,,0.0,,0.9910173593991015,0.00890874318794771,1.618434091128794,0.9940026253187434,1.618434091128794,0.9940026253187433
0.0,0.03252047522890607,-3.4258853809743064,96.13411223298482,-1.5043389911312637,0.6617280518775234,0.09985934362012587,,,0.0,,0.991025577474322,0.008900312459890392,1.6199712946772122,0.9940081629094396,1.6199712946772118,0.9940081629094395
0.0,0.032551549843132244,-3.424930297232747,95.99608903763135,-1.504334459821712,0.6617323831165904,0.10000357595738701,,,0.0,,0.9910337870368685,0.008891889633204735,1.6215099668472195,0.9940136948350653,1.621509966847219,0.9940136948350652
0.0,0.03258265415039466,-3.4239752134911874,95.858264421848,-1.5043299315396184,0.6617367109979708,0.10014801567161818,,,0.0,,0.991041988092265,0.008883474700610502,1.6230501090412326,0.9940192210996335,1.6230501090412317,0.9940192210996333
0.0,0.0326137881790662,-3.4230201297496277,95.72063809905993,-1.504325406278705,0.6617410355246125,0.10029266306035967,,,0.0,,0.9910501806460249,0.008875067654833837,1.6245917226630016,0.9940247417071494,1.6245917226630002,0.9940247417071493
0.0,0.032644951957546846,-3.422065046008068,95.58320978310758,-1.5043208840326885,0.6617453566994634,0.10043751842157869,,,0.0,,0.9910583647036492,0.00886666848860736,1.626134809117614,0.9940302566616114,1.6261348091176135,0.9940302566616113
0.0,0.03267614551426372,-3.4211099622665087,95.44597918824694,-1.5043163647952822,0.661749674525471,0.10058258205366917,,,0.0,,0.9910665402706281,0.008858277194670082,1.627679369811499,0.9940357659670106,1.6276793698114989,0.9940357659670104
0.0,0.03270736887767115,-3.420154878524949,95.30894602914833,-1.5043118485601947,0.6617539890055822,0.10072785425545286,,,0.0,,0.99107470735244,0.008849893765767414,1.629225406152427,0.9940412696273305,1.6292254061524258,0.9940412696273304
0.0,0.032738622076250605,-3.419199794783389,95.17211002089603,-1.5043073353211305,0.6617583001427438,0.10087333532617979,,,0.0,,0.991082865954552,0.008841518194651225,1.630772919549505,0.9940467676465478,1.630772919549504,0.9940467676465476
0.0,0.03276990513851078,-3.4182447110418295,95.03547087898768,-1.5043028250717885,0.6617626079399023,0.10101902556552883,,,0.0,,0.9910910160824193,0.008833150474079782,1.6323219114131864,0.9940522600286315,1.6323219114131857,0.9940522600286312
0.0,0.032801218092987604,-3.41728962730027,94.8990283193339,-1.5042983178058642,0.6617669124000036,0.10116492527360814,,,0.0,,0.9910991577414858,0.00882479059681772,1.6338723831552686,0.9940577467775434,1.633872383155268,0.9940577467775432
0.0,0.032832560968244315,-3.4163345435587105,94.76278205825714,-1.5042938135170483,0.6617712135259936,0.10131103475095622,,,0.0,,0.9911072909371841,0.008816438555636075,1.635424336188895,0.9940632278972383,1.6354243361888943,0.9940632278972381
0.0,0.0328639337928714,-3.4153794598171507,94.62673181249149,-1.504289312199027,0.6617755113208177,0.1014573542985423,,,0.0,,0.991115415674935,0.008808094343312317,1.6369777719285545,0.9940687033916634,1.636977771928553,0.9940687033916632
0.0,0.032895336595486664,-3.4144243760755915,94.49087729918222,-1.504284813845482,0.661779805787421,0.10160388421776657,,,0.0,,0.9911235319601476,0.008799757952630247,1.6385326917900818,0.9940741732647587,1.6385326917900809,0.9940741732647583
0.0,0.0329267694047353,-3.4134692923340317,94.35521823588444,-1.50428031845009,0.6617840969287484,0.10175062481046175,,,0.0,,0.9911316397982197,0.008791429376380094,1.640089097190667,0.9940796375204568,1.6400890971906659,0.9940796375204565
0.0,0.03295823224928984,-3.412514208592472,94.21975434056343,-1.5042758260065228,0.6617883847477442,0.10189757637889264,,,0.0,,0.9911397391945372,0.008783108607358424,1.6416469895488446,0.9940850961626831,1.641646989548844,0.9940850961626828
0.0,0.03298972515785021,-3.4115591248509123,94.08448533159354,-1.5042713365084492,0.6617926692473527,0.10204473922575735,,,0.0,,0.9911478301544752,0.008774795638368176,1.6432063702845052,0.9940905491953558,1.6432063702845037,0.9940905491953554
0.0,0.03302124815914376,-3.410604041109353,93.94941092775754,-1.5042668499495315,0.6617969504305178,0.10219211365418786,,,0.0,,0.991155912683396,0.008766490462218696,1.6447672408188878,0.9940959966223855,1.6447672408188867,0.9940959966223851
0.0,0.03305280128192532,-3.4096489573677933,93.81453084824619,-1.504262366323428,0.661801228300183,0.10233969996775051,,,0.0,,0.9911639867866511,0.008758193071725621,1.6463296025745915,0.9941014384476757,1.6463296025745904,0.9941014384476754
0.0,0.03308438455497718,-3.4086938736262336,93.6798448126575,-1.504257885623793,0.6618055028592915,0.10248749847044687,,,0.0,,0.9911720524695806,0.008749903459711019,1.6478934569755672,0.9941068746751226,1.6478934569755659,0.9941068746751223
0.0,0.03311599800710909,-3.4077387898846743,93.54535254099652,-1.5042534078442749,0.6618097741107865,0.10263550946671382,,,0.0,,0.9911801097375121,0.008741621619003248,1.6494588054471218,0.9941123053086148,1.6494588054471215,0.9941123053086145
0.0,0.033147641667158424,-3.4067837061431145,93.41105375367417,-1.5042489329785176,0.6618140420576105,0.10278373326142483,,,0.0,,0.9911881585957624,0.008733347542437013,1.6510256494159266,0.9941177303520339,1.6510256494159254,0.9941177303520335
0.0,0.033179315563990015,-3.405828622401555,93.27694817150703,-1.5042444610201609,0.661818306702706,0.10293217015989016,,,0.0,,0.991196199049636,0.00872508122285339,1.652593990310004,0.994123149809254,1.6525939903100033,0.9941231498092535
0.0,0.03321101972649633,-3.404873538659995,93.14303551571656,-1.5042399919628393,0.6618225680490152,0.10308082046785777,,,0.0,,0.9912042311044265,0.008716822653099794,1.6541638295587429,0.9941285636841417,1.6541638295587429,0.9941285636841414
0.0,0.033242754183597435,-3.4039184549184354,93.00931550792879,-1.5042355258001823,0.6618268260994797,0.10322968449151353,,,0.0,,0.9912122547654151,0.008708571826029929,1.6557351685928934,0.9941339719805566,1.655735168592893,0.9941339719805563
0.0,0.033274518964240996,-3.402963371176876,92.8757878701736,-1.5042310625258146,0.6618310808570413,0.10337876253748203,,,0.0,,0.9912202700378715,0.008700328734503819,1.6573080088445662,0.9941393747023508,1.657308008844566,0.9941393747023505
0.0,0.033306314097402416,-3.4020082874353164,92.74245232488356,-1.5042266021333568,0.6618353323246412,0.10352805491282785,,,0.0,,0.9912282769270542,0.008692093371387863,1.658882351747241,0.9941447718533689,1.6588823517472402,0.9941447718533686
0.0,0.03333813961208472,-3.4010532036937566,92.60930859489443,-1.5042221446164235,0.6618395805052204,0.10367756192505496,,,0.0,,0.9912362754382094,0.008683865729554707,1.6604581987357585,0.9941501634374483,1.6604581987357585,0.994150163437448
0.0,0.03336999553731865,-3.4000981199521974,92.47635640344367,-1.5042176899686244,0.6618438254017196,0.10382728388210838,,,0.0,,0.9912442655765717,0.008675645801883363,1.662035551246331,0.994155549458419,1.6620355512463307,0.9941555494584187
0.0,0.03340188190216272,-3.3991430362106376,92.34359547417016,-1.5042132381835647,0.6618480670170795,0.10397722109237446,,,0.0,,0.9912522473473644,0.008667433581259102,1.6636144107165376,0.9941609299201036,1.663614410716537,0.9941609299201033
0.0,0.0334337987357032,-3.398187952469078,92.21102553111383,-1.504208789254845,0.6618523053542402,0.10412737386468121,,,0.0,,0.9912602207557988,0.008659229060573497,1.6651947785853256,0.9941663048263174,1.6651947785853252,0.9941663048263171
0.0,0.033465746067054145,-3.397232868727518,92.07864629871469,-1.5042043431760603,0.6618565404161417,0.10427774250829944,,,0.0,,0.9912681858070743,0.008651032232724436,1.6667766562930164,0.9941716741808682,1.6667766562930157,0.9941716741808679
0.0,0.03349772392535741,-3.396277784985959,91.94645750181249,-1.5041998999408002,0.6618607722057238,0.1044283273329431,,,0.0,,0.9912761425063786,0.008642843090616092,1.6683600452813,0.9941770379875565,1.6683600452812999,0.9941770379875563
0.0,0.03352973233978274,-3.395322701244399,91.81445886564595,-1.5041954595426499,0.661865000725926,0.10457912864877011,,,0.0,,0.991284090858888,0.008634661627158901,1.6699449469932457,0.9941823962501755,1.669944946993245,0.9941823962501752
0.0,0.033561771339527736,-3.3943676175028394,91.68265011585251,-1.504191021975189,0.6618692259796874,0.10473014676638258,,,0.0,,0.9912920308697667,0.00862648783526957,1.671531362873292,0.9941877489725108,1.6715313628732915,0.9941877489725105
0.0,0.03359384095381787,-3.39341253376128,91.5510309784674,-1.5041865872319933,0.6618734479699473,0.10488138199682792,,,0.0,,0.9912999625441673,0.008618321707871118,1.6731192943672568,0.9941930961583407,1.6731192943672557,0.9941930961583404
0.0,0.03362594121190659,-3.3924574500197204,91.41960117992315,-1.5041821553066308,0.6618776666996442,0.10503283465159932,,,0.0,,0.9913078858872302,0.008610163237892779,1.6747087429223346,0.9941984378114361,1.674708742922334,0.9941984378114359
0.0,0.03365807214307526,-3.3915023662781607,91.28836044704904,-1.5041777261926672,0.6618818821717168,0.10518450504263635,,,0.0,,0.9913158009040848,0.008602012418270103,1.6762997099870998,0.9942037739355607,1.676299709987099,0.9942037739355604
0.0,0.03369023377663323,-3.390547282536601,91.15730850707067,-1.5041732998836612,0.6618860943891034,0.10533639348232547,,,0.0,,0.9913237075998477,0.008593869241944854,1.6778921970115053,0.9942091045344703,1.677892197011505,0.99420910453447
0.0,0.033722426141917866,-3.3895921987950413,91.02644508760922,-1.5041688763731664,0.661890303354742,0.10548850028350079,,,0.0,,0.9913316059796243,0.008585733701865038,1.6794862054468886,0.9942144296119138,1.6794862054468873,0.9942144296119134
0.0,0.033754649268294544,-3.388637115053482,90.89576991668076,-1.504164455654732,0.6618945090715707,0.10564082575944492,,,0.0,,0.9913394960485081,0.008577605790984967,1.681081736745964,0.9942197491716321,1.6810817367459634,0.9942197491716318
0.0,0.03378690318515675,-3.3876820313119222,90.76528272269587,-1.5041600377219018,0.6618987115425269,0.10579337022388928,,,0.0,,0.991347377811581,0.008569485502265127,1.6826787923628375,0.9942250632173595,1.6826787923628368,0.9942250632173592
0.0,0.03381918792192599,-3.386726947570363,90.63498323445897,-1.5041556225682131,0.6619029107705482,0.10594613399101496,,,0.0,,0.9913552512739122,0.008561372828672297,1.6842773737529952,0.994230371752822,1.684277373752994,0.9942303717528217
0.0,0.03385150350805194,-3.3857718638288032,90.50487118116774,-1.5041512101871988,0.6619071067585719,0.1060991173754533,,,0.0,,0.99136311644056,0.008553267763179441,1.6858774823733114,0.9942356747817388,1.6858774823733105,0.9942356747817385
0.0,0.033883849973012393,-3.3848167800872435,90.37494629241279,-1.504146800572387,0.661911299509535,0.10625232069228624,,,0.0,,0.9913709733165702,0.00854517029876576,1.6874791196820498,0.9942409723078212,1.6874791196820484,0.9942409723078208
0.0,0.033916227346313305,-3.383861696345684,90.24520829817664,-1.5041423937172989,0.6619154890263742,0.10640574425704753,,,0.0,,0.9913788219069769,0.008537080428416688,1.68908228713886,0.9942462643347735,1.6890822871388593,0.9942462643347731
0.0,0.03394863565748883,-3.382906612604124,90.11565692883333,-1.5041379896154516,0.6619196753120263,0.10655938838572315,,,0.0,,0.9913866622168026,0.008528998145123892,1.6906869862047866,0.994251550866292,1.6906869862047857,0.9942515508662917
0.0,0.03398107493610133,-3.381951528862565,89.98629191514823,-1.5041335882603564,0.6619238583694278,0.10671325339475152,,,0.0,,0.9913944942510573,0.008520923441885203,1.6922932183422617,0.9942568319060662,1.692293218342261,0.9942568319060658
0.0,0.03401354521174145,-3.380996445121005,89.85711298827681,-1.5041291896455184,0.6619280382015148,0.1068673396010248,,,0.0,,0.9914023180147395,0.008512856311704672,1.6939009850151163,0.9942621074577774,1.6939009850151148,0.9942621074577771
0.0,0.03404604651402809,-3.3800413613794453,89.72811987976445,-1.5041247937644386,0.6619322148112236,0.10702164732188936,,,0.0,,0.9914101335128357,0.00850479674759258,1.695510287688569,0.9942673775251002,1.6955102876885682,0.9942673775250999
0.0,0.03407857887260843,-3.379086277637886,89.5993123215461,-1.504120400610611,0.6619363882014898,0.10717617687514584,,,0.0,,0.9914179407503203,0.008496744742565359,1.697121127829239,0.9942726421117012,1.6971211278292389,0.9942726421117009
0.0,0.03411114231715802,-3.3781311938963263,89.47069004594486,-1.5041160101775253,0.6619405583752493,0.10733092857905101,,,0.0,,0.9914257397321559,0.008488700289645677,1.698733506905144,0.9942779012212396,1.6987335069051432,0.9942779012212393
0.0,0.034143736877380745,-3.3771761101547666,89.3422527856725,-1.5041116224586641,0.6619447253354378,0.10748590275231715,,,0.0,,0.9914335304632931,0.008480663381862354,1.7003474263856957,0.9942831548573672,1.7003474263856952,0.9942831548573668
0.0,0.03417636258300887,-3.376221026413207,89.21400027382825,-1.5041072374475064,0.6619488890849905,0.10764109971411326,,,0.0,,0.9914413129486704,0.008472634012250378,1.7019628877417097,0.9942884030237283,1.7019628877417083,0.994288403023728
0.0,0.03420901946380307,-3.375265942671647,89.0859322438982,-1.504102855137524,0.6619530496268426,0.107796519784066,,,0.0,,0.9914490871932147,0.00846461217385095,1.7035798924453984,0.9942936457239598,1.7035798924453973,0.9942936457239596
0.0,0.03424170754955246,-3.374310858930088,88.95804842975498,-1.5040984755221833,0.6619572069639292,0.10795216328225987,,,0.0,,0.9914568532018403,0.008456597859711439,1.70519844197038,0.9942988829616911,1.7051984419703792,0.9942988829616908
0.0,0.03427442687007464,-3.373355775188528,88.83034856565705,-1.5040940985949454,0.6619613610991854,0.1081080305292382,,,0.0,,0.9914646109794499,0.008448591062885345,1.706818537791677,0.9943041147405437,1.706818537791677,0.9943041147405434
0.0,0.03430717745521566,-3.372400691446969,88.70283238624835,-1.5040897243492661,0.6619655120355455,0.10826412184600334,,,0.0,,0.9914723605309342,0.008440591776432346,1.7084401813857162,0.994309341064132,1.708440181385715,0.9943093410641317
0.0,0.03433995933485014,-3.371445607705409,88.57549962655739,-1.5040853527785942,0.6619696597759447,0.10842043755401795,,,0.0,,0.9914801018611717,0.008432599993418262,1.7100633742303293,0.9943145619360629,1.7100633742303286,0.9943145619360626
0.0,0.034372772538881206,-3.3704905239638494,88.44835002199699,-1.5040809838763733,0.661973804323317,0.10857697797520514,,,0.0,,0.9914878349750288,0.00842461570691508,1.711688117804758,0.9943197773599355,1.7116881178047576,0.9943197773599353
0.0,0.034405617097240576,-3.3695354402222897,88.32138330836342,-1.5040766176360418,0.6619779456805968,0.10873374343194954,,,0.0,,0.9914955598773598,0.008416638910000948,1.7133144135896514,0.9943249873393416,1.7133144135896514,0.9943249873393414
0.0,0.03443849303988856,-3.36858035648073,88.19459922183627,-1.5040722540510314,0.6619820838507184,0.10889073424709753,,,0.0,,0.9915032765730075,0.008408669595760115,1.714942263067071,0.9943301918778654,1.714942263067071,0.9943301918778651
0.0,0.03447140039681408,-3.3676252727391707,88.0679974989777,-1.5040678931147686,0.6619862188366158,0.10904795074395793,,,0.0,,0.9915109850668018,0.008400707757282959,1.7165716677204887,0.9943353909790836,1.7165716677204879,0.9943353909790833
0.0,0.03450433919803477,-3.366670188997611,87.94157787673133,-1.504063534820674,0.661990350641223,0.10920539324630353,,,0.0,,0.991518685363561,0.008392753387666044,1.7182026290347898,0.9943405846465652,1.7182026290347885,0.9943405846465648
0.0,0.0345373094735969,-3.365715105256051,87.81534009242274,-1.5040591791621605,0.6619944792674737,0.10936306207837033,,,0.0,,0.9915263774680911,0.00838480648001199,1.7198351484962728,0.9943457728838718,1.7198351484962722,0.9943457728838715
0.0,0.03457031125357544,-3.364760021514492,87.68928388375802,-1.5040548261326385,0.6619986047183015,0.1095209575648594,,,0.0,,0.9915340613851863,0.008376867027429596,1.7214692275926555,0.9943509556945574,1.7214692275926542,0.9943509556945571
0.0,0.03460334456807415,-3.363804937772932,87.56340898882357,-1.5040504757255095,0.6620027269966402,0.10967908003093702,,,0.0,,0.9915417371196281,0.008368935023033734,1.723104867813068,0.9943561330821685,1.723104867813068,0.9943561330821683
0.0,0.034636409447225514,-3.3628498540313725,87.43771514608571,-1.5040461279341704,0.6620068461054232,0.10983742980223515,,,0.0,,0.9915494046761862,0.008361010459945382,1.724742070648066,0.994361305050244,1.724742070648065,0.9943613050502438
0.0,0.034669505921190814,-3.3618947702898128,87.31220209438975,-1.504041782752011,0.6620109620475836,0.10999600720485261,,,0.0,,0.9915570640596184,0.008353093331291656,1.726380837589616,0.9943664716023152,1.7263808375896155,0.9943664716023148
0.0,0.03470263402016015,-3.3609396865482535,87.18686957295961,-1.5040374401724164,0.6620150748260549,0.11015481256535554,,,0.0,,0.9915647152746698,0.008345183630205765,1.7280211701311112,0.9943716327419058,1.7280211701311115,0.9943716327419054
0.0,0.0347357937743525,-3.3599846028066938,87.06171732139731,-1.5040331001887646,0.6620191844437702,0.11031384621077793,,,0.0,,0.9915723583260736,0.008337281349826985,1.729663069767369,0.9943767884725319,1.729663069767369,0.9943767884725315
0.0,0.03476898521401569,-3.359029519065134,86.93674507968252,-1.5040287627944275,0.6620232909036625,0.11047310846862222,,,0.0,,0.9915799932185508,0.008329386483300684,1.731306537994627,0.9943819387977021,1.7313065379946257,0.9943819387977018
0.0,0.03480220836942642,-3.3580744353235747,86.81195258817168,-1.504024427982772,0.6620273942086649,0.11063259966686044,,,0.0,,0.9915876199568102,0.008321499023778352,1.7329515763105454,0.9943870837209174,1.7329515763105448,0.9943870837209171
0.0,0.03483546327089041,-3.357119351582015,86.68733958759768,-1.5040200957471574,0.6620314943617099,0.11079232013393439,,,0.0,,0.9915952385455483,0.008313618964417508,1.7345981862142192,0.9943922232456712,1.7345981862142181,0.9943922232456709
0.0,0.03486874994874225,-3.3561642678404553,86.56290581906926,-1.5040157660809377,0.6620355913657308,0.11095227019875664,,,0.0,,0.9916028489894494,0.00830574629838179,1.7362463692061638,0.9943973573754492,1.736246369206163,0.9943973573754489
0.0,0.034902068433345555,-3.3552091840988956,86.43865102407057,-1.5040114389774601,0.66203968522366,0.1111124501907109,,,0.0,,0.9916104512931856,0.008297881018840873,1.7378961267883275,0.9944024861137295,1.7378961267883266,0.9944024861137292
0.0,0.03493541875509295,-3.354254100357336,86.31457494446052,-1.504007114430066,0.6620437759384302,0.11127286043965283,,,0.0,,0.9916180454614166,0.008290023118970494,1.7395474604640877,0.9944076094639828,1.739547460464087,0.9944076094639824
0.0,0.03496880094440608,-3.3532990166157766,86.1906773224721,-1.5040027924320905,0.662047863512974,0.11143350127591091,,,0.0,,0.9916256314987902,0.00828217259195249,1.7412003717382543,0.9944127274296717,1.7412003717382536,0.9944127274296715
0.0,0.03500221503173571,-3.352343932874217,86.06695790071205,-1.5039984729768616,0.6620519479502238,0.11159437303028687,,,0.0,,0.9916332094099415,0.00827432943097469,1.742854862117071,0.9944178400142518,1.7428548621170705,0.9944178400142515
0.0,0.03503566104756165,-3.351388849132657,85.94341642216014,-1.5039941560577021,0.6620560292531122,0.11175547603405658,,,0.0,,0.9916407791994933,0.008266493629231037,1.7445109331082163,0.9944229472211705,1.7445109331082151,0.9944229472211703
0.0,0.03506913902239285,-3.350433765391098,85.82005263016895,-1.5039898416679276,0.6620601074245717,0.11191681061897026,,,0.0,,0.9916483408720564,0.008258665179921474,1.7461685862208007,0.9944280490538681,1.7461685862208,0.9944280490538677
0.0,0.03510264898676744,-3.349478681649538,85.69686626846286,-1.503985529800848,0.6620641824675343,0.11207837711725377,,,0.0,,0.9916558944322292,0.008250844076251975,1.747827822965379,0.9944331455157766,1.747827822965378,0.9944331455157762
0.0,0.03513619097125269,-3.3485235979079784,85.57385708113782,-1.5039812204497658,0.6620682543849324,0.11224017586160893,,,0.0,,0.9916634398845978,0.008243030311434587,1.7494886448539382,0.9944382366103207,1.7494886448539377,0.9944382366103205
0.0,0.0351697650064451,-3.3475685141664187,85.45102481266063,-1.503976913607978,0.6620723231796984,0.11240220718521446,,,0.0,,0.9916709772337355,0.00823522387868738,1.7511510533999095,0.9944433223409177,1.7511510533999095,0.9944433223409174
0.0,0.03520337112297039,-3.3466134304248594,85.3283692078688,-1.5039726092687744,0.6620763888547645,0.11256447142172601,,,0.0,,0.9916785064842037,0.008227424771234419,1.7528150501181643,0.9944484027109768,1.7528150501181632,0.9944484027109765
0.0,0.035237009351483585,-3.3456583466832996,85.20589001196936,-1.503968307425439,0.6620804514130627,0.1127269689052778,,,0.0,,0.9916860276405516,0.008219632982305792,1.7544806365250158,0.9944534777238997,1.7544806365250145,0.9944534777238994
0.0,0.03527067972266895,-3.34470326294174,85.08358697053875,-1.5039640080712486,0.6620845108575253,0.11288969997048268,,,0.0,,0.9916935407073154,0.008211848505137639,1.7561478141382216,0.9944585473830804,1.7561478141382203,0.99445854738308
0.0,0.035304382267240086,-3.3437481792001806,84.96145982952245,-1.5039597111994734,0.6620885671910843,0.11305266495243264,,,0.0,,0.9917010456890195,0.008204071332972058,1.7578165844769844,0.9944636116919052,1.757816584476984,0.9944636116919049
0.0,0.03533811701593998,-3.342793095458621,84.8395083352337,-1.5039554168033775,0.6620926204166718,0.11321586418670047,,,0.0,,0.9917085425901753,0.008196301459057202,1.759486949061958,0.9944686706537528,1.759486949061957,0.9944686706537524
0.0,0.03537188399954095,-3.341838011717061,84.71773223435387,-1.5039511248762176,0.6620966705372201,0.11337929800933921,,,0.0,,0.9917160314152822,0.008188538876647177,1.7611589094152382,0.994473724271994,1.7611589094152367,0.9944737242719937
0.0,0.03540568324884473,-3.3408829279755015,84.5961312739314,-1.503946835411245,0.662100717555661,0.11354296675688354,,,0.0,,0.9917235121688273,0.008180783579002102,1.7628324670603732,0.9944787725499922,1.762832467060372,0.9944787725499918
0.0,0.035439514794682485,-3.3399278442339417,84.47470520138127,-1.503942548401703,0.6621047614749268,0.11370687076635048,,,0.0,,0.9917309848552845,0.008173035559388092,1.7645076235223618,0.9944838154911027,1.7645076235223616,0.9944838154911023
0.0,0.035473378667914834,-3.3389727604923825,84.3534537644846,-1.5039382638408287,0.6621088022979493,0.11387101037523983,,,0.0,,0.9917384494791162,0.008165294811077256,1.7661843803276571,0.9944888530986734,1.7661843803276558,0.9944888530986731
0.0,0.03550727489943193,-3.3380176767508227,84.23237671138801,-1.5039339817218529,0.6621128400276607,0.11403538592153516,,,0.0,,0.9917459060447715,0.008157561327347655,1.767862739004162,0.9944938853760444,1.7678627390041617,0.9944938853760441
0.0,0.035541203520153365,-3.3370625930092634,84.11147379060336,-1.5039297020379983,0.6621168746669931,0.11419999774370403,,,0.0,,0.9917533545566877,0.008149835101483337,1.7695427010812375,0.9944989123265481,1.7695427010812375,0.9944989123265476
0.0,0.03557516456102836,-3.3361075092677037,83.9907447510068,-1.5039254247824818,0.6621209062188784,0.1143648461806991,,,0.0,,0.9917607950192888,0.0081421161267743,1.7712242680897023,0.9945039339535089,1.771224268089701,0.9945039339535084
0.0,0.03560915805303565,-3.335152425526144,83.87018934183853,-1.5039211499485137,0.662124934686249,0.11452993157195877,,,0.0,,0.991768227436987,0.008134404396516547,1.772907441561826,0.9945089502602438,1.772907441561826,0.9945089502602433
0.0,0.03564318402718358,-3.3341973417845843,83.74980731270205,-1.5039168775292966,0.6621289600720367,0.11469525425740783,,,0.0,,0.9917756518141817,0.00812669990401203,1.7745922230313464,0.9945139612500618,1.7745922230313458,0.9945139612500613
0.0,0.035677242514510155,-3.3332422580430245,83.62959841356398,-1.5039126075180267,0.6621329823791737,0.1148608145774579,,,0.0,,0.9917830681552596,0.008119002642568627,1.7762786140334546,0.9945189669262643,1.7762786140334543,0.9945189669262638
0.0,0.035711333546082975,-3.3322871743014653,83.50956239475339,-1.503908339907893,0.6621370016105922,0.11502661287300824,,,0.0,,0.9917904764645951,0.008111312605500173,1.7779666161048076,0.9945239672921449,1.7779666161048069,0.9945239672921444
0.0,0.03574545715299942,-3.3313320905599055,83.38969900696067,-1.5039040746920773,0.6621410177692245,0.11519264948544726,,,0.0,,0.9917978767465495,0.008103629786126488,1.7796562307835255,0.9945289623509893,1.779656230783524,0.9945289623509889
0.0,0.03577961336638651,-3.330377006818346,83.27000800123811,-1.5038998118637552,0.6621450308580026,0.11535892475665165,,,0.0,,0.9918052690054724,0.00809595417777327,1.7813474596091894,0.9945339521060756,1.7813474596091887,0.9945339521060752
0.0,0.03581380221740102,-3.3294219230767865,83.15048912899847,-1.5038955514160945,0.6621490408798589,0.11552543902898849,,,0.0,,0.9918126532457001,0.008088285773772217,1.7830403041228513,0.9945389365606742,1.7830403041228502,0.9945389365606737
0.0,0.035848023737229534,-3.328466839335227,83.03114214201479,-1.5038912933422564,0.6621530478377258,0.11569219264531533,,,0.0,,0.9918200294715562,0.008080624567460904,1.7847347658670285,0.9945439157180472,1.7847347658670274,0.9945439157180468
0.0,0.03588227795708839,-3.327511755593667,82.91196679242003,-1.5038870376353943,0.6621570517345354,0.11585918594898065,,,0.0,,0.9918273976873524,0.00807297055218284,1.7864308463857066,0.9945488895814496,1.7864308463857053,0.9945488895814492
0.0,0.035916564908223786,-3.3265566718521073,82.7929628327062,-1.5038827842886553,0.6621610525732203,0.11602641928382523,,,0.0,,0.9918347578973868,0.00806532372128748,1.7881285472243416,0.994553858154128,1.7881285472243407,0.9945538581541276
0.0,0.03595088462191174,-3.325601588110548,82.67413001572397,-1.503878533295179,0.662165050356713,0.11619389299418237,,,0.0,,0.9918421101059457,0.008057684068130191,1.7898278699298609,0.9945588214393216,1.78982786992986,0.9945588214393212
0.0,0.03598523712945822,-3.3246465043689883,82.5554680946822,-1.5038742846480977,0.662169045087946,0.11636160742487887,,,0.0,,0.9918494543173022,0.00805005158607223,1.7915288160506684,0.9945637794402615,1.7915288160506666,0.9945637794402611
0.0,0.036019622462199044,-3.3236914206274286,82.43697682314753,-1.5038700383405368,0.662173036769852,0.11652956292123524,,,0.0,,0.9918567905357168,0.008042426268480752,1.7932313871366357,0.9945687321601712,1.7932313871366343,0.9945687321601707
0.0,0.03605404065149999,-3.3227363368858693,82.31865595504358,-1.5038657943656135,0.6621770254053635,0.11669775982906702,,,0.0,,0.9918641187654372,0.008034808108728853,1.7949355847391153,0.9945736796022662,1.794935584739113,0.9945736796022656
0.0,0.03608849172875684,-3.3217812531443096,82.20050524465054,-1.5038615527164394,0.6621810109974134,0.11686619849468523,,,0.0,,0.9918714390106989,0.008027197100195478,1.796641410410935,0.9945786217697541,1.7966414104109334,0.9945786217697536
0.0,0.03612297572539534,-3.32082616940275,82.08252444660468,-1.503857313386117,0.6621849935489346,0.11703487926489711,,,0.0,,0.9918787512757239,0.008019593236265514,1.7983488657064015,0.9945835586658349,1.7983488657064002,0.9945835586658345
0.0,0.03615749267287127,-3.31987108566119,81.96471331589794,-1.5038530763677422,0.6621889730628598,0.1172038024870066,,,0.0,,0.9918860555647221,0.008011996510329687,1.8000579521813027,0.9945884902937006,1.8000579521813007,0.9945884902937001
0.0,0.036192042602670484,-3.3189160019196304,81.84707160787727,-1.5038488416544045,0.6621929495421224,0.11737296850881525,,,0.0,,0.9918933518818901,0.008004406915784613,1.801768671392904,0.9945934166565353,1.8017686713929026,0.9945934166565349
0.0,0.03622662554630888,-3.317960918178071,81.72959907824405,-1.503844609239184,0.6621969229896552,0.11754237767862309,,,0.0,,0.9919006402314122,0.00799682444603282,1.8034810248999573,0.9945983377575154,1.8034810248999555,0.9945983377575149
0.0,0.03626124153533254,-3.3170058344365114,81.61229548305369,-1.5038403791151544,0.6622008934083915,0.11771203034522913,,,0.0,,0.9919079206174595,0.00798924909448265,1.8051950142626965,0.9946032535998092,1.8051950142626956,0.9946032535998087
0.0,0.03629589060131763,-3.3160507506949517,81.495160578715,-1.5038361512753828,0.6622048608012647,0.11788192685793222,,,0.0,,0.9919151930441906,0.007981680854548374,1.8069106410428435,0.9946081641865772,1.8069106410428426,0.9946081641865768
0.0,0.036330572775870505,-3.3150956669533924,81.37819412199,-1.5038319257129271,0.6622088251712084,0.11805206756653136,,,0.0,,0.9919224575157511,0.00797411971965008,1.8086279068036049,0.9946130695209721,1.8086279068036026,0.9946130695209717
0.0,0.03636528809062775,-3.3141405832118327,81.26139586999297,-1.5038277024208384,0.6622127865211558,0.11822245282132691,,,0.0,,0.991929714036274,0.007966565683213711,1.8103468131096736,0.9946179696061386,1.8103468131096727,0.9946179696061381
0.0,0.036400036577256135,-3.313185499470273,81.14476558019015,-1.5038234813921603,0.6622167448540409,0.1183930829731212,,,0.0,,0.9919369626098787,0.007959018738671084,1.8120673615272378,0.9946228644452135,1.8120673615272367,0.9946228644452131
0.0,0.036434818267452714,-3.3122304157287132,81.02830301039913,-1.5038192626199292,0.6622207001727974,0.11856395837321922,,,0.0,,0.9919442032406729,0.00795147887945988,1.8137895536239728,0.9946277540413258,1.8137895536239714,0.9946277540413254
0.0,0.0364696331929448,-3.311275331987154,80.91200791878866,-1.5038150460971729,0.6622246524803593,0.11873507937342884,,,0.0,,0.9919514359327505,0.007943946099023576,1.8155133909690462,0.9946326383975963,1.8155133909690442,0.994632638397596
0.0,0.03650448138549009,-3.3103202482455942,80.79588006387768,-1.5038108318169119,0.6622286017796606,0.1189064463260624,,,0.0,,0.9919586606901927,0.007936420390811494,1.817238875133122,0.9946375175171384,1.8172388751331199,0.994637517517138
0.0,0.03653936287687656,-3.3093651645040345,80.67991920453495,-1.5038066197721596,0.6622325480736355,0.11907805958393698,,,0.0,,0.9919658775170679,0.007928901748278832,1.818966007688356,0.9946423914030569,1.818966007688355,0.9946423914030565
0.0,0.036574277698922575,-3.3084100807624752,80.56412509997898,-1.5038024099559208,0.6622364913652186,0.11924991950037479,,,0.0,,0.9919730864174319,0.007921390164886556,1.8206947902084045,0.9946472600584491,1.8206947902084036,0.9946472600584487
0.0,0.03660922588347694,-3.3074549970209155,80.44849750977657,-1.5037982023611929,0.662240431657344,0.11942202642920488,,,0.0,,0.9919802873953265,0.007913885634101515,1.8224252242684216,0.9946521234864043,1.8224252242684202,0.994652123486404
0.0,0.03664420746241885,-3.3064999132793558,80.33303619384336,-1.5037939969809657,0.6622443689529468,0.11959438072476265,,,0.0,,0.9919874804547819,0.007906388149396329,1.8241573114450575,0.9946569816900037,1.8241573114450564,0.9946569816900034
0.0,0.03667922246765797,-3.305544829537796,80.21774091244274,-1.5037897938082205,0.6622483032549615,0.11976698274189124,,,0.0,,0.9919946655998143,0.007898897704249435,1.825891053316466,0.9946618346723206,1.825891053316465,0.9946618346723204
0.0,0.036714270931134475,-3.3045897457962363,80.10261142618529,-1.5037855928359314,0.6622522345663234,0.11993983283594242,,,0.0,,0.9920018428344273,0.007891414292145101,1.8276264514623042,0.9946666824364205,1.8276264514623024,0.9946666824364202
0.0,0.03674935288481903,-3.303634662054677,79.98764749602853,-1.5037813940570637,0.6622561628899675,0.12011293136277694,,,0.0,,0.9920090121626114,0.0078839379065734,1.8293635074637276,0.9946715249853606,1.8293635074637267,0.9946715249853603
0.0,0.0367844683607129,-3.3026795783131173,79.87284888327619,-1.5037771974645766,0.6622600882288292,0.12028627867876551,,,0.0,,0.9920161735883443,0.007876468541030184,1.8311022229034049,0.9946763623221903,1.8311022229034042,0.9946763623221899
0.0,0.03681961739084785,-3.301724494571558,79.7582153495781,-1.5037730030514191,0.6622640105858438,0.12045987514078904,,,0.0,,0.99202332711559,0.007869006189017098,1.832842599365506,0.994681194449951,1.8328425993655049,0.9946811944499506
0.0,0.03685480000728635,-3.3007694108299983,79.64374665692911,-1.5037688108105338,0.6622679299639475,0.12063372110624013,,,0.0,,0.9920304727483005,0.007861550844041578,1.8345846384357112,0.9946860213716759,1.8345846384357092,0.9946860213716756
0.0,0.03689001624212144,-3.2998143270884386,79.52944256766902,-1.5037646207348545,0.6622718463660757,0.12080781693302325,,,0.0,,0.9920376104904138,0.007854102499616855,1.836328341701207,0.9946908430903906,1.8363283417012057,0.9946908430903904
0.0,0.036925266127476826,-3.298859243346879,79.41530284448186,-1.5037604328173066,0.6622757597951647,0.12098216297955572,,,0.0,,0.9920447403458552,0.007846661149261953,1.8380737107506957,0.9946956596091123,1.8380737107506937,0.9946956596091121
0.0,0.03696054969550693,-3.297904159605319,79.30132725039557,-1.5037562470508083,0.6622796702541509,0.1211567596047682,,,0.0,,0.9920518623185368,0.007839226786501634,1.8398207471743873,0.9947004709308505,1.8398207471743853,0.9947004709308501
0.0,0.036995866978396894,-3.29694907586376,79.18751554878152,-1.5037520634282697,0.6622835777459707,0.12133160716810541,,,0.0,,0.9920589764123577,0.007831799404866436,1.8415694525640056,0.9947052770586061,1.841569452564005,0.9947052770586058
0.0,0.03703121800836263,-3.2959939921222,79.07386750335344,-1.503747881942591,0.6622874822735607,0.12150670602952772,,,0.0,,0.9920660826312037,0.007824378997892697,1.8433198285127976,0.9947100779953727,1.8433198285127954,0.9947100779953724
0.0,0.0370666028176508,-3.2950389083806404,78.96038287816783,-1.5037437025866662,0.662291383839858,0.12168205654951036,,,0.0,,0.9920731809789476,0.007816965559122466,1.8450718766155145,0.9947148737441353,1.8450718766155134,0.9947148737441349
0.0,0.03710202143853889,-3.294083824639081,78.84706143762276,-1.5037395253533805,0.6622952824477997,0.1218576590890456,,,0.0,,0.9920802714594488,0.007809559082103598,1.8468255984684339,0.994719664307871,1.8468255984684332,0.9947196643078706
0.0,0.03713747390333527,-3.2931287408975214,78.73390294645758,-1.50373535023561,0.6622991781003231,0.12203351400964267,,,0.0,,0.9920873540765537,0.007802159560389658,1.848580995669352,0.9947244496895488,1.8485809956693513,0.9947244496895484
0.0,0.037172960244379126,-3.2921736571559617,78.62090716975267,-1.5037311772262232,0.6623030708003659,0.12220962167332854,,,0.0,,0.9920944288340955,0.007794766987539953,1.8503380698175842,0.9947292298921299,1.8503380698175824,0.9947292298921294
0.0,0.03720848049404057,-3.291218573414402,78.50807387292849,-1.50372700631808,0.6623069605508659,0.12238598244264909,,,0.0,,0.9921014957358941,0.00778738135711957,1.8520968225139667,0.9947340049185669,1.8520968225139647,0.9947340049185665
0.0,0.03724403468472063,-3.290263489672842,78.39540282174536,-1.503722837504033,0.6623108473547612,0.12256259668066961,,,0.0,,0.9921085547857563,0.00778000266269932,1.8538572553608612,0.9947387747718047,1.8538572553608599,0.9947387747718044
0.0,0.03727962284885131,-3.289308405931283,78.28289378230308,-1.5037186707769246,0.6623147312149902,0.12273946475097523,,,0.0,,0.9921156059874754,0.00777263089785572,1.8556193699621555,0.9947435394547801,1.8556193699621537,0.9947435394547798
0.0,0.03731524501889561,-3.288353322189723,78.17054652104008,-1.5037145061295891,0.6623186121344912,0.12291658701767219,,,0.0,,0.9921226493448314,0.007765266056171019,1.857383167923263,0.9947482989704216,1.8573831679232613,0.9947482989704213
0.0,0.03735090122734753,-3.287398238448164,78.05836080473321,-1.5037103435548538,0.6623224901162034,0.12309396384538841,,,0.0,,0.9921296848615915,0.007757908131233221,1.859148650851124,0.9947530533216498,1.8591486508511224,0.9947530533216493
0.0,0.037386591506732146,-3.286443154706604,77.94633640049715,-1.5037061830455358,0.6623263651630655,0.12327159559927399,,,0.0,,0.9921367125415093,0.007750557116636001,1.86091582035421,0.9947578025113767,1.8609158203542093,0.9947578025113764
0.0,0.03742231588960559,-3.2854880709650445,77.8344730757838,-1.5037020245944444,0.6623302372780173,0.12344948264500238,,,0.0,,0.9921437323883247,0.007743213005978794,1.8626846780425244,0.9947625465425068,1.8626846780425235,0.9947625465425064
0.0,0.03745807440855509,-3.2845329872234847,77.72277059838214,-1.5036978681943807,0.6623341064639982,0.12362762534877068,,,0.0,,0.9921507444057648,0.007735875792866701,1.864455225527599,0.9947672854179361,1.8644552255275988,0.9947672854179357
0.0,0.03749386709619906,-3.283577903481925,77.61122873641743,-1.5036937138381357,0.6623379727239479,0.12380602407730051,,,0.0,,0.9921577485975431,0.007728545470910533,1.8662274644225043,0.9947720191405525,1.8662274644225028,0.994772019140552
0.0,0.037529693985187025,-3.2826228197403657,77.49984725835073,-1.503689561518493,0.662341836060807,0.12398467919783919,,,0.0,,0.9921647449673597,0.007721222033726827,1.8680013963418391,0.9947767477132357,1.868001396341838,0.9947767477132353
0.0,0.03756555510819976,-3.281667735998806,77.38862593297848,-1.503685411228228,0.6623456964775158,0.12416359107815993,,,0.0,,0.9921717335189016,0.007713905474937774,1.869777022901747,0.9947814711388573,1.8697770229017459,0.994781471138857
0.0,0.03760145049794924,-3.2807126522572463,77.27756452943198,-1.5036812629601057,0.662349553977015,0.12434276008656298,,,0.0,,0.9921787142558421,0.007706595788171293,1.8715543457199044,0.9947861894202807,1.8715543457199035,0.9947861894202804
0.0,0.03763738018717868,-3.279757568515687,77.16666281717714,-1.5036771167068834,0.6623534085622459,0.1245221865918759,,,0.0,,0.9921856871818411,0.007699292967060959,1.8733333664155292,0.9947909025603613,1.8733333664155274,0.9947909025603608
0.0,0.03767334420866263,-3.2788024847741273,77.05592056601355,-1.5036729724613096,0.6623572602361496,0.12470187096345489,,,0.0,,0.9921926523005451,0.007691997005246017,1.8751140866093783,0.9947956105619459,1.8751140866093774,0.9947956105619455
0.0,0.03770934259520693,-3.2778474010325676,76.94533754607434,-1.5036688302161234,0.662361109001668,0.12488181357118522,,,0.0,,0.992199609615587,0.007684707896371414,1.8768965079237558,0.9948003134278733,1.876896507923754,0.994800313427873
0.0,0.03774537537964877,-3.276892317291008,76.83491352782544,-1.5036646899640556,0.662364954861743,0.12506201478548215,,,0.0,,0.9922065591305866,0.007677425634087771,1.8786806319825033,0.9948050111609744,1.8786806319825018,0.9948050111609741
0.0,0.03778144259485668,-3.2759372335494485,76.72464828206552,-1.5036605516978274,0.6623687978193169,0.1252424749772912,,,0.0,,0.9922135008491499,0.00767015021205134,1.8804664604110108,0.9948097037640713,1.8804664604110097,0.994809703764071
0.0,0.037817544273730686,-3.274982149807889,76.61454157992495,-1.5036564154101524,0.6623726378773324,0.1254231945180897,,,0.0,,0.9922204347748695,0.007662881623924039,1.8822539948362185,0.9948143912399784,1.8822539948362167,0.9948143912399781
0.0,0.03785368044920217,-3.274027066066329,76.50459319286564,-1.5036522810937332,0.6623764750387324,0.12560417377988703,,,0.0,,0.9922273609113242,0.007655619863373476,1.8840432368866078,0.9948190735915013,1.8840432368866067,0.994819073591501
0.0,0.037889851154234,-3.27307198232477,76.3948028926807,-1.5036481487412652,0.6623803093064604,0.12578541313522523,,,0.0,,0.9922342792620797,0.007648364924072861,1.8858341881922154,0.9948237508214381,1.8858341881922143,0.9948237508214378
0.0,0.037926056421820585,-3.27211689858321,76.28517045149337,-1.503644018345434,0.6623841406834599,0.1259669129571806,,,0.0,,0.992241189830688,0.007641116799701099,1.8876268503846287,0.9948284229325779,1.887626850384627,0.9948284229325777
0.0,0.03796229628498781,-3.2711618148416504,76.17569564175727,-1.503639889898916,0.6623879691726748,0.12614867361936333,,,0.0,,0.992248092620687,0.0076338754839426985,1.8894212250969826,0.994833089927702,1.8894212250969824,0.9948330899277017
0.0,0.03799857077679313,-3.2702067311000906,76.06637823625555,-1.5036357633943784,0.6623917947770498,0.1263306954959189,,,0.0,,0.9922549876356018,0.007626640970487801,1.8912173139639752,0.9948377518095833,1.8912173139639736,0.994837751809583
0.0,0.0380348799303256,-3.269251647358531,75.95721800810024,-1.5036316388244793,0.6623956174995292,0.12651297896152897,,,0.0,,0.9922618748789434,0.007619413253032212,1.8930151186218493,0.9948424085809864,1.8930151186218485,0.994842408580986
0.0,0.03807122377870587,-3.2682965636169716,75.8482147307321,-1.5036275161818686,0.6623994373430584,0.1266955243914119,,,0.0,,0.9922687543542092,0.007612192325277356,1.8948146407084137,0.9948470602446674,1.8948146407084119,0.9948470602446672
0.0,0.038107602355086284,-3.267341479875412,75.73936817791989,-1.503623395459185,0.6624032543105827,0.12687833216132363,,,0.0,,0.992275626064883,0.007604978180930257,1.8966158818630303,0.9948517068033746,1.8966158818630294,0.9948517068033743
0.0,0.038144015692650815,-3.266386396133852,75.63067812376023,-1.5036192766490597,0.6624070684050478,0.12706140264755791,,,0.0,,0.9922824900144349,0.007597770813703558,1.8984188437266247,0.9948563482598476,1.8984188437266234,0.9948563482598474
0.0,0.03818046382461515,-3.265431312392293,75.5221443426767,-1.5036151597441134,0.6624108796294002,0.12724473622694815,,,0.0,,0.9922893462063214,0.007590570217315554,1.9002235279416806,0.9948609846168178,1.9002235279416786,0.9948609846168175
0.0,0.03821694678422677,-3.264476228650733,75.41376660941961,-1.5036110447369582,0.6624146879865862,0.12742833327686723,,,0.0,,0.9922961946439852,0.007583376385490087,1.902029936152246,0.9948656158770082,1.9020299361522446,0.994865615877008
0.0,0.03825346460476486,-3.2635211449091734,75.30554469906544,-1.5036069316201963,0.662418493479553,0.12761219417522873,,,0.0,,0.9923030353308553,0.007576189311956672,1.903838070003934,0.9948702420431335,1.9038380700039323,0.9948702420431332
0.0,0.038290017319540424,-3.2625660611676137,75.19747838701649,-1.5036028203864211,0.6624222961112477,0.12779631930048754,,,0.0,,0.992309868270347,0.007569008990450362,1.9056479311439212,0.9948748631179002,1.9056479311439205,0.9948748631179
0.0,0.0383266049618963,-3.2616109774260544,75.0895674490004,-1.5035987110282159,0.6624260958846182,0.12798070903164044,,,0.0,,0.9923166934658615,0.0075618354147118216,1.907459521220954,0.9948794791040062,1.9074595212209535,0.9948794791040059
0.0,0.0383632275652072,-3.2606558936844947,74.98181166106922,-1.5035946035381547,0.6624298928026128,0.12816536374822773,,,0.0,,0.9923235109207866,0.007554668578487331,1.9092728418853473,0.9948840900041411,1.909272841885347,0.9948840900041409
0.0,0.03839988516287972,-3.259700809942935,74.87421079959974,-1.5035904979088024,0.6624336868681799,0.1283502838303328,,,0.0,,0.9923303206384965,0.0075475084755287115,1.9110878947889849,0.9948886958209864,1.9110878947889847,0.9948886958209862
0.0,0.038436577788352334,-3.2587457262013757,74.7667646412923,-1.5035863941327128,0.6624374780842687,0.12853546965858384,,,0.0,,0.9923371226223506,0.007540355099593414,1.9129046815853223,0.9948932965572147,1.9129046815853217,0.9948932965572145
0.0,0.03847330547509555,-3.257790642459816,74.65947296317064,-1.5035822922024324,0.6624412664538285,0.12872092161415424,,,0.0,,0.9923439168756958,0.007533208444444423,1.914723203929389,0.9948978922154907,1.9147232039293887,0.9948978922154905
0.0,0.038510068256611796,-3.2568355587182563,74.5523355425816,-1.5035781921104963,0.6624450519798092,0.1289066400787631,,,0.0,,0.9923507034018638,0.007526068503850294,1.9165434634777903,0.9949024827984705,1.916543463477789,0.9949024827984703
0.0,0.03854686616643553,-3.2558804749766965,74.44535215719418,-1.5035740938494306,0.6624488346651611,0.1290926254346767,,,0.0,,0.9923574822041735,0.007518935271585175,1.918365461888703,0.9949070683088017,1.9183654618887027,0.9949070683088014
0.0,0.038583699238133255,-3.254925391235137,74.33852258499938,-1.5035699974117516,0.662452614512835,0.12927887806470884,,,0.0,,0.9923642532859294,0.007511808741428776,1.9201892008218873,0.9949116487491236,1.9201892008218873,0.9949116487491233
0.0,0.03862056750530353,-3.2539703074935775,74.23184660430987,-1.5035659027899655,0.662456391525782,0.12946539835222134,,,0.0,,0.9923710166504217,0.0075046889071663375,1.9220146819386787,0.9949162241220669,1.9220146819386783,0.9949162241220666
0.0,0.03865747100157707,-3.253015223752018,74.1253239937591,-1.5035618099765689,0.6624601657069538,0.1296521866811256,,,0.0,,0.9923777723009276,0.007497575762588649,1.9238419069019959,0.9949207944302542,1.923841906901995,0.9949207944302538
0.0,0.03869440976061666,-3.2520601400104585,74.01895453230117,-1.503557718964049,0.6624639370593024,0.12983924343588274,,,0.0,,0.9923845202407098,0.007490469301492088,1.925670877376336,0.9949253596762992,1.925670877376335,0.9949253596762989
0.0,0.03873138381611731,-3.251105056268899,73.91273799921022,-1.5035536297448822,0.6624677055857805,0.13002656900150458,,,0.0,,0.9923912604730167,0.0074833695176785234,1.9275015950277823,0.9949299198628077,1.9275015950277823,0.9949299198628073
0.0,0.03876839320180619,-3.250149972527339,73.80667417407997,-1.503549542311536,0.662471471289341,0.13021416376355466,,,0.0,,0.9923979930010833,0.007476276404955412,1.9293340615240047,0.9949344749923763,1.9293340615240049,0.994934474992376
0.0,0.0388054379514427,-3.2491948887857793,73.70076283682339,-1.5035454566564672,0.6624752341729376,0.1304020281081485,,,0.0,,0.9924047178281304,0.007469189957135704,1.9311682785342565,0.9949390250675938,1.9311682785342563,0.9949390250675934
0.0,0.03884251809881851,-3.2482398050442196,73.59500376767213,-1.503541372772123,0.6624789942395242,0.13059016242195473,,,0.0,,0.9924114349573647,0.007462110168037881,1.9330042477293798,0.9949435700910401,1.9330042477293794,0.9949435700910397
0.0,0.03887963367775756,-3.2472847213026603,73.48939674717592,-1.5035372906509399,0.6624827514920552,0.130778567092196,,,0.0,,0.9924181443919785,0.007455037031485986,1.9348419707818063,0.9949481100652867,1.934841970781805,0.9949481100652864
0.0,0.038916784722116154,-3.2463296375611006,73.3839415562023,-1.5035332102853454,0.6624865059334857,0.13096724250664973,,,0.0,,0.9924248461351509,0.007447970541309527,1.936681449365559,0.9949526449928968,1.9366814493655578,0.9949526449928965
0.0,0.038953971265782907,-3.245374553819541,73.27863797593606,-1.503529131667756,0.662490257566771,0.13115618905364862,,,0.0,,0.9924315401900459,0.007440910691343584,1.9385226851562525,0.9949571748764248,1.938522685156252,0.9949571748764243
0.0,0.03899119334267881,-3.2444194700779816,73.17348578787897,-1.5035250547905785,0.6624940063948673,0.13134540712208143,,,0.0,,0.9924382265598141,0.0074338574754287,1.940365679831097,0.9949616997184165,1.9403656798310964,0.9949616997184162
0.0,0.039028450986757314,-3.243464386336422,73.06848477384898,-1.5035209796462092,0.6624977524207311,0.13153489710139435,,,0.0,,0.9924449052475915,0.00742681088741093,1.9422104350688976,0.9949662195214095,1.9422104350688973,0.9949662195214092
0.0,0.03906574423200427,-3.242509302594862,72.96363471598002,-1.5035169062270346,0.6625014956473192,0.13172465938159114,,,0.0,,0.9924515762565006,0.007419770921141854,1.944056952550056,0.9949707342879327,1.9440569525500557,0.9949707342879324
0.0,0.03910307311243801,-3.2415542188533024,72.85893539672136,-1.5035128345254303,0.6625052360775893,0.13191469435323452,,,0.0,,0.9924582395896488,0.0074127375704785455,1.9459052339565717,0.9949752440205064,1.9459052339565717,0.9949752440205061
0.0,0.039140437662109374,-3.240599135111743,72.75438659883747,-1.503508764533762,0.6625089737144992,0.13210500240744608,,,0.0,,0.99246489525013,0.007405710829283547,1.9477552809720446,0.9949797487216422,1.9477552809720446,0.9949797487216419
0.0,0.03917783791510177,-3.2396440513701834,72.64998810540716,-1.5035046962443852,0.6625127085610079,0.1322955839359081,,,0.0,,0.9924715432410237,0.007398690691424882,1.949607095281678,0.9949842483938435,1.9496070952816777,0.994984248393843
0.0,0.03921527390553114,-3.2386889676286237,72.54573969982327,-1.503500629649645,0.6625164406200742,0.13248643933086385,,,0.0,,0.992478183565395,0.007391677150776102,1.9514606785722757,0.9949887430396045,1.9514606785722752,0.9949887430396042
0.0,0.03925274566754601,-3.2377338838870644,72.4416411657925,-1.5034965647418748,0.662520169894658,0.1326775689851181,,,0.0,,0.992484816226295,0.007384670201216184,1.9533160325322447,0.9949932326614115,1.9533160325322447,0.9949932326614112
0.0,0.039290253235327595,-3.2367788001455047,72.33769228733429,-1.5034925015133997,0.6625238963877195,0.1328689732920389,,,0.0,,0.9924914412267604,0.007377669836629619,1.9551731588516033,0.9949977172617418,1.9551731588516033,0.9949977172617415
0.0,0.03932779664308972,-3.235823716403945,72.23389284878111,-1.5034884399565327,0.6625276201022193,0.13306065264555708,,,0.0,,0.9924980585698133,0.007370676050906341,1.957032059221973,0.995002196843064,1.9570320592219723,0.9950021968430637
0.0,0.039365375925078924,-3.2348686326623852,72.1302426347776,-1.5034843800635764,0.662531341041119,0.13325260744016795,,,0.0,,0.9925046682584621,0.00736368883794174,1.9588927353365853,0.9950066714078383,1.9588927353365837,0.9950066714078379
0.0,0.03940299111557446,-3.2339135489208255,72.0267414302801,-1.503480321826824,0.6625350592073803,0.13344483807093196,,,0.0,,0.9925112702957004,0.0073567081916366935,1.9607551888902803,0.9950111409585161,1.9607551888902792,0.9950111409585157
0.0,0.03944064224888832,-3.232958465179266,71.92338902055627,-1.5034762652385567,0.6625387746039659,0.13363734493347543,,,0.0,,0.9925178646845078,0.007349734105897533,1.962619421579513,0.9950156054975402,1.962619421579512,0.9950156054975399
0.0,0.03947832935936535,-3.2320033814377065,71.82018519118465,-1.5034722102910452,0.6625424872338389,0.13383012842399136,,,0.0,,0.9925244514278487,0.007342766574636011,1.9644854351023524,0.9950200650273447,1.9644854351023517,0.9950200650273444
0.0,0.03951605248138314,-3.2310482976961468,71.71712972805433,-1.5034681569765502,0.6625461970999629,0.13402318893923992,,,0.0,,0.9925310305286743,0.007335805591769333,1.96635323115848,0.9950245195503551,1.9663532311584795,0.9950245195503548
0.0,0.03955381164935214,-3.2300932139545875,71.61422241736422,-1.503464105287321,0.6625499042053022,0.13421652687654992,,,0.0,,0.9925376019899204,0.007328851151220176,1.968222811449194,0.9950289690689882,1.968222811449194,0.995028969068988
0.0,0.03959160689771574,-3.2291381302130278,71.51146304562276,-1.5034600552155963,0.6625536085528216,0.13441014263381912,,,0.0,,0.9925441658145088,0.007321903246916607,1.9700941776774152,0.9950334135856521,1.9700941776774137,0.9950334135856518
0.0,0.03962943826095018,-3.228183046471468,71.40885139964742,-1.5034560067536045,0.6625573101454867,0.13460403660951542,,,0.0,,0.9925507220053469,0.007314961872792173,1.9719673315476762,0.9950378531027461,1.9719673315476751,0.9950378531027457
0.0,0.039667305773564664,-3.2272279627299083,71.30638726656441,-1.503451959893562,0.6625610089862636,0.13479820920267707,,,0.0,,0.9925572705653269,0.007308027022785806,1.9738422747661362,0.9950422876226607,1.9738422747661355,0.9950422876226604
0.0,0.039705209470101345,-3.226272878988349,71.20407043380817,-1.5034479146276756,0.6625647050781188,0.13499266081291378,,,0.0,,0.9925638114973279,0.007301098690841869,1.9757190090405763,0.995046717147778,1.975719009040575,0.9950467171477777
0.0,0.03974314938513544,-3.2253177952467893,71.10190068912046,-1.5034438709481397,0.66256839842402,0.13518739184040843,,,0.0,,0.9925703448042129,0.007294176870910176,1.9775975360804006,0.9950511416804713,1.9775975360803995,0.9950511416804709
0.0,0.03978112555327517,-3.2243627115052296,70.99987782055072,-1.503439828847139,0.6625720890269349,0.13538240268591611,,,0.0,,0.9925768704888314,0.007287261556945903,1.9794778575966383,0.9950555612231047,1.9794778575966387,0.9950555612231043
0.0,0.0398191380091618,-3.2234076277636703,70.89800161645502,-1.5034357883168463,0.6625757768898323,0.13557769375076653,,,0.0,,0.9925833885540178,0.007280352742909687,1.9813599753019497,0.9950599757780341,1.9813599753019493,0.9950599757780337
0.0,0.03985718678746975,-3.2224525440221106,70.79627186549577,-1.5034317493494231,0.6625794620156812,0.13577326543686402,,,0.0,,0.9925898990025922,0.007273450422767528,1.9832438909106194,0.9950643853476062,1.9832438909106187,0.9950643853476059
0.0,0.03989527192290654,-3.221497460280551,70.69468835664146,-1.5034277119370216,0.6625831444074518,0.13596911814668836,,,0.0,,0.99259640183736,0.007266554590490833,1.9851296061385633,0.9950687899341593,1.985129606138563,0.9950687899341589
0.0,0.03993339345021286,-3.220542376538991,70.59325087916591,-1.5034236760717805,0.6625868240681145,0.1361652522832961,,,0.0,,0.9926028970611117,0.00725966524005642,1.9870171227033298,0.9950731895400226,1.9870171227033302,0.9950731895400222
0.0,0.039971551404162586,-3.2195872927974314,70.49195922264796,-1.5034196417458285,0.6625905010006407,0.13636166825032103,,,0.0,,0.9926093846766237,0.007252782365446506,1.9889064423241012,0.9950775841675165,1.9889064423241014,0.9950775841675162
0.0,0.04000974581956282,-3.218632209055872,70.39081317697124,-1.503415608951283,0.662594175208002,0.1365583664519747,,,0.0,,0.9926158646866571,0.007245905960648656,1.9907975667216928,0.9950819738189529,1.9907975667216926,0.9950819738189526
0.0,0.04004797673125397,-3.2176771253143124,70.28981253232328,-1.5034115776802497,0.6625978466931713,0.13675534729304803,,,0.0,,0.9926223370939589,0.007239036019655836,1.992690497618558,0.9950863584966345,1.9926904976185578,0.9950863584966342
0.0,0.04008624417410968,-3.216722041572753,70.18895707919546,-1.5034075479248235,0.6626015154591217,0.13695261117891144,,,0.0,,0.9926288019012605,0.007232172536466406,1.9945852367387862,0.9950907382028554,1.9945852367387862,0.9950907382028551
0.0,0.04012454818303695,-3.2157669578311934,70.08824660838235,-1.5034035196770876,0.6626051815088273,0.1371501585155161,,,0.0,,0.9926352591112797,0.007225315505084062,1.9964817858081083,0.9950951129399007,1.9964817858081092,0.9950951129399004
0.0,0.040162888792976116,-3.2148118740896336,69.98768091098131,-1.5033994929291137,0.6626088448452625,0.13734798970939457,,,0.0,,0.9926417087267185,0.00721846491951791,1.998380146553896,0.9950994827100467,1.9983801465538966,0.9950994827100463
0.0,0.04020126603890091,-3.213856790348074,69.88725977839218,-1.5033954676729615,0.6626125054714028,0.1375461051676615,,,0.0,,0.9926481507502646,0.00721162077378239,2.0002803207051625,0.9951038475155608,2.0002803207051625,0.9951038475155605
0.0,0.04023967995581848,-3.212901706606514,69.78698300231675,-1.503391443900681,0.6626161633902243,0.13774450529801463,,,0.0,,0.992654585184591,0.007204783061897287,2.0021823099925635,0.9951082073587016,2.002182309992564,0.9951082073587012
0.0,0.04027813057876941,-3.211946622864955,69.68685037475815,-1.503387421604309,0.6626198186047038,0.1379431905087358,,,0.0,,0.9926610120323556,0.007197951777887796,2.004086116148403,0.9951125622417187,2.004086116148403,0.9951125622417183
0.0,0.040316617942827815,-3.210991539123395,69.58686168802069,-1.5033834007758708,0.6626234711178186,0.13814216120869147,,,0.0,,0.9926674312962013,0.007191126915784391,2.0059917409066315,0.9951169121668528,2.0059917409066315,0.9951169121668525
0.0,0.04035514208310127,-3.2100364553818355,69.48701673470919,-1.5033793814073808,0.662627120932547,0.13834141780733383,,,0.0,,0.9926738429787565,0.007184308469622958,2.007899186002848,0.9951212571363358,2.0078991860028474,0.9951212571363354
0.0,0.04039370303473091,-3.209081371640276,69.3873153077288,-1.5033753634908413,0.6626307680518682,0.13854096071470123,,,0.0,,0.9926802470826346,0.0071774964334446805,2.0098084531742995,0.9951255971523905,2.0098084531743,0.9951255971523901
0.0,0.04043230083289149,-3.2081262878987165,69.2877572002843,-1.5033713470182428,0.6626344124787615,0.13874079034141942,,,0.0,,0.9926866436104338,0.0071706908012960716,2.0117195441598894,0.9951299322172308,2.01171954415989,0.9951299322172305
0.0,0.040470935512791316,-3.2071712041571567,69.1883422058798,-1.5033673319815646,0.6626380542162077,0.13894090709870227,,,0.0,,0.9926930325647377,0.0071638915672290115,2.013632460700171,0.9951342623330617,2.013632460700171,0.9951342623330613
0.0,0.04050960710967238,-3.206216120415597,69.08907011831822,-1.5033633183727733,0.6626416932671878,0.1391413113983527,,,0.0,,0.9926994139481147,0.007157098725300701,2.015547204537354,0.9951385875020793,2.015547204537353,0.9951385875020788
0.0,0.040548315658810306,-3.2052610366740377,68.9899407317011,-1.503359306183824,0.6626453296346838,0.139342003652763,,,0.0,,0.9927057877631179,0.007150312269573636,2.017463777415299,0.9951429077264705,2.0174637774153,0.9951429077264701
0.0,0.040587061195514494,-3.204305952932478,68.89095384042778,-1.503355295406661,0.6626489633216786,0.13954298427491643,,,0.0,,0.9927121540122863,0.007143532194115639,2.0193821810795356,0.9951472230084134,2.019382181079536,0.995147223008413
0.0,0.04062584375512802,-3.2033508691909183,68.7921092391952,-1.5033512860332139,0.6626525943311553,0.13974425367838775,,,0.0,,0.9927185126981427,0.007136758492999875,2.0213024172772434,0.995151533350077,2.0213024172772442,0.9951515333500766
0.0,0.04066466337302773,-3.202395785449359,68.69340672299762,-1.5033472780554038,0.6626562226660986,0.13994581227734357,,,0.0,,0.9927248638231961,0.007129991160304774,2.023224487757267,0.9951558387536213,2.023224487757266,0.9951558387536209
0.0,0.04070352008462435,-3.2014407017077993,68.59484608712563,-1.5033432714651367,0.6626598483294933,0.1401476604865444,,,0.0,,0.992731207389939,0.007123230190114114,2.02514839427011,0.9951601392211974,2.025148394270111,0.9951601392211971
0.0,0.04074241392536236,-3.2004856179662395,68.49642712716643,-1.5033392662543086,0.6626634713243253,0.14034979872134407,,,0.0,,0.99273754340085,0.007116475576516942,2.027074138567947,0.9951644347549471,2.027074138567948,0.9951644347549468
0.0,0.040781344930720144,-3.19953053422468,68.39814963900295,-1.5033352624148029,0.6626670916535815,0.14055222739769144,,,0.0,,0.9927438718583917,0.007109727313607599,2.029001722404613,0.9951687253570034,2.0290017224046135,0.9951687253570031
0.0,0.04082031313620998,-3.19857545048312,68.30001341881348,-1.50333125993849,0.6626707093202492,0.14075494693213123,,,0.0,,0.9927501927650124,0.00710298539548574,2.030931147535611,0.9951730110294902,2.030931147535611,0.9951730110294899
0.0,0.04085931857737807,-3.197620366741561,68.2020182630713,-1.5033272588172286,0.6626743243273167,0.1409579577418046,,,0.0,,0.9927565061231439,0.007096249816256302,2.032862415718111,0.9951772917745221,2.032862415718112,0.9951772917745217
0.0,0.04089836128980461,-3.196665283000001,68.10416396854414,-1.5033232590428656,0.662677936677773,0.14116126024445028,,,0.0,,0.9927628119352043,0.007089520570029493,2.034795528710961,0.9951815675942047,2.034795528710961,0.9951815675942044
0.0,0.04093744130910378,-3.1957101992584414,68.0064503322941,-1.503319260607235,0.6626815463746082,0.14136485485840486,,,0.0,,0.9927691102035956,0.007082797650920786,2.0367304882746726,0.9951858384906349,2.036730488274672,0.9951858384906346
0.0,0.040976558670923764,-3.194755115516882,67.90887715167673,-1.503315263502159,0.662685153420813,0.1415687420026043,,,0.0,,0.9927754009307046,0.007076081053050966,2.0386672961714316,0.9951901044659,2.0386672961714325,0.9951901044658996
0.0,0.04101571341094687,-3.1938000317753223,67.81144422434092,-1.5033112677194462,0.6626887578193791,0.1417729220965846,,,0.0,,0.9927816841189028,0.007069370770546045,2.0406059541651067,0.9951943655220782,2.040605954165107,0.9951943655220779
0.0,0.04105490556488944,-3.1928449480337626,67.71415134822833,-1.5033072732508947,0.6626923595732988,0.1419773955604825,,,0.0,,0.9927879597705467,0.007062666797537337,2.042546464021235,0.9951986216612387,2.0425464640212354,0.9951986216612384
0.0,0.04109413516850199,-3.191889864292203,67.61699832157313,-1.5033032800882882,0.6626959586855655,0.14218216281503634,,,0.0,,0.9927942278879769,0.0070559691281613865,2.044488827507035,0.9952028728854418,2.044488827507035,0.9952028728854415
0.0,0.04113340225756913,-3.1909347805506436,67.51998494290156,-1.503299288223399,0.6626995551591733,0.1423872242815867,,,0.0,,0.9928004884735195,0.007049277756559992,2.0464330463914044,0.9952071191967382,2.046433046391404,0.9952071191967379
0.0,0.04117270686790977,-3.189979696809084,67.42311101103101,-1.5032952976479872,0.6627031489971175,0.14259258038207853,,,0.0,,0.9928067415294846,0.0070425926768802405,2.048379122444923,0.9952113605971696,2.0483791224449224,0.9952113605971693
0.0,0.04121204903537695,-3.189024613067524,67.32637632507044,-1.5032913083537989,0.6627067402023936,0.14279823153905993,,,0.0,,0.9928129870581668,0.007035913883274413,2.0503270574398527,0.9952155970887686,2.050327057439853,0.9952155970887683
0.0,0.04125142879585801,-3.188069529325965,67.2297806844193,-1.5032873203325687,0.6627103287779988,0.14300417817568475,,,0.0,,0.9928192250618457,0.007029241369900084,2.052276853150141,0.9952198286735584,2.0522768531501407,0.9952198286735581
0.0,0.04129084618527459,-3.187114445584405,67.13332388876726,-1.5032833335760176,0.6627139147269305,0.14321042071571283,,,0.0,,0.9928254555427852,0.007022575130920025,2.054228511351421,0.9952240553535533,2.0542285113514205,0.995224055353553
0.0,0.041330301239582645,-3.1861593618428454,67.03700573809411,-1.5032793480758548,0.6627174980521876,0.14341695958351042,,,0.0,,0.9928316785032335,0.007015915160502245,2.0561820338210124,0.9952282771307579,2.0561820338210124,0.9952282771307576
0.0,0.041369793994772475,-3.1852042781012857,66.94082603266881,-1.503275363823776,0.6627210787567692,0.14362379520405189,,,0.0,,0.992837893945424,0.007009261452820005,2.058137422337926,0.9952324940071681,2.058137422337926,0.9952324940071678
0.0,0.04140932448686878,-3.184249194359726,66.8447845730494,-1.5032713808114642,0.6627246568436761,0.14383092800292024,,,0.0,,0.9928441018715737,0.007002614002051788,2.060094678682861,0.9952367059847702,2.060094678682862,0.9952367059847699
0.0,0.041448892751930665,-3.1832941106181667,66.74888116008266,-1.5032673990305896,0.6627282323159093,0.14403835840630744,,,0.0,,0.9928503022838846,0.006995972802381271,2.062053804638213,0.9952409130655413,2.0620538046382126,0.995240913065541
0.0,0.041488498826051746,-3.182339026876607,66.65311559490337,-1.5032634184728093,0.6627318051764711,0.14424608684101628,,,0.0,,0.9928564951845431,0.006989337847997353,2.0640148019880664,0.9952451152514492,2.0640148019880664,0.995245115251449
0.0,0.041528142745360055,-3.1813839431350477,66.55748767893414,-1.503259439129768,0.6627353754283649,0.1444541137344606,,,0.0,,0.9928626805757198,0.006982709133094174,2.065977672518205,0.9952493125444526,2.065977672518205,0.9952493125444524
0.0,0.04156782454601821,-3.180428859393488,66.46199721388489,-1.5032554609930966,0.6627389430745946,0.14466243951466617,,,0.0,,0.9928688584595697,0.006976086651871032,2.0679424180161083,0.9952535049465007,2.0679424180161092,0.9952535049465004
0.0,0.04160754426422335,-3.1794737756519282,66.3666440017524,-1.5032514840544133,0.6627425081181653,0.144871064610272,,,0.0,,0.9928750288382323,0.006969470398532481,2.069909040270957,0.9952576924595334,2.069909040270957,0.9952576924595331
0.0,0.04164730193620719,-3.1785186919103685,66.27142784482011,-1.5032475083053232,0.6627460705620829,0.14507998945053058,,,0.0,,0.9928811917138312,0.006962860367288227,2.0718775410736274,0.9952618750854814,2.071877541073627,0.995261875085481
0.0,0.041687097598236106,-3.177563608168809,66.17634854565748,-1.5032435337374177,0.6627496304093546,0.14528921446530912,,,0.0,,0.9928873470884743,0.006956256552353177,2.073847922216701,0.9952660528262658,2.0738479222167006,0.9952660528262655
0.0,0.04172693128661107,-3.1766085244272495,66.08140590711955,-1.503239560342276,0.6627531876629882,0.14549874008509064,,,0.0,,0.992893494964254,0.006949658947947461,2.075820185494461,0.9952702256837985,2.075820185494461,0.9952702256837983
0.0,0.04176680303766781,-3.1756534406856898,65.98659973234665,-1.5032355881114632,0.6627567423259927,0.1457085667409745,,,0.0,,0.992899635343247,0.006943067548296341,2.077794332702898,0.9952743936599824,2.0777943327028985,0.995274393659982
0.0,0.04180671288777674,-3.17469835694413,65.89192982476392,-1.503231617036531,0.6627602944013778,0.14591869486467746,,,0.0,,0.9929057682275135,0.0069364823476303124,2.0797703656397086,0.9952785567567102,2.0797703656397095,0.99527855675671
0.0,0.04184666087334299,-3.1737432732025708,65.79739598808105,-1.5032276471090185,0.6627638438921546,0.14612912488853416,,,0.0,,0.9929118936190989,0.006929903340185007,2.0817482861042973,0.995282714975866,2.081748286104297,0.9952827149758656
0.0,0.04188664703080656,-3.172788189461011,65.7029980262916,-1.5032236783204505,0.6627673908013348,0.14633985724549872,,,0.0,,0.9929180115200321,0.006923330520201228,2.083728095897776,0.9952868683193239,2.0837280958977766,0.9952868683193236
0.0,0.041926671396642204,-3.1718331057194513,65.60873574367274,-1.5032197106623395,0.6627709351319314,0.1465508923691451,,,0.0,,0.9929241219323263,0.006916763881924969,2.0857097968229747,0.9952910167889489,2.085709796822974,0.9952910167889486
0.0,0.04196673400735955,-3.1708780219778916,65.51460894478478,-1.5032157441261824,0.6627744768869583,0.14676223069366826,,,0.0,,0.9929302248579784,0.006910203419607387,2.087693390684428,0.9952951603865966,2.0876933906844273,0.9952951603865964
0.0,0.042006834899503104,-3.169922938236332,65.42061743447091,-1.5032117787034656,0.6627780160694303,0.14697387265388462,,,0.0,,0.9929363202989707,0.006903649127504774,2.08967887928839,0.995299299114113,2.0896788792883907,0.9952992991141127
0.0,0.042046974109652295,-3.1689678544947726,65.32676101785675,-1.5032078143856589,0.6627815526823635,0.14718581868523314,,,0.0,,0.9929424082572679,0.006897100999878568,2.0916662644428334,0.9953034329733347,2.091666264442832,0.9953034329733343
0.0,0.042087151674421536,-3.168012770753213,65.23303950034949,-1.5032038511642205,0.6627850867287746,0.14739806922377702,,,0.0,,0.9929484887348198,0.006890559030995403,2.0936555479574426,0.9953075619660886,2.093655547957442,0.9953075619660884
0.0,0.04212736763046016,-3.1670576870116536,65.13945268763833,-1.5031998890305938,0.6627886182116818,0.14761062470620293,,,0.0,,0.9929545617335598,0.006884023215127001,2.0956467316436265,0.9953116860941925,2.0956467316436256,0.9953116860941923
0.0,0.04216762201445261,-3.166102603270094,65.0460003856931,-1.503195927976209,0.6627921471341042,0.1478234855698238,,,0.0,,0.9929606272554055,0.006877493546550277,2.0976398173145125,0.9953158053594545,2.0976398173145125,0.9953158053594543
0.0,0.042207914863118305,-3.165147519528534,64.95268240076474,-1.503191967992482,0.6627956734990617,0.1480366522525781,,,0.0,,0.9929666853022582,0.006870970019547244,2.099634806784953,0.9953199197636732,2.099634806784953,0.995319919763673
0.0,0.04224824621321178,-3.1641924357869744,64.8594985393844,-1.503188009070815,0.6627991973095756,0.14825012519303135,,,0.0,,0.9929727358760032,0.006864452628405045,2.1016317018715225,0.9953240293086375,2.1016317018715225,0.9953240293086373
0.0,0.04228861610152268,-3.1632373520454147,64.76644860836302,-1.5031840512025967,0.6628027185686681,0.1484639048303775,,,0.0,,0.9929787789785098,0.006857941367415977,2.1036305043925223,0.9953281339961271,2.1036305043925223,0.9953281339961267
0.0,0.042329024564875806,-3.1622822683038554,64.6735324147911,-1.503180094379202,0.6628062372793625,0.14867799160443904,,,0.0,,0.9929848146116312,0.006851436230877463,2.10563121616798,0.9953322338279117,2.1056312161679798,0.9953322338279115
0.0,0.04236947164013118,-3.1613271845622957,64.58074976603814,-1.5031761385919902,0.6628097534446833,0.14889238595566864,,,0.0,,0.9929908427772042,0.006844937213092007,2.1076338390196554,0.9953363288057518,2.107633839019655,0.9953363288057516
0.0,0.042409957364184014,-3.160372100820736,64.4881004697525,-1.5031721838323093,0.6628132670676558,0.14910708832514902,,,0.0,,0.9929968634770499,0.006838444308367246,2.109638374771036,0.9953404189313984,2.109638374771036,0.995340418931398
0.0,0.04245048177396475,-3.1594170170791767,64.39558433386064,-1.5031682300914904,0.6628167781513067,0.14932209915459502,,,0.0,,0.9930028767129724,0.006831957511015945,2.1116448252473417,0.9953445042065922,2.111644825247342,0.9953445042065919
0.0,0.042491044906439186,-3.158461933337617,64.30320116656694,-1.5031642773608525,0.6628202866986637,0.14953741888635383,,,0.0,,0.9930088824867603,0.006825476815355941,2.113653192275532,0.9953485846330651,2.1136531922755304,0.9953485846330649
0.0,0.04253164679860838,-3.157506849596057,64.2109507763532,-1.503160325631699,0.6628237927127556,0.149753047963406,,,0.0,,0.9930148808001857,0.0068190022157102095,2.1156634776842917,0.995352660212539,2.1156634776842913,0.9953526602125387
0.0,0.042572287487508784,-3.1565517658544975,64.11883297197836,-1.5031563748953196,0.6628272961966123,0.1499689868293663,,,0.0,,0.9930208716550041,0.006812533706406788,2.117675683304052,0.995356730946726,2.1176756833040518,0.9953567309467257
0.0,0.042612967010212194,-3.155596682112938,64.02684756247811,-1.5031524251429904,0.6628307971532649,0.1501852359284844,,,0.0,,0.9930268550529552,0.006806071281778812,2.119689810966978,0.9953607968373289,2.119689810966978,0.9953607968373286
0.0,0.04265368540382591,-3.1546415983713785,63.934994357163994,-1.5031484763659722,0.6628342955857455,0.15040179570564705,,,0.0,,0.9930328309957619,0.006799614936164537,2.1217058625069787,0.9953648578860406,2.121705862506979,0.9953648578860403
0.0,0.0426944427054926,-3.1536865146298187,63.84327316562385,-1.503144528555511,0.6628377914970874,0.1506186666063769,,,0.0,,0.9930387994851311,0.006793164663907254,2.1237238397597036,0.9953689140945443,2.1237238397597036,0.995368914094544
0.0,0.042735238952390474,-3.1527314308882595,63.751683797720716,-1.5031405817028403,0.6628412848903253,0.1508358490768352,,,0.0,,0.9930447605227529,0.0067867204593553805,2.1257437445625427,0.9953729654645136,2.1257437445625427,0.9953729654645134
0.0,0.04277607418173328,-3.1517763471466997,63.66022606359268,-1.503136635799177,0.6628447757684949,0.15105334356382194,,,0.0,,0.9930507141103014,0.006780282316862377,2.127765578754639,0.9953770119976123,2.1277655787546377,0.9953770119976121
0.0,0.04281694843077029,-3.15082126340514,63.56889977365265,-1.5031326908357245,0.6628482641346327,0.15127115051477638,,,0.0,,0.993056660249434,0.006773850230786769,2.1297893441768725,0.9953810536954945,2.129789344176872,0.9953810536954942
0.0,0.042857861736786365,-3.1498661796635803,63.47770473858761,-1.503128746803671,0.6628517499917769,0.151489270377779,,,0.0,,0.9930625989417912,0.006767424195492175,2.1318150426718807,0.9953850905598045,2.1318150426718803,0.9953850905598043
0.0,0.04289881413710203,-3.1489110959220206,63.38664076935837,-1.5031248036941915,0.6628552333429665,0.1517077036015518,,,0.0,,0.9930685301889979,0.006761004205347279,2.1338426760840465,0.995389122592177,2.1338426760840465,0.9953891225921768
0.0,0.042939805669073426,-3.1479560121804613,63.29570767719939,-1.5031208614984441,0.6628587141912421,0.15192645063545882,,,0.0,,0.9930744539926617,0.0067545902547257895,2.135872246259507,0.9953931497942369,2.135872246259506,0.9953931497942367
0.0,0.04298083637009245,-3.1470009284389016,63.20490527361798,-1.5031169202075738,0.6628621925396452,0.15214551192950787,,,0.0,,0.993080370354374,0.006748182338006478,2.1379037550461497,0.9953971721675988,2.1379037550461497,0.9953971721675987
0.0,0.04302190627758668,-3.146045844697342,63.11423337039414,-1.5031129798127105,0.6628656683912184,0.15236488793435118,,,0.0,,0.9930862792757094,0.006741780449573194,2.1399372042936227,0.9954011897138684,2.1399372042936218,0.9954011897138683
0.0,0.04306301542901944,-3.1450907609557825,63.023691779580304,-1.5031090403049687,0.6628691417490059,0.15258457910128562,,,0.0,,0.993092180758226,0.006735384583814789,2.141972595853323,0.9954052024346408,2.1419725958533227,0.9954052024346407
0.0,0.04310416386188993,-3.144135677214223,62.93328031350041,-1.5031051016754482,0.6628726126160529,0.15280458588225515,,,0.0,,0.9930980748034651,0.006728994735125196,2.144009931578415,0.9954092103315016,2.144009931578414,0.9954092103315015
0.0,0.04314535161373311,-3.143180593472663,62.84299878475019,-1.503101163915234,0.6628760809954056,0.15302490872985,,,0.0,,0.9931039614129515,0.006722610897903355,2.146049213323815,0.9954132134060266,2.146049213323815,0.9954132134060265
0.0,0.04318657872211984,-3.1422255097311034,62.752847006196376,-1.5030972270153962,0.662879546890112,0.15324554809730864,,,0.0,,0.9931098405881931,0.006716233066553234,2.148090442946207,0.9954172116597816,2.148090442946207,0.9954172116597815
0.0,0.043227845224656836,-3.141270425989544,62.662824790976266,-1.5030932909669896,0.6628830103032207,0.15346650443851861,,,0.0,,0.9931157123306811,0.006709861235483866,2.1501336223040357,0.9954212050943224,2.1501336223040344,0.9954212050943223
0.0,0.04326915115898683,-3.1403153422479844,62.57293195249751,-1.5030893557610536,0.6628864712377822,0.15368777820801727,,,0.0,,0.9931215766418899,0.006703495399109257,2.15217875325751,0.9954251937111952,2.152178753257509,0.9954251937111951
0.0,0.043310496562788466,-3.1393602585064246,62.48316830443756,-1.503085421388613,0.6628899296968477,0.1539093698609928,,,0.0,,0.9931274335232775,0.006697135551848482,2.1542258376686054,0.995429177511936,2.154225837668606,0.995429177511936
0.0,0.04335188147377637,-3.1384051747648654,62.39353366074357,-1.5030814878406775,0.66289338568347,0.15413127985328476,,,0.0,,0.9931332829762841,0.006690781688125592,2.15627487740107,0.9954331564980713,2.15627487740107,0.9954331564980712
0.0,0.043393305929701274,-3.1374500910233056,62.30402783563159,-1.50307755510824,0.6628968392007031,0.15435350864138578,,,0.0,,0.993139125002334,0.006684433802369652,2.1583258743204166,0.995437130671117,2.1583258743204166,0.9954371306711169
0.0,0.04343476996834994,-3.136495007281746,62.21465064358646,-1.503073623182281,0.6629002902516021,0.15457605668244176,,,0.0,,0.9931449596028343,0.006678091889014752,2.1603788302939333,0.9954411000325797,2.1603788302939324,0.9954411000325796
0.0,0.043476273627545234,-3.135539923540186,62.12540189936127,-1.5030696920537625,0.6629037388392238,0.15479892443425355,,,0.0,,0.9931507867791749,0.0066717559424999875,2.1624337471906765,0.9954450645839555,2.162433747190676,0.9954450645839554
0.0,0.04351781694514618,-3.1345848397986265,62.03628141797717,-1.5030657617136325,0.6629071849666259,0.15502211235527683,,,0.0,,0.9931566065327291,0.006665425957269427,2.164490626881484,0.995449024326731,2.164490626881483,0.9954490243267309
0.0,0.043559399959047944,-3.133629756057067,61.94728901472289,-1.5030618321528237,0.6629106286368678,0.15524562090462377,,,0.0,,0.9931624188648529,0.00665910192777213,2.1665494712389624,0.9954529792623823,2.1665494712389624,0.9954529792623822
0.0,0.04360102270718197,-3.1326746723155074,61.85842450515396,-1.5030579033622529,0.6629140698530097,0.15546945054206454,,,0.0,,0.9931682237768857,0.006652783848462184,2.168610282137506,0.9954569293923758,2.168610282137505,0.9954569293923756
0.0,0.04364268522751586,-3.131719588573948,61.76968770509317,-1.5030539753328214,0.6629175086181136,0.15569360172802646,,,0.0,,0.9931740212701494,0.006646471713798608,2.170673061453279,0.9954608747181678,2.170673061453279,0.9954608747181677
0.0,0.043684387558053595,-3.1307645048323884,61.68107843062917,-1.5030500480554145,0.6629209449352426,0.15591807492359722,,,0.0,,0.9931798113459491,0.0066401655182454535,2.1727378110642372,0.9954648152412046,2.1727378110642364,0.9954648152412043
0.0,0.04372612973683538,-3.1298094210908287,61.59259649811699,-1.5030461215209026,0.6629243788074611,0.15614287059052373,,,0.0,,0.9931855940055727,0.0066338652562717105,2.1748045328501098,0.9954687509629221,2.174804532850109,0.995468750962922
0.0,0.043767911801937814,-3.128854337349269,61.50424172417715,-1.5030421957201392,0.6629278102378352,0.15636798919121425,,,0.0,,0.9931913692502911,0.006627570922351343,2.176873228692417,0.9954726818847466,2.176873228692416,0.9954726818847465
0.0,0.043809733791473876,-3.1278992536077093,61.41601392569532,-1.5030382706439633,0.6629312392294319,0.15659343118873909,,,0.0,,0.9931971370813577,0.0066212825109633,2.1789439004744637,0.995476608008094,2.1789439004744624,0.9954766080080938
0.0,0.04385159574359293,-3.12694416986615,61.32791291982201,-1.5030343462831968,0.6629346657853198,0.1568191970468316,,,0.0,,0.9932028975000091,0.0066150000165915036,2.1810165500813414,0.9954805293343701,2.18101655008134,0.9954805293343699
0.0,0.04389349769648086,-3.1259890861245903,61.23993852397216,-1.5030304226286462,0.6629380899085688,0.15704528722988903,,,0.0,,0.9932086505074644,0.0066087234337248,2.1830911793999337,0.9954844458649708,2.1830911793999337,0.9954844458649705
0.0,0.04393543968835999,-3.1250340023830305,61.15209055582487,-1.5030264996711025,0.6629415116022505,0.15727170220297323,,,0.0,,0.9932143961049257,0.0066024527568570015,2.1851677903189177,0.9954883576012814,2.1851677903189173,0.9954883576012812
0.0,0.043977421757489144,-3.1240789186414712,61.06436883332281,-1.50302257740134,0.6629449308694373,0.15749844243181205,,,0.0,,0.9932201342935775,0.006596187980486895,2.1872463847287564,0.9954922645446774,2.1872463847287564,0.9954922645446773
0.0,0.04401944394216379,-3.1231238348999115,60.976773174671955,-1.5030186558101166,0.6629483477132035,0.15772550838280017,,,0.0,,0.993225865074587,0.006589929099118174,2.189326964521716,0.9954961666965243,2.1893269645217157,0.9954961666965241
0.0,0.0440615062807159,-3.122168751158352,60.88930339834114,-1.5030147348881755,0.6629517621366245,0.1579529005229999,,,0.0,,0.9932315884491044,0.006583676107259521,2.191409531591854,0.9955000640581767,2.191409531591853,0.9955000640581766
0.0,0.04410360881151413,-3.121213667416792,60.80195932306185,-1.5030108146262422,0.6629551741427775,0.1581806193201421,,,0.0,,0.9932373044182621,0.006577428999424514,2.193494087835026,0.9955039566309797,2.193494087835025,0.9955039566309796
0.0,0.044145751572963736,-3.120258583675233,60.71474076782773,-1.5030068950150264,0.6629585837347407,0.15840866524262703,,,0.0,,0.9932430129831753,0.006571187770131675,2.1955806351488882,0.9955078444162677,2.1955806351488873,0.9955078444162676
0.0,0.04418793460350677,-3.119303499933673,60.62764755189388,-1.503002976045222,0.6629619909155938,0.15863703875952626,,,0.0,,0.9932487141449419,0.00656495241390448,2.1976691754329023,0.9955117274153652,2.197669175432901,0.9955117274153651
0.0,0.04423015794162193,-3.1183484161921133,60.54067949477717,-1.5029990577075052,0.6629653956884183,0.15886574034058207,,,0.0,,0.9932544079046419,0.006558722925271289,2.199759710588327,0.9955156056295862,2.1997597105883258,0.9955156056295861
0.0,0.044272421625824704,-3.117393332450554,60.45383641625522,-1.502995139992538,0.6629687980562967,0.1590947704562097,,,0.0,,0.9932600942633382,0.006552499298765431,2.2018522425182274,0.9955194790602345,2.2018522425182274,0.9955194790602343
0.0,0.04431472569466743,-3.1164382487089943,60.3671181363663,-1.5029912228909639,0.6629721980223133,0.1593241295774978,,,0.0,,0.9932657732220759,0.00654628152892511,2.20394677312748,0.9955233477086035,2.2039467731274796,0.9955233477086033
0.0,0.044357070186739206,-3.1154831649674346,60.28052447540907,-1.5029873063934107,0.6629755955895537,0.15955381817620898,,,0.0,,0.9932714447818826,0.0065400696102934485,2.206043304322764,0.9955272115759765,2.206043304322763,0.9955272115759763
0.0,0.044399455140666066,-3.114528081225875,60.19405525394187,-1.5029833904904895,0.6629789907611049,0.15978383672478175,,,0.0,,0.9932771089437683,0.006533863537418499,2.20814183801257,0.9955310706636263,2.208141838012569,0.9955310706636261
0.0,0.04444188059511092,-3.113572997484315,60.107710292782556,-1.5029794751727945,0.6629823835400556,0.1600141856963308,,,0.0,,0.9932827657087253,0.006527663304853215,2.210242376107201,0.9955349249728154,2.2102423761071996,0.9955349249728153
0.0,0.04448434658877362,-3.112617913742756,60.02148941300823,-1.5029755604309036,0.6629857739294959,0.16024486556464776,,,0.0,,0.9932884150777286,0.0065214689071554305,2.2123449205187695,0.995538774504796,2.2123449205187695,0.9955387745047958
0.0,0.044526853160391046,-3.111662830001196,59.93539243595456,-1.502971646255378,0.6629891619325172,0.160475876804203,,,0.0,,0.993294057051735,0.006515280338887873,2.2144494731612125,0.9955426192608098,2.214449473161211,0.9955426192608096
0.0,0.04456940034873703,-3.1107077462596364,59.849419183215595,-1.5029677326367619,0.6629925475522129,0.1607072198901459,,,0.0,,0.9932996916316835,0.006509097594618193,2.216556035950272,0.9955464592420881,2.2165560359502714,0.9955464592420878
0.0,0.04461198819262246,-3.109752662518077,59.76356947664353,-1.502963819565582,0.6629959307916775,0.16093889529830574,,,0.0,,0.9933053188184962,0.00650292066891889,2.218664610803516,0.9955502944498519,2.218664610803515,0.9955502944498517
0.0,0.04465461673089538,-3.1087975787765174,59.677843138347825,-1.502959907032349,0.662999311654007,0.16117090350519372,,,0.0,,0.9933109386130762,0.006496749556367382,2.22077519964033,0.9955541248853118,2.220775199640329,0.9955541248853116
0.0,0.04469728600244088,-3.1078424950349577,59.592239990695475,-1.502955995027556,0.6630026901422993,0.1614032449880024,,,0.0,,0.9933165510163094,0.006490584251545938,2.22288780438192,0.9955579505496678,2.22288780438192,0.9955579505496674
0.0,0.044739996046181216,-3.106887411293398,59.50675985631025,-1.5029520835416796,0.6630060662596534,0.16163592022460768,,,0.0,,0.9933221560290644,0.006484424749041704,2.225002426951319,0.9955617714441094,2.2250024269513182,0.9955617714441092
0.0,0.04478274690107585,-3.1059323275518387,59.42140255807234,-1.5029481725651792,0.6630094400091704,0.16186892969356967,,,0.0,,0.9933277536521906,0.006478271043446722,2.2271190692733795,0.9955655875698158,2.22711906927338,0.9955655875698156
0.0,0.044825538606121505,-3.104977243810279,59.33616791911805,-1.5029442620884963,0.6630128113939523,0.16210227387413348,,,0.0,,0.9933333438865204,0.006472123129357859,2.2292377332747884,0.9955693989279557,2.229237733274789,0.9955693989279554
0.0,0.044868371200352114,-3.1040221600687192,59.251055762839385,-1.502940352102056,0.6630161804171032,0.1623359532462304,,,0.0,,0.993338926732868,0.006465981001376892,2.2313584208840544,0.995573205519687,2.231358420884055,0.9955732055196868
0.0,0.0449112447228389,-3.10306707632716,59.16606591288388,-1.5029364425962655,0.6630195470817287,0.1625699682904783,,,0.0,,0.9933445021920297,0.006459844654110417,2.2334811340315195,0.9955770073461574,2.2334811340315186,0.9955770073461572
0.0,0.0449541592126905,-3.1021119925856,59.08119819315389,-1.502932533561515,0.6630229113909357,0.16280431948818333,,,0.0,,0.9933500702647835,0.0064537140821698865,2.235605874649357,0.9955808044085039,2.235605874649356,0.9955808044085036
0.0,0.04499711470905284,-3.1011569088440405,58.99645242780641,-1.5029286249881777,0.6630262733478329,0.16303900732134077,,,0.0,,0.9933556309518896,0.0064475892801716264,2.237732644671572,0.9955845967078529,2.237732644671572,0.9955845967078526
0.0,0.04504011125110929,-3.1002018251024808,58.91182844125271,-1.5029247168666084,0.6630296329555307,0.16327403227263562,,,0.0,,0.9933611842540899,0.0064414702427368015,2.2398614460340096,0.9955883842453201,2.239861446034009,0.9955883842453199
0.0,0.04508314887808064,-3.099246741360921,58.82732605815797,-1.5029208091871453,0.663032990217141,0.16350939482544385,,,0.0,,0.9933667301721083,0.0064353569644914,2.2419922806743457,0.995592167022011,2.241992280674346,0.9955921670220108
0.0,0.04512622762922515,-3.0982916576193618,58.74294510344095,-1.5029169019401085,0.6630363451357774,0.1637450954638331,,,0.0,,0.9933722687066507,0.006429249440066249,2.2441251505321014,0.9955959450390202,2.2441251505321,0.9955959450390198
0.0,0.04516934754383866,-3.097336573877802,58.658685402273285,-1.5029129951158005,0.6630396977145548,0.16398113467256462,,,0.0,,0.9933777998584042,0.006423147664097033,2.2462600575486324,0.9955997182974314,2.2462600575486316,0.9955997182974311
0.0,0.045212508661254466,-3.0963814901362428,58.57454678007972,-1.502909088704506,0.6630430479565904,0.16421751293709272,,,0.0,,0.9933833236280384,0.006417051631224232,2.248397003667138,0.9956034867983181,2.2483970036671383,0.9956034867983178
0.0,0.04525571102084354,-3.095426406394683,58.49052906253706,-1.5029051826964925,0.6630463958650024,0.16445423074356744,,,0.0,,0.9933888400162041,0.006410961336093186,2.2505359908326668,0.9956072505427429,2.2505359908326668,0.9956072505427426
0.0,0.04529895466201439,-3.0944713226531233,58.406632075574414,-1.5029012770820092,0.663049741442911,0.16469128857883403,,,0.0,,0.9933943490235341,0.006404876773354027,2.2526770209921056,0.9956110095317577,2.252677020992106,0.9956110095317575
0.0,0.045342239624213236,-3.0935162389115636,58.32285564537254,-1.5028973718512872,0.6630530846934379,0.16492868693043472,,,0.0,,0.9933998506506425,0.006398797937661696,2.2548200960941926,0.9956147637664039,2.2548200960941926,0.9956147637664036
0.0,0.04538556594692396,-3.092561155170004,58.23919959836338,-1.5028934669945402,0.6630564256197069,0.16516642628660985,,,0.0,,0.9934053448981255,0.0063927248236759805,2.256965218089513,0.9956185132477118,2.2569652180895132,0.9956185132477114
0.0,0.045428933669668166,-3.0916060714284446,58.155663761229874,-1.502889562501964,0.6630597642248428,0.16540450713629848,,,0.0,,0.9934108317665606,0.006386657426061463,2.259112388930502,0.9956222579767011,2.2591123889305025,0.9956222579767008
0.0,0.04547234283200529,-3.090650987686885,58.072247960905486,-1.502885658363736,0.6630631005119728,0.16564292996913976,,,0.0,,0.9934163112565072,0.006380595739487516,2.2612616105714527,0.9956259979543809,2.2612616105714527,0.9956259979543806
0.0,0.04551579347353249,-3.089695903945325,57.98895202457406,-1.502881754570015,0.6630664344842252,0.16588169527547303,,,0.0,,0.9934217833685055,0.006374539758628303,2.2634128849685053,0.9956297331817493,2.263412884968505,0.995629733181749
0.0,0.045559285633884776,-3.088740820203766,57.905775779669106,-1.5028778511109424,0.6630697661447303,0.16612080354634018,,,0.0,,0.9934272481030778,0.006368489478162827,2.265566214079659,0.9956334636597937,2.265566214079658,0.9956334636597933
0.0,0.04560281935273508,-3.087785736462206,57.822719053873676,-1.5028739479766413,0.6630730954966204,0.16636025527348575,,,0.0,,0.9934327054607278,0.006362444892774829,2.267721599864771,0.9956371893894908,2.2677215998647706,0.9956371893894904
0.0,0.0456463946697942,-3.0868306527206464,57.739781675119914,-1.5028700451572166,0.663076422543029,0.1666000509493581,,,0.0,,0.9934381554419405,0.006356405997152886,2.2698790442855583,0.9956409103718059,2.269879044285557,0.9956409103718056
0.0,0.04569001162481087,-3.0858755689790867,57.65696347158881,-1.5028661426427539,0.6630797472870917,0.16684019106711037,,,0.0,,0.9934435980471821,0.006350372785990322,2.2720385493055946,0.9956446266076944,2.272038549305595,0.995644626607694
0.0,0.045733670257571815,-3.0849204852375274,57.574264271709794,-1.5028622404233212,0.6630830697319458,0.16708067612060135,,,0.0,,0.9934490332769005,0.00634434525398524,2.2742001168903228,0.9956483380980998,2.2742001168903228,0.9956483380980995
0.0,0.04577737060790183,-3.0839654014959677,57.49168390416003,-1.5028583384889682,0.6630863898807302,0.16732150660439757,,,0.0,,0.9934544611315247,0.006338323395840556,2.276363749007046,0.9956520448439554,2.2763637490070465,0.9956520448439551
0.0,0.045821112715663685,-3.083010317754408,57.40922219786473,-1.5028544368297252,0.6630897077365857,0.1675626830137723,,,0.0,,0.993459881611465,0.006332307206263903,2.278529447624936,0.9956557468461833,2.2785294476249365,0.995655746846183
0.0,0.04586489662075827,-3.0820552340128486,57.3268789819962,-1.502850535435605,0.6630930233026548,0.1678042058447085,,,0.0,,0.993465294717113,0.006326296679967733,2.2806972147150293,0.9956594441056947,2.280697214715029,0.9956594441056944
0.0,0.04590872236312464,-3.081100150271289,57.24465408597372,-1.5028466342966007,0.6630963365820821,0.16804607559389892,,,0.0,,0.9934707004488414,0.006320291811669223,2.2828670522502352,0.99566313662339,2.2828670522502343,0.9956631366233897
0.0,0.04595258998273996,-3.080145066529729,57.162547339463295,-1.5028427334026868,0.6630996475780137,0.16828829275874674,,,0.0,,0.9934760988070043,0.006314292596090307,2.285038962205332,0.9956668244001583,2.285038962205331,0.995666824400158
0.0,0.04599649951961962,-3.0791899827881695,57.08055857237703,-1.5028388327438205,0.6631029562935973,0.16853085783736757,,,0.0,,0.9934814897919366,0.006308299027957699,2.287212946556972,0.9956705074368779,2.287212946556972,0.9956705074368776
0.0,0.04604045101381724,-3.0782348990466097,56.998687614872914,-1.5028349323099375,0.663106262731983,0.16877377132858995,,,0.0,,0.9934868734039545,0.006302311102002862,2.2893890072836856,0.9956741857344161,2.2893890072836838,0.9956741857344158
0.0,0.0460844445054247,-3.0772798153050505,56.916934297354594,-1.5028310320909568,0.6631095668963223,0.1690170337319559,,,0.0,,0.9934922496433553,0.006296328812961984,2.291567146365872,0.9956778592936293,2.2915671463658707,0.995677859293629
0.0,0.04612848003457223,-3.0763247315634907,56.83529845047076,-1.5028271320767774,0.6631128687897686,0.16926064554772288,,,0.0,,0.9934976185104171,0.006290352155575986,2.2937473657858174,0.9956815281153625,2.293747365785816,0.9956815281153621
0.0,0.04617255764142837,-3.075369647821931,56.75377990511488,-1.5028232322572797,0.6631161684154773,0.1695046072768643,,,0.0,,0.993502980005399,0.0062843811245905734,2.2959296675276826,0.9956851922004499,2.295929667527682,0.9956851922004496
0.0,0.04621667736620004,-3.0744145640803717,56.672378492425096,-1.502819332622325,0.6631194657766055,0.1697489194210701,,,0.0,,0.9935083341285417,0.006278415714756131,2.2981140535775113,0.9956888515497145,2.2981140535775118,0.9956888515497142
0.0,0.046260839249132615,-3.073459480338812,56.59109404378329,-1.5028154331617543,0.6631227608763124,0.16999358248274918,,,0.0,,0.9935136808800658,0.006272455920827821,2.300300525923236,0.9956925061639684,2.3003005259232348,0.9956925061639681
0.0,0.046305043330509894,-3.0725043965972523,56.509926390815394,-1.5028115338653913,0.6631260537177587,0.17023859696502866,,,0.0,,0.9935190202601735,0.006266501737565496,2.3024890865546643,0.9956961560440122,2.302489086554664,0.9956961560440118
0.0,0.04634928965065418,-3.0715493128556925,56.428875365390674,-1.5028076347230388,0.6631293443041072,0.1704839633717558,,,0.0,,0.9935243522690476,0.0062605531597337335,2.3046797374634997,0.9956998011906356,2.3046797374634993,0.9956998011906353
0.0,0.04639357824992627,-3.0705942291141333,56.34794079962132,-1.502803735724481,0.6631326326385227,0.1707296822074995,,,0.0,,0.9935296769068515,0.006254610182101859,2.3068724806433303,0.9957034416046171,2.306872480643329,0.9957034416046168
0.0,0.04643790916872562,-3.0696391453725735,56.26712252586228,-1.5027998368594826,0.6631359187241718,0.1709757539775504,,,0.0,,0.9935349941737298,0.006248672799443864,2.3090673180896353,0.9957070772867239,2.3090673180896353,0.9957070772867236
0.0,0.0464822824474902,-3.068684061631014,56.18642037671075,-1.5027959381177882,0.6631392025642229,0.1712221791879226,,,0.0,,0.9935403040698074,0.006242741006538501,2.3112642517997886,0.9957107082377122,2.3112642517997886,0.9957107082377119
0.0,0.04652669812669663,-3.0677289778894545,56.10583418500609,-1.5027920394891239,0.6631424841618466,0.17146895834535386,,,0.0,,0.9935456065951903,0.0062368147981691855,2.3134632837730544,0.995714334458327,2.3134632837730544,0.9957143344583266
0.0,0.046571156246860264,-3.066773894147895,56.0253637838291,-1.5027881409631954,0.6631457635202151,0.17171609195730766,,,0.0,,0.9935509017499647,0.00623089416912404,2.315664416010598,0.9957179559493016,2.3156644160105966,0.9957179559493012
0.0,0.04661565684853512,-3.065818810406335,55.94500900650192,-1.5027842425296891,0.6631490406425029,0.17196358053197364,,,0.0,,0.9935561895341981,0.006224979114195904,2.317867650515475,0.9957215727113585,2.3178676505154736,0.9957215727113582
0.0,0.04666019997231398,-3.0648637266647754,55.86476968658756,-1.502780344178271,0.6631523155318861,0.17221142457826882,,,0.0,,0.9935614699479375,0.006219069628182309,2.3200729892926444,0.9957251847452088,2.3200729892926444,0.9957251847452084
0.0,0.046704785658828414,-3.0639086429232156,55.784645657889705,-1.5027764458985882,0.6631555881915431,0.1724596246058383,,,0.0,,0.9935667429912114,0.006213165705885456,2.3222804343489702,0.9957287920515522,2.3222804343489694,0.9957287920515517
0.0,0.04674941394874879,-3.0629535591816563,55.70463675445231,-1.502772547680267,0.6631588586246541,0.1727081811250564,,,0.0,,0.9935720086640284,0.006207267342112228,2.3244899876932115,0.995732394631077,2.32448998769321,0.9957323946310767
0.0,0.046794084882784415,-3.0619984754400966,55.624742810558914,-1.502768649512915,0.6631621268344011,0.17295709464702866,,,0.0,,0.9935772669663776,0.006201374531674219,2.3267016513360375,0.9957359924844605,2.326701651336036,0.9957359924844601
0.0,0.046838798501683425,-3.061043391698537,55.54496366073291,-1.5027647513861184,0.6631653928239686,0.17320636568359124,,,0.0,,0.9935825178982286,0.0061954872693876645,2.328915427290021,0.9957395856123683,2.3289154272900205,0.9957395856123679
0.0,0.04688355484623288,-3.0600883079569776,55.4652991397367,-1.5027608532894439,0.6631686565965424,0.17345599474731307,,,0.0,,0.9935877614595312,0.006189605550073505,2.3311313175696444,0.9957431740154546,2.3311313175696435,0.9957431740154543
0.0,0.04692835395725891,-3.059133224215418,55.38574908257149,-1.5027569552124387,0.6631719181553112,0.17370598235149698,,,0.0,,0.9935929976502159,0.006183729368557327,2.333349324191301,0.9957467576943626,2.3333493241913006,0.9957467576943623
0.0,0.04697319587562656,-3.058178140473858,55.30631332447713,-1.5027530571446284,0.6631751775034649,0.17395632901017966,,,0.0,,0.9935982264701931,0.006177858719669373,2.3355694491732932,0.9957503366497236,2.335569449173293,0.9957503366497232
0.0,0.04701808064223996,-3.0572230567322984,55.226991700931436,-1.5027491590755195,0.6631784346441959,0.17420703523813405,,,0.0,,0.9936034479193535,0.006171993598244575,2.337791694535839,0.9957539108821576,2.337791694535839,0.9957539108821571
0.0,0.04706300829804229,-3.056267972990739,55.14778404765009,-1.5027452609945977,0.6631816895806986,0.17445810155086958,,,0.0,,0.9936086619975685,0.006166133999122517,2.3400160623010704,0.9957574803922732,2.340016062301069,0.9957574803922727
0.0,0.04710797888401594,-3.0553128892491794,55.06869020058616,-1.5027413628913286,0.6631849423161691,0.17470952846463347,,,0.0,,0.9936138687046893,0.006160279917147413,2.3422425544930348,0.9957610451806674,2.3422425544930348,0.995761045180667
0.0,0.04715299244118238,-3.0543578055076197,54.989709995929964,-1.5027374647551568,0.6631881928538061,0.17496131649641136,,,0.0,,0.993619068040547,0.006154431347168127,2.3444711731377046,0.9957646052479259,2.3444711731377037,0.9957646052479255
0.0,0.047198049010602275,-3.0534027217660604,54.91084327010842,-1.5027335665755064,0.6631914411968101,0.17521346616392913,,,0.0,,0.9936242600049533,0.006148588284038199,2.3467019202629635,0.9957681605946226,2.3467019202629635,0.9957681605946223
0.0,0.04724314863337561,-3.0524476380245007,54.832089859784894,-1.5027296683417812,0.6631946873483836,0.17546597798565358,,,0.0,,0.9936294445977,0.006142750722615768,2.348934797898626,0.99577171122132,2.3489347978986266,0.9957717112213197
0.0,0.04728829135064155,-3.051492554282941,54.75344960185881,-1.5027257700433647,0.6631979313117313,0.17571885248079325,,,0.0,,0.9936346218185584,0.006136918657763647,2.351169808076428,0.9957752571285691,2.3511698080764276,0.9957752571285687
0.0,0.047333477203578604,-3.0505374705413812,54.674922333465375,-1.502721871669619,0.6632011730900601,0.17597209016929968,,,0.0,,0.9936397916672802,0.006131092084349258,2.3534069528300274,0.9957787983169091,2.3534069528300274,0.9957787983169086
0.0,0.04737870623340464,-3.0495823867998215,54.596507891975186,-1.502717973209885,0.6632044126865789,0.17622569157186838,,,0.0,,0.9936449541435971,0.006125270997244641,2.355646234195015,0.9957823347868675,2.3556462341950146,0.9957823347868672
0.0,0.04742397848137689,-3.0486273030582622,54.51820611499379,-1.5027140746534835,0.6632076501044988,0.17647965720994027,,,0.0,,0.9936501092472204,0.006119455391326499,2.357887654208907,0.9957858665389607,2.3578876542089064,0.9957858665389604
0.0,0.04746929398879204,-3.0476722193167025,54.44001684036147,-1.5027101759897141,0.6632108853470328,0.17673398760570228,,,0.0,,0.9936552569778414,0.006113645261476111,2.3601312149111555,0.9957893935736929,2.360131214911154,0.9957893935736924
0.0,0.04751465279698618,-3.0467171355751432,54.36193990615289,-1.502706277207856,0.6632141184173964,0.1769886832820886,,,0.0,,0.9936603973351315,0.00610784060257941,2.3623769183431382,0.9957929158915567,2.3623769183431382,0.9957929158915564
0.0,0.04756005494733499,-3.0457620518335835,54.283975150676646,-1.502702378297166,0.663217349318807,0.17724374476278199,,,0.0,,0.9936655303187415,0.006102041409526918,2.3646247665481783,0.9957964334930333,2.3646247665481774,0.9957964334930329
0.0,0.0476055004812536,-3.044806968092024,54.20612241247518,-1.5026984792468807,0.6632205780544844,0.1774991725722139,,,0.0,,0.9936706559283022,0.006096247677213757,2.366874761571526,0.9957999463785917,2.3668747615715247,0.9957999463785914
0.0,0.04765098944019675,-3.043851884350464,54.12838153032412,-1.502694580046215,0.6632238046276504,0.1777549672355669,,,0.0,,0.9936757741634239,0.006090459400539678,2.3691269054603734,0.9958034545486898,2.369126905460373,0.9958034545486893
0.0,0.04769652186565879,-3.0428968006089043,54.05075234323209,-1.5026906806843632,0.6632270290415289,0.17801112927877497,,,0.0,,0.9936808850236967,0.006084676574409031,2.371381200263854,0.9958069580037731,2.3713812002638535,0.9958069580037726
0.0,0.04774209779917369,-3.041941716867345,53.973234690440506,-1.502686781150497,0.6632302512993463,0.1782676592285243,,,0.0,,0.9936859885086904,0.0060788991937307454,2.3736376480330397,0.9958104567442755,2.37363764803304,0.9958104567442752
0.0,0.04778771728231517,-3.0409866331257853,53.89582841142298,-1.502682881433768,0.663233471404331,0.17852455761225502,,,0.0,,0.9936910846179542,0.0060731272534183325,2.375896250820954,0.9958139507706193,2.3758962508209525,0.995813950770619
0.0,0.04783338035669663,-3.0400315493842256,53.81853334588511,-1.5026789815233057,0.6632366893597136,0.17878182495816217,,,0.0,,0.9936961733510171,0.006067360748389936,2.3781570106825534,0.9958174400832148,2.3781570106825534,0.9958174400832145
0.0,0.04787908706397122,-3.0390764656426663,53.7413493337643,-1.5026750814082175,0.6632399051687271,0.1790394617951959,,,0.0,,0.9937012547073873,0.0060615996735682316,2.380419929674753,0.9958209246824606,2.380419929674752,0.9958209246824602
0.0,0.04792483744583195,-3.0381213819011066,53.66427621522896,-1.50267118107759,0.6632431188346065,0.17929746865306428,,,0.0,,0.9937063286865526,0.00605584402388052,2.382685009856413,0.9958244045687431,2.382685009856412,0.9958244045687427
0.0,0.04797063154401161,-3.037166298159547,53.58731383067874,-1.502667280520488,0.6632463303605893,0.17955584606223257,,,0.0,,0.9937113952879805,0.006050093794258651,2.3849522532883443,0.995827879742437,2.3849522532883425,0.9958278797424366
0.0,0.0480164694002829,-3.036211214417987,53.51046202074391,-1.5026633797259537,0.6632495397499153,0.17981459455392504,,,0.0,,0.9937164545111172,0.00604434897963904,2.387221662033309,0.9958313502039051,2.387221662033307,0.9958313502039048
0.0,0.048062351056458404,-3.035256130676428,53.43372062628492,-1.5026594786830088,0.6632527470058261,0.18007371466012645,,,0.0,,0.9937215063553887,0.006038609574962704,2.3894932381560237,0.9958348159534984,2.3894932381560237,0.995834815953498
0.0,0.04810827655439072,-3.034301046934868,53.35708948839222,-1.502655577380651,0.6632559521315662,0.18033320691358268,,,0.0,,0.9937265508202006,0.006032875575175187,2.39176698372317,0.9958382769915556,2.3917669837231688,0.9958382769915551
0.0,0.048154245935972374,-3.0333459631933084,53.2805684483859,-1.502651675807859,0.663259155130382,0.180593071847802,,,0.0,,0.993731587904937,0.006027146975226629,2.394042900803374,0.9958417333184034,2.3940429008033735,0.9958417333184031
0.0,0.04820025924313593,-3.032390879451749,53.204157347815446,-1.5026477739535855,0.6632623560055224,0.1808533099970556,,,0.0,,0.9937366176089617,0.006021423770071695,2.396320991467232,0.995845184934357,2.3963209914672308,0.9958451849343567
0.0,0.04824631651785408,-3.0314357957101894,53.12785602845919,-1.5026438718067656,0.6632655547602384,0.1811139218963795,,,0.0,,0.9937416399316176,0.00601570595466961,2.398601257787298,0.9958486318397192,2.3986012577872966,0.9958486318397187
0.0,0.04829241780213957,-3.0304807119686297,53.05166433232414,-1.5026399693563084,0.6632687513977836,0.1813749080815753,,,0.0,,0.9937466548722268,0.00600999352398416,2.400883701838088,0.9958520740347805,2.4008837018380884,0.99585207403478
0.0,0.04833856313804528,-3.02952562822707,52.975582101645564,-1.5026360665911027,0.6632719459214139,0.1816362690892113,,,0.0,,0.9937516624300902,0.006004286472983677,2.4031683256960905,0.9958555115198198,2.4031683256960896,0.9958555115198193
0.0,0.04838475256766431,-3.02857054448551,52.899609178886784,-1.502632163500014,0.6632751383343872,0.1818980054566231,,,0.0,,0.9937566626044879,0.005998584796641016,2.4054551314397514,0.9958589442951037,2.405455131439751,0.9958589442951032
0.0,0.04843098613312993,-3.027615460743951,52.82374540673883,-1.5026282600718857,0.6632783286399643,0.1821601177219152,,,0.0,,0.993761655394679,0.005992888489933564,2.4077441211494928,0.9958623723608866,2.4077441211494914,0.9958623723608861
0.0,0.048477263876615766,-3.026660377002391,52.74799062811974,-1.5026243562955388,0.6632815168414078,0.1824226064239628,,,0.0,,0.9937666407999015,0.005987197547843277,2.410035296907705,0.9958657957174109,2.4100352969077043,0.9958657957174103
0.0,0.04852358584033565,-3.0257052932608315,52.67234468617485,-1.5026204521597721,0.6632847029419833,0.1826854721024111,,,0.0,,0.9937716188193727,0.005981511965356591,2.4123286607987513,0.9958692143649066,2.4123286607987513,0.995869214364906
0.0,0.04856995206654377,-3.024750209519272,52.596807424276,-1.5026165476533613,0.6632878869449582,0.18294871529767792,,,0.0,,0.9937765894522881,0.0059758317374645166,2.41462421490897,0.9958726283035918,2.414624214908969,0.9958726283035912
0.0,0.04861636259753474,-3.0237951257777125,52.5213786860213,-1.502612642765059,0.6632910688536028,0.1832123365509545,,,0.0,,0.9937815526978225,0.005970156859162548,2.4169219613266764,0.9958760375336722,2.4169219613266746,0.9958760375336717
0.0,0.04866281747564353,-3.0228400420361528,52.44605831523502,-1.5026087374835952,0.6632942486711895,0.18347633640420574,,,0.0,,0.9937865085551293,0.005964487325450697,2.4192219021421604,0.9958794420553413,2.4192219021421586,0.9958794420553407
0.0,0.048709316743245586,-3.021884958294593,52.37084615596696,-1.502604831797678,0.6632974264009932,0.18374071540017253,,,0.0,,0.9937914570233405,0.0059588231313335085,2.4215240394476942,0.9958828418687804,2.4215240394476933,0.9958828418687798
0.0,0.048755860442756815,-3.0209298745530337,52.29574205249227,-1.502600925695991,0.6633006020462914,0.18400547408237206,,,0.0,,0.9937963981015672,0.005953164271820039,2.423828375337532,0.9958862369741583,2.423828375337532,0.9958862369741578
0.0,0.04880244861663374,-3.019974790811474,52.22074584931108,-1.5025970191671958,0.6633037756103638,0.1842706129950994,,,0.0,,0.9938013317888987,0.005947510741923832,2.4261349119079143,0.9958896273716319,2.4261349119079143,0.9958896273716313
0.0,0.048849081307373365,-3.0190197070699143,52.14585739114835,-1.5025931121999307,0.6633069470964927,0.18453613268342775,,,0.0,,0.9938062580844033,0.00594186253666292,2.428443651257063,0.9958930130613453,2.428443651257062,0.9958930130613448
0.0,0.048895758557513304,-3.018064623328355,52.071076522953234,-1.5025892047828109,0.663310116507963,0.18480203369321077,,,0.0,,0.9938111769871275,0.0059362196510598765,2.4307545954851855,0.9958963940434306,2.4307545954851846,0.99589639404343
0.0,0.0489424804096319,-3.0171095395867953,51.996403089898976,-1.5025852969044282,0.6633132838480618,0.1850683165710828,,,0.0,,0.9938160884960965,0.005930582080141721,2.4330677466944834,0.9958997703180071,2.433067746694484,0.9958997703180067
0.0,0.04898924690634811,-3.0161544558452356,51.92183693738247,-1.5025813885533512,0.6633164491200788,0.1853349818644605,,,0.0,,0.9938209926103142,0.005924949818940003,2.435383106989149,0.9959031418851824,2.4353831069891485,0.9959031418851819
0.0,0.04903605809032161,-3.015199372103676,51.84737791102409,-1.502577479718125,0.6633196123273063,0.1856020301215433,,,0.0,,0.9938258893287623,0.005919322862490729,2.4377006784753616,0.9959065087450508,2.4377006784753616,0.9959065087450504
0.0,0.04908291400425288,-3.014244288362116,51.77302585666725,-1.5025735703872707,0.6633227734730391,0.18586946189131504,,,0.0,,0.9938307786504014,0.005913701205834384,2.4400204632613023,0.995909870897695,2.4400204632613014,0.9959098708976946
0.0,0.04912981469088315,-3.013289204620557,51.69878062037801,-1.502569660549287,0.6633259325605746,0.18613727772354519,,,0.0,,0.9938356605741703,0.005908084844015965,2.442342463457143,0.9959132283431845,2.442342463457141,0.9959132283431841
0.0,0.04917676019299458,-3.012334120878997,51.624642048444876,-1.5025657501926488,0.6633290895932124,0.18640547816878963,,,0.0,,0.9938405350989861,0.0059024737720849004,2.4446666811750553,0.9959165810815768,2.4446666811750544,0.9959165810815763
0.0,0.0492237505534101,-3.011379037137438,51.55060998737845,-1.5025618393058062,0.663332244574255,0.1866740637783919,,,0.0,,0.993845402223744,0.005896867985095127,2.446993118529213,0.9959199291129166,2.4469931185292126,0.995919929112916
0.0,0.04927078581499365,-3.010423953395878,51.476684283911034,-1.5025579278771863,0.6633353975070074,0.18694303510448448,,,0.0,,0.9938502619473176,0.005891267478105019,2.4493217776357925,0.9959232724372361,2.4493217776357916,0.9959232724372357
0.0,0.049317866020650095,-3.0094688696543184,51.40286478499651,-1.5025540158951929,0.6633385483947771,0.18721239269998924,,,0.0,,0.9938551142685588,0.005885672246177411,2.4516526606129707,0.9959266110545552,2.4516526606129694,0.9959266110545546
0.0,0.049364991213325264,-3.0085137859127586,51.32915133780977,-1.5025501033482043,0.6633416972408742,0.1874821371186195,,,0.0,,0.9938599591862968,0.0058800822843796145,2.4539857695809304,0.9959299449648806,2.4539857695809286,0.9959299449648802
0.0,0.049412161436006075,-3.007558702171199,51.255543789746426,-1.5025461902245767,0.6633448440486115,0.1877522689148809,,,0.0,,0.9938647966993399,0.005874497587783405,2.4563211066618624,0.9959332741682071,2.456321106661862,0.9959332741682067
0.0,0.04945937673172046,-3.0066036184296396,51.182041988422796,-1.5025422765126406,0.6633479888213043,0.18802278864407168,,,0.0,,0.9938696268064737,0.0058689181514649715,2.4586586739799707,0.9959365986645163,2.458658673979969,0.9959365986645159
0.0,0.049506637143537556,-3.00564853468808,51.10864578167514,-1.5025383622007034,0.6633511315622704,0.18829369686228503,,,0.0,,0.9938744495064623,0.0058633439705049655,2.4609984736614643,0.9959399184537774,2.460998473661463,0.9959399184537769
0.0,0.04955394271456758,-3.00469345094652,51.03535501755961,-1.5025344472770477,0.6633542722748307,0.18856499412640979,,,0.0,,0.9938792647980471,0.005857775039988498,2.4633405078345696,0.9959432335359469,2.4633405078345683,0.9959432335359464
0.0,0.049601293487961946,-3.003738367204961,50.96216954435201,-1.5025305317299322,0.6633574109623083,0.18883668099413067,,,0.0,,0.993884072679948,0.005852211355005089,2.465684778629524,0.9959465439109684,2.4656847786295235,0.9959465439109679
0.0,0.04964868950691336,-3.002783283463401,50.88908921054705,-1.5025266155475907,0.6633605476280289,0.18910875802393132,,,0.0,,0.9938888731508623,0.005846652910648727,2.4680312881785893,0.995949849578773,2.4680312881785875,0.9959498495787725
0.0,0.049696130814655744,-3.0018281997218415,50.816113864858586,-1.5025226987182334,0.6633636822753213,0.18938122577509345,,,0.0,,0.9938936662094652,0.005841099702017803,2.4703800386160366,0.9959531505392787,2.470380038616035,0.9959531505392782
0.0,0.04974361745446434,-3.0008731159802817,50.74324335621899,-1.502518781230045,0.6633668149075167,0.18965408480769896,,,0.0,,0.9938984518544097,0.005835551724215135,2.472731032078161,0.9959564467923911,2.4727310320781606,0.9959564467923907
0.0,0.04979114946965573,-2.9999180322387224,50.670477533778794,-1.5025148630711858,0.663369945527949,0.18992733568263123,,,0.0,,0.9939032300843265,0.005830008972347992,2.475084270703283,0.9959597383380028,2.475084270703282,0.9959597383380023
0.0,0.04983872690358796,-2.9989629484971627,50.59781624690648,-1.5025109442297915,0.6633730741399549,0.19020097896157592,,,0.0,,0.9939080008978237,0.005824471441528028,2.4774397566317434,0.9959630251759933,2.4774397566317425,0.9959630251759929
0.0,0.04988634979966042,-2.998007864755603,50.52525934518812,-1.502507024693974,0.6633762007468739,0.19047501520702234,,,0.0,,0.9939127642934875,0.005818939126871346,2.4797974920059125,0.9959663073062297,2.4797974920059103,0.9959663073062293
0.0,0.04993401820131398,-2.9970527810140437,50.452806678427194,-1.5025031044518184,0.6633793253520478,0.1907494449822639,,,0.0,,0.993917520269881,0.0058134120234984345,2.4821574789701812,0.995969584728566,2.48215747897018,0.9959695847285656
0.0,0.0499817321520311,-2.996097697272484,50.38045809664405,-1.5024991834913863,0.6633824479588217,0.19102426885140028,,,0.0,,0.9939222688255454,0.005807890126534185,2.4845197196709807,0.995972857442843,2.48451971967098,0.9959728574428426
0.0,0.050029491695335694,-2.9951426135309243,50.30821345007572,-1.502495261800714,0.663385568570543,0.19129948737933797,,,0.0,,0.9939270099589987,0.005802373431107921,2.4868842162567666,0.9959761254488891,2.4868842162567653,0.9959761254488887
0.0,0.05007729687479331,-2.9941875297893645,50.23607258917556,-1.5024913393678123,0.6633886871905622,0.19157510113179171,,,0.0,,0.993931743668737,0.005796861932353356,2.489250970878029,0.9959793887465193,2.4892509708780284,0.9959793887465188
0.0,0.05012514773401111,-2.993232446047805,50.16403536461305,-1.5024874161806674,0.6633918038222324,0.19185111067528507,,,0.0,,0.9939364699532335,0.005791355625408588,2.491619985687297,0.9959826473355357,2.4916199856872945,0.9959826473355352
0.0,0.05017304431663791,-2.9922773623062455,50.09210162727341,-1.5024834922272396,0.6633949184689095,0.19212751657715194,,,0.0,,0.9939411888109384,0.005785854505416104,2.493991262839129,0.9959859012157274,2.493991262839127,0.9959859012157269
0.0,0.050220986666364306,-2.991322278564686,50.02027122825704,-1.5024795674954647,0.6633980311339523,0.19240431940553865,,,0.0,,0.9939459002402794,0.005780358567522803,2.4963648044901308,0.9959891503868705,2.4963648044901303,0.9959891503868701
0.0,0.05026897482692257,-2.990367194823126,49.94854401887971,-1.502475641973252,0.6634011418207224,0.19268151972940306,,,0.0,,0.9939506042396613,0.005774867806879942,2.498740612798948,0.9959923948487281,2.4987406127989464,0.9959923948487276
0.0,0.05031700884208675,-2.989412111081567,49.87691985067181,-1.5024717156484861,0.663404250532584,0.19295911811851768,,,0.0,,0.9939553008074665,0.005769382218643188,2.501118689926263,0.9959956346010499,2.5011186899262614,0.9959956346010495
0.0,0.05036508875567281,-2.988457027340007,49.80539857537822,-1.5024677885090263,0.6634073572729043,0.19323711514346978,,,0.0,,0.9939599899420541,0.005763901797972559,2.503499038034811,0.9959988696435728,2.5034990380348083,0.9959988696435722
0.0,0.050413214611538505,-2.9875019435984473,49.73398004495809,-1.5024638605427052,0.6634104620450537,0.1935155113756625,,,0.0,,0.9939646716417602,0.005758426540032445,2.505881659289366,0.9960020999760202,2.505881659289364,0.9960020999760196
0.0,0.050461386453583515,-2.9865468598568876,49.662664111584284,-1.5024599317373304,0.6634135648524048,0.19379430738731673,,,0.0,,0.9939693459048979,0.005752956439991623,2.5082665558567565,0.9960053255981027,2.5082665558567547,0.9960053255981022
0.0,0.05050960432574945,-2.9855917761153283,49.59145062764326,-1.5024560020806832,0.6634166656983335,0.19407350375147167,,,0.0,,0.9939740127297578,0.005747491493023241,2.5106537299058584,0.9960085465095174,2.5106537299058562,0.9960085465095169
0.0,0.050557868272019975,-2.9846366923737686,49.52033944573466,-1.5024520715605196,0.6634197645862185,0.19435310104198644,,,0.0,,0.9939786721146068,0.0057420316943047845,2.5130431836075995,0.9960117627099484,2.513043183607599,0.9960117627099478
0.0,0.050606178336420726,-2.983681608632209,49.449330418671195,-1.502448140164569,0.6634228615194415,0.19463309983354024,,,0.0,,0.9939833240576885,0.005736577039018094,2.5154349191349676,0.9960149741990664,2.5154349191349654,0.9960149741990658
0.0,0.05065453456301938,-2.9827265248906496,49.378423399477995,-1.5024442078805356,0.6634259565013869,0.19491350070163505,,,0.0,,0.9939879685572245,0.005731127522349403,2.5178289386629955,0.9960181809765287,2.5178289386629937,0.9960181809765282
0.0,0.050702936995925825,-2.98177144114909,49.307618241392596,-1.5024402746960963,0.6634290495354421,0.1951943042225956,,,0.0,,0.9939926056114118,0.005725683139489247,2.5202252443687847,0.9960213830419795,2.520225244368783,0.996021383041979
0.0,0.05075138567929201,-2.98081635740753,49.23691479786445,-1.5024363405989025,0.6634321406249977,0.19547551097357133,,,0.0,,0.9939972352184249,0.00572024388563255,2.52262383843149,0.9960245803950496,2.5226238384314876,0.996024580395049
0.0,0.05079988065731209,-2.9798612736659704,49.166312922554795,-1.502432405576579,0.6634352297734467,0.19575712153253666,,,0.0,,0.9940018573764144,0.005714809755978549,2.525024723032328,0.9960277730353564,2.525024723032328,0.9960277730353558
0.0,0.050848421974222464,-2.9789061899244107,49.09581246933625,-1.502428469616724,0.6634383169841858,0.19603913647829282,,,0.0,,0.9940064720835083,0.005709380745730817,2.5274279003545863,0.9960309609625039,2.5274279003545845,0.9960309609625033
0.0,0.05089700967430177,-2.9779511061828514,49.02541329229241,-1.5024245327069106,0.6634414022606139,0.19632155639046908,,,0.0,,0.9940110793378106,0.005703956850097297,2.5298333725836057,0.9960341441760827,2.5298333725836044,0.9960341441760822
0.0,0.05094564380187102,-2.9769960224412917,48.95511524571768,-1.5024205948346834,0.6634444856061334,0.19660438184952375,,,0.0,,0.994015679137402,0.005698538064290221,2.5322411419068054,0.99603732267567,2.5322411419068045,0.9960373226756695
0.0,0.0509943244012935,-2.9760409386997324,48.88491818411691,-1.5024166559875611,0.6634475670241498,0.19688761343674524,,,0.0,,0.9940202714803392,0.005693124383526185,2.534651210513668,0.9960404964608294,2.5346512105136667,0.9960404964608288
0.0,0.05104305151697497,-2.9750858549581727,48.814821962205095,-1.5024127161530365,0.663450646518071,0.19717125173425348,,,0.0,,0.9940248563646562,0.00568771580302608,2.5370635805957487,0.996043665531111,2.537063580595748,0.9960436655311106
0.0,0.05109182519336354,-2.974130771216613,48.74482643490717,-1.5024087753185735,0.6634537240913085,0.19745529732500064,,,0.0,,0.9940294337883624,0.0056823123180151204,2.539478254346676,0.9960468298860516,2.539478254346676,0.9960468298860511
0.0,0.05114064547494984,-2.9731756874750532,48.67493145735751,-1.5024048334716118,0.6634567997472767,0.19773975079277287,,,0.0,,0.9940340037494441,0.00567691392372285,2.5418952339621548,0.9960499895251743,2.5418952339621543,0.9960499895251738
0.0,0.051189512406267,-2.9722206037334935,48.60513688489971,-1.5024008905995623,0.6634598734893928,0.19802461272219157,,,0.0,,0.9940385662458641,0.005671520615383133,2.544314521639964,0.9960531444479884,2.5443145216399623,0.9960531444479879
0.0,0.05123842603189067,-2.9712655199919342,48.53544257308645,-1.5023969466898088,0.6634629453210775,0.19830988369871358,,,0.0,,0.9940431212755603,0.005666132388234113,2.54673611957996,0.9960562946539899,2.546736119579958,0.9960562946539895
0.0,0.05128738639643917,-2.9703104362503745,48.46584837767888,-1.502393001729709,0.6634660152457543,0.19859556430863365,,,0.0,,0.9940476688364482,0.005660749237518246,2.5491600299840846,0.9960594401426611,2.549160029984083,0.9960594401426606
0.0,0.05133639354457341,-2.9693553525088148,48.39635415464653,-1.5023890557065924,0.6634690832668498,0.19888165513908498,,,0.0,,0.9940522089264184,0.00565537115848231,2.551586255056358,0.9960625809134706,2.5515862550563586,0.99606258091347
0.0,0.051385447520996934,-2.9684002687672555,48.32695976016709,-1.502385108607761,0.6634721493877938,0.19916815677803978,,,0.0,,0.9940567415433376,0.005649998146377347,2.554014797002891,0.996065716965873,2.5540147970028895,0.9960657169658725
0.0,0.05143454837045609,-2.9674451850256958,48.25766505062568,-1.502381160420491,0.6634752136120191,0.19945506981431246,,,0.0,,0.994061266685049,0.005644630196458731,2.556445658031873,0.9960688482993098,2.5564456580318717,0.9960688482993092
0.0,0.051483696137739926,-2.966490101284136,48.18846988261512,-1.502377211132029,0.6634782759429617,0.1997423948375584,,,0.0,,0.9940657843493712,0.005639267303986092,2.5588788403535863,0.9960719749132081,2.558878840353585,0.9960719749132076
0.0,0.051532890867680294,-2.9655350175425763,48.11937411293527,-1.5023732607295956,0.6634813363840608,0.20003013243827647,,,0.0,,0.9940702945340992,0.005633909464223352,2.561314346180402,0.9960750968069818,2.5613143461804007,0.9960750968069813
0.0,0.05158213260515189,-2.9645799338010166,48.050377598592775,-1.5023693092003831,0.6634843949387588,0.2003182832078104,,,0.0,,0.9940747972370038,0.005628556672438727,2.563752177726782,0.9960782139800305,2.563752177726782,0.9960782139800299
0.0,0.05163142139507226,-2.9636248500594573,47.981480196800824,-1.5023653565315553,0.6634874516105009,0.20060684773834936,,,0.0,,0.9940792924558307,0.005623208923904714,2.5661923372092876,0.9960813264317403,2.5661923372092863,0.9960813264317397
0.0,0.051680757282401964,-2.9626697663178976,47.912681764978764,-1.5023614027102499,0.663490506402736,0.20089582662292974,,,0.0,,0.9940837801883026,0.005617866213898069,2.5686348268465706,0.9960844341614832,2.568634826846569,0.9960844341614827
0.0,0.051730140312144395,-2.9617146825763383,47.843982160752034,-1.5023574477235746,0.663493559318916,0.20118522045543533,,,0.0,,0.9940882604321168,0.005612528537699823,2.57107964885938,0.9960875371686175,2.571079648859379,0.996087537168617
0.0,0.051779570529346064,-2.9607595988347786,47.77538124195153,-1.5023534915586112,0.6634966103624957,0.2014750298305999,,,0.0,,0.9940927331849472,0.005607195890595266,2.5735268054705713,0.9960906354524875,2.57352680547057,0.996090635452487
0.0,0.05182904797909645,-2.959804515093219,47.70687886661354,-1.5023495342024118,0.6634996595369337,0.20176525534400747,,,0.0,,0.9940971984444426,0.005601868267873969,2.575976298905094,0.9960937290124235,2.5759762989050934,0.996093729012423
0.0,0.05187857270652815,-2.958849431351659,47.638474892979325,-1.502345575642,0.6635027068456913,0.20205589759209402,,,0.0,,0.9941016562082271,0.0055965456648297655,2.5784281313900066,0.9960968178477418,2.5784281313900066,0.9960968178477414
0.0,0.05192814475681687,-2.9578943476100994,47.57016917949498,-1.5023416158643732,0.6635057522922335,0.20234695717214804,,,0.0,,0.9941061064739012,0.00559122807676072,2.5808823051544714,0.9960999019577449,2.5808823051544705,0.9960999019577444
0.0,0.051977764175181476,-2.95693926386854,47.50196158481105,-1.5023376548564984,0.6635087958800282,0.20263843468231202,,,0.0,,0.99411054923904,0.0055859154989691545,2.583338822429755,0.996102981341721,2.583338822429755,0.9961029813417205
0.0,0.0520274310068841,-2.9559841801269804,47.43385196778197,-1.5023336926053144,0.6635118376125467,0.20293033072158492,,,0.0,,0.9941149845011942,0.005580607926761668,2.5857976854492413,0.9961060559989443,2.5857976854492404,0.9961060559989439
0.0,0.05207714529723006,-2.9550290963854207,47.365840187466326,-1.5023297290977329,0.6635148774932639,0.20322264588982097,,,0.0,,0.9941194122578899,0.005575305355449057,2.5882588964484174,0.9961091259286751,2.588258896448416,0.9961091259286746
0.0,0.05212690709156796,-2.9540740126438614,47.29792610312605,-1.5023257643206351,0.6635179155256573,0.20351538078773293,,,0.0,,0.9941238325066282,0.005570007780346409,2.590722457664884,0.9961121911301593,2.5907224576648846,0.9961121911301588
0.0,0.05217671643528982,-2.9531189289023017,47.23010957422637,-1.5023217982608745,0.6635209517132086,0.2038085360168926,,,0.0,,0.9941282452448856,0.005564715196773007,2.593188371338367,0.9961152516026287,2.593188371338367,0.9961152516026283
0.0,0.052226573373830944,-2.952163845160742,47.16239046043553,-1.5023178309052756,0.663523986059402,0.20410211217973148,,,0.0,,0.9941326504701139,0.005559427600052379,2.5956566397106995,0.9961183073453012,2.5956566397106986,0.9961183073453007
0.0,0.05227647795267009,-2.951208761419182,47.09476862162436,-1.502313862240634,0.6635270185677257,0.20439610987954307,,,0.0,,0.9941370481797396,0.005554144985512293,2.598127265025835,0.99612135835738,2.5981272650258345,0.9961213583573796
0.0,0.05232643021732944,-2.950253677677623,47.027243917866066,-1.5023098922537161,0.6635300492416708,0.20469052972048332,,,0.0,,0.9941414383711644,0.00554886734848475,2.600600249529848,0.9961244046380545,2.6006002495298484,0.9961244046380541
0.0,0.05237643021337475,-2.949298593936063,46.95981620943592,-1.5023059209312593,0.663533078084732,0.20498537230757224,,,0.0,,0.9941458210417649,0.005543594684305943,2.6030755954709424,0.9961274461864996,2.603075595470943,0.9961274461864992
0.0,0.05242647798641525,-2.9483435101945035,46.89248535681105,-1.502301948259972,0.6635361051004076,0.20528063824669468,,,0.0,,0.9941501961888929,0.005538326988316295,2.6055533050994413,0.996130483001876,2.6055533050994404,0.9961304830018756
0.0,0.05247657358210373,-2.947388426452944,46.825251220669976,-1.5022979742265323,0.6635391302921987,0.20557632814460206,,,0.0,,0.9941545638098743,0.005533064255860464,2.60803338066779,0.9961335150833298,2.60803338066779,0.9961335150833294
0.0,0.052526717046136706,-2.9464333427113845,46.758113661892445,-1.502293998817591,0.6635421536636104,0.2058724426089135,,,0.0,,0.9941589239020109,0.005527806482287285,2.6105158244305753,0.9961365424299932,2.610515824430574,0.9961365424299927
0.0,0.05257690842425427,-2.9454782589698247,46.69107254155907,-1.5022900220197672,0.6635451752181509,0.20616898224811697,,,0.0,,0.9941632764625784,0.005522553662949837,2.613000638644502,0.9961395650409836,2.6130006386445013,0.9961395650409831
0.0,0.05262714776224023,-2.944523175228265,46.62412772095114,-1.5022860438196521,0.663548194959332,0.20646594767157028,,,0.0,,0.9941676214888275,0.005517305793205374,2.615487825568416,0.996142582915404,2.6154878255684153,0.9961425829154036
0.0,0.052677435105922175,-2.9435680914867053,46.55727906155027,-1.502282064203806,0.6635512128906689,0.2067633394895024,,,0.0,,0.9941719589779835,0.005512062868415347,2.6179773874632923,0.9961455960523433,2.617977387463293,0.9961455960523429
0.0,0.05272777050117143,-2.942613007745146,46.49052642503804,-1.5022780831587599,0.6635542290156802,0.20706115831301528,,,0.0,,0.9941762889272462,0.005506824883945435,2.620469326592248,0.9961486044508756,2.620469326592247,0.9961486044508753
0.0,0.052778153993903246,-2.9416579240035863,46.42386967329578,-1.5022741006710159,0.6635572433378881,0.20735940475408451,,,0.0,,0.9941806113337899,0.005501591835165468,2.622963645220534,0.9961516081100605,2.6229636452205325,0.9961516081100602
0.0,0.05282858563007666,-2.9407028402620266,46.357308668404244,-1.502270116727045,0.6635602558608183,0.20765807942556086,,,0.0,,0.9941849261947638,0.00549636371744951,2.6254603456155423,0.9961546070289433,2.625460345615542,0.996154607028943
0.0,0.05287906545569464,-2.9397477565204673,46.29084327264346,-1.5022661313132875,0.6635632665879999,0.20795718294117077,,,0.0,,0.9941892335072907,0.005491140526175772,2.6279594300468085,0.9961576012065544,2.627959430046808,0.996157601206554
0.0,0.05292959351680416,-2.9387926727789075,46.2244733484922,-1.502262144416156,0.6635662755229658,0.20825671591551886,,,0.0,,0.9941935332684686,0.0054859222567266485,2.630460900786015,0.9961605906419098,2.630460900786015,0.9961605906419094
0.0,0.052980169859496155,-2.937837589037348,46.15819875862786,-1.5022581560220312,0.663569282669252,0.20855667896408828,,,0.0,,0.9941978254753692,0.0054807089044887364,2.6329647601069848,0.9961635753340107,2.6329647601069857,0.9961635753340103
0.0,0.05303079452990559,-2.936882505295788,46.09201936592612,-1.5022541661172633,0.6635722880303984,0.20885707270324225,,,0.0,,0.9942021101250385,0.005475500464852798,2.6354710102856953,0.9961665552818437,2.635471010285696,0.9961665552818434
0.0,0.05308146757421152,-2.935927421554229,46.02593503346073,-1.502250174688173,0.6635752916099483,0.2091578977502249,,,0.0,,0.9942063872144967,0.0054702969332137506,2.637979653600269,0.996169530484381,2.637979653600269,0.9961695304843806
0.0,0.05313218903863717,-2.934972337812669,45.95994562450308,-1.5022461817210495,0.6635782934114488,0.20945915472316334,,,0.0,,0.9942106567407388,0.005465098304970682,2.6404906923309843,0.9961725009405794,2.6404906923309834,0.9961725009405791
0.0,0.0531829589694499,-2.9340172540711094,45.89405100252197,-1.5022421872021525,0.6635812934384504,0.20976084424106842,,,0.0,,0.9942149187007326,0.005459904575526863,2.64300412876027,0.9961754666493816,2.64300412876027,0.9961754666493814
0.0,0.05323377741296123,-2.93306217032955,45.828251031183505,-1.5022381911177105,0.6635842916945073,0.21006296692383541,,,0.0,,0.9942191730914208,0.005454715740289693,2.6455199651727126,0.9961784276097152,2.6455199651727135,0.996178427609715
0.0,0.05328464441552705,-2.9321070865879904,45.76254557435039,-1.5022341934539216,0.6635872881831771,0.21036552339224693,,,0.0,,0.99422341990972,0.005449531794670761,2.6480382038550614,0.9961813838204929,2.6480382038550623,0.9961813838204927
0.0,0.053335560023547446,-2.9311520028464306,45.69693449608212,-1.5022301941969518,0.6635902829080216,0.21066851426797226,,,0.0,,0.9942276591525201,0.005444352734085778,2.650558847096219,0.9961843352806128,2.6505588470962205,0.9961843352806126
0.0,0.05338652428346687,-2.930196919104871,45.631417660634455,-1.5022261933329373,0.6635932758726056,0.21097194017356954,,,0.0,,0.9942318908166855,0.005439178553954604,2.6530818971872563,0.9961872819889579,2.6530818971872554,0.9961872819889577
0.0,0.05343753724177417,-2.929241835363311,45.565994932459056,-1.502222190847983,0.6635962670804981,0.21127580173248742,,,0.0,,0.9942361148990536,0.005434009249701265,2.6556073564213967,0.9961902239443963,2.655607356421398,0.996190223944396
0.0,0.05348859894500257,-2.928286751621752,45.50066617620337,-1.5022181867281625,0.6635992565352714,0.2115800995690656,,,0.0,,0.9942403313964366,0.005428844816753927,2.6581352270940446,0.9961931611457812,2.658135227094044,0.9961931611457809
0.0,0.05353970943972983,-2.927331667880192,45.43543125671022,-1.5022141809595189,0.6636022442405018,0.2118848343085367,,,0.0,,0.9942445403056194,0.0054236852505448714,2.660665511502762,0.9961960935919507,2.6606655115027626,0.9961960935919505
0.0,0.05359086877257814,-2.926376584138633,45.370290039017696,-1.5022101735280617,0.663605230199769,0.2121900065770265,,,0.0,,0.9942487416233604,0.005418530546510523,2.6631982119472846,0.9961990212817282,2.663198211947285,0.996199021281728
0.0,0.05364207699021433,-2.925421500397073,45.305242388358664,-1.502206164419772,0.6636082144166568,0.2124956170015566,,,0.0,,0.9942529353463927,0.00541338070009143,2.665733330729522,0.9962019442139217,2.665733330729521,0.9962019442139215
0.0,0.053693334139349735,-2.9244664166555134,45.24028817016059,-1.5022021536205972,0.6636111968947525,0.2128016662100448,,,0.0,,0.9942571214714215,0.005408235706732283,2.6682708701535494,0.9962048623873242,2.6682708701535507,0.9962048623873241
0.0,0.05374464026674036,-2.9235113329139537,45.17542725004522,-1.502198141116453,0.6636141776376472,0.2131081548313067,,,0.0,,0.9942612999951261,0.005403095561881894,2.6708108325256306,0.9962077758007137,2.6708108325256306,0.9962077758007136
0.0,0.05379599541918689,-2.922556249172394,45.11065949382838,-1.5021941268932248,0.6636171566489357,0.21341508349505653,,,0.0,,0.9942654709141591,0.005397960260993179,2.673353220154194,0.9962106844528531,2.673353220154195,0.9962106844528529
0.0,0.0538473996435347,-2.9216011654308347,45.0459847675197,-1.5021901109367655,0.6636201339322169,0.2137224528319086,,,0.0,,0.9942696342251461,0.005392829799523166,2.675898035349858,0.9962135883424899,2.6758980353498574,0.9962135883424896
0.0,0.053898852986674003,-2.920646081689275,44.98140293732201,-1.5021860932328954,0.6636231094910932,0.21403026347337983,,,0.0,,0.9942737899246863,0.00538770417293302,2.678445280425415,0.9962164874683563,2.678445280425416,0.9962164874683561
0.0,0.05395035549553974,-2.9196909979477152,44.916913869631614,-1.5021820737674036,0.6636260833291708,0.21433851605188864,,,0.0,,0.9942779380093518,0.0053825833766879844,2.680994957695849,0.9962193818291698,2.6809949576958503,0.9962193818291696
0.0,0.05400190721711171,-2.918735914206156,44.85251743103755,-1.5021780525260469,0.66362905545006,0.21464721120075816,,,0.0,,0.994282078475688,0.005377467406257438,2.6835470694783248,0.9962222714236321,2.683547069478324,0.9962222714236318
0.0,0.05405350819841467,-2.9177808304645962,44.78821348832147,-1.5021740294945491,0.6636320258573748,0.21495634955421708,,,0.0,,0.994286211320213,0.005372356257114831,2.6861016180921937,0.9962251562504296,2.6861016180921937,0.9962251562504294
0.0,0.05410515848651823,-2.9168257467230365,44.72400190845748,-1.5021700046586028,0.6636349945547331,0.21526593174740005,,,0.0,,0.9942903365394182,0.005367249924737718,2.688658605859,0.9962280363082339,2.688658605859001,0.9962280363082336
0.0,0.054156858128537017,-2.915870662981477,44.65988255861164,-1.5021659780038674,0.6636379615457565,0.2155759584163503,,,0.0,,0.9942944541297678,0.005362148404607757,2.6912180351024815,0.9962309115957004,2.6912180351024806,0.9962309115957002
0.0,0.05420860717163064,-2.9149155792399175,44.595855306141836,-1.50216194951597,0.6636409268340706,0.21588643019801987,,,0.0,,0.994298564087699,0.005357051692210702,2.69377990814856,0.9962337821114698,2.6937799081485605,0.9962337821114696
0.0,0.05426040566300385,-2.913960495498358,44.53192001859739,-1.502157919180505,0.6636438904233052,0.21619734773027185,,,0.0,,0.9943026664096215,0.005351959783036372,2.6963442273253673,0.9962366478541672,2.6963442273253673,0.996236647854167
0.0,0.05431225364990643,-2.913005411756798,44.468076563718995,-1.5021538869830342,0.6636468523170936,0.21650871165188035,,,0.0,,0.9943067610919177,0.005346872672578666,2.6989109949632213,0.9962395088224018,2.698910994963222,0.9962395088224015
0.0,0.05436415117963333,-2.9120503280152388,44.40432480943816,-1.502149852909086,0.6636498125190734,0.2168205226025332,,,0.0,,0.9943108481309431,0.005341790356335596,2.7014802133946456,0.9962423650147677,2.701480213394645,0.9962423650147675
0.0,0.05441609829952472,-2.911095244273679,44.34066462387711,-1.5021458169441564,0.6636527710328859,0.2171327812228325,,,0.0,,0.9943149275230254,0.005336712829809207,2.7040518849543633,0.9962452164298434,2.7040518849543624,0.9962452164298432
0.0,0.05446809505696598,-2.9101401605321193,44.27709587534843,-1.5021417790737088,0.6636557278621763,0.2174454881542961,,,0.0,,0.994318999264465,0.005331640088505653,2.7066260119793006,0.9962480630661917,2.7066260119793006,0.9962480630661915
0.0,0.05452014149938777,-2.9091850767905596,44.2136184323549,-1.5021377392831723,0.6636586830105942,0.2177586440393586,,,0.0,,0.9943230633515346,0.00532657212793513,2.7092025968085918,0.99625090492236,2.7092025968085918,0.9962509049223598
0.0,0.05457223767426607,-2.908229993049,44.15023216358913,-1.5021336975579438,0.6636616364817927,0.21807224952137286,,,0.0,,0.9943271197804799,0.005321508943611899,2.711781641783578,0.9962537419968797,2.711781641783577,0.9962537419968795
0.0,0.05462438362912221,-2.9072749093074406,44.08693693793324,-1.5021296538833857,0.6636645882794294,0.21838630524461178,,,0.0,,0.994331168547518,0.005316450531054306,2.714363149247806,0.9962565742882669,2.7143631492478058,0.9962565742882666
0.0,0.054676579411523,-2.906319825565881,44.02373262445866,-1.502125608244828,0.6636675384071655,0.2187008118542689,,,0.0,,0.994335209648839,0.005311396885784721,2.716947121547041,0.9962594017950217,2.716947121547042,0.9962594017950215
0.0,0.05472882506908059,-2.9053647418243216,43.960619092425866,-1.502121560627567,0.6636704868686667,0.21901576999646,,,0.0,,0.9943392430806052,0.005306348003329605,2.719533561029259,0.9962622245156285,2.71953356102926,0.9962622245156284
0.0,0.05478112064945275,-2.904409658082762,43.89759621128402,-1.5021175110168647,0.6636734336676023,0.2193311803182246,,,0.0,,0.9943432688389505,0.005301303879219435,2.722122470044652,0.9962650424485562,2.7221224700446527,0.9962650424485561
0.0,0.0548334662003427,-2.903454574341202,43.834663850670864,-1.5021134593979497,0.6636763788076462,0.21964704346752656,,,0.0,,0.9943472869199815,0.005296264508988743,2.724713850945628,0.9962678555922575,2.724713850945629,0.9962678555922574
0.0,0.05488586176949926,-2.9024994905996424,43.77182188041225,-1.5021094057560171,0.6636793222924757,0.2199633600932563,,,0.0,,0.9943512973197766,0.005291229888176117,2.7273077060868176,0.9962706639451694,2.7273077060868185,0.9962706639451693
0.0,0.05493830740471688,-2.9015444068580827,43.70907017052191,-1.5021053500762274,0.6636822641257728,0.22028013084523185,,,0.0,,0.994355300034386,0.005286200012324184,2.7299040378250714,0.9962734675057131,2.7299040378250705,0.996273467505713
0.0,0.054990803153835685,-2.900589323116523,43.64640859120136,-1.5021012923437074,0.6636852043112236,0.22059735637419967,,,0.0,,0.9943592950598321,0.005281174876979591,2.7325028485194616,0.9962762662722937,2.732502848519462,0.9962762662722936
0.0,0.0550433490647415,-2.8996342393749637,43.58383701283949,-1.5020972325435493,0.663688142852518,0.22091503733183593,,,0.0,,0.9943632823921089,0.005276154477693014,2.735104140531288,0.9962790602433005,2.7351041405312904,0.9962790602433004
0.0,0.05509594518536595,-2.898679155633404,43.52135530601209,-1.5020931706608118,0.6636910797533504,0.22123317437074966,,,0.0,,0.9943672620271822,0.0052711388100191905,2.737707916224087,0.9962818494171066,2.7377079162240867,0.9962818494171065
0.0,0.05514859156368639,-2.8977240718918447,43.458963341482075,-1.5020891066805184,0.6636940150174191,0.22155176814448085,,,0.0,,0.9943712339609897,0.005266127869516838,2.740314177963607,0.9962846337920693,2.740314177963607,0.9962846337920692
0.0,0.05520128824772611,-2.896768988150285,43.39666099019864,-1.5020850405876582,0.6636969486484268,0.22187081930750527,,,0.0,,0.9943751981894405,0.005261121651748739,2.7429229281178444,0.9962874133665299,2.742922928117845,0.9962874133665298
0.0,0.0552540352855542,-2.895813904408725,43.3344481232975,-1.5020809723671866,0.6636998806500802,0.22219032851523285,,,0.0,,0.9943791547084155,0.0052561201522816625,2.74553416905702,0.9962901881388132,2.745534169057022,0.9962901881388131
0.0,0.05530683272528572,-2.8948588206671655,43.27232461210034,-1.5020769020040228,0.6637028110260906,0.2225102964240105,,,0.0,,0.9943831035137667,0.005251123366686394,2.748147903153596,0.9962929581072282,2.7481479031535976,0.9962929581072281
0.0,0.055359680615081716,-2.8939037369256058,43.21029032811455,-1.5020728294830523,0.6637057397801732,0.22283072369112342,,,0.0,,0.994387044601318,0.005246131290537747,2.7507641327822694,0.9962957232700677,2.7507641327822707,0.9962957232700675
0.0,0.0554125790031492,-2.8929486531840465,43.14834514303302,-1.5020687547891256,0.6637086669160475,0.22315161097479624,,,0.0,,0.9943909779668643,0.00524114391941454,2.753382860319977,0.996298483625608,2.753382860319978,0.996298483625608
0.0,0.055465527937741343,-2.8919935694424868,43.086488928733836,-1.5020646779070574,0.6637115924374374,0.2234729589341944,,,0.0,,0.9943949036061722,0.005236161248899582,2.756004088145899,0.9963012391721098,2.7560040881459007,0.9963012391721097
0.0,0.05551852746715733,-2.8910384857009275,43.02472155728013,-1.5020605988216282,0.6637145163480711,0.2237947682294248,,,0.0,,0.9943988215149793,0.005231183274579685,2.75862781864146,0.9963039899078167,2.7586278186414606,0.9963039899078165
0.0,0.05557157763974258,-2.8900834019593677,42.96304290091963,-1.5020565175175824,0.6637174386516809,0.2241170395215382,,,0.0,,0.9944027316889941,0.00522620999204565,2.761254054190331,0.9963067358309565,2.761254054190331,0.9963067358309564
0.0,0.05562467850388864,-2.889128318217808,42.90145283208448,-1.5020524339796297,0.6637203593520036,0.22443977347253014,,,0.0,,0.9944066341238968,0.005221241396892295,2.7638827971784266,0.9963094769397407,2.763882797178428,0.9963094769397406
0.0,0.05567783010803333,-2.8881732344762483,42.83995122339095,-1.5020483481924443,0.6637232784527803,0.2247629707453423,,,0.0,,0.9944105288153383,0.005216277484718417,2.766514049993918,0.9963122132323641,2.766514049993919,0.996312213232364
0.0,0.05573103250066074,-2.8872181507346886,42.778537947639265,-1.5020442601406638,0.6637261959577565,0.22508663200386334,,,0.0,,0.9944144157589403,0.00521131825112679,2.769147815027225,0.9963149447070052,2.769147815027226,0.9963149447070051
0.0,0.0557842857303013,-2.886263066993129,42.71721287781325,-1.5020401698088919,0.6637291118706821,0.22541075791293078,,,0.0,,0.9944182949502958,0.005206363691724163,2.77178409467102,0.9963176713618261,2.771784094671022,0.9963176713618261
0.0,0.05583758984553178,-2.8853079832515696,42.65597588708001,-1.5020360771816952,0.6637320261953111,0.22573534913833262,,,0.0,,0.9944221663849685,0.0052014138021212976,2.774422891320236,0.9963203931949726,2.774422891320237,0.9963203931949725
0.0,0.055890944894975425,-2.8843528995100103,42.594826848789815,-1.5020319822436043,0.6637349389354024,0.22606040634680782,,,0.0,,0.9944260300584924,0.005196468577932885,2.7770642073720606,0.9963231102045734,2.777064207372062,0.9963231102045733
0.0,0.055944350927301933,-2.8833978157684506,42.53376563647558,-1.5020278849791147,0.6637378500947188,0.22638593020604902,,,0.0,,0.9944298859663729,0.005191528014777633,2.779708045225944,0.9963258223887411,2.779708045225946,0.996325822388741
0.0,0.055997807991227465,-2.882442732026891,42.47279212385295,-1.5020237853726852,0.6637407596770278,0.22671192138470214,,,0.0,,0.9944337341040858,0.005186592108278189,2.7823544072836004,0.9963285297455715,2.7823544072836017,0.9963285297455715
0.0,0.05605131613551475,-2.881487648285331,42.41190618481984,-1.502019683408738,0.6637436676861016,0.22703838055236863,,,0.0,,0.9944375744670771,0.0051816608540611615,2.785003295949003,0.996331232273144,2.7850032959490036,0.9963312322731439
0.0,0.05610487540897312,-2.8805325645437714,42.3511076934561,-1.5020155790716598,0.6637465741257164,0.22736530837960725,,,0.0,,0.9944414070507638,0.005176734247757137,2.787654713628395,0.9963339299695209,2.787654713628395,0.9963339299695207
0.0,0.05615848586045854,-2.8795774808022117,42.29039652402334,-1.5020114723458007,0.6637494789996532,0.22769270553793505,,,0.0,,0.9944452318505329,0.005171812285000666,2.7903086627302853,0.996336622832748,2.790308662730287,0.9963366228327479
0.0,0.05621214753887364,-2.8786223970606524,42.229772550964775,-1.5020073632154738,0.6637523823116973,0.22802057269982798,,,0.0,,0.9944490488617422,0.005166894961430229,2.792965145665459,0.9963393108608546,2.7929651456654603,0.9963393108608545
0.0,0.056265860493167834,-2.8776673133190926,42.169235648904724,-1.5020032516649555,0.6637552840656388,0.2283489105387237,,,0.0,,0.9944528580797193,0.005161982272688258,2.7956241648469717,0.9963419940518526,2.7956241648469717,0.9963419940518525
0.0,0.05631962477233725,-2.8767122295775334,42.10878569264854,-1.5019991376784854,0.663758184265272,0.22867771972902165,,,0.0,,0.9944566594997621,0.005157074214421161,2.798285722690146,0.9963446724037378,2.7982857226901476,0.9963446724037377
0.0,0.05637344042542489,-2.8757571458359736,42.04842255718224,-1.501995021240267,0.6637610829143962,0.2290070009460854,,,0.0,,0.9944604531171392,0.005152170782279249,2.800949821612594,0.9963473459144884,2.800949821612596,0.9963473459144883
0.0,0.05642730750152056,-2.874802062094414,41.98814611767229,-1.501990902334466,0.6637639800168148,0.22933675486624341,,,0.0,,0.9944642389270882,0.005147271971916817,2.8036164640341985,0.9963500145820662,2.8036164640342007,0.9963500145820661
0.0,0.056481226049761,-2.873846978352854,41.927956249465375,-1.501986780945211,0.6637668755763361,0.22966698216679027,,,0.0,,0.9944680169248179,0.00514237777899206,2.8062856523771242,0.996352678404416,2.806285652377127,0.9963526784044158
0.0,0.056535196119329924,-2.8728918946112945,41.867852828088125,-1.501982657056594,0.6637697695967727,0.2299976835259883,,,0.0,,0.9944717871055064,0.0051374881991671124,2.808957389065821,0.9963553373794652,2.808957389065822,0.9963553373794651
0.0,0.05658921775945797,-2.871936810869735,41.80783572924674,-1.5019785306526683,0.6637726620819424,0.2303288596230696,,,0.0,,0.9944755494643014,0.005132603228108062,2.811631676527018,0.9963579915051248,2.8116316765270195,0.9963579915051246
0.0,0.056643291019422934,-2.8709817271281755,41.74790482882687,-1.5019744017174512,0.663775553035667,0.23066051113823619,,,0.0,,0.994479303996321,0.005127722861484885,2.8143085171897404,0.9963606407792882,2.814308517189741,0.9963606407792881
0.0,0.05669741594854958,-2.870026643386616,41.688060002893295,-1.501970270234922,0.6637784424617735,0.23099263875266238,,,0.0,,0.9944830506966525,0.00512284709497152,2.8169879134852924,0.9963632851998321,2.816987913485294,0.9963632851998319
0.0,0.056751592596209904,-2.8690715596450564,41.628301127689625,-1.5019661361890215,0.6637813303640931,0.2313252431484959,,,0.0,,0.9944867895603532,0.005117975924245795,2.819669867847281,0.9963659247646157,2.8196698678472814,0.9963659247646155
0.0,0.056805821011823014,-2.8681164759034967,41.56862807963823,-1.5019619995636537,0.663784216746462,0.23165832500885827,,,0.0,,0.9944905205824499,0.005113109344989452,2.8223543827115933,0.9963685594714813,2.8223543827115956,0.9963685594714811
0.0,0.05686010124485525,-2.867161392161937,41.50904073533971,-1.5019578603426842,0.6637871016127211,0.23199188501784798,,,0.0,,0.9944942437579385,0.005108247352888166,2.825041460516424,0.9963711893182539,2.825041460516425,0.9963711893182536
0.0,0.056914433344820235,-2.8662063084203773,41.449538971572764,-1.5019537185099407,0.6637899849667159,0.23232592386054082,,,0.0,,0.9944979590817852,0.005103389943631518,2.8277311037022548,0.9963738143027412,2.8277311037022566,0.996373814302741
0.0,0.056968817361278894,-2.8652512246788175,41.39012266529403,-1.5019495740492126,0.6637928668122968,0.23266044222299104,,,0.0,,0.9945016665489245,0.005098537112912979,2.830423314711874,0.9963764344227335,2.830423314711876,0.9963764344227333
0.0,0.05702325334383949,-2.8642961409372583,41.330791693637735,-1.5019454269442511,0.6637957471533187,0.23299544079223283,,,0.0,,0.9945053661542609,0.0050936888564299156,2.833118095990369,0.9963790496760041,2.8331180959903692,0.9963790496760039
0.0,0.057077741342157755,-2.8633410571956985,41.27154593391526,-1.501941277178769,0.6637986259936416,0.23333092025628316,,,0.0,,0.994509057892668,0.005088845169883624,2.835815449985129,0.9963816600603087,2.83581544998513,0.9963816600603085
0.0,0.05713228140593678,-2.8623859734541393,41.21238526361532,-1.5019371247364408,0.6638015033371302,0.23366688130414054,,,0.0,,0.9945127417589882,0.005084006048979257,2.838515379145851,0.9963842655733856,2.838515379145851,0.9963842655733853
0.0,0.057186873584927245,-2.8614308897125795,41.15330956040315,-1.5019329696009018,0.6638043791876539,0.23400332462578938,,,0.0,,0.9945164177480333,0.005079171489425895,2.84121788592454,0.9963868662129555,2.8412178859245403,0.9963868662129552
0.0,0.05724151792892729,-2.86047580597102,41.09431870212078,-1.5019288117557492,0.6638072535490871,0.23434025091219862,,,0.0,,0.9945200858545841,0.005074341486936479,2.843922972775509,0.996389461976722,2.8439229727755104,0.9963894619767216
0.0,0.057296214487782667,-2.85952072222946,41.035412566786505,-1.5019246511845408,0.6638101264253089,0.23467766085532465,,,0.0,,0.9945237460733901,0.005069516037227833,2.846630642155386,0.9963920528623706,2.8466306421553873,0.9963920528623704
0.0,0.057350963311386755,-2.8585656384879004,40.976591032594584,-1.5019204878707961,0.6638129978202034,0.23501555514811276,,,0.0,,0.9945273983991697,0.005064695136020682,2.8493408965231093,0.99639463886757,2.84934089652311,0.9963946388675697
0.0,0.057405764449680596,-2.857610554746341,40.917853977915115,-1.5019163217979943,0.6638158677376597,0.23535393448449812,,,0.0,,0.9945310428266102,0.005059878779039622,2.852053738339934,0.9963972199899704,2.852053738339934,0.9963972199899703
0.0,0.05746061795265301,-2.8566554710047813,40.8592012812937,-1.5019121529495771,0.6638187361815713,0.2356927995594074,,,0.0,,0.9945346793503674,0.005055066962013113,2.8547691700694333,0.9963997962272052,2.854769170069436,0.996399796227205
0.0,0.05751552387034049,-2.855700387263222,40.800632821451316,-1.5019079813089458,0.6638216031558373,0.23603215106875955,,,0.0,,0.9945383079650658,0.005050259680673487,2.857487194177505,0.9964023675768895,2.8574871941775064,0.9964023675768893
0.0,0.057570482252827446,-2.8547453035216623,40.742148477283884,-1.501903806859462,0.6638244686643612,0.23637198970946813,,,0.0,,0.9945419286652987,0.005045456930756938,2.860207813132364,0.9964049340366208,2.860207813132366,0.9964049340366206
0.0,0.057625493150246065,-2.8537902197801026,40.68374812786212,-1.5018996295844478,0.6638273327110519,0.23671231617944238,,,0.0,,0.9945455414456271,0.0050406587080035386,2.862931029404552,0.996407495603979,2.862931029404553,0.9964074956039788
0.0,0.05768055661277646,-2.852835136038543,40.625431652431224,-1.5018954494671866,0.6638301952998229,0.23705313117758858,,,0.0,,0.9945491463005814,0.005035865008157222,2.8656568454669347,0.996410052276526,2.865656845466936,0.9964100522765258
0.0,0.05773567269064671,-2.851880052296983,40.56719893041077,-1.5018912664909208,0.6638330564345929,0.23739443540381094,,,0.0,,0.9945527432246596,0.005031075826965761,2.8683852637947105,0.996412604051806,2.868385263794711,0.9964126040518058
0.0,0.05779084143413286,-2.8509249685554234,40.5090498413943,-1.5018870806388538,0.6638359161192857,0.23773622955901386,,,0.0,,0.9945563322123281,0.005026291160180779,2.871116286865402,0.9964151509273451,2.8711162868654037,0.9964151509273449
0.0,0.05784606289355899,-2.849969884813864,40.450984265149096,-1.5018828918941478,0.6638387743578299,0.238078514345103,,,0.0,,0.9945599132580216,0.0050215110035577775,2.873849917158872,0.9964176929006517,2.8738499171588736,0.9964176929006515
0.0,0.05790133711929731,-2.849014801072305,40.39300208161599,-1.5018787002399268,0.6638416311541594,0.2384212904649866,,,0.0,,0.9945634863561431,0.005016735352856067,2.876586157157314,0.9964202299692161,2.8765861571573157,0.9964202299692159
0.0,0.05795666416176818,-2.848059717330745,40.335103170908944,-1.5018745056592722,0.663844486512213,0.23876455862257767,,,0.0,,0.9945670515010628,0.005011964203838839,2.879325009345261,0.9964227621305105,2.8793250093452625,0.9964227621305103
0.0,0.05801204407144007,-2.8471046335891854,40.27728741331512,-1.5018703081352256,0.6638473404359345,0.23910831952279382,,,0.0,,0.9945706086871196,0.00500719755227309,2.882066476209582,0.9964252893819892,2.8820664762095825,0.9964252893819889
0.0,0.05806747689882969,-2.8461495498476257,40.2195546892944,-1.5018661076507895,0.6638501929292733,0.23945257387155972,,,0.0,,0.99457415790862,0.005002435393929661,2.884810560239488,0.9964278117210882,2.8848105602394885,0.996427811721088
0.0,0.058122962694502046,-2.845194466106066,40.16190487947909,-1.5018619041889238,0.6638530439961833,0.23979732237580884,,,0.0,,0.9945776991598383,0.004997677724583238,2.8875572639265337,0.9964303291452256,2.887557263926535,0.9964303291452254
0.0,0.05817850150907045,-2.8442393823645062,40.10433786467377,-1.5018576977325495,0.6638558936406238,0.24014256574348453,,,0.0,,0.9945812324350165,0.004992924540012336,2.8903065897646205,0.9964328416518011,2.8903065897646214,0.9964328416518009
0.0,0.05823409339319655,-2.843284298622947,40.04685352585513,-1.501853488264545,0.6638587418665595,0.2404883046835407,,,0.0,,0.9945847577283642,0.004988175835999281,2.893058540249992,0.9964353492381962,2.8930585402499944,0.9964353492381961
0.0,0.05828973839759049,-2.8423292148813872,39.98945174417152,-1.5018492757677484,0.66386158867796,0.2408345399059447,,,0.0,,0.9945882750340586,0.004983431608330216,2.895813117881252,0.9964378519017744,2.8958131178812545,0.9964378519017743
0.0,0.05834543657301074,-2.841374131139828,39.93213240094283,-1.5018450602249562,0.6638644340788002,0.24118127212167753,,,0.0,,0.9945917843462441,0.004978691852795132,2.898570325159346,0.9964403496398805,2.8985703251593473,0.9964403496398803
0.0,0.058401187970264404,-2.8404190473982682,39.87489537766023,-1.5018408416189253,0.6638672780730602,0.24152850204273585,,,0.0,,0.9945952856590329,0.004973956565187799,2.901330164587577,0.996442842449841,2.901330164587578,0.9964428424498408
0.0,0.058456992640207046,-2.8394639636567085,39.81774055598585,-1.501836619932368,0.6638701206647254,0.2418762303821336,,,0.0,,0.9945987789665043,0.004969225741305833,2.904092638671603,0.9964453303289643,2.904092638671605,0.9964453303289642
0.0,0.05851285063374284,-2.8385088799151488,39.76066781775267,-1.5018323951479584,0.6638729618577863,0.2422244578539026,,,0.0,,0.9946022642627047,0.0049644993769506355,2.9068577499194426,0.9964478132745402,2.906857749919444,0.99644781327454
0.0,0.058568762001824634,-2.837553796173589,39.70367704496418,-1.5018281672483271,0.6638758016562389,0.2425731851730946,,,0.0,,0.994605741541648,0.004959777467927408,2.909625500841472,0.9964502912838398,2.909625500841472,0.9964502912838397
0.0,0.05862472679545389,-2.8365987124320298,39.64676811979409,-1.5018239362160632,0.6638786400640844,0.24292241305578302,,,0.0,,0.9946092107973151,0.004955060010045182,2.912395893950426,0.9964527643541159,2.9123958939504266,0.9964527643541158
0.0,0.05868074506568092,-2.83564362869047,39.58994092458615,-1.5018197020337136,0.6638814770853293,0.24327214221906404,,,0.0,,0.9946126720236534,0.004950346999116754,2.915168931761413,0.9964552324826028,2.9151689317614147,0.9964552324826027
0.0,0.05873681686360469,-2.8346885449489108,39.533195341853904,-1.5018154646837842,0.6638843127239854,0.24362237338105777,,,0.0,,0.9946161252145779,0.004945638430958746,2.917944616791901,0.996457695666516,2.917944616791903,0.9964576956665158
0.0,0.05879294224037312,-2.833733461207351,39.476531254280395,-1.5018112241487378,0.6638871469840699,0.2439731072609104,,,0.0,,0.9946195703639699,0.0049409343013915455,2.9207229515617303,0.9964601539030523,2.9207229515617326,0.9964601539030522
0.0,0.0588491212471829,-2.8327783774657913,39.41994854471806,-1.5018069804109953,0.6638899798696055,0.24432434457879437,,,0.0,,0.9946230074656778,0.004936234606239332,2.923503938593109,0.9964626071893902,2.9235039385931114,0.99646260718939
0.0,0.05890535393527968,-2.8318232937242316,39.36344709618826,-1.501802733452935,0.6638928113846202,0.24467608605591165,,,0.0,,0.9946264365135165,0.004931539341330082,2.926287580410621,0.9964650555226888,2.926287580410622,0.9964650555226886
0.0,0.058961640355958085,-2.830868209982672,39.30702679188117,-1.501798483256892,0.6638956415331472,0.2450283324144939,,,0.0,,0.9946298575012673,0.004926848502495557,2.9290738795412206,0.996467498900089,2.929073879541222,0.9964674989000889
0.0,0.059017980560561734,-2.829913126241112,39.2506875151556,-1.5017942298051605,0.6638984703192254,0.24538108437780404,,,0.0,,0.9946332704226787,0.004922162085571273,2.9318628385142427,0.9964699373187127,2.931862838514244,0.9964699373187126
0.0,0.0590743746004833,-2.828958042499553,39.19442914953865,-1.5017899730799904,0.6639012977468992,0.24573434267013783,,,0.0,,0.9946366752714649,0.004917480086396529,2.9346544598614015,0.9964723707756628,2.9346544598614024,0.9964723707756626
0.0,0.059130822527164624,-2.828002958757993,39.138251578725345,-1.501785713063589,0.6639041238202182,0.24608810801682632,,,0.0,,0.9946400720413068,0.004912802500814412,2.9374487461167917,0.9964747992680232,2.937448746116793,0.9964747992680231
0.0,0.05918732439209662,-2.827047875016434,39.082154686578775,-1.5017814497381206,0.6639069485432378,0.2464423811442351,,,0.0,,0.9946434607258513,0.004908129324671746,2.9402456998168915,0.9964772227928592,2.9402456998168915,0.9964772227928591
0.0,0.05924388024681948,-2.826092791274874,39.026138357129334,-1.5017771830857063,0.6639097719200188,0.24679716277976868,,,0.0,,0.994646841318712,0.004903460553819154,2.943045323500564,0.9964796413472169,2.9430453235005665,0.9964796413472167
0.0,0.059300490142922595,-2.8251377075333144,38.97020247457497,-1.5017729130884243,0.6639125939546272,0.24715245365186908,,,0.0,,0.9946502138134681,0.004898796184110993,2.945847619709064,0.9964820549281231,2.9458476197090664,0.996482054928123
0.0,0.059357154132044655,-2.8241826237917547,38.91434692328067,-1.5017686397283079,0.663915414651135,0.24750825449001876,,,0.0,,0.9946535782036648,0.004894136211405376,2.9486525909860335,0.9964844635325859,2.9486525909860335,0.9964844635325858
0.0,0.05941387226587371,-2.823227540050195,38.85857158777823,-1.501764362987349,0.6639182340136198,0.24786456602474258,,,0.0,,0.9946569344828139,0.004889480631564191,2.9514602398774996,0.9964868671575942,2.9514602398775023,0.996486867157594
0.0,0.05947064459614716,-2.8222724563086357,38.80287635276606,-1.5017600828474942,0.6639210520461645,0.24822138898760823,,,0.0,,0.994660282644392,0.004884829440453072,2.9542705689318964,0.9964892658001173,2.9542705689318978,0.9964892658001172
0.0,0.05952747117465193,-2.821317372567076,38.747261103108954,-1.5017557992906465,0.6639238687528575,0.24857872411122822,,,0.0,,0.9946636226818424,0.004880182633941383,2.957083580700047,0.9964916594571057,2.9570835807000484,0.9964916594571056
0.0,0.05958435205322433,-2.8203622888255167,38.691725723837884,-1.5017515122986649,0.6639266841377933,0.24893657212926096,,,0.0,,0.9946669545885736,0.004875540207902247,2.9598992777351736,0.9964940481254907,2.9598992777351736,0.9964940481254906
0.0,0.059641287283750274,-2.819407205083957,38.63627010014962,-1.501747221853365,0.6639294982050719,0.24929493377641285,,,0.0,,0.9946702783579601,0.00487090215821251,2.962717662592899,0.9964964318021837,2.9627176625928993,0.9964964318021836
0.0,0.05969827691816522,-2.818452121342397,38.58089411740665,-1.5017429279365178,0.6639323109587987,0.24965380978843935,,,0.0,,0.9946735939833413,0.004866268480752777,2.96553873783125,0.9964988104840774,2.9655387378312508,0.9964988104840773
0.0,0.05975532100845425,-2.8174970376008375,38.52559766113677,-1.5017386305298488,0.6639351224030848,0.2500132009021468,,,0.0,,0.9946769014580228,0.00486163917140739,2.9683625060106547,0.9965011841680447,2.9683625060106573,0.9965011841680446
0.0,0.05981241960665214,-2.8165419538592777,38.47038061703308,-1.5017343296150407,0.6639379325420476,0.2503731078553931,,,0.0,,0.9946802007752746,0.004857014226064395,2.971188969693957,0.9965035528509391,2.9711889696939586,0.9965035528509388
0.0,0.059869572764843365,-2.815586870117718,38.41524287095356,-1.5017300251737304,0.6639407413798096,0.2507335313870899,,,0.0,,0.9946834919283329,0.004852393640615574,2.974018131446399,0.9965059165295945,2.974018131446402,0.9965059165295943
0.0,0.05992678053516216,-2.8146317863761587,38.36018430892083,-1.501725717187511,0.6639435489204992,0.2510944722372044,,,0.0,,0.9946867749103987,0.004847777410956453,2.9768499938356405,0.9965082752008256,2.976849993835643,0.9965082752008254
0.0,0.059984042969792636,-2.813676702634599,38.305204817122,-1.5017214056379296,0.6639463551682508,0.25145593114676,,,0.0,,0.9946900497146379,0.0048431655329862445,2.979684559431756,0.9965106288614272,2.9796845594317576,0.9965106288614269
0.0,0.06004136012096869,-2.8127216188930397,38.25030428190836,-1.5017170905064885,0.6639491601272044,0.2518179088578385,,,0.0,,0.9946933163341819,0.004838558002607917,2.98252183080723,0.9965129775081744,2.9825218308072303,0.9965129775081741
0.0,0.06009873204097422,-2.81176653515148,38.1954825897952,-1.5017127717746455,0.6639519638015058,0.25218040611358117,,,0.0,,0.9946965747621261,0.004833954815728121,2.985361810536969,0.9965153211378228,2.9853618105369693,0.9965153211378226
0.0,0.060156158782143004,-2.8108114514099203,38.140739627461585,-1.5017084494238127,0.6639547661953066,0.2525434236581899,,,0.0,,0.9946998249915321,0.00482935596825722,2.9882045011982976,0.9965176597471083,2.988204501198299,0.996517659747108
0.0,0.06021364039685885,-2.8098563676683606,38.08607528175003,-1.501704123435356,0.6639575673127646,0.2529069622369299,,,0.0,,0.994703067015425,0.0048247614561093,2.9910499053709643,0.9965199933327469,2.9910499053709656,0.9965199933327467
0.0,0.06027117693755563,-2.808901283926801,38.031489439666274,-1.5016997937905976,0.6639603671580431,0.2532710225961303,,,0.0,,0.9947063008267955,0.004820171275202155,2.9938980256371406,0.9965223218914346,2.993898025637143,0.9965223218914344
0.0,0.060328768456717294,-2.8079462001852415,37.976981988379215,-1.5016954604708108,0.6639631657353113,0.25363560548318537,,,0.0,,0.9947095264185978,0.004815585421457256,2.9967488645814258,0.996524645419848,2.996748864581426,0.9965246454198478
0.0,0.06038641500687801,-2.806991116443682,37.92255281522041,-1.5016911234572274,0.6639659630487446,0.25400071164655696,,,0.0,,0.9947127437837519,0.004811003890799777,2.9996024247908437,0.9965269639146432,2.9996024247908464,0.996526963914643
0.0,0.06044411664062204,-2.8060360327021225,37.86820180768405,-1.5016867827310287,0.6639687591025241,0.2543663418357754,,,0.0,,0.994715952915141,0.004806426679158602,3.0024587088548564,0.9965292773724568,3.0024587088548564,0.9965292773724566
0.0,0.06050187341058401,-2.805080948960563,37.81392885342659,-1.5016824382733531,0.663971553900837,0.2547324968014413,,,0.0,,0.9947191538056136,0.004801853782466284,3.00531771936535,0.9965315857899052,3.0053177193653515,0.996531585789905
0.0,0.06055968536944876,-2.804125865219003,37.75973384026658,-1.501678090065291,0.6639743474478764,0.2550991772952269,,,0.0,,0.994722346447982,0.004797285196659087,3.0081794589166546,0.9965338891635845,3.0081794589166555,0.9965338891635843
0.0,0.06061755256995147,-2.8031707814774434,37.70561665618445,-1.5016737380878873,0.6639771397478413,0.2554663840698772,,,0.0,,0.9947255308350222,0.004792720917676934,3.0110439301055294,0.9965361874900712,3.0110439301055294,0.996536187490071
0.0,0.06067547506487776,-2.8022156977358836,37.65157718932229,-1.5016693823221392,0.6639799308049371,0.2558341178792122,,,0.0,,0.9947287069594751,0.004788160941463436,3.013911135531177,0.9965384807659212,3.013911135531178,0.996538480765921
0.0,0.06073345290706365,-2.801260613994324,37.59761532798347,-1.5016650227489996,0.6639827206233747,0.25620237947812796,,,0.0,,0.994731874814045,0.00478360526396589,3.016781077795242,0.9965407689876704,3.0167810777952435,0.9965407689876702
0.0,0.060791486149395633,-2.8003055302527646,37.54373096063254,-1.501660659349371,0.6639855092073715,0.2565711696225988,,,0.0,,0.9947350343914002,0.004779053881135268,3.0196537595018134,0.9965430521518344,3.0196537595018134,0.9965430521518341
0.0,0.06084957484481079,-2.7993504465112053,37.48992397589499,-1.501656292104112,0.663988296561151,0.2569404890696776,,,0.0,,0.9947381856841728,0.004774506788926197,3.0225291832574204,0.9965453302549083,3.0225291832574217,0.9965453302549081
0.0,0.060907719046296785,-2.7983953627696456,37.436194262556945,-1.501651920994032,0.6639910826889422,0.2573103385774984,,,0.0,,0.9947413286849586,0.004769963983296981,3.025407351671051,0.9965476032933672,3.0254073516710513,0.996547603293367
0.0,0.06096591880689187,-2.797440279028086,37.382541709565054,-1.5016475459998948,0.6639938675949812,0.25768071890527755,,,0.0,,0.9947444633863173,0.004765425460209577,3.0282882673541343,0.9965498712636656,3.0282882673541343,0.9965498712636653
0.0,0.06102417417968498,-2.796485195286526,37.32896620602613,-1.5016431671024164,0.6639966512835094,0.2580516308133148,,,0.0,,0.9947475897807714,0.004760891215629616,3.031171932920552,0.9965521341622374,3.031171932920554,0.9965521341622372
0.0,0.061082485217815806,-2.7955301115449664,37.27546764120693,-1.501638784282264,0.6639994337587748,0.25842307506299617,,,0.0,,0.9947507078608074,0.004756361245526397,3.034058350986648,0.9965543919854963,3.0340583509866494,0.9965543919854962
0.0,0.061140851974474796,-2.7945750278034067,37.222045904534056,-1.5016343975200583,0.6640022150250315,0.2587950524167937,,,0.0,,0.994753817618875,0.00475183554587284,3.0369475241712167,0.9965566447298354,3.036947524171217,0.9965566447298352
0.0,0.06119927450290321,-2.7936199440618474,37.168700885593644,-1.501630006796372,0.6640049950865398,0.25916756363826776,,,0.0,,0.9947569190473874,0.0047473141126455325,3.039839455095509,0.996558892391627,3.0398394550955103,0.9965588923916268
0.0,0.061257752856393254,-2.7926648603202877,37.11543247413093,-1.50162561209173,0.6640077739475663,0.25954060949207014,,,0.0,,0.9947600121387205,0.004742796941824722,3.042734146383248,0.9965611349672228,3.0427341463832493,0.9965611349672225
0.0,0.06131628708828795,-2.7917097765787284,37.06224056005047,-1.5016212133866085,0.6640105516123836,0.25991419074394223,,,0.0,,0.9947630968852132,0.004738284029394272,3.045631600660608,0.9965633724529539,3.045631600660609,0.9965633724529537
0.0,0.06137487725198141,-2.7907546928371687,37.00912503341541,-1.5016168106614352,0.6640133280852711,0.26028830816072035,,,0.0,,0.9947661732791678,0.004733775371341718,3.048531820556238,0.9965656048451307,3.048531820556238,0.9965656048451305
0.0,0.06143352340091866,-2.789799609095609,36.95608578444766,-1.501612403896591,0.664016103370514,0.260662962510334,,,0.0,,0.9947692413128497,0.004729270963658209,3.0514348087012464,0.9965678321400426,3.0514348087012486,0.9965678321400424
0.0,0.061492225588595864,-2.7888445253540493,36.90312270352748,-1.5016079930724064,0.6640188774724041,0.2610381545618093,,,0.0,,0.9947723009784861,0.004724770802338527,3.0543405677292217,0.9965700543339584,3.0543405677292226,0.9965700543339582
0.0,0.061550983868560255,-2.7878894416124895,36.8502356811932,-1.5016035781691641,0.6640216503952393,0.26141388508527025,,,0.0,,0.994775352268268,0.004720274883381105,3.0572491002762145,0.9965722714231258,3.057249100276216,0.9965722714231255
0.0,0.061609798294410247,-2.7869343578709302,36.7974246081411,-1.501599159167098,0.6640244221433242,0.26179015485194007,,,0.0,,0.9947783951743481,0.004715783202787997,3.060160408980755,0.9965744834037716,3.060160408980756,0.9965744834037714
0.0,0.06166866891979551,-2.7859792741293705,36.744689375225114,-1.501594736046393,0.6640271927209698,0.26216696463414313,,,0.0,,0.9947814296888422,0.0047112957565648705,3.063074496483852,0.9965766902721016,3.063074496483851,0.9965766902721014
0.0,0.06172759579841692,-2.7850241903878112,36.69202987345672,-1.5015903087871845,0.6640299621324929,0.26254431520530513,,,0.0,,0.9947844558038282,0.004706812540721021,3.0659913654289843,0.9965788920243007,3.065991365428985,0.9965788920243005
0.0,0.06178657898402672,-2.7840691066462515,36.63944599400453,-1.5015858773695585,0.6640327303822174,0.2629222073399567,,,0.0,,0.9947874735113467,0.004702333551269349,3.068911018462124,0.9965810886565325,3.0689110184621238,0.9965810886565323
0.0,0.06184561853042849,-2.783114022904692,36.58693762819418,-1.5015814417735527,0.6640354974744735,0.26330064181373375,,,0.0,,0.9947904828034,0.004697858784226392,3.071833458231714,0.9965832801649395,3.0718334582317155,0.9965832801649394
0.0,0.0619047144914772,-2.782158939163132,36.534504667508045,-1.5015770019791541,0.6640382634135978,0.26367961940337936,,,0.0,,0.9947934836719531,0.004693388235612296,3.074758687388693,0.9965854665456431,3.0747586873886945,0.9965854665456428
0.0,0.0619638669210793,-2.7812038554215723,36.48214700358512,-1.5015725579663004,0.6640410282039333,0.2640591408867447,,,0.0,,0.9947964761089325,0.004688921901450797,3.0776867085864805,0.9965876477947433,3.0776867085864823,0.9965876477947431
0.0,0.06202307587319276,-2.7802487716800126,36.42986452822071,-1.5015681097148788,0.6640437918498296,0.2644392070427913,,,0.0,,0.994799460106227,0.004684459777769239,3.0806175244809904,0.996589823908319,3.0806175244809895,0.9965898239083187
0.0,0.06208234140182707,-2.7792936879384533,36.37765713336616,-1.5015636572047282,0.6640465543556432,0.2648198186515929,,,0.0,,0.9948024356556873,0.004680001860598589,3.0835511377306193,0.9965919948824273,3.0835511377306184,0.9965919948824271
0.0,0.062141663561043406,-2.7783386041968936,36.32552471112868,-1.5015592004156348,0.6640493157257366,0.26520097649433627,,,0.0,,0.9948054027491253,0.004675548145973381,3.0864875509962695,0.9965941607131046,3.0864875509962695,0.9965941607131045
0.0,0.062201042404954505,-2.7773835204553343,36.27346715377115,-1.5015547393273367,0.664052075964479,0.26558268135332314,,,0.0,,0.9948083613783155,0.004671098629931774,3.0894267669413313,0.9965963213963652,3.0894267669413322,0.996596321396365
0.0,0.06226047798772491,-2.7764284367137746,36.22148435371183,-1.5015502739195206,0.6640548350762467,0.2659649340119719,,,0.0,,0.9948113115349931,0.0046666533085154985,3.0923687882317017,0.9965984769282022,3.092368788231703,0.9965984769282021
0.0,0.06231997036357084,-2.775473352972215,36.16957620352425,-1.5015458041718226,0.6640575930654221,0.2663477352548184,,,0.0,,0.9948142532108553,0.004662212177769871,3.095313617535772,0.9966006273045872,3.0953136175357727,0.9966006273045871
0.0,0.062379519586760364,-2.774518269230655,36.117742595936825,-1.5015413300638278,0.6640603499363946,0.2667310858675188,,,0.0,,0.9948171863975602,0.004657775233743807,3.098261257524438,0.9966027725214699,3.098261257524438,0.9966027725214698
0.0,0.06243912571161337,-2.7735631854890954,36.0659834238327,-1.5015368515750716,0.6640631056935601,0.2671149866368504,,,0.0,,0.994820111086728,0.004653342472489807,3.101211710871099,0.9966049125747786,3.1012117108710986,0.9966049125747783
0.0,0.06249878879250166,-2.772608101747536,36.014298580249644,-1.5015323686850364,0.6640658603413212,0.2674994383507126,,,0.0,,0.994823027269939,0.004648913890063933,3.1041649802516633,0.9966070474604196,3.1041649802516633,0.9966070474604195
0.0,0.06255850888384905,-2.7716530180059764,35.9626879583796,-1.5015278813731547,0.6640686138840873,0.2678844417981302,,,0.0,,0.9948259349387354,0.004644489482525826,3.1071210683445516,0.9966091771742778,3.1071210683445516,0.9966091771742777
0.0,0.06261828604013127,-2.770697934264417,35.91115145156864,-1.5015233896188074,0.6640713663262747,0.26826999776925337,,,0.0,,0.99482883408462,0.004640069245938713,3.1100799778306905,0.996611301712216,3.110079977830692,0.9966113017122159
0.0,0.06267812031587618,-2.7697428505228574,35.85968895331666,-1.501518893401324,0.6640741176723061,0.26865610705536,,,0.0,,0.9948317246990568,0.004635653176369369,3.1130417113935294,0.9966134210700752,3.11304171139353,0.9966134210700751
0.0,0.0627380117656637,-2.7687877667812977,35.808300357277176,-1.5015143926999817,0.6640768679266112,0.26904277044885744,,,0.0,,0.9948346067734702,0.00463124126988816,3.1160062717190242,0.9966155352436745,3.116006271719025,0.9966155352436744
0.0,0.0627979604441259,-2.767832683039738,35.75698555725714,-1.5015098874940063,0.6640796170936268,0.26942998874328333,,,0.0,,0.9948374802992456,0.0046268335225689945,3.1189736614956574,0.996617644228811,3.118973661495657,0.9966176442288108
0.0,0.06285796640594708,-2.7668775992981782,35.70574444721668,-1.5015053777625724,0.6640823651777962,0.26981776273330765,,,0.0,,0.994840345267729,0.0046224299304893374,3.121943883414424,0.9966197480212597,3.1219438834144233,0.9966197480212595
0.0,0.06291802970586378,-2.7659225155566185,35.65457692126886,-1.5015008634848002,0.6640851121835695,0.27020609321473466,,,0.0,,0.9948432016702264,0.004618030489730225,3.124916940168847,0.9966218466167736,3.1249169401688475,0.9966218466167733
0.0,0.06297815039866482,-2.764967431815059,35.60348287367946,-1.5014963446397602,0.6640878581154039,0.27059498098450435,,,0.0,,0.9948460494980051,0.00461363519637625,3.127892834454976,0.9966239400110833,3.127892834454977,0.9966239400110832
0.0,0.06303832853919139,-2.7640123480735,35.55246219886682,-1.5014918212064687,0.6640906029777637,0.27098442684069346,,,0.0,,0.9948488887422918,0.004609244046515535,3.1308715689713864,0.9966260281998978,3.130871568971386,0.9966260281998977
0.0,0.06309856418233716,-2.76305726433194,35.50151479140151,-1.5014872931638903,0.6640933467751196,0.2713744315825179,,,0.0,,0.9948517193942739,0.004604857036239757,3.1338531464191837,0.9966281111789032,3.133853146419182,0.996628111178903
0.0,0.06315885738304812,-2.7621021805903805,35.450640546006284,-1.5014827604909364,0.6640960895119498,0.2717649960103334,,,0.0,,0.9948545414450989,0.004600474161644133,3.136837569501999,0.9966301889437635,3.136837569501999,0.9966301889437634
0.0,0.06321920819632285,-2.7611470968488208,35.39983935755565,-1.5014782231664656,0.664098831192739,0.2721561209256381,,,0.0,,0.9948573548858738,0.004596095418827428,3.1398248409260106,0.9966322614901206,3.139824840926009,0.9966322614901205
0.0,0.06327961667721242,-2.760192013107261,35.34911112107576,-1.5014736811692833,0.6641015718219796,0.27254780713107407,,,0.0,,0.9948601597076663,0.004591720803891952,3.142814963399919,0.9966343288135937,3.142814963399918,0.9966343288135936
0.0,0.06334008288082059,-2.7592369293657013,35.29845573174423,-1.5014691344781417,0.6641043114041703,0.2729400554304279,,,0.0,,0.994862955901503,0.004587350312943525,3.145807939634971,0.9966363909097795,3.145807939634971,0.9966363909097794
0.0,0.06340060686230367,-2.758281845624142,35.247873084889896,-1.5014645830717397,0.6641070499438171,0.2733328666286328,,,0.0,,0.9948657434583711,0.004582983942091502,3.1488037723449556,0.9966384477742524,3.1488037723449547,0.9966384477742523
0.0,0.06346118867687078,-2.7573267618825823,35.19736307599241,-1.5014600269287228,0.6641097874454334,0.27372624153177205,,,0.0,,0.9948685223692169,0.004578621687448787,3.151802464246198,0.996640499402564,3.151802464246199,0.9966404994025638
0.0,0.0635218283797837,-2.756371678141023,35.14692560068242,-1.5014554660276827,0.6641125239135394,0.274120180947077,,,0.0,,0.994871292624946,0.004574263545131777,3.1548040180575767,0.9966425457902435,3.1548040180575763,0.9966425457902433
0.0,0.06358252602635713,-2.7554165943994633,35.09656055474086,-1.5014509003471566,0.6641152593526624,0.2745146856829324,,,0.0,,0.9948740542164237,0.004569909511260419,3.157808436500513,0.996644586932797,3.1578084365005115,0.9966445869327968
0.0,0.0636432816719585,-2.7544615106579036,35.04626783409916,-1.5014463298656282,0.664117993767337,0.27490975654887545,,,0.0,,0.9948768071344747,0.004565559581958159,3.1608157222989743,0.9966466228257084,3.1608157222989752,0.9966466228257082
0.0,0.0637040953720082,-2.753506426916344,34.99604733483885,-1.5014417545615277,0.664120727162105,0.275305394355598,,,0.0,,0.9948795513698826,0.004561213753351952,3.1638258781794923,0.9966486534644383,3.1638258781794906,0.9966486534644381
0.0,0.06376496718197959,-2.752551343174784,34.94589895319127,-1.5014371744132298,0.6641234595415154,0.2757015999149491,,,0.0,,0.9948822869133901,0.00455687202157228,3.166838906871137,0.9966506788444248,3.1668389068711362,0.9966506788444246
0.0,0.063825897157399,-2.751596259433225,34.895822585537466,-1.501432589399055,0.6641261909101241,0.276098374039936,,,0.0,,0.9948850137556992,0.004552534382753138,3.169854811105544,0.9966526989610829,3.169854811105545,0.9966526989610828
0.0,0.06388688535384587,-2.750641175691665,34.84581812840789,-1.5014279994972697,0.6641289212724948,0.2764957175447259,,,0.0,,0.9948877318874704,0.004548200833032004,3.172873593616913,0.9966547138098046,3.1728735936169126,0.9966547138098045
0.0,0.0639479318269527,-2.749686091950106,34.79588547848236,-1.5014234046860842,0.6641316506331981,0.27689363124464683,,,0.0,,0.9948904412993229,0.004543871368549868,3.1758952571419905,0.9966567233859591,3.17589525714199,0.996656723385959
0.0,0.06400903663240519,-2.748731008208546,34.74602453258959,-1.5014188049436556,0.6641343789968119,0.27729211595619063,,,0.0,,0.9948931419818353,0.004539545985451211,3.1789198044201004,0.9966587276848923,3.1789198044200986,0.996658727684892
0.0,0.06407019982594223,-2.7477759244669864,34.69623518770713,-1.5014142002480837,0.6641371063679218,0.2776911724970137,,,0.0,,0.9948958339255439,0.004535224679884022,3.1819472381931195,0.9966607267019268,3.181947238193119,0.9966607267019267
0.0,0.06413142146335593,-2.7468208407254266,34.646517340961125,-1.5014095905774152,0.6641398327511202,0.27809080168593914,,,0.0,,0.9948985171209439,0.004530907447999787,3.1849775612055033,0.9966627204323626,3.184977561205502,0.9966627204323624
0.0,0.0641927016004918,-2.745865756983867,34.59687088962611,-1.50140497590964,0.6641425581510074,0.27849100434295765,,,0.0,,0.9949011915584887,0.004526594285953461,3.1880107762042673,0.9966647088714757,3.1880107762042678,0.9966647088714756
0.0,0.06425404029324863,-2.744910673242307,34.54729573112482,-1.501400356222692,0.6641452825721909,0.27889178128922953,,,0.0,,0.99490385722859,0.004522285189903484,3.1910468859390106,0.9966666920145194,3.1910468859390093,0.9966666920145193
0.0,0.06431543759757863,-2.743955589500748,34.497791763027855,-1.50139573149445,0.6641480060192853,0.279293133347087,,,0.0,,0.9949065141216176,0.004517980156011804,3.194085893161892,0.9966686698567233,3.1940858931618927,0.9966686698567231
0.0,0.06437689356948757,-2.743000505759188,34.44835888305358,-1.5013911017027368,0.6641507284969131,0.2796950613400352,,,0.0,,0.9949091622278996,0.0045136791804438175,3.1971278006276647,0.9966706423932936,3.197127800627664,0.9966706423932934
0.0,0.06443840826503461,-2.742045422017629,34.39899698906787,-1.5013864668253196,0.6641534500097043,0.28009756609275377,,,0.0,,0.9949118015377217,0.004509382259368429,3.200172611093644,0.9966726096194131,3.200172611093644,0.996672609619413
0.0,0.06449998174033258,-2.741090338276069,34.349705979083886,-1.5013818268399073,0.664156170562296,0.28050064843109906,,,0.0,,0.9949144320413275,0.004505089388957987,3.2032203273197393,0.9966745715302411,3.2032203273197397,0.9966745715302409
0.0,0.06456161405154787,-2.7401352545345095,34.30048575126199,-1.5013771817241541,0.6641588901593333,0.28090430918210446,,,0.0,,0.9949170537289184,0.004500800565388315,3.2062709520684365,0.996676528120913,3.206270952068438,0.9966765281209129
0.0,0.06462330525490054,-2.7391801707929497,34.251336203909275,-1.5013725314556574,0.6641616088054684,0.2813085491739842,,,0.0,,0.9949196665906535,0.00449651578483872,3.2093244881048113,0.9966784793865411,3.2093244881048113,0.996678479386541
0.0,0.06468505540666437,-2.73822508705139,34.20225723547957,-1.5013678760119575,0.6641643265053614,0.28171336923613327,,,0.0,,0.9949222706166491,0.004492235043491966,3.2123809381965214,0.9966804253222133,3.212380938196522,0.9966804253222132
0.0,0.06474686456316692,-2.7372700033098307,34.153248744573204,-1.5013632153705367,0.6641670432636798,0.2821187701991293,,,0.0,,0.9949248657969789,0.004487958337534267,3.215440305113819,0.9966823659229944,3.2154403051138205,0.9966823659229943
0.0,0.06480873278078961,-2.736314919568271,34.10431062993666,-1.501358549508822,0.664169759085099,0.2825247528947353,,,0.0,,0.9949274521216743,0.004483685663155293,3.2185025916295533,0.9966843011839248,3.2185025916295547,0.9966843011839247
0.0,0.06487066011596766,-2.7353598358267117,34.0554427904625,-1.5013538784041822,0.6641724739743019,0.28293131815590034,,,0.0,,0.9949300295807237,0.004479417016548191,3.2215678005191597,0.9966862311000214,3.2215678005191597,0.9966862311000212
0.0,0.06493264662519033,-2.734404752085152,34.00664512518909,-1.5013492020339274,0.6641751879359789,0.2833384668167612,,,0.0,,0.9949325981640723,0.004475152393909526,3.2246359345606757,0.9966881556662768,3.224635934560677,0.9966881556662767
0.0,0.06499469236500072,-2.7334496683435923,33.95791753330038,-1.5013445203753129,0.6641779009748283,0.2837461997126451,,,0.0,,0.9949351578616227,0.004470891791439346,3.2277069965347382,0.9966900748776599,3.2277069965347396,0.9966900748776598
0.0,0.06505679739199603,-2.7324945846020325,33.90925991412578,-1.5013398334055328,0.6641806130955562,0.2841545176800697,,,0.0,,0.9949377086632337,0.0044666352053411166,3.230780989224585,0.9966919887291155,3.230780989224586,0.9966919887291152
0.0,0.06511896176282757,-2.731539500860473,33.860672167139896,-1.5013351411017257,0.6641833243028764,0.2845634215567459,,,0.0,,0.9949402505587215,0.004462382631821743,3.2338579154160563,0.9966938972155639,3.233857915416057,0.9966938972155637
0.0,0.06518118553420071,-2.730584417118913,33.81215419196222,-1.5013304434409713,0.6641860346015104,0.28497291218157983,,,0.0,,0.9949427835378588,0.004458134067091593,3.236937777897602,0.9966958003319016,3.2369377778976016,0.9966958003319014
0.0,0.06524346876287505,-2.729629333377354,33.76370588835707,-1.5013257404002907,0.6641887439961875,0.2853829903946737,,,0.0,,0.9949453075903744,0.004453889507364457,3.240020579460271,0.9966976980730008,3.240020579460273,0.9966976980730007
0.0,0.06530581150566442,-2.7286742496357945,33.715327156233315,-1.5013210319566461,0.664191452491645,0.2857936570373278,,,0.0,,0.9949478227059539,0.004449648948857552,3.2431063228977397,0.9966995904337093,3.243106322897741,0.9966995904337091
0.0,0.06536821381943696,-2.727719165894235,33.667017895644136,-1.501316318086942,0.6641941600926281,0.28620491295204264,,,0.0,,0.9949503288742394,0.004445412387791529,3.2461950110062854,0.9967014774088505,3.2461950110062867,0.9967014774088503
0.0,0.06543067576111511,-2.726764082152675,33.61877800678694,-1.5013115987680237,0.6641968668038895,0.28661675898251926,,,0.0,,0.9949528260848285,0.004441179820390455,3.2492866465848045,0.9967033589932234,3.249286646584805,0.9967033589932233
0.0,0.06549319738767573,-2.7258089984111153,33.57060739000301,-1.5013068739766766,0.6641995726301901,0.2870291959736626,,,0.0,,0.9949553143272755,0.004436951242881835,3.2523812324348085,0.9967052351816025,3.252381232434808,0.9967052351816024
0.0,0.06555577875615008,-2.7248539146695556,33.522505945777304,-1.5013021436896288,0.664202277576299,0.2874422247715828,,,0.0,,0.9949577935910904,0.004432726651496597,3.2554787713604294,0.9967071059687378,3.2554787713604285,0.9967071059687377
0.0,0.06561841992362398,-2.723898830927996,33.474473574738376,-1.5012974078835466,0.6642049816469927,0.2878558462235957,,,0.0,,0.994960263865739,0.004428506042469068,3.2585792661684243,0.9967089713493547,3.258579266168424,0.9967089713493545
0.0,0.06568112094723771,-2.7229437471864366,33.42651017765813,-1.5012926665350383,0.6642076848470562,0.2882700611782252,,,0.0,,0.9949627251406429,0.004424289412036986,3.2616827196681695,0.9967108313181537,3.2616827196681695,0.9967108313181536
0.0,0.06574388188418628,-2.721988663444877,33.37861565545138,-1.5012879196206523,0.664210387181282,0.2886848704852068,,,0.0,,0.9949651774051794,0.004420076756441523,3.264789134671678,0.996712685869811,3.264789134671677,0.9967126858698108
0.0,0.06580670279171921,-2.7210335797033176,33.33078990917606,-1.5012831671168763,0.6642130886544714,0.28910027499548574,,,0.0,,0.9949676206486813,0.0044158680719272305,3.2678985139935777,0.9967145349989774,3.267898513993578,0.9967145349989772
0.0,0.06586958372714086,-2.720078495961758,33.28303284003258,-1.5012784090001392,0.664215789271433,0.28951627556122245,,,0.0,,0.9949700548604367,0.004411663354742092,3.2710108604511423,0.9967163787002794,3.271010860451143,0.9967163787002792
0.0,0.06593252474781022,-2.719123412220198,33.23534434936398,-1.5012736452468085,0.6642184890369839,0.2899328730357911,,,0.0,,0.9949724800296891,0.004407462601137471,3.2741261768642698,0.9967182169683183,3.27412617686427,0.9967182169683181
0.0,0.06599552591114119,-2.7181683284786384,33.18772433865555,-1.5012688758331918,0.6642211879559493,0.29035006827378296,,,0.0,,0.9949748961456371,0.0044032658073681254,3.277244466055497,0.9967200497976704,3.277244466055497,0.9967200497976701
0.0,0.06605858727460244,-2.7172132447370787,33.1401727095346,-1.5012641007355358,0.6642238860331626,0.2907678621310082,,,0.0,,0.9949773031974343,0.004399072969692224,3.280365730849997,0.996721877182887,3.280365730849998,0.9967218771828869
0.0,0.06612170889571761,-2.7162581609955194,33.09268936377034,-1.5012593199300266,0.6642265832734653,0.29118625546449695,,,0.0,,0.9949797011741893,0.004394884084371329,3.2834899740755863,0.9967236991184943,3.2834899740755863,0.9967236991184942
0.0,0.06618489083206534,-2.7153030772539597,33.045274203273586,-1.501254533392789,0.664229279681707,0.2916052491325017,,,0.0,,0.9949820900649655,0.004390699147670372,3.2866171985627224,0.9967255155989935,3.2866171985627237,0.9967255155989934
0.0,0.06624813314127918,-2.7143479935124004,32.997927130096706,-1.5012497410998875,0.6642319752627457,0.2920248439944977,,,0.0,,0.9949844698587814,0.004386518155857684,3.2897474071445085,0.9967273266188602,3.28974740714451,0.99672732661886
0.0,0.06631143588104789,-2.7133929097708407,32.950648046433216,-1.5012449430273236,0.6642346700214478,0.29244504091118667,,,0.0,,0.9949868405446092,0.004382341105204963,3.292880602656698,0.996729132172545,3.292880602656698,0.9967291321725448
0.0,0.06637479910911526,-2.712437826029281,32.90343685461773,-1.5012401391510393,0.6642373639626875,0.2928658407444968,,,0.0,,0.9949892021113765,0.004378167991987307,3.2960167879376887,0.9967309322544728,3.2960167879376887,0.9967309322544726
0.0,0.06643822288328025,-2.7114827422877212,32.85629345712564,-1.5012353294469136,0.6642400570913479,0.2932872443575859,,,0.0,,0.9949915545479647,0.004373998812483187,3.2991559658285325,0.9967327268590436,3.2991559658285334,0.9967327268590435
0.0,0.06650170726139708,-2.7105276585461615,32.80921775657306,-1.5012305138907633,0.6642427494123202,0.2937092526148413,,,0.0,,0.9949938978432098,0.004369833562974434,3.3022981391729394,0.9967345159806315,3.3022981391729385,0.9967345159806312
0.0,0.06656525230137528,-2.709572574804602,32.762209655716525,-1.5012256924583447,0.6642454409305037,0.2941318663818831,,,0.0,,0.9949962319859015,0.004365672239746244,3.3054433108172665,0.996736299613585,3.305443310817268,0.9967362996135848
0.0,0.06662885806117963,-2.7086174910630425,32.715269057452744,-1.5012208651253498,0.6642481316508068,0.2945550865255657,,,0.0,,0.9949985569647837,0.004361514839087208,3.3085914836105426,0.9967380777522273,3.3085914836105417,0.9967380777522271
0.0,0.0666925245988304,-2.707662407321483,32.668395864818464,-1.5012160318674104,0.6642508215781455,0.2949789139139794,,,0.0,,0.9950008727685548,0.00435736135728925,3.311742660404446,0.9967398503908557,3.3117426604044473,0.9967398503908556
0.0,0.06675625197240323,-2.7067073235799235,32.62158998099029,-1.5012111926600937,0.6642535107174449,0.29540334941645163,,,0.0,,0.9950031793858657,0.00435321179064768,3.314896844053328,0.9967416175237418,3.314896844053329,0.9967416175237417
0.0,0.0668200402400293,-2.7057522398383638,32.574851309284384,-1.5012063474789052,0.6642561990736382,0.2958283939035496,,,0.0,,0.9950054768053219,0.004349066135461147,3.3180540374142007,0.9967433791451314,3.3180540374142016,0.9967433791451313
0.0,0.06688388945989529,-2.704797156096804,32.52817975315643,-1.5012014962992875,0.6642588866516673,0.29625404824708085,,,0.0,,0.9950077650154827,0.004344924388031655,3.3212142433467444,0.9967451352492446,3.3212142433467453,0.9967451352492444
0.0,0.06694779969024352,-2.7038420723552443,32.48157521620126,-1.5011966390966185,0.6642615734564827,0.2966803133200962,,,0.0,,0.9950100440048597,0.0043407865446645705,3.324377464713311,0.996746885830275,3.3243774647133124,0.9967468858302748
0.0,0.06701177098937192,-2.7028869886136846,32.43503760215269,-1.5011917758462152,0.6642642594930434,0.29710718999689134,,,0.0,,0.9950123137619187,0.004336652601668612,3.3275437043789284,0.996748630882391,3.327543704378928,0.9967486308823907
0.0,0.06707580341563414,-2.7019319048721253,32.38856681488347,-1.5011869065233292,0.6642669447663168,0.2975346791530072,,,0.0,,0.9950145742750783,0.004332522555355827,3.3307129652112866,0.996750370399734,3.330712965211288,0.9967503703997338
0.0,0.06713989702743965,-2.7009768211305656,32.34216275840485,-1.5011820311031487,0.6642696292812792,0.2979627816652337,,,0.0,,0.9950168255327103,0.004328396402041606,3.333885250080774,0.9967521043764203,3.333885250080775,0.99675210437642
0.0,0.06720405188325364,-2.7000217373890063,32.29582533686653,-1.5011771495607986,0.6642723130429156,0.29839149841161033,,,0.0,,0.9950190675231395,0.0043242741380446975,3.3370605618604414,0.996753832806539,3.3370605618604414,0.9967538328065388
0.0,0.06726826804159723,-2.6990666536474466,32.249554454556446,-1.5011722618713388,0.6642749960562193,0.2988208302714279,,,0.0,,0.9950213002346431,0.004320155759687159,3.340238903426027,0.9967555556841536,3.3402389034260285,0.9967555556841534
0.0,0.06733254556104745,-2.698111569905887,32.2033500159005,-1.5011673680097664,0.6642776783261928,0.2992507781252311,,,0.0,,0.9950235236554515,0.004316041263294413,3.3434202776559605,0.9967572730033012,3.3434202776559605,0.996757273003301
0.0,0.06739688450023727,-2.697156486164327,32.157211925462455,-1.5011624679510116,0.664280359857847,0.29968134285481896,,,0.0,,0.9950257377737475,0.004311930645195186,3.3466046874313435,0.9967589847579921,3.3466046874313458,0.9967589847579919
0.0,0.06746128491785572,-2.6962014024227674,32.11114008794372,-1.5011575616699422,0.6642830406562017,0.3001125253432475,,,0.0,,0.9950279425776661,0.0043078239017215305,3.349792135635984,0.9967606909422104,3.3497921356359837,0.9967606909422102
0.0,0.06752574687264787,-2.6952463186812077,32.065134408183035,-1.5011526491413605,0.6642857207262854,0.3005443264748318,,,0.0,,0.9950301380552952,0.004303721029208842,3.352982625156365,0.9967623915499138,3.352982625156365,0.9967623915499136
0.0,0.06759027042341494,-2.6942912349396484,32.01919479115641,-1.5011477303400027,0.6642884000731356,0.30097674713514716,,,0.0,,0.995032324194674,0.004299622023995834,3.3561761588816728,0.9967640865750331,3.3561761588816728,0.9967640865750329
0.0,0.06765485562901441,-2.6933361511980887,31.97332114197682,-1.501142805240541,0.6642910787017986,0.3014097882110312,,,0.0,,0.9950345009837946,0.004295526882424523,3.3593727397037885,0.9967657760114728,3.3593727397037894,0.9967657760114725
0.0,0.06771950254835986,-2.6923810674565294,31.92751336589417,-1.5011378738175818,0.6642937566173295,0.30184345059058487,,,0.0,,0.995036668410601,0.004291435600840248,3.362572370517291,0.9967674598531101,3.362572370517291,0.99676745985311
0.0,0.06778421124042132,-2.6914259837149697,31.88177136829489,-1.5011329360456658,0.6642964338247923,0.3022777351631754,,,0.0,,0.9950388264629884,0.004287348175591652,3.365775054219459,0.9967691380937961,3.36577505421946,0.9967691380937959
0.0,0.06784898176422505,-2.69047089997341,31.836095054701858,-1.5011279918992682,0.6642991103292603,0.3027126428194376,,,0.0,,0.9950409751288044,0.004283264603030702,3.368980793710277,0.9967708107273544,3.368980793710278,0.9967708107273542
0.0,0.06791381417885374,-2.68951581623185,31.79048433077417,-1.5011230413527965,0.664301786135815,0.30314817445127545,,,0.0,,0.9950431143958476,0.0042791848795126685,3.3721895918924307,0.996772477747582,3.372189591892432,0.9967724777475818
0.0,0.06797870854344658,-2.6885607324902905,31.744939102306994,-1.5011180843805954,0.6643044612495479,0.3035843309518638,,,0.0,,0.9950452442518686,0.004275109001396114,3.375401451671316,0.9967741391482489,3.375401451671317,0.9967741391482488
0.0,0.06804366491719917,-2.687605648748731,31.699459275231366,-1.5011131209569395,0.6643071356755587,0.30402111321564984,,,0.0,,0.995047364684569,0.004271036965042897,3.3786163759550365,0.9967757949230979,3.3786163759550374,0.9967757949230976
0.0,0.06810868335936383,-2.6866505650071715,31.654044755613793,-1.501108151056039,0.6643098094189567,0.30445852213835733,,,0.0,,0.9950494756816017,0.004266968766818194,3.381834367654413,0.9967774450658445,3.3818343676544136,0.9967774450658444
0.0,0.06817376392924933,-2.685695481265612,31.608695449656448,-1.501103174652037,0.6643124824848599,0.30489655861698395,,,0.0,,0.9950515772305707,0.004262904403090449,3.385055429682974,0.9967790895701776,3.3850554296829762,0.9967790895701774
0.0,0.06823890668622128,-2.6847403975240525,31.563411263696523,-1.5010981917190092,0.6643151548783957,0.30533522354980813,,,0.0,,0.9950536693190308,0.004258843870231422,3.3882795649569744,0.9967807284297581,3.388279564956977,0.9967807284297578
0.0,0.06830411168970185,-2.6837853137824927,31.518192104206427,-1.5010932022309642,0.6643178266047006,0.30577451783638665,,,0.0,,0.9950557519344879,0.00425478716461614,3.3915067763953832,0.9967823616382199,3.3915067763953832,0.9967823616382196
0.0,0.0683693789991701,-2.682830230040933,31.473037877793406,-1.5010882061618431,0.6643204976689202,0.3062144423775582,,,0.0,,0.9950578250643982,0.004250734282622915,3.3947370669198835,0.9967839891891694,3.3947370669198857,0.9967839891891692
0.0,0.0684347086741619,-2.6818751462993733,31.427948491199295,-1.5010832034855204,0.6643231680762093,0.3066549980754458,,,0.0,,0.9950598886961691,0.004246685220633355,3.3979704394548995,0.9967856110761857,3.3979704394548995,0.9967856110761855
0.0,0.06850010077426999,-2.6809200625578136,31.38292385130041,-1.5010781941758014,0.664325837831732,0.30709618583345805,,,0.0,,0.9950619428171579,0.004242639975032346,3.4012068969275635,0.99678722729282,3.4012068969275657,0.9967872272928198
0.0,0.06856555535914402,-2.6799649788162543,31.33796386510741,-1.5010731782064242,0.6643285069406619,0.3075380065562899,,,0.0,,0.9950639874146722,0.0042385985422080325,3.404446442267751,0.9967888378325961,3.4044464422677523,0.996788837832596
0.0,0.06863107248849072,-2.679009895074695,31.293068439764962,-1.5010681555510585,0.6643311754081814,0.307980461149926,,,0.0,,0.99506602247597,0.004234560918551842,3.40768907840806,0.9967904426890102,3.407689078408062,0.99679044268901
0.0,0.06869665222207387,-2.6780548113331353,31.24823748255162,-1.5010631261833063,0.6643338432394826,0.30842355052164205,,,0.0,,0.9950680479882595,0.004230527100458462,3.410934808283829,0.9967920418555304,3.410934808283831,0.9967920418555302
0.0,0.0687622946197143,-2.6770997275915756,31.203470900879648,-1.5010580900766997,0.6643365104397669,0.30886727558000604,,,0.0,,0.9950700639386987,0.004226497084325862,3.414183634833127,0.9967936353255972,3.4141836348331274,0.996793635325597
0.0,0.06882799974129,-2.676144643850016,31.158768602294767,-1.5010530472047032,0.664339177014245,0.309311637234881,,,0.0,,0.9950720703143952,0.004222470866555274,3.41743556099676,0.996795223092623,3.417435560996761,0.9967952230926229
0.0,0.06889376764673621,-2.675189560108456,31.11413049447607,-1.5010479975407118,0.6643418429681373,0.3097566363974256,,,0.0,,0.9950740671024064,0.004218448443551175,3.4206905897182778,0.9967968051499927,3.4206905897182796,0.9967968051499925
0.0,0.06895959839604543,-2.6742344763668964,31.06955648523574,-1.5010429410580517,0.664344508306673,0.31020227398009687,,,0.0,,0.9950760542897394,0.004214429811721301,3.4239487239439734,0.9967983814910624,3.4239487239439748,0.9967983814910623
0.0,0.06902549204926746,-2.673279392625337,31.025046482518846,-1.501037877729979,0.6643471730350916,0.3106485508966521,,,0.0,,0.9950780318633504,0.004210414967476663,3.4272099666228817,0.9967999521091607,3.4272099666228826,0.9967999521091605
0.0,0.06909144866650954,-2.6723243088837774,30.980600394403186,-1.5010328075296808,0.6643498371586417,0.31109546806215044,,,0.0,,0.9950799998101453,0.004206403907231495,3.43047432070679,0.9968015169975877,3.4304743207067907,0.9968015169975876
0.0,0.06915746830793626,-2.671369225142218,30.936218129099114,-1.5010277304302746,0.6643525006825813,0.3115430263929545,,,0.0,,0.9950819581169786,0.004202396627403305,3.4337417891502287,0.9968030761496153,3.43374178915023,0.9968030761496152
0.0,0.06922355103376983,-2.6704141414006584,30.891899594949283,-1.5010226464048069,0.6643551636121785,0.31199122680673275,,,0.0,,0.9950839067706543,0.004198393124412831,3.437012374910488,0.9968046295584871,3.4370123749104913,0.9968046295584869
0.0,0.06928969690428985,-2.6694590576590986,30.847644700428585,-1.5010175554262557,0.6643578259527103,0.3124400702224599,,,0.0,,0.9950858457579249,0.004194393394684046,3.4402860809476112,0.9968061772174182,3.4402860809476126,0.996806177217418
0.0,0.06935590597983363,-2.668503973917539,30.80345335414379,-1.5010124574675263,0.664360487709464,0.31288955756042097,,,0.0,,0.995087775065492,0.004190397434644184,3.4435629102243923,0.9968077191195952,3.443562910224394,0.9968077191195951
0.0,0.06942217832079607,-2.667548890175979,30.759325464833438,-1.5010073525014556,0.6643631488877362,0.31333968974221194,,,0.0,,0.9950896946800055,0.004186405240723709,3.446842865706393,0.9968092552581764,3.446842865706393,0.9968092552581763
0.0,0.0694885139876298,-2.66659380643442,30.715260941367728,-1.5010022405008088,0.6643658094928332,0.3137904676907405,,,0.0,,0.995091604588064,0.004182416809356307,3.450125950361924,0.9968107856262911,3.4501259503619273,0.996810785626291
0.0,0.06955491304084528,-2.66563872269286,30.671259692748162,-1.5009971214382793,0.6643684695300713,0.31424189233023025,,,0.0,,0.9950935047762145,0.0041784321369788945,3.453412167162082,0.9968123102170402,3.4534121671620834,0.9968123102170401
0.0,0.06962137554101065,-2.664683638951301,30.627321628107477,-1.5009919952864912,0.6643711290047764,0.3146939645862206,,,0.0,,0.9950953952309518,0.004174451220031636,3.4567015190807076,0.9968138290234955,3.4567015190807084,0.9968138290234955
0.0,0.06968790154875208,-2.663728555209741,30.583446656709395,-1.5009868620179947,0.664373787922284,0.31514668538557,,,0.0,,0.9950972759387193,0.004170474054957895,3.4599940090944226,0.9968153420387004,3.459994009094424,0.9968153420387003
0.0,0.06975449112475357,-2.6627734714681814,30.539634687948485,-1.5009817216052703,0.6643764462879397,0.31560005565645644,,,0.0,,0.995099146885908,0.004166500638204273,3.463289640182617,0.9968168492556688,3.4632896401826194,0.9968168492556688
0.0,0.06982114432975714,-2.6618183877266217,30.495885631349942,-1.5009765740207262,0.664379104107099,0.31605407632838034,,,0.0,,0.9951010080588567,0.004162530966220584,3.466588415327455,0.9968183506673862,3.466588415327457,0.9968183506673862
0.0,0.06988786122456284,-2.660863303985062,30.45219939656939,-1.5009714192366979,0.6643817613851271,0.3165087483321661,,,0.0,,0.9951028594438521,0.004158565035459858,3.469890337513876,0.9968198462668086,3.469890337513877,0.9968198462668086
0.0,0.0699546418700288,-2.6599082202435023,30.40857589339272,-1.500966257225449,0.6643844181273992,0.31696407259996373,,,0.0,,0.9951047010271282,0.0041546028423783375,3.473195409729598,0.9968213360468632,3.4731954097295987,0.9968213360468632
0.0,0.07002148632707132,-2.658953136501943,30.365015031735904,-1.500961087959171,0.6643870743393006,0.3174200500652507,,,0.0,,0.9951065327948667,0.004150644383435475,3.4765036349651153,0.9968228200004475,3.4765036349651166,0.9968228200004475
0.0,0.07008839465666498,-2.6579980527603833,30.321516721644695,-1.500955911409982,0.6643897300262261,0.3178766816628351,,,0.0,,0.9951083547331963,0.004146689655093934,3.4798150162137156,0.9968242981204302,3.4798150162137165,0.9968242981204302
0.0,0.07015536691984248,-2.657042969018824,30.278080873294687,-1.5009507275499279,0.6643923851935812,0.31833396832885485,,,0.0,,0.9951101668281925,0.004142738653819568,3.4831295564714604,0.9968257703996501,3.4831295564714617,0.9968257703996501
0.0,0.07022240317769497,-2.6560878852772642,30.23470739699083,-1.5009455363509812,0.664395039846781,0.3187919110007827,,,0.0,,0.9951119690658787,0.004138791376081446,3.486447258737208,0.9968272368309173,3.4864472587372104,0.9968272368309173
0.0,0.0702895034913719,-2.6551328015357045,30.19139620316747,-1.5009403377850405,0.6643976939912509,0.3192505106174255,,,0.0,,0.9951137614322246,0.004134847818351828,3.489768126012606,0.9968286974070117,3.4897681260126063,0.9968286974070117
0.0,0.07035666792208117,-2.654177717794145,30.148147202388078,-1.5009351318239315,0.6644003476324263,0.3197097681189273,,,0.0,,0.9951155439131462,0.004130907977106167,3.4930921613020844,0.9968301521206838,3.4930921613020867,0.9968301521206838
0.0,0.07042389653108917,-2.653222634052585,30.10496030534503,-1.5009299184394065,0.6644030007757527,0.3201696844467714,,,0.0,,0.9951173164945067,0.004126971848823116,3.4964193676128827,0.9968316009646546,3.4964193676128845,0.9968316009646546
0.0,0.0704911893797208,-2.652267550311026,30.06183542285952,-1.5009246976031427,0.6644056534266858,0.32063026054378113,,,0.0,,0.9951190791621158,0.0041230394299845066,3.4997497479550237,0.9968330439316152,3.4997497479550264,0.9968330439316152
0.0,0.07055854652935965,-2.651312466569466,30.018772465881185,-1.500919469286744,0.6644083055906918,0.32109149735412396,,,0.0,,0.9951208319017288,0.004119110717075367,3.503083305341345,0.9968344810142269,3.5030833053413457,0.9968344810142269
0.0,0.07062596804144784,-2.650357382827907,29.97577134548821,-1.5009142334617396,0.6644109572732467,0.32155339582330994,,,0.0,,0.9951225746990479,0.004115185706583895,3.5064200427874703,0.9968359122051209,3.5064200427874717,0.9968359122051209
0.0,0.07069345397748632,-2.649402299086347,29.93283197288682,-1.500908990099584,0.6644136084798373,0.3220159568981974,,,0.0,,0.9951243075397207,0.004111264395001479,3.5097599633118404,0.996837337496899,3.5097599633118417,0.996837337496899
0.0,0.07076100439903472,-2.6484472153447873,29.889954259411358,-1.5009037391716569,0.6644162592159603,0.32247918152699173,,,0.0,,0.995126030409341,0.004107346778822682,3.513103069935696,0.9968387568821322,3.513103069935698,0.9968387568821321
0.0,0.07082861936771154,-2.6474921316032276,29.847138116523944,-1.5008984806492631,0.6644189094871227,0.32294307065924915,,,0.0,,0.9951277432934484,0.00410343285454524,3.5164493656830915,0.9968401703533618,3.5164493656830937,0.9968401703533618
0.0,0.07089629894519411,-2.646537047861668,29.804383455814367,-1.5008932145036318,0.6644215592988423,0.3234076252458777,,,0.0,,0.9951294461775277,0.004099522618670061,3.5197988535808884,0.9968415779030989,3.51979885358089,0.9968415779030989
0.0,0.07096404319321875,-2.645581964120108,29.761690188999843,-1.500887940705917,0.6644242086566469,0.3238728462391396,,,0.0,,0.9951311390470097,0.004095616067701221,3.5231515366587636,0.9968429795238243,3.5231515366587667,0.9968429795238243
0.0,0.07103185217358071,-2.644626880378549,29.719058227924908,-1.5008826592271967,0.6644268575660751,0.3243387345926527,,,0.0,,0.9951328218872699,0.0040917131981459635,3.5265074179492126,0.9968443752079882,3.5265074179492144,0.9968443752079882
0.0,0.07109972594813437,-2.6436717966369896,29.67648748456114,-1.5008773700384737,0.6644295060326757,0.3248052912613931,,,0.0,,0.9951344946836295,0.004087814006514687,3.5298665004875454,0.9968457649480105,3.5298665004875494,0.9968457649480105
0.0,0.07116766457879319,-2.64271671289543,29.633977871007,-1.5008720731106733,0.6644321540620082,0.32527251720169686,,,0.0,,0.9951361574213542,0.004083918489320958,3.5332287873119013,0.9968471487362807,3.5332287873119053,0.9968471487362807
0.0,0.07123566812752972,-2.64176162915387,29.591529299487743,-1.5008667684146455,0.6644348016596424,0.3257404133712607,,,0.0,,0.9951378100856549,0.004080026643081496,3.5365942814632363,0.9968485265651575,3.53659428146324,0.9968485265651575
0.0,0.07130373665637582,-2.6408065454123104,29.54914168235512,-1.5008614559211637,0.664437448831159,0.32620898072914556,,,0.0,,0.9951394526616874,0.004076138464316173,3.539962985985335,0.9968498984269691,3.539962985985336,0.9968498984269691
0.0,0.07137187022742257,-2.6398514616707507,29.506814932087245,-1.5008561356009231,0.6644400955821491,0.32667822023577775,,,0.0,,0.9951410851345514,0.004072253949548015,3.5433349039248023,0.9968512643140128,3.5433349039248054,0.9968512643140128
0.0,0.07144006890282037,-2.638896377929191,29.46454896128841,-1.500850807424544,0.6644427419182147,0.3271481328529508,,,0.0,,0.9951427074892917,0.004068373095303193,3.54671003833109,0.9968526242185551,3.546710038331091,0.9968526242185551
0.0,0.07150833274477902,-2.6379412941876317,29.4223436826889,-1.5008454713625679,0.6644453878449681,0.3276187195438276,,,0.0,,0.9951443197108971,0.0040644958981110296,3.550088392256465,0.9968539781328317,3.5500883922564674,0.9968539781328316
0.0,0.07157666181556784,-2.636986210446072,29.380199009144793,-1.5008401273854592,0.6644480333680326,0.32808998127294225,,,0.0,,0.9951459217843007,0.00406062235450397,3.5534699687560485,0.9968553260490469,3.553469968756049,0.9968553260490469
0.0,0.0716450561775155,-2.6360311267045127,29.338114853637805,-1.5008347754636042,0.6644506784930423,0.32856191900620213,,,0.0,,0.9951475136943793,0.004056752461017627,3.55685477088778,0.9968566679593746,3.556854770887782,0.9968566679593746
0.0,0.0717135158930104,-2.635076042962953,29.29609112927507,-1.5008294155673123,0.6644533232256418,0.3290345337108897,,,0.0,,0.9951490954259539,0.004052886214190726,3.5602428017124566,0.9968580038559568,3.560242801712459,0.9968580038559568
0.0,0.07178204102450042,-2.634120959221393,29.254127749289033,-1.5008240476668135,0.6644559675714866,0.32950782635566395,,,0.0,,0.9951506669637888,0.004049023610565136,3.563634064293709,0.9968593337309049,3.563634064293711,0.9968593337309049
0.0,0.07185063163449316,-2.6331658754798335,29.212224627037195,-1.5008186717322602,0.6644586115362435,0.3299817979105634,,,0.0,,0.9951522282925923,0.004045164646685855,3.567028561698012,0.9968606575762985,3.567028561698016,0.9968606575762985
0.0,0.07191928778555595,-2.6322107917382738,29.170381676001966,-1.5008132877337257,0.6644612551255895,0.33045644934700685,,,0.0,,0.9951537793970159,0.004041309319101008,3.570426296994698,0.9968619753841861,3.570426296994699,0.9968619753841861
0.0,0.07198800954031588,-2.6312557079967145,29.12859880979049,-1.5008078956412048,0.6644638983452131,0.3309317816377962,,,0.0,,0.9951553202616542,0.004037457624361846,3.5738272732559313,0.9968632871465846,3.573827273255934,0.9968632871465847
0.0,0.07205679696145996,-2.6303006242551548,29.08687594213442,-1.500802495424613,0.6644665412008134,0.33140779575711804,,,0.0,,0.9951568508710451,0.004033609559022732,3.5772314935567495,0.9968645928554793,3.5772314935567513,0.9968645928554793
0.0,0.07212565011173498,-2.6293455405135955,29.045212986889787,-1.5007970870537868,0.6644691836981007,0.33188449268054576,,,0.0,,0.9951583712096695,0.004029765119641171,3.5806389609750284,0.9968658925028241,3.58063896097503,0.9968658925028241
0.0,0.07219456905394782,-2.6283904567720358,29.003609858036796,-1.5007916704984818,0.6644718258427961,0.3323618733850413,,,0.0,,0.9951598812619509,0.004025924302777757,3.584049678591512,0.9968671860805407,3.584049678591513,0.9968671860805407
0.0,0.07226355385096526,-2.627435373030476,28.96206646967968,-1.5007862457283756,0.6644744676406321,0.3328399388489571,,,0.0,,0.9951613810122556,0.004022087104996211,3.587463649489797,0.9968684735805194,3.587463649489799,0.9968684735805196
0.0,0.07233260456571423,-2.6264802892889163,28.920582736046466,-1.5007808127130655,0.6644771090973521,0.333318690052038,,,0.0,,0.9951628704448925,0.004018253522863363,3.5908808767563447,0.9968697549946186,3.5908808767563474,0.9968697549946186
0.0,0.07240172126118173,-2.6255252055473566,28.879158571488848,-1.500775371422067,0.6644797502187105,0.33379812797542335,,,0.0,,0.9951643495441126,0.00401442355294915,3.594301363480483,0.9968710303146644,3.5943013634804855,0.9968710303146645
0.0,0.07247090400041499,-2.624570121805797,28.837793890481972,-1.5007699218248174,0.6644823910104732,0.3342782536016491,,,0.0,,0.9951658182941094,0.00401059719182661,3.5977251127544023,0.9968722995324513,3.597725112754404,0.9968722995324514
0.0,0.07254015284652143,-2.6236150380642376,28.796488607624294,-1.5007644638906712,0.6644850314784172,0.3347590679146492,,,0.0,,0.9951672766790182,0.004006774436071886,3.6011521276731635,0.9968735626397411,3.6011521276731657,0.9968735626397413
0.0,0.07260946786266888,-2.622659954322678,28.7552426376373,-1.5007589975889033,0.6644876716283304,0.3352405718997589,,,0.0,,0.9951687246829164,0.0040029552822642206,3.604582411334703,0.996874819628264,3.6045824113347043,0.9968748196282641
0.0,0.07267884911208539,-2.6217048705811186,28.714055895365544,-1.5007535228887061,0.6644903114660127,0.3357227665437142,,,0.0,,0.9951701622898228,0.003999139726985944,3.6080159668398255,0.9968760704897174,3.6080159668398264,0.9968760704897175
0.0,0.07274829665805956,-2.620749786839559,28.672928295776188,-1.5007480397591926,0.6644929509972743,0.3362056528346568,,,0.0,,0.9951715894836984,0.003995327766822487,3.611452797292216,0.9968773152157665,3.611452797292219,0.9968773152157666
0.0,0.07281781056394036,-2.619794703097999,28.631859753959066,-1.5007425481693923,0.6644955902279378,0.3366892317621339,,,0.0,,0.9951730062484451,0.00399151939836237,3.6148929057984414,0.9968785537980441,3.614892905798442,0.9968785537980442
0.0,0.07288739089313735,-2.6188396193564394,28.59085018512638,-1.5007370480882536,0.6644982291638366,0.337173504317101,,,0.0,,0.9951744125679062,0.003987714618197196,3.6183362954679383,0.9968797862281504,3.618336295467941,0.9968797862281505
0.0,0.07295703770912067,-2.6178845356148797,28.549899504612554,-1.5007315394846428,0.6645008678108155,0.33765847149192396,,,0.0,,0.9951758084258663,0.003983913422921656,3.62178296941304,0.9968810124976528,3.621782969413044,0.9968810124976529
0.0,0.07302675107542105,-2.6169294518733204,28.509007627874094,-1.5007260223273433,0.664503506174731,0.3381441342803801,,,0.0,,0.9951771938060509,0.003980115809133522,3.6252329307489606,0.9968822325980862,3.6252329307489632,0.9968822325980863
0.0,0.07309653105563005,-2.6159743681317607,28.46817447048927,-1.5007204965850567,0.664506144261451,0.33863049367766235,,,0.0,,0.9951785686921262,0.003976321773433644,3.6286861825938015,0.9968834465209525,3.6286861825938046,0.9968834465209525
0.0,0.07316637771339986,-2.6150192843902014,28.427399948158193,-1.5007149622264007,0.6645087820768549,0.3391175506803779,,,0.0,,0.9951799330676993,0.003972531312425942,3.632142728068558,0.9968846542577209,3.6321427280685605,0.9968846542577209
0.0,0.07323629111244362,-2.6140642006486416,28.386683976702358,-1.500709419219911,0.6645114196268337,0.33960530628655355,,,0.0,,0.9951812869163175,0.003968744422717416,3.6356025702971166,0.9968858557998272,3.6356025702971198,0.9968858557998274
0.0,0.07330627131653525,-2.613109116907082,28.346026472064676,-1.5007038675340394,0.66451405691729,0.3400937614956356,,,0.0,,0.9951826302214687,0.0039649611009181344,3.6390657124062633,0.9968870511386749,3.6390657124062646,0.9968870511386749
0.0,0.07337631838950966,-2.612154033165522,28.30542735030921,-1.500698307137154,0.664516693954138,0.3405829173084921,,,0.0,,0.9951839629665811,0.003961181343641232,3.642532157525674,0.9968882402656336,3.642532157525678,0.9968882402656335
0.0,0.07344643239526272,-2.6111989494239625,28.264886527621012,-1.5006927379975394,0.6645193307433037,0.3410727747274156,,,0.0,,0.9951852851350225,0.003957405147502904,3.6460019087879396,0.9968894231720399,3.64600190878794,0.9968894231720399
0.0,0.07351661339775138,-2.6102438656824027,28.22440392030595,-1.5006871600833962,0.6645219672907248,0.3415633347561246,,,0.0,,0.9951865967101009,0.003953632509122413,3.6494749693285344,0.9968905998491971,3.6494749693285375,0.9968905998491971
0.0,0.07358686146099368,-2.6092887819408435,28.183979444790538,-1.5006815733628402,0.6645246036023504,0.34205459839976543,,,0.0,,0.9951878976750641,0.003949863425122082,3.6529513422858573,0.9968917702883754,3.652951342285861,0.9968917702883754
0.0,0.0736571766490689,-2.6083336981992837,28.14361301762175,-1.5006759778039036,0.664527239684142,0.34254656666491484,,,0.0,,0.9951891880130992,0.0039460978921272705,3.6564310308012096,0.9968929344808108,3.6564310308012105,0.9968929344808108
0.0,0.07372755902611744,-2.6073786144577245,28.10330455546686,-1.500670373374532,0.6645298755420724,0.3430392405595814,,,0.0,,0.9951904677073327,0.003942335906766421,3.6599140380187904,0.9968940924177064,3.6599140380187936,0.9968940924177063
0.0,0.07379800865634113,-2.6064235307161647,28.063053975113235,-1.500664760042588,0.6645325111821265,0.34353262109320803,,,0.0,,0.9951917367408307,0.003938577465670999,3.6634003670857345,0.9968952440902311,3.663400367085737,0.9968952440902311
0.0,0.07386852560400302,-2.605468446974605,28.02286119346823,-1.5006591377758483,0.6645351466103011,0.34402670927667317,,,0.0,,0.9951929950965981,0.003934822565475532,3.666890021152073,0.9968963894895205,3.6668900211520765,0.9968963894895204
0.0,0.07393910993342762,-2.6045133632330453,27.98272612755896,-1.500653506542003,0.664537781832605,0.34452150612229393,,,0.0,,0.9951942427575785,0.003931071202817586,3.670383003370764,0.9968975286066759,3.670383003370767,0.9968975286066759
0.0,0.07400976170900089,-2.6035582794914855,27.942648694532124,-1.5006478663086575,0.6645404168550587,0.34501701264382695,,,0.0,,0.9951954797066548,0.003927323374337772,3.6738793168976827,0.9968986614327651,3.6738793168976853,0.996898661432765
0.0,0.0740804809951703,-2.6026031957499263,27.902628811653884,-1.5006422170433316,0.6645430516836951,0.34551322985647126,,,0.0,,0.995196705926648,0.003923579076679738,3.677378964891625,0.9968997879588214,3.677378964891627,0.9968997879588213
0.0,0.07415126785644498,-2.6016481120083665,27.86266639630961,-1.5006365587134574,0.6645456863245588,0.3460101587768701,,,0.0,,0.9951979214003182,0.00391983830649016,3.6808819505143178,0.9969009081758443,3.6808819505143204,0.9969009081758443
0.0,0.07422212235739557,-2.6006930282668073,27.822761366003785,-1.5006308912863813,0.6645483207837067,0.3465078004231127,,,0.0,,0.9951991261103625,0.0039161010604187654,3.684388276930411,0.9969020220747993,3.6843882769304126,0.9969020220747992
0.0,0.07429304456265458,-2.5997379445252475,27.782913638359773,-1.5006252147293633,0.6645509550672077,0.3470061558147368,,,0.0,,0.9952003200394178,0.003912367335118291,3.687897947307487,0.9969031296466169,3.687897947307489,0.9969031296466169
0.0,0.07436403453691612,-2.598782860783688,27.743123131119724,-1.5006195290095752,0.6645535891811432,0.34750522597272976,,,0.0,,0.9952015031700574,0.0039086371272445105,3.6914109648160562,0.9969042308821939,3.6914109648160593,0.9969042308821939
0.0,0.0744350923449362,-2.597827777042128,27.70338976214431,-1.5006138340941026,0.6645562231316062,0.34800501191953154,,,0.0,,0.9952026754847935,0.003904910433456226,3.694927332629571,0.9969053257723924,3.694927332629574,0.9969053257723924
0.0,0.0745062180515327,-2.5968726933005684,27.663713449412633,-1.5006081299499432,0.6645588569247026,0.3485055146790363,,,0.0,,0.9952038369660752,0.0039011872504152545,3.698447053924414,0.9969064143080398,3.6984470539244176,0.9969064143080398
0.0,0.07457741172158534,-2.595917609559009,27.62409411102201,-1.5006024165440073,0.66456149056655,0.3490067352765941,,,0.0,,0.9952049875962896,0.003897467574786436,3.7019701318799125,0.9969074964799289,3.7019701318799143,0.9969074964799289
0.0,0.07464867342003605,-2.5949625258174494,27.5845316651878,-1.5005966938431161,0.6645641240632788,0.349508674739014,,,0.0,,0.9952061273577604,0.0038937514032376143,3.705496569678334,0.996908572278818,3.705496569678335,0.996908572278818
0.0,0.07472000321188857,-2.59400744207589,27.545026030243243,-1.500590961814003,0.6645667574210314,0.3500113340945651,,,0.0,,0.9952072562327492,0.003890038732439672,3.7090263705048834,0.9969096416954303,3.709026370504887,0.9969096416954303
0.0,0.07479140116220896,-2.5930523583343303,27.505577124639295,-1.5005852204233134,0.664569390645963,0.350514714372979,,,0.0,,0.9952083742034539,0.0038863295590664737,3.712559537547734,0.9969107047204541,3.712559537547735,0.996910704720454
0.0,0.07486286733612531,-2.5920972745927706,27.466184866944474,-1.5005794696376042,0.6645720237442407,0.3510188166054516,,,0.0,,0.9952094812520096,0.0038826238797949083,3.716096073997982,0.9969117613445426,3.716096073997984,0.9969117613445425
0.0,0.07493440179882802,-2.591142190851211,27.426849175844662,-1.5005737094233416,0.6645746567220445,0.35152364182464513,,,0.0,,0.9952105773604879,0.0038789216913048636,3.7196359830496935,0.9969128115583141,3.719635983049697,0.9969128115583141
0.0,0.07500600461556972,-2.590187107109651,27.387569970142934,-1.5005679397469034,0.6645772895855667,0.3520291910646909,,,0.0,,0.9952116625108968,0.0038752229902792325,3.7231792678998863,0.9969138553523518,3.723179267899887,0.9969138553523518
0.0,0.07507767585166544,-2.5892320233680914,27.348347168759414,-1.5005621605745787,0.6645799223410124,0.35253546536119035,,,0.0,,0.9952127366851805,0.0038715277734039043,3.726725931748526,0.9969148927172032,3.7267259317485277,0.9969148927172031
0.0,0.0751494155724926,-2.588276939626532,27.309180690731107,-1.5005563718725647,0.6645825549945991,0.3530424657512175,,,0.0,,0.9952137998652196,0.0038678360373677655,3.7302759777985464,0.9969159236433807,3.7302759777985472,0.9969159236433807
0.0,0.07522122384349114,-2.5873218558849724,27.270070455211638,-1.5005505736069709,0.6645851875525568,0.3535501932733221,,,0.0,,0.9952148520328304,0.0038641477788626975,3.7338294092558395,0.9969169481213611,3.733829409255843,0.9969169481213611
0.0,0.07529310073016343,-2.586366772143413,27.23101638147128,-1.5005447657438145,0.6645878200211284,0.3540586489675289,,,0.0,,0.995215893169765,0.003860462994583566,3.737386229329266,0.9969179661415858,3.737386229329268,0.9969179661415858
0.0,0.07536504629807454,-2.5854116884018534,27.192018388896543,-1.5005389482490235,0.6645904524065696,0.35456783387534363,,,0.0,,0.9952169232577113,0.003856781681228233,3.7409464412306486,0.9969189776944603,3.7409464412306495,0.9969189776944603
0.0,0.07543706061285213,-2.5844566046602937,27.153076396990215,-1.5005331210884332,0.6645930847151486,0.3550777490397512,,,0.0,,0.9952179422782921,0.003853103835497538,3.7445100481747784,0.9969199827703544,3.74451004817478,0.9969199827703544
0.0,0.07550914374018658,-2.583501520918734,27.11419032537108,-1.5005272842277897,0.6645957169531463,0.35558839550522015,,,0.0,,0.9952189502130662,0.00384942945409531,3.7480770533794208,0.9969209813596023,3.7480770533794243,0.9969209813596023
0.0,0.07558129574583101,-2.5825464371771742,27.075360093773774,-1.5005214376327471,0.664598349126857,0.3560997743177041,,,0.0,,0.9952199470435269,0.003845758533728353,3.7516474600653194,0.9969219734525019,3.7516474600653194,0.9969219734525019
0.0,0.0756535166956014,-2.581591353435615,27.03658562204866,-1.5005155812688673,0.6646009812425874,0.35661188652464354,,,0.0,,0.9952209327511028,0.003842091071106448,3.755221271456179,0.9969229590393153,3.7552212714561803,0.9969229590393153
0.0,0.07572580665537666,-2.5806362696940552,26.997866830161517,-1.5005097151016205,0.664603613306657,0.35712473317496907,,,0.0,,0.9952219073171572,0.0038384270629423546,3.7587984907787018,0.9969239381102682,3.7587984907787035,0.9969239381102682
0.0,0.07579816569109857,-2.579681185952496,26.95920363819363,-1.500503839096385,0.6646062453253987,0.3576383153191009,,,0.0,,0.9952228707229875,0.003834766505951792,3.76237912126256,0.9969249106555506,3.762379121262563,0.9969249106555506
0.0,0.07587059386877198,-2.5787261022109362,26.920595966341338,-1.5004979532184461,0.664608877305158,0.3581526340089545,,,0.0,,0.9952238229498261,0.0038311093968534595,3.7659631661404154,0.9969258766653154,3.765963166140419,0.9969258766653154
0.0,0.0759430912544648,-2.5777710184693765,26.882043734916085,-1.500492057432997,0.6646115092522938,0.3586676902979394,,,0.0,,0.9952247639788394,0.0038274557323690153,3.769550628647914,0.9969268361296797,3.769550628647917,0.9969268361296798
0.0,0.07601565791430805,-2.576815934727817,26.843546864344138,-1.5004861517051375,0.6646141411731777,0.3591834852409632,,,0.0,,0.9952256937911277,0.003823805509223084,3.7731415120236886,0.9969277890387239,3.773141512023692,0.996927789038724
0.0,0.07608829391449592,-2.575860850986257,26.805105275166472,-1.5004802359998743,0.6646167730741946,0.3597000198944332,,,0.0,,0.9952266123677252,0.0038201587241432477,3.7767358195093683,0.9969287353824918,3.776735819509369,0.9969287353824919
0.0,0.07616099932128592,-2.5749057672446973,26.76671888803856,-1.5004743102821205,0.6646194049617428,0.3602172953162584,,,0.0,,0.9952275196896002,0.003816515373860049,3.7803335543495655,0.9969296751509905,3.780333554349568,0.9969296751509905
0.0,0.07623377420099878,-2.573950683503138,26.72838762373028,-1.500468374516695,0.6646220368422332,0.3607353125658512,,,0.0,,0.995228415737654,0.0038128754551069828,3.783934719791903,0.99693060833419,3.783934719791903,0.9969306083341901
0.0,0.07630661862001872,-2.5729955997615783,26.69011140312566,-1.5004624286683235,0.6646246687220905,0.36125407270413057,,,0.0,,0.9952293004927216,0.0038092389646204885,3.787539319086991,0.9969315349220239,3.7875393190869917,0.996931534922024
0.0,0.07637953264479327,-2.572040516020019,26.651890147222762,-1.500456472701636,0.6646273006077524,0.3617735767935233,,,0.0,,0.9952301739355708,0.003805605899139972,3.7911473554884436,0.9969324549043885,3.791147355488447,0.9969324549043886
0.0,0.07645251634183359,-2.5710854322784593,26.61372377713352,-1.5004505065811695,0.66462993250567,0.36229382589796627,,,0.0,,0.9952310360469028,0.0038019762554077664,3.7947588322528887,0.9969333682711431,3.7947588322528905,0.9969333682711431
0.0,0.07652556977771426,-2.5701303485368996,26.575612214083574,-1.5004445302713656,0.6646325644223078,0.36281482108290847,,,0.0,,0.9952318868073515,0.0037983500301691613,3.798373752639943,0.9969342750121096,3.798373752639946,0.9969342750121097
0.0,0.07659869301907352,-2.56917526479534,26.537555379412108,-1.5004385437365693,0.6646351963641436,0.36333656341531345,,,0.0,,0.9952327261974832,0.0037947272201723776,3.8019921199122475,0.996935175117073,3.8019921199122475,0.9969351751170731
0.0,0.07667188613261333,-2.56822018105378,26.49955319457166,-1.5004325469410325,0.6646378283376687,0.363859053963661,,,0.0,,0.9952335541977967,0.0037911078221685816,3.8056139373354387,0.9969360685757804,3.8056139373354396,0.9969360685757805
0.0,0.0767451491850993,-2.567265097312221,26.461605581127994,-1.5004265398489092,0.664640460349388,0.36438229379794973,,,0.0,,0.9952343707887236,0.0037874918329118754,3.8092392081781767,0.996936955377942,3.809239208178178,0.9969369553779421
0.0,0.07681848224336095,-2.566310013570661,26.423712460759905,-1.5004205224242584,0.6646430924058198,0.36490628398969877,,,0.0,,0.9952351759506266,0.0037838792491592765,3.81286793571214,0.9969378355132299,3.812867935712142,0.99693783551323
0.0,0.07689188537429154,-2.565354929829102,26.385873755259063,-1.500414494631044,0.6646457245134958,0.3654310256119503,,,0.0,,0.9952359696638016,0.0037802700676707623,3.8165001232120166,0.9969387089712789,3.8165001232120193,0.996938708971279
0.0,0.07696535864484837,-2.564399846087542,26.34808938652986,-1.5004084564331308,0.6646483566789618,0.3659565197392714,,,0.0,,0.9952367519084749,0.003776664285209206,3.820135773955527,0.9969395757416857,3.8201357739555277,0.9969395757416858
0.0,0.07703890212205262,-2.5634447623459824,26.31035927658926,-1.5004024077942888,0.6646509889087768,0.3664827674477561,,,0.0,,0.9952375226648051,0.003773061898540425,3.8237748912234,0.9969404358140093,3.823774891223401,0.9969404358140094
0.0,0.07711251587298958,-2.5624896786044227,26.27268334756661,-1.5003963486781897,0.6646536212095139,0.3670097698150277,,,0.0,,0.9952382819128823,0.00376946290443315,3.8274174782994,0.9969412891777706,3.827417478299403,0.9969412891777707
0.0,0.07718619996480855,-2.561534594862863,26.23506152170349,-1.5003902790484092,0.6646562535877595,0.3675375279202408,,,0.0,,0.9952390296327274,0.0037658672996590315,3.8310635384703233,0.9969421358224525,3.831063538470324,0.9969421358224526
0.0,0.07725995446472311,-2.560579511121303,26.197493721353545,-1.5003841988684237,0.664658886050114,0.3680660428440836,,,0.0,,0.9952397658042924,0.0037622750809926378,3.8347130750259844,0.9969429757374999,3.834713075025986,0.9969429757374999
0.0,0.07733377944001095,-2.559624427379744,26.159979868982358,-1.5003781081016128,0.6646615186031917,0.3685953156687794,,,0.0,,0.99524049040746,0.003758686245211447,3.8383660912592426,0.9969438089123189,3.8383660912592434,0.996943808912319
0.0,0.07740767495801415,-2.5586693436381847,26.12251988716719,-1.5003720067112571,0.6646641512536208,0.3691253474780903,,,0.0,,0.9952412034220437,0.003755100789095855,3.8420225904659833,0.9969446353362778,3.842022590465987,0.9969446353362779
0.0,0.07748164108613913,-2.557714259896625,26.085113698596924,-1.50036589466054,0.6646667840080431,0.3696561393573178,,,0.0,,0.9952419048277878,0.0037515187094291514,3.845682575945147,0.9969454549987059,3.845682575945147,0.996945454998706
0.0,0.07755567789185663,-2.556759176155065,26.047761226071888,-1.5003597719125439,0.6646694168731149,0.370187692393305,,,0.0,,0.995242594604366,0.0037479400029975414,3.849346050998692,0.9969462678888944,3.849346050998693,0.9969462678888944
0.0,0.07762978544270194,-2.5558040924135055,26.01046239250364,-1.5003536384302545,0.6646720498555059,0.37072000767443974,,,0.0,,0.9952432727313828,0.0037443646665901316,3.8530130189316347,0.9969470739960953,3.853013018931637,0.9969470739960954
0.0,0.07770396380627484,-2.5548490086719458,25.97321712091486,-1.500347494176556,0.6646746829619002,0.37125308629065606,,,0.0,,0.9952439391883722,0.0037407926969989258,3.8566834830520356,0.9969478733095223,3.8566834830520382,0.9969478733095223
0.0,0.07777821305023974,-2.553893924930386,25.93602533443916,-1.5003413391142348,0.664677316198996,0.3717869293334364,,,0.0,,0.9952445939547981,0.0037372240910188226,3.860357446671,0.9969486658183497,3.8603574466710024,0.9969486658183497
0.0,0.07785253324232565,-2.5529388411888267,25.898886956320958,-1.5003351732059762,0.6646799495735054,0.37232153789581374,,,0.0,,0.995245237010054,0.00373365884544762,3.8640349131026843,0.9969494515117133,3.864034913102685,0.9969494515117133
0.0,0.0779269244503264,-2.551983757447267,25.861801909915204,-1.500328996414366,0.664682583092155,0.372856913072375,,,0.0,,0.9952458683334625,0.003730096957086007,3.867715885664299,0.9969502303787094,3.8677158856643006,0.9969502303787096
0.0,0.07800138674210046,-2.5510286737057077,25.824770118687454,-1.5003228087018878,0.6646852167616852,0.3733930559592601,,,0.0,,0.9952464879042753,0.00372653842273755,3.871400367676111,0.9969510024083955,3.8714003676761113,0.9969510024083955
0.0,0.07807592018557129,-2.550073589964148,25.787791506213424,-1.5003166100309273,0.6646878505888512,0.37392996765416814,,,0.0,,0.9952470957016734,0.0037229832392087136,3.875088362461441,0.9969517675897893,3.8750883624614447,0.9969517675897893
0.0,0.07815052484872714,-2.5491185062225883,25.75086599617905,-1.500310400363767,0.6646904845804219,0.3744676492563565,,,0.0,,0.9952476917047661,0.0037194314033088425,3.8787798733466823,0.9969525259118694,3.8787798733466823,0.9969525259118694
0.0,0.0782252007996213,-2.5481634224810286,25.713993512380256,-1.5003041796625878,0.6646931187431812,0.37500610186664396,,,0.0,,0.9952482758925916,0.0037158829118501577,3.882474903661271,0.9969532773635749,3.8824749036612736,0.996953277363575
0.0,0.07829994810637202,-2.547208338739469,25.677173978722756,-1.5002979478894702,0.6646957530839267,0.3755453265874135,,,0.0,,0.9952488482441164,0.003712337761647764,3.88617345673773,0.9969540219338051,3.886173456737731,0.9969540219338051
0.0,0.07837476683716264,-2.5462532549979096,25.64040731922197,-1.5002917050063922,0.664698387609471,0.3760853245226133,,,0.0,,0.9952494087382353,0.0037087959495196356,3.8898755359116306,0.9969547596114198,3.889875535911634,0.9969547596114198
0.0,0.07844965706024176,-2.54529817125635,25.603693458002752,-1.5002854509752293,0.6647010223266411,0.376626096777761,,,0.0,,0.9952499573537706,0.0037052574722866243,3.893581144521637,0.9969554903852387,3.893581144521638,0.9969554903852387
0.0,0.07852461884392307,-2.5443430875147905,25.567032319299425,-1.5002791857577547,0.6647036572422781,0.37716764445994216,,,0.0,,0.9952504940694732,0.003701722326772443,3.8972902859094596,0.9969562142440417,3.897290285909463,0.9969562142440417
0.0,0.07859965225658563,-2.543388003773231,25.530423827455373,-1.5002729093156386,0.6647062923632383,0.3777099686778172,,,0.0,,0.9952510188640209,0.0036981905098036794,3.901002963419912,0.9969569311765687,3.9010029634199137,0.9969569311765688
0.0,0.07867475736667377,-2.542432920031671,25.493867906923096,-1.5002666216104483,0.6647089276963921,0.37825307054161966,,,0.0,,0.9952515317160192,0.003694662018209783,3.9047191804008627,0.9969576411715195,3.9047191804008654,0.9969576411715196
0.0,0.07874993424269726,-2.5414778362901114,25.457364482263962,-1.5002603226036477,0.6647115632486249,0.3787969511631601,,,0.0,,0.9952520326040011,0.0036911368488230637,3.908438940203278,0.9969583442175535,3.908438940203279,0.9969583442175536
0.0,0.0788251829532313,-2.5405227525485516,25.42091347814804,-1.5002540122565964,0.6647141990268367,0.37934161165582836,,,0.0,,0.9952525215064258,0.0036876149984786904,3.9121622461811905,0.9969590403032897,3.912162246181193,0.9969590403032899
0.0,0.07890050356691664,-2.539567668806992,25.38451481935398,-1.50024769053055,0.6647168350379422,0.37988705313459525,,,0.0,,0.9952529984016802,0.0036840964640146878,3.9158891016917337,0.9969597294173068,3.9158891016917363,0.9969597294173069
0.0,0.07897589615245959,-2.5386125850654326,25.348168430768833,-1.5002413573866602,0.6647194712888709,0.38043327671601485,,,0.0,,0.9952534632680777,0.0036805812422719382,3.9196195100951186,0.996960411548143,3.919619510095122,0.9969604115481431
0.0,0.07905136077863219,-2.537657501323873,25.311874237387883,-1.5002350127859752,0.6647221077865673,0.3809802835182274,,,0.0,,0.9952539160838579,0.003677069330094163,3.9233534747546557,0.9969610866842954,3.9233534747546575,0.9969610866842955
0.0,0.0791268975142721,-2.5367024175823136,25.275632164314526,-1.5002286566894354,0.6647247445379905,0.38152807466096034,,,0.0,,0.9952543568271863,0.00367356072432795,3.9270909990367393,0.9969617548142207,3.92709099903674,0.9969617548142208
0.0,0.07920250642828285,-2.535747333840754,25.239442136760076,-1.500222289057878,0.6647273815501149,0.38207665126553175,,,0.0,,0.9952547854761551,0.0036700554218227098,3.930832086310863,0.9969624159263345,3.930832086310864,0.9969624159263346
0.0,0.07927818758963372,-2.534792250099194,25.203304080043655,-1.5002159098520347,0.6647300188299297,0.3826260144548512,,,0.0,,0.9952552020087823,0.0036665534194307145,3.9345767399496183,0.9969630700090116,3.934576739949621,0.9969630700090117
0.0,0.07935394106735993,-2.5338371663576345,25.167217919591995,-1.5002095190325304,0.664732656384439,0.38317616535342336,,,0.0,,0.9952556064030109,0.003663054714007066,3.938324963328701,0.9969637170505855,3.9383249633287027,0.9969637170505856
0.0,0.0794297669305627,-2.5328820826160747,25.1311835809393,-1.5002031165598846,0.6647352942206624,0.3837271050873491,,,0.0,,0.9952559986367102,0.0036595593024097077,3.942076759826902,0.9969643570393485,3.9420767598269038,0.9969643570393486
0.0,0.07950566524840917,-2.5319269988745154,25.095200989727115,-1.50019670239451,0.664737932345634,0.38427883478432806,,,0.0,,0.9952563786876739,0.003656067181499417,3.945832132826119,0.9969649899635515,3.9458321328261228,0.9969649899635517
0.0,0.07958163609013275,-2.5309719151329557,25.0592700717041,-1.5001902764967125,0.6647405707664037,0.38483135557366177,,,0.0,,0.995256746533622,0.003652578348139794,3.949591085711368,0.9969656158114042,3.9495910857113716,0.9969656158114043
0.0,0.0796576795250328,-2.5300168313913964,25.02339075272595,-1.500183838826691,0.6647432094900362,0.38538466858625425,,,0.0,,0.9952571021521976,0.0036490927991972883,3.9533536218707632,0.9969662345710745,3.953353621870765,0.9969662345710747
0.0,0.07973379562247511,-2.5290617476498367,24.98756295875519,-1.500177389344537,0.6647458485236115,0.38593877495461576,,,0.0,,0.9952574455209698,0.003645610531541154,3.957119744695538,0.9969668462306888,3.957119744695539,0.9969668462306889
0.0,0.0798099844518916,-2.528106663908277,24.95178661586107,-1.5001709280102353,0.6647484878742252,0.3864936758128641,,,0.0,,0.9952577766174322,0.0036421315420434807,3.9608894575800364,0.9969674507783315,3.960889457580038,0.9969674507783316
0.0,0.07988624608278055,-2.5271515801667173,24.916061650219376,-1.5001644547836603,0.664751127548988,0.3870493722967267,,,0.0,,0.9952580954190013,0.003638655827579178,3.9646627639217242,0.9969680482020453,3.964662763921727,0.9969680482020455
0.0,0.0799625805847067,-2.5261964964251575,24.880387988112272,-1.5001579696245813,0.664753767555026,0.38760586554354387,,,0.0,,0.9952584019030194,0.003635183385025974,3.96843966712119,0.996968638489831,3.968439667121191,0.9969686384898312
0.0,0.08003898802730125,-2.525241412683598,24.84476555592817,-1.5001514724926557,0.664756407899481,0.3881631566922701,,,0.0,,0.9952586960467512,0.003631714211264408,3.9722201705821374,0.996969221629647,3.9722201705821374,0.9969692216296472
0.0,0.08011546848026188,-2.5242863289420385,24.809194280161577,-1.5001449633474346,0.66475904858951,0.3887212468834764,,,0.0,,0.9952589778273858,0.0036282483031778393,3.9760042777113975,0.9969697976094097,3.9760042777114,0.9969697976094098
0.0,0.08019202201335295,-2.5233312452004792,24.773674087412886,-1.5001384421483583,0.6647616896322855,0.3892801372593537,,,0.0,,0.9952592472220355,0.0036247856576524353,3.9797919919189373,0.9969703664169931,3.97979199191894,0.9969703664169932
0.0,0.08026864869640546,-2.5223761614589195,24.738204904388287,-1.5001319088547584,0.6647643310349961,0.3898398289637135,,,0.0,,0.9952595042077361,0.0036213262715771646,3.9835833166178496,0.9969709280402287,3.9835833166178523,0.9969709280402288
0.0,0.08034534859931712,-2.52142107771736,24.702786657899612,-1.5001253634258565,0.6647669728048454,0.3904003231419908,,,0.0,,0.995259748761446,0.003617870141843809,3.9873782552243586,0.9969714824669055,3.9873782552243595,0.9969714824669056
0.0,0.08042212179205241,-2.5204659939758,24.667419274864155,-1.5001188058207637,0.6647696149490533,0.39096162094124665,,,0.0,,0.9952599808600465,0.00361441726534695,3.9911768111578185,0.9969720296847697,3.991176811157821,0.99697202968477
0.0,0.08049896834464271,-2.5195109102342403,24.632102682304527,-1.5001122359984804,0.664772257474855,0.3915237235101699,,,0.0,,0.9952602004803417,0.0036109676389839696,3.994978987840733,0.9969725696815251,3.9949789878407356,0.9969725696815253
0.0,0.08057588832718626,-2.5185558264926806,24.596836807348506,-1.5001056539178972,0.6647749003895016,0.3920866319990797,,,0.0,,0.995260407599058,0.003607521259655047,3.998784788698739,0.9969731024448322,3.9987847886987415,0.9969731024448323
0.0,0.08065288180984831,-2.5176007427511213,24.56162157722891,-1.5000990595377925,0.6647775437002601,0.3926503475599276,,,0.0,,0.9952606021928442,0.0036040781242631533,4.002594217160618,0.9969736279623085,4.002594217160619,0.9969736279623086
0.0,0.08072994886286122,-2.5166456590095616,24.526456919283337,-1.5000924528168338,0.6647801874144134,0.3932148713463012,,,0.0,,0.9952607842382706,0.003600638229714059,4.006407276658298,0.9969741462215285,4.006407276658298,0.9969741462215287
0.0,0.08080708955652434,-2.5156905752680023,24.491342760954232,-1.5000858337135772,0.6647828315392602,0.39378020451342294,,,0.0,,0.9952609537118297,0.0035972015729163103,4.01022397062685,0.9969746572100235,4.01022397062685,0.9969746572100237
0.0,0.08088430396120432,-2.5147354915264426,24.45627902978847,-1.5000792021864655,0.6647854760821154,0.39434634821815695,,,0.0,,0.9952611105899354,0.003593768150781251,4.014044302504502,0.9969751609152815,4.0140443025045025,0.9969751609152816
0.0,0.08096159214733493,-2.513780407784883,24.421265653437413,-1.5000725581938303,0.6647881210503095,0.39491330361900756,,,0.0,,0.9952612548489228,0.0035903379602230073,4.0178682757326305,0.9969756573247468,4.017868275732633,0.9969756573247469
0.0,0.08103895418541733,-2.512825324043323,24.386302559656674,-1.5000659016938898,0.6647907664511897,0.3954810718761235,,,0.0,,0.9952613864650485,0.0035869109981584825,4.021695893755775,0.9969761464258201,4.021695893755776,0.9969761464258202
0.0,0.08111639014602,-2.5118702403017634,24.35138967630596,-1.5000592326447497,0.664793412292119,0.3960496541512998,,,0.0,,0.99526150541449,0.0035834872615073633,4.025527160021622,0.9969766282058586,4.025527160021622,0.9969766282058588
0.0,0.08119390009977881,-2.510915156560204,24.316526931348967,-1.5000525510044014,0.6647960585804763,0.39661905160797917,,,0.0,,0.9952616116733448,0.0035800667471921083,4.0293620779810215,0.9969771026521758,4.029362077981023,0.9969771026521759
0.0,0.08127148411739726,-2.5099600728186444,24.28171425285312,-1.500045856730724,0.6647987053236574,0.3971892654112571,,,0.0,,0.995261705217632,0.003576649452137957,4.033200651087994,0.9969775697520407,4.033200651087994,0.9969775697520408
0.0,0.08134914226964628,-2.509004989077085,24.246951568989637,-1.5000391497814813,0.6648013525290737,0.3977602967278794,,,0.0,,0.9952617860232903,0.0035732353732729053,4.037042882799714,0.9969780294926787,4.037042882799716,0.9969780294926788
0.0,0.0814268746273645,-2.5080499053355254,24.21223880803311,-1.5000324301143233,0.6648040002041533,0.39833214672624984,,,0.0,,0.9952618540661785,0.0035698245075277296,4.040888776576538,0.9969784818612709,4.040888776576539,0.9969784818612711
0.0,0.08150468126145823,-2.5070948215939657,24.17757589836157,-1.5000256976867852,0.6648066483563407,0.39890481657642834,,,0.0,,0.9952619093220754,0.0035664168518359687,4.04473833588198,0.9969789268449543,4.0447383358819815,0.9969789268449545
0.0,0.08158256224290147,-2.506139737852406,24.142962768456247,-1.5000189524562875,0.6648092969930967,0.3994783074501352,,,0.0,,0.9952619517666796,0.0035630124031339233,4.048591564182734,0.9969793644308211,4.048591564182734,0.9969793644308212
0.0,0.08166051764273612,-2.5051846541108462,24.108399346901425,-1.5000121943801348,0.6648119461218984,0.40005262052075297,,,0.0,,0.995261981375609,0.0035596111583606534,4.052448464948663,0.9969797946059193,4.052448464948666,0.9969797946059195
0.0,0.08173854753207191,-2.5042295703692865,24.073885562384305,-1.5000054234155165,0.66481459575024,0.400627756963329,,,0.0,,0.9952619981244004,0.00355621311445798,4.056309041652822,0.9969802173572522,4.056309041652822,0.9969802173572523
0.0,0.08181665198208649,-2.5032744866277272,24.03942134369487,-1.4999986395195062,0.6648172458856316,0.40120371795457677,,,0.0,,0.9952620019885101,0.003552818268370478,4.060173297771428,0.996980632671778,4.060173297771428,0.9969806326717782
0.0,0.08189483106402566,-2.5023194028861675,24.00500661972568,-1.4999918426490606,0.6648198965356005,0.40178050467288023,,,0.0,,0.9952619929433131,0.003549426617045465,4.064041236783893,0.9969810405364106,4.064041236783896,0.9969810405364107
0.0,0.08197308484920313,-2.501364319144608,23.970641319471806,-1.4999850327610196,0.6648225477076902,0.4023581182982937,,,0.0,,0.9952619709641023,0.0035460381574330285,4.067912862172817,0.9969814409380183,4.067912862172817,0.9969814409380184
0.0,0.0820514134090009,-2.5004092354030485,23.936325372030595,-1.4999782098121073,0.6648251994094614,0.40293656001254646,,,0.0,,0.99526193602609,0.003542652886485983,4.071788177423976,0.9969818338634248,4.071788177423979,0.996981833863425
0.0,0.08212981681486908,-2.4994541516614888,23.902058706601615,-1.4999713737589289,0.664827851648491,0.40351583099904276,,,0.0,,0.995261888104406,0.0035392708011598973,4.07566718602635,0.996982219299408,4.075667186026353,0.9969822192994082
0.0,0.08220829513832609,-2.498499067919929,23.86784125248644,-1.4999645245579727,0.6648305044323735,0.404095932442866,,,0.0,,0.9952618271740977,0.003535891898413081,4.079549891472104,0.9969825972327011,4.079549891472105,0.9969825972327013
0.0,0.08228684845095866,-2.4975439841783693,23.833672939088515,-1.4999576621656097,0.6648331577687195,0.40467686553078047,,,0.0,,0.9952617532101311,0.003532516175206585,4.083436297256598,0.9969829676499912,4.0834362972566,0.9969829676499914
0.0,0.0823654768244219,-2.49658890043681,23.799553695913037,-1.4999507865380919,0.664835811665157,0.40525863145123303,,,0.0,,0.995261666187389,0.003529143628504195,4.087326406878392,0.9969833305379201,4.087326406878396,0.9969833305379203
0.0,0.08244418033043954,-2.4956338166952503,23.765483452566773,-1.4999438976315518,0.6648384661293311,0.40584123139435674,,,0.0,,0.9952615660806713,0.003525774255272421,4.091220223839253,0.9969836858830837,4.091220223839256,0.996983685883084
0.0,0.08252295904080366,-2.494678732953691,23.731462138757927,-1.4999369954020039,0.6648411211689035,0.4064246665519721,,,0.0,,0.9952614528646954,0.0035224080524805267,4.095117751644141,0.9969840336720325,4.0951177516441435,0.9969840336720327
0.0,0.08260181302737507,-2.4937236492121313,23.697489684295988,-1.4999300798053437,0.6648437767915532,0.40700893811759004,,,0.0,,0.9952613265140953,0.003519045017100483,4.099018993801228,0.9969843738912701,4.099018993801231,0.9969843738912705
0.0,0.08268074236208318,-2.4927685654705716,23.663566019091615,-1.4999231507973463,0.6648464330049765,0.4075940472864136,,,0.0,,0.9952611870034215,0.0035156851461069978,4.102923953821894,0.9969847065272552,4.102923953821896,0.9969847065272555
0.0,0.08275974711692616,-2.491813481729012,23.629691073156454,-1.4999162083336663,0.6648490898168866,0.4081799952553409,,,0.0,,0.9952610343071409,0.0035123284364775,4.106832635220725,0.9969850315663992,4.106832635220727,0.9969850315663995
0.0,0.08283882736397093,-2.490858397987452,23.59586477660301,-1.4999092523698394,0.6648517472350143,0.4087667832229671,,,0.0,,0.9952608683996367,0.003508974885192141,4.110745041515527,0.9969853489950677,4.1107450415155276,0.9969853489950681
0.0,0.08291798317535332,-2.4899033142458924,23.562087059644487,-1.4999022828612787,0.6648544052671074,0.4093544123895872,,,0.0,,0.9952606892552075,0.0035056244892337904,4.114661176227312,0.99698565879958,4.114661176227315,0.9969856587995802
0.0,0.08299721462327804,-2.488948230504333,23.528357852594688,-1.4998952997632782,0.6648570639209311,0.4099428839571974,,,0.0,,0.995260496848068,0.00350227724558803,4.118581042880323,0.9969859609662082,4.118581042880325,0.9969859609662084
0.0,0.0830765217800189,-2.4879931467627734,23.494677085867753,-1.499888303031009,0.6648597232042682,0.41053219912949956,,,0.0,,0.9952602911523485,0.0034989331512431635,4.122504645002014,0.996986255481178,4.122504645002017,0.9969862554811784
0.0,0.08315590471791864,-2.487038063021214,23.461044689978205,-1.499881292619521,0.6648623831249187,0.4111223591119004,,,0.0,,0.9952600721420938,0.003495592203190193,4.126431986123069,0.9969865423306685,4.12643198612307,0.9969865423306689
0.0,0.08323536350938925,-2.4860829792796544,23.427460595540598,-1.4998742684837425,0.6648650436907004,0.41171336511151724,,,0.0,,0.9952598397912645,0.003492254398422838,4.13036306977739,0.9969868215008116,4.130363069777394,0.9969868215008119
0.0,0.08331489822691181,-2.4851278955380947,23.39392473326953,-1.499867230578478,0.6648677049094484,0.41230521833717765,,,0.0,,0.9952595940737353,0.0034889197339375193,4.134297899502117,0.996987092977692,4.134297899502122,0.9969870929776923
0.0,0.08339450894303671,-2.484172811796535,23.360437033979416,-1.499860178858411,0.6648703667890155,0.4128979199994235,,,0.0,,0.995259334963296,0.0034855882067333665,4.138236478837616,0.9969873567473472,4.1382364788376185,0.9969873567473475
0.0,0.08347419573038364,-2.483217728054975,23.32699742858438,-1.4998531132780997,0.6648730293372722,0.4134914713105124,,,0.0,,0.9952590624336501,0.0034822598138122,4.142178811327481,0.9969876127957675,4.142178811327484,0.9969876127957679
0.0,0.08355395866164167,-2.482262644313416,23.29360584809811,-1.4998460337919806,0.6648756925621069,0.4140858734844204,,,0.0,,0.9952587764584157,0.003478934552178547,4.146124900518548,0.9969878611088958,4.1461249005185525,0.996987861108896
0.0,0.08363379780956941,-2.481307560571856,23.26026222363364,-1.4998389403543657,0.6648783564714253,0.4146811277368452,,,0.0,,0.9952584770111244,0.0034756124188396274,4.150074749960897,0.9969881016726271,4.1500747499609,0.9969881016726273
0.0,0.08371371324699488,-2.480352476830297,23.22696648640337,-1.4998318329194429,0.6648810210731515,0.4152772352852062,,,0.0,,0.9952581640652214,0.003472293410805345,4.154028363207838,0.9969883344728089,4.154028363207839,0.9969883344728091
0.0,0.0837937050468158,-2.479397393088737,23.193718567718715,-1.499824711441275,0.6648836863752271,0.4158741973486503,,,0.0,,0.9952578375940655,0.003468977525088307,4.157985743815929,0.9969885594952407,4.15798574381593,0.9969885594952409
0.0,0.08387377328199946,-2.4784423093471775,23.160518398990146,-1.4998175758738006,0.6648863523856119,0.4164720151480511,,,0.0,,0.9952574975709287,0.0034656647587038,4.161946895344975,0.9969887767256741,4.161946895344976,0.9969887767256743
0.0,0.08395391802558291,-2.4774872256056177,23.127365911726947,-1.4998104261708327,0.6648890191122834,0.4170706899060128,,,0.0,,0.9952571439689953,0.0034623551086697983,4.165911821358028,0.9969889861498126,4.165911821358031,0.9969889861498128
0.0,0.08403413935067298,-2.476532141864058,23.094261037537095,-1.4998032622860589,0.6648916865632374,0.4176702228468727,,,0.0,,0.9952567767613631,0.003459048572006958,4.169880525421392,0.9969891877533114,4.169880525421395,0.9969891877533116
0.0,0.08411443733044638,-2.4755770581224983,23.06120370812712,-1.49979608417304,0.6648943547464876,0.418270615196703,,,0.0,,0.9952563959210418,0.003455745145738613,4.173853011104625,0.9969893815217773,4.173853011104629,0.9969893815217775
0.0,0.08419481203814966,-2.474621974380939,23.028193855301968,-1.4997888917852111,0.6648970236700663,0.41887186818331357,,,0.0,,0.9952560014209532,0.0034524448268907814,4.1778292819805385,0.9969895674407688,4.177829281980542,0.996989567440769
0.0,0.08427526354709947,-2.4736668906393797,22.995231410964845,-1.4997816850758814,0.6648996933420234,0.41947398303625427,,,0.0,,0.9952555932339314,0.0034491476124921447,4.1818093416252085,0.9969897454957954,4.18180934162521,0.9969897454957957
0.0,0.08435579193068252,-2.47271180689782,22.962316307117057,-1.4997744639982313,0.6649023637704274,0.42007696098681796,,,0.0,,0.9952551713327222,0.0034458534995740636,4.1857931936179655,0.9969899156723183,4.185793193617967,0.9969899156723185
0.0,0.08443639726235554,-2.4717567231562603,22.929448475857942,-1.499767228505315,0.6649050349633654,0.4206808032680414,,,0.0,,0.9952547356899826,0.003442562485170569,4.189780841541406,0.9969900779557493,4.189780841541408,0.9969900779557497
0.0,0.08451707961564552,-2.4708016394147005,22.896627849384657,-1.499759978550058,0.6649077069289423,0.421285511114709,,,0.0,,0.9952542862782809,0.003439274566318355,4.193772288981396,0.9969902323314517,4.193772288981397,0.996990232331452
0.0,0.0845978390641497,-2.469846555673141,22.86385435999206,-1.4997527140852591,0.6649103796752818,0.4218910857633548,,,0.0,,0.995253823070097,0.003435989740056785,4.197767539527063,0.9969903787847392,4.197767539527064,0.9969903787847394
0.0,0.08467867568153561,-2.468891471931581,22.83112794007258,-1.4997454350635866,0.6649130532105259,0.42249752845226474,,,0.0,,0.9952533460378207,0.0034327080034278782,4.2017665967708115,0.9969905173008763,4.201766596770814,0.9969905173008766
0.0,0.0847595895415412,-2.467936388190022,22.798448522116068,-1.499738141437582,0.6649157275428355,0.4231048404214793,,,0.0,,0.995252855153753,0.0034294293534763228,4.205769464308317,0.9969906478650784,4.20576946430832,0.9969906478650786
0.0,0.08484058071797493,-2.466981304448462,22.765816038709637,-1.4997308331596555,0.6649184026803897,0.42371302291279594,,,0.0,,0.9952523503901045,0.0034261537872494435,4.209776145738537,0.996990770462511,4.209776145738539,0.9969907704625112
0.0,0.08492164928471568,-2.466026220706903,22.733230422537545,-1.4997235101820896,0.6649210786313865,0.4243220771697717,,,0.0,,0.9952518317189967,0.0034228813017972504,4.2137866446637,0.9969908850782898,4.213786644663701,0.9969908850782901
0.0,0.08500279531571305,-2.465071136965343,22.700691606381053,-1.499716172457035,0.6649237554040425,0.424932004437725,,,0.0,,0.99525129911246,0.003419611894172374,4.217800964689316,0.9969909916974813,4.21780096468932,0.9969909916974816
0.0,0.08508401888498719,-2.4641160532237834,22.668199523118286,-1.499708819936513,0.6649264330065932,0.4255428059637385,,,0.0,,0.9952507525424352,0.0034163455614301137,4.221819109424192,0.9969910903051014,4.221819109424193,0.9969910903051017
0.0,0.08516532006662904,-2.4631609694822236,22.635754105724086,-1.4997014525724146,0.6649291114472928,0.4261544829966618,,,0.0,,0.9952501919807718,0.0034130823006284098,4.2258410824804,0.9969911808861163,4.225841082480404,0.9969911808861166
0.0,0.08524669893480032,-2.462205885740664,22.60335528726987,-1.499694070316499,0.6649317907344146,0.4267670367871132,,,0.0,,0.9952496173992288,0.003409822108827844,4.229866887473321,0.9969912634254416,4.229866887473324,0.996991263425442
0.0,0.08532815556373355,-2.4612508019991046,22.571003000923515,-1.4996866731203935,0.6649344708762505,0.4273804685874826,,,0.0,,0.9952490287694734,0.0034065649830916467,4.23389652802161,0.996991337907943,4.233896528021614,0.9969913379079434
0.0,0.08540969002773234,-2.460295718257545,22.538697179949178,-1.4996792609355944,0.6649371518811117,0.42799477965193383,,,0.0,,0.9952484260630822,0.003403310920485674,4.237930007747234,0.9969914043184355,4.237930007747236,0.9969914043184358
0.0,0.08549130240117114,-2.4593406345159856,22.50643775770718,-1.4996718337134658,0.6649398337573282,0.42860997123640765,,,0.0,,0.9952478092515393,0.003400059918078437,4.241967330275438,0.9969914626416833,4.241967330275441,0.9969914626416837
0.0,0.0855729927584956,-2.458385550774426,22.474224667653868,-1.4996643914052388,0.6649425165132496,0.42922604459862335,,,0.0,,0.9952471783062378,0.003396811972941063,4.24600849923478,0.9969915128624001,4.246008499234785,0.9969915128624005
0.0,0.08565476117422241,-2.457430467032866,22.442057843341484,-1.4996569339620112,0.6649452001572442,0.42984300099808137,,,0.0,,0.9952465331984777,0.0033935670821473207,4.2500535182571175,0.9969915549652486,4.25005351825712,0.9969915549652489
0.0,0.08573660772293948,-2.4564753832913064,22.409937218418015,-1.499649461334748,0.6649478846976996,0.4304608416960659,,,0.0,,0.9952458738994672,0.003390325242773606,4.2541023909776055,0.9969915889348403,4.254102390977607,0.9969915889348407
0.0,0.08581853247930601,-2.4555202995497467,22.37786272662706,-1.49964197347428,0.6649505701430228,0.4310795679556477,,,0.0,,0.9952452003803216,0.003387086451898941,4.258155121034706,0.9969916147557359,4.258155121034709,0.9969916147557363
0.0,0.08590053551805256,-2.454565215808187,22.345834301807685,-1.4996344703313047,0.6649532565016404,0.4316991810416862,,,0.0,,0.9952445126120633,0.003383850706604969,4.262211712070198,0.9969916324124445,4.2622117120702,0.9969916324124448
0.0,0.085982616913981,-2.4536101320666277,22.3138518778943,-1.4996269518563843,0.6649559437819977,0.43231968222083145,,,0.0,,0.9952438105656215,0.0033806180039759577,4.266272167729161,0.9969916418894237,4.2662721677291655,0.996991641889424
0.0,0.08606477674196485,-2.452655048325068,22.281915388916467,-1.4996194179999458,0.6649586319925602,0.43294107276152843,,,0.0,,0.9952430942118322,0.0033773883410987953,4.270336491660003,0.9969916431710797,4.270336491660008,0.99699164317108
0.0,0.08614701507694898,-2.4516999645835087,22.250024768998887,-1.4996118687122824,0.6649613211418126,0.43356335393401657,,,0.0,,0.9952423635214376,0.0033741617150629785,4.274404687514437,0.9969916362417669,4.27440468751444,0.9969916362417672
0.0,0.08622933199395007,-2.450744880841949,22.2181799523611,-1.4996043039435496,0.6649640112382592,0.43418652701033555,,,0.0,,0.9952416184650856,0.0033709381229606247,4.2784767589475,0.9969916210857878,4.278476758947503,0.9969916210857882
0.0,0.08631172756805632,-2.4497897971003892,22.18638087331749,-1.4995967236437693,0.664966702290424,0.43481059326432503,,,0.0,,0.9952408590133308,0.0033677175618864606,4.282552709617547,0.996991597687393,4.2825527096175495,0.9969915976873933
0.0,0.08639420187442773,-2.4488347133588295,22.15462746627706,-1.4995891277628246,0.6649693943068505,0.4354355539716287,,,0.0,,0.9952400851366326,0.003364500028937821,4.2866325431862595,0.9969915660307808,4.286632543186263,0.9969915660307811
0.0,0.08647675498829616,-2.44787962961727,22.12291966574334,-1.499581516250463,0.6649720872961024,0.4360614104096961,,,0.0,,0.9952392968053558,0.003361285521214648,4.290716263318648,0.9969915261000972,4.290716263318652,0.9969915261000976
0.0,0.08655938698496525,-2.4469245458757105,22.09125740631425,-1.499573889056295,0.6649747812667627,0.4366881638577851,,,0.0,,0.9952384939897708,0.0033580740358194867,4.2948038736830485,0.9969914778794361,4.294803873683052,0.9969914778794364
0.0,0.08664209793981077,-2.445969462134151,22.05964062268188,-1.4995662461297932,0.6649774762274347,0.43731581559696586,,,0.0,,0.995237676660052,0.003354865569857487,4.2988953779511325,0.9969914213528384,4.298895377951135,0.9969914213528387
0.0,0.08672488792828033,-2.4450143783925915,22.02806924963253,-1.4995585874202915,0.6649801721867413,0.43794436691012006,,,0.0,,0.9952368447862792,0.003351660120436388,4.302990779797897,0.9969913565042925,4.302990779797903,0.9969913565042928
0.0,0.0868077570258938,-2.4440592946510318,21.996543222046366,-1.4995509128769864,0.6649828691533258,0.4385738190819476,,,0.0,,0.9952359983384357,0.003348457684666533,4.307090082901696,0.996991283317734,4.307090082901698,0.9969912833177343
0.0,0.08689070530824308,-2.443104210909472,21.965062474897454,-1.4995432224489353,0.6649855671358512,0.43920417339896534,,,0.0,,0.9952351372864092,0.0033452582596608564,4.311193290944196,0.9969912017770454,4.3111932909442,0.9969912017770457
0.0,0.08697373285099236,-2.4421491271679123,21.933626943253536,-1.499535516085057,0.6649882661430008,0.4398354311495116,,,0.0,,0.9952342615999914,0.003342061842534886,4.315300407610425,0.996991111866056,4.31530040761043,0.9969911118660564
0.0,0.08705683972987811,-2.4411940434263526,21.902236562275913,-1.4995277937341291,0.664990966183478,0.44046759362374877,,,0.0,,0.9952333712488772,0.0033388684304067355,4.319411436588751,0.996991013568542,4.319411436588754,0.9969910135685425
0.0,0.0871400260207092,-2.440238959684793,21.870891267219317,-1.4995200553447912,0.6649936672660064,0.44110066211366455,,,0.0,,0.9952324662026646,0.0033356780203971062,4.323526381570882,0.9969909068682262,4.323526381570885,0.9969909068682266
0.0,0.08722329179936686,-2.4392838759432336,21.839590993431784,-1.499512300865541,0.6649963693993303,0.44173463791307577,,,0.0,,0.9952315464308551,0.0033324906096292846,4.327645246251882,0.9969907917487776,4.327645246251886,0.9969907917487779
0.0,0.08730663714180494,-2.4383287922016743,21.8083356763545,-1.4995045302447367,0.6649990725922136,0.4423695223176299,,,0.0,,0.9952306119028523,0.003329306195229133,4.331768034330166,0.9969906681938115,4.331768034330169,0.9969906681938119
0.0,0.08739006212404983,-2.4373737084601146,21.77712525152164,-1.4994967434305946,0.6650017768534415,0.4430053166248091,,,0.0,,0.9952296625879629,0.0033261247743250964,4.3358947495075055,0.9969905361868896,4.335894749507509,0.9969905361868899
0.0,0.08747356682220053,-2.436418624718555,21.74595965456032,-1.499488940371189,0.665004482191819,0.44364202213393045,,,0.0,,0.9952286984553952,0.003322946344048196,4.3400253954890236,0.9969903957115195,4.340025395489027,0.9969903957115198
0.0,0.08755715131242878,-2.435463540976995,21.71483882119039,-1.4994811210144536,0.665007188616172,0.4442796401461504,,,0.0,,0.9952277194742598,0.0033197709015320266,4.344159975983209,0.9969902467511543,4.344159975983212,0.9969902467511547
0.0,0.08764081567097909,-2.4345084572354354,21.683762687224327,-1.4994732853081791,0.665009896135347,0.4449181719644663,,,0.0,,0.995226725613569,0.0033165984439127547,4.348298494701904,0.9969900892891935,4.348298494701908,0.9969900892891939
0.0,0.08772455997416882,-2.4335533734938757,21.652731188567095,-1.4994654332000126,0.665012604758211,0.4455576188937195,,,0.0,,0.9952257168422364,0.003313428968329114,4.352440955360326,0.9969899233089815,4.352440955360329,0.9969899233089818
0.0,0.08780838429838826,-2.4325982897523164,21.621744261216023,-1.4994575646374595,0.6650153144936519,0.44619798224059726,,,0.0,,0.9952246931290764,0.0033102624719224074,4.356587361677051,0.9969897487938084,4.356587361677052,0.9969897487938087
0.0,0.08789228872010076,-2.4316432060107567,21.59080184126064,-1.4994496795678804,0.6650180253505783,0.4468392633136361,,,0.0,,0.9952236544428049,0.0033070989518364925,4.360737717374028,0.9969895657269097,4.360737717374031,0.99698956572691
0.0,0.08797627331584261,-2.4306881222691974,21.55990386488257,-1.4994417779384925,0.6650207373379197,0.447481463423224,,,0.0,,0.9952226007520381,0.0033039384052178052,4.364892026176577,0.9969893740914657,4.36489202617658,0.996989374091466
0.0,0.08806033816222336,-2.4297330385276377,21.5290502683554,-1.4994338596963694,0.6650234504646265,0.44812458388160253,,,0.0,,0.9952215320252923,0.003300780829215323,4.369050291813398,0.9969891738706018,4.369050291813402,0.9969891738706022
0.0,0.0881444833359257,-2.428777954786078,21.498240988044547,-1.4994259247884378,0.6650261647396701,0.4487686260028698,,,0.0,,0.9952204482309843,0.0032976262209805885,4.373212518016565,0.9969889650473884,4.373212518016567,0.9969889650473888
0.0,0.08822870891370556,-2.427822871044518,21.467475960407107,-1.4994179731614807,0.665028880172043,0.449413591102983,,,0.0,,0.9952193493374302,0.0032944745776676975,4.377378708521524,0.9969887476048404,4.377378708521525,0.9969887476048407
0.0,0.08831301497239227,-2.4268677873029585,21.436755121991744,-1.4994100047621362,0.6650315967707586,0.45005948049976097,,,0.0,,0.9952182353128463,0.0032913258964332955,4.381548867067111,0.9969885215259171,4.3815488670671145,0.9969885215259174
0.0,0.08839740158888851,-2.425912703561399,21.406078409438557,-1.499402019536894,0.6650343145448518,0.45070629551288627,,,0.0,,0.9952171061253473,0.003288180174436582,4.385722997395548,0.9969882867935225,4.385722997395551,0.9969882867935228
0.0,0.08848186884017056,-2.4249576198198395,21.375445759478918,-1.4993940174321,0.6650370335033786,0.4513540374639089,,,0.0,,0.9952159617429476,0.0032850374088392903,4.389901103252444,0.9969880433905045,4.389901103252447,0.9969880433905048
0.0,0.08856641680328813,-2.42400253607828,21.344857108935376,-1.4993859983939515,0.6650397536554161,0.4520027076762477,,,0.0,,0.99521480213356,0.0032818975968057175,4.394083188386788,0.9969877912996553,4.394083188386792,0.9969877912996556
0.0,0.08865104555536464,-2.4230474523367205,21.3143123947215,-1.4993779623684989,0.665042475010063,0.45265230747519347,,,0.0,,0.9952136272649956,0.0032787607355026826,4.398269256550979,0.9969875305037108,4.39826925655098,0.9969875305037113
0.0,0.08873575517359718,-2.4220923685951607,21.28381155384178,-1.499369909301645,0.6650451975764394,0.4533028381879116,,,0.0,,0.995212437104964,0.0032756268220995545,4.402459311500793,0.9969872609853511,4.402459311500794,0.9969872609853514
0.0,0.08882054573525655,-2.421137284853601,21.253354523391472,-1.4993618391391446,0.6650479213636868,0.453954301143444,,,0.0,,0.9952112316210722,0.003272495853768238,4.4066533569954105,0.9969869827271993,4.406653356995414,0.9969869827271997
0.0,0.08890541731768746,-2.4201822011120413,21.22294124055646,-1.4993537518266045,0.6650506463809684,0.45460669767271256,,,0.0,,0.9952100107808254,0.0032693678276831694,4.410851396797419,0.9969866957118225,4.410851396797421,0.9969866957118229
0.0,0.08899036999830848,-2.4192271173704816,21.19257164261315,-1.4993456473094808,0.6650533726374689,0.45526002910852104,,,0.0,,0.9952087745516255,0.0032662427410213176,4.415053434672793,0.9969863999217308,4.415053434672797,0.9969863999217312
0.0,0.08907540385461214,-2.4182720336289223,21.16224566692833,-1.4993375255330825,0.6650561001423947,0.45591429678555795,,,0.0,,0.995207522900772,0.0032631205909621824,4.419259474390927,0.9969860953393777,4.4192594743909295,0.9969860953393781
0.0,0.08916051896416514,-2.4173169498873626,21.131963250958986,-1.4993293864425672,0.665058828904974,0.45656950204040037,,,0.0,,0.9952062557954608,0.003260001374687793,4.423469519724615,0.9969857819471594,4.423469519724619,0.9969857819471598
0.0,0.08924571540460811,-2.4163618661458033,21.101724332252317,-1.4993212299829421,0.6650615589344568,0.4572256462115128,,,0.0,,0.9952049732027844,0.003256885089382691,4.42768357445006,0.9969854597274151,4.427683574450063,0.9969854597274156
0.0,0.08933099325365605,-2.4154067824042436,21.071528848445407,-1.4993130560990655,0.6650642902401149,0.45788273063925483,,,0.0,,0.9952036750897317,0.003253771732233952,4.431901642346882,0.996985128662427,4.431901642346887,0.9969851286624274
0.0,0.08941635258909812,-2.414451698662684,21.04137673726526,-1.499304864735643,0.6650670228312423,0.45854075666587985,,,0.0,,0.9952023614231873,0.003250661300431169,4.436123727198115,0.9969847887344193,4.43612372719812,0.9969847887344198
0.0,0.08950179348879779,-2.413496614921124,21.011267936528604,-1.4992966558372298,0.6650697567171546,0.4591997256355389,,,0.0,,0.9952010321699312,0.003247553791166448,4.440349832790207,0.996984439925559,4.440349832790212,0.9969844399255594
0.0,0.089587316030693,-2.4125415311795644,20.98120238414175,-1.4992884293482278,0.6650724919071899,0.4598596388942839,,,0.0,,0.9951996872966393,0.0032444492016344135,4.444579962913033,0.996984082217955,4.444579962913034,0.9969840822179555
0.0,0.08967292029279608,-2.411586447438005,20.95118001810051,-1.4992801852128876,0.6650752284107081,0.4605204977900689,,,0.0,,0.9951983267698823,0.0032413475290321994,4.448814121359872,0.9969837155936587,4.4488141213598755,0.9969837155936593
0.0,0.08975860635319403,-2.4106313636964454,20.921200776489957,-1.4992719233753076,0.6650779662370916,0.4611823036727554,,,0.0,,0.9951969505561258,0.0032382487705594556,4.4530523119274585,0.9969833400346632,4.45305231192746,0.9969833400346636
0.0,0.08984437429004832,-2.409676279954886,20.891264597484504,-1.499263643779431,0.6650807053957449,0.4618450578941102,,,0.0,,0.9951955586217296,0.003235152923418326,4.457294538415923,0.9969829555229031,4.457294538415927,0.9969829555229036
0.0,0.08993022418159526,-2.4087211962133264,20.861371419347524,-1.4992553463690492,0.6650834458960949,0.46250876180781353,,,0.0,,0.9951941509329483,0.003232059984813472,4.461540804628853,0.996982562040255,4.461540804628855,0.9969825620402556
0.0,0.09001615610614577,-2.4077661124717666,20.831521180431416,-1.4992470310877988,0.6650861877475909,0.46317341676945767,,,0.0,,0.9951927274559298,0.0032289699519520523,4.465791114373249,0.9969821595685369,4.4657911143732525,0.9969821595685374
0.0,0.0901021701420857,-2.406811028730207,20.80171381917739,-1.4992386978791616,0.6650889309597046,0.46383902413655115,,,0.0,,0.9951912881567162,0.0032258828220437276,4.470045471459557,0.9969817480895078,4.47004547145956,0.9969817480895083
0.0,0.09018826636787575,-2.405855944988647,20.77194927411536,-1.499230346686465,0.6650916755419305,0.4645055852685212,,,0.0,,0.9951898330012424,0.0032227985923006536,4.4743038797016546,0.9969813275848681,4.474303879701658,0.9969813275848687
0.0,0.09027444486205159,-2.4049008612470875,20.7422274838638,-1.4992219774528808,0.6650944215037853,0.4651731015267163,,,0.0,,0.9951883619553371,0.003219717259937484,4.478566342916865,0.9969808980362592,4.478566342916867,0.9969808980362598
0.0,0.09036070570322395,-2.403945777505528,20.712548387129647,-1.4992135901214245,0.6650971688548089,0.46584157427440903,,,0.0,,0.9951868749847211,0.0032166388221713657,4.482832864925946,0.9969804594252631,4.482832864925948,0.9969804594252636
0.0,0.09044704897007873,-2.4029906937639685,20.682911922708133,-1.4992051846349561,0.6650999176045634,0.4665110048767984,,,0.0,,0.9951853720550081,0.0032135632762219256,4.4871034495531115,0.9969800117334026,4.487103449553113,0.996980011733403
0.0,0.09053347474137688,-2.402035610022409,20.653318029482683,-1.4991967609361787,0.665102667762634,0.4671813947010128,,,0.0,,0.995183853131704,0.0032104906193112983,4.4913781006260125,0.9969795549421409,4.491378100626014,0.9969795549421413
0.0,0.09061998309595479,-2.4010805262808494,20.623766646424784,-1.4991883189676376,0.6651054193386291,0.4678527451161127,,,0.0,,0.9951823181802063,0.0032074208486640846,4.495656821975755,0.9969790890328815,4.49565682197576,0.9969790890328819
0.0,0.09070657411272405,-2.4001254425392897,20.594257712593876,-1.499179858671721,0.6651081723421792,0.4685250574930921,,,0.0,,0.9951807671658042,0.003204353961507377,4.4999396174369055,0.9969786139869683,4.499939617436906,0.9969786139869687
0.0,0.09079324787067167,-2.39917035879773,20.56479116713719,-1.4991713799906594,0.6651109267829388,0.4691983332048832,,,0.0,,0.9951792000536785,0.00320128995507075,4.504226490847468,0.996978129785685,4.5042264908474685,0.9969781297856855
0.0,0.09088000444886016,-2.3982152750561703,20.535366949289646,-1.4991628828665242,0.6651136826705847,0.4698725736263575,,,0.0,,0.995177616808901,0.003198228826586252,4.508517446048914,0.9969776364102552,4.508517446048918,0.9969776364102556
0.0,0.09096684392642754,-2.397260191314611,20.505984998373723,-1.499154367241228,0.6651164400148173,0.47054778013432874,,,0.0,,0.9951760173964339,0.003195170573288414,4.51281248688618,0.9969771338418422,4.512812486886181,0.9969771338418426
0.0,0.09105376638258755,-2.3963051075730513,20.47664525379932,-1.4991458330565237,0.6651191988253601,0.4712239541075565,,,0.0,,0.9951744017811303,0.003192115192414226,4.517111617207655,0.9969766220615488,4.517111617207657,0.9969766220615492
0.0,0.09114077189662947,-2.395350023831492,20.447347655063634,-1.4991372802540057,0.6651219591119598,0.4719010969267478,,,0.0,,0.9951727699277328,0.0031890626812031706,4.521414840865198,0.9969761010504171,4.5214148408652015,0.9969761010504176
0.0,0.09122786054791854,-2.3943949400899323,20.41809214175105,-1.4991287087751057,0.6651247208843867,0.4725792099745601,,,0.0,,0.9951711218008744,0.003186013036897178,4.525722161714144,0.9969755707894284,4.525722161714144,0.9969755707894289
0.0,0.09131503241589564,-2.3934398563483725,20.388878653533006,-1.4991201185610978,0.6651274841524343,0.47325829463560404,,,0.0,,0.9951694573650777,0.0031829662567406567,4.530033583613278,0.9969750312595033,4.53003358361328,0.9969750312595037
0.0,0.09140228758007767,-2.392484772606813,20.359707130167866,-1.499111509553092,0.6651302489259197,0.4739383522964458,,,0.0,,0.9951677765847541,0.0031799223379804756,4.534349110424875,0.9969744824415009,4.534349110424878,0.9969744824415013
0.0,0.09148962612005745,-2.391529688865253,20.330577511500795,-1.4991028816920382,0.6651330152146836,0.47461938434561046,,,0.0,,0.9951660794242041,0.003176881277865966,4.538668746014681,0.996973924316219,4.538668746014682,0.9969739243162195
0.0,0.09157704811550389,-2.390574605123694,20.301489737463637,-1.4990942349187235,0.6651357830285903,0.47530139217358386,,,0.0,,0.9951643658476172,0.003173843073648918,4.542992494251915,0.9969733568643943,4.542992494251915,0.9969733568643947
0.0,0.09166455364616209,-2.389619521382134,20.272443748074778,-1.4990855691737734,0.6651385523775278,0.4759843771728159,,,0.0,,0.9951626358190708,0.0031708077225835723,4.5473203590092774,0.9969727800667014,4.547320359009281,0.9969727800667018
0.0,0.0917521427918532,-2.388664437640575,20.243439483439033,-1.4990768843976492,0.6651413232714081,0.4766683407377234,,,0.0,,0.9951608893025304,0.0031677752219266384,4.55165234416296,0.9969721939037534,4.55165234416296,0.9969721939037538
0.0,0.0918398156324748,-2.387709353899015,20.214476883747516,-1.4990681805306492,0.6651440957201666,0.47735328426469187,,,0.0,,0.9951591262618498,0.0031647455689372593,4.5559884535926285,0.9969715983561014,4.5559884535926285,0.9969715983561018
0.0,0.09192757224800072,-2.3867542701574553,20.185555889277527,-1.499059457512908,0.6651468697337631,0.47803920915207904,,,0.0,,0.9951573466607693,0.00316171876087704,4.560328691181437,0.9969709934042342,4.560328691181441,0.9969709934042347
0.0,0.09201541271848121,-2.3857991864158956,20.156676440392424,-1.4990507152843957,0.6651496453221811,0.47872611680021676,,,0.0,,0.9951555504629169,0.003158694795010029,4.564673060816043,0.9969703790285785,4.5646730608160455,0.996970379028579
0.0,0.09210333712404306,-2.384844102674336,20.12783847754148,-1.4990419537849167,0.6651524224954283,0.4794140086114149,,,0.0,,0.9951537376318076,0.0031556736686027182,4.569021566386582,0.9969697552094985,4.569021566386582,0.9969697552094989
0.0,0.09219134554488956,-2.383889018932776,20.099041941259788,-1.4990331729541115,0.6651552012635364,0.4801028859899629,,,0.0,,0.9951519081308424,0.0031526553789240435,4.5733742117866845,0.9969691219272954,4.573374211786686,0.9969691219272958
0.0,0.09227943806130066,-2.382933935191217,20.070286772168128,-1.499024372731454,0.6651579816365616,0.4807927503421327,,,0.0,,0.9951500619233089,0.0031496399232453804,4.57773100091349,0.9969684791622081,4.5777310009134915,0.9969684791622085
0.0,0.0923676147536331,-2.381978851449657,20.041572910972786,-1.4990155530562514,0.665160763624584,0.48148360307618293,,,0.0,,0.9951481989723803,0.003146627298840542,4.582091937667632,0.9969678268944121,4.582091937667633,0.9969678268944125
0.0,0.09245587570232026,-2.381023767708098,20.012900298465574,-1.499006713867645,0.6651635472377084,0.4821754456023584,,,0.0,,0.9951463192411157,0.0031436175029857715,4.586457025953242,0.9969671651040201,4.5864570259532425,0.9969671651040205
0.0,0.09254422098787256,-2.380068683966538,19.984268875523526,-1.4989978551046088,0.6651663324860638,0.4828682793328968,,,0.0,,0.9951444226924595,0.0031406105329597526,4.590826269677963,0.9969664937710812,4.590826269677966,0.9969664937710816
0.0,0.09263265069087717,-2.3791136002249784,19.95567858310892,-1.498988976705948,0.6651691193798038,0.48356210568202823,,,0.0,,0.9951425092892408,0.0031376063860435936,4.595199672752947,0.9969658128755811,4.59519967275295,0.9969658128755815
0.0,0.09272116489199836,-2.3781585164834187,19.92712936226909,-1.4989800786103014,0.6651719079291066,0.48425692606597937,,,0.0,,0.9951405789941732,0.003134605059520834,4.599577239092853,0.9969651223974417,4.599577239092855,0.9969651223974422
0.0,0.09280976367197745,-2.377203432741859,19.898621154136304,-1.4989711607561378,0.6651746981441751,0.4849527419029759,,,0.0,,0.9951386317698552,0.0031316065506774376,4.603958972615848,0.9969644223165214,4.603958972615849,0.9969644223165218
0.0,0.09289844711163289,-2.3762483490002997,19.87015389992768,-1.498962223081757,0.6651774900352365,0.48564955461324494,,,0.0,,0.995136667578769,0.003128610856801791,4.608344877243616,0.9969637126126142,4.608344877243618,0.9969637126126146
0.0,0.09298721529186045,-2.37529326525874,19.84172754094497,-1.4989532655252904,0.6651802836125434,0.48634736561901964,,,0.0,,0.9951346863832805,0.0031256179751847045,4.61273495690137,0.9969629932654502,4.612734956901371,0.9969629932654507
0.0,0.09307606829363307,-2.3743381815171807,19.813342018574602,-1.4989442880246975,0.665183078886373,0.48704617634453773,,,0.0,,0.9951326881456392,0.0031226279031193985,4.617129215517828,0.9969622642546949,4.617129215517828,0.9969622642546954
0.0,0.09316500619800121,-2.373383097775621,19.784997274287356,-1.4989352905177693,0.6651858758670272,0.4877459882160498,,,0.0,,0.9951306728279776,0.00311964063790152,4.621527657025237,0.9969615255599494,4.621527657025238,0.9969615255599499
0.0,0.09325402908609265,-2.3724280140340612,19.756693249638413,-1.4989262729421242,0.6651886745648333,0.48844680266181756,,,0.0,,0.9951286403923107,0.0031166561768291223,4.6259302853593685,0.99696077716075,4.625930285359372,0.9969607771607505
0.0,0.09334313703911272,-2.3714729302925015,19.72842988626715,-1.49891723523521,0.6651914749901435,0.48914862111211815,,,0.0,,0.9951265908005364,0.0031136745172026747,4.630337104459527,0.9969600190365683,4.630337104459529,0.9969600190365687
0.0,0.09343233013834437,-2.3705178465509418,19.700207125897034,-1.4989081773343018,0.6651942771533352,0.48985144499924754,,,0.0,,0.9951245240144344,0.0031106956563250513,4.634748118268536,0.9969592511668106,4.634748118268537,0.9969592511668111
0.0,0.09352160846514822,-2.369562762809382,19.672024910335498,-1.4988990991765028,0.665197081064811,0.4905552757575223,,,0.0,,0.9951224399956663,0.003107719591501538,4.639163330732756,0.9969584735308181,4.639163330732758,0.9969584735308185
0.0,0.09361097210096257,-2.3686076790678228,19.64388318147384,-1.498890000698743,0.6651998867349989,0.49126011482328275,,,0.0,,0.9951203387057754,0.0031047463200398217,4.643582745802088,0.9969576861078665,4.643582745802088,0.9969576861078668
0.0,0.09370042112730367,-2.367652595326263,19.615781881287056,-1.4988808818377792,0.6652026941743521,0.49196596363489603,,,0.0,,0.995118220106186,0.003101775839249985,4.64800636742996,0.9969568888771658,4.6480063674299625,0.9969568888771663
0.0,0.09378995562576552,-2.3666975115847038,19.58772095183378,-1.4988717425301938,0.6652055033933494,0.4926728236327581,,,0.0,,0.9951160841582032,0.0030988081464445255,4.652434199573351,0.9969560818178608,4.652434199573353,0.9969560818178611
0.0,0.0938795756780202,-2.365742427843144,19.559700335256103,-1.4988625827123951,0.6652083144024953,0.4933806962592979,,,0.0,,0.9951139308230124,0.003095843238938321,4.65686624619278,0.9969552649090294,4.656866246192779,0.9969552649090297
0.0,0.09396928136581775,-2.3647873441015843,19.531719973779513,-1.498853402320617,0.6652111272123197,0.4940895829589781,,,0.0,,0.9951117600616798,0.0030928811140486564,4.661302511252298,0.9969544381296842,4.6613025112523,0.9969544381296845
0.0,0.09405907277098638,-2.3638322603600246,19.503779809712725,-1.498844201290917,0.665213941833378,0.4947994851782992,,,0.0,,0.9951095718351513,0.003089921769095203,4.665742998719524,0.9969536014587711,4.665742998719525,0.9969536014587714
0.0,0.09414894997543242,-2.362877176618465,19.4758797854476,-1.4988349795591778,0.6652167582762518,0.49551040436580224,,,0.0,,0.9951073661042518,0.003086965201400025,4.670187712565611,0.9969527548751695,4.67018771256561,0.9969527548751699
0.0,0.0942389130611405,-2.3619220928769056,19.448019843458994,-1.4988257370611044,0.6652195765515484,0.4962223419720712,,,0.0,,0.995105142829686,0.0030840114082875745,4.674636656765266,0.9969518983576924,4.6746366567652675,0.9969518983576928
0.0,0.09432896211017369,-2.360967009135346,19.42019992630464,-1.4988164737322258,0.6652223966699007,0.4969352994497365,,,0.0,,0.9951029019720375,0.0030810603870846816,4.67908983529676,0.9969510318850856,4.679089835296762,0.9969510318850859
0.0,0.09441909720467327,-2.3600119253937866,19.39241997662506,-1.4988071895078936,0.665225218641968,0.4976492782534767,,,0.0,,0.9951006434917683,0.003078112135120575,4.6835472521419135,0.996950155436028,4.683547252141915,0.9969501554360284
0.0,0.09450931842685922,-2.359056841652227,19.364679937143396,-1.4987978843232816,0.6652280424784357,0.4983642798400226,,,0.0,,0.9950983673492184,0.003075166649726847,4.68800891128611,0.9969492689891315,4.688008911286112,0.9969492689891318
0.0,0.09459962585902995,-2.358101757910667,19.336979750665357,-1.4987885581133846,0.6652308681900149,0.49908030566815803,,,0.0,,0.9950960735046063,0.0030722239282374776,4.692474816718297,0.9969483725229402,4.692474816718296,0.9969483725229406
0.0,0.09469001958356255,-2.3571466741691074,19.309319360079037,-1.498779210813019,0.6652336957874432,0.49979735719872515,,,0.0,,0.9950937619180276,0.003069283967988824,4.696944972430973,0.9969474660159309,4.696944972430975,0.9969474660159313
0.0,0.09478049968291281,-2.3561915904275477,19.28169870835484,-1.4987698423568219,0.6652365252814846,0.5005154358946253,,,0.0,,0.9950914325494551,0.003066346766319612,4.701419382420227,0.9969465494465126,4.701419382420227,0.9969465494465131
0.0,0.09487106623961533,-2.355236506685988,19.25411773854532,-1.4987604526792502,0.6652393566829293,0.5012345432208228,,,0.0,,0.995089085358739,0.0030634123205709432,4.705898050685694,0.9969456227930263,4.705898050685694,0.9969456227930268
0.0,0.09496171933628353,-2.3542814229444287,19.226576393785134,-1.4987510417145813,0.6652421900025942,0.5019546806443471,,,0.0,,0.9950867203056056,0.0030604806280862848,4.710380981230595,0.996944686033745,4.710380981230595,0.9969446860337453
0.0,0.09505245905560983,-2.3533263392028694,19.199074617290808,-1.4987416093969097,0.6652450252513225,0.5026758496342968,,,0.0,,0.9950843373496577,0.0030575516862114756,4.714868178061721,0.9969437391468731,4.714868178061724,0.9969437391468734
0.0,0.0951432854803657,-2.3523712554613097,19.171612352360725,-1.4987321556601505,0.6652478624399839,0.5033980516618412,,,0.0,,0.9950819364503741,0.003054625492294709,4.719359645189451,0.9969427821105467,4.719359645189451,0.996942782110547
0.0,0.0952341986934016,-2.35141617171975,19.144189542374974,-1.4987226804380365,0.6652507015794752,0.5041212882002232,,,0.0,,0.995079517567109,0.0030517020436865525,4.723855386627724,0.9969418149028332,4.723855386627724,0.9969418149028335
0.0,0.0953251987776472,-2.35046108797819,19.116806130795222,-1.498713183664117,0.6652535426807197,0.5048455607247629,,,0.0,,0.9950770806590915,0.003048781337739924,4.728355406394071,0.996940837501731,4.728355406394071,0.9969408375017313
0.0,0.09541628581611142,-2.3495060042366305,19.089462061164603,-1.4987036652717598,0.6652563857546676,0.5055708707128598,,,0.0,,0.9950746256854265,0.0030458633718101055,4.73285970850961,0.9969398498851697,4.7328597085096105,0.99693984988517
0.0,0.09550745989188247,-2.3485509204950707,19.062157277107595,-1.4986941251941481,0.6652592308122961,0.506297219643996,,,0.0,,0.9950721526050924,0.0030429481432547303,4.73736829699904,0.9969388520310095,4.737368296999041,0.9969388520310097
0.0,0.09559872108812796,-2.3475958367535115,19.03489172232993,-1.4986845633642816,0.6652620778646093,0.5070246089997379,,,0.0,,0.9950696613769427,0.0030400356494337845,4.741881175890655,0.996937843917041,4.741881175890654,0.9969378439170413
0.0,0.09569006948809507,-2.3466407530119517,19.00766534061839,-1.4986749797149759,0.6652649269226385,0.5077530402637426,,,0.0,,0.9950671519597044,0.003037125887709609,4.746398349216332,0.9969368255209854,4.746398349216335,0.9969368255209856
0.0,0.09578150517511033,-2.3456856692703925,18.98047807584086,-1.4986653741788607,0.665267777997442,0.5084825149217543,,,0.0,,0.9950646243119778,0.0030342188554468835,4.750919821011553,0.9969357968204939,4.750919821011556,0.9969357968204943
0.0,0.09587302823258012,-2.3447305855288327,18.953329871945993,-1.498655746688381,0.6652706311001055,0.5092130344616148,,,0.0,,0.9950620783922371,0.0030313145500126433,4.755445595315395,0.996934757793148,4.755445595315395,0.9969347577931483
0.0,0.09596463874399035,-2.343775501787273,18.926220672963286,-1.4986460971757953,0.6652734862417421,0.5099446003732602,,,0.0,,0.9950595141588285,0.0030284129687762618,4.759975676170523,0.9969337084164587,4.759975676170522,0.996933708416459
0.0,0.09605633679290675,-2.3428204180457133,18.899150423002855,-1.498636425573176,0.6652763434334921,0.5106772141487264,,,0.0,,0.9950569315699713,0.003025514109109456,4.7645100676232115,0.9969326486678667,4.764510067623213,0.996932648667867
0.0,0.0961481224629749,-2.3418653343041536,18.87211906625535,-1.4986267318124078,0.6652792026865234,0.5114108772821522,,,0.0,,0.9950543305837568,0.00302261796838628,4.769048773723345,0.9969315785247421,4.769048773723344,0.9969315785247425
0.0,0.0962399958379203,-2.3409102505625943,18.845126546991867,-1.4986170158251881,0.6652820640120315,0.5121455912697804,,,0.0,,0.9950517111581481,0.0030197245439831264,4.773591798524396,0.9969304979643844,4.7735917985243965,0.9969304979643847
0.0,0.09633195700154852,-2.3399551668210345,18.81817280956373,-1.4986072775430266,0.6652849274212396,0.512881357609964,,,0.0,,0.9950490732509794,0.0030168338332787225,4.778139146083468,0.9969294069640219,4.778139146083471,0.9969294069640223
0.0,0.09642400603774509,-2.3390000830794753,18.79125779840254,-1.4985975168972434,0.6652877929253984,0.5136181778031643,,,0.0,,0.9950464168199569,0.003013945833654122,4.782690820461266,0.9969283055008119,4.782690820461266,0.9969283055008124
0.0,0.09651614303047584,-2.3380449993379155,18.764381458019884,-1.4985877338189701,0.6652906605357867,0.5143560533519588,,,0.0,,0.9950437418226565,0.0030110605424927134,4.787246825722103,0.9969271935518403,4.787246825722103,0.9969271935518408
0.0,0.09660836806378671,-2.337089915596356,18.73754373300736,-1.498577928239149,0.6652935302637111,0.5150949857610397,,,0.0,,0.9950410482165256,0.003008177957180212,4.791807165933914,0.9969260710941216,4.791807165933917,0.9969260710941219
0.0,0.09670068122180402,-2.336134831854796,18.710744568036375,-1.4985681000885305,0.6652964021205061,0.5158349765372201,,,0.0,,0.9950383359588808,0.00300529807510466,4.796371845168256,0.9969249381045981,4.796371845168258,0.9969249381045985
0.0,0.09679308258873441,-2.3351797481132364,18.683983907858085,-1.498558249297676,0.6652992761175344,0.5165760271894343,,,0.0,,0.9950356050069086,0.0030024208936564162,4.800940867500302,0.9969237945601408,4.800940867500302,0.9969237945601412
0.0,0.09688557224886504,-2.3342246643716766,18.657261697303227,-1.4985483757969544,0.6653021522661867,0.5173181392287428,,,0.0,,0.9950328553176653,0.002999546410228166,4.805514237008845,0.9969226404375482,4.805514237008846,0.9969226404375486
0.0,0.09697815028656356,-2.3332695806301174,18.630577881282065,-1.4985384795165435,0.665305030577882,0.5180613141683333,,,0.0,,0.9950300868480759,0.0029966746222149137,4.8100919577763115,0.9969214757135465,4.8100919577763115,0.996921475713547
0.0,0.09707081678627834,-2.3323144968885576,18.603932404784217,-1.4985285603864285,0.6653079110640677,0.5188055535235256,,,0.0,,0.9950272995549336,0.0029938055270139654,4.814674033888753,0.9969203003647894,4.814674033888755,0.9969203003647898
0.0,0.09716357183253829,-2.3313594131469983,18.57732521287857,-1.4985186183364014,0.6653107937362195,0.519550858811773,,,0.0,,0.995024493394901,0.0029909391220249663,4.819260469435854,0.9969191143678581,4.8192604694358545,0.9969191143678585
0.0,0.09725641550995327,-2.3304043294054386,18.550756250713167,-1.498508653296061,0.6653136786058415,0.5202972315526654,,,0.0,,0.9950216683245073,0.0029880754046498477,4.823851268510929,0.9969179176992604,4.82385126851093,0.9969179176992609
0.0,0.09734934790321385,-2.329449245663879,18.52422546351509,-1.4984986651948113,0.6653165656844665,0.5210446732679327,,,0.0,,0.9950188243001505,0.002985214372292864,4.828446435210933,0.9969167103354316,4.828446435210933,0.996916710335432
0.0,0.09744236909709156,-2.328494161922319,18.49773279659035,-1.4984886539618636,0.665319454983656,0.5217931854814472,,,0.0,,0.9950159612780951,0.0029823560223605733,4.833045973636447,0.9969154922527332,4.833045973636449,0.9969154922527337
0.0,0.09753547917643893,-2.3275390781807594,18.47127819532376,-1.4984786195262323,0.665322346515,0.5225427697192266,,,0.0,,0.9950130792144725,0.002979500352261837,4.837649887891711,0.9969142634274535,4.837649887891713,0.9969142634274539
0.0,0.09762867822618955,-2.3265839944392,18.44486160517884,-1.498468561816737,0.6653252402901176,0.5232934275094374,,,0.0,,0.9950101780652809,0.002976647359407823,4.842258182084593,0.9969130238358067,4.842258182084591,0.9969130238358072
0.0,0.09772196633135828,-2.3256289106976404,18.418482971697685,-1.4984584807620007,0.6653281363206566,0.5240451603823971,,,0.0,,0.9950072577863844,0.0029737970412119855,4.846870860326611,0.9969117734539337,4.846870860326609,0.9969117734539341
0.0,0.09781534357704104,-2.324673826956081,18.39214224050086,-1.4984483762904497,0.6653310346182938,0.5247979698705776,,,0.0,,0.9950043183335129,0.0029709493950900987,4.85148792673293,0.9969105122579007,4.851487926732928,0.9969105122579012
0.0,0.09790881004841526,-2.3237187432145214,18.36583935728728,-1.4984382483303134,0.6653339351947352,0.5255518575086083,,,0.0,,0.9950013596622619,0.0029681044184602114,4.856109385422367,0.9969092402237,4.856109385422369,0.9969092402237004
0.0,0.09800236583073958,-2.3227636594729617,18.33957426783412,-1.498428096809623,0.6653368380617157,0.5263068248332782,,,0.0,,0.9949983817280917,0.0029652621087426748,4.860735240517396,0.996907957327249,4.860735240517398,0.9969079573272495
0.0,0.09809601100935422,-2.321808575731402,18.313346917996682,-1.4984179216562117,0.6653397432309998,0.5270628733835393,,,0.0,,0.9949953844863277,0.0029624224633601325,4.865365496144139,0.9969066635443908,4.865365496144139,0.9969066635443913
0.0,0.09818974566968089,-2.3208534919898423,18.287157253708294,-1.4984077227977133,0.665342650714381,0.5278200047005097,,,0.0,,0.9949923678921588,0.0029595854797375113,4.870000156432376,0.9969053588508933,4.870000156432374,0.9969053588508937
0.0,0.09828356989722295,-2.3198984082482825,18.261005220980177,-1.4983975001615621,0.6653455605236825,0.5285782203274765,,,0.0,,0.9949893319006387,0.002956751155302027,4.874639225515545,0.9969040432224493,4.874639225515543,0.9969040432224497
0.0,0.0983774837775654,-2.3189433245067232,18.234890765901376,-1.4983872536749925,0.6653484726707569,0.5293375218098979,,,0.0,,0.9949862764666841,0.0029539194874831794,4.879282707530749,0.9969027166346764,4.879282707530749,0.9969027166346768
0.0,0.09847148739637512,-2.317988240765164,18.20881383463857,-1.4983769832650382,0.6653513871674861,0.530097910695408,,,0.0,,0.9949832015450751,0.0029510904737127513,4.883930606618762,0.9969013790631166,4.883930606618762,0.9969013790631169
0.0,0.09856558083940087,-2.3170331570236042,18.182774373436033,-1.4983666888585319,0.6653543040257821,0.5308593885338182,,,0.0,,0.9949801070904549,0.0029482641114248007,4.888582926924018,0.996900030483236,4.888582926924017,0.9969000304832365
0.0,0.0986597641924732,-2.3160780732820445,18.15677232861551,-1.4983563703821046,0.6653572232575864,0.5316219568771201,,,0.0,,0.9949769930573289,0.002945440398055666,4.893239672594619,0.9968986708704253,4.8932396725946194,0.9968986708704256
0.0,0.09875403754150479,-2.315122989540485,18.13080764657609,-1.4983460277621845,0.6653601448748705,0.5323856172794889,,,0.0,,0.9949738594000643,0.002942619331043959,4.897900847782345,0.9968973001999982,4.897900847782345,0.9968973001999986
0.0,0.09884840097249036,-2.314167905798925,18.104880273794098,-1.4983356609249971,0.6653630688896358,0.5331503712972866,,,0.0,,0.9949707060728907,0.002939800907830565,4.902566456642643,0.9968959184471927,4.902566456642643,0.9968959184471932
0.0,0.0989428545715068,-2.3132128220573653,18.078990156822975,-1.498325269796565,0.6653659953139135,0.5339162204890646,,,0.0,,0.9949675330298986,0.0029369851258586404,4.907236503334643,0.9968945255871702,4.907236503334643,0.9968945255871705
0.0,0.09903739842471325,-2.312257738315806,18.053137242293204,-1.498314854302706,0.6653689241597653,0.5346831664155662,,,0.0,,0.9949643402250392,0.0029341719825736077,4.911910992021147,0.9968931215950149,4.911910992021146,0.9968931215950152
0.0,0.09913203261835128,-2.3113026545742463,18.0273214769121,-1.4983044143690338,0.6653718554392829,0.5354512106397323,,,0.0,,0.9949611276121251,0.0029313614754231613,4.916589926868649,0.9968917064457343,4.916589926868648,0.9968917064457348
0.0,0.09922675723874469,-2.310347570832687,18.001542807463878,-1.4982939499209569,0.6653747891645881,0.5362203547266986,,,0.0,,0.9949578951448284,0.0029285536018572467,4.921273312047313,0.996890280114259,4.921273312047314,0.9968902801142594
0.0,0.09932157237229995,-2.3093924870911273,17.975801180809334,-1.4982834608836784,0.6653777253478336,0.5369906002438055,,,0.0,,0.9949546427766813,0.0029257483593280813,4.925961151731008,0.9968888425754415,4.925961151731008,0.996888842575442
0.0,0.09941647810550597,-2.3084374033495676,17.950096543885902,-1.4982729471821934,0.6653806640012019,0.5377619487605957,,,0.0,,0.9949513704610754,0.002922945745290138,4.9306534500972745,0.9968873938040574,4.930653450097272,0.9968873938040578
0.0,0.09951147452493432,-2.307482319608008,17.924428843707453,-1.4982624087412921,0.6653836051369065,0.5385344018488197,,,0.0,,0.9949480781512613,0.0029201457572001484,4.935350211327346,0.996885933774804,4.935350211327346,0.9968859337748043
0.0,0.09960656171723933,-2.306527235866448,17.898798027364208,-1.4982518454855573,0.6653865487671916,0.5393079610824387,,,0.0,,0.9949447658003487,0.0029173483925170962,4.940051439606162,0.9968844624623007,4.940051439606162,0.996884462462301
0.0,0.09970173976915807,-2.305572152124889,17.873204042022657,-1.498241257339362,0.6653894949043319,0.5400826280376262,,,0.0,,0.9949414333613049,0.002914553648702219,4.944757139122342,0.9968829798410886,4.94475713912234,0.996882979841089
0.0,0.09979700876751059,-2.304617068383329,17.847646834925357,-1.4982306442268722,0.6653924435606329,0.5408584042927734,,,0.0,,0.994938080786956,0.0029117615232190073,4.9494673140682135,0.9968814858856307,4.949467314068214,0.9968814858856311
0.0,0.09989236879919978,-2.30366198464177,17.822126353390978,-1.4982200060720436,0.6653953947484311,0.5416352914284889,,,0.0,,0.9949347080299848,0.0029089720135331903,4.954181968639801,0.9968799805703108,4.954181968639803,0.9968799805703111
0.0,0.09998781995121174,-2.30270690090021,17.796642544814013,-1.4982093427986227,0.6653983484800942,0.5424132910276054,,,0.0,,0.9949313150429315,0.002906185117112751,4.958901107036839,0.9968784638694341,4.958901107036841,0.9968784638694345
0.0,0.1000833623106155,-2.3017518171586504,17.771195356664823,-1.498198654330146,0.6654013047680207,0.5431924046751796,,,0.0,,0.9949279017781935,0.0029034008314279144,4.9636247334627575,0.9968769357572267,4.963624733462757,0.996876935757227
0.0,0.10017899596456338,-2.3007967334170907,17.745784736489433,-1.498187940589938,0.6654042636246404,0.5439726339584966,,,0.0,,0.9949244681880239,0.002900619153951145,4.968352852124692,0.9968753962078353,4.968352852124695,0.9968753962078356
0.0,0.10027472100029097,-2.299841649675531,17.720410631909466,-1.4981772015011128,0.6654072250624146,0.5447539804670731,,,0.0,,0.9949210142245324,0.002897840082157147,4.973085467233502,0.9968738451953271,4.9730854672335045,0.9968738451953275
0.0,0.10037053750511722,-2.2988865659339712,17.69507299062202,-1.4981664369865717,0.6654101890938354,0.5455364457926597,,,0.0,,0.994917539839684,0.0028950636135228617,4.977822583003749,0.9968722826936895,4.97782258300375,0.9968722826936899
0.0,0.10046644556644446,-2.297931482192412,17.669771760399563,-1.4981556469690032,0.6654131557314271,0.5463200315292442,,,0.0,,0.9949140449852988,0.0028922897455274667,4.982564203653709,0.9968707086768301,4.982564203653708,0.9968707086768306
0.0,0.10056244527175869,-2.296976398450852,17.644506889089815,-1.4981448313708827,0.6654161249877449,0.5471047392730548,,,0.0,,0.9949105296130519,0.002889518475652361,4.987310333405378,0.9968691231185762,4.987310333405378,0.9968691231185766
0.0,0.10065853670862929,-2.296021314709293,17.619278324615646,-1.4981339901144715,0.6654190968753761,0.5478905706225633,,,0.0,,0.9949069936744728,0.002886749801381193,4.992060976484474,0.9968675259926746,4.992060976484472,0.996867525992675
0.0,0.10075471996470953,-2.295066230967733,17.594086014974973,-1.4981231231218173,0.6654220714069395,0.5486775271784874,,,0.0,,0.994903437120945,0.00288398372019982,4.996816137120431,0.9968659172727917,4.996816137120431,0.9968659172727921
0.0,0.10085099512773629,-2.2941111472261735,17.56892990824065,-1.498112230314751,0.6654250485950859,0.5494656105437945,,,0.0,,0.9948998599037054,0.0028812202295963353,5.001575819546413,0.9968642969325129,5.001575819546414,0.9968642969325132
0.0,0.10094736228553033,-2.2931560634846138,17.54380995256037,-1.4981013116148894,0.6654280284524977,0.5502548223237035,,,0.0,,0.9948962619738448,0.002878459327061053,5.006340027999306,0.9968626649453425,5.006340027999307,0.9968626649453428
0.0,0.10104382152599635,-2.292200979743054,17.518726096156524,-1.4980903669436318,0.6654310109918897,0.5510451641256897,,,0.0,,0.9948926432823061,0.0028757010100865068,5.011108766719725,0.9968610212847037,5.011108766719728,0.996861021284704
0.0,0.10114037293712294,-2.2912458960014948,17.493678287326134,-1.498079396222162,0.6654339962260087,0.551836637559486,,,0.0,,0.9948890037798847,0.002872945276167455,5.015882039952024,0.996859365923938,5.015882039952023,0.9968593659239384
0.0,0.10123701660698298,-2.290290812259935,17.468666474440713,-1.4980683993714448,0.6654369841676336,0.5526292442370874,,,0.0,,0.9948853434172287,0.0028701921228008586,5.020659851944279,0.9968576988363054,5.020659851944278,0.9968576988363058
0.0,0.10133375262373324,-2.2893357285183757,17.44369060594618,-1.4980573763122276,0.6654399748295758,0.5534229857727532,,,0.0,,0.9948816621448372,0.002867441547485913,5.025442206948306,0.9968560199949837,5.025442206948304,0.9968560199949842
0.0,0.10143058107561502,-2.288380644776816,17.418750630362727,-1.4980463269650388,0.6654429682246787,0.5542178637830103,,,0.0,,0.9948779599130606,0.0028646935477240096,5.030229109219661,0.996854329373069,5.030229109219664,0.9968543293730693
0.0,0.10152750205095368,-2.2874255610352563,17.393846496284755,-1.4980352512501882,0.6654459643658187,0.5550138798866561,,,0.0,,0.9948742366721004,0.002861948121018755,5.0350205630176506,0.9968526269435741,5.0350205630176506,0.9968526269435746
0.0,0.10162451563815912,-2.2864704772936966,17.368978152380727,-1.4980241490877648,0.6654489632659044,0.5558110357047614,,,0.0,,0.9948704923720086,0.0028592052648759667,5.039816572605301,0.9968509126794303,5.039816572605304,0.9968509126794307
0.0,0.10172162192572566,-2.285515393552137,17.344145547393087,-1.4980130203976374,0.6654519649378774,0.5566093328606744,,,0.0,,0.9948667269626866,0.002856464976803663,5.044617142249406,0.9968491865534852,5.0446171422494075,0.9968491865534855
0.0,0.1018188210022322,-2.284560309810577,17.319348630138133,-1.4980018650994533,0.6654549693947116,0.5574087729800221,,,0.0,,0.994862940393886,0.0028537272543120683,5.049422276220496,0.9968474485385037,5.049422276220494,0.9968474485385042
0.0,0.10191611295634227,-2.283605226069018,17.29458734950594,-1.4979906831126384,0.6654579766494143,0.5582093576907147,,,0.0,,0.9948591326152075,0.0028509920949136075,5.054231978792842,0.9968456986071675,5.054231978792845,0.9968456986071679
0.0,0.10201349787680418,-2.282650142327458,17.26986165446017,-1.4979794743563966,0.6654609867150254,0.5590110886229499,,,0.0,,0.9948553035761005,0.002848259496122907,5.059046254244496,0.9968439367320745,5.059046254244497,0.9968439367320749
0.0,0.10211097585245094,-2.281695058585899,17.245171494038132,-1.497968238749708,0.6654639996046181,0.5598139674092112,,,0.0,,0.9948514532258629,0.002845529455456783,5.063865106857234,0.996842162885739,5.063865106857237,0.9968421628857395
0.0,0.10220854697220055,-2.280739974844339,17.22051681735049,-1.497956976211329,0.6654670153312986,0.5606179956842771,,,0.0,,0.9948475815136402,0.00284280197043425,5.068688540916611,0.9968403770405915,5.068688540916613,0.9968403770405918
0.0,0.10230621132505592,-2.2797848911027794,17.195897573581274,-1.497945686659792,0.6654700339082065,0.5614231750852198,,,0.0,,0.9948436883884262,0.0028400770385765186,5.073516560711929,0.9968385791689778,5.07351656071193,0.9968385791689782
0.0,0.102403969000105,-2.2788298073612197,17.171313711987747,-1.4979343700134058,0.6654730553485145,0.5622295072514099,,,0.0,,0.9948397737990612,0.002837354657406984,5.078349170536253,0.9968367692431598,5.078349170536255,0.9968367692431602
0.0,0.10250182008652085,-2.27787472361966,17.14676518190029,-1.497923026190251,0.6654760796654291,0.563036993824519,,,0.0,,0.9948358376942323,0.002834634824451233,5.083186374686418,0.9968349472353145,5.083186374686418,0.9968349472353148
0.0,0.10259976467356176,-2.2769196398781006,17.122251932722314,-1.4979116551081844,0.66547910687219,0.5638456364485234,,,0.0,,0.9948318800224736,0.0028319175372370354,5.0880281774630145,0.996833113117534,5.0880281774630145,0.9968331131175344
0.0,0.10269780285057137,-2.275964556136541,17.097773913930087,-1.497900256684835,0.6654821369820708,0.564655436769708,,,0.0,,0.9948279007321641,0.00282920279329435,5.092874583170412,0.9968312668618253,5.092874583170414,0.9968312668618258
0.0,0.10279593470697858,-2.2750094723949816,17.073331075072783,-1.4978888308376042,0.6654851700083788,0.5654663964366655,,,0.0,,0.9948238997715291,0.0028264905901553066,5.0977255961167485,0.9968294084401101,5.0977255961167485,0.9968294084401105
0.0,0.10289416033229785,-2.274054388653422,17.04892336577218,-1.4978773774836662,0.665488205964455,0.5662785171003053,,,0.0,,0.9948198770886385,0.002823780925354222,5.102581220613933,0.9968275378242245,5.102581220613933,0.9968275378242248
0.0,0.10299247981612912,-2.273099304911862,17.024550735722713,-1.4978658965399656,0.6654912448636745,0.5670918004138517,,,0.0,,0.994815832631407,0.0028210737964275887,5.107441460977649,0.9968256549859187,5.107441460977649,0.996825654985919
0.0,0.10309089324815793,-2.2721442211703025,17.000213134691293,-1.497854387923219,0.6654942867194464,0.5679062480328494,,,0.0,,0.9948117663475939,0.0028183692009140747,5.1123063215273605,0.9968237598968569,5.11230632152736,0.9968237598968572
0.0,0.10318940071815554,-2.2711891374287427,16.97591051251723,-1.4978428515499116,0.665497331545214,0.5687218616151659,,,0.0,,0.9948076781848016,0.0028156671363545175,5.117175806586307,0.9968218525286169,5.1171758065863076,0.9968218525286173
0.0,0.10328800231597898,-2.270234053687183,16.951642819112106,-1.4978312873362989,0.6655003793544545,0.5695386428209954,,,0.0,,0.9948035680904767,0.002812967600291928,5.122049920481517,0.9968199328526903,5.122049920481518,0.9968199328526907
0.0,0.10338669813157113,-2.2692789699456237,16.927410004459702,-1.4978196951984046,0.6655034301606799,0.5703565933128603,,,0.0,,0.9947994360119079,0.0028102705902714863,5.126928667543799,0.9968180008404816,5.126928667543798,0.996818000840482
0.0,0.10348548825496084,-2.2683238862040644,16.903212018615864,-1.4978080750520213,0.6655064839774364,0.5711757147556159,,,0.0,,0.9947952818962269,0.0028075761038405317,5.131812052107749,0.9968160564633085,5.1318120521077475,0.9968160564633088
0.0,0.10358437277626308,-2.2673688024625047,16.879048811708394,-1.4977964268127093,0.6655095408183048,0.571996008816454,,,0.0,,0.9947911056904081,0.0028048841385485738,5.136700078511753,0.9968140996924013,5.136700078511754,0.9968140996924016
0.0,0.10368335178567874,-2.266413718720945,16.854920333937,-1.4977847503957937,0.6655126006969004,0.572817477164903,,,0.0,,0.9947869073412661,0.002802194691947282,5.141592751097989,0.996812130498903,5.141592751097991,0.9968121304989034
0.0,0.10378242537349501,-2.2654586349793853,16.830826535573138,-1.4977730457163683,0.6655156636268736,0.5736401214728346,,,0.0,,0.9947826867954582,0.0027995077615904857,5.146490074212431,0.996810148853869,5.146490074212431,0.9968101488538693
0.0,0.10388159363008534,-2.2645035512378255,16.80676736695993,-1.4977613126892912,0.6655187296219092,0.5744639434144643,,,0.0,,0.9947784439994819,0.002796823345034171,5.15139205220484,0.9968081547282663,5.151392052204841,0.9968081547282667
0.0,0.1039808566459095,-2.263548467496266,16.782742778512066,-1.4977495512291858,0.6655217986957271,0.5752889446663564,,,0.0,,0.9947741788996752,0.0027941414398364797,5.156298689428784,0.9968061480929743,5.156298689428786,0.9968061480929746
0.0,0.1040802145115137,-2.2625933837547065,16.758752720715687,-1.4977377612504394,0.6655248708620826,0.5761151269074255,,,0.0,,0.9947698914422161,0.0027914620435577076,5.16120999024163,0.9968041289187834,5.1612099902416295,0.9968041289187838
0.0,0.10417966731753078,-2.261638300013147,16.734797144128287,-1.4977259426672034,0.6655279461347654,0.5769424918189412,,,0.0,,0.994765581573122,0.002788785153760294,5.166125959004547,0.9968020971763959,5.166125959004544,0.9968020971763962
0.0,0.10427921515468003,-2.2606832162715875,16.710875999378615,-1.4977140953933914,0.6655310245276013,0.5777710410845303,,,0.0,,0.9947612492382492,0.002786110768008842,5.171046600082499,0.9968000528364247,5.1710466000825015,0.996800052836425
0.0,0.10437885811376757,-2.259728132530028,16.686989237166557,-1.4977022193426803,0.6655341060544507,0.5786007763901806,,,0.0,,0.9947568943832934,0.0027834388838700835,5.175971917844285,0.9967979958693939,5.175971917844285,0.9967979958693942
0.0,0.10447859628568616,-2.258773048788468,16.66313680826307,-1.4976903144285076,0.6655371907292099,0.5794316994242428,,,0.0,,0.9947525169537877,0.0027807694989129064,5.1809019166624815,0.996795926245738,5.180901916662483,0.9967959262457383
0.0,0.10457842976141549,-2.2578179650469083,16.639318663510043,-1.4976783805640723,0.6655402785658108,0.5802638118774347,,,0.0,,0.9947481168951038,0.002778102610708337,5.185836600913501,0.996793843935802,5.1858366009135,0.9967938439358024
0.0,0.10467835863202214,-2.2568628813053486,16.61553475382021,-1.4976664176623342,0.6655433695782207,0.5810971154428449,,,0.0,,0.99474369415245,0.0027754382168295425,5.190775974977551,0.9967917489098409,5.190775974977552,0.9967917489098413
0.0,0.1047783829886597,-2.2559077975637893,16.591785030177054,-1.4976544256360116,0.6655464637804427,0.581931611815934,,,0.0,,0.9947392486708719,0.002772776314851829,5.195720043238668,0.9967896411380197,5.19572004323867,0.9967896411380202
0.0,0.10487850292256898,-2.2549527138222296,16.568069443634684,-1.4976424043975824,0.6655495611865159,0.58276730269454,,,0.0,,0.9947347803952514,0.002770116902352629,5.20066881008471,0.9967875205904131,5.20066881008471,0.9967875205904135
0.0,0.10497871852507777,-2.2539976300806703,16.544387945317748,-1.4976303538592832,0.6655526618105152,0.5836041897788801,,,0.0,,0.9947302892703068,0.0027674599769115273,5.20562227990734,0.9967853872370049,5.20562227990734,0.9967853872370054
0.0,0.10507902988760136,-2.2530425463391106,16.52074048642133,-1.4976182739331076,0.665555765666552,0.5844422747715547,,,0.0,,0.9947257752405915,0.0027648055361102195,5.210580457102063,0.9967832410476883,5.210580457102062,0.9967832410476888
0.0,0.10517943710164221,-2.252087462597551,16.497127018210858,-1.4976061645308067,0.6655588727687732,0.5852815593775497,,,0.0,,0.9947212382504944,0.002762153577532545,5.215543346068196,0.9967810819922653,5.215543346068193,0.9967810819922658
0.0,0.10527994025879028,-2.251132378855991,16.473547492021996,-1.4975940255638873,0.6655619831313627,0.5861220453042396,,,0.0,,0.9947166782442389,0.0027595040987644617,5.220510951208884,0.9967789100404465,5.220510951208883,0.9967789100404469
0.0,0.10538053945072307,-2.2501772951144314,16.450001859260528,-1.4975818569436123,0.6655650967685403,0.586963734261392,,,0.0,,0.9947120951658828,0.002756857097394058,5.225483276931113,0.9967767251618511,5.225483276931111,0.9967767251618516
0.0,0.10548123476920561,-2.2492222113728717,16.426490071402277,-1.497569658580999,0.6655682136945623,0.5878066279611698,,,0.0,,0.9947074889593174,0.002754212571011541,5.230460327645688,0.9967745273260061,5.230460327645686,0.9967745273260066
0.0,0.10558202630609065,-2.2482671276313124,16.403012079993015,-1.49755743038682,0.665571333923722,0.5886507281181338,,,0.0,,0.9947028595682678,0.0027515705172092408,5.235442107767252,0.9967723165023468,5.235442107767251,0.9967723165023472
0.0,0.1056829141533188,-2.2473120438897527,16.379567836648285,-1.4975451722716009,0.6655744574703492,0.589496036449249,,,0.0,,0.9946982069362916,0.002748930933581608,5.240428621714295,0.9967700926602158,5.240428621714294,0.9967700926602162
0.0,0.10578389840291835,-2.2463569601481934,16.35615729305345,-1.497532884145619,0.6655775843488102,0.590342554673882,,,0.0,,0.9946935310067792,0.0027462938177252,5.24541987390913,0.9967678557688633,5.245419873909128,0.9967678557688636
0.0,0.10588497914700573,-2.2454018764066337,16.33278040096341,-1.4975205659189061,0.6655807145735088,0.591190284513811,,,0.0,,0.9946888317229525,0.0027436591672386993,5.250415868777923,0.9967656057974464,5.250415868777919,0.9967656057974469
0.0,0.1059861564777852,-2.244446792665074,16.309437112202666,-1.4975082175012442,0.6655838481588853,0.5920392276932235,,,0.0,,0.9946841090278655,0.002741026979722894,5.255416610750672,0.9967633427150298,5.25541661075067,0.9967633427150301
0.0,0.10608743048754925,-2.2434917089235142,16.28612737866511,-1.497495838802166,0.6655869851194174,0.5928893859387228,,,0.0,,0.9946793628644031,0.0027383972527806866,5.260422104261233,0.9967610664905837,5.26042210426123,0.9967610664905842
0.0,0.10618880126867847,-2.2425366251819545,16.262851152313978,-1.4974834297309547,0.6655901254696203,0.5937407609793298,,,0.0,,0.9946745931752805,0.0027357699840170834,5.265432353747297,0.9967587770929858,5.265432353747297,0.9967587770929861
0.0,0.10629026891364175,-2.2415815414403952,16.239608385181754,-1.4974709901966434,0.6655932692240459,0.5945933545464859,,,0.0,,0.9946697999030435,0.0027331451710391973,5.270447363650418,0.9967564744910191,5.2704473636504146,0.9967564744910195
0.0,0.10639183351499644,-2.2406264576988355,16.21639902936999,-1.497458520108014,0.6655964163972844,0.5954471683740591,,,0.0,,0.9946649829900677,0.002730522811456249,5.275467138415988,0.9967541586533729,5.275467138415985,0.9967541586533734
0.0,0.10649349516538816,-2.2396713739572762,16.193223037049357,-1.4974460193735948,0.6655995670039626,0.5963022041983412,,,0.0,,0.9946601423785572,0.0027279029028795497,5.280491682493258,0.9967518295486422,5.280491682493259,0.9967518295486426
0.0,0.10659525395755123,-2.2387162902157165,16.170080360459373,-1.4974334879016638,0.665602721058746,0.5971584637580594,,,0.0,,0.9946552780105459,0.0027252854429225203,5.285521000335349,0.9967494871453271,5.285521000335348,0.9967494871453274
0.0,0.10669710998430845,-2.2377612064741568,16.14697095190845,-1.4974209256002444,0.6656058785763369,0.598015948794371,,,0.0,,0.9946503898278952,0.0027226704292006754,5.290555096399221,0.9967471314118327,5.29055509639922,0.9967471314118331
0.0,0.10679906333857138,-2.236806122732597,16.123894763773702,-1.4974083323771057,0.6656090395714763,0.5988746610508733,,,0.0,,0.994645477772295,0.0027200578593316238,5.295593975145704,0.9967447623164695,5.2955939751457,0.9967447623164698
0.0,0.10690111411334031,-2.2358510389910373,16.100851748500897,-1.4973957081397629,0.6656122040589428,0.5997346022736022,,,0.0,,0.9946405417852618,0.0027174477309350664,5.300637641039487,0.996742379827452,5.300637641039484,0.9967423798274523
0.0,0.10700326240170448,-2.2348959552494776,16.077841858604327,-1.4973830527954761,0.6656153720535533,0.6005957742110386,,,0.0,,0.9946355818081403,0.002714840041632798,5.305686098549124,0.9967399839128992,5.305686098549124,0.9967399839128995
0.0,0.10710550829684193,-2.2339408715079183,16.054865046666727,-1.4973703662512474,0.6656185435701627,0.60145817861411,,,0.0,,0.9946305977821002,0.0027122347890487005,5.310739352147046,0.9967375745408343,5.310739352147043,0.9967375745408348
0.0,0.1072078518920199,-2.232985787766359,16.03192126533917,-1.497357648413825,0.6656217186236645,0.602321817236194,,,0.0,,0.9946255896481382,0.0027096319708087378,5.315797406309541,0.9967351516791845,5.315797406309537,0.9967351516791848
0.0,0.10731029328059473,-2.2320307040247993,16.009010467340953,-1.4973448991896965,0.6656248972289904,0.6031866918331232,,,0.0,,0.9946205573470763,0.0027070315845409637,5.3208602655167745,0.9967327152957799,5.320860265516773,0.9967327152957803
0.0,0.10741283255601188,-2.2310756202832396,15.986132605459543,-1.497332118485093,0.6656280794011109,0.6040528041631847,,,0.0,,0.9946155008195614,0.0027044336278755124,5.325927934252788,0.9967302653583545,5.325927934252785,0.9967302653583548
0.0,0.10751546981180612,-2.23012053654168,15.963287632550438,-1.4973193062059869,0.665631265155035,0.6049201559871275,,,0.0,,0.9946104200060651,0.0027018380984445986,5.331000417005488,0.996727801834545,5.331000417005488,0.9967278018345453
0.0,0.10761820514160166,-2.22916545280012,15.940475501537085,-1.4973064622580896,0.6656344545058107,0.6057887490681627,,,0.0,,0.9946053148468831,0.0026992449938825136,5.336077718266679,0.9967253246918909,5.336077718266677,0.9967253246918913
0.0,0.10772103863911209,-2.2282103690585604,15.917696165410781,-1.4972935865468535,0.6656376474685247,0.6066585851719689,,,0.0,,0.9946001852821348,0.0026966543118256262,5.341159842532023,0.9967228338978344,5.3411598425320195,0.9967228338978348
0.0,0.10782397039814055,-2.227255285317001,15.894949577230582,-1.4972806789774689,0.6656408440583026,0.6075296660666937,,,0.0,,0.9945950312517627,0.002694066049912381,5.346246794301074,0.9967203294197197,5.346246794301074,0.99672032941972
0.0,0.10792700051257995,-2.2263002015754414,15.872235690123183,-1.4972677394548644,0.6656440442903095,0.6084019935229588,,,0.0,,0.9945898526955319,0.002691480205783282,5.3513385780772795,0.9967178112247929,5.351338578077278,0.9967178112247932
0.0,0.10803012907641273,-2.225345117833882,15.849554457282842,-1.4972547678837067,0.6656472481797495,0.6092755693138617,,,0.0,,0.9945846495530298,0.002688896777080924,5.356435198367956,0.9967152792802019,5.356435198367956,0.9967152792802023
0.0,0.10813335618371128,-2.2243900340923224,15.826905831971274,-1.4972417641683984,0.665650455741866,0.6101503952149803,,,0.0,,0.9945794217636656,0.0026863157614499486,5.3615366596843295,0.9967127335529963,5.361536659684328,0.9967127335529966
0.0,0.10823668192863782,-2.2234349503507627,15.804289767517563,-1.4972287282130785,0.665653666991942,0.6110264730043746,,,0.0,,0.9945741692666695,0.0026837371565370735,5.366642966541498,0.9967101740101264,5.366642966541494,0.9967101740101267
0.0,0.10834010640544452,-2.222479866609203,15.781706217318062,-1.4972156599216213,0.6656568819453,0.6119038044625916,,,0.0,,0.9945688920010928,0.002681160959991079,5.37175412345846,0.9967076006184437,5.371754123458456,0.9967076006184441
0.0,0.10844362970847364,-2.221524782867643,15.759155134836284,-1.4972025591976357,0.6656601006173022,0.6127823913726672,,,0.0,,0.9945635899058067,0.0026785871694628032,5.37687013495811,0.9967050133447001,5.376870134958106,0.9967050133447005
0.0,0.10854725193215754,-2.220569699126084,15.736636473602825,-1.4971894259444642,0.6656633230233507,0.6136622355201307,,,0.0,,0.9945582629195027,0.0026760157826051486,5.381991005567236,0.9967024121555481,5.381991005567234,0.9967024121555484
0.0,0.10865097317101896,-2.219614615384524,15.71415018721525,-1.4971762600651826,0.6656665491788875,0.6145433386930075,,,0.0,,0.994552910980691,0.0026734467970730615,5.387116739816532,0.9966997970175401,5.387116739816531,0.9966997970175405
0.0,0.10875479351967077,-2.218659531642965,15.691696229337998,-1.4971630614625986,0.6656697790993944,0.6154257026818225,,,0.0,,0.994547534027701,0.0026708802105235648,5.392247342240589,0.9966971678971284,5.392247342240589,0.9966971678971287
0.0,0.10885871307281643,-2.217704447901405,15.669274553702294,-1.497149830039252,0.6656730128003936,0.6163093292796038,,,0.0,,0.9945421319986805,0.002668316020615712,5.3973828173779035,0.9966945247606647,5.397382817377905,0.996694524760665
0.0,0.10896273192524975,-2.2167493641598455,15.646885114106063,-1.4971365656974134,0.6656762502974477,0.617194220281885,,,0.0,,0.9945367048315947,0.0026657542250106197,5.402523169770879,0.9966918675744,5.402523169770878,0.9966918675744003
0.0,0.10906685017185515,-2.2157942804182857,15.624527864413812,-1.4971232683390832,0.6656794916061592,0.6180803774867092,,,0.0,,0.9945312524642269,0.0026631948213714507,5.407668403965819,0.9966891963044845,5.407668403965817,0.9966891963044848
0.0,0.10917106790760776,-2.214839196676726,15.60220275855655,-1.4971099378659913,0.6656827367421718,0.6189678026946325,,,0.0,,0.9945257748341765,0.0026606378073634127,5.412818524512944,0.9966865109169669,5.412818524512941,0.9966865109169672
0.0,0.10927538522757345,-2.2138841129351663,15.579909750531677,-1.4970965741795967,0.6656859857211691,0.6198564977087269,,,0.0,,0.9945202718788595,0.002658083180653759,5.417973535966383,0.9966838113777945,5.4179735359663805,0.9966838113777947
0.0,0.10937980222690884,-2.212929029193607,15.557648794402917,-1.4970831771810857,0.6656892385588759,0.6207464643345835,,,0.0,,0.9945147435355081,0.0026555309389117853,5.423133442884178,0.9966810976528124,5.423133442884178,0.9966810976528128
0.0,0.10948431900086164,-2.2119739454520473,15.535419844300163,-1.4970697467713716,0.6656924952710577,0.6216377043803177,,,0.0,,0.9945091897411694,0.002652981079808828,5.428298249828299,0.9966783697077641,5.428298249828299,0.9966783697077644
0.0,0.10958893564477043,-2.211018861710488,15.513222854419485,-1.4970562828510952,0.6656957558735209,0.6225302196565684,,,0.0,,0.9945036104327057,0.002650433601018256,5.433467961364618,0.9966756275082903,5.433467961364617,0.9966756275082906
0.0,0.10969365225406501,-2.2100637779689283,15.491057779022906,-1.4970427853206212,0.6656990203821134,0.6234240119765064,,,0.0,,0.9944980055467936,0.00264788850021548,5.438642582062938,0.9966728710199293,5.438642582062938,0.9966728710199296
0.0,0.10979846892426627,-2.2091086942273686,15.468924572438416,-1.4970292540800412,0.6657022888127236,0.624319083155834,,,0.0,,0.9944923750199235,0.0026453457750779453,5.44382211649698,0.9966701002081163,5.44382211649698,0.9966701002081166
0.0,0.1099033857509864,-2.208153610485809,15.446823189059824,-1.497015689029169,0.665705561181282,0.6252154350127894,,,0.0,,0.9944867187883992,0.0026428054232851238,5.449006569244391,0.9966673150381833,5.449006569244389,0.9966673150381835
0.0,0.11000840282992896,-2.207198526744249,15.424753583346677,-1.497002090067543,0.6657088375037599,0.6261130693681506,,,0.0,,0.9944810367883373,0.0026402674425185222,5.454195944886739,0.9966645154753587,5.454195944886739,0.9966645154753591
0.0,0.1101135202568889,-2.20624344300269,15.402715709824164,-1.496988457094424,0.6657121177961705,0.6270119880452382,,,0.0,,0.994475328955667,0.0026377318304616724,5.459390248009527,0.9966617014847674,5.4593902480095275,0.9966617014847677
0.0,0.11021873812775287,-2.20528835926113,15.380709523082992,-1.4969747900087942,0.6657154020745687,0.6279121928699203,,,0.0,,0.9944695952261292,0.0026351985848001333,5.46458948320219,0.99665887303143,5.464589483202192,0.9966588730314302
0.0,0.11032405653849894,-2.204333275519571,15.358734977779378,-1.4969610887093572,0.6657186903550513,0.6288136856706117,,,0.0,,0.9944638355352762,0.0026326677032214823,5.469793655058092,0.9966560300802626,5.469793655058091,0.9966560300802628
0.0,0.11042947558519708,-2.203378191778011,15.336792028634829,-1.4969473530945374,0.6657219826537565,0.629716468278283,,,0.0,,0.9944580498184712,0.0026301391834153247,5.475002768174534,0.996653172596077,5.47500276817453,0.9966531725960773
0.0,0.11053499536400893,-2.2024231080364514,15.314880630436164,-1.4969335830624775,0.6657252789868653,0.6306205425264595,,,0.0,,0.9944522380108872,0.002627613023073281,5.480216827152745,0.99665030054358,5.480216827152741,0.9966503005435802
0.0,0.11064061597118802,-2.2014680242948916,15.293000738035357,-1.4969197785110402,0.6657285793706003,0.6315259102512264,,,0.0,,0.9944464000475081,0.002625089219888993,5.4854358365979,0.9966474138873729,5.4854358365979,0.9966474138873731
0.0,0.11074633750307991,-2.200512940553332,15.271152306349459,-1.4969059393378055,0.6657318838212265,0.6324325732912315,,,0.0,,0.9944405358631261,0.0026225677715581127,5.490659801119123,0.9966445125919517,5.490659801119122,0.9966445125919521
0.0,0.1108521600561222,-2.199557856811772,15.249335290360504,-1.4968920654400708,0.6657351923550517,0.6333405334876897,,,0.0,,0.9944346453923427,0.0026200486757783086,5.495888725329468,0.996641596621707,5.495888725329466,0.9966415966217074
0.0,0.11095808372684457,-2.198602773070213,15.227549645115422,-1.4968781567148501,0.6657385049884257,0.6342497926843847,,,0.0,,0.9944287285695677,0.002617531930249261,5.501122613845931,0.9966386659409227,5.501122613845931,0.996638665940923
0.0,0.11106410861186912,-2.197647689328653,15.205795325725928,-1.496864213058873,0.6657418217377413,0.6351603527276746,,,0.0,,0.9944227853290184,0.002615017532672651,5.506361471289476,0.9966357205137766,5.506361471289473,0.9966357205137769
0.0,0.11117023480791006,-2.196692605587094,15.18407228736844,-1.4968502343685839,0.6657451426194341,0.636072215466493,,,0.0,,0.9944168156047196,0.0026125054807521826,5.5116053022849885,0.99663276030434,5.511605302284986,0.9966327603043402
0.0,0.11127646241177422,-2.195737521845534,15.16238048528399,-1.496836220540141,0.6657484676499822,0.636985382752354,,,0.0,,0.9944108193305027,0.0026099957721935473,5.516854111461325,0.996629785276577,5.516854111461324,0.9966297852765773
0.0,0.11138279152036076,-2.1947824381039744,15.14071987477813,-1.496822171469417,0.6657517968459072,0.6378998564393544,,,0.0,,0.9944047964400053,0.0026074884047044508,5.522107903451289,0.9966267953943446,5.522107903451287,0.996626795394345
0.0,0.11148922223066153,-2.1938273543624147,15.119090411220835,-1.4968080870519955,0.6657551302237739,0.6388156383841784,,,0.0,,0.994398746866671,0.0026049833759945957,5.527366682891636,0.9966237906213925,5.527366682891635,0.9966237906213928
0.0,0.11159575463976101,-2.192872270620855,15.097492050046414,-1.4967939671831736,0.6657584678001898,0.6397327304460996,,,0.0,,0.994392670543748,0.002602480683775683,5.532630454423081,0.9966207709213623,5.532630454423079,0.9966207709213626
0.0,0.11170238884483642,-2.1919171868792957,15.075924746753417,-1.4967798117579572,0.6657618095918062,0.6406511344869852,,,0.0,,0.9943865674042897,0.0025999803257614144,5.537899222690292,0.9966177362577874,5.5378992226902914,0.9966177362577878
0.0,0.11180912494315799,-2.190962103137736,15.054388456904533,-1.496765620671065,0.6657651556153181,0.6415708523712997,,,0.0,,0.9943804373811532,0.002597482299667475,5.543172992341912,0.9966146865940932,5.54317299234191,0.9966146865940936
0.0,0.11191596303208869,-2.1900070193961767,15.032883136126507,-1.4967513938169223,0.665768505887464,0.6424918859661083,,,0.0,,0.9943742804069996,0.00259498660321156,5.548451768030529,0.9966116218935962,5.548451768030529,0.9966116218935965
0.0,0.11202290320908471,-2.189051935654617,15.011408740110046,-1.4967371310896658,0.6657718604250257,0.643414237141079,,,0.0,,0.9943680964142927,0.002592493234113338,5.553735554412718,0.9966085421195038,5.5537355544127145,0.9966085421195042
0.0,0.11212994557169526,-2.1880968519130573,14.989965224609735,-1.4967228323831372,0.6657752192448297,0.6443379077684876,,,0.0,,0.9943618853352989,0.0025900021900944754,5.559024356148991,0.9966054472349144,5.559024356148991,0.9966054472349147
0.0,0.11223709021756274,-2.1871417681714975,14.968552545443938,-1.4967084975908875,0.6657785823637461,0.6452628997232202,,,0.0,,0.9943556471020868,0.0025875134688786235,5.564318177903859,0.9966023372028164,5.564318177903856,0.9966023372028169
0.0,0.11234433724442293,-2.186186684429938,14.9471706584947,-1.4966941266061724,0.6657819497986891,0.6461892148827768,,,0.0,,0.9943493816465263,0.0025850270681914166,5.569617024345777,0.9965992119860889,5.569617024345778,0.9965992119860894
0.0,0.11245168675010489,-2.1852316006883785,14.925819519707671,-1.4966797193219534,0.6657853215666174,0.6471168551272751,,,0.0,,0.9943430889002883,0.0025825429857604765,5.574920900147197,0.9965960715475003,5.574920900147194,0.9965960715475007
0.0,0.11255913883253132,-2.184276516946819,14.904499085091995,-1.4966652756308971,0.6657886976845341,0.6480458223394538,,,0.0,,0.9943367687948442,0.0025800612193153916,5.580229809984528,0.9965929158497089,5.580229809984525,0.9965929158497093
0.0,0.11266669358971833,-2.1833214332052595,14.883209310720238,-1.4966507954253727,0.6657920781694865,0.6489761184046754,,,0.0,,0.9943304212614649,0.002577581766587747,5.585543758538161,0.996589744855262,5.585543758538157,0.9965897448552624
0.0,0.11277435111977584,-2.1823663494637,14.861950152728268,-1.4966362785974539,0.6657954630385671,0.6499077452109314,,,0.0,,0.9943240462312211,0.0025751046253110893,5.590862750492465,0.9965865585265958,5.590862750492467,0.9965865585265963
0.0,0.11288211152090738,-2.18141126572214,14.840721567315212,-1.4966217250389147,0.6657988523089127,0.6508407046488429,,,0.0,,0.994317643634982,0.002572629793220946,5.5961867905358,0.9965833568260354,5.596186790535798,0.9965833568260359
0.0,0.1129899748914104,-2.1804561819805803,14.819523510743325,-1.4966071346412322,0.6658022459977053,0.6517749986116664,,,0.0,,0.9943112134034151,0.0025701572680548153,5.601515883360488,0.996580139715794,5.601515883360489,0.9965801397157945
0.0,0.11309794132967622,-2.1795010982390206,14.798355939337911,-1.4965925072955828,0.665805644122172,0.6527106289952967,,,0.0,,0.9943047554669857,0.0025676870475521653,5.606850033662855,0.9965769071579728,5.606850033662852,0.9965769071579733
0.0,0.11320601093419022,-2.178546014497461,14.777218809487232,-1.496577842892843,0.6658090466995851,0.65364759769827,,,0.0,,0.994298269755956,0.002565219129454434,5.612189246143194,0.9965736591145609,5.612189246143193,0.9965736591145614
0.0,0.11331418380353184,-2.1775909307559016,14.756112077642436,-1.4965631413235878,0.6658124537472618,0.6545859066217666,,,0.0,,0.9942917562003852,0.0025627535115050216,5.617533525505798,0.9965703955474347,5.6175335255058,0.9965703955474352
0.0,0.11342246003637484,-2.176635847014342,14.735035700317397,-1.4965484024780908,0.6658158652825652,0.6555255576696178,,,0.0,,0.9942852147301283,0.0025602901914492976,5.622882876458957,0.9965671164183576,5.622882876458957,0.996567116418358
0.0,0.11353083973148706,-2.1756807632727826,14.713989634088753,-1.4965336262463231,0.6658192813229038,0.6564665527483036,,,0.0,,0.994278645274836,0.0025578291670345864,5.628237303714938,0.9965638216889801,5.628237303714935,0.9965638216889805
0.0,0.11363932298773097,-2.174725679531223,14.692973835595671,-1.496518812517951,0.6658227018857319,0.657408893766962,,,0.0,,0.9942720477639536,0.002555370436010177,5.633596811990008,0.9965605113208388,5.633596811990006,0.9965605113208392
0.0,0.11374790990406329,-2.173770595789663,14.671988261539859,-1.4965039611823368,0.6658261269885496,0.6583525826373892,,,0.0,,0.9942654221267214,0.0025529139961273173,5.638961406004428,0.9965571852753567,5.638961406004428,0.9965571852753572
0.0,0.1138566005795354,-2.1728155120481034,14.651032868685446,-1.496489072128538,0.6658295566489028,0.6592976212740426,,,0.0,,0.9942587682921731,0.002550459845139208,5.6443310904824635,0.996553843513843,5.644331090482462,0.9965538435138434
0.0,0.11396539511329329,-2.1718604283065437,14.630107613858877,-1.4964741452453056,0.6658329908843835,0.6602440115940468,,,0.0,,0.9942520861891359,0.0025480079808010044,5.649705870152367,0.9965504859974917,5.649705870152368,0.9965504859974922
0.0,0.11407429360457767,-2.1709053445649844,14.609212453948857,-1.496459180421084,0.6658364297126305,0.6611917555171948,,,0.0,,0.9942453757462297,0.0025455584008698146,5.655085749746402,0.9965471126873828,5.655085749746403,0.9965471126873833
0.0,0.1141832961527242,-2.1699502608234247,14.588347345906186,-1.4964441775440096,0.6658398731513282,0.6621408549659544,,,0.0,,0.9942386368918669,0.0025431111031046995,5.6604707340008416,0.996543723544481,5.660470734000839,0.9965437235444813
0.0,0.11429240285716327,-2.1689951770818654,14.567512246743807,-1.4964291365019096,0.665843321218208,0.6630913118654663,,,0.0,,0.9942318695542508,0.002540666085266658,5.665860827655935,0.9965403185296352,5.665860827655937,0.9965403185296355
0.0,0.1144016138174205,-2.1680400933403057,14.54670711353655,-1.4964140571823026,0.6658467739310476,0.6640431281435545,,,0.0,,0.9942250736613768,0.002538223345118644,5.671256035455979,0.9965368976035792,5.671256035455977,0.9965368976035797
0.0,0.11451092913311643,-2.167085009598746,14.525931903421183,-1.4963989394723964,0.665850231307672,0.6649963057307242,,,0.0,,0.9942182491410302,0.0025357828804255522,5.676656362149245,0.9965334607269307,5.676656362149245,0.9965334607269312
0.0,0.11462034890396684,-2.1661299258571862,14.505186573596246,-1.4963837832590876,0.6658536933659522,0.665950846560168,,,0.0,,0.9942113959207862,0.002533344688954218,5.682061812488038,0.996530007860191,5.682061812488036,0.9965300078601913
0.0,0.11472987322978284,-2.1651748421156265,14.484471081321988,-1.4963685884289613,0.6658571601238072,0.6669067525677689,,,0.0,,0.9942045139280097,0.00253090876847342,5.687472391228654,0.9965265389637445,5.687472391228654,0.9965265389637449
0.0,0.11483950221047085,-2.1642197583740668,14.463785383920271,-1.4963533548682892,0.6658606315992027,0.6678640256921035,,,0.0,,0.9941976030898544,0.0025284751167538692,5.692888103131427,0.9965230539978592,5.692888103131424,0.9965230539978597
0.0,0.11494923594603275,-2.1632646746325075,14.44312943877449,-1.4963380824630295,0.6658641078101516,0.6688226678744457,,,0.0,,0.994190663333262,0.002526043731568219,5.698308952960683,0.9965195529226856,5.698308952960681,0.996519552922686
0.0,0.1150590745365661,-2.1623095908909478,14.42250320332947,-1.4963227710988258,0.6658675887747144,0.6697826810587705,,,0.0,,0.9941836945849625,0.002523614610691046,5.703734945484788,0.9965160356982564,5.703734945484785,0.9965160356982569
0.0,0.11516901808226392,-2.1613545071493885,14.401906635091382,-1.4963074206610065,0.6658710745109993,0.6707440671917576,,,0.0,,0.9941766967714724,0.0025211877518988733,5.709166085476111,0.9965125022844868,5.7091660854761095,0.9965125022844872
0.0,0.11527906668341517,-2.1603994234078288,14.381339691627668,-1.4962920310345824,0.665874565037162,0.6717068282227943,,,0.0,,0.9941696698190947,0.0025187631529701394,5.714602377711056,0.9965089526411735,5.714602377711055,0.9965089526411739
0.0,0.11538922044040448,-2.159444339666269,14.360802330566946,-1.4962766021042493,0.6658780603714061,0.6726709661039787,,,0.0,,0.9941626136539193,0.0025163408116852183,5.720043826970038,0.9965053867279948,5.720043826970039,0.9965053867279953
0.0,0.11549947945371246,-2.1584892559247093,14.340294509598914,-1.4962611337543839,0.6658815605319833,0.673636482790125,,,0.0,,0.9941555282018206,0.0025139207258264083,5.725490438037507,0.9965018045045101,5.725490438037508,0.9965018045045105
0.0,0.11560984382391573,-2.1575341721831496,14.319816186474274,-1.496245625869043,0.6658850655371934,0.6746033802387649,,,0.0,,0.9941484133884583,0.0025115028931779314,5.730942215701937,0.9964982059301597,5.730942215701935,0.9964982059301601
0.0,0.11572031365168697,-2.1565790884415903,14.299367319004638,-1.4962300783319658,0.6658885754053843,0.6755716604101524,,,0.0,,0.994141269139276,0.002509087311525933,5.73639916475582,0.9964945909642643,5.736399164755821,0.9964945909642647
0.0,0.1158308890377952,-2.1556240047000306,14.27894786506244,-1.4962144910265691,0.6658920901549524,0.6765413252672673,,,0.0,,0.9941340953795016,0.002506673978658469,5.7418612899957,0.9964909595660248,5.7418612899957,0.9964909595660252
0.0,0.11594157008310553,-2.1546689209584713,14.258557782580842,-1.496198863835949,0.6658956098043427,0.6775123767758185,,,0.0,,0.9941268920341453,0.00250426289236553,5.747328596222132,0.996487311694522,5.7473285962221325,0.9964873116945224
0.0,0.11605235688857965,-2.1537138372169116,14.238197029553659,-1.496183196642879,0.665899134372049,0.6784848169042481,,,0.0,,0.9941196590280007,0.0025018540504390045,5.752801088239726,0.9964836473087162,5.752801088239723,0.9964836473087166
0.0,0.11616324955527557,-2.152758753475352,14.217865564035273,-1.4961674893298094,0.6659026638766135,0.6794586476237331,,,0.0,,0.9941123962856426,0.0024994474506727063,5.758278770857102,0.9964799663674468,5.758278770857103,0.9964799663674473
0.0,0.11627424818434794,-2.151803669733792,14.197563344140542,-1.4961517417788663,0.6659061983366277,0.6804338709081912,,,0.0,,0.9941051037314277,0.0024970430908623554,5.763761648886943,0.9964762688294324,5.763761648886945,0.9964762688294329
0.0,0.11638535287704803,-2.1508485859922324,14.177290328044705,-1.4961359538718506,0.6659097377707321,0.6814104887342832,,,0.0,,0.994097781289493,0.002494640968805584,5.769249727145955,0.9964725546532698,5.769249727145958,0.9964725546532702
0.0,0.11649656373472388,-2.1498935022506727,14.157046473983304,-1.4961201254902385,0.6659132821976166,0.6823885030814166,,,0.0,,0.9940904288837563,0.002492241082301933,5.774743010454895,0.9964688237974341,5.774743010454895,0.9964688237974344
0.0,0.1166078808588203,-2.1489384185091134,14.136831740252108,-1.4961042565151772,0.6659168316360202,0.6833679159317494,,,0.0,,0.9940830464379142,0.0024898434291528455,5.78024150363855,0.9964650762202782,5.780241503638551,0.9964650762202787
0.0,0.1167193043508792,-2.147983334767554,14.11664608520698,-1.4960883468274884,0.6659203861047316,0.6843487292701944,,,0.0,,0.9940756338754433,0.002487448007161674,5.785745211525766,0.996461311880033,5.785745211525766,0.9964613118800334
0.0,0.11683083431253942,-2.1470282510259944,14.09648946726385,-1.4960723963076639,0.665923945622589,0.6853309450844213,,,0.0,,0.9940681911195977,0.002485054814133664,5.791254138949428,0.996457530734806,5.791254138949431,0.9964575307348065
0.0,0.1169424708455369,-2.1460731672844346,14.076361844898607,-1.4960564048358667,0.6659275102084807,0.6863145653648609,,,0.0,,0.9940607180934098,0.0024826638478759673,5.796768290746477,0.9964537327425821,5.796768290746475,0.9964537327425825
0.0,0.11705421405170481,-2.145118083542875,14.056263176646992,-1.4960403722919287,0.6659310798813447,0.687299592104709,,,0.0,,0.9940532147196891,0.0024802751061976337,5.802287671757884,0.9964499178612225,5.802287671757884,0.996449917861223
0.0,0.11716606403297362,-2.144162999801315,14.036193421104544,-1.496024298555352,0.6659346546601691,0.6882860272999296,,,0.0,,0.9940456809210219,0.002477888586909606,5.80781228682869,0.9964460860484646,5.807812286828691,0.9964460860484651
0.0,0.11727802089137122,-2.1432079160597555,14.01615253692649,-1.496008183505305,0.6659382345639925,0.689273872949259,,,0.0,,0.9940381166197704,0.0024755042878247227,5.813342140807986,0.9964422372619219,5.813342140807986,0.9964422372619224
0.0,0.11739008472902293,-2.142252832318196,13.996140482827688,-1.4959920270206237,0.6659418196119034,0.6902631310542077,,,0.0,,0.9940305217380723,0.002473122206757714,5.818877238548908,0.9964383714590833,5.81887723854891,0.9964383714590838
0.0,0.11750225564815178,-2.1412977485766365,13.97615721758247,-1.4959758289798104,0.6659454098230413,0.6912538036190682,,,0.0,,0.9940228961978399,0.0024707423415252015,5.824417584908666,0.9964344885973129,5.824417584908668,0.9964344885973133
0.0,0.11761453375107833,-2.140342664835077,13.956202700024683,-1.495959589261032,0.6659490052165962,0.6922458926509117,,,0.0,,0.9940152399207602,0.002468364689945688,5.829963184748512,0.9964305886338496,5.829963184748512,0.99643058863385
0.0,0.11772691914022107,-2.1393875810935175,13.936276889047456,-1.4959433077421194,0.6659526058118086,0.6932394001595996,,,0.0,,0.9940075528282936,0.00246598924983957,5.835514042933762,0.9964266715258071,5.835514042933764,0.9964266715258077
0.0,0.11783941191809622,-2.1384324973519577,13.916379743603237,-1.4959269843005683,0.6659562116279706,0.6942343281577811,,,0.0,,0.9939998348416734,0.002463616019029125,5.841070164333799,0.9964227372301733,5.841070164333802,0.9964227372301737
0.0,0.11795201218731802,-2.137477413610398,13.896511222703637,-1.4959106188135352,0.6659598226844248,0.6952306786608992,,,0.0,,0.9939920858819055,0.0024612449953385135,5.846631553822068,0.9964187857038095,5.84663155382207,0.9964187857038099
0.0,0.11806472005059872,-2.1365223298688383,13.876671285419379,-1.4958942111578384,0.6659634390005654,0.6962284536871938,,,0.0,,0.9939843058697673,0.0024588761765937744,5.852198216276074,0.996414816903451,5.852198216276074,0.9964148169034515
0.0,0.11817753561074873,-2.135567246127279,13.856859890880202,-1.4958777612099574,0.6659670605958379,0.6972276552577058,,,0.0,,0.993976494725808,0.0024565095606228246,5.857770156577386,0.9964108307857062,5.857770156577386,0.9964108307857066
0.0,0.11829045897067679,-2.1346121623857193,13.837076998274739,-1.4958612688460309,0.6659706874897392,0.6982282853962817,,,0.0,,0.9939686523703468,0.0024541451452554613,5.8633473796116515,0.9964068273070561,5.863347379611652,0.9964068273070565
0.0,0.1184034902333898,-2.13365707864416,13.817322566850526,-1.4958447339418566,0.6659743197018181,0.6992303461295735,,,0.0,,0.9939607787234733,0.002451782928323349,5.868929890268578,0.9964028064238545,5.86892989026858,0.9964028064238549
0.0,0.11851662950199329,-2.1327019949026003,13.797596555913806,-1.4958281563728897,0.6659779572516751,0.7002338394870472,,,0.0,,0.9939528737050465,0.0024494229076600306,5.87451769344196,0.9963987680923271,5.87451769344196,0.9963987680923274
0.0,0.11862987687969116,-2.1317469111610405,13.77789892482953,-1.495811536014242,0.6659816001589629,0.7012387675009832,,,0.0,,0.9939449372346935,0.002447065081100915,5.8801107940296395,0.9963947122685713,5.880110794029643,0.9963947122685718
0.0,0.11874323246978598,-2.130791827419481,13.758229633021239,-1.4957948727406816,0.6659852484433859,0.7022451322064798,,,0.0,,0.9939369692318103,0.002444709446483282,5.885709196933562,0.9963906389085566,5.885709196933562,0.996390638908557
0.0,0.118856696375679,-2.129836743677921,13.738588639970969,-1.4957781664266325,0.6659889021247013,0.7032529356414594,,,0.0,,0.99392896961556,0.0024423560016462774,5.891312907059723,0.9963865479681228,5.891312907059723,0.996386547968123
0.0,0.1189702687008703,-2.1288816599363614,13.718975905219189,-1.495761416946171,0.6659925612227184,0.7042621798466695,,,0.0,,0.9939209383048728,0.0024400047444309105,5.896921929318212,0.9963824394029808,5.896921929318212,0.996382439402981
0.0,0.11908394954895882,-2.127926576194802,13.699391388364715,-1.4957446241730277,0.6659962257572992,0.7052728668656872,,,0.0,,0.9939128752184451,0.0024376556726800557,5.902536268623187,0.996378313168712,5.90253626862319,0.9963783131687122
0.0,0.1191977390236426,-2.1269714924532424,13.679835049064604,-1.4957277879805848,0.6659998957483583,0.7062849987449242,,,0.0,,0.9939047802747386,0.002435308784238439,5.908155929892907,0.9963741692207676,5.90815592989291,0.9963741692207679
0.0,0.11931163722871863,-2.126016408711683,13.660306847034086,-1.4957109082418767,0.6660035712158634,0.7072985775336288,,,0.0,,0.9938966533919807,0.0024329640769526605,5.913780918049695,0.996370007514469,5.913780918049694,0.9963700075144692
0.0,0.1194256442680832,-2.1250613249701233,13.640806742046486,-1.4956939848295867,0.666007252179835,0.7083136052838899,,,0.0,,0.993888494488163,0.0024306215486711615,5.919411238019958,0.9963658280050064,5.9194112380199595,0.9963658280050066
0.0,0.11953976024573183,-2.1241062412285636,13.621334693933138,-1.495677017616049,0.666010938660347,0.7093300840506407,,,0.0,,0.9938803034810403,0.002428281197244246,5.925046894734201,0.9963616306474392,5.925046894734201,0.9963616306474395
0.0,0.11965398526575938,-2.123151157487004,13.601890662583296,-1.4956600064732448,0.6660146306775264,0.7103480158916625,,,0.0,,0.9938720802881311,0.0024259430205240706,5.930687893127006,0.9963574153966955,5.930687893127008,0.9963574153966959
0.0,0.11976831943236017,-2.122196073745444,13.582474607944052,-1.4956429512728036,0.666018328251554,0.7113674028675887,,,0.0,,0.9938638248267162,0.002423607016364639,5.9363342381370465,0.9963531822075719,5.936334238137049,0.9963531822075722
0.0,0.11988276284982811,-2.121240990003885,13.563086490020256,-1.4956258518860015,0.666022031402664,0.7123882470419076,,,0.0,,0.9938555370138387,0.0024212731826218103,5.941985934707089,0.9963489310347323,5.941985934707092,0.9963489310347327
0.0,0.11999731562255686,-2.120285906262325,13.54372626887443,-1.4956087081837597,0.6660257401511444,0.7134105504809667,,,0.0,,0.993847216766302,0.0024189415171532776,5.947642987783994,0.9963446618327089,5.947642987783995,0.9963446618327092
0.0,0.12011197785503963,-2.119330822520766,13.52439390462668,-1.4955915200366445,0.6660294545173372,0.7144343152539768,,,0.0,,0.9938388640006713,0.002416612017818598,5.953305402318706,0.9963403745559005,5.953305402318706,0.9963403745559009
0.0,0.12022674965186972,-2.118375738779206,13.505089357454622,-1.4955742873148645,0.6660331745216386,0.7154595434330149,,,0.0,,0.9938304786332708,0.0024142846824791522,5.958973183266274,0.9963360691585734,5.958973183266274,0.9963360691585738
0.0,0.12034163111774016,-2.1174206550376464,13.485812587593307,-1.495557009888273,0.6660369001844988,0.7164862370930275,,,0.0,,0.9938220605801844,0.0024119595089981747,5.964646335585836,0.9963317455948598,5.9646463355858375,0.9963317455948602
0.0,0.12045662235744412,-2.1164655712960867,13.466563555335119,-1.4955396876263631,0.6660406315264227,0.7175143983118355,,,0.0,,0.9938136097572545,0.002409636495240734,5.970324864240634,0.9963274038187585,5.970324864240636,0.9963274038187588
0.0,0.12057172347587487,-2.115510487554527,13.447342221029706,-1.4955223203982708,0.6660443685679697,0.7185440291701373,,,0.0,,0.9938051260800822,0.002407315639073739,5.97600877419801,0.9963230437841337,5.97600877419801,0.996323043784134
0.0,0.12068693457802596,-2.1145554038129672,13.428148545083898,-1.4955049080727694,0.6660481113297536,0.7195751317515116,,,0.0,,0.9937966094640249,0.0024049969383659288,5.9816980704294,0.9963186654447154,5.9816980704294,0.9963186654447156
0.0,0.12080225576899113,-2.113600320071408,13.408982487961623,-1.4954874505182725,0.6660518598324435,0.7206077081424226,,,0.0,,0.9937880598241978,0.0024026803909878804,5.987392757910341,0.9963142687540982,5.987392757910344,0.9963142687540985
0.0,0.12091768715396475,-2.1126452363298487,13.389844010183797,-1.4954699476028313,0.6660556140967634,0.721641760432224,,,0.0,,0.9937794770754717,0.0024003659948120047,5.993092841620494,0.9963098536657419,5.993092841620494,0.9963098536657421
0.0,0.12103322883824162,-2.111690152588289,13.370733072328294,-1.4954523991941338,0.6660593741434924,0.7226772907131609,,,0.0,,0.9937708611324725,0.00239805374771253,5.998798326543604,0.9963054201329702,5.998798326543604,0.9963054201329705
0.0,0.1211488809272171,-2.1107350688467292,13.351649635029833,-1.4954348051595034,0.666063139993465,0.7237143010803739,,,0.0,,0.9937622119095817,0.002395743647565524,6.004509217667527,0.9963009681089711,6.004509217667529,0.9963009681089713
0.0,0.12126464352638726,-2.1097799851051695,13.332593658979901,-1.4954171653658996,0.6660669116675711,0.7247527936319039,,,0.0,,0.9937535293209345,0.002393435692248877,6.010225519984236,0.9962964975467958,6.010225519984237,0.9962964975467962
0.0,0.12138051674134905,-2.10882490136361,13.313565104926674,-1.4953994796799142,0.6660706891867566,0.7257927704686951,,,0.0,,0.9937448132804197,0.0023911298796423014,6.015947238489806,0.9962920083993593,6.0159472384898045,0.9962920083993595
0.0,0.12149650067780025,-2.10786981762205,13.29456393367493,-1.495381747967773,0.6660744725720228,0.7268342336945988,,,0.0,,0.9937360637016788,0.0023888262076273317,6.021674378184418,0.9962875006194387,6.021674378184422,0.9962875006194389
0.0,0.12161259544153964,-2.1069147338804908,13.275590106085984,-1.4953639700953332,0.6660782618444272,0.7278771854163764,,,0.0,,0.9937272804981057,0.0023865246740873234,6.027406944072381,0.9962829741596743,6.027406944072386,0.9962829741596746
0.0,0.12172880113846722,-2.105959650138931,13.256643583077558,-1.4953461459280828,0.6660820570250834,0.728921627743706,,,0.0,,0.9937184635828454,0.002384225276907451,6.033144941162114,0.996278428972568,6.033144941162116,0.9962784289725684
0.0,0.12184511787458398,-2.1050045663973718,13.237724325623795,-1.4953282753311412,0.6660858581351613,0.729967562789181,,,0.0,,0.9937096128687946,0.0023819280139747,6.038888374466138,0.9962738650104839,6.038888374466138,0.9962738650104841
0.0,0.1219615457559924,-2.104049482655812,13.218832294755058,-1.4953103581692546,0.6660896651958872,0.7310149926683196,,,0.0,,0.9937007282685992,0.0023796328831778737,6.044637249001107,0.9962692822256469,6.044637249001106,0.9962692822256471
0.0,0.12207808488889622,-2.1030943989142523,13.199967451557956,-1.4952923943067982,0.6660934782285443,0.7320639194995642,,,0.0,,0.9936918096946553,0.0023773398824075876,6.050391569787783,0.9962646805701435,6.050391569787781,0.9962646805701437
0.0,0.12219473537960067,-2.1021393151726926,13.181129757175194,-1.4952743836077744,0.6660972972544721,0.7331143454042871,,,0.0,,0.9936828570591077,0.002375049009556268,6.05615134185105,0.9962600599959203,6.05615134185105,0.9962600599959206
0.0,0.1223114973345126,-2.101184231431133,13.162319172805526,-1.495256325935811,0.6661011222950675,0.7341662725067937,,,0.0,,0.9936738702738496,0.0023727602625181485,6.061916570219915,0.9962554204547845,6.061916570219918,0.9962554204547848
0.0,0.12242837086014045,-2.1002291476895736,13.143535659703678,-1.4952382211541606,0.6661049533717841,0.7352197029343255,,,0.0,,0.9936648492505212,0.0023704736391892685,6.067687259927509,0.9962507618984031,6.06768725992751,0.9962507618984033
0.0,0.12254535606309461,-2.099274063948014,13.12477917918021,-1.4952200691257,0.6661087905061331,0.7362746388170675,,,0.0,,0.9936557939005101,0.002368189137467475,6.073463416011088,0.9962460842783024,6.073463416011087,0.9962460842783026
0.0,0.12266245305008712,-2.0983189802064546,13.106049692601543,-1.4952018697129292,0.6661126337196831,0.7373310822881453,,,0.0,,0.9936467041349497,0.002365906755252412,6.079245043512019,0.996241387545868,6.079245043512019,0.9962413875458683
0.0,0.1227796619279322,-2.097363896464895,13.087347161389758,-1.4951836227779698,0.66611648303406,0.7383890354836362,,,0.0,,0.9936375798647192,0.0023636264904455286,6.085032147475813,0.9962366716523443,6.085032147475816,0.9962366716523445
0.0,0.12289698280354601,-2.096408812723335,13.068671547022609,-1.4951653281825639,0.6661203384709478,0.7394485005425676,,,0.0,,0.9936284210004426,0.0023613483409500725,6.090824732952105,0.9962319365488337,6.0908247329521075,0.9962319365488339
0.0,0.12301441578394685,-2.0954537289817754,13.0500228110334,-1.4951469857880746,0.6661242000520881,0.7405094796069229,,,0.0,,0.9936192274524881,0.0023590723046710872,6.096622804994653,0.9962271821862969,6.096622804994654,0.9962271821862971
0.0,0.12313196097625535,-2.0944986452402157,13.031400915010916,-1.4951285954554816,0.6661280677992808,0.7415719748216453,,,0.0,,0.9936099991309671,0.002356798379515412,6.1024263686613445,0.9962224085155522,6.102426368661347,0.9962224085155524
0.0,0.12324961848769449,-2.093543561498656,13.012805820599336,-1.4951101570453846,0.6661319417343842,0.742635988334641,,,0.0,,0.9936007359457343,0.002354526563391679,6.10823542901421,0.9962176154872748,6.108235429014211,0.996217615487275
0.0,0.1233673884255896,-2.0925884777570967,12.994237489498168,-1.4950916704179995,0.6661358218793145,0.743701522296783,,,0.0,,0.9935914378063859,0.0023522568542103136,6.114049991119401,0.9962128030519971,6.1140499911193995,0.9962128030519972
0.0,0.12348527089736878,-2.091633394015537,12.97569588346215,-1.4950731354331572,0.6661397082560471,0.7447685788619158,,,0.0,,0.9935821046222602,0.0023499892498835217,6.119870060047206,0.9962079711601075,6.119870060047208,0.9962079711601076
0.0,0.12360326601056255,-2.0906783102739777,12.957180964301182,-1.495054551950304,0.6661436008866157,0.7458371601868584,,,0.0,,0.9935727363024357,0.002347723748325312,6.125695640872057,0.9962031197618509,6.125695640872056,0.996203119761851
0.0,0.1237213738728044,-2.089723226532418,12.938692693880245,-1.4950359198285,0.666147499793113,0.7469072684314079,,,0.0,,0.9935633327557313,0.0023454603474514636,6.131526738672516,0.9961982488073275,6.131526738672516,0.9961982488073277
0.0,0.12383959459183047,-2.088768142790858,12.920231034119329,-1.495017238926417,0.666151404997691,0.7479789057583436,,,0.0,,0.9935538938907051,0.0023431990451795487,6.137363358531284,0.996193358246493,6.1373633585312835,0.9961933582464931
0.0,0.12395792827547997,-2.0878130590492985,12.901795946993346,-1.4949985091023392,0.6661553165225608,0.7490520743334308,,,0.0,,0.9935444196156543,0.0023409398394289185,6.1432055055352,0.996188448029158,6.1432055055352,0.996188448029158
0.0,0.12407637503169507,-2.0868579753077388,12.88338739453205,-1.4949797302141616,0.6661592343899926,0.7501267763254241,,,0.0,,0.9935349098386135,0.0023386827281207034,6.149053184775247,0.9961835181049872,6.14905318477525,0.9961835181049872
0.0,0.1241949349685211,-2.0859028915661795,12.865005338819975,-1.4949609021193877,0.6661631586223169,0.7512030139060721,,,0.0,,0.9935253644673547,0.002336427709177815,6.15490640134655,0.9961785684234998,6.154906401346551,0.9961785684234998
0.0,0.12431360819410676,-2.0849478078246197,12.84664974199632,-1.49494202467513,0.6661670892419232,0.7522807892501208,,,0.0,,0.9935157834093868,0.0023341747805249308,6.160765160348381,0.9961735989340686,6.1607651603483795,0.9961735989340686
0.0,0.1244323948167039,-2.0839927240830605,12.828320566254902,-1.4949230977381092,0.6661710262712616,0.7533601045353171,,,0.0,,0.9935061665719548,0.002331923940088521,6.166629466884137,0.9961686095859198,6.166629466884137,0.9961686095859198
0.0,0.12455129494466798,-2.0830376403415007,12.810017773844072,-1.4949041211646508,0.6661749697328417,0.7544409619424133,,,0.0,,0.9934965138620381,0.002329675185796808,6.172499326061391,0.9961636003281322,6.17249932606139,0.9961636003281323
0.0,0.12467030868645786,-2.082082556599941,12.79174132706663,-1.4948850948106869,0.6661789196492338,0.7555233636551699,,,0.0,,0.9934868251863515,0.0023274285155797988,6.178374742991836,0.9961585711096375,6.178374742991836,0.9961585711096376
0.0,0.1247894361506361,-2.0811274728583813,12.773491188279758,-1.494866018531753,0.6661828760430685,0.75660731186036,,,0.0,,0.993477100451343,0.0023251839273692623,6.184255722791328,0.9961535218792194,6.18425572279133,0.9961535218792195
0.0,0.12490867744586902,-2.0801723891168216,12.755267319894926,-1.494846892182988,0.6661868389370368,0.7576928087477732,,,0.0,,0.9934673395631938,0.0023229414190987373,6.190142270579875,0.996148452585513,6.190142270579872,0.9961484525855131
0.0,0.1250280326809267,-2.079217305375262,12.737069684377825,-1.4948277156191339,0.6661908083538908,0.7587798565102194,,,0.0,,0.9934575424278178,0.002320700988703526,6.196034391481617,0.9961433631770052,6.196034391481614,0.9961433631770055
0.0,0.12514750196468313,-2.0782622216337026,12.718898244248301,-1.4948084886945316,0.6661947843164434,0.7598684573435316,,,0.0,,0.9934477089508602,0.002318462634120693,6.201932090624857,0.9961382536020338,6.201932090624856,0.996138253602034
0.0,0.12526708540611659,-2.077307137892143,12.700752962080218,-1.4947892112631245,0.6661987668475686,0.7609586134465731,,,0.0,,0.9934378390376974,0.002316226353289066,6.20783537314206,0.9961331238087868,6.207835373142059,0.9961331238087869
0.0,0.1253867831143091,-2.0763520541505835,12.682633800501492,-1.4947698831784526,0.6662027559702017,0.762050327021235,,,0.0,,0.9934279325934362,0.0023139921441492285,6.21374424416983,0.9961279737453025,6.213744244169828,0.9961279737453026
0.0,0.12550659519844728,-2.075396970409024,12.664540722193879,-1.494750504293656,0.6662067517073396,0.7631436002724481,,,0.0,,0.9934179895229127,0.0023117600046435242,6.219658708848934,0.9961228033594688,6.219658708848934,0.9961228033594689
0.0,0.12562652176782188,-2.074441886667464,12.646473689893012,-1.4947310744614695,0.6662107540820407,0.7642384354081796,,,0.0,,0.9934080097306915,0.002309529932716052,6.225578772324294,0.9961176125990232,6.225578772324294,0.9961176125990233
0.0,0.12574656293182807,-2.0734868029259044,12.628432666388262,-1.4947115935342248,0.6662147631174252,0.765334834639441,,,0.0,,0.9933979931210664,0.0023073019263126636,6.231504439744986,0.996112401411552,6.231504439744988,0.996112401411552
0.0,0.12586671879996564,-2.0725317191843446,12.610417614522676,-1.4946920613638481,0.6662187788366756,0.7664328001802903,,,0.0,,0.9933879395980574,0.0023050759833809636,6.237435716264254,0.9961071697444897,6.237435716264251,0.9961071697444898
0.0,0.1259869894818389,-2.0715766354427854,12.592428497192914,-1.4946724778018583,0.666222801263036,0.767532334247836,,,0.0,,0.9933778490654117,0.002302852101870304,6.243372607039479,0.9961019175451193,6.243372607039479,0.9961019175451195
0.0,0.12610737508715708,-2.0706215517012256,12.574465277349114,-1.494652842699368,0.6662268304198135,0.7686334390622438,,,0.0,,0.9933677214266028,0.00230063027973179,6.249315117232232,0.9960966447605714,6.249315117232232,0.9960966447605715
0.0,0.12622787572573402,-2.0696664679596664,12.556527917994927,-1.49463315590708,0.6662308663303772,0.7697361168467338,,,0.0,,0.9933575565848288,0.0022984105149182646,6.2552632520082225,0.9960913513378238,6.255263252008223,0.9960913513378238
0.0,0.12634849150748867,-2.0687113842181066,12.538616382187305,-1.4946134172752878,0.6662349090181593,0.7708403698275929,,,0.0,,0.9933473544430128,0.002296192805384323,6.261217016537345,0.996086037223701,6.261217016537342,0.9960860372237011
0.0,0.12646922254244497,-2.067756300476547,12.520730633036536,-1.4945936266538746,0.6662389585066545,0.771946200234171,,,0.0,,0.9933371149038014,0.0022939771490862984,6.267176415993633,0.9960807023648744,6.267176415993631,0.9960807023648746
0.0,0.12659006894073188,-2.066801216734987,12.502870633706113,-1.4945737838923108,0.6662430148194209,0.7730536102988895,,,0.0,,0.9933268378695641,0.0022917635439822664,6.273141455555297,0.9960753467078612,6.273141455555297,0.9960753467078614
0.0,0.1267110308125837,-2.0658461329934275,12.485036347412663,-1.4945538888396541,0.6662470779800795,0.7741626022572433,,,0.0,,0.9933165232423933,0.002289551988032041,6.279112140404717,0.9960699701990242,6.279112140404718,0.9960699701990243
0.0,0.12683210826834004,-2.0648910492518677,12.46722773742588,-1.494533941344548,0.6662511480123152,0.775273178347806,,,0.0,,0.9933061709241026,0.0022873424791971736,6.285088475728438,0.9960645727845715,6.285088475728438,0.9960645727845715
0.0,0.1269533014184459,-2.0639359655103084,12.44944476706845,-1.494513941255221,0.6662552249398759,0.7763853408122312,,,0.0,,0.9932957808162263,0.0022851350154409512,6.291070466717163,0.9960591544105559,6.291070466717164,0.9960591544105559
0.0,0.1270746103734519,-2.062980881768749,12.431687399715962,-1.4944938884194854,0.6662593087865736,0.7774990918952599,,,0.0,,0.993285352820019,0.0022829295947283893,6.29705811856578,0.9960537150228747,6.297058118565778,0.9960537150228748
0.0,0.12719603524401432,-2.0620257980271894,12.41395559879683,-1.494473782684735,0.6662633995762843,0.7786144338447224,,,0.0,,0.9932748868364548,0.0022807262150262393,6.303051436473338,0.9960482545672691,6.303051436473337,0.9960482545672692
0.0,0.127317576140895,-2.0610707142856297,12.396249327792246,-1.494453623897946,0.6662674973329481,0.7797313689115416,,,0.0,,0.9932643827662265,0.0022785248743029817,6.309050425643055,0.996042772989324,6.309050425643056,0.996042772989324
0.0,0.1274392331749618,-2.06011563054407,12.37856855023608,-1.4944334119056741,0.6662716020805692,0.7808498993497378,,,0.0,,0.9932538405097443,0.0022763255705288235,6.315055091282332,0.9960372702344672,6.315055091282329,0.9960372702344672
0.0,0.12756100645718843,-2.0591605468025103,12.360913229714807,-1.4944131465540555,0.6662757138432167,0.7819700274164326,,,0.0,,0.9932432599671362,0.0022741283016756977,6.321065438602723,0.9960317462479694,6.321065438602723,0.9960317462479695
0.0,0.1276828960986546,-2.0582054630609505,12.34328332986744,-1.4943928276888032,0.666279832645024,0.7830917553718523,,,0.0,,0.9932326410382458,0.0022719330657172618,6.327081472819976,0.9960262009749435,6.327081472819978,0.9960262009749437
0.0,0.1278049022105462,-2.0572503793193913,12.325678814385444,-1.4943724551552082,0.6662839585101894,0.7842150854793323,,,0.0,,0.9932219836226336,0.002269739860628898,6.333103199154004,0.9960206343603445,6.333103199154004,0.9960206343603446
0.0,0.12792702490415547,-2.0562952955778315,12.30809964701267,-1.4943520287981356,0.6662880914629765,0.7853400200053208,,,0.0,,0.9932112876195734,0.0022675486843876966,6.339130622828903,0.9960150463489683,6.3391306228289,0.9960150463489684
0.0,0.12804926429088084,-2.0553402118362722,12.290545791545265,-1.4943315484620272,0.666292231527714,0.7864665612193831,,,0.0,,0.9932005529280548,0.0022653595349724867,6.34516374907293,0.9960094368854525,6.345163749072928,0.9960094368854525
0.0,0.1281716204822273,-2.0543851280947125,12.273017211831611,-1.4943110139908968,0.666296378728796,0.7875947113942053,,,0.0,,0.9931897794467794,0.0022631724103637945,6.351202583118538,0.9960038059142747,6.351202583118538,0.9960038059142747
0.0,0.1282940935898063,-2.053430044353153,12.255513871772257,-1.4942904252283316,0.666300533090682,0.7887244728055969,,,0.0,,0.9931789670741626,0.002260987308543873,6.357247130202354,0.9959981533797531,6.357247130202353,0.9959981533797531
0.0,0.128416683725336,-2.052474960611593,12.238035735319828,-1.4942697820174897,0.6663046946378978,0.7898558477324964,,,0.0,,0.9931681157083309,0.002258804227496683,6.363297395565175,0.9959924792260452,6.3632973955651755,0.9959924792260453
0.0,0.12853939100064124,-2.0515198768700333,12.220582766478953,-1.4942490842010994,0.6663088633950346,0.790988838456975,,,0.0,,0.9931572252471224,0.002256623165207899,6.369353384451993,0.9959867833971484,6.369353384451989,0.9959867833971484
0.0,0.12866221552765375,-2.050564793128474,12.203154929306207,-1.4942283316214577,0.6663130393867501,0.792123447264239,,,0.0,,0.9931462955880852,0.0022544441196649034,6.37541510211196,0.9959810658368984,6.3754151021119565,0.9959810658368985
0.0,0.1287851574184123,-2.0496097093869143,12.185752187910003,-1.4942075241204293,0.6663172226377684,0.7932596764426365,,,0.0,,0.9931353266284773,0.0022522670888567814,6.38148255379843,0.9959753264889697,6.38148255379843,0.9959753264889698
0.0,0.12890821678506253,-2.048654625645355,12.168374506450546,-1.494186661539447,0.6663214131728797,0.7943975282836587,,,0.0,,0.9931243182652656,0.002250092070774336,6.387555744768939,0.9959695652968747,6.387555744768939,0.9959695652968747
0.0,0.12903139373985748,-2.0476995419037953,12.151021849139747,-1.4941657437195075,0.6663256110169414,0.7955370050819454,,,0.0,,0.9931132703951249,0.0022479190634100608,6.3936346802851975,0.9959637822039634,6.3936346802851975,0.9959637822039634
0.0,0.12915468839515726,-2.0467444581622356,12.133694180241163,-1.4941447705011723,0.6663298161948776,0.7966781091352877,,,0.0,,0.9931021829144373,0.002245748064758158,6.399719365613109,0.9959579771534229,6.399719365613106,0.9959579771534229
0.0,0.12927810086342942,-2.045789374420676,12.116391464069904,-1.4941237417245667,0.6663340287316795,0.7978208427446326,,,0.0,,0.9930910557192918,0.0022435790728145308,6.405809806022752,0.995952150088277,6.405809806022748,0.995952150088277
0.0,0.12940163125724893,-2.044834290679116,12.09911366499257,-1.4941026572293776,0.6663382486524054,0.7989652082140873,,,0.0,,0.9930798887054827,0.002241412085576776,6.411906006788397,0.9959463009513858,6.411906006788393,0.9959463009513858
0.0,0.12952527968929842,-2.0438792069375564,12.081860747427172,-1.4940815168548527,0.6663424759821815,0.8001112078509229,,,0.0,,0.9930686817685095,0.002239247101044192,6.418007973188507,0.9959404296854454,6.4180079731885025,0.9959404296854454
0.0,0.12964904627236803,-2.042924123195997,12.064632675843072,-1.4940603204397997,0.6663467107462016,0.8012588439655772,,,0.0,,0.9930574348035762,0.0022370841172177675,6.424115710505718,0.9959345362329869,6.424115710505718,0.995934536232987
0.0,0.12977293111935595,-2.0419690394544374,12.04742941476086,-1.4940390678225852,0.6663509529697267,0.8024081188716619,,,0.0,,0.99304614770559,0.002234923132100189,6.43022922402688,0.9959286205363768,6.430229224026879,0.9959286205363769
0.0,0.1298969343432679,-2.041013955712878,12.03025092875238,-1.4940177588411325,0.6663552026780867,0.8035590348859607,,,0.0,,0.9930348203691607,0.0022327641436958273,6.436348519043012,0.9959226825378158,6.436348519043007,0.9959226825378158
0.0,0.13002105605721792,-2.0400588719713184,12.013097182440536,-1.4939963933329217,0.6663594598966792,0.8047115943284406,,,0.0,,0.9930234526886,0.002230607150010747,6.442473600849322,0.9959167221793388,6.442473600849322,0.9959167221793388
0.0,0.13014529637442793,-2.0391037882297587,11.995968140499308,-1.4939749711349872,0.6663637246509706,0.8058657995222501,,,0.0,,0.9930120445579212,0.0022284521490527,6.448604474745225,0.9959107394028143,6.448604474745225,0.9959107394028143
0.0,0.13026965540822807,-2.038148704488199,11.978863767653646,-1.4939534920839186,0.6663679969664956,0.8070216527937252,,,0.0,,0.9930005958708376,0.0022262991388311225,6.454741146034319,0.9959047341499438,6.454741146034316,0.995904734149944
0.0,0.1303941332720568,-2.0371936207466392,11.961784028679396,-1.4939319560158566,0.6663722768688579,0.8081791564723934,,,0.0,,0.9929891065207616,0.0022241481173571353,6.460883620024384,0.9958987063622621,6.460883620024382,0.9958987063622622
0.0,0.13051873007946085,-2.03623853700508,11.944728888403242,-1.4939103627664947,0.6663765643837302,0.8093383128909772,,,0.0,,0.992977576400805,0.0022219990826435406,6.4670319020274105,0.9958926559811356,6.467031902027406,0.9958926559811356
0.0,0.13064344594409577,-2.0352834532635202,11.927698311702583,-1.4938887121710756,0.6663808595368542,0.8104991243854007,,,0.0,,0.9929660054037772,0.002219852032704823,6.473185997359573,0.9958865829477629,6.473185997359573,0.995886582947763
0.0,0.13076828097972532,-2.034328369521961,11.910692263505553,-1.4938670040643924,0.6663851623540414,0.811661593294788,,,0.0,,0.9929543934221854,0.00221770696555714,6.479345911341248,0.995880487203174,6.479345911341245,0.9958804872031741
0.0,0.1308932353002223,-2.033373285780401,11.893710708790849,-1.4938452382807847,0.6663894728611726,0.812825721961473,,,0.0,,0.9929427403482322,0.0022155638792183286,6.485511649296999,0.9958743686882298,6.485511649296996,0.9958743686882298
0.0,0.13101830901956807,-2.0324182020388415,11.876753612587727,-1.4938234146541405,0.6663937910841984,0.8139915127309996,,,0.0,,0.9929310460738164,0.002213422771707903,6.4916832165555896,0.9958682273436213,6.491683216555588,0.9958682273436215
0.0,0.13114350225185303,-2.0314631182972818,11.859820939975897,-1.4938015330178915,0.6663981170491395,0.8151589679521275,,,0.0,,0.9929193104905317,0.002211283641047049,6.497860618449982,0.9958620631098705,6.497860618449979,0.9958620631098705
0.0,0.1312688151112766,-2.030508034555722,11.842912656085469,-1.4937795932050153,0.6664024507820868,0.816328089976835,,,0.0,,0.9929075334896654,0.00220914648525862,6.504043860317331,0.9958558759273278,6.504043860317327,0.9958558759273279
0.0,0.13139424771214725,-2.0295529508141623,11.82602872609686,-1.4937575950480317,0.6664067923092015,0.8174988811603243,,,0.0,,0.9928957149621983,0.0022070113023671444,6.510232947498989,0.9958496657361736,6.510232947498987,0.9958496657361737
0.0,0.13151980016888268,-2.028597867072603,11.809169115240746,-1.4937355383790025,0.6664111416567154,0.8186713438610241,,,0.0,,0.9928838547988033,0.002204878090398815,6.516427885340515,0.9958434324764167,6.51642788534051,0.9958434324764168
0.0,0.13164547259601003,-2.0276427833310438,11.792333788797967,-1.493713423029531,0.6664154988509311,0.8198454804405946,,,0.0,,0.9928719528898453,0.0022027468473814885,6.522628679191653,0.9958371760878939,6.522628679191651,0.995837176087894
0.0,0.13177126510816584,-2.026687699589484,11.775522712099452,-1.493691248830759,0.6664198639182222,0.8210212932639321,,,0.0,,0.9928600091253796,0.0022006175713446883,6.5288353344063665,0.9958308965102701,6.528835334406364,0.9958308965102702
0.0,0.1318971778200961,-2.0257326158479243,11.758735850526184,-1.4936690156133667,0.6664242368850334,0.8221987846991713,,,0.0,,0.9928480233951518,0.0021984902603196,6.5350478563428025,0.9958245936830372,6.5350478563428,0.9958245936830373
0.0,0.13202321084665652,-2.0247775321063646,11.7419731695091,-1.4936467232075725,0.6664286177778809,0.823377957117689,,,0.0,,0.9928359955885963,0.002196364912339069,6.541266250363313,0.9958182675455141,6.5412662503633126,0.9958182675455143
0.0,0.13214936430281254,-2.023822448364805,11.725234634529016,-1.4936243714431288,0.6664330066233524,0.8245588128941109,,,0.0,,0.9928239255948358,0.002194241525437599,6.547490521834459,0.9958119180368461,6.547490521834456,0.9958119180368462
0.0,0.13227563830363942,-2.022867364623245,11.70852021111657,-1.4936019601493242,0.6664374034481073,0.8257413544063129,,,0.0,,0.992811813302681,0.00219212009765135,6.553720676126994,0.9958055450960043,6.553720676126989,0.9958055450960044
0.0,0.13240203296432237,-2.021912280881686,11.691829864852146,-1.4935794891549798,0.6664418082788773,0.8269255840354259,,,0.0,,0.992799658600629,0.002190000627018141,6.559956718615871,0.9957991486617852,6.559956718615867,0.9957991486617853
0.0,0.13252854840015685,-2.020957197140126,11.675163561365787,-1.4935569582884494,0.666446221142466,0.828111504165841,,,0.0,,0.9927874613768629,0.002187883111577434,6.566198654680262,0.9957927286728104,6.566198654680259,0.9957927286728107
0.0,0.1326551847265482,-2.020002113398567,11.658521266337152,-1.493534367377617,0.6664506420657494,0.8292991171852119,,,0.0,,0.9927752215192508,0.0021857675493703573,6.572446489703526,0.9957862850675261,6.572446489703525,0.9957862850675263
0.0,0.13278194205901228,-2.019047029657007,11.641902945495413,-1.4935117162498968,0.6664550710756763,0.83048842548446,,,0.0,,0.992762938915345,0.002183653938439675,6.5787002290732435,0.9957798177842023,6.578700229073241,0.9957798177842025
0.0,0.1329088205131752,-2.0180919459154474,11.625308564619223,-1.4934890047322316,0.666459508199268,0.8316794314577772,,,0.0,,0.9927506134523814,0.002181542276829807,6.5849598781811824,0.9957733267609328,6.584959878181178,0.995773326760933
0.0,0.1330358202047736,-2.0171368621738877,11.608738089536606,-1.4934662326510915,0.6664639534636191,0.8328721375026312,,,0.0,,0.9927382450172785,0.0021794325625868185,6.59122544242332,0.9957668119356342,6.591225442423317,0.9957668119356344
0.0,0.1331629412496547,-2.016181778432328,11.592191486124918,-1.4934433998324714,0.6664684068958971,0.8340665460197686,,,0.0,,0.9927258334966363,0.0021773247937584153,6.5974969271998445,0.9957602732460461,6.597496927199844,0.9957602732460463
0.0,0.1332901837637763,-2.0152266946907686,11.575668720310755,-1.493420506101892,0.6664728685233433,0.8352626594132193,,,0.0,,0.992713378776736,0.002175218968393952,6.603774337915145,0.9957537106297301,6.603774337915147,0.9957537106297303
0.0,0.13341754786320725,-2.014271610949209,11.559169758069883,-1.4933975512843976,0.6664773383732723,0.8364604800903014,,,0.0,,0.992700880743539,0.002173115084544414,6.61005767997783,0.9957471240240693,6.610057679977828,0.9957471240240695
0.0,0.1335450336641271,-2.0133165272076496,11.54269456542718,-1.4933745352045535,0.6664818164730727,0.8376600104616241,,,0.0,,0.9926883392826857,0.00217101314026244,6.616346958800691,0.9957405133662683,6.616346958800689,0.9957405133662686
0.0,0.13367264128282658,-2.01236144346609,11.526243108456551,-1.4933514576864477,0.6664863028502069,0.8388612529410917,,,0.0,,0.9926757542794953,0.002168913133602291,6.6226421798007475,0.9957338785933525,6.622642179800744,0.9957338785933526
0.0,0.13380037083570737,-2.01140635972453,11.509815353280883,-1.4933283185536854,0.666490797532212,0.840064209945908,,,0.0,,0.9926631256189639,0.0021668150626198727,6.628943348399214,0.995727219642167,6.628943348399211,0.9957272196421673
0.0,0.13392822243928246,-2.0104512759829705,11.493411266071945,-1.4933051176293934,0.666495300546699,0.8412688838965805,,,0.0,,0.9926504531857653,0.002164718925372723,6.635250470021517,0.9957205364493775,6.635250470021519,0.9957205364493776
0.0,0.1340561962101762,-2.0094961922414107,11.477030813050334,-1.4932818547362126,0.666499811921354,0.8424752772169242,,,0.0,,0.9926377368642484,0.0021626247199200096,6.641563550097303,0.9957138289514682,6.641563550097302,0.9957138289514684
0.0,0.13418429226512432,-2.008541108499851,11.460673960485401,-1.493258529696302,0.6665043316839376,0.8436833923340656,,,0.0,,0.9926249765384378,0.002160532444322531,6.647882594060406,0.9957070970847428,6.647882594060403,0.9957070970847429
0.0,0.13431251072097408,-2.0075860247582917,11.44434067469519,-1.4932351423313337,0.6665088598622858,0.8448932316784468,,,0.0,,0.9926121720920321,0.002158442096642717,6.654207607348878,0.9957003407853228,6.654207607348875,0.9957003407853229
0.0,0.13444085169468453,-2.006630941016732,11.428030922046332,-1.4932116924624943,0.6665133964843099,0.8461047976838313,,,0.0,,0.9925993234084033,0.0021563536749446216,6.660538595404986,0.9956935599891478,6.660538595404987,0.9956935599891479
0.0,0.1345693153033263,-2.0056758572751727,11.41174466895405,-1.4931881799104814,0.6665179415779963,0.8473180927873029,,,0.0,,0.9925864303705957,0.0021542671772939214,6.666875563675206,0.9956867546319748,6.666875563675204,0.9956867546319749
0.0,0.13469790166408205,-2.004720773533613,11.395481881881992,-1.4931646044955043,0.6665224951714075,0.8485331194292772,,,0.0,,0.9925734928613257,0.002152182601757919,6.67321851761022,0.9956799246493775,6.673218517610218,0.9956799246493776
0.0,0.1348266108942463,-2.0037656897920533,11.379242527342246,-1.493140966037281,0.6665270572926819,0.8497498800534994,,,0.0,,0.9925605107629799,0.002150099946405537,6.679567462664915,0.9956730699767464,6.679567462664915,0.9956730699767465
0.0,0.13495544311122568,-2.0028106060504935,11.363026571895228,-1.4931172643550388,0.6665316279700337,0.8509683771070508,,,0.0,,0.9925474839576162,0.0021480192093073216,6.6859224042984,0.9956661905492875,6.685922404298403,0.9956661905492876
0.0,0.135084398432539,-2.001855522308934,11.346833982149619,-1.4930934992675104,0.666536207231754,0.8521886130403533,,,0.0,,0.9925344123269597,0.0021459403885354315,6.6922833479739925,0.9956592863020223,6.6922833479739925,0.9956592863020224
0.0,0.13521347697581731,-2.0009004385673745,11.330664724762311,-1.4930696705929354,0.6665407951062099,0.8534105903071721,,,0.0,,0.9925212957524053,0.002143863482163644,6.698650299159208,0.9956523571697874,6.698650299159208,0.9956523571697875
0.0,0.13534267885880424,-1.9999453548258148,11.314518766438288,-1.493045778149057,0.6665453916218457,0.8546343113646231,,,0.0,,0.9925081341150148,0.002141788488267352,6.705023263325795,0.9956454030872337,6.705023263325793,0.9956454030872338
0.0,0.13547200419935576,-1.9989902710842553,11.298396073930647,-1.4930218217531217,0.6665499968071824,0.8558597786731711,,,0.0,,0.9924949272955164,0.0021397154049235564,6.711402245949689,0.995638423988826,6.711402245949691,0.9956384239888262
0.0,0.1356014531154405,-1.9980351873426956,11.282296614040435,-1.4929978012218779,0.6665546106908186,0.8570869946966396,,,0.0,,0.992481675174304,0.0021376442302108735,6.717787252511066,0.9956314198088427,6.717787252511066,0.995631419808843
0.0,0.13573102572513984,-1.997080103601136,11.266220353616644,-1.4929737163715737,0.6665592333014299,0.8583159619022115,,,0.0,,0.9924683776314364,0.0021355749622095272,6.724178288494288,0.9956243904813752,6.724178288494287,0.9956243904813753
0.0,0.13586072214664796,-1.9961250198595764,11.250167259556106,-1.4929495670179571,0.6665638646677696,0.8595466827604347,,,0.0,,0.9924550345466363,0.0021335075990013483,6.730575359387944,0.995617335940327,6.730575359387942,0.9956173359403272
0.0,0.135990542498272,-1.9951699361180169,11.23413729880345,-1.4929253529762738,0.6665685048186692,0.8607791597452257,,,0.0,,0.9924416457992895,0.0021314421386697743,6.736978470684827,0.9956102561194139,6.736978470684824,0.9956102561194141
0.0,0.13612048689843215,-1.9942148523764571,11.218130438351011,-1.4929010740612656,0.666573153783038,0.8620133953338737,,,0.0,,0.9924282112684439,0.002129378579299846,6.743387627881945,0.9956031509521632,6.743387627881946,0.9956031509521633
0.0,0.13625055546566173,-1.9932597686348976,11.20214664523878,-1.4928767300871695,0.6665778115898637,0.8632493920070445,,,0.0,,0.9924147308328087,0.0021273169189782067,6.749802836480529,0.9955960203719129,6.749802836480529,0.9955960203719131
0.0,0.13638074831860736,-1.992304684893338,11.186185886554332,-1.492852320867717,0.6665824782682126,0.864487152248785,,,0.0,,0.9924012043707537,0.0021252571557930956,6.756224101986009,0.9955888643118115,6.7562241019860085,0.9955888643118117
0.0,0.13651106557602896,-1.9913496011517784,11.170248129432736,-1.4928278462161308,0.6665871538472294,0.8657266785465277,,,0.0,,0.9923876317603081,0.0021231992878343615,6.762651429908031,0.9955816827048177,6.762651429908031,0.995581682704818
0.0,0.13664150735680003,-1.9903945174102189,11.154333341056528,-1.4928033059451262,0.6665918383561381,0.8669679733910928,,,0.0,,0.9923740128791595,0.002121143313193437,6.769084825760455,0.9955744754836996,6.769084825760455,0.9955744754836998
0.0,0.1367720737799076,-1.9894394336686592,11.1384414886556,-1.4927786998669077,0.6665965318242418,0.8682110392766954,,,0.0,,0.992360347604654,0.002119089229963359,6.775524295061362,0.9955672425810339,6.775524295061362,0.9955672425810341
0.0,0.1369027649644524,-1.9884843499270997,11.122572539507168,-1.4927540277931683,0.6666012342809229,0.8694558787009463,,,0.0,,0.9923466358137938,0.0021170370362387533,6.781969843333028,0.9955599839292062,6.78196984333303,0.9955599839292064
0.0,0.13703358102964897,-1.98752926618554,11.10672646093567,-1.492729289535088,0.6666059457556436,0.8707024941648598,,,0.0,,0.9923328773832376,0.0021149867301158403,6.788421476101968,0.9955526994604097,6.7884214761019654,0.9955526994604099
0.0,0.13716452209482577,-1.9865741824439804,11.090903220312734,-1.4927044849033335,0.6666106662779457,0.8719508881728539,,,0.0,,0.9923190721892992,0.0021129383096924314,6.794879198898879,0.9955453891066451,6.794879198898879,0.9955453891066455
0.0,0.13729558827942528,-1.9856190987024207,11.075102785057089,-1.4926796137080556,0.6666153958774513,0.8732010632327566,,,0.0,,0.9923052201079464,0.0021108917730679176,6.8013430172587,0.9955380527997203,6.801343017258698,0.9955380527997206
0.0,0.13742677970300407,-1.9846640149608612,11.059325122634489,-1.492654675758887,0.6666201345838628,0.8744530218558111,,,0.0,,0.9922913210148004,0.00210884711834329,6.807812936720562,0.9955306904712492,6.807812936720561,0.9955306904712495
0.0,0.13755809648523307,-1.9837089312193015,11.043570200557673,-1.492629670864945,0.6666248824269628,0.8757067665566767,,,0.0,,0.992277374785135,0.002106804343621112,6.81428896282782,0.9955233020526517,6.814288962827822,0.9955233020526522
0.0,0.13768953874589743,-1.982753847477742,11.027837986386277,-1.492604598834824,0.6666296394366151,0.8769622998534358,,,0.0,,0.9922633812938754,0.0021047634470055376,6.820771101128047,0.9955158874751534,6.820771101128046,0.9955158874751538
0.0,0.13782110660489683,-1.9817987637361822,11.012128447726766,-1.4925794594766006,0.6666344056427642,0.8782196242675973,,,0.0,,0.9922493404155974,0.0021027244266022993,6.827259357173016,0.9955084466697843,6.827259357173016,0.9955084466697848
0.0,0.13795280018224546,-1.9808436799946227,10.99644155223239,-1.4925542525978273,0.6666391810754357,0.879478742324099,,,0.0,,0.9922352520245266,0.0021006872805187106,6.833753736518723,0.995500979567379,6.83375373651872,0.9955009795673795
0.0,0.13808461959807225,-1.9798885962530632,10.980777267603075,-1.4925289780055335,0.666643965764737,0.8807396565513153,,,0.0,,0.9922211159945374,0.002098652006863664,6.84025424472537,0.995493486098576,6.840254244725367,0.9954934860985765
0.0,0.13821656497262094,-1.9789335125115035,10.96513556158541,-1.4925036355062236,0.6666487597408567,0.8820023694810567,,,0.0,,0.9922069321991521,0.0020966186037476202,6.84676088735738,0.9954859661938168,6.8467608873573775,0.9954859661938172
0.0,0.1383486364262501,-1.977978428769944,10.949516401972524,-1.4924782249058757,0.6666535630340655,0.8832668836485789,,,0.0,,0.9921927005115402,0.002094587069282628,6.853273669983379,0.9954784197833461,6.853273669983377,0.9954784197833464
0.0,0.1384808340794333,-1.9770233450283843,10.933919756604064,-1.4924527460099402,0.6666583756747164,0.8845332015925828,,,0.0,,0.992178420804517,0.002092557401582297,6.859792598176216,0.9954708467972103,6.859792598176216,0.9954708467972107
0.0,0.13861315805275928,-1.9760682612868248,10.918345593366116,-1.4924271986233384,0.6666631976932443,0.8858013258552201,,,0.0,,0.9921640929505432,0.002090529598761814,6.86631767751295,0.9954632471652581,6.866317677512947,0.9954632471652585
0.0,0.138745608466932,-1.975113177545265,10.90279388019111,-1.4924015825504613,0.6666680291201671,0.8870712589820995,,,0.0,,0.9921497168217237,0.002088503658937933,6.872848913574844,0.9954556208171393,6.872848913574844,0.9954556208171397
0.0,0.13887818544277072,-1.9741580938037055,10.887264585057807,-1.4923758975951682,0.6666728699860852,0.8883430035222869,,,0.0,,0.9921352922898068,0.002086479580228977,6.879386311947383,0.9954479676823043,6.879386311947384,0.9954479676823045
0.0,0.13901088910121023,-1.9732030100621458,10.871757675991173,-1.492350143560784,0.6666777203216823,0.8896165620283139,,,0.0,,0.9921208192261831,0.002084457360754833,6.885929878220271,0.9954402876900034,6.885929878220267,0.9954402876900036
0.0,0.1391437195633007,-1.9722479263205863,10.856273121062369,-1.492324320250101,0.666682580157725,0.890891937056177,,,0.0,,0.9921062975018848,0.002082436998636955,6.8924796179873935,0.9954325807692871,6.892479617987395,0.9954325807692872
0.0,0.13927667695020823,-1.9712928425790266,10.84081088838863,-1.4922984274653743,0.6666874495250635,0.8921691311653476,,,0.0,,0.9920917269875851,0.002080418491998359,6.899035536846888,0.9954248468490045,6.899035536846887,0.9954248468490047
0.0,0.13940976138321448,-1.970337758837467,10.825370946133265,-1.4922724650083214,0.6666923284546322,0.8934481469187697,,,0.0,,0.9920771075535961,0.0020784018389636166,6.905597640401072,0.9954170858578036,6.905597640401072,0.9954170858578038
0.0,0.13954297298371707,-1.9693826750959074,10.809953262505516,-1.4922464326801215,0.6666972169774488,0.8947289868828703,,,0.0,,0.9920624390698691,0.0020763870376588655,6.912165934256495,0.9954092977241304,6.912165934256493,0.9954092977241306
0.0,0.13967631187322962,-1.9684275913543479,10.794557805760558,-1.4922203302814132,0.6667021151246154,0.8960116536275585,,,0.0,,0.9920477214059932,0.0020743740862117967,6.9187404240239,0.9954014823762284,6.918740424023902,0.9954014823762285
0.0,0.13980977817338192,-1.9674725076127884,10.779184544199385,-1.4921941576122948,0.6667070229273189,0.8972961497262334,,,0.0,,0.9920329544311942,0.0020723629827516595,6.925321115318257,0.9953936397421379,6.925321115318258,0.995393639742138
0.0,0.1399433720059199,-1.9665174238712286,10.763833446168768,-1.4921679144723194,0.6667119404168304,0.8985824777557865,,,0.0,,0.992018138014334,0.002070353725409255,6.931908013758741,0.9953857697496958,6.931908013758741,0.995385769749696
0.0,0.14007709349270583,-1.9655623401296691,10.748504480061195,-1.492141600660498,0.6667168676245059,0.8998706402966048,,,0.0,,0.9920032720239095,0.0020683463123169384,6.938501124968731,0.9953778723265351,6.938501124968729,0.9953778723265351
0.0,0.14021094275571852,-1.9646072563881094,10.733197614314781,-1.4921152159752946,0.666721804581787,0.9011606399325781,,,0.0,,0.9919883563280517,0.002066340741608616,6.94510045457582,0.9953699474000837,6.94510045457582,0.9953699474000837
0.0,0.14034491991705317,-1.96365217264655,10.717912817413241,-1.4920887602146262,0.6667267513202002,0.9024524792510992,,,0.0,,0.9919733907945244,0.0020643370114197374,6.951706008211813,0.9953619948975646,6.951706008211811,0.9953619948975647
0.0,0.14047902509892182,-1.9626970889049902,10.702650057885776,-1.4920622331758606,0.6667317078713579,0.9037461608430722,,,0.0,,0.9919583752907241,0.002062335119887307,6.958317791512727,0.9953540147459954,6.958317791512724,0.9953540147459955
0.0,0.14061325842365316,-1.9617420051634307,10.687409304307051,-1.4920356346558172,0.6667366742669582,0.9050416873029131,,,0.0,,0.9919433096836782,0.0020603350651498707,6.964935810118771,0.9953460068721868,6.9649358101187735,0.9953460068721869
0.0,0.14074762001369284,-1.960786921421871,10.672190525297097,-1.4920089644507615,0.6667416505387853,0.9063390612285573,,,0.0,,0.9919281938400443,0.002058336845347519,6.971560069674393,0.9953379712027431,6.971560069674392,0.9953379712027433
0.0,0.14088210999160344,-1.9598318376803114,10.656993689521277,-1.4919822223564085,0.6667466367187098,0.9076382852214602,,,0.0,,0.9919130276261098,0.0020563404586218846,6.978190575828214,0.9953299076640614,6.978190575828215,0.9953299076640616
0.0,0.1410167284800648,-1.9588767539387517,10.64181876569019,-1.4919554081679174,0.6667516328386889,0.9089393618866046,,,0.0,,0.9918978109077901,0.0020543459031161413,6.984827334233092,0.9953218161823305,6.984827334233094,0.9953218161823307
0.0,0.1411514756018738,-1.9579216701971922,10.626665722559629,-1.4919285216798923,0.6667566389307664,0.9102422938325033,,,0.0,,0.991882543550628,0.002052353176975003,6.9914703505460745,0.9953136966835311,6.991470350546076,0.9953136966835312
0.0,0.1412863514799448,-1.9569665864556325,10.611534528930516,-1.4919015626863796,0.6667616550270735,0.9115470836712024,,,0.0,,0.9918672254197933,0.002050362278344713,6.998119630428423,0.9953055490934346,6.998119630428426,0.9953055490934348
0.0,0.1414213562373095,-1.956011502714073,10.59642515364881,-1.4918745309808672,0.6667666811598284,0.9128537340182886,,,0.0,,0.9918518563800807,0.002048373205373064,7.004775179545606,0.9952973733376033,7.004775179545606,0.9952973733376034
0.0,0.14155648999711729,-1.9550564189725135,10.581337565605484,-1.491847426356283,0.666771717361337,0.9141622474928895,,,0.0,,0.9918364362959098,0.002046385956209368,7.011437003567287,0.9952891693413889,7.01143700356729,0.995289169341389
0.0,0.1416917528826351,-1.9541013352309538,10.566271733736418,-1.4918202486049945,0.6667767636639929,0.9154726267176814,,,0.0,,0.9918209650313238,0.0020444005290044783,7.018105108167356,0.9952809370299328,7.018105108167358,0.9952809370299329
0.0,0.14182714501724775,-1.9531462514893942,10.55122762702238,-1.491792997518804,0.6667818201002776,0.9167848743188901,,,0.0,,0.9918054424499884,0.0020424169219107756,7.024779499023886,0.9952726763281652,7.024779499023888,0.9952726763281653
0.0,0.1419626665244579,-1.9521911677478345,10.53620521448891,-1.4917656728889508,0.6667868867027613,0.9180989929262986,,,0.0,,0.9917898684151911,0.0020404351330821696,7.031460181819172,0.9952643871608045,7.031460181819171,0.9952643871608046
0.0,0.14209831752788624,-1.951236084006275,10.521204465206303,-1.4917382745061083,0.6667919635041024,0.9194149851732487,,,0.0,,0.99177424278984,0.0020384551606740984,7.038147162239697,0.9952560694523566,7.038147162239695,0.9952560694523568
0.0,0.1422340981512716,-1.9502810002647153,10.506225348289522,-1.491710802160382,0.666797050537048,0.9207328536966454,,,0.0,,0.9917585654364632,0.0020364770028435198,7.044840445976156,0.9952477231271148,7.044840445976156,0.9952477231271151
0.0,0.142370008518471,-1.9493259165231558,10.491267832898126,-1.4916832556413089,0.6668021478344344,0.9220526011369635,,,0.0,,0.9917428362172073,0.002034500657748927,7.05154003872345,0.995239348109159,7.051540038723448,0.9952393481091591
0.0,0.14250604875345987,-1.948370832781596,10.47633188823623,-1.4916556347378558,0.6668072554291871,0.9233742301382484,,,0.0,,0.9917270549938367,0.0020325261235503212,7.058245946180671,0.9952309443223549,7.058245946180673,0.995230944322355
0.0,0.14264221898033203,-1.9474157490400366,10.461417483552426,-1.4916279392384177,0.666812373354321,0.9246977433481223,,,0.0,,0.9917112216277328,0.002030553398409234,7.0649581740511245,0.9952225116903537,7.064958174051126,0.9952225116903539
0.0,0.1427785193233,-1.9464606652984768,10.44652458813971,-1.4916001689308165,0.666817501642941,0.9260231434177894,,,0.0,,0.9916953359798927,0.0020285824804887123,7.071676728042314,0.9952140501365916,7.0716767280423145,0.9952140501365918
0.0,0.14291494990669482,-1.9455055815569173,10.43165317133545,-1.491572323602299,0.6668226403282417,0.9273504330020369,,,0.0,,0.9916793979109283,0.0020266133679533206,7.078401613865935,0.995205559584289,7.078401613865934,0.9952055595842892
0.0,0.1430515108549665,-1.9445504978153576,10.416803202521278,-1.4915444030395364,0.6668277894435082,0.9286796147592437,,,0.0,,0.9916634072810654,0.0020246460589691383,7.085132837237888,0.9951970399564503,7.085132837237887,0.9951970399564504
0.0,0.14318820229268384,-1.943595414073798,10.401974651123076,-1.4915164070286215,0.6668329490221161,0.930010691351379,,,0.0,,0.9916473639501427,0.0020226805517037593,7.091870403878271,0.9951884911758626,7.091870403878271,0.9951884911758628
0.0,0.14332502434453473,-1.9426403303322386,10.387167486610867,-1.4914883353550692,0.6668381190975317,0.9313436654440128,,,0.0,,0.9916312677776111,0.0020207168443262904,7.098614319511385,0.9951799131650962,7.098614319511385,0.9951799131650964
0.0,0.14346197713532624,-1.9416852465906789,10.372381678498785,-1.4914601878038125,0.666843299703312,0.9326785397063145,,,0.0,,0.9916151186225318,0.0020187549350073443,7.105364589865723,0.995171305846503,7.105364589865727,0.9951713058465033
0.0,0.1435990607899846,-1.9407301628491194,10.357617196345002,-1.4914319641592026,0.6668484908731059,0.9340153168110602,,,0.0,,0.9915989163435764,0.0020167948219190473,7.112121220673979,0.9951626691422168,7.112121220673981,0.9951626691422171
0.0,0.14373627543355552,-1.9397750791075596,10.342874009751645,-1.4914036642050081,0.6668536926406534,0.9353539994346377,,,0.0,,0.9915826607990252,0.0020148365032350317,7.11888421767304,0.9951540029741519,7.118884217673039,0.9951540029741521
0.0,0.1438736211912041,-1.9388199953660001,10.328152088364773,-1.4913752877244106,0.6668589050397862,0.936694590257047,,,0.0,,0.9915663518467666,0.002012879977130435,7.125653586603979,0.9951453072640031,7.125653586603979,0.9951453072640033
0.0,0.14401109818821511,-1.9378649116244404,10.313451401874266,-1.4913468345000072,0.6668641281044284,0.9380370919619098,,,0.0,,0.9915499893442955,0.002010925241781899,7.132429333212084,0.995136581933245,7.132429333212084,0.9951365819332451
0.0,0.14414870654999296,-1.936909827882881,10.298771920013813,-1.4913183043138052,0.6668693618685959,0.9393815072364677,,,0.0,,0.9915335731487135,0.0020089722953675663,7.139211463246817,0.9951278269031312,7.139211463246817,0.9951278269031313
0.0,0.144286446402062,-1.9359547441413212,10.2841136125608,-1.4912896969472234,0.6668746063663976,0.9407278387715927,,,0.0,,0.9915171031167263,0.0020070211360670824,7.145999982461842,0.9951190420946942,7.145999982461846,0.9951190420946943
0.0,0.1444243178700664,-1.9349996603997617,10.269476449336297,-1.4912610121810888,0.6668798616320349,0.9420760892617854,,,0.0,,0.9915005791046438,0.0020050717620615885,7.1527948966150205,0.9951102274287442,7.152794896615019,0.9951102274287443
0.0,0.14456232107977054,-1.934044576658202,10.254860400204949,-1.4912322497956358,0.6668851276998025,0.9434262614051842,,,0.0,,0.9914840009683791,0.002003124171533724,7.1595962114683855,0.9951013828258691,7.159596211468388,0.9951013828258692
0.0,0.14470045615705876,-1.9330894929166424,10.240265435074944,-1.4912034095705056,0.666890404604088,0.9447783579035667,,,0.0,,0.9914673685634469,0.002001178362667627,7.166403932788184,0.9950925082064337,7.1664039327881826,0.9950925082064337
0.0,0.14483872322793592,-1.9321344091750827,10.22569152389793,-1.4911744912847418,0.6668956923793731,0.9461323814623557,,,0.0,,0.9914506817449628,0.0019992343336489265,7.173218066344832,0.9950836034905786,7.17321806634483,0.9950836034905786
0.0,0.14497712241852706,-1.9311793254335232,10.211138636668986,-1.491145494716793,0.6669009910602327,0.9474883347906203,,,0.0,,0.9914339403676423,0.001997292082664744,7.180038617912938,0.9950746685982205,7.18003861791294,0.9950746685982205
0.0,0.14511565385507794,-1.9302242416919637,10.196606743426514,-1.4911164196445073,0.6669063006813365,0.9488462206010855,,,0.0,,0.9914171442857999,0.0019953516079036933,7.186865593271314,0.9950657034490511,7.186865593271314,0.9950657034490511
0.0,0.14525431766395483,-1.929269157950404,10.182095814252206,-1.4910872658451328,0.6669116212774481,0.9502060416101318,,,0.0,,0.9914002933533475,0.001993412907555877,7.193698998202941,0.9950567079625366,7.193698998202939,0.9950567079625366
0.0,0.14539311397164478,-1.9283140742088445,10.167605819270992,-1.4910580330953174,0.6669169528834257,0.9515678005378,,,0.0,,0.9913833874237944,0.0019914759798128822,7.2005388384949836,0.9950476820579173,7.2005388384949836,0.9950476820579173
0.0,0.14553204290475572,-1.9273589904672848,10.153136728650944,-1.4910287211711033,0.6669222955342226,0.952931500107798,,,0.0,,0.9913664263502453,0.0019895408228677845,7.207385119938804,0.9950386256542064,7.207385119938805,0.9950386256542063
0.0,0.1456711045900165,-1.9264039067257253,10.138688512603245,-1.49099932984793,0.666927649264887,0.954297143047503,,,0.0,,0.9913494099853999,0.001987607434915144,7.214237848329935,0.9950295386701903,7.214237848329939,0.9950295386701902
0.0,0.14581029915427715,-1.9254488229841655,10.124261141382103,-1.4909698589006288,0.6669330141105627,0.9556647320879667,,,0.0,,0.9913323381815513,0.0019856758141510024,7.221097029468107,0.9950204210244271,7.221097029468109,0.995020421024427
0.0,0.14594962672450884,-1.924493739242606,10.109854585284717,-1.4909403081034243,0.6669383901064891,0.9570342699639179,,,0.0,,0.9913152107905857,0.0019837459587728826,7.227962669157213,0.9950112726352469,7.227962669157215,0.9950112726352468
0.0,0.1460890874278041,-1.9235386555010463,10.095468814651182,-1.4909106772299303,0.6669437772880016,0.9584057594137705,,,0.0,,0.9912980276639806,0.0019818178669797864,7.2348347732053355,0.9950020934207504,7.234834773205341,0.9950020934207504
0.0,0.14622868139137687,-1.9225835717594868,10.081103799864461,-1.4908809660531512,0.6669491756905315,0.9597792031796227,,,0.0,,0.9912807886528046,0.001979891536972195,7.2417133474247395,0.994992883298809,7.241713347424744,0.9949928832988089
0.0,0.14636840874256277,-1.921628488017927,10.066759511350305,-1.4908511743454769,0.6669545853496069,0.9611546040072652,,,0.0,,0.9912634936077153,0.00197796696695206,7.248598397631868,0.9949836421870633,7.248598397631868,0.9949836421870633
0.0,0.14650826960881885,-1.9206734042763676,10.052435919577187,-1.490821301878685,0.6669600063008525,0.962531964646184,,,0.0,,0.9912461423789594,0.001976044155122817,7.2554899296473225,0.9949743700029237,7.2554899296473225,0.9949743700029237
0.0,0.1466482641177242,-1.919718320534808,10.038132995056257,-1.490791348423935,0.66696543857999,0.9639112878495648,,,0.0,,0.991228734816371,0.0019741230996893656,7.262387949295903,0.9949650666635685,7.262387949295903,0.9949650666635685
0.0,0.14678839239697972,-1.9187632367932483,10.023850708341264,-1.4907613137517717,0.6669708822228385,0.9652925763742978,,,0.0,,0.9912112707693703,0.00197220379885808,7.269292462406572,0.9949557320859448,7.269292462406572,0.9949557320859448
0.0,0.14692865457440824,-1.9178081530516888,10.009589030028517,-1.490731197632119,0.6669763372653142,0.9666758329809805,,,0.0,,0.9911937500869635,0.0019702862508368044,7.276203474812465,0.994946366186766,7.276203474812469,0.994946366186766
0.0,0.14706905077795493,-1.916853069310129,9.995347930756791,-1.4907009998342813,0.6669818037434316,0.9680610604339243,,,0.0,,0.991176172617741,0.0019683704538348517,7.283120992350901,0.994936968882513,7.283120992350904,0.994936968882513
0.0,0.147209581135687,-1.9158979855685696,9.98112738120731,-1.4906707201269402,0.6669872816933032,0.9694482615011561,,,0.0,,0.9911585382098761,0.001966456406063,7.290045020863356,0.9949275400894327,7.290045020863357,0.9949275400894327
0.0,0.14735024577579423,-1.9149429018270099,9.966927352103646,-1.4906403582781547,0.6669927711511395,0.9708374389544248,,,0.0,,0.9911408467111251,0.0019645441057334883,7.296975566195478,0.9949180797235372,7.2969755661954805,0.9949180797235372
0.0,0.1474910448265887,-1.9139878180854504,9.952747814211673,-1.4906099140553577,0.6669982721532499,0.9722285955692046,,,0.0,,0.991123097968825,0.0019626335510600284,7.303912634197089,0.9949085877006038,7.303912634197091,0.9949085877006038
0.0,0.1476319784165053,-1.9130327343438907,9.938588738339517,-1.4905793872253552,0.6670037847360428,0.9736217341246998,,,0.0,,0.9911052918298932,0.001960724740257783,7.310856230722175,0.9948990639361739,7.310856230722175,0.9948990639361739
0.0,0.14777304667410143,-1.9120776506023311,9.924450095337486,-1.4905487775543258,0.6670093089360255,0.9750168574038476,,,0.0,,0.991087428140826,0.001958817671543382,7.317806361628881,0.9948895083455528,7.317806361628881,0.9948895083455528
0.0,0.14791424972805756,-1.9111225668607714,9.910331856097999,-1.4905180848078168,0.6670148447898048,0.976413968193325,,,0.0,,0.991069506747698,0.0019569123431349097,7.324763032779522,0.9948799208438086,7.324763032779526,0.9948799208438086
0.0,0.14805558770717692,-1.9101674831192117,9.896233991555548,-1.490487308750745,0.6670203923340874,0.9778130692835513,,,0.0,,0.9910515274961608,0.001955008753251909,7.331726250040583,0.994870301345772,7.331726250040587,0.994870301345772
0.0,0.14819706074038586,-1.9092123993776524,9.88215647268663,-1.4904564491473933,0.6670259516056797,0.9792141634686906,,,0.0,,0.9910334902314417,0.0019531069001153796,7.338696019282696,0.9948606497660357,7.338696019282701,0.9948606497660357
0.0,0.1483386689567341,-1.9082573156360927,9.868099270509665,-1.49042550576141,0.6670315226414886,0.980617253546662,,,0.0,,0.9910153947983431,0.0019512067819477668,7.345672346380673,0.9948509660189533,7.345672346380673,0.9948509660189533
0.0,0.14848041248539443,-1.907302231894533,9.854062356084965,-1.490394478355807,0.6670371054785214,0.9820223423191375,,,0.0,,0.9909972410412409,0.0019493083969729802,7.352655237213454,0.9948412500186391,7.352655237213456,0.9948412500186391
0.0,0.14862229145566314,-1.9063471481529737,9.84004570051468,-1.4903633666929583,0.6670427001538862,0.9834294325915486,,,0.0,,0.9909790288040838,0.0019474117434163684,7.3596446976641605,0.9948315016789673,7.359644697664164,0.9948315016789674
0.0,0.14876430599696025,-1.905392064411414,9.826049274942688,-1.490332170534598,0.6670483067047926,0.9848385271730935,,,0.0,,0.9909607579303924,0.0019455168195047345,7.366640733620071,0.9948217209135716,7.3666407336200725,0.9948217209135717
0.0,0.14890645623882917,-1.9044369806698542,9.812073050554591,-1.4903008896418188,0.667053925168551,0.9862496288767365,,,0.0,,0.9909424282632575,0.001943623623466329,7.373643350972601,0.9948119076358444,7.3736433509726025,0.9948119076358445
0.0,0.1490487423109373,-1.9034818969282945,9.798116998577633,-1.4902695237750716,0.6670595555825738,0.9876627405192154,,,0.0,,0.9909240396453398,0.0019417321535308448,7.380652555617329,0.9948020617589359,7.380652555617332,0.994802061758936
0.0,0.14919116434307572,-1.9025268131867352,9.784181090280637,-1.4902380726941604,0.6670651979843752,0.9890778649210448,,,0.0,,0.9909055919188677,0.001939842407929423,7.38766835345398,0.9947921831957542,7.3876683534539875,0.9947921831957544
0.0,0.14933372246515986,-1.9015717294451755,9.770265296973946,-1.4902065361582457,0.6670708524115717,0.9904950049065209,,,0.0,,0.9908870849256377,0.0019379543848946394,7.394690750386444,0.994782271858964,7.3946907503864505,0.9947822718589641
0.0,0.149476416807229,-1.9006166457036158,9.756369590009356,-1.490174913925839,0.6670765189018824,0.9919141633037273,,,0.0,,0.990868518507012,0.0019360680826605225,7.401719752322742,0.994772327660986,7.401719752322748,0.9947723276609862
0.0,0.14961924749944683,-1.899661561962056,9.742493940780102,-1.4901432057548019,0.6670821974931288,0.9933353429445333,,,0.0,,0.990849892503918,0.0019341834994625262,7.408755365175044,0.994762350513997,7.408755365175048,0.9947623505139971
0.0,0.14976221467210127,-1.8987064782204968,9.72863832072073,-1.4901114114023464,0.667087888223236,0.9947585466646065,,,0.0,,0.9908312067568474,0.001932300633537556,7.415797594859664,0.994752340329928,7.415797594859668,0.9947523403299282
0.0,0.14990531845560498,-1.897751394478937,9.71480270130708,-1.4900795306250298,0.6670935911302319,0.9961837773034122,,,0.0,,0.9908124611058546,0.0019304194831239417,7.422846447297064,0.9947422970204651,7.422846447297071,0.9947422970204652
0.0,0.150048558980495,-1.8967963107373773,9.700987054056226,-1.4900475631787569,0.6670993062522486,0.9976110377042177,,,0.0,,0.990793655390556,0.0019285400464614532,7.429901928411854,0.9947322204970475,7.429901928411861,0.9947322204970476
0.0,0.1501919363774332,-1.8958412269958176,9.687191350526405,-1.4900155088187754,0.6671050336275217,0.9990403307140983,,,0.0,,0.9907747894501285,0.001926662321791293,7.4369640441327665,0.9947221106708675,7.436964044132773,0.9947221106708676
0.0,0.15033545077720623,-1.8948861432542583,9.67341556231697,-1.489983367299676,0.6671107732943912,1.0004716591839395,,,0.0,,0.9907558631233093,0.001924786307356095,7.444032800392683,0.9947119674528699,7.444032800392689,0.99471196745287
0.0,0.15047910231072592,-1.8939310595126986,9.659659661068302,-1.4899511383753896,0.6671165252913015,1.0019050259684463,,,0.0,,0.9907368762483932,0.001922912001399922,7.451108203128627,0.9947017907537513,7.45110820312863,0.9947017907537514
0.0,0.15062289110902896,-1.8929759757711389,9.645923618461804,-1.489918821799186,0.667122289656802,1.0033404339261394,,,0.0,,0.9907178286632332,0.0019210394021682614,7.458190258281738,0.9946915804839593,7.458190258281745,0.9946915804839594
0.0,0.15076681730327732,-1.8920208920295796,9.632207406219788,-1.4898864173236739,0.6671280664295468,1.0047778859193672,,,0.0,,0.9906987202052385,0.0019191685079080379,7.465278971797306,0.994681336553692,7.46527897179731,0.994681336553692
0.0,0.1509108810247584,-1.8910658082880198,9.618510996105448,-1.489853924700795,0.6671338556482956,1.0062173848143061,,,0.0,,0.9906795507113731,0.0019172993168675874,7.472374349624741,0.994671058872897,7.472374349624748,0.9946710588728971
0.0,0.15105508240488488,-1.8901107245464601,9.604834359922792,-1.4898213436818268,0.6671396573519139,1.0076589334809654,,,0.0,,0.9906603200181557,0.0019154318272966793,7.479476397717597,0.9946607473512715,7.479476397717603,0.9946607473512715
0.0,0.15119942157519517,-1.8891556408049004,9.59117746951659,-1.4897886740173796,0.6671454715793729,1.0091025347931921,,,0.0,,0.9906410279616576,0.001913566037446501,7.486585122033534,0.994650401898261,7.486585122033538,0.9946504018982611
0.0,0.1513438986673532,-1.8882005570633411,9.57754029677231,-1.489755915457393,0.66715129836975,1.0105481916286745,,,0.0,,0.9906216743775023,0.001911701945569661,7.4937005285343465,0.994640022423059,7.493700528534356,0.994640022423059
0.0,0.15148851381314893,-1.8872454733217814,9.563922813616042,-1.4897230677511362,0.6671571377622293,1.01199590686895,,,0.0,,0.9906022591008639,0.0019098395499201881,7.5008226231859725,0.9946296088346059,7.500822623185976,0.9946296088346059
0.0,0.1516332671444981,-1.8862903895802217,9.550324992014492,-1.4896901306472057,0.6671629897961018,1.0134456833994019,,,0.0,,0.9905827819664658,0.0019079788487535215,7.507951411958435,0.994619161041589,7.507951411958441,0.994619161041589
0.0,0.15177815879344247,-1.885335305838662,9.536746803974856,-1.4896571038935238,0.6671688545107652,1.0148975241092726,,,0.0,,0.9905632428085805,0.0019061198403265273,7.515086900825903,0.9946086789524412,7.51508690082591,0.9946086789524412
0.0,0.15192318889215004,-1.8843802220971027,9.52318822154483,-1.4896239872373367,0.6671747319457252,1.0163514318916604,,,0.0,,0.9905436414610279,0.0019042625228974763,7.522229095766658,0.9945981624753408,7.5222290957666615,0.9945981624753408
0.0,0.15206835757291517,-1.883425138355543,9.509649216812482,-1.4895907804252124,0.6671806221405946,1.01780740964353,,,0.0,,0.9905239777571736,0.0019024068947260545,7.529378002763093,0.9945876115182108,7.529378002763097,0.9945876115182108
0.0,0.15221366496815852,-1.8824700546139832,9.496129761906253,-1.4895574832030398,0.6671865251350947,1.0192654602657127,,,0.0,,0.9905042515299287,0.0019005529540733611,7.536533627801718,0.9945770259887179,7.536533627801721,0.9945770259887179
0.0,0.15235911121042722,-1.881514970872424,9.482629828994886,-1.489524095316027,0.6671924409690548,1.0207255866629108,,,0.0,,0.9904844626117486,0.001898700699201902,7.543695976873148,0.9945664057942721,7.543695976873152,0.9945664057942721
0.0,0.15250469643239534,-1.8805598871308642,9.469149390287322,-1.4894906165086974,0.667198369682413,1.0221877917437066,,,0.0,,0.9904646108346309,0.0018968501283755936,7.550865055972117,0.9945557508420261,7.550865055972124,0.9945557508420261
0.0,0.15265042076686341,-1.8796048033893045,9.455688418032723,-1.4894570465248926,0.6672043113152161,1.0236520784205594,,,0.0,,0.9904446960301153,0.0018950012398597537,7.558040871097475,0.9945450610388745,7.558040871097479,0.9945450610388745
0.0,0.15279628434675904,-1.8786497196477447,9.442246884520335,-1.4894233851077656,0.6672102659076201,1.025118449609817,,,0.0,,0.9904247180292823,0.0018931540319211133,7.56522342825215,0.9945343362914532,7.565223428252157,0.9945343362914533
0.0,0.1529422873051367,-1.8776946359061855,9.428824762079502,-1.4893896319997828,0.6672162334998907,1.026586908231713,,,0.0,,0.9904046766627514,0.0018913085028277976,7.572412733443194,0.9945235765061385,7.572412733443201,0.9945235765061387
0.0,0.15308842977517825,-1.8767395521646257,9.415422023079534,-1.48935578694272,0.6672222141324032,1.02805745721038,,,0.0,,0.990384571760681,0.001889464650849338,7.5796087926817615,0.9945127815890471,7.579608792681765,0.9945127815890471
0.0,0.1532347118901926,-1.875784468423066,9.402038639929717,-1.489321849677662,0.6672282078456433,1.0295300994738452,,,0.0,,0.9903644031527657,0.001887622474256667,7.586811611983092,0.9945019514460344,7.586811611983098,0.9945019514460344
0.0,0.15338113378361612,-1.8748293846815063,9.388674585079219,-1.4892878199450001,0.6672342146802066,1.03100483795404,,,0.0,,0.9903441706682371,0.0018857819713221124,7.594021197366537,0.9944910859826948,7.594021197366543,0.9944910859826948
0.0,0.15352769558901255,-1.873874300939947,9.375329831017046,-1.4892536974844308,0.6672402346767997,1.0324816755868014,,,0.0,,0.9903238741358614,0.001883943140319405,7.601237554855529,0.9944801851043602,7.601237554855536,0.9944801851043602
0.0,0.15367439744007355,-1.8729192171983873,9.362004350271976,-1.489219482034954,0.6672462678762403,1.0339606153118792,,,0.0,,0.9903035133839379,0.0018821059795236601,7.608460690477613,0.9944692487161004,7.6084606904776155,0.9944692487161003
0.0,0.15382123947061827,-1.8719641334568276,9.348698115412496,-1.4891851733348715,0.6672523143194573,1.0354416600729395,,,0.0,,0.9902830882402992,0.0018802704872114017,7.615690610264395,0.9944582767227211,7.615690610264399,0.9944582767227211
0.0,0.15396822181459374,-1.8710090497152683,9.335411099046793,-1.4891507711217842,0.6672583740474911,1.036924812817565,,,0.0,,0.9902625985323088,0.0018784366616605335,7.622927320251591,0.9944472690287645,7.622927320251594,0.9944472690287643
0.0,0.1541153446060752,-1.8700539659737085,9.32214327382261,-1.4891162751325917,0.6672644471014942,1.0384100764972677,,,0.0,,0.9902420440868607,0.0018766045011503563,7.630170826478997,0.9944362255385073,7.630170826479004,0.9944362255385072
0.0,0.15426260797926578,-1.8690988822321488,9.308894612427276,-1.48908168510349,0.6672705335227312,1.0398974540674848,,,0.0,,0.9902214247303781,0.0018747740039615599,7.637421134990495,0.9944251461559613,7.637421134990502,0.9944251461559612
0.0,0.15441001206849694,-1.868143798490589,9.295665087587603,-1.4890470007699697,0.6672766333525795,1.0413869484875877,,,0.0,,0.9902007402888114,0.0018729451683762207,7.644678251834043,0.994414030784872,7.64467825183405,0.994414030784872
0.0,0.15455755700822837,-1.8671887147490298,9.28245467206984,-1.4890122218668138,0.667282746632529,1.0428785627208854,,,0.0,,0.9901799905876387,0.0018711179926778044,7.651942183061675,0.9944028793287181,7.651942183061682,0.994402879328718
0.0,0.15470524293304855,-1.86623363100747,9.269263338679613,-1.4889773481280968,0.6672888734041827,1.0443722997346288,,,0.0,,0.9901591754518629,0.0018692924751511535,7.659212934729514,0.9943916916907105,7.659212934729518,0.9943916916907105
0.0,0.15485306997767426,-1.8652785472659104,9.256091060261864,-1.4889423792871823,0.6672950137092578,1.0458681625000157,,,0.0,,0.9901382947060117,0.0018674686140825074,7.666490512897739,0.9943804677737923,7.666490512897746,0.9943804677737923
0.0,0.15500103827695114,-1.8643234635243506,9.24293780970083,-1.4889073150767225,0.6673011675895842,1.047366153992192,,,0.0,,0.9901173481741357,0.0018656464077594721,7.673774923630615,0.9943692074806374,7.6737749236306225,0.9943692074806374
0.0,0.15514914796585355,-1.8633683797827914,9.229803559919933,-1.4888721552286535,0.6673073350871069,1.048866277190261,,,0.0,,0.9900963356798076,0.001863825854471048,7.681066172996463,0.9943579107136503,7.68106617299647,0.9943579107136502
0.0,0.15529739917948512,-1.8624132960412316,9.216688283881755,-1.488836899474197,0.6673135162438846,1.050368535077285,,,0.0,,0.9900752570461212,0.001862006952507602,7.688364267067691,0.994346577374965,7.688364267067693,0.994346577374965
0.0,0.15544579205307826,-1.861458212299672,9.203591954587985,-1.4888015475438567,0.667319711102091,1.051872930640289,,,0.0,,0.9900541120956899,0.0018601897001608865,7.695669211920742,0.9943352073664449,7.695669211920742,0.9943352073664449
0.0,0.15559432672199477,-1.8605031285581122,9.190514545079349,-1.488766099167416,0.6673259197040148,1.0533794668702665,,,0.0,,0.9900329006506454,0.0018583740957240267,7.702981013636139,0.9943238005896813,7.702981013636141,0.9943238005896814
0.0,0.1557430033217257,-1.859548044816553,9.177456028435575,-1.488730554073938,0.6673321420920599,1.0548881467621825,,,0.0,,0.9900116225326366,0.0018565601374915218,7.710299678298455,0.9943123569459935,7.710299678298462,0.9943123569459935
0.0,0.1558918219878917,-1.8585929610749932,9.16441637777529,-1.4886949119917623,0.6673383783087463,1.0563989733149814,,,0.0,,0.9899902775628291,0.0018547478237592454,7.717625211996334,0.9943008763364274,7.717625211996337,0.9943008763364275
0.0,0.15604078285624287,-1.8576378773334334,9.151395566256035,-1.488659172648503,0.6673446283967095,1.0579119495315854,,,0.0,,0.9899688655619029,0.0018529371528244372,7.724957620822459,0.9942893586617555,7.724957620822459,0.9942893586617555
0.0,0.15618988606265904,-1.8566827935918742,9.138393567074147,-1.4886233357710488,0.6673508923987015,1.059427078418904,,,0.0,,0.9899473863500515,0.0018511281229857172,7.732296910873552,0.9942778038224755,7.732296910873555,0.9942778038224755
0.0,0.15633913174315006,-1.8557277098503144,9.125410353464732,-1.4885874010855586,0.6673571703575908,1.0609443629878368,,,0.0,,0.9899258397469817,0.001849320732543061,7.739643088250415,0.9942662117188104,7.739643088250422,0.9942662117188104
0.0,0.1564885200338555,-1.8547726261087547,9.112445898701612,-1.4885513683174623,0.667363462316363,1.0624638062532765,,,0.0,,0.989904225571911,0.0018475149797978186,7.746996159057874,0.9942545822507066,7.746996159057877,0.9942545822507065
0.0,0.15663805107104514,-1.853817542367195,9.09950017609726,-1.4885152371914563,0.667369768318121,1.0639854112341152,,,0.0,,0.9898825436435672,0.0018457108630527041,7.7543561294047985,0.9942429153178346,7.7543561294047985,0.9942429153178345
0.0,0.15678772499111893,-1.8528624586256357,9.086573159002754,-1.4884790074315044,0.6673760884060849,1.0655091809532462,,,0.0,,0.9898607937801872,0.0018439083806117951,7.761723005404087,0.9942312108195873,7.761723005404093,0.9942312108195872
0.0,0.15693754193060724,-1.851907374884076,9.07366482080769,-1.4884426787608336,0.667382422623593,1.0670351184375746,,,0.0,,0.9898389757995152,0.0018421075307805315,7.76909679317271,0.9942194686550798,7.769096793172717,0.9942194686550797
0.0,0.1570875020261708,-1.8509522911425162,9.06077513494019,-1.4884062509019347,0.6673887710141019,1.0685632267180112,,,0.0,,0.9898170895188023,0.0018403083118657083,7.776477498831636,0.9942076887231482,7.776477498831643,0.994207688723148
0.0,0.15723760541460097,-1.8499972074009565,9.047904074866777,-1.4883697235765583,0.6673951336211864,1.0700935088294876,,,0.0,,0.989795134754805,0.0018385107221754924,7.7838651285058855,0.9941958709223495,7.783865128505889,0.9941958709223493
0.0,0.15738785223281976,-1.8490421236593972,9.035051614092382,-1.4883330965057133,0.6674015104885405,1.0716259678109523,,,0.0,,0.9897731113237831,0.001836714760019395,7.791259688324492,0.9941840151509604,7.791259688324495,0.9941840151509602
0.0,0.15753824261788016,-1.8480870399178375,9.022217726160227,-1.488296369409667,0.6674079016599771,1.073160606705382,,,0.0,,0.9897510190415002,0.0018349204237082918,7.798661184420527,0.9941721213069767,7.798661184420527,0.9941721213069766
0.0,0.157688776706966,-1.8471319561762778,9.009402384651825,-1.4882595420079405,0.6674143071794291,1.074697428559781,,,0.0,,0.9897288577232212,0.0018331277115544108,7.806069622931069,0.994160189288113,7.806069622931076,0.9941601892881128
0.0,0.15783945463739213,-1.8461768724347185,8.996605563186906,-1.4882226140193096,0.6674207270909485,1.076236436425185,,,0.0,,0.9897066271837113,0.0018313366218713329,7.813485009997239,0.9941482189918012,7.813485009997246,0.994148218991801
0.0,0.15799027654660486,-1.8452217886931588,8.98382723542333,-1.4881855851618004,0.6674271614387081,1.0777776333566726,,,0.0,,0.989684327237235,0.0018295471529739932,7.82090735176416,0.9941362103151902,7.820907351764167,0.99413621031519
0.0,0.15814124257218157,-1.844266704951599,8.971067375057103,-1.4881484551526891,0.6674336102670008,1.0793210224133594,,,0.0,,0.9896619576975546,0.0018277593031786697,7.82833665438097,0.9941241631551456,7.82833665438097,0.9941241631551454
0.0,0.15829235285183124,-1.8433116212100393,8.958325955822245,-1.4881112237085001,0.6674400736202407,1.0808666066584118,,,0.0,,0.9896395183779294,0.0018259730708030022,7.835772924000809,0.9941120774082481,7.835772924000809,0.9941120774082479
0.0,0.15844360752339434,-1.84235653746848,8.945602951490807,-1.4880738905450035,0.6674465515429627,1.0824143891590425,,,0.0,,0.9896170090911145,0.0018241884541659646,7.843216166780834,0.9940999529707938,7.843216166780834,0.9940999529707936
0.0,0.15859500672484322,-1.8414014537269203,8.932898335872741,-1.4880364553772134,0.6674530440798235,1.0839643729865263,,,0.0,,0.9895944296493584,0.0018224054515878832,7.850666388882205,0.9940877897387921,7.850666388882209,0.994087789738792
0.0,0.15874655059428192,-1.8404463699853606,8.920212082815913,-1.4879989179193862,0.6674595512756013,1.085516561216192,,,0.0,,0.9895717798644036,0.0018206240613904304,7.8581235964700875,0.9940755876079665,7.858123596470094,0.9940755876079663
0.0,0.15889823926994648,-1.8394912862438009,8.907544166206021,-1.487961277885019,0.6674660731751967,1.0870709569274353,,,0.0,,0.9895490595474838,0.0018188442818966167,7.865587795713641,0.9940633464737528,7.865587795713641,0.9940633464737527
0.0,0.15905007289020498,-1.8385362025022416,8.894894559966538,-1.4879235349868474,0.6674726098236325,1.0886275632037188,,,0.0,,0.9895262685093238,0.0018170661114307993,7.873058992786003,0.9940510662312988,7.873058992786007,0.9940510662312987
0.0,0.15920205159355788,-1.8375811187606819,8.882263238058657,-1.4878856889368426,0.6674791612660549,1.0901863831325798,,,0.0,,0.9895034065601369,0.001815289548318667,7.88053719386433,0.9940387467754636,7.880537193864337,0.9940387467754634
0.0,0.15935417551863787,-1.8366260350191221,8.869650174481237,-1.487847739446213,0.6674857275477324,1.091747419805633,,,0.0,,0.9894804735096256,0.0018135145908872595,7.888022405129761,0.9940263880008164,7.888022405129761,0.9940263880008162
0.0,0.15950644480421006,-1.8356709512775624,8.857055343270781,-1.4878096862253973,0.6674923087140576,1.0933106763185716,,,0.0,,0.9894574691669783,0.0018117412374649394,7.8955146327673935,0.9940139898016365,7.895514632767401,0.9940139898016364
0.0,0.15965885958917214,-1.8347158675360031,8.844478718501326,-1.4877715289840674,0.667498904810547,1.0948761557711786,,,0.0,,0.9894343933408696,0.0018099694863814198,7.903013882966337,0.994001552071912,7.903013882966344,0.9940015520719119
0.0,0.15981142001255477,-1.8337607837944434,8.831920274284432,-1.4877332674311226,0.6675055158828407,1.096443861267326,,,0.0,,0.9894112458394579,0.0018081993359677347,7.91052016191967,0.9939890747053393,7.910520161919677,0.993989074705339
0.0,0.1599641262135212,-1.8328057000528837,8.81937998476911,-1.4876949012746905,0.6675121419767037,1.0980137959149798,,,0.0,,0.9893880264703854,0.0018064307845562586,7.918033475824444,0.993976557595322,7.918033475824448,0.9939765575953219
0.0,0.16011697833136768,-1.8318506163113244,8.806857824141783,-1.4876564302221245,0.6675187831380259,1.0995859628262064,,,0.0,,0.9893647350407754,0.0018046638304806961,7.925553830881673,0.9939640006349711,7.925553830881676,0.9939640006349709
0.0,0.16026997650552371,-1.8308955325697647,8.794353766626212,-1.4876178539800007,0.6675254394128223,1.1011603651171749,,,0.0,,0.9893413713572324,0.0018028984720760755,7.9330812332963605,0.993951403717103,7.933081233296364,0.9939514037171029
0.0,0.16042312087555194,-1.829940448828205,8.78186778648345,-1.487579172254117,0.6675321108472331,1.1027370059081636,,,0.0,,0.9893179352258397,0.0018011347076787657,7.940615689277451,0.9939387667342396,7.9406156892774575,0.9939387667342395
0.0,0.1605764115811483,-1.8289853650866452,8.769399858011814,-1.4875403847494915,0.6675387974875248,1.1043158883235606,,,0.0,,0.9892944264521591,0.0017993725356264482,7.948157205037873,0.9939260895786074,7.948157205037877,0.9939260895786073
0.0,0.16072984876214227,-1.828030281345086,8.756949955546789,-1.4875014911703595,0.6675454993800898,1.1058970154918732,,,0.0,,0.9892708448412288,0.0017976119542581432,7.955705786794489,0.9939133721421365,7.955705786794489,0.9939133721421364
0.0,0.16088343255849705,-1.8270751976035262,8.744518053460999,-1.4874624912201726,0.6675522165714474,1.1074803905457293,,,0.0,,0.9892471901975629,0.0017958529619141836,7.963261440768135,0.9939006143164602,7.963261440768135,0.99390061431646
0.0,0.1610371631103094,-1.8261201138619665,8.732104126164156,-1.4874233846015965,0.6675589491082433,1.1090660166218813,,,0.0,,0.9892234623251493,0.0017940955569362323,7.970824173183586,0.9938878159929138,7.97082417318359,0.9938878159929136
0.0,0.16119104055781006,-1.8251650301204068,8.719708148103,-1.4873841710165088,0.667565697037251,1.1106538968612119,,,0.0,,0.9891996610274495,0.0017923397376672697,7.9783939902695655,0.9938749770625342,7.978393990269573,0.9938749770625341
0.0,0.16134506504136362,-1.8242099463788475,8.707330093761257,-1.487344850165997,0.667572460405371,1.1122440344087368,,,0.0,,0.9891757861073959,0.0017905855024515976,7.9859708982587545,0.9938620974160595,7.9859708982587545,0.9938620974160595
0.0,0.1614992367014691,-1.8232548626372878,8.694969937659545,-1.4873054217503574,0.6675792392596323,1.113836432413614,,,0.0,,0.9891518373673918,0.0017888328496348366,7.993554903387747,0.9938491769439272,7.993554903387751,0.993849176943927
0.0,0.16165355567875947,-1.822299778895728,8.682627654355397,-1.4872658854690926,0.6675860336471915,1.1154310940291396,,,0.0,,0.9891278146093099,0.0017870817775639182,8.001146011897097,0.9938362155362741,8.001146011897104,0.9938362155362741
0.0,0.16180802211400214,-1.8213446951541687,8.67030321844313,-1.4872262410209092,0.6675928436153346,1.11702802241276,,,0.0,,0.98910371763449,0.0017853322845870995,8.008744230031281,0.993823213082936,8.008744230031281,0.993823213082936
0.0,0.1619626361480992,-1.820389611412609,8.65799660455384,-1.4871864881037165,0.6675996692114761,1.118627220726074,,,0.0,,0.9890795462437392,0.001783584369053942,8.0163495640387,0.9938101694734459,8.016349564038704,0.9938101694734458
0.0,0.16211739792208718,-1.8194345276710493,8.645707787355338,-1.487146626414625,0.6676065104831598,1.1202286921348337,,,0.0,,0.9890553002373296,0.0017818380293153243,8.023962020171687,0.9937970845970339,8.023962020171691,0.9937970845970339
0.0,0.16227230757713748,-1.8184794439294896,8.63343674155209,-1.4871066556499428,0.6676133674780593,1.1218324398089532,,,0.0,,0.9890309794149974,0.0017800932637234356,8.031581604686497,0.9937839583426263,8.031581604686497,0.9937839583426262
0.0,0.1624273652545563,-1.8175243601879303,8.621183441885185,-1.487066575505175,0.6676202402439784,1.1234384669225104,,,0.0,,0.9890065835759411,0.0017783500706317736,8.039208323843283,0.9937707905988449,8.039208323843287,0.9937707905988449
0.0,0.16258257109578506,-1.8165692764463706,8.608947863132231,-1.4870263856750217,0.6676271288288509,1.1250467766537562,,,0.0,,0.988982112518821,0.0017766084483951475,8.046842183906143,0.9937575812540062,8.046842183906147,0.993757581254006
0.0,0.1627379252424001,-1.8156141927048108,8.596729980107387,-1.4869860858533757,0.6676340332807418,1.126657372185109,,,0.0,,0.9889575660417576,0.001774868395369665,8.054483191143062,0.9937443301961202,8.054483191143062,0.9937443301961201
0.0,0.1628934278361132,-1.814659108963251,8.584529767661227,-1.48694567573332,0.6676409536478467,1.1282702567031706,,,0.0,,0.9889329439423298,0.0017731299099127502,8.062131351825931,0.9937310373128905,8.062131351825931,0.9937310373128904
0.0,0.16304907901877141,-1.8137040252216918,8.572347200680753,-1.4869051550071275,0.6676478899784929,1.1298854333987205,,,0.0,,0.9889082460175743,0.001771392990383123,8.069786672230546,0.9937177024917128,8.06978667223055,0.9937177024917127
0.0,0.16320487893235752,-1.812748941480132,8.56018225408928,-1.486864523366258,0.6676548423211397,1.1315029054667303,,,0.0,,0.9888834720639842,0.0017696576351408093,8.077449158636611,0.9937043256196744,8.077449158636615,0.9937043256196743
0.0,0.16336082771898985,-1.8117938577385724,8.54803490284645,-1.4868237805013547,0.6676618107243781,1.1331226761063578,,,0.0,,0.988858621877507,0.0017679238425471343,8.085118817327704,0.9936909065835532,8.08511881732771,0.9936909065835531
0.0,0.16351692552092245,-1.810838773997013,8.535905121948138,-1.4867829261022456,0.667668795236932,1.1347447485209572,,,0.0,,0.988833695253544,0.0017661916109647244,8.09279565459131,0.9936774452698176,8.09279565459131,0.9936774452698174
0.0,0.16367317248054555,-1.8098836902554534,8.523792886426394,-1.4867419598579388,0.667675795907658,1.1363691259180864,,,0.0,,0.9888086919869492,0.0017644609387575051,8.10047967671879,0.9936639415646246,8.10047967671879,0.9936639415646245
0.0,0.16382956874038518,-1.8089286065138936,8.511698171349437,-1.4867008814566216,0.667682812785546,1.1379958115095017,,,0.0,,0.9887836118720269,0.0017627318242906924,8.108170890005377,0.9936503953538202,8.10817089000538,0.9936503953538199
0.0,0.16398611444310374,-1.807973522772334,8.499620951821546,-1.4866596905856588,0.6676898459197195,1.139624808511173,,,0.0,,0.9887584547025314,0.0017610042659308093,8.115869300750207,0.9936368065229376,8.115869300750207,0.9936368065229374
0.0,0.16414280973149972,-1.8070184390307746,8.487561202983072,-1.4866183869315894,0.6676968953594359,1.1412561201432783,,,0.0,,0.9887332202716653,0.001759278262045661,8.123574915256256,0.9936231749571973,8.12357491525626,0.9936231749571971
0.0,0.1642996547485084,-1.806063355289215,8.475518900010306,-1.4865769701801264,0.6677039611540869,1.142889749630218,,,0.0,,0.9887079083720783,0.0017575538110043529,8.131287739830402,0.9936095005415057,8.131287739830402,0.9936095005415053
0.0,0.1644566496372014,-1.8051082715476552,8.463494018115503,-1.486535440016153,0.6677110433531991,1.1445257002006113,,,0.0,,0.9886825187958656,0.0017558309111772776,8.139007780783357,0.9935957831604542,8.139007780783361,0.9935957831604539
0.0,0.1646137945407871,-1.8041531878060955,8.451486532546797,-1.4864937961237223,0.667718142006434,1.1461639750873034,,,0.0,,0.9886570513345667,0.00175410956093612,8.146735044429715,0.9935820226983193,8.146735044429718,0.9935820226983191
0.0,0.1647710896026106,-1.8031981040645362,8.439496418588153,-1.4864520381860542,0.6677252571635884,1.1478045775273698,,,0.0,,0.9886315057791643,0.0017523897586538533,8.154469537087914,0.9935682190390608,8.154469537087914,0.9935682190390606
0.0,0.16492853496615434,-1.8022430203229765,8.427523651559303,-1.4864101658855338,0.6677323888745952,1.1494475107621225,,,0.0,,0.9886058819200829,0.0017506715027047336,8.162211265080243,0.9935543720663217,8.162211265080247,0.9935543720663214
0.0,0.16508613077503745,-1.8012879365814167,8.415568206815713,-1.48636817890371,0.6677395371895231,1.1510927780371119,,,0.0,,0.9885801795471875,0.001748954791464311,8.16996023473285,0.9935404816634267,8.169960234732853,0.9935404816634265
0.0,0.16524387717301653,-1.800332852839857,8.403630059748545,-1.486326076921291,0.6677467021585776,1.15274038260213,,,0.0,,0.9885543984497815,0.0017472396233094096,8.17771645237571,0.9935265477133824,8.177716452375714,0.9935265477133822
0.0,0.1654017743039854,-1.7993777690982977,8.391709185784563,-1.4862838596181456,0.6677538838321009,1.1543903277112197,,,0.0,,0.9885285384166064,0.0017455259966181469,8.185479924342646,0.9935125700988755,8.18547992434265,0.9935125700988753
0.0,0.1655598223119756,-1.798422685356738,8.379805560386114,-1.4862415266733002,0.6677610822605725,1.1560426166226747,,,0.0,,0.9885025992358403,0.0017438139097699123,8.193250656971312,0.9934985487022727,8.193250656971315,0.9934985487022725
0.0,0.16571802134115607,-1.7974676016151783,8.367919159051077,-1.486199077764934,0.6677682974946096,1.1576972525990443,,,0.0,,0.9884765806950957,0.0017421033611453801,8.20102865660319,0.9934844834056195,8.201028656603194,0.9934844834056192
0.0,0.16587637153583354,-1.796512517873619,8.3560499573128,-1.4861565125703824,0.6677755295849674,1.1593542389071405,,,0.0,,0.9884504825814195,0.0017403943491265058,8.208813929583583,0.9934703740906394,8.208813929583583,0.9934703740906392
0.0,0.1660348730404528,-1.7955574341320593,8.344197930740053,-1.4861138307661288,0.6677827785825396,1.1610135788180405,,,0.0,,0.9884243046812904,0.0017386868720965134,8.216606482261618,0.9934562206387336,8.216606482261625,0.9934562206387334
0.0,0.16619352599959653,-1.7946023503904995,8.332363054936973,-1.4860710320278074,0.6677900445383582,1.1626752756070906,,,0.0,,0.9883980467806184,0.0017369809284399152,8.224406320990248,0.9934420229309796,8.224406320990251,0.9934420229309794
0.0,0.16635233055798554,-1.7936472666489398,8.32054530554304,-1.4860281160301991,0.6677973275035949,1.1643393325539102,,,0.0,,0.9883717086647427,0.0017352765165424844,8.232213452126217,0.9934277808481304,8.23221345212622,0.9934277808481302
0.0,0.1665112868604789,-1.7926921829073805,8.308744658232987,-1.4859850824472294,0.6678046275295605,1.166005752942399,,,0.0,,0.988345290118431,0.0017335736347912816,8.240027882030084,0.9934134942706144,8.240027882030084,0.9934134942706142
0.0,0.16667039505207432,-1.7917370991658208,8.296961088716765,-1.4859419309519666,0.6678119446677057,1.1676745400607391,,,0.0,,0.988318790925878,0.0017318722815746264,8.247849617066207,0.9933991630785336,8.247849617066212,0.9933991630785334
0.0,0.16682965527790786,-1.790782015424261,8.285194572739512,-1.4858986612166205,0.6678192789696217,1.169345697201399,,,0.0,,0.9882922108707042,0.0017301724552821164,8.255678663602751,0.9933847871516635,8.255678663602755,0.9933847871516632
0.0,0.16698906768325425,-1.7898269316827013,8.273445086081473,-1.4858552729125394,0.6678266304870402,1.1710192276611393,,,0.0,,0.9882655497359534,0.0017284741543046164,8.26351502801166,0.993370366369452,8.26351502801166,0.9933703663694518
0.0,0.16714863241352712,-1.788871847941142,8.261712604557982,-1.4858117657102083,0.6678339992718338,1.1726951347410148,,,0.0,,0.9882388073040932,0.0017267773770342585,8.271358716668663,0.9933559006110189,8.271358716668663,0.9933559006110186
0.0,0.1673083496142791,-1.7879167641995823,8.249997104019359,-1.4857681392792472,0.6678413853760167,1.1743734217463841,,,0.0,,0.9882119833570123,0.0017250821218644432,8.279209735953286,0.9933413897551543,8.27920973595329,0.9933413897551542
0.0,0.16746821943120174,-1.7869616804580226,8.238298560350934,-1.4857243932884086,0.6678487888517447,1.1760540919869065,,,0.0,,0.9881850776760192,0.0017233883871898292,8.287068092248823,0.9933268336803188,8.287068092248823,0.9933268336803187
0.0,0.1676282420101259,-1.7860065967164633,8.226616949472934,-1.4856805274055749,0.6678562097513159,1.1777371487765524,,,0.0,,0.9881580900418414,0.0017216961714063494,8.29493379194233,0.993312232264642,8.29493379194233,0.9933122322646419
0.0,0.16778841749702186,-1.7850515129749036,8.214952247340454,-1.4856365412977581,0.6678636481271708,1.1794225954336055,,,0.0,,0.9881310202346238,0.0017200054729111906,8.302806841424653,0.9932975853859218,8.302806841424653,0.9932975853859217
0.0,0.16794874603799928,-1.7840964292333439,8.20330442994342,-1.485592434631097,0.667871104031893,1.1811104352806667,,,0.0,,0.9881038680339276,0.0017183162901028032,8.31068724709038,0.9932828929216238,8.310687247090387,0.9932828929216236
0.0,0.1681092277793074,-1.7831413454917842,8.191673473306532,-1.485548207070853,0.6678785775182092,1.182800671644658,,,0.0,,0.9880766332187274,0.0017166286213808977,8.318575015337876,0.9932681547488799,8.318575015337876,0.9932681547488798
0.0,0.1682698628673352,-1.7821862617502249,8.180059353489204,-1.4855038582814117,0.66788606863899,1.184493307856828,,,0.0,,0.9880493155674124,0.0017149424651464419,8.32647015256923,0.9932533707444883,8.32647015256923,0.9932533707444883
0.0,0.16843065144861177,-1.7812311780086652,8.168462046585509,-1.4854593879262779,0.66789357744725,1.1861883472527586,,,0.0,,0.9880219148577828,0.0017132578198016631,8.334372665190301,0.9932385407849122,8.334372665190305,0.9932385407849121
0.0,0.16859159366980597,-1.7802760942671054,8.15688152872417,-1.4854147956680746,0.6679011039961481,1.1878857931723625,,,0.0,,0.9879944308670495,0.0017115746837500362,8.342282559610693,0.9932236647462789,8.342282559610693,0.9932236647462789
0.0,0.16875268967772686,-1.7793210105255457,8.145317776068454,-1.4853700811685413,0.6679086483389883,1.1895856489598955,,,0.0,,0.9879668633718326,0.0017098930553963029,8.350199842243725,0.993208742504379,8.350199842243725,0.993208742504379
0.0,0.16891393961932374,-1.7783659267839864,8.133770764816186,-1.485325244088532,0.6679162105292198,1.1912879179639524,,,0.0,,0.9879392121481594,0.001708212933146445,8.358124519506463,0.9931937739346658,8.35812451950646,0.9931937739346658
0.0,0.16907534364168655,-1.7774108430424267,8.122240471199621,-1.485280284088011,0.6679237906204375,1.1929926035374823,,,0.0,,0.9879114769714639,0.001706534315407704,8.366056597819687,0.9931787589122543,8.366056597819693,0.9931787589122543
0.0,0.16923690189204554,-1.776455759300867,8.11072687148547,-1.4852352008260545,0.667931388666382,1.1946997090377818,,,0.0,,0.9878836576165849,0.0017048572005885683,8.37399608360793,0.9931636973119202,8.37399608360793,0.9931636973119201
0.0,0.16939861451777175,-1.7755006755593072,8.099229941974809,-1.4851899939608448,0.6679390047209408,1.196409237826506,,,0.0,,0.9878557538577648,0.0017031815870987759,8.3819429832994,0.9931485890080994,8.3819429832994,0.9931485890080993
0.0,0.1695604816663769,-1.774545591817748,8.087749659003045,-1.4851446631496703,0.667946638838148,1.198121193269671,,,0.0,,0.9878277654686477,0.0017015074733493138,8.389897303326025,0.9931334338748871,8.389897303326029,0.993133433874887
0.0,0.16972250348551396,-1.7735905080761882,8.076285998939854,-1.485099208048923,0.6679542910721847,1.1998355787376576,,,0.0,,0.9877996922222788,0.0016998348577524087,8.397859050123461,0.9931182317860363,8.397859050123465,0.9931182317860362
0.0,0.16988468012297672,-1.7726354243346285,8.064838938189137,-1.4850536283140963,0.66796196147738,1.2015523976052185,,,0.0,,0.9877715338911022,0.0016981637387215422,8.405828230131048,0.9931029826149582,8.405828230131052,0.993102982614958
0.0,0.1700470117267002,-1.7716803405930692,8.053408453189002,-1.4850079235997837,0.6679696501082106,1.2032716532514756,,,0.0,,0.9877432902469604,0.0016964941146714306,8.413804849791811,0.9930876862347201,8.413804849791811,0.99308768623472
0.0,0.17020949844476102,-1.7707252568515095,8.041994520411647,-1.4849620935596735,0.6679773570193022,1.2049933490599352,,,0.0,,0.9877149610610916,0.0016948259840180362,8.42178891555248,0.9930723425180454,8.42178891555248,0.9930723425180453
0.0,0.17037214042537704,-1.7697701731099498,8.030597116363378,-1.4849161378465516,0.6679850822654285,1.2067174884184826,,,0.0,,0.9876865461041298,0.0016931593451785618,8.429780433863456,0.9930569513373125,8.429780433863456,0.9930569513373123
0.0,0.17053493781690784,-1.76881508936839,8.019216217584528,-1.4848700561122965,0.6679928259015132,1.2084440747193903,,,0.0,,0.9876580451461023,0.0016914941965714503,8.437779411178827,0.9930415125645534,8.437779411178823,0.9930415125645532
0.0,0.1706978907678547,-1.7678600056268308,8.00785180064942,-1.4848238480078757,0.668000587982629,1.2101731113593226,,,0.0,,0.9876294579564285,0.0016898305366163822,8.445785853956332,0.9930260260714541,8.445785853956336,0.9930260260714537
0.0,0.170860999426861,-1.766904921885271,7.996503842166298,-1.4847775131833472,0.6680083685639989,1.2119046017393404,,,0.0,,0.9876007843039188,0.0016881683637342704,8.453799768657413,0.9930104917293521,8.453799768657413,0.9930104917293519
0.0,0.17102426394271197,-1.7659498381437113,7.985172318777298,-1.4847310512878542,0.6680161677009964,1.2136385492649044,,,0.0,,0.9875720239567731,0.0016865076763472738,8.461821161747139,0.9929949094092373,8.461821161747139,0.992994909409237
0.0,0.171187684464335,-1.7649947544021516,7.973857207158412,-1.4846844619696262,0.6680239854491453,1.215374957345877,,,0.0,,0.9875431766825792,0.0016848484728787729,8.469850039694245,0.9929792789817495,8.469850039694249,0.9929792789817493
0.0,0.17135126114079982,-1.7640396706605923,7.962558484019401,-1.4846377448759733,0.6680318218641215,1.2171138293965322,,,0.0,,0.9875142422483111,0.0016831907517533941,8.47788640897112,0.9929636003171791,8.47788640897112,0.9929636003171788
0.0,0.17151499412131874,-1.7630845869190326,7.951276126103773,-1.4845908996532864,0.6680396770017515,1.2188551688355567,,,0.0,,0.9874852204203282,0.0016815345113969837,8.485930276053793,0.9929478732854646,8.485930276053793,0.9929478732854644
0.0,0.1716788835552465,-1.7621295031774729,7.940010110188737,-1.4845439259470337,0.6680475509180146,1.2205989790860527,,,0.0,,0.9874561109643736,0.0016798797502366248,8.49398164742193,0.9929320977561932,8.493981647421924,0.992932097756193
0.0,0.17184292959208045,-1.7611744194359136,7.928760413085147,-1.4844968234017601,0.6680554436690422,1.222345263575545,,,0.0,,0.9874269136455726,0.0016782264667006296,8.502040529558807,0.992916273598599,8.50204052955881,0.9929162735985988
0.0,0.17200713238146112,-1.7602193356943538,7.917527011637448,-1.4844495916610838,0.6680633553111186,1.224094025735984,,,0.0,,0.9873976282284312,0.001676574659218532,8.51010692895138,0.9929004006815626,8.510106928951377,0.9929004006815624
0.0,0.17217149207317176,-1.7592642519527941,7.906309882723632,-1.484402230367695,0.6680712859006814,1.2258452690037522,,,0.0,,0.9873682544768352,0.0016749243262211035,8.51818085209016,0.99288447887361,8.518180852090163,0.9928844788736098
0.0,0.1723360088171388,-1.7583091682112344,7.895109003255213,-1.4843547391633525,0.6680792354943218,1.2275989968196621,,,0.0,,0.9873387921540477,0.001673275466140327,8.526262305469318,0.9928685080429117,8.526262305469318,0.9928685080429115
0.0,0.1725006827634319,-1.7573540844696751,7.883924350177138,-1.484307117688882,0.6680872041487851,1.2293552126289689,,,0.0,,0.9873092410227088,0.0016716280774094223,8.53435129558661,0.9928524880572822,8.53435129558661,0.992852488057282
0.0,0.1726655140622643,-1.7563990007281154,7.872755900467765,-1.484259365584176,0.6680951919209711,1.2311139198813703,,,0.0,,0.9872796008448335,0.001669982158462821,8.542447828943406,0.9928364187841785,8.542447828943406,0.9928364187841783
0.0,0.17283050286399254,-1.7554439169865557,7.8616036311388156,-1.4842114824881878,0.6681031988679345,1.23287512203101,,,0.0,,0.9872498713818103,0.0016683377077361817,8.550551912044657,0.9928203000906999,8.550551912044654,0.9928203000906997
0.0,0.172995649319117,-1.754488833244996,7.850467519235319,-1.4841634680389328,0.6681112250468852,1.2346388225364842,,,0.0,,0.9872200523944001,0.0016666947236663823,8.558663551398915,0.9928041318435865,8.558663551398912,0.9928041318435863
0.0,0.17316095357828168,-1.7535337495034367,7.839347541835576,-1.4841153218734846,0.6681192705151892,1.2364050248608434,,,0.0,,0.9871901436427343,0.0016650532046915184,8.5667827535183,0.9927879139092189,8.566782753518297,0.9927879139092187
0.0,0.1733264157922748,-1.752578665761877,7.828243676051077,-1.4840670436279721,0.668127335330368,1.238173732471603,,,0.0,,0.9871601448863135,0.0016634131492509051,8.574909524918532,0.9927716461536169,8.574909524918532,0.9927716461536167
0.0,0.17349203611202846,-1.7516235820203172,7.817155899026518,-1.48401863293758,0.6681354195501005,1.2399449488407366,,,0.0,,0.9871300558840065,0.001661774555785067,8.583043872118887,0.9927553284424387,8.583043872118887,0.9927553284424385
0.0,0.17365781468861896,-1.750668498278758,7.806084187939687,-1.4839700894365433,0.6681435232322217,1.241718677444691,,,0.0,,0.987099876394048,0.0016601374227357536,8.591185801642201,0.9927389606409801,8.591185801642197,0.9927389606409799
0.0,0.17382375167326716,-1.7497134145371982,7.795028520001454,-1.4839214127581484,0.6681516464347248,1.2434949217643858,,,0.0,,0.9870696061740377,0.0016585017485459194,8.599335320014873,0.9927225426141737,8.59933532001487,0.9927225426141735
0.0,0.17398984721733823,-1.7487583307956385,7.783988872455718,-1.483872602534728,0.6681597892157604,1.2452736852852162,,,0.0,,0.9870392449809391,0.0016568675316597356,8.607492433766852,0.9927060742265875,8.607492433766852,0.9927060742265874
0.0,0.17415610147234206,-1.7478032470540787,7.772965222579358,-1.4838236583976605,0.6681679516336372,1.2470549714970594,,,0.0,,0.9870087925710771,0.0016552347705225824,8.615657149431643,0.9926895553424251,8.615657149431643,0.9926895553424249
0.0,0.17432251458993317,-1.7468481633125195,7.761957547682187,-1.483774579977368,0.668176133746823,1.2488387838942787,,,0.0,,0.9869782487001374,0.0016536034635810507,8.623829473546273,0.9926729858255232,8.623829473546264,0.9926729858255231
0.0,0.1744890867219113,-1.7458930795709597,7.750965825106884,-1.4837253669033128,0.6681843356139444,1.2506251259757297,,,0.0,,0.9869476131231646,0.0016519736092829415,8.632009412651303,0.9926563655393525,8.632009412651296,0.9926563655393524
0.0,0.17465581802022095,-1.7449379958294,7.739990032228996,-1.4836760188039961,0.6681925572937877,1.2524140012447587,,,0.0,,0.9869168855945613,0.0016503452060772563,8.640196973290825,0.9926396943470154,8.640196973290822,0.9926396943470153
0.0,0.17482270863695196,-1.7439829120878403,7.729030146456831,-1.4836265353069564,0.6682007988452989,1.2542054132092144,,,0.0,,0.9868860658680852,0.001648718252414213,8.648392162012454,0.9926229721112455,8.648392162012446,0.9926229721112455
0.0,0.17498975872433933,-1.743027828346281,7.718086145231476,-1.4835769160387653,0.6682090603275845,1.2559993653814439,,,0.0,,0.9868551536968498,0.0016470927467452244,8.656594985367297,0.9926061986944074,8.656594985367292,0.9926061986944074
0.0,0.17515696843476383,-1.7420727446047213,7.707158006026676,-1.4835271606250273,0.6682173417999121,1.2577958612783076,,,0.0,,0.9868241488333209,0.001645468687522912,8.66480544991,0.9925893739584946,8.664805449909993,0.9925893739584946
0.0,0.17532433792075156,-1.7411176608631616,7.6962457063488525,-1.4834772686903765,0.6682256433217099,1.2595949044211727,,,0.0,,0.9867930510293164,0.0016438460732010982,8.673023562198667,0.9925724977651296,8.673023562198667,0.9925724977651296
0.0,0.17549186733497443,-1.7401625771216018,7.685349223737027,-1.4834272398584751,0.6682339649525681,1.2613964983359236,,,0.0,,0.9867618600360037,0.0016422249022348067,8.681249328794934,0.9925555699755624,8.68124932879493,0.9925555699755624
0.0,0.17565955683025025,-1.7392074933800425,7.674468535762776,-1.4833770737520104,0.6682423067522393,1.2632006465529648,,,0.0,,0.9867305756038999,0.0016406051730802611,8.68948275626388,0.9925385904506699,8.68948275626388,0.9925385904506699
0.0,0.175827406559543,-1.7382524096384828,7.663603620030187,-1.4833267699926922,0.668250668780638,1.2650073526072252,,,0.0,,0.9866991974828684,0.0016389868841948793,8.697723851174105,0.992521559050955,8.697723851174105,0.992521559050955
0.0,0.17599541667596255,-1.737297325896923,7.652754454175804,-1.4832763282012527,0.6682590510978421,1.2668166200381634,,,0.0,,0.9866677254221188,0.0016373700340372847,8.705972620097658,0.9925044756365453,8.705972620097654,0.9925044756365453
0.0,0.17616358733276521,-1.7363422421553638,7.641921015868617,-1.4832257479974418,0.6682674537640927,1.2686284523897662,,,0.0,,0.9866361591702048,0.0016357546210672873,8.71422906961004,0.9924873400671927,8.714229069610031,0.9924873400671927
0.0,0.17633191868335388,-1.735387158413804,7.631103282809948,-1.4831750290000256,0.6682758768397947,1.2704428532105636,,,0.0,,0.9866044984750226,0.0016341406437458985,8.722493206290222,0.9924701522022723,8.722493206290222,0.9924701522022723
0.0,0.17650041088127777,-1.7344320746722444,7.620301232733474,-1.483124170826786,0.6682843203855175,1.272259826053623,,,0.0,,0.9865727430838102,0.00163252810053532,8.730765036720644,0.9924529119007813,8.730765036720644,0.9924529119007812
0.0,0.176669064080233,-1.7334769909306846,7.609514843405141,-1.4830731730945148,0.6682927844619949,1.2740793744765582,,,0.0,,0.9865408927431446,0.0016309169898989472,8.739044567487166,0.9924356190213383,8.739044567487161,0.9924356190213381
0.0,0.17683787843406237,-1.7325219071891254,7.598744092623136,-1.4830220354190151,0.668301269130126,1.2759015020415316,,,0.0,,0.9865089471989416,0.001629307310301366,8.747331805179078,0.992418273422182,8.747331805179074,0.9924182734221819
0.0,0.17700685409675598,-1.7315668234475656,7.587988958217822,-1.4829707574150965,0.6683097744509753,1.277726212315261,,,0.0,,0.9864769061964533,0.0016276990602083483,8.755626756389116,0.9924008749611714,8.755626756389116,0.9924008749611712
0.0,0.1771759912224508,-1.730611739706006,7.577249418051703,-1.482919338696575,0.6683183004857737,1.2795535088690235,,,0.0,,0.9864447694802676,0.0016260922380868634,8.763929427713434,0.992383423495783,8.763929427713434,0.9923834234957829
0.0,0.17734528996543125,-1.7296566559644462,7.5665254500193955,-1.4828677788762683,0.668326847295918,1.2813833952786549,,,0.0,,0.9864125367943056,0.001624486842405057,8.772239825751605,0.992365918883112,8.772239825751601,0.9923659188831118
0.0,0.17751475048012894,-1.728701572222887,7.555817032047552,-1.4828160775659953,0.6683354149429724,1.28321587512456,,,0.0,,0.9863802078818205,0.0016228828716322709,8.780557957106579,0.9923483609798694,8.780557957106579,0.9923483609798692
0.0,0.17768437292112343,-1.7277464884813272,7.545124142094824,-1.4827642343765735,0.6683440034886682,1.285050951991715,,,0.0,,0.9863477824853969,0.0016212803242390242,8.78888382838476,0.9923307496423827,8.788883828384757,0.9923307496423824
0.0,0.17785415744314167,-1.7267914047397674,7.5344467581518355,-1.4827122489178155,0.6683526129949044,1.2868886294696695,,,0.0,,0.9863152603469477,0.001619679198697023,8.797217446195889,0.9923130847265936,8.797217446195889,0.9923130847265934
0.0,0.17802410420105846,-1.7258363209982082,7.5237848582411155,-1.48266012079853,0.6683612435237485,1.2887289111525524,,,0.0,,0.9862826412077145,0.0016180794934791572,8.805558817153132,0.9922953660880585,8.805558817153129,0.9922953660880584
0.0,0.17819421334989688,-1.7248812372566484,7.513138420417058,-1.482607849626515,0.6683698951374365,1.2905718006390776,,,0.0,,0.9862499248082639,0.0016164812070594916,8.81390794787301,0.9922775935819462,8.813907947873004,0.992277593581946
0.0,0.17836448504482788,-1.7239261535150887,7.502507422765876,-1.4825554350085586,0.6683785678983735,1.2924173015325462,,,0.0,,0.986217110888488,0.0016148843379132805,8.822264844975422,0.9922597670630378,8.822264844975416,0.9922597670630375
0.0,0.1785349194411707,-1.722971069773529,7.4918918434055755,-1.4825028765504362,0.6683872618691342,1.2942654174408483,,,0.0,,0.9861841991876016,0.0016132888845169471,8.830629515083627,0.9922418863857253,8.830629515083624,0.9922418863857252
0.0,0.17870551669439297,-1.7220159860319697,7.481291660485875,-1.4824501738569082,0.6683959771124636,1.2961161519764735,,,0.0,,0.9861511894441414,0.0016116948453481013,8.839001964824234,0.9922239514040114,8.839001964824234,0.9922239514040113
0.0,0.17887627696011116,-1.72106090229041,7.470706852188178,-1.4823973265317165,0.6684047136912765,1.2979695087565108,,,0.0,,0.9861180813959638,0.0016101022188855219,8.847382200827226,0.9922059619715077,8.84738220082722,0.9922059619715075
0.0,0.1790472003940901,-1.7201058185488503,7.46013739672554,-1.4823443341775842,0.6684134716686595,1.299825491402653,,,0.0,,0.986084874780244,0.0016085110036091663,8.855770229725884,0.9921879179414339,8.85577022972588,0.9921879179414338
0.0,0.1792182871522436,-1.7191507348072905,7.449583272342605,-1.4822911963962113,0.6684222511078699,1.3016841035412012,,,0.0,,0.9860515693334738,0.0016069211980001656,8.864166058156853,0.9921698191666175,8.864166058156849,0.9921698191666174
0.0,0.17938953739063437,-1.7181956510657312,7.439044457315574,-1.4822379127882737,0.6684310520723371,1.3035453488030684,,,0.0,,0.9860181647914614,0.0016053328005408234,8.87256969276008,0.9921516654994923,8.87256969276008,0.9921516654994921
0.0,0.17956095126547447,-1.7172405673241715,7.428520929952128,-1.4821844829534208,0.6684398746256629,1.305409230823789,,,0.0,,0.9859846608893277,0.0016037458097146167,8.880981140178857,0.9921334567920973,8.880981140178854,0.9921334567920972
0.0,0.17973252893312497,-1.7162854835826118,7.4180126685914445,-1.4821309064902726,0.6684487188316215,1.3072757532435118,,,0.0,,0.9859510573615068,0.0016021602240061865,8.88940040705975,0.9921151928960765,8.88940040705975,0.9921151928960764
0.0,0.17990427055009645,-1.715330399841052,7.407519651604081,-1.482077182996418,0.6684575847541607,1.309144919707017,,,0.0,,0.9859173539417435,0.0016005760419013535,8.897827500052651,0.9920968736626772,8.897827500052644,0.992096873662677
0.0,0.18007617627304898,-1.7143753160994928,7.397041857391997,-1.482023312068412,0.6684664724574017,1.3110167338637086,,,0.0,,0.985883550363092,0.0015989932618870964,8.906262425810718,0.9920784989427491,8.906262425810718,0.992078498942749
0.0,0.18024824625879254,-1.713420232357933,7.3865792643884465,-1.4819692933017743,0.6684753820056399,1.31289119936763,,,0.0,,0.9858496463579141,0.0015974118824515651,8.914705190990434,0.9920600685867442,8.91470519099043,0.992060068586744
0.0,0.1804204806642867,-1.7124651486163733,7.376131851057982,-1.4819151262909849,0.6684843134633454,1.3147683198774582,,,0.0,,0.9858156416578777,0.001595831902084076,8.923155802251518,0.9920415824447146,8.923155802251515,0.9920415824447144
0.0,0.18059287964664106,-1.711510064874814,7.3656995958963964,-1.4818608106294837,0.668493266895163,1.316648099056512,,,0.0,,0.9857815359939558,0.001594253319275108,8.931614266256974,0.9920230403663125,8.93161426625697,0.9920230403663123
0.0,0.1807654433631155,-1.7105549811332543,7.355282477430648,-1.481806345909669,0.6685022423659134,1.3185305405727603,,,0.0,,0.9857473290964243,0.0015926761325163058,8.940080589673073,0.9920044422007889,8.94008058967307,0.9920044422007886
0.0,0.18093817197112003,-1.7095998973916946,7.344880474218874,-1.4817517317228917,0.6685112399405931,1.3204156480988167,,,0.0,,0.9857130206948606,0.0015911003403004701,8.948554779169324,0.9919857877969924,8.948554779169324,0.9919857877969922
0.0,0.18111106562821505,-1.7086448136501349,7.334493564850284,-1.4816969676594565,0.6685202596843752,1.3223034253119546,,,0.0,,0.9856786105181421,0.0015895259411215724,8.957036841418496,0.9919670770033688,8.957036841418489,0.9919670770033686
0.0,0.1812841244921115,-1.7076897299085756,7.324121727945177,-1.4816420533086172,0.6685293016626093,1.324193875894099,,,0.0,,0.9856440982944452,0.001587952933474735,8.96552678309656,0.9919483096679597,8.96552678309656,0.9919483096679595
0.0,0.1814573487206713,-1.7067346461670159,7.313764942154832,-1.481586988258576,0.6685383659408227,1.3260870035318448,,,0.0,,0.9856094837512425,0.001586381315856242,8.97402461088277,0.9919294856384014,8.974024610882761,0.9919294856384013
0.0,0.1816307384719068,-1.7057795624254561,7.303423186161518,-1.4815317720964807,0.6685474525847206,1.3279828119164496,,,0.0,,0.9855747666153024,0.0015848110867635369,8.982530331459538,0.9919106047619247,8.98253033145953,0.9919106047619246
0.0,0.18180429390398165,-1.7048244786838964,7.293096438678424,-1.4814764044084205,0.6685565616601863,1.3298813047438418,,,0.0,,0.9855399466126867,0.0015832422446952165,8.99104395151252,0.991891666885353,8.99104395151252,0.9918916668853529
0.0,0.18197801517521037,-1.7038693949423371,7.2827846784496195,-1.4814208847794275,0.668565693233282,1.3317824857146254,,,0.0,,0.9855050234687502,0.0015816747881510372,8.999565477730576,0.9918726718551019,8.999565477730567,0.9918726718551019
0.0,0.18215190244405907,-1.7029143112007774,7.27248788425001,-1.4813652127934702,0.668574847370249,1.3336863585340832,,,0.0,,0.9854699969081375,0.0015801087156318994,9.008094916805739,0.991853619517178,9.008094916805735,0.991853619517178
0.0,0.18232595586914507,-1.7019592274592177,7.262206034885286,-1.481309388033454,0.6685840241375085,1.3355929269121836,,,0.0,,0.9854348666547829,0.0015785440256398707,9.016632275433246,0.991834509717178,9.01663227543324,0.991834509717178
0.0,0.18250017560923715,-1.7010041437176584,7.251939109191909,-1.4812534100812176,0.6685932236016618,1.3375021945635757,,,0.0,,0.9853996324319076,0.0015769807166781573,9.025177560311494,0.991815342300288,9.02517756031149,0.9918153423002881
0.0,0.18267456182325617,-1.7000490599760987,7.241687086037014,-1.4811972785175316,0.668602445829491,1.3394141652076081,,,0.0,,0.9853642939620195,0.0015754187872511244,9.033730778142065,0.9917961171112819,9.033730778142058,0.991796117111282
0.0,0.18284911467027454,-1.699093976234539,7.2314499443184195,-1.4811409929220944,0.6686116908879592,1.3413288425683192,,,0.0,,0.9853288509669106,0.0015738582358642817,9.042291935629676,0.9917768339945209,9.04229193562967,0.991776833994521
0.0,0.1830238343095167,-1.6981388924929792,7.221227662964553,-1.4810845528735315,0.6686209588442112,1.3432462303744492,,,0.0,,0.9852933031676553,0.00157229906102429,9.050861039482212,0.9917574927939523,9.050861039482209,0.9917574927939524
0.0,0.18319872090035924,-1.69718380875142,7.2110202209344205,-1.4810279579493923,0.668630249765574,1.3451663323594403,,,0.0,,0.9852576502846098,0.0015707412612389578,9.059438096410693,0.9917380933531088,9.059438096410693,0.9917380933531089
0.0,0.18337377460233126,-1.6962287250098602,7.20082759721755,-1.4809712077261488,0.6686395637195568,1.347089152261444,,,0.0,,0.9852218920374096,0.0015691848350172333,9.068023113129282,0.9917186355151073,9.068023113129273,0.9917186355151073
0.0,0.18354899557511403,-1.6952736412683005,7.190649770833952,-1.4809143017791913,0.6686489007738524,1.3490146938233245,,,0.0,,0.9851860281449686,0.0015676297808692198,9.076616096355236,0.9916991191226475,9.076616096355227,0.9916991191226476
0.0,0.18372438397854152,-1.6943185575267408,7.180486720834099,-1.4808572396828277,0.6686582609963369,1.3509429607926577,,,0.0,,0.9851500583254768,0.0015660760973061536,9.085217052808945,0.9916795440180121,9.085217052808945,0.9916795440180122
0.0,0.1838999399726003,-1.6933634737851815,7.170338426298844,-1.4808000210102796,0.6686676444550702,1.352873956921743,,,0.0,,0.9851139822963991,0.0015645237828404235,9.093825989213915,0.9916599100430643,9.093825989213908,0.9916599100430643
0.0,0.18407566371743006,-1.6924083900436218,7.160204866339397,-1.4807426453336825,0.6686770512182972,1.3548076859676035,,,0.0,,0.9850777997744743,0.0015629728359855518,9.102442912296723,0.9916402170392481,9.102442912296723,0.9916402170392481
0.0,0.18425155537332333,-1.691453306302062,7.150086020097289,-1.4806851122240807,0.6686864813544474,1.3567441516919883,,,0.0,,0.9850415104757122,0.0015614232552562048,9.111067828787062,0.9916204648475865,9.111067828787057,0.9916204648475865
0.0,0.1844276151007258,-1.6904982225605023,7.139981866744313,-1.480627421251426,0.6686959349321361,1.3586833578613806,,,0.0,,0.9850051141153929,0.001559875039168188,9.119700745417674,0.9916006533086809,9.119700745417667,0.9916006533086809
0.0,0.1846038430602365,-1.689543138818943,7.1298923854825,-1.4805695719845755,0.6687054120201642,1.3606253082469966,,,0.0,,0.9849686104080656,0.0015583281862384443,9.128341668924374,0.9915807822627098,9.12834166892437,0.9915807822627097
0.0,0.18478023941260804,-1.6885880550773833,7.119817555544035,-1.4805115639912887,0.6687149126875194,1.3625700066247983,,,0.0,,0.9849319990675457,0.0015567826949850552,9.136990606046055,0.9915608515494283,9.136990606046052,0.9915608515494282
0.0,0.18495680431874648,-1.6876329713358236,7.109757356191278,-1.480453396838226,0.6687244370033761,1.364517456775485,,,0.0,,0.9848952798069143,0.0015552385639272324,9.145647563524651,0.9915408610081664,9.145647563524644,0.9915408610081663
0.0,0.18513353793971157,-1.6866778875942643,7.099711766716663,-1.4803950700909452,0.6687339850370964,1.3664676624845087,,,0.0,,0.9848584523385162,0.0015536957915853321,9.154312548105112,0.9915208104778287,9.154312548105109,0.9915208104778286
0.0,0.18531044043671727,-1.6857228038527046,7.089680766442679,-1.4803365833138993,0.6687435568582302,1.3684206275420732,,,0.0,,0.9848215163739583,0.0015521543764808348,9.162985566535461,0.9915006997968929,9.162985566535461,0.9915006997968928
0.0,0.18548751197113128,-1.6847677201111448,7.079664334721831,-1.4802779360704346,0.6687531525365158,1.3703763557431368,,,0.0,,0.984784471624108,0.0015506143171363583,9.17166662556672,0.991480528803409,9.171666625566715,0.9914805288034089
0.0,0.18566475270447563,-1.6838126363695851,7.069662450936593,-1.480219127922789,0.6687627721418804,1.3723348508874185,,,0.0,,0.984747317799092,0.001549075612075652,9.180355731952913,0.9914602973349983,9.180355731952906,0.9914602973349982
0.0,0.18584216279842658,-1.6828575526280258,7.059675094499366,-1.4801601584320878,0.6687724157444408,1.3742961167794017,,,0.0,,0.9847100546082938,0.001547538259823594,9.189052892451071,0.9914400052288523,9.189052892451068,0.9914400052288523
0.0,0.1860197424148151,-1.681902468886466,7.049702244852414,-1.4801010271583415,0.6687820834145035,1.3762601572283397,,,0.0,,0.9846726817603527,0.0015460022589061935,9.197758113821251,0.9914196523217319,9.197758113821243,0.9914196523217319
0.0,0.18619749171562655,-1.6809473851449064,7.039743881467868,-1.480041733660445,0.6687917752225656,1.3782269760482546,,,0.0,,0.9846351989631627,0.001544467607850583,9.206471402826436,0.991399238449966,9.206471402826429,0.991399238449966
0.0,0.18637541086300122,-1.6799923014033467,7.029799983847632,-1.4799822774961742,0.6688014912393151,1.3801965770579487,,,0.0,,0.9845976059238694,0.0015429343051850306,9.215192766232624,0.9913787634494509,9.21519276623262,0.9913787634494509
0.0,0.18655350001923424,-1.6790372176617874,7.019870531523391,-1.4799226582221827,0.6688112315356312,1.382168964080999,,,0.0,,0.98455990234887,0.0015414023494389228,9.223922210808764,0.991358227155649,9.223922210808755,0.9913582271556489
0.0,0.18673175934677597,-1.6780821339202276,7.009955504056509,-1.4798628753940022,0.6688209961825851,1.384144140945773,,,0.0,,0.9845220879438109,0.0015398717391427738,9.232659743326757,0.9913376294035878,9.232659743326748,0.9913376294035878
0.0,0.18691018900823184,-1.677127050178668,7.000054881038042,-1.4798029285660348,0.6688307852514406,1.3861221114854227,,,0.0,,0.9844841624135855,0.0015383424728282226,9.241405370561443,0.9913169700278593,9.241405370561436,0.9913169700278593
0.0,0.18708878916636265,-1.6761719664371086,6.990168642088676,-1.479742817291557,0.6688405988136543,1.3881028795378907,,,0.0,,0.984446125462334,0.0015368145490280295,9.250159099290604,0.9912962488626185,9.250159099290597,0.9912962488626184
0.0,0.18726755998408492,-1.675216882695549,6.980296766858656,-1.479682541122713,0.6688504369408762,1.390086448945921,,,0.0,,0.9844079767934406,0.001535287966276079,9.258920936294945,0.9912754657415821,9.25892093629494,0.991275465741582
0.0,0.18744650162447068,-1.6742617989539892,6.9704392350278015,-1.4796220996105132,0.6688602997049503,1.3920728235570516,,,0.0,,0.9843697161095324,0.0015337627231073701,9.267690888358082,0.9912546204980285,9.267690888358073,0.9912546204980284
0.0,0.18762561425074778,-1.6733067152124295,6.9605960263054065,-1.4795614923048328,0.6688701871779149,1.3940620072236294,,,0.0,,0.9843313431124776,0.0015322388180580304,9.276468962266527,0.9912337129647959,9.276468962266522,0.9912337129647957
0.0,0.1878048980263,-1.6723516314708702,6.95076712043025,-1.4795007187544065,0.6688800994320033,1.396054003802803,,,0.0,,0.9842928575033839,0.0015307162496652974,9.28525516480969,0.9912127429742815,9.285255164809687,0.9912127429742814
0.0,0.18798435311466746,-1.6713965477293105,6.940952497170495,-1.479439778506831,0.6688900365396445,1.3980488171565408,,,0.0,,0.9842542589825972,0.0015291950164675308,9.294049502779881,0.9911917103584408,9.294049502779876,0.9911917103584406
0.0,0.18816397967954634,-1.6704414639877507,6.9311521363237025,-1.4793786711085575,0.6688999985734632,1.4000464511516209,,,0.0,,0.9842155472496992,0.001527675117004206,9.302851982972257,0.9911706149487858,9.302851982972253,0.9911706149487857
0.0,0.18834377788478932,-1.669486380246191,6.921366017716757,-1.4793173961048918,0.6689099856062805,1.402046909659643,,,0.0,,0.9841767220035067,0.0015261565498159134,9.311662612184849,0.991149456576385,9.31166261218484,0.9911494565763848
0.0,0.1885237478944055,-1.6685312965046317,6.911594121205838,-1.4792559530399922,0.6689199977111148,1.4040501965570302,,,0.0,,0.9841377829420691,0.0015246393134443587,9.320481397218524,0.9911282350718613,9.32048139721852,0.9911282350718611
0.0,0.18870388987256104,-1.667576212763072,6.901836426676367,-1.4791943414568662,0.6689300349611818,1.4060563157250334,,,0.0,,0.9840987297626675,0.0015231234064323562,9.329308344877033,0.991106950265392,9.329308344877024,0.9911069502653918
0.0,0.18888420398357866,-1.6666211290215123,6.892092914042971,-1.4791325608973667,0.6689400974298952,1.408065271049736,,,0.0,,0.9840595621618127,0.0015216088273238401,9.338143461966899,0.9910856019867068,9.338143461966895,0.9910856019867066
0.0,0.1890646903919381,-1.665666045279953,6.88236356324946,-1.4790706109021923,0.6689501851908676,1.4100770664220519,,,0.0,,0.9840202798352432,0.0015200955746638488,9.34698675529751,0.9910641900650875,9.34698675529751,0.9910641900650873
0.0,0.1892453492622765,-1.6647109615383933,6.87264835426874,-1.4790084910108834,0.6689602983179099,1.4120917057377407,,,0.0,,0.9839808824779244,0.001518583646998534,9.355838231681052,0.9910427143293665,9.355838231681048,0.9910427143293663
0.0,0.18942618075938816,-1.6637558777968335,6.862947267102819,-1.47894620076182,0.6689704368850334,1.4141091928974008,,,0.0,,0.9839413697840464,0.001517073042875156,9.364697897932507,0.991021174607926,9.364697897932498,0.9910211746079258
0.0,0.1896071850482248,-1.6628007940552738,6.853260281782737,-1.4788837396922176,0.6689806009664491,1.4161295318064788,,,0.0,,0.9839017414470225,0.0015155637608420835,9.373565760869633,0.9909995707286968,9.373565760869626,0.9909995707286967
0.0,0.18978836229389576,-1.6618457103137145,6.84358737836854,-1.4788211073381283,0.6689907906365685,1.4181527263752711,,,0.0,,0.9838619971594873,0.0015140557994487932,9.382441827312977,0.9909779025191576,9.382441827312974,0.9909779025191575
0.0,0.18996971266166837,-1.6608906265721548,6.833928536949224,-1.4787583032344351,0.6690010059700046,1.4201787805189299,,,0.0,,0.9838221366132957,0.0015125491572458613,9.391326104085866,0.9909561698063333,9.391326104085863,0.9909561698063333
0.0,0.19015123631696765,-1.659935542830595,6.824283737642696,-1.4786953269148502,0.6690112470415718,1.4222076981574672,,,0.0,,0.9837821594995201,0.0015110438327849802,9.40021859801437,0.9909343724167946,9.40021859801436,0.9909343724167945
0.0,0.19033293342537674,-1.6589804590890354,6.814652960595757,-1.4786321779119136,0.6690215139262865,1.4242394832157526,,,0.0,,0.9837420655084504,0.0015095398246189342,9.409119315927281,0.9909125101766565,9.409119315927281,0.9909125101766564
0.0,0.19051480415263697,-1.658025375347476,6.805036185984025,-1.4785688557569896,0.6690318066993685,1.4262741396235266,,,0.0,,0.9837018543295909,0.0015080371313016215,9.41802826465617,0.9908905829115776,9.418028264656161,0.9908905829115775
0.0,0.19069684866464823,-1.6570702916059163,6.795433394011914,-1.4785053599802649,0.66904212543624,1.4283116713153978,,,0.0,,0.9836615256516592,0.0015065357513880332,9.42694545103529,0.9908685904467588,9.426945451035287,0.9908685904467588
0.0,0.19087906712746872,-1.6561152078643566,6.785844564912591,-1.4784416901107449,0.6690524702125277,1.430352082230849,,,0.0,,0.9836210791625842,0.0015050356834342656,9.435870881901636,0.9908465326069424,9.435870881901627,0.9908465326069423
0.0,0.1910614597073154,-1.655160124122797,6.7762696789479335,-1.4783778456762535,0.6690628411040621,1.4323953763142412,,,0.0,,0.9835805145495057,0.0015035369259975145,9.444804564094877,0.9908244092164108,9.44480456409487,0.9908244092164107
0.0,0.19124402657056397,-1.6542050403812376,6.7667087164084965,-1.4783138262034283,0.6690732381868787,1.4344415575148126,,,0.0,,0.9835398314987708,0.0015020394776360745,9.453746504457389,0.9908022200989858,9.45374650445738,0.9908022200989857
0.0,0.19142676788374935,-1.6532499566396779,6.757161657613436,-1.4782496312177191,0.6690836615372185,1.4364906297866957,,,0.0,,0.9834990296959338,0.0015005433369093383,9.462696709834216,0.9907799650780271,9.46269670983421,0.9907799650780269
0.0,0.19160968381356533,-1.6522948728981182,6.747628482910531,-1.4781852602433863,0.6690941112315282,1.438542597088902,,,0.0,,0.9834581088257538,0.001499048502377792,9.471655187073074,0.9907576439764317,9.471655187073074,0.9907576439764315
0.0,0.19179277452686502,-1.6513397891565589,6.738109172676084,-1.4781207128034963,0.6691045873464609,1.4405974633853424,,,0.0,,0.9834170685721934,0.0014975549726030245,9.480621943024339,0.9907352566166325,9.48062194302433,0.9907352566166324
0.0,0.19197604019066117,-1.6503847054149992,6.728603707314906,-1.4780559884199198,0.669115089958877,1.4426552326448234,,,0.0,,0.9833759086184165,0.0014960627461477125,9.489596984541006,0.9907128028205976,9.489596984541006,0.9907128028205974
0.0,0.19215948097212593,-1.6494296216734394,6.719112067260282,-1.4779910866133321,0.669125619145844,1.4447159088410493,,,0.0,,0.9833346286467872,0.00149457182157563,9.49858031847874,0.9906902824098285,9.498580318478732,0.9906902824098283
0.0,0.1923430970385912,-1.6484745379318797,6.709634232973914,-1.4779260069032052,0.6691361749846377,1.446779495952631,,,0.0,,0.983293228338868,0.0014930821974516435,9.507571951695782,0.9906676952053598,9.507571951695782,0.9906676952053596
0.0,0.1925268885575487,-1.6475194541903204,6.700170184945897,-1.4778607488078104,0.6691467575527423,1.4488459979630854,,,0.0,,0.9832517073754179,0.001491593872341712,9.516571891053024,0.9906450410277581,9.516571891053015,0.9906450410277577
0.0,0.19271085569665056,-1.6465643704487607,6.690719903694649,-1.4777953118442122,0.6691573669278513,1.4509154188608446,,,0.0,,0.9832100654363909,0.0014901068448128847,9.525580143413924,0.99062231969712,9.525580143413917,0.9906223196971198
0.0,0.19289499862370865,-1.645609286707201,6.681283369766919,-1.4777296955282682,0.6691680031878678,1.4529877626392518,,,0.0,,0.9831683022009345,0.001488621113433297,9.534596715644534,0.9905995310330723,9.53459671564453,0.9905995310330721
0.0,0.19307931750669546,-1.6446542029656412,6.671860563737693,-1.4776638993746256,0.6691786664109051,1.4550630332965733,,,0.0,,0.9831264173473875,0.0014871366767721828,9.543621614613485,0.9905766748547702,9.543621614613482,0.99057667485477
0.0,0.19326381251374383,-1.643699119224082,6.662451466210204,-1.4775979228967175,0.6691893566752872,1.4571412348359938,,,0.0,,0.9830844105532788,0.0014856535333998533,9.552654847191963,0.990553750980896,9.552654847191958,0.9905537509808958
0.0,0.1934484838131475,-1.6427440354825222,6.6530560578158395,-1.4775317656067641,0.6692000740595494,1.4592223712656291,,,0.0,,0.9830422814953258,0.0014841716818877135,9.561696420253716,0.9905307592296589,9.561696420253707,0.9905307592296586
0.0,0.19363333157336074,-1.6417889517409625,6.643674319214149,-1.4774654270157646,0.6692108186424389,1.4613064465985233,,,0.0,,0.9830000298494321,0.0014826911208082518,9.570746340674997,0.9905076994187929,9.570746340674994,0.9905076994187927
0.0,0.19381835596299887,-1.6408338679994032,6.6343062310927845,-1.4773989066334996,0.6692215905029154,1.463393464852653,,,0.0,,0.9829576552906863,0.0014812118487350417,9.579804615334622,0.9904845713655563,9.579804615334613,0.9904845713655561
0.0,0.19400355715083856,-1.6398787842578435,6.624951774167434,-1.4773322039685268,0.6692323897201513,1.4654834300509376,,,0.0,,0.9829151574933608,0.0014797338642427442,9.588871251113895,0.9904613748867309,9.588871251113892,0.9904613748867307
0.0,0.1941889353058174,-1.6389237005162838,6.615610929181843,-1.4772653185281774,0.6692432163735327,1.4675763462212312,,,0.0,,0.9828725361309087,0.0014782571659070949,9.59794625489664,0.99043810979862,9.59794625489663,0.9904381097986199
0.0,0.19437449059703463,-1.637968616774724,6.606283676907706,-1.4771982498185556,0.6692540705426595,1.4696722173963386,,,0.0,,0.9828297908759639,0.001476781752304924,9.60702963356914,0.9904147759170482,9.607029633569134,0.9904147759170481
0.0,0.19456022319375088,-1.6370135330331648,6.59696999814469,-1.4771309973445346,0.6692649523073465,1.471771047614008,,,0.0,,0.9827869214003375,0.0014753076220141315,9.616121394020182,0.9903913730573598,9.616121394020176,0.9903913730573596
0.0,0.19474613326538884,-1.636058449291605,6.587669873720331,-1.477063560609754,0.6692758617476234,1.4738728409169461,,,0.0,,0.9827439273750178,0.0014738347736137035,9.625221543141011,0.9903679010344179,9.625221543141008,0.9903679010344176
0.0,0.1949322209815328,-1.6351033655500453,6.578383284490046,-1.4769959391166192,0.6692867989437358,1.475977601352812,,,0.0,,0.9827008084701678,0.0014723632056837055,9.634330087825314,0.990344359662603,9.634330087825314,0.9903443596626028
0.0,0.19511848651192917,-1.6341482818084856,6.569110211337073,-1.4769281323662957,0.6692977639761455,1.4780853329742252,,,0.0,,0.9826575643551234,0.0014708929168052794,9.643447034969226,0.9903207487558129,9.64344703496922,0.9903207487558127
0.0,0.19530493002648652,-1.6331931980669263,6.559850635172432,-1.4768601398587098,0.6693087569255308,1.4801960398387668,,,0.0,,0.9826141946983924,0.001469423905560647,9.652572391471297,0.9902970681274601,9.652572391471292,0.9902970681274598
0.0,0.19549155169527602,-1.6322381143253666,6.550604536934879,-1.4767919610925437,0.6693197778727881,1.4823097260089881,,,0.0,,0.9825706991676516,0.001467956170533101,9.661706164232509,0.9902733175904718,9.6617061642325,0.9902733175904715
0.0,0.195678351688531,-1.6312830305838069,6.54137189759087,-1.476723595565234,0.669330826899031,1.484426395552411,,,0.0,,0.9825270774297465,0.0014664897103070199,9.67084836015622,0.9902494969572886,9.670848360156212,0.9902494969572884
0.0,0.1958653301766477,-1.6303279468422471,6.532152698134542,-1.4766550427729692,0.669341904085592,1.486546052541528,,,0.0,,0.9824833291506889,0.001465024523467845,9.679998986148194,0.9902256060398631,9.67999898614819,0.9902256060398629
0.0,0.19605248733018496,-1.6293728631006879,6.522946919587641,-1.4765863022106869,0.6693530095140225,1.4886687010538118,,,0.0,,0.9824394539956551,0.0014635606086021028,9.689158049116564,0.9902016446496591,9.689158049116559,0.9902016446496589
0.0,0.19623982331986492,-1.6284177793591281,6.5137545429994965,-1.4765173733720713,0.6693641432660938,1.4907943451717174,,,0.0,,0.9823954516289842,0.0014620979642973827,9.698325555971834,0.9901776125976502,9.698325555971826,0.99017761259765
0.0,0.19642733831657255,-1.6274626956175684,6.504575549446989,-1.4764482557495504,0.6693753054237971,1.492922988982684,,,0.0,,0.9823513217141773,0.0014606365891423531,9.70750151362684,0.9901535096943193,9.70750151362683,0.990153509694319
0.0,0.1966150324913562,-1.6265076118760091,6.49540992003451,-1.4763789488342942,0.6693864960693444,1.4950546365791373,,,0.0,,0.9823070639138939,0.0014591764817267502,9.716685928996764,0.9901293357496564,9.716685928996757,0.9901293357496563
0.0,0.1968029060154278,-1.6255525281344494,6.486257635893904,-1.4763094521162112,0.6693977152851691,1.4971892920584984,,,0.0,,0.9822626778899523,0.0014577176406413786,9.725878808999116,0.9901050905731588,9.725878808999108,0.9901050905731587
0.0,0.1969909590601627,-1.6245974443928897,6.4771186781844445,-1.476239765083946,0.6694089631539265,1.4993269595231835,,,0.0,,0.9822181633033267,0.001456260064478119,9.735080160553713,0.990080773973829,9.735080160553704,0.9900807739738289
0.0,0.19717919179710008,-1.62364236065133,6.46799302809281,-1.4761698872248785,0.6694202397584944,1.5014676430806047,,,0.0,,0.9821735198141458,0.0014548037518299106,9.744289990582654,0.990056385760174,9.74428999058265,0.990056385760174
0.0,0.1973676043979429,-1.6226872769097707,6.458880666833007,-1.4760998180251181,0.6694315451819735,1.503611346843181,,,0.0,,0.9821287470816911,0.0014533487012907704,9.753508306010346,0.9900319257402042,9.753508306010339,0.9900319257402042
0.0,0.19755619703455854,-1.621732193168211,6.449781575646361,-1.4760295569695043,0.6694428795076883,1.505758074928337,,,0.0,,0.982083844764395,0.0014518949114557733,9.762735113763444,0.990007393721432,9.76273511376344,0.990007393721432
0.0,0.19774496987897824,-1.6207771094266512,6.440695735801466,-1.4759591035416018,0.6694542428191873,1.5079078314585055,,,0.0,,0.9820388125198397,0.0014504423809210644,9.771970420770888,0.9899827895108713,9.771970420770879,0.9899827895108713
0.0,0.1979339231033978,-1.6198220256850915,6.431623128594154,-1.475888457223699,0.6694656352002439,1.5100606205611329,,,0.0,,0.9819936500047542,0.001448991108283852,9.781214233963821,0.9899581129150355,9.781214233963812,0.9899581129150357
0.0,0.1981230568801774,-1.6188669419435322,6.422563735347448,-1.4758176174968065,0.6694770567348568,1.5122164463686825,,,0.0,,0.9819483568750145,0.0014475410921424097,9.790466560275641,0.9899333637399373,9.790466560275634,0.9899333637399375
0.0,0.19831237138184224,-1.6179118582019725,6.4135175374115105,-1.4757465838406523,0.6694885075072506,1.5143753130186417,,,0.0,,0.98190293278564,0.0014460923310960735,9.79972740664197,0.9899085417910869,9.799727406641962,0.989908541791087
0.0,0.1985018667810821,-1.6169567744604127,6.404484516163646,-1.4756753557336801,0.6694999876018765,1.516537224653514,,,0.0,,0.9818573773907929,0.001444644823745237,9.808996780000612,0.9898836468734911,9.808996780000605,0.9898836468734912
0.0,0.1986915432507517,-1.6160016907188535,6.395464653008214,-1.4756039326530477,0.6695114971034125,1.5187021854208376,,,0.0,,0.9818116903437766,0.0014431985686913654,9.818274687291566,0.9898586787916522,9.818274687291558,0.9898586787916522
0.0,0.19888140096387127,-1.6150466069772937,6.3864579293766175,-1.4755323140746235,0.6695230360967644,1.5208701994731784,,,0.0,,0.9817658712970331,0.001441753564536973,9.827561135457007,0.989833637349567,9.827561135457007,0.989833637349567
0.0,0.19907144009362615,-1.614091523235734,6.377464326727263,-1.475460499472984,0.6695346046670666,1.5230412709681358,,,0.0,,0.9817199199021419,0.0014403098098856402,9.836856131441287,0.9898085223507254,9.836856131441278,0.9898085223507253
0.0,0.1992616608133671,-1.6131364394941743,6.368483826545517,-1.4753884883214112,0.6695462028996818,1.5252154040683483,,,0.0,,0.9816738358098183,0.0014388673033420042,9.84615968219087,0.9897833335981094,9.846159682190864,0.9897833335981093
0.0,0.19945206329661058,-1.612181355752615,6.359516410343671,-1.4753162800918904,0.6695578308802023,1.527392602941493,,,0.0,,0.9816276186699113,0.0014374260435117603,9.855471794654376,0.9897580708941923,9.855471794654376,0.9897580708941921
0.0,0.19964264771703905,-1.6112262720110553,6.350562059660883,-1.4752438742551073,0.6695694886944504,1.5295728717602974,,,0.0,,0.9815812681314027,0.0014359860290016615,9.864792475782552,0.9897327340409368,9.864792475782549,0.9897327340409365
0.0,0.19983341424850062,-1.6102711882694956,6.341620756063185,-1.4751712702804456,0.6695811764284791,1.531756214702529,,,0.0,,0.9815347838424044,0.0014345472584195123,9.874121732528229,0.9897073228397943,9.87412173252822,0.9897073228397941
0.0,0.20002436306500976,-1.6093161045279358,6.33269248114339,-1.4750984676359837,0.6695928941685725,1.5339426359510133,,,0.0,,0.981488165450157,0.0014331097303741812,9.883459571846327,0.9896818370917045,9.883459571846323,0.9896818370917042
0.0,0.20021549434074695,-1.6083610207863765,6.323777216521103,-1.4750254657884942,0.6696046420012464,1.5361321396936247,,,0.0,,0.9814414126010287,0.0014316734434755814,9.892806000693861,0.9896562765970928,9.892806000693861,0.9896562765970925
0.0,0.2004068082500595,-1.6074059370448168,6.314874943842637,-1.4749522642034385,0.669616420013249,1.5383247301233018,,,0.0,,0.9813945249405126,0.001430238396334686,9.902161026029912,0.9896306411558701,9.902161026029903,0.9896306411558699
0.0,0.20059830496746098,-1.606450853303257,6.3059856447810105,-1.474878862344966,0.6696282282915613,1.5405204114380406,,,0.0,,0.9813475021132259,0.001428804587563518,9.911524654815569,0.9896049305674316,9.911524654815564,0.9896049305674314
0.0,0.20078998466763176,-1.6054957695616978,6.297109301035903,-1.474805259675911,0.6696400669233983,1.5427191878409012,,,0.0,,0.981300343762907,0.0014273720157751534,9.920896894013996,0.9895791446306555,9.92089689401399,0.9895791446306552
0.0,0.20098184752541934,-1.604540685820138,6.288245894333586,-1.4747314556577906,0.6696519359962088,1.5449210635400177,,,0.0,,0.9812530495324154,0.0014259406795837206,9.930277750590355,0.989553283143902,9.930277750590346,0.9895532831439017
0.0,0.20117389371583808,-1.6035856020785784,6.279395406426939,-1.4746574497508018,0.6696638355976762,1.5471260427485871,,,0.0,,0.9812056190637287,0.0014245105776043918,9.939667231511814,0.9895273459050116,9.939667231511805,0.9895273459050113
0.0,0.20136612341406965,-1.6026305183370186,6.270557819095358,-1.4745832414138182,0.6696757658157195,1.5493341296848897,,,0.0,,0.981158051997941,0.001423081708453399,9.949065343747526,0.9895013327113049,9.949065343747526,0.9895013327113047
0.0,0.20155853679546296,-1.6016754345954594,6.261733114144764,-1.4745088301043894,0.6696877267384936,1.5515453285722758,,,0.0,,0.9811103479752622,0.0014216540707480123,9.958472094268634,0.9894752433595809,9.958472094268625,0.9894752433595806
0.0,0.20175113403553485,-1.6007203508538996,6.252921273407518,-1.4744342152787349,0.66969971845439,1.5537596436391852,,,0.0,,0.9810625066350145,0.0014202276631065558,9.967887490048218,0.9894490776461156,9.967887490048215,0.9894490776461153
0.0,0.20194391530996952,-1.59976526711234,6.244122278742424,-1.4743593963917456,0.6697117410520371,1.5559770791191367,,,0.0,,0.9810145276156326,0.0014188024841483994,9.977311538061329,0.9894228353666613,9.97731153806132,0.9894228353666611
0.0,0.20213688079461917,-1.5988101833707802,6.23533611203467,-1.4742843728969788,0.6697237946203014,1.5581976392507406,,,0.0,,0.9809664105546606,0.0014173785324939582,9.986744245284918,0.9893965163164455,9.986744245284909,0.9893965163164453
0.0,0.20233003066550395,-1.597855099629221,6.226562755195801,-1.4742091442466554,0.6697358792482874,1.5604213282776946,,,0.0,,0.9809181550887508,0.0014159558067646932,9.996185618697856,0.9893701202901695,9.99618561869785,0.9893701202901692
0.0,0.2025233650988124,-1.5969000158876612,6.217802190163669,-1.4741337098916596,0.6697479950253385,1.562648150448795,,,0.0,,0.9808697608536621,0.0014145343055831073,10.005635665280941,0.989343647082007,10.005635665280941,0.9893436470820067
0.0,0.2027168842709013,-1.5959449321461014,6.2090543989023965,-1.474058069281532,0.6697601420410383,1.5648781100179356,,,0.0,,0.9808212274842577,0.0014131140275727538,10.015094392016834,0.9893170964856035,10.015094392016826,0.9893170964856033
0.0,0.20291058835829584,-1.5949898484045417,6.2003193634023654,-1.4739822218644731,0.6697723203852098,1.5671112112441072,,,0.0,,0.9807725546145045,0.00141169497135822,10.024561805890048,0.989290468294075,10.024561805890043,0.9892904682940747
0.0,0.20310447753768998,-1.5940347646629824,6.191597065680141,-1.473906167087335,0.6697845301479174,1.569347458391409,,,0.0,,0.9807237418774698,0.0014102771355651445,10.03403791388698,0.9892637623000065,10.034037913886971,0.9892637623000062
0.0,0.20329855198594665,-1.5930796809214227,6.182887487778453,-1.473829904395622,0.6697967714194664,1.5715868557290473,,,0.0,,0.9806747889053211,0.0014088605188201993,10.043522722995842,0.9892369782954511,10.043522722995839,0.9892369782954509
0.0,0.20349281188009757,-1.592124597179863,6.174190611766168,-1.4737534332334863,0.6698090442904043,1.5738294075313368,,,0.0,,0.9806256953293229,0.0014074451197511,10.053016240206691,0.9892101160719291,10.053016240206686,0.9892101160719289
0.0,0.20368725739734364,-1.5911695134383037,6.165506419738234,-1.473676753043728,0.6698213488515214,1.576075118077708,,,0.0,,0.9805764607798365,0.0014060309369866059,10.062518472511368,0.9891831754204261,10.062518472511359,0.989183175420426
0.0,0.20388188871505533,-1.590214429696744,6.156834893815653,-1.4735998632677885,0.6698336851938512,1.5783239916527079,,,0.0,,0.9805270848863171,0.0014046179691565058,10.072029426903512,0.9891561561313928,10.072029426903509,0.9891561561313926
0.0,0.20407670601077232,-1.5892593459551843,6.1481760161454355,-1.4735227633457522,0.6698460534086708,1.5805760325460054,,,0.0,,0.9804775672773125,0.0014032062148916387,10.08154911037855,0.9891290579947428,10.081549110378546,0.9891290579947427
0.0,0.20427170946220402,-1.5883042622136245,6.139529768900585,-1.4734454527163403,0.6698584535875017,1.5828312450523887,,,0.0,,0.9804279075804617,0.0014017956728238693,10.091077529933651,0.9891018807998525,10.091077529933647,0.9891018807998524
0.0,0.20446689924722955,-1.5873491784720652,6.130896134280031,-1.4733679308169108,0.6698708858221111,1.5850896334717766,,,0.0,,0.9803781054224923,0.0014003863415861097,10.100614692567738,0.9890746243355589,10.100614692567733,0.9890746243355588
0.0,0.20466227554389832,-1.5863940947305055,6.12227509450861,-1.4732901970834535,0.6698833502045113,1.5873512021092164,,,0.0,,0.9803281604292193,0.001398978219812299,10.110160605281461,0.9890472883901592,10.110160605281457,0.9890472883901591
0.0,0.20485783853042955,-1.5854390109889458,6.113666631837025,-1.473212250950591,0.6698958468269612,1.5896159552748883,,,0.0,,0.9802780722255442,0.0013975713061374173,10.119715275077176,0.9890198727514092,10.119715275077171,0.9890198727514092
0.0,0.20505358838521287,-1.584483927247386,6.105070728541812,-1.4731340918515718,0.6699083757819667,1.591883897284107,,,0.0,,0.9802278404354512,0.0013961655991974761,10.129278708958946,0.9889923772065227,10.129278708958937,0.9889923772065227
0.0,0.20524952528680832,-1.5835288435058268,6.0964873669253015,-1.4730557192182703,0.6699209371622812,1.5941550324573266,,,0.0,,0.9801774646820075,0.0013947610976295223,10.138850913932488,0.9889648015421691,10.138850913932483,0.9889648015421691
0.0,0.20544564941394672,-1.582573759764267,6.087916529315561,-1.472977132481184,0.6699335310609061,1.5964293651201473,,,0.0,,0.9801269445873604,0.0013933578000716361,10.148431897005226,0.988937145544474,10.148431897005212,0.988937145544474
0.0,0.2056419609455295,-1.5816186760227073,6.079358198066404,-1.4728983310694301,0.669946157571092,1.5987068996033078,,,0.0,,0.9800762797727361,0.0013919557051629253,10.158021665186187,0.9889094089990162,10.158021665186176,0.9889094089990162
0.0,0.205838460060629,-1.580663592281148,6.070812355557311,-1.4728193144107433,0.6699588167863388,1.6009876402426997,,,0.0,,0.9800254698584376,0.001390554811543537,10.167620225486043,0.988881591690828,10.16762022548604,0.9888815916908281
0.0,0.20603514693848898,-1.5797085085395883,6.062278984193402,-1.4727400819314742,0.6699715088003966,1.6032715913793658,,,0.0,,0.9799745144638433,0.0013891551178546423,10.17722758491711,0.9888536934043931,10.177227584917096,0.9888536934043931
0.0,0.20623202175852415,-1.5787534247980286,6.053758066405421,-1.4726606330565846,0.669984233707266,1.6055587573595014,,,0.0,,0.979923413207405,0.001387756622738445,10.18684375049325,0.9888257139236457,10.18684375049324,0.9888257139236458
0.0,0.2064290847003208,-1.5777983410564689,6.0452495846496745,-1.4725809672096457,0.6699969916011992,1.6078491425344597,,,0.0,,0.9798721657066463,0.0013863593248381783,10.196468729229947,0.9887976530319695,10.196468729229938,0.9887976530319695
0.0,0.20662633594363664,-1.5768432573149096,6.036753521408014,-1.4725010838128372,0.6700097825767001,1.6101427512607527,,,0.0,,0.9798207715781606,0.0013849632227981037,10.206102528144223,0.9887695105121963,10.206102528144214,0.9887695105121963
0.0,0.20682377566840154,-1.5758881735733499,6.028269859187769,-1.4724209822869423,0.6700226067285256,1.612439587900062,,,0.0,,0.97976923043761,0.0013835683152635116,10.215745154254675,0.9887412861466048,10.21574515425466,0.9887412861466048
0.0,0.20702140405471695,-1.5749330898317901,6.019798580521761,-1.472340662051346,0.6700354641516857,1.6147396568192258,,,0.0,,0.979717541899723,0.0013821746008807149,10.22539661458139,0.9887129797169197,10.225396614581387,0.9887129797169197
0.0,0.2072192212828565,-1.5739780060902304,6.011339667968213,-1.4722601225240333,0.6700483549414441,1.6170429623902611,,,0.0,,0.9796657055782928,0.001380782078297061,10.23505691614602,0.98868459100431,10.235056916146014,0.9886845910043099
0.0,0.20741722753326605,-1.5730229223486711,6.00289310411076,-1.4721793631215854,0.6700612791933194,1.619349508990349,,,0.0,,0.9796137210861757,0.0013793907461609155,10.244726065971665,0.9886561197893885,10.244726065971662,0.9886561197893884
0.0,0.2076154229865641,-1.5720678386071114,5.9944588715583675,-1.4720983832591776,0.6700742370030851,1.621659301001853,,,0.0,,0.9795615880352896,0.0013780006031216725,10.254404071082954,0.9886275658522098,10.25440407108294,0.9886275658522096
0.0,0.2078138078235415,-1.5711127548655517,5.986036952945336,-1.4720171823505768,0.6700872284667707,1.62397234281231,,,0.0,,0.9795093060366115,0.0013766116478297502,10.26409093850592,0.9885989289722698,10.264090938505914,0.9885989289722695
0.0,0.2080123822251619,-1.570157671123992,5.977627330931242,-1.4719357598081382,0.6701002536806621,1.6262886388144393,,,0.0,,0.9794568747001766,0.0013752238789365902,10.273786675268097,0.9885702089285041,10.273786675268083,0.9885702089285039
0.0,0.20821114637256183,-1.5692025873824327,5.96922998820091,-1.4718541150428042,0.6701133127413023,1.628608193406144,,,0.0,,0.9794042936350766,0.0013738372950946585,10.283491288398404,0.9885414054992873,10.283491288398393,0.988541405499287
0.0,0.20841010044705113,-1.568247503640873,5.9608449074643675,-1.4717722474641,0.670126405745492,1.6309310109905149,,,0.0,,0.9793515624494569,0.0013724518949574382,10.293204784927203,0.988512518462431,10.293204784927195,0.9885125184624307
0.0,0.20860924463011263,-1.5672924198993132,5.952472071456814,-1.4716901564801328,0.6701395327902905,1.633257095975833,,,0.0,,0.979298680750516,0.0013710676771794428,10.30292717188623,0.9884835475951834,10.302927171886225,0.9884835475951831
0.0,0.20880857910340261,-1.566337336157754,5.944111462938606,-1.4716078414975868,0.670152693973016,1.6355864527755675,,,0.0,,0.9792456481445029,0.0013696846404161976,10.312658456308606,0.9884544926742276,10.312658456308597,0.9884544926742272
0.0,0.20900810404875117,-1.5653822524161942,5.9357630646951725,-1.4715253019217227,0.6701658893912464,1.6379190858083896,,,0.0,,0.9791924642367162,0.0013683027833242534,10.322398645228809,0.9884253534756805,10.322398645228795,0.9884253534756803
0.0,0.20920781964816185,-1.5644271686746345,5.927426859537026,-1.4714425371563753,0.6701791191428202,1.6402549994981654,,,0.0,,0.979139128631502,0.0013669221045611805,10.332147745682649,0.9883961297750921,10.332147745682635,0.9883961297750917
0.0,0.20940772608381228,-1.5634720849330748,5.919102830299709,-1.4713595466039484,0.6701923833258364,1.64259419827396,,,0.0,,0.9790856409322516,0.0013655426027855654,10.34190576470726,0.9883668213474432,10.341905764707251,0.9883668213474429
0.0,0.20960782353805396,-1.5625170011915155,5.9107909598437525,-1.4712763296654154,0.6702056820386563,1.6449366865700459,,,0.0,,0.9790320007414008,0.001364164276657017,10.351672709341093,0.9883374279671455,10.351672709341083,0.9883374279671453
0.0,0.20980811219341303,-1.5615619174499558,5.902491231054646,-1.4711928857403134,0.6702190153799029,1.647282468825901,,,0.0,,0.9789782076604274,0.0013627871248361554,10.36144858662388,0.9883079494080395,10.36144858662387,0.9883079494080392
0.0,0.2100085922325897,-1.560606833708396,5.894203626842799,-1.4711092142267437,0.6702323834484626,1.6496315494862133,,,0.0,,0.9789242612898496,0.0013614111459846257,10.371233403596614,0.9882783854433934,10.371233403596603,0.9882783854433932
0.0,0.2102092638384588,-1.5596517499668363,5.885928130143522,-1.471025314521367,0.6702457863434853,1.6519839330008805,,,0.0,,0.9788701612292245,0.0013600363387650818,10.381027167301543,0.9882487358459024,10.381027167301534,0.9882487358459022
0.0,0.21041012719406998,-1.558696666225277,5.877664723916958,-1.4709411860194017,0.6702592241643852,1.654339623825019,,,0.0,,0.9788159070771463,0.001358662701841201,10.39082988478215,0.9882190003876871,10.390829884782141,0.9882190003876868
0.0,0.21061118248264787,-1.5577415824837173,5.869413391148076,-1.4708568281146215,0.6702726970108416,1.6566986264189612,,,0.0,,0.978761498431244,0.0013572902338776676,10.400641563083141,0.9881891788402919,10.400641563083127,0.9881891788402917
0.0,0.21081242988759208,-1.5567864987421576,5.8611741148466265,-1.4707722401993522,0.6702862049827989,1.659060945248259,,,0.0,,0.9787069348881813,0.0013559189335401853,10.410462209250394,0.9881592709746848,10.41046220925038,0.9881592709746846
0.0,0.2110138695924773,-1.5558314150005983,5.852946878047104,-1.4706874216644692,0.6702997481804686,1.6614265847836882,,,0.0,,0.978652216043652,0.001354548799495472,10.420291830330974,0.9881292765612554,10.420291830330964,0.9881292765612552
0.0,0.21121550178105408,-1.5548763312590386,5.844731663808708,-1.4706023718993955,0.6703133267043283,1.6637955495012513,,,0.0,,0.9785973414923819,0.0013531798304112534,10.43013043337313,0.9880991953698138,10.430130433373115,0.9880991953698136
0.0,0.21141732663724813,-1.5539212475174788,5.836528455215313,-1.4705170902920972,0.6703269406551238,1.6661678438821792,,,0.0,,0.9785423108281232,0.001351812024956276,10.439978025426207,0.9880690271695899,10.439978025426198,0.9880690271695896
0.0,0.2116193443451611,-1.5529661637759191,5.828337235375444,-1.4704315762290854,0.670340590133869,1.6685434724129313,,,0.0,,0.9784871236436564,0.00135044538180029,10.449834613540713,0.9880387717292313,10.449834613540702,0.9880387717292309
0.0,0.2118215550890704,-1.5520110800343598,5.820157987422218,-1.470345829095407,0.6703542752418468,1.670922439585204,,,0.0,,0.978431779530786,0.0013490798996140642,10.459700204768222,0.9880084288168027,10.459700204768211,0.9880084288168025
0.0,0.21202395905342986,-1.5510559962928,5.811990694513319,-1.4702598482746485,0.6703679960806094,1.6733047498959301,,,0.0,,0.9783762780803398,0.0013477155770693727,10.46957480616143,0.987977998199785,10.469574806161422,0.9879779981997848
0.0,0.2122265564228692,-1.5501009125512404,5.803835339830974,-1.4701736331489283,0.6703817527519798,1.675690407847279,,,0.0,,0.9783206188821669,0.0013463524128390016,10.479458424774071,0.9879474796450732,10.479458424774057,0.9879474796450729
0.0,0.21242934738219474,-1.5491458288096807,5.795691906581905,-1.470087183098898,0.6703955453580516,1.6780794179466638,,,0.0,,0.9782648015251364,0.0013449904055967466,10.489351067660932,0.9879168729189757,10.489351067660918,0.9879168729189755
0.0,0.21263233211638927,-1.5481907450681214,5.787560377997302,-1.4700004975037373,0.6704093740011902,1.6804717847067394,,,0.0,,0.9782088255971348,0.001343629554017413,10.499252741877813,0.9878861777872131,10.499252741877802,0.9878861777872128
0.0,0.21283551081061258,-1.5472356613265617,5.779440737332764,-1.4699135757411521,0.6704232387840332,1.6828675126454136,,,0.0,,0.9781526906850658,0.0013422698567768152,10.509163454481564,0.9878553940149168,10.509163454481552,0.9878553940149166
0.0,0.21303888365020118,-1.546280577585002,5.771332967868312,-1.4698264171873732,0.6704371398094914,1.6852666062858355,,,0.0,,0.9780963963748466,0.0013409113125517698,10.519083212529976,0.987824521366628,10.519083212529967,0.9878245213666278
0.0,0.2132424508206686,-1.5453254938434426,5.763237052908307,-1.469739021217151,0.6704510771807489,1.6876690701564112,,,0.0,,0.9780399422514072,0.0013395539200201098,10.529012023081833,0.9877935596062963,10.529012023081822,0.9877935596062962
0.0,0.21344621250770596,-1.544370410101883,5.755152975781437,-1.4696513872037558,0.6704650510012645,1.690074908790801,,,0.0,,0.9779833278986896,0.0013381976778606664,10.538949893196873,0.9877625084972786,10.538949893196863,0.9877625084972784
0.0,0.21365016889718152,-1.5434153263603232,5.7470807198406835,-1.4695635145189725,0.670479061374772,1.6924841267279203,,,0.0,,0.9779265528996439,0.0013368425847532814,10.548896829935753,0.9877313678023376,10.548896829935735,0.9877313678023375
0.0,0.21385432017514128,-1.5424602426187635,5.73902026846328,-1.4694754025331005,0.6704931084052806,1.694896728511945,,,0.0,,0.9778696168362285,0.001335488639378801,10.558852840360029,0.9877001372836408,10.55885284036002,0.9877001372836408
0.0,0.21405866652780883,-1.5415051588772042,5.730971605050686,-1.4693870506149496,0.6705071921970763,1.6973127186923112,,,0.0,,0.9778125192894077,0.0013341358404190759,10.568817931532179,0.9876688167027596,10.568817931532164,0.9876688167027596
0.0,0.2142632081415861,-1.5405500751356445,5.722934713028529,-1.4692984581318378,0.6705213128547219,1.6997321018237241,,,0.0,,0.9777552598391491,0.001332784186556963,10.578792110515538,0.9876374058206675,10.578792110515518,0.9876374058206674
0.0,0.2144679452030527,-1.5395949913940847,5.714909575846609,-1.4692096244495882,0.6705354704830582,1.7021548824661499,,,0.0,,0.9776978380644238,0.0013314336764763182,10.588775384374273,0.9876059043977388,10.588775384374259,0.9876059043977388
0.0,0.21467287789896683,-1.538639907652525,5.706896176978823,-1.4691205489325283,0.6705496651872043,1.7045810651848294,,,0.0,,0.9776402535432028,0.001330084308862009,10.598767760173411,0.9875743121937481,10.5987677601734,0.9875743121937481
0.0,0.21487800641626484,-1.5376848239109657,5.698894499923171,-1.4690312309434843,0.6705638970725583,1.707010654550268,,,0.0,,0.9775825058524563,0.0013287360823998964,10.608769244978776,0.9875426289678687,10.608769244978761,0.9875426289678687
0.0,0.2150833309420621,-1.536729740169406,5.690904528201677,-1.468941669843781,0.6705781662447985,1.7094436551382535,,,0.0,,0.9775245945681514,0.0013273889957768495,10.61877984585699,0.9875108544786709,10.618779845856976,0.9875108544786708
0.0,0.21528885166365253,-1.5357746564278463,5.682926245360392,-1.4688518649932387,0.6705924728098834,1.7118800715298448,,,0.0,,0.9774665192652515,0.0013260430476807375,10.628799569875433,0.9874789884841214,10.628799569875419,0.9874789884841213
0.0,0.21549456876850898,-1.5348195726862865,5.674959634969341,-1.4687618157501703,0.6706068168740532,1.7143199083113811,,,0.0,,0.9774082795177129,0.0013246982368004304,10.63882842410225,0.9874470307415819,10.638828424102241,0.9874470307415818
0.0,0.21570048244428344,-1.5338644889447273,5.6670046806225,-1.468671521471378,0.6706211985438294,1.7167631700744819,,,0.0,,0.9773498748984842,0.0013233545618258008,10.648866415606312,0.9874149810078077,10.648866415606292,0.9874149810078076
0.0,0.21590659287880748,-1.5329094052031675,5.659061365937745,-1.4685809815121524,0.6706356179260164,1.719209861416051,,,0.0,,0.9772913049795047,0.0013220120214477156,10.658913551457196,0.9873828390389466,10.658913551457177,0.9873828390389464
0.0,0.21611290026009186,-1.5319543214616078,5.651129674556829,-1.4684901952262688,0.6706500751277021,1.7216599869382796,,,0.0,,0.9772325693317019,0.0013206706143580505,10.668969838725165,0.9873506045905378,10.66896983872515,0.9873506045905376
0.0,0.21631940477632697,-1.5309992377200485,5.643209590145362,-1.4683991619659849,0.6706645702562581,1.7241135512486412,,,0.0,,0.9771736675249904,0.0013193303392496712,10.679035284481163,0.9873182774175103,10.679035284481149,0.9873182774175101
0.0,0.21652610661588337,-1.5300441539784888,5.635301096392737,-1.4683078810820374,0.6706791034193411,1.7265705589599079,,,0.0,,0.9771145991282697,0.0013179911948164474,10.68910989579678,0.9872858572741819,10.68910989579676,0.9872858572741816
0.0,0.2167330059673112,-1.529089070236929,5.627404177012139,-1.4682163519236413,0.6706936747248927,1.7290310146901382,,,0.0,,0.9770553637094233,0.0013166531797532456,10.699193679744216,0.9872533439142581,10.699193679744196,0.9872533439142578
0.0,0.21694010301934105,-1.5281339864953694,5.619518815740486,-1.4681245738384858,0.670708284281141,1.7314949230626873,,,0.0,,0.9769959608353159,0.0013153162927559295,10.709286643396293,0.9872207370908304,10.709286643396279,0.9872207370908301
0.0,0.21714739796088361,-1.52717890275381,5.6116449963384065,-1.468032546172732,0.6707229321966008,1.7339622887062072,,,0.0,,0.9769363900717927,0.001313980532521361,10.719388793826413,0.9871880365563757,10.719388793826399,0.9871880365563753
0.0,0.2173548909810304,-1.5262238190122503,5.603782702590195,-1.4679402682710097,0.6707376185800745,1.7364331162546494,,,0.0,,0.9768766509836767,0.0013126458977473943,10.729500138108559,0.9871552420627544,10.72950013810854,0.9871552420627541
0.0,0.21756258226905334,-1.5252687352706906,5.59593191830378,-1.4678477394764178,0.6707523435406527,1.7389074103472686,,,0.0,,0.976816743134768,0.0013113123871328874,10.739620683317217,0.9871223533612096,10.739620683317202,0.9871223533612092
0.0,0.21777047201440536,-1.524313651529131,5.588092627310709,-1.4677549591305175,0.6707671071877149,1.7413851756286194,,,0.0,,0.9767566660878414,0.0013099799993776863,10.749750436527433,0.9870893702023659,10.74975043652742,0.9870893702023655
0.0,0.21797856040672023,-1.5233585677875716,5.580264813466087,-1.4676619265733326,0.6707819096309303,1.743866416748565,,,0.0,,0.9766964194046449,0.0013086487331826382,10.75988940481473,0.9870562923362276,10.759889404814713,0.9870562923362273
0.0,0.21818684763581328,-1.522403484046012,5.572448460648557,-1.467568641143346,0.6707967509802585,1.7463511383622763,,,0.0,,0.976636002645898,0.0013073185872495804,10.77003759525512,0.9870231195121781,10.770037595255111,0.9870231195121778
0.0,0.21839533389168092,-1.5214484003044522,5.564643552760272,-1.4674751021774977,0.67081163134595,1.7488393451302329,,,0.0,,0.97657541537129,0.0013059895602813465,10.780195014925088,0.9869898514789784,10.780195014925068,0.9869898514789782
0.0,0.21860401936450105,-1.5204933165628929,5.556850073726848,-1.467381309011181,0.6708265508385474,1.751331041718227,,,0.0,,0.9765146571394783,0.0013046616509817658,10.790361670901504,0.986956487984766,10.790361670901488,0.9869564879847657
0.0,0.21881290424463365,-1.5195382328213332,5.54906800749734,-1.4672872609782412,0.6708415095688856,1.7538262327973655,,,0.0,,0.9764537275080866,0.0013033348580556547,10.800537570261708,0.9869230287770528,10.800537570261692,0.9869230287770526
0.0,0.2190219887226203,-1.5185831490797734,5.541297338044197,-1.4671929574109728,0.6708565076480928,1.7563249230440736,,,0.0,,0.9763926260337034,0.0013020091802088316,10.810722720083405,0.9868894736027256,10.81072272008339,0.9868894736027254
0.0,0.2192312729891847,-1.5176280653382137,5.533538049363255,-1.467098397640116,0.6708715451875912,1.7588271171400893,,,0.0,,0.97633135227188,0.001300684616148098,10.820917127444671,0.9868558222080429,10.820917127444654,0.9868558222080427
0.0,0.21944075723523274,-1.5166729815966544,5.5257901254736685,-1.4670035809948565,0.6708866222990973,1.761332819772475,,,0.0,,0.9762699057771294,0.0012993611645812564,10.83112079942392,0.9868220743386351,10.831120799423905,0.9868220743386349
0.0,0.21965044165185302,-1.5157178978550947,5.518053550417899,-1.4669085068028194,0.6709017390946238,1.7638420356336162,,,0.0,,0.9762082861029234,0.0012980388242170924,10.841333743099929,0.9867882297395025,10.84133374309991,0.9867882297395022
0.0,0.2198603264303164,-1.514762814113535,5.510328308261677,-1.4668131743900699,0.6709168956864786,1.7663547694212205,,,0.0,,0.9761464928016927,0.001296717593765389,10.851555965551732,0.9867542881550142,10.851555965551713,0.986754288155014
0.0,0.22007041176207662,-1.5138077303719752,5.502614383093972,-1.466717583081109,0.670932092187267,1.7688710258383218,,,0.0,,0.9760845254248234,0.0012953974719369166,10.861787473858675,0.9867202493289071,10.861787473858655,0.9867202493289068
0.0,0.22028069783877033,-1.512852646630416,5.494911759026955,-1.4666217321988715,0.6709473287098918,1.7713908095932822,,,0.0,,0.9760223835226564,0.0012940784574434372,10.872028275100341,0.9866861130042843,10.872028275100327,0.986686113004284
0.0,0.22049118485221747,-1.5118975628888562,5.4872204201959525,-1.4665256210647235,0.6709626053675538,1.7739141253997983,,,0.0,,0.9759600666444853,0.0012927605489977043,10.882278376356584,0.9866518789236141,10.882278376356565,0.9866518789236137
0.0,0.2207018729944211,-1.5109424791472965,5.47954035075945,-1.4664292489984598,0.6709779222737531,1.7764409779768913,,,0.0,,0.9758975743385553,0.001291443745313455,10.892537784707438,0.9866175468287285,10.892537784707418,0.9866175468287282
0.0,0.22091276245756777,-1.5099873954057368,5.471871534899013,-1.4663326153183014,0.6709932795422895,1.7789713720489235,,,0.0,,0.9758349061520604,0.0012901280451054246,10.902806507233135,0.9865831164608222,10.902806507233121,0.9865831164608219
0.0,0.22112385343402757,-1.5090323116641775,5.464213956819301,-1.4662357193408926,0.6710086772872632,1.7815053123455857,,,0.0,,0.9757720616311427,0.0012888134470893286,10.913084551014085,0.9865485875604514,10.913084551014071,0.986548587560451
0.0,0.22133514611635474,-1.5080772279226178,5.4565676007479835,-1.4661385603812993,0.6710241156230757,1.7840428036019151,,,0.0,,0.9757090403208903,0.0012874999499818754,10.923371923130851,0.9865139598675321,10.923371923130832,0.9865139598675318
0.0,0.22154664069728722,-1.507122144181058,5.448932450935751,-1.4660411377530054,0.6710395946644304,1.7865838505582818,,,0.0,,0.975645841765336,0.0012861875525007605,10.933668630664085,0.9864792331213393,10.933668630664071,0.986479233121339
0.0,0.22175833736974707,-1.5061670604394988,5.441308491656266,-1.4659434507679112,0.6710551145263334,1.7891284579603979,,,0.0,,0.9755824655074545,0.0012848762533646668,10.943974680694573,0.9864444070605055,10.943974680694557,0.9864444070605053
0.0,0.22197023632684101,-1.505211976697939,5.433695707206112,-1.4658454987363307,0.671070675324094,1.7916766305593241,,,0.0,,0.9755189110891627,0.0012835660512932649,10.95429008030316,0.9864094814230197,10.954290080303144,0.9864094814230194
0.0,0.22218233776186005,-1.5042568929563793,5.426094081904799,-1.4657472809669878,0.6710862771733263,1.7942283731114588,,,0.0,,0.9754551780513158,0.0012822569450072093,10.964614836570755,0.9863744559462256,10.96461483657074,0.9863744559462254
0.0,0.22239464186827992,-1.5033018092148196,5.418503600094692,-1.4656487967670173,0.6711019201899483,1.7967836903785523,,,0.0,,0.9753912659337072,0.0012809489332281467,10.97494895657829,0.9863393303668211,10.97494895657827,0.986339330366821
0.0,0.22260714883976113,-1.5023467254732603,5.410924246141013,-1.4655500454419574,0.6711176044901846,1.7993425871276987,,,0.0,,0.9753271742750667,0.001279642014678704,10.985292447406682,0.9863041044208564,10.985292447406666,0.9863041044208563
0.0,0.22281985887014955,-1.5013916417317006,5.40335600443177,-1.4654510262957512,0.6711333301905656,1.8019050681313478,,,0.0,,0.9752629026130575,0.001278336188082497,10.995645316136882,0.986268777843733,10.995645316136862,0.9862687778437329
0.0,0.223032772153476,-1.5004365579901409,5.395798859377761,-1.4653517386307429,0.671149097407929,1.8044711381672973,,,0.0,,0.9751984504842763,0.0012770314521641265,11.006007569849755,0.9862333503702025,11.006007569849736,0.9862333503702025
0.0,0.2232458888839568,-1.4994814742485811,5.388252795412521,-1.4652521817476745,0.6711649062594205,1.807040802018699,,,0.0,,0.9751338174242506,0.001275727805649178,11.016379215626113,0.9861978217343653,11.016379215626099,0.9861978217343653
0.0,0.22345920925599372,-1.4985263905070219,5.380717796992296,-1.4651523549456844,0.6711807568624941,1.8096140644740601,,,0.0,,0.9750690029674374,0.0012744252472642222,11.026760260546691,0.9861621916696693,11.026760260546672,0.9861621916696692
0.0,0.2236727334641746,-1.4975713067654621,5.373193848596004,-1.465052257522305,0.6711966493349134,1.812190930327245,,,0.0,,0.9750040066472209,0.0012731237757368115,11.037150711692107,0.9861264599089085,11.037150711692087,0.9861264599089083
0.0,0.22388646170327295,-1.4966162230239024,5.365680934725206,-1.4649518887734585,0.671212583794752,1.8147714043774776,,,0.0,,0.9749388279959117,0.0012718233897954883,11.04755057614282,0.9860906261842218,11.047550576142806,0.9860906261842217
0.0,0.22410039416824837,-1.4956611392823431,5.35817903990409,-1.4648512479934572,0.6712285603603945,1.8173554914293373,,,0.0,,0.9748734665447452,0.0012705240881697717,11.057959860979164,0.9860546902270922,11.05795986097915,0.9860546902270921
0.0,0.22431453105424703,-1.4947060555407834,5.350688148679399,-1.4647503344749984,0.671244579150537,1.8199431962927715,,,0.0,,0.9748079218238787,0.0012692258695901687,11.068378573281278,0.9860186517683449,11.068378573281258,0.9860186517683449
0.0,0.22452887255660128,-1.4937509717992237,5.343208245620442,-1.464649147509163,0.671260640284188,1.8225345237830866,,,0.0,,0.9747421933623912,0.001267928732788168,11.078806720129068,0.9859825105381465,11.078806720129048,0.9859825105381463
0.0,0.22474341887083027,-1.492795888057664,5.335739315319037,-1.4645476863854143,0.671276743880669,1.8251294787209533,,,0.0,,0.974676280688281,0.0012666326764962418,11.089244308602229,0.985946266266003,11.089244308602218,0.9859462662660028
0.0,0.2249581701926398,-1.4918408043161047,5.328281342389485,-1.464445950391592,0.6712928900596157,1.8277280659324096,,,0.0,,0.9746101833284644,0.0012653376994478448,11.099691345780196,0.9859099186807597,11.099691345780181,0.9859099186807595
0.0,0.22517312671792306,-1.490885720574545,5.320834311468538,-1.4643439388139148,0.671309078940978,1.8303302902488607,,,0.0,,0.9745439008087733,0.0012640438003774102,11.110147838742117,0.985873467510599,11.110147838742106,0.9858734675105988
0.0,0.22538828864275998,-1.4899306368329852,5.313398207215356,-1.4642416509369727,0.6713253106450217,1.8329361565070847,,,0.0,,0.9744774326539547,0.0012627509780203609,11.120613794566834,0.9858369124830394,11.120613794566824,0.9858369124830392
0.0,0.22560365616341813,-1.4889755530914255,5.305973014311507,-1.4641390860437282,0.6713415852923282,1.8355456695492218,,,0.0,,0.9744107783876682,0.0012614592311130917,11.131089220332864,0.9858002533249344,11.131089220332845,0.9858002533249342
0.0,0.22581922947635238,-1.4880204693498662,5.298558717460895,-1.464036243415513,0.6713579030037964,1.8381588342227912,,,0.0,,0.9743439375324848,0.0012601685583929888,11.141574123118335,0.9857634897624711,11.141574123118316,0.9857634897624707
0.0,0.22603500877820573,-1.4870653856083065,5.291155301389748,-1.4639331223320242,0.6713742639006424,1.8407756553806847,,,0.0,,0.9742769096098849,0.0012588789585984102,11.152068510001031,0.9857266215211687,11.152068510001017,0.9857266215211684
0.0,0.2262509942658087,-1.4861103018667468,5.28376275084659,-1.463829722071323,0.671390668104401,1.8433961378811663,,,0.0,,0.974209694140257,0.001257590430468701,11.162572388058315,0.9856896483258779,11.162572388058306,0.9856896483258776
0.0,0.22646718613618,-1.485155218125187,5.2763810506022,-1.4637260419098328,0.671407115736926,1.846020286587877,,,0.0,,0.9741422906428964,0.0012563029727441846,11.173085764367118,0.9856525699007788,11.173085764367103,0.9856525699007785
0.0,0.22668358458652654,-1.4842001343836277,5.2690101854495905,-1.463622081122336,0.6714236069203916,1.8486481063698341,,,0.0,,0.9740746986360024,0.0012550165841661645,11.183608646003902,0.9856153859693804,11.183608646003888,0.98561538596938
0.0,0.22690018981424392,-1.483245050642068,5.261650140203949,-1.4635178389819703,0.6714401417772923,1.8512796021014388,,,0.0,,0.9740069176366776,0.0012537312634769257,11.194141040044654,0.9855780962545185,11.194141040044645,0.9855780962545182
0.0,0.22711700201691615,-1.4822899669005083,5.254300899702651,-1.4634133147602297,0.6714567204304442,1.8539147786624641,,,0.0,,0.9739389471609268,0.0012524470094197283,11.204682953564866,0.9855407004783554,11.20468295356485,0.9855407004783552
0.0,0.2273340213923159,-1.481334883158949,5.246962448805186,-1.4633085077269583,0.6714733430029861,1.856553640938071,,,0.0,,0.9738707867236537,0.0012511638207388202,11.215234393639463,0.985503198362378,11.215234393639449,0.9855031983623778
0.0,0.22755124813840522,-1.4803797994173893,5.239634772393145,-1.4632034171503503,0.6714900096183793,1.8591961938187997,,,0.0,,0.9738024358386609,0.0012498816961794197,11.225795367342844,0.9854655896273965,11.225795367342823,0.9854655896273963
0.0,0.22776868245333498,-1.4794247156758296,5.232317855370189,-1.463098042296947,0.6715067204004094,1.8618424422005768,,,0.0,,0.9737338940186477,0.001248600634487731,11.236365881748789,0.9854278739935434,11.236365881748775,0.9854278739935431
0.0,0.22798632453544554,-1.4784696319342698,5.22501168266202,-1.462992382431634,0.6715234754731861,1.864492390984709,,,0.0,,0.973665160775208,0.0012473206344109323,11.24694594393049,0.9853900511802721,11.246945943930474,0.9853900511802719
0.0,0.22820417458326664,-1.4775145481927106,5.217716239216339,-1.462886436817639,0.6715402749611451,1.8671460450778925,,,0.0,,0.9735962356188298,0.0012460416946971848,11.257535560960488,0.9853521209063559,11.257535560960473,0.9853521209063557
0.0,0.22842223279551802,-1.4765594644511508,5.210431510002813,-1.46278020471653,0.6715571189890478,1.8698034093922133,,,0.0,,0.9735271180588924,0.001244763814095625,11.268134739910678,0.9853140828898862,11.268134739910659,0.985314082889886
0.0,0.22864049937110897,-1.475604380709591,5.203157480013066,-1.4626736853882112,0.6715740076819828,1.8724644888451398,,,0.0,,0.9734578076036656,0.0012434869913563664,11.278743487852234,0.9852759368482716,11.278743487852214,0.9852759368482713
0.0,0.22885897450913908,-1.4746492969680314,5.195894134260617,-1.462566878090923,0.6715909411653663,1.8751292883595345,,,0.0,,0.9733883037603079,0.0012422112252305061,11.289361811855624,0.9852376824982366,11.289361811855608,0.9852376824982364
0.0,0.22907765840889793,-1.473694213226472,5.18864145778088,-1.4624597820812377,0.6716079195649433,1.877797812863646,,,0.0,,0.9733186060348651,0.001240936514470113,11.299989718990584,0.9851993195558205,11.29998971899057,0.9851993195558202
0.0,0.22929655126986595,-1.4727391294849124,5.181399435631097,-1.4623523966140584,0.6716249430067875,1.8804700672911205,,,0.0,,0.9732487139322679,0.0012396628578282365,11.310627216326079,0.9851608477363755,11.310627216326065,0.9851608477363751
0.0,0.22951565329171378,-1.4717840457433526,5.17416805289034,-1.4622447209426155,0.6716420116173033,1.8831460565809919,,,0.0,,0.9731786269563316,0.0012383902540589037,11.321274310930258,0.985122266754566,11.321274310930242,0.9851222667545657
0.0,0.22973496467430293,-1.4708289620017934,5.166947294659464,-1.4621367543184645,0.6716591255232257,1.8858257856776885,,,0.0,,0.9731083446097535,0.0012371187019171173,11.331931009870456,0.9850835763243675,11.331931009870447,0.9850835763243673
0.0,0.22995448561768617,-1.4698738782602336,5.159737146061065,-1.4620284959914853,0.6716762848516215,1.8885092595310378,,,0.0,,0.9730378663941117,0.0012358482001588605,11.342597320213171,0.9850447761590646,11.342597320213157,0.9850447761590644
0.0,0.2301742163221071,-1.468918794518674,5.152537592239482,-1.4619199452098774,0.6716934897298895,1.8911964830962547,,,0.0,,0.9729671918098635,0.0012345787475410866,11.353273249024008,0.9850058659712504,11.353273249023989,0.9850058659712502
0.0,0.23039415698800075,-1.4679637107771142,5.1453486183607255,-1.4618111012201591,0.6717107402857625,1.8938874613339591,,,0.0,,0.9728963203563439,0.0012333103428217348,11.363958803367652,0.9849668454728249,11.363958803367636,0.9849668454728246
0.0,0.23061430781599365,-1.467008627035555,5.138170209612486,-1.4617019632671657,0.6717280366473066,1.8965821992101592,,,0.0,,0.9728252515317641,0.001232042984759713,11.374653990307884,0.9849277143749937,11.374653990307868,0.9849277143749935
0.0,0.23083466900690428,-1.4660535432939952,5.13100235120406,-1.461592530594044,0.6717453789429233,1.8992807016962716,,,0.0,,0.9727539848332094,0.0012307766721149096,11.385358816907518,0.984888472388267,11.385358816907502,0.9848884723882668
0.0,0.23105524076174266,-1.4650984595524355,5.123845028366359,-1.461482802442254,0.6717627673013493,1.9019829737691045,,,0.0,,0.9726825197566384,0.0012295114036481888,11.396073290228376,0.9848491192224581,11.396073290228355,0.984849119222458
0.0,0.23127602328171112,-1.4641433758108757,5.116698226351857,-1.4613727780515646,0.6717802018516581,1.9046890204108702,,,0.0,,0.9726108557968811,0.0012282471781213903,11.406797417331259,0.9848096545866822,11.406797417331239,0.9848096545866821
0.0,0.23149701676820403,-1.4631882920693164,5.109561930434564,-1.4612624566600503,0.67179768272326,1.907398846609178,,,0.0,,0.9725389924476372,0.0012269839942973307,11.41753120527593,0.9847700781893551,11.417531205275909,0.9847700781893551
0.0,0.23171822142280854,-1.4622332083277567,5.102436125909995,-1.4611518375040915,0.6718152100459037,1.9101124573570427,,,0.0,,0.9724669292014745,0.0012257218509397997,11.428274661121085,0.9847303897381922,11.42827466112107,0.984730389738192
0.0,0.23193963744730414,-1.461278124586197,5.095320798095133,-1.4610409198183694,0.6718327839496765,1.912829857652881,,,0.0,,0.9723946655498281,0.0012244607468135686,11.439027791924335,0.9846905889402064,11.439027791924316,0.9846905889402063
0.0,0.23216126504366308,-1.4603230408446377,5.088215932328423,-1.4609297028358659,0.6718504045650053,1.915551052500508,,,0.0,,0.972322200982998,0.001223200680684378,11.449790604742136,0.9846506755017082,11.44979060474211,0.9846506755017082
0.0,0.23238310441405097,-1.459367957103078,5.0811215139697,-1.46081818578786,0.6718680720226576,1.9182760469091495,,,0.0,,0.9722495349901481,0.001221941651318948,11.460563106629799,0.9846106491283029,11.460563106629785,0.9846106491283029
0.0,0.23260515576082622,-1.4584128733615183,5.074037528400196,-1.4607063679039258,0.6718857864537422,1.9210048458934323,,,0.0,,0.972176667059304,0.0012206836574849731,11.471345304641478,0.9845705095248907,11.471345304641453,0.9845705095248907
0.0,0.23282741928654077,-1.4574577896199585,5.06696396102249,-1.460594248411931,0.6719035479897095,1.9237374544733872,,,0.0,,0.9721035966773525,0.001219426697951123,11.482137205830066,0.9845302563956644,11.482137205830051,0.9845302563956644
0.0,0.23304989519393998,-1.4565027058783993,5.059900797260487,-1.4604818265380326,0.6719213567623532,1.9264738776744514,,,0.0,,0.972030323330039,0.001218170771487044,11.492938817247268,0.9844898894441089,11.492938817247252,0.9844898894441089
0.0,0.23327258368596324,-1.4555476221368395,5.052848022559374,-1.4603691015066773,0.6719392129038104,1.9292141205274709,,,0.0,,0.9719568465019671,0.0012169158768633535,11.503750145943497,0.9844494083729992,11.503750145943478,0.9844494083729991
0.0,0.23349548496574354,-1.4545925383952798,5.045805622385598,-1.4602560725405973,0.6719571165465629,1.9319581880686978,,,0.0,,0.971883165676596,0.0012156620128516507,11.514571198967854,0.9844088128843997,11.51457119896784,0.9844088128843996
0.0,0.23371859923660812,-1.45363745465372,5.038773582226846,-1.4601427388608086,0.6719750678234375,1.934706085339789,,,0.0,,0.9718092803362398,0.001214409178224503,11.52540198336815,0.9843681026796629,11.525401983368136,0.9843681026796628
0.0,0.23394192670207833,-1.4526823709121608,5.031751887591996,-1.460029099686609,0.6719930668676072,1.9374578173878112,,,0.0,,0.9717351899620654,0.0012131573717554592,11.536242506190806,0.9843272774594277,11.53624250619079,0.9843272774594276
0.0,0.2341654675658704,-1.451727287170601,5.02474052401109,-1.4599151542355753,0.6720111138125922,1.940213389265243,,,0.0,,0.9716608940340915,0.0012119065922190373,11.547092774480895,0.9842863369236186,11.547092774480873,0.9842863369236183
0.0,0.2343892220318948,-1.4507722034290413,5.017739477035318,-1.4598009017235616,0.6720292087922598,1.9429728060299667,,,0.0,,0.9715863920311867,0.0012106568383907334,11.557952795282043,0.984245280771444,11.557952795282022,0.9842452807714438
0.0,0.23461319030425704,-1.4498171196874816,5.010748732236973,-1.4596863413646965,0.6720473519408263,1.945736072745276,,,0.0,,0.9715116834310684,0.0012094081090470179,11.568822575636448,0.9842041087013955,11.568822575636432,0.9842041087013953
0.0,0.23483737258725748,-1.4488620359459223,5.003768275209428,-1.4595714723713824,0.6720655433928575,1.948503194479875,,,0.0,,0.9714367677103011,0.001208160402965336,11.57970212258485,0.9841628204112461,11.579702122584829,0.9841628204112458
0.0,0.2350617690853921,-1.4479069522043626,4.996798091567093,-1.4594562939542903,0.6720837832832689,1.9512741763078802,,,0.0,,0.9713616443442947,0.0012069137189241086,11.590591443166462,0.9841214155980492,11.590591443166446,0.984121415598049
0.0,0.2352863800033519,-1.4469518684628029,4.989838166945411,-1.4593408053223609,0.6721020717473274,1.954049023308815,,,0.0,,0.9712863128073035,0.001205668055702727,11.601490544418999,0.9840798939581373,11.601490544418978,0.984079893958137
0.0,0.23551120554602348,-1.4459967847212436,4.982888487000802,-1.4592250056828,0.6721204089206514,1.956827740567615,,,0.0,,0.9712107725724245,0.0012044234120815644,11.612399433378574,0.9840382551871207,11.612399433378553,0.9840382551871204
0.0,0.23573624591848955,-1.4450417009796839,4.975949037410642,-1.459108894241077,0.6721387949392122,1.95961033317463,,,0.0,,0.9711350231115956,0.0012031797868419624,11.623318117079748,0.9839964989798862,11.623318117079732,0.9839964989798858
0.0,0.23596150132602847,-1.4440866172381241,4.969019803873238,-1.4589924702009247,0.6721572299393347,1.9623968062256174,,,0.0,,0.9710590638955948,0.00120193717876624,11.634246602555447,0.9839546250305958,11.63424660255543,0.9839546250305955
0.0,0.2361869719741148,-1.4431315334965644,4.962100772107791,-1.4588757327643327,0.6721757140576977,1.9651871648217492,,,0.0,,0.9709828943940383,0.0012006955866376912,11.645184896836948,0.9839126330326858,11.645184896836932,0.9839126330326856
0.0,0.2364126580684195,-1.4421764497550051,4.955191927854377,-1.45875868113155,0.6721942474313354,1.9679814140696061,,,0.0,,0.9709065140753792,0.001199455009240584,11.656133006953842,0.9838705226788652,11.656133006953826,0.9838705226788649
0.0,0.2366385598148101,-1.4412213660134454,4.948293256873888,-1.4586413145010788,0.6722128301976378,1.9707795590811883,,,0.0,,0.9708299224069058,0.001198215445360162,11.667090939934024,0.9838282936611141,11.667090939934008,0.9838282936611139
0.0,0.23686467741935083,-1.4402662822718857,4.9414047449480485,-1.458523632069676,0.672231462494352,1.9735816049738997,,,0.0,,0.9707531188547406,0.0011969768937826401,11.678058702803634,0.9837859456706834,11.678058702803614,0.9837859456706832
0.0,0.23709101108830266,-1.439311198530326,4.934526377879338,-1.4584056330323478,0.6722501444595823,1.9763875568705649,,,0.0,,0.9706761028838384,0.001195739353295214,11.68903630258704,0.9837434783980926,11.689036302587018,0.9837434783980924
0.0,0.23731756102812376,-1.4383561147887667,4.927658141491004,-1.45828731658235,0.6722688762317919,1.9791974198994124,,,0.0,,0.9705988739579854,0.0011945028226860485,11.700023746306812,0.983700891533129,11.700023746306798,0.9837008915331288
0.0,0.23754432744546974,-1.437401031047207,4.920800021626991,-1.4581686819111843,0.6722876579498029,1.982011199194093,,,0.0,,0.9705214315397971,0.0011932673007442858,11.711021040983704,0.9836581847648463,11.71102104098369,0.9836581847648461
0.0,0.23777131054719347,-1.4364459473056472,4.913952004151941,-1.4580497282085965,0.6723064897527979,1.9848288998936656,,,0.0,,0.9704437750907177,0.0011920327862600434,11.72202819363658,0.9836153577815636,11.722028193636566,0.9836153577815634
0.0,0.23799851054034543,-1.435490863564088,4.90711407495116,-1.4579304546625758,0.6723253717803203,1.9876505271426002,,,0.0,,0.9703659040710177,0.0011907992780244127,11.733045211282427,0.9835724102708636,11.733045211282406,0.9835724102708634
0.0,0.2382259276321742,-1.4345357798225282,4.900286219930565,-1.457810860459349,0.6723443041722751,1.990476086090786,,,0.0,,0.9702878179397935,0.0011895667748294608,11.744072100936284,0.983529341919592,11.74407210093627,0.9835293419195917
0.0,0.23845356203012621,-1.4335806960809685,4.89346842501669,-1.4576909447833843,0.6723632870689303,1.9933055818935184,,,0.0,,0.9702095161549653,0.0011883352754682272,11.755108869611274,0.9834861524138556,11.755108869611252,0.9834861524138554
0.0,0.2386814139418461,-1.4326256123394088,4.886660676156622,-1.4575707068173829,0.6723823206109173,1.9961390197115116,,,0.0,,0.9701309981732757,0.0011871047787347323,11.766155524318481,0.9834428414390217,11.76615552431846,0.9834428414390215
0.0,0.2389094835751769,-1.4316705285978495,4.879862959318008,-1.4574501457422817,0.6724014049392317,1.9989764047108858,,,0.0,,0.9700522634502892,0.0011858752834239647,11.777212072066993,0.9833994086797162,11.777212072066977,0.983399408679716
0.0,0.23913777113816054,-1.4307154448562898,4.873075260488979,-1.457329260737248,0.6724205401952346,2.001817742063183,,,0.0,,0.9699733114403893,0.0011846467883318936,11.788278519863868,0.9833558538198227,11.788278519863852,0.9833558538198225
0.0,0.23936627683903733,-1.42976036111473,4.866297565678165,-1.4572080509796788,0.6724397265206526,2.0046630369453498,,,0.0,,0.9698941415967788,0.0011834192922554607,11.799354874714046,0.9833121765424815,11.79935487471403,0.9833121765424812
0.0,0.23959500088624683,-1.4288052773731703,4.859529860914642,-1.4570865156452002,0.6724589640575799,2.007512294539749,,,0.0,,0.9698147533714767,0.001182192793992584,11.810441143620373,0.9832683765300874,11.81044114362036,0.9832683765300871
0.0,0.23982394348842756,-1.427850193631611,4.8527721322479085,-1.4569646539076622,0.6724782529484775,2.0103655200341546,,,0.0,,0.9697351462153185,0.0011809672923421585,11.821537333583528,0.9832244534642898,11.821537333583512,0.9832244534642895
0.0,0.24005310485441772,-1.4268951098900513,4.846024365747853,-1.4568424649391387,0.672497593336176,2.0132227186217526,,,0.0,,0.9696553195779538,0.00117974278610405,11.832643451602035,0.9831804070259901,11.832643451602019,0.98318040702599
0.0,0.2402824851932548,-1.4259400261484916,4.839286547504725,-1.456719947909925,0.6725169853638747,2.0160838955011444,,,0.0,,0.9695752729078447,0.0011785192740791076,11.843759504672194,0.9831362368953416,11.843759504672178,0.9831362368953415
0.0,0.2405120847141761,-1.4249849424069319,4.832558663629117,-1.4565971019885369,0.6725364291751434,2.018949055876335,,,0.0,,0.9694950056522657,0.001177296755069148,11.854885499788065,0.9830919427517474,11.854885499788045,0.9830919427517473
0.0,0.24074190362661874,-1.4240298586653726,4.825840700251917,-1.4564739263417057,0.6725559249139232,2.0218182049567477,,,0.0,,0.9694145172573011,0.0011760752278769725,11.866021443941413,0.9830475242738594,11.866021443941392,0.9830475242738594
0.0,0.24097194214022033,-1.4230747749238128,4.8191326435242905,-1.456350420134379,0.672575472724527,2.024691347957215,,,0.0,,0.9693338071678442,0.0011748546913063502,11.877167344121723,0.9830029811395776,11.877167344121702,0.9830029811395776
0.0,0.2412022004648184,-1.4221196911822531,4.812434479617651,-1.4562265825297187,0.6725950727516405,2.0275684900979773,,,0.0,,0.9692528748275964,0.001173635144162032,11.888323207316118,0.9829583130260479,11.888323207316107,0.9829583130260479
0.0,0.24143267881045113,-1.4211646074406938,4.80574619472363,-1.4561024126890962,0.6726147251403234,2.0304496366046867,,,0.0,,0.9691717196790645,0.0011724165852497446,11.89948904050937,0.9829135196096614,11.899489040509348,0.9829135196096614
0.0,0.24166337738735758,-1.4202095236991341,4.799067775054044,-1.4559779097720942,0.6726344300360098,2.0333347927084056,,,0.0,,0.9690903411635613,0.0011711990133761875,11.910664850683808,0.9828686005660534,11.910664850683792,0.9828686005660534
0.0,0.2418942964059774,-1.4192544399575744,4.792399206840867,-1.4558530729365013,0.672654187584509,2.036223963645606,,,0.0,,0.9690087387212022,0.0011699824273490437,11.921850644819356,0.9828235555701014,11.92185064481934,0.9828235555701014
0.0,0.24212543607695147,-1.4182993562160147,4.785740476336212,-1.4557279013383126,0.6726739979320071,2.039117154658164,,,0.0,,0.9689269117909057,0.0011687668259769645,11.93304642989344,0.9827783842959246,11.933046429893425,0.9827783842959246
0.0,0.24235679661112186,-1.4173442724744554,4.779091569812284,-1.4556023941317264,0.6726938612250669,2.0420143709933702,,,0.0,,0.9688448598103915,0.0011675522080695877,11.944252212880993,0.9827330864168822,11.944252212880974,0.9827330864168823
0.0,0.24258837821953239,-1.4163891887328957,4.77245247356136,-1.455476550469142,0.6727137776106294,2.0449156179039187,,,0.0,,0.9687625822161781,0.0011663385724375208,11.9554680007544,0.9826876616055724,11.955468000754385,0.9826876616055724
0.0,0.24282018111342824,-1.415434104991336,4.765823173895767,-1.4553503695011596,0.6727337472360148,2.0478209006479124,,,0.0,,0.9686800784435833,0.0011651259178923525,11.966693800483487,0.982642109533831,11.966693800483466,0.9826421095338311
0.0,0.2430522055042565,-1.4144790212497762,4.759203657147844,-1.455223850376576,0.6727537702489224,2.050730224488858,,,0.0,,0.9685973479267216,0.001163914243246648,11.977929619035436,0.9825964298727303,11.97792961903542,0.9825964298727304
0.0,0.24328445160366624,-1.413523937508217,4.7525939096699155,-1.455096992242384,0.6727738467974327,2.0536435946956693,,,0.0,,0.968514390098504,0.0011627035473139517,11.989175463374828,0.9825506222925778,11.989175463374812,0.9825506222925778
0.0,0.2435169196235091,-1.4125688537666572,4.745993917834255,-1.4549697942437705,0.6727939770300073,2.056561016542668,,,0.0,,0.9684312043906355,0.0011614938289087853,12.000431340463562,0.9825046864629149,12.00043134046354,0.9825046864629148
0.0,0.24374960977583884,-1.4116137700250975,4.7394036680330816,-1.4548422555241152,0.6728141610954906,2.0594824953095743,,,0.0,,0.9683477902336145,0.0011602850868466458,12.011697257260801,0.9824586220525154,12.01169725726078,0.9824586220525154
0.0,0.2439825222729118,-1.4106586862835382,4.7328231466784985,-1.4547143752249865,0.6728343991431099,2.062408036281515,,,0.0,,0.9682641470567321,0.001159077319944016,12.022973220722982,0.9824124287293854,12.022973220722966,0.9824124287293853
0.0,0.2442156573271875,-1.4097036025419785,4.7262523402024845,-1.454586152486141,0.6728546913224769,2.0653376447490226,,,0.0,,0.9681802742880696,0.0011578705270183494,12.034259237803777,0.9823661061607603,12.034259237803761,0.9823661061607601
0.0,0.24444901515132814,-1.4087485188004187,4.719691235056862,-1.4544575864455238,0.6728750377835878,2.0682713260080257,,,0.0,,0.9680961713544984,0.0011566647068880834,12.045555315454019,0.9823196540131051,12.045555315454006,0.982319654013105
0.0,0.24468259595819922,-1.407793435058859,4.7131398177132695,-1.4543286762392627,0.6728954386768253,2.0712090853598566,,,0.0,,0.9680118376816782,0.0011554598583726336,12.056861460621723,0.9822730719521123,12.056861460621707,0.9822730719521122
0.0,0.24491639996086953,-1.4068383513172997,4.7065980746631295,-1.4541994210016682,0.6729158941529585,2.074150928111247,,,0.0,,0.9679272726940557,0.0011542559802923946,12.068177680251985,0.9822263596427013,12.068177680251969,0.9822263596427012
0.0,0.2451504273726118,-1.40588326757574,4.700065992417611,-1.4540698198652324,0.6729364043631441,2.077096859574332,,,0.0,,0.9678424758148634,0.0011530530714687428,12.07950398128703,0.9821795167490165,12.079503981287013,0.9821795167490164
0.0,0.24538467840690228,-1.4049281838341803,4.69354355750763,-1.4539398719606265,0.6729569694589274,2.080046885066637,,,0.0,,0.9677574464661189,0.0011518511307240288,12.090840370666083,0.9821325429344265,12.090840370666072,0.9821325429344264
0.0,0.24561915327742118,-1.4039731000926206,4.687030756483786,-1.453809576416698,0.6729775895922432,2.0830010099110936,,,0.0,,0.9676721840686233,0.0011506501568815922,12.102186855325424,0.9820854378615227,12.102186855325414,0.9820854378615226
0.0,0.2458538521980529,-1.4030180163510613,4.680527575916365,-1.4536789323604717,0.6729982649154164,2.0859592394360202,,,0.0,,0.9675866880419601,0.001149450148765746,12.113543442198289,0.9820382011921183,12.11354344219827,0.9820382011921182
0.0,0.24608877538288648,-1.4020629326095015,4.67403400239528,-1.4535479389171437,0.6730189955811632,2.0889215789751403,,,0.0,,0.9675009578044934,0.0011482511052017866,12.124910138214855,0.9819908325872466,12.124910138214844,0.9819908325872465
0.0,0.24632392304621523,-1.4011078488679418,4.6675500225300715,-1.4534165952100833,0.6730397817425918,2.091888033867564,,,0.0,,0.9674149927733676,0.0011470530250159926,12.136286950302221,0.9819433317071606,12.13628695030221,0.9819433317071605
0.0,0.2465592954025372,-1.4001527651263825,4.661075622949865,-1.453284900360831,0.6730606235532033,2.0948586094577957,,,0.0,,0.9673287923645065,0.0011458559070356223,12.147673885384345,0.9818956982113309,12.147673885384334,0.9818956982113308
0.0,0.24679489266655577,-1.3991976813848228,4.654610790303333,-1.4531528534890934,0.6730815211668928,2.097833311095738,,,0.0,,0.9672423559926103,0.0011446597500889184,12.15907095038203,0.981847931758445,12.15907095038202,0.9818479317584449
0.0,0.24703071505317914,-1.398242597643263,4.6481555112586985,-1.453020453712745,0.6731024747379498,2.1008121441366745,,,0.0,,0.9671556830711565,0.0011434645530051008,12.170478152212873,0.9818000320064058,12.170478152212862,0.9818000320064056
0.0,0.2472667627775209,-1.3972875139017034,4.641709772503666,-1.4528877001478258,0.6731234844210598,2.103795113941287,,,0.0,,0.967068773012398,0.0011422703146143783,12.18189549779124,0.9817519986123308,12.181895497791219,0.9817519986123305
0.0,0.2475030360549002,-1.396332430160144,4.6352735607454365,-1.4527545919085378,0.6731445503713045,2.106782225875636,,,0.0,,0.9669816252273613,0.0011410770337479366,12.193322994028199,0.9817038312325502,12.193322994028183,0.98170383123255
0.0,0.24773953510084215,-1.3953773464185844,4.628846862710632,-1.4526211281072456,0.6731656727441632,2.1097734853111803,,,0.0,,0.9668942391258464,0.001139884709237948,12.204760647831549,0.9816555295226066,12.204760647831533,0.9816555295226065
0.0,0.2479762601310776,-1.3944222626770246,4.622429665145312,-1.4524873078544727,0.6731868516955133,2.112768897624756,,,0.0,,0.966806614116425,0.0011386933399175668,12.216208466105735,0.981607093137253,12.216208466105714,0.9816070931372528
0.0,0.2482132113615435,-1.393467178935465,4.616021954814918,-1.452353130258901,0.6732080873816315,2.1157684681985844,,,0.0,,0.9667187496064394,0.001137502924620932,12.227666455751795,0.9815585217304519,12.227666455751779,0.9815585217304517
0.0,0.24845038900838315,-1.3925120951939056,4.609623718504257,-1.4522185944273693,0.6732293799591946,2.1187722024202724,,,0.0,,0.9666306450020021,0.001136313462183167,12.239134623667374,0.9815098149553741,12.23913462366735,0.9815098149553739
0.0,0.24868779328794666,-1.391557011452346,4.603234943017467,-1.4520836994648716,0.6732507295852804,2.1217801056828063,,,0.0,,0.9665422997079939,0.0011351249514403765,12.250612976746643,0.9814609724643975,12.250612976746632,0.9814609724643972
0.0,0.24892542441679055,-1.3906019277107862,4.596855615177991,-1.4519484444745534,0.6732721364173686,2.1247921833845553,,,0.0,,0.9664537131280627,0.0011339373912296565,12.26210152188031,0.9814119939091058,12.2621015218803,0.9814119939091056
0.0,0.24916328261167836,-1.3896468439692264,4.590485721828559,-1.4518128285577134,0.6732936006133416,2.1278084409292624,,,0.0,,0.9663648846646236,0.00113275078038908,12.273600265955533,0.9813628789402875,12.273600265955517,0.9813628789402873
0.0,0.24940136808958066,-1.3886917602276672,4.584125249831144,-1.4516768508137998,0.6733151223314857,2.13082888372605,,,0.0,,0.9662758137188563,0.001131565117757715,12.285109215855888,0.9813136272079345,12.285109215855877,0.9813136272079341
0.0,0.2496396810676757,-1.3877366764861074,4.577774186066943,-1.4515405103404087,0.6733367017304914,2.133853517189416,,,0.0,,0.9661864996907049,0.0011303804021756065,12.296628378461392,0.9812642383612408,12.296628378461376,0.9812642383612404
0.0,0.2498782217633489,-1.3867815927445477,4.57143251743635,-1.4514038062332832,0.6733583389694552,2.136882346739233,,,0.0,,0.9660969419788772,0.001129196632483792,12.308157760648385,0.9812147120486017,12.308157760648362,0.9812147120486014
0.0,0.2501169903941934,-1.3858265090029884,4.56510023085893,-1.4512667375863122,0.6733800342078796,2.1399153778007416,,,0.0,,0.9660071399808424,0.0011280138075242948,12.31969736928952,0.9811650479176124,12.319697369289509,0.9811650479176122
0.0,0.25035598717801055,-1.3848714252614287,4.558777313273382,-1.4511293034915276,0.6734017876056747,2.142952615804557,,,0.0,,0.9659170930928315,0.0011268319261401223,12.331247211253785,0.9811152456150665,12.331247211253768,0.9811152456150662
0.0,0.25059521233280957,-1.383916341519869,4.552463751637516,-1.4509915030391027,0.6734235993231588,2.145994066186664,,,0.0,,0.9658268007098348,0.0011256509871752757,12.34280729340636,0.9810653047869554,12.342807293406343,0.9810653047869553
0.0,0.25083466607680804,-1.3829612577783092,4.546159532928238,-1.4508533353173532,0.673445469521059,2.149039734388408,,,0.0,,0.9657362622256025,0.0011244709894747372,12.354377622608656,0.9810152250784668,12.354377622608645,0.9810152250784666
0.0,0.251074348628432,-1.38200617403675,4.539864644141501,-1.4507147994127323,0.673467398360513,2.152089625856505,,,0.0,,0.9656454770326423,0.0011232919318844852,12.365958205718252,0.9809650061339833,12.365958205718236,0.9809650061339832
0.0,0.2513142602063164,-1.3810510902951902,4.533579072292288,-1.4505758944098308,0.6734893860030691,2.1551437460430343,,,0.0,,0.9655544445222186,0.0011221138132514804,12.377549049588872,0.9809146475970816,12.377549049588849,0.9809146475970815
0.0,0.25155440102930504,-1.3800960065536305,4.52730280441459,-1.4504366193913765,0.6735114326106875,2.1582021004054335,,,0.0,,0.9654631640843528,0.001120936632423677,12.3891501610703,0.980864149110531,12.389150161070278,0.9808641491105309
0.0,0.25179477131645067,-1.3791409228120708,4.52103582756137,-1.4502969734382307,0.6735335383457413,2.1612646944065017,,,0.0,,0.9653716351078204,0.0011197603882500177,12.400761547008386,0.9808135103162926,12.40076154700837,0.9808135103162926
0.0,0.2520353712870154,-1.3781858390705115,4.514778128804543,-1.450156955629388,0.6735557033710173,2.1643315335143942,,,0.0,,0.9652798569801515,0.001118585079580437,12.412383214245022,0.9807627308555179,12.412383214244999,0.9807627308555178
0.0,0.2522762011604711,-1.3772307553289518,4.50852969523493,-1.450016565041975,0.673577927849717,2.1674026232026264,,,0.0,,0.9651878290876289,0.0011174107052658597,12.424015169618043,0.9807118103685473,12.424015169618027,0.9807118103685473
0.0,0.25251726115649914,-1.376275671587392,4.502290513962265,-1.4498758007512482,0.6736002119454573,2.1704779689500597,,,0.0,,0.9650955508152879,0.0011162372641581994,12.435657419961242,0.9806607484949096,12.435657419961224,0.9806607484949095
0.0,0.25275855149499066,-1.3753205878458328,4.496060572115133,-1.4497346618305929,0.6736225558222716,2.1735575762409143,,,0.0,,0.9650030215469148,0.0011150647551103681,12.447309972104291,0.9806095448733202,12.447309972104279,0.9806095448733202
0.0,0.2530000723960473,-1.374365504104273,4.489839856840962,-1.4495931473515216,0.6736449596446108,2.1766414505647558,,,0.0,,0.9649102406650459,0.0011138931769762639,12.45897283287276,0.9805581991416806,12.458972832872739,0.9805581991416805
0.0,0.2532418240799808,-1.3734104203627133,4.483628355305991,-1.4494512563836728,0.6736674235773441,2.1797295974164985,,,0.0,,0.9648172075509673,0.00111272252861078,12.47064600908798,0.9805067109370764,12.470646009087965,0.9805067109370764
0.0,0.2534838067673133,-1.3724553366211536,4.477426054695244,-1.4493089879948096,0.6736899477857599,2.1828220222964023,,,0.0,,0.9647239215847133,0.0011115528088698045,12.482329507567115,0.9804550798957768,12.4823295075671,0.9804550798957768
0.0,0.25372602067877775,-1.3715002528795943,4.471232942212506,-1.449166341250819,0.6737125324355666,2.1859187307100667,,,0.0,,0.9646303821450656,0.0011103840166102185,12.49402333512304,0.9804033056532335,12.494023335123018,0.9804033056532334
0.0,0.2539684660353182,-1.3705451691380346,4.465049005080278,-1.449023315215708,0.673735177692894,2.189019728168438,,,0.0,,0.964536588609552,0.001109216150689898,12.505727498564337,0.9803513878440786,12.50572749856432,0.9803513878440785
0.0,0.2542111430580897,-1.3695900853964749,4.45887423053978,-1.4488799089516065,0.6737578837242939,2.1921250201877953,,,0.0,,0.9644425403544472,0.0011080492099677112,12.517442004695264,0.9802993261021246,12.517442004695248,0.9802993261021246
0.0,0.25445405196845844,-1.3686350016549151,4.452708605850896,-1.4487361215187609,0.6737806506967409,2.1952346122897577,,,0.0,,0.9643482367547692,0.0011068831933035285,12.529166860315678,0.9802471200603626,12.529166860315662,0.9802471200603625
0.0,0.25469719298800225,-1.3676799179133559,4.44655211829217,-1.4485919519755384,0.6738034787776332,2.1983485100012734,,,0.0,,0.9642536771842812,0.0011057180995582094,12.54090207222102,0.9801947693509614,12.540902072220998,0.9801947693509613
0.0,0.254940566338511,-1.3667248341717961,4.440404755160754,-1.4484473993784206,0.6738263681347947,2.201466718854629,,,0.0,,0.964158861015489,0.001104553927593615,12.55264764720228,0.9801422736052661,12.552647647202269,0.980142273605266
0.0,0.255184172241986,-1.3657697504302364,4.434266503772407,-1.4483024627820056,0.673849318936474,2.2045892443874333,,,0.0,,0.9640637876196402,0.0011033906762726012,12.564403592045956,0.9800896324537972,12.56440359204594,0.9800896324537971
0.0,0.25542801092064094,-1.3648146666886767,4.428137351461449,-1.4481571412390044,0.6738723313513473,2.207716092142626,,,0.0,,0.9639684563667242,0.0011022283444590234,12.576169913533972,0.9800368455262494,12.576169913533956,0.9800368455262491
0.0,0.2556720825969018,-1.3638595829471174,4.422017285580745,-1.4480114338002423,0.6738954055485176,2.210847267668467,,,0.0,,0.9638728666254712,0.001101066931017736,12.587946618443697,0.9799839124514902,12.587946618443686,0.97998391245149
0.0,0.25591638749340717,-1.3629044992055577,4.415906293501673,-1.447865339514655,0.6739185416975171,2.2139827765185403,,,0.0,,0.9637770177633505,0.0010999064348145885,12.59973371354788,0.9799308328575591,12.599733713547865,0.979930832857559
0.0,0.2561609258330083,-1.361949415463998,4.4098043626140955,-1.447718857429289,0.6739417399683072,2.2171226242517506,,,0.0,,0.9636809091465707,0.0010987468547164368,12.611531205614586,0.9798776063716667,12.611531205614568,0.9798776063716664
0.0,0.25640569783876926,-1.3609943317224387,4.403711480326345,-1.4475719865893004,0.6739650005312797,2.220266816432311,,,0.0,,0.9635845401400788,0.001097588189591132,12.623339101407177,0.9798242326201925,12.623339101407156,0.9798242326201924
0.0,0.2566507037339677,-1.360039247980879,4.397627634065177,-1.4474247260379522,0.6739883235572579,2.2234153586297576,,,0.0,,0.9634879101075582,0.0010964304383075268,12.635157407684282,0.9797707112286851,12.635157407684272,0.9797707112286849
0.0,0.2568959437420941,-1.3590841642393192,4.391552811275761,-1.447277074816616,0.6740117092174974,2.2265682564189313,,,0.0,,0.9633910184114299,0.001095273599735478,12.646986131199744,0.97971704182186,12.646986131199728,0.9797170418218599
0.0,0.2571414180868528,-1.3581290804977595,4.385486999421647,-1.447129031964767,0.6740351576836869,2.229725515379982,,,0.0,,0.9632938644128503,0.0010941176727458425,12.658825278702551,0.9796632240235995,12.658825278702533,0.9796632240235993
0.0,0.2573871269921617,-1.3571739967562002,4.3794301859847415,-1.4469805965199867,0.6740586691279495,2.232887141098364,,,0.0,,0.9631964474717103,0.001092962656210482,12.670674856936843,0.9796092574569504,12.670674856936822,0.9796092574569502
0.0,0.257633070682153,-1.3562189130146405,4.373382358465272,-1.4468317675179587,0.6740822437228433,2.2360531391648375,,,0.0,,0.9630987669466361,0.0010918085490022583,12.68253487264183,0.9795551417441237,12.682534872641813,0.9795551417441235
0.0,0.25787924938117274,-1.3552638292730808,4.367343504381769,-1.4466825439924704,0.6741058816413625,2.23922351517546,,,0.0,,0.9630008221949868,0.0010906553499950432,12.694405332551788,0.9795008765064934,12.694405332551765,0.9795008765064933
0.0,0.25812566331378145,-1.354308745531521,4.361313611271047,-1.446532924975409,0.6741295830569385,2.2423982747315825,,,0.0,,0.9629026125728546,0.0010895030580637063,12.706286243395963,0.9794464613645953,12.70628624339594,0.979446461364595
0.0,0.2583723127047541,-1.3533536617899617,4.355292666688159,-1.4463829094967633,0.6741533481434404,2.2455774234398533,,,0.0,,0.9628041374350633,0.0010883516720841307,12.718177611898572,0.9793918959381255,12.718177611898556,0.9793918959381253
0.0,0.25861919777908077,-1.352398578048402,4.349280658206381,-1.44623249658462,0.6741771770751765,2.248760966912212,,,0.0,,0.9627053961351693,0.0010872011909331984,12.730079444778779,0.9793371798459399,12.730079444778756,0.9793371798459397
0.0,0.25886631876196625,-1.3514434943068423,4.343277573417187,-1.4460816852651655,0.6742010700268949,2.251948910765883,,,0.0,,0.9626063880254585,0.0010860516134888031,12.741991748750577,0.9792823127060529,12.741991748750554,0.9792823127060527
0.0,0.2591136758788305,-1.350488410565283,4.3372833999302225,-1.445930474562681,0.6742250271737843,2.2551412606233745,,,0.0,,0.9625071124569476,0.0010849029386298457,12.753914530522808,0.9792272941356361,12.753914530522785,0.9792272941356358
0.0,0.2593612693553092,-1.3495333268237233,4.331298125373271,-1.4457788634995465,0.6742490486914756,2.258338022112479,,,0.0,,0.9624075687793827,0.0010837551652362314,12.765847796799111,0.9791721237510174,12.765847796799093,0.979172123751017
0.0,0.25960909941725324,-1.3485782430821636,4.325321737392231,-1.4456268510962351,0.6742731347560421,2.2615392008662676,,,0.0,,0.9623077563412382,0.0010826082921888821,12.77779155427786,0.9791168011676796,12.777791554277842,0.9791168011676793
0.0,0.2598571662907295,-1.3476231593406038,4.319354223651103,-1.4454744363713152,0.674297285544001,2.2647448025230785,,,0.0,,0.9622076744897172,0.0010814623183697213,12.78974580965214,0.9790613260002601,12.789745809652118,0.9790613260002599
0.0,0.2601054702020209,-1.3466680755990446,4.313395571831939,-1.4453216183414486,0.674321501232314,2.2679548327265313,,,0.0,,0.9621073225707502,0.0010803172426616912,12.801710569609662,0.9790056978625488,12.801710569609645,0.9790056978625485
0.0,0.2603540113776266,-1.3457129918574848,4.307445769634834,-1.4451683960213886,0.6743457819983887,2.27116929712551,,,0.0,,0.962006699928994,0.0010791730639487381,12.813685840832813,0.9789499163674876,12.813685840832784,0.9789499163674873
0.0,0.26060279004426207,-1.344757908115925,4.301504804777895,-1.4450147684239802,0.6743701280200788,2.274388201374162,,,0.0,,0.9619058059078324,0.0010780297811158251,12.825671629998478,0.9788939811271692,12.825671629998455,0.978893981127169
0.0,0.2608518064288595,-1.3438028243743654,4.295572664997215,-1.4448607345601598,0.6743945394756858,2.2776115511318977,,,0.0,,0.9618046398493747,0.0010768873930489264,12.837667943778126,0.9788378917528362,12.837667943778102,0.9788378917528359
0.0,0.2611010607585678,-1.342847740632806,4.289649338046851,-1.444706293438953,0.6744190165439599,2.280839352063383,,,0.0,,0.9617032010944552,0.0010757458986350302,12.849674788837662,0.9787816478548796,12.849674788837644,0.9787816478548793
0.0,0.2613505532607533,-1.3418926568912464,4.2837348116987775,-1.4445514440674734,0.6744435594041002,2.284071609838547,,,0.0,,0.9616014889826328,0.0010746052967621406,12.861692171837486,0.9787252490428381,12.861692171837468,0.9787252490428379
0.0,0.26160028416299913,-1.3409375731496866,4.2778290737428994,-1.4443961854509242,0.6744681682357567,2.2873083301325585,,,0.0,,0.9614995028521903,0.0010734655863192724,12.873720099432346,0.9786686949253969,12.87372009943233,0.9786686949253967
0.0,0.261850253693106,-1.3399824894081274,4.271932111986988,-1.4442405165925947,0.6744928432190305,2.29054951862584,,,0.0,,0.9613972420401344,0.0010723267661964637,12.885758578271345,0.9786119851103866,12.885758578271327,0.9786119851103864
0.0,0.26210046207909266,-1.3390274056665676,4.266043914256673,-1.444084436493861,0.6745175845344753,2.293795181004059,,,0.0,,0.9612947058821942,0.0010711888352847618,12.897807614997923,0.9785551192047823,12.897807614997895,0.978555119204782
0.0,0.2623509095491952,-1.338072321925008,4.260164468395417,-1.4439279441541846,0.6745423923630977,2.297045322958119,,,0.0,,0.9611918937128214,0.0010700517924762374,12.909867216249733,0.9784980968147023,12.90986721624971,0.978498096814702
0.0,0.2626015963318682,-1.3371172381834482,4.254293762264486,-1.4437710385711129,0.6745672668863589,2.3002999501841637,,,0.0,,0.9610888048651899,0.0010689156366639765,12.921937388658677,0.9784409175454073,12.921937388658653,0.9784409175454071
0.0,0.2628525226557841,-1.336162154441889,4.248431783742927,-1.443613718740276,0.6745922082861754,2.3035590683835654,,,0.0,,0.9609854386711947,0.0010677803667420865,12.934018138850814,0.9783835810012992,12.93401813885079,0.978383581001299
0.0,0.2631036887498346,-1.3352070707003292,4.242578520727526,-1.4434559836553889,0.6746172167449196,2.3068226832629333,,,0.0,,0.9608817944614516,0.001066645981605694,12.94610947344633,0.9783260867859199,12.946109473446311,0.9783260867859196
0.0,0.2633550948431293,-1.3342519869587695,4.236733961132815,-1.4432978323082484,0.6746422924454212,2.3100908005340917,,,0.0,,0.9607778715652977,0.0010655124801509448,12.958211399059502,0.9782684345019508,12.95821139905948,0.9782684345019504
0.0,0.2636067411649972,-1.3332969032172097,4.230898092891013,-1.443139263688734,0.6746674355709681,2.313363425914094,,,0.0,,0.9606736693107892,0.001064379861275011,12.970323922298617,0.978210623751211,12.970323922298599,0.9782106237512106
0.0,0.2638586279449862,-1.3323418194756504,4.225070903952022,-1.442980276784806,0.6746926463053072,2.3166405651252058,,,0.0,,0.9605691870247026,0.0010632481238760842,12.982447049765964,0.978152654134657,12.982447049765941,0.9781526541346566
0.0,0.26411075541286383,-1.3313867357340907,4.219252382283388,-1.4428208705825063,0.6747179248326459,2.3199222238949107,,,0.0,,0.9604644240325331,0.0010621172668533792,12.994580788057787,0.9780945252523812,12.994580788057757,0.9780945252523807
0.0,0.2643631237986169,-1.330431651992531,4.213442515870284,-1.4426610440659569,0.6747432713376521,2.3232084079558986,,,0.0,,0.960359379658495,0.001060987289107137,13.006725143764188,0.9780362367036108,13.006725143764164,0.9780362367036104
0.0,0.26461573333245203,-1.3294765682509713,4.207641292715482,-1.4425007962173584,0.674768686005456,2.3264991230460645,,,0.0,,0.9602540532255208,0.0010598581895386243,13.018880123469156,0.9779777880867077,13.018880123469138,0.9779777880867071
0.0,0.26486858424479576,-1.328521484509412,4.201848700839327,-1.4423401260169924,0.6747941690216509,2.3297943749085053,,,0.0,,0.9601484440552613,0.0010587299670501331,13.03104573375047,0.9779191789991657,13.031045733750448,0.9779191789991651
0.0,0.26512167676629517,-1.3275664007678523,4.196064728279706,-1.442179032443217,0.6748197205722941,2.3330941692915177,,,0.0,,0.9600425514680847,0.0010576026205449827,13.043221981179661,0.9778604090376115,13.043221981179643,0.977860409037611
0.0,0.26537501112781736,-1.3266113170262925,4.190289363092034,-1.4420175144724698,0.6748453408439076,2.336398511948587,,,0.0,,0.9599363747830765,0.0010564761489275205,13.055408872321983,0.9778014777978024,13.055408872321966,0.9778014777978018
0.0,0.26562858756044994,-1.3256562332847333,4.184522593349224,-1.4418555710792647,0.6748710300234796,2.339707408638387,,,0.0,,0.9598299133180389,0.0010553505511031241,13.067606413736343,0.9777423848746255,13.067606413736314,0.977742384874625
0.0,0.26588240629550186,-1.3247011495431735,4.17876440714165,-1.4416932012361936,0.6748967882984652,2.3430208651247804,,,0.0,,0.9597231663894915,0.0010542258259781997,13.079814611975257,0.9776831298620969,13.079814611975234,0.9776831298620964
0.0,0.2661364675645026,-1.3237460658016138,4.173014792577141,-1.4415304039139247,0.6749226158567875,2.346338887176807,,,0.0,,0.9596161333126695,0.0010531019724601854,13.09203347358483,0.977623712353361,13.092033473584808,0.9776237123533604
0.0,0.266390771599203,-1.322790982060054,4.167273737780944,-1.4413671780812012,0.6749485128868381,2.3496614805686793,,,0.0,,0.959508813401524,0.0010519789894575505,13.10426300510468,0.9775641319406886,13.104263005104658,0.977564131940688
0.0,0.26664531863157537,-1.3218358983184948,4.161541230895701,-1.4412035227048436,0.674974479577479,2.3529886510797846,,,0.0,,0.9594012059687228,0.0010508568758797988,13.116503213067901,0.9775043882154768,13.11650321306787,0.9775043882154764
0.0,0.26690010889381394,-1.320880814576935,4.1558172600814185,-1.4410394367497472,0.6750005161180428,2.356320404494678,,,0.0,,0.9592933103256481,0.0010497356306374654,13.128754104001002,0.9774444807682477,13.128754104000974,0.9774444807682472
0.0,0.26715514261833434,-1.3199257308353753,4.1501018135154535,-1.4408749191788812,0.6750266226983339,2.3596567466030733,,,0.0,,0.959185125782398,0.0010486152526421229,13.141015684423882,0.9773844091886472,13.14101568442386,0.9773844091886467
0.0,0.2674104200377746,-1.3189706470938156,4.144394879392481,-1.4407099689532903,0.6750527995086296,2.362997683199842,,,0.0,,0.9590766516477849,0.0010474957408063777,13.153287960849783,0.9773241730654443,13.15328796084976,0.9773241730654438
0.0,0.26766594138499483,-1.3180155633522563,4.13869644592447,-1.4405445850320933,0.6750790467396812,2.3663432200850094,,,0.0,,0.9589678872293371,0.0010463770940438756,13.165570939785205,0.9772637719865301,13.165570939785182,0.9772637719865297
0.0,0.26792170689307804,-1.3170604796106966,4.133006501340655,-1.4403787663724825,0.6751053645827144,2.3696933630637504,,,0.0,,0.9588588318332959,0.0010452593112692964,13.177864627729903,0.9772032055389168,13.17786462772988,0.9772032055389163
0.0,0.2681777167953295,-1.3161053958691369,4.127325033887516,-1.4402125119297244,0.6751317532294311,2.373048117946382,,,0.0,,0.9587494847646184,0.001044142391398363,13.190169031176813,0.9771424733087365,13.190169031176783,0.977142473308736
0.0,0.2684339713252775,-1.3151503121275776,4.121652031828756,-1.4400458206571587,0.6751582128720098,2.376407490548358,,,0.0,,0.9586398453269753,0.0010430263333478357,13.202484156611991,0.9770815748812407,13.202484156611968,0.9770815748812403
0.0,0.26869047071667396,-1.3141952283860179,4.115987483445262,-1.4398786915061972,0.6751847437031068,2.37977148669027,,,0.0,,0.9585299128227508,0.0010419111360355157,13.214810010514613,0.977020509840799,13.214810010514595,0.9770205098407986
0.0,0.26894721520349346,-1.3132401446444582,4.110331377035098,-1.439711123426326,0.6752113459158571,2.3831401121978364,,,0.0,,0.9584196865530438,0.0010407967983802476,13.227146599356887,0.9769592777708984,13.22714659935687,0.9769592777708979
0.0,0.26920420501993464,-1.3122850609028984,4.104683700913468,-1.4395431153651033,0.6752380197038756,2.386513372901898,,,0.0,,0.9583091658176662,0.0010396833193019183,13.239493929604004,0.9768978782541419,13.239493929603976,0.9768978782541414
0.0,0.2694614404004195,-1.3113299771613391,4.0990444434127,-1.4393746662681597,0.6752647652612579,2.3898912746384147,,,0.0,,0.9581983499151443,0.0010385706977214587,13.251852007714069,0.9768363108722482,13.251852007714051,0.9768363108722476
0.0,0.2697189215795947,-1.3103748934197794,4.093413592882201,-1.4392057750791976,0.6752915827825814,2.3932738232484674,,,0.0,,0.9580872381427172,0.001037458932560845,13.26422084013815,0.9767745752060502,13.264220840138131,0.9767745752060496
0.0,0.26997664879233046,-1.3094198096782197,4.087791137688463,-1.4390364407399932,0.6753184724629061,2.396661024578237,,,0.0,,0.9579758297963379,0.0010363480227430998,13.276600433320102,0.9767126708354944,13.276600433320084,0.9767126708354938
0.0,0.27023462227372175,-1.30846472593666,4.082177066215012,-1.4388666621903934,0.675345434497776,2.4000528844790128,,,0.0,,0.9578641241706726,0.0010352379671922935,13.28899079369659,0.97665059733964,13.288990793696572,0.9766505973396394
0.0,0.270492842259088,-1.3075096421951007,4.0765713668624,-1.438696438368318,0.6753724690832194,2.40344940880718,,,0.0,,0.9577521205591006,0.0010341287648335448,13.301391927697024,0.9765883542966577,13.301391927697,0.9765883542966572
0.0,0.2707513089839738,-1.306554558453541,4.070974028048166,-1.4385257682097579,0.6753995764157507,2.40685060342422,,,0.0,,0.9576398182537147,0.001033020414593021,13.313803841743505,0.9765259412838291,13.313803841743482,0.9765259412838286
0.0,0.27101002268414853,-1.3055994747119812,4.065385038206821,-1.4383546506487772,0.6754267566923711,2.4102564741967036,,,0.0,,0.957527216545321,0.0010319129153979415,13.326226542250783,0.9764633578775453,13.32622654225076,0.9764633578775449
0.0,0.271268983595607,-1.3046443909704215,4.059804385789823,-1.4381830846175112,0.6754540101105692,2.4136670269962797,,,0.0,,0.9574143147234387,0.0010308062661765767,13.338660035626198,0.9764006036533069,13.33866003562617,0.9764006036533065
0.0,0.27152819195456934,-1.3036893072288622,4.0542320592655505,-1.438011069046167,0.6754813368683226,2.417082267699676,,,0.0,,0.9573011120763002,0.001029700465858251,13.35110432826961,0.9763376781857223,13.351104328269592,0.9763376781857218
0.0,0.27178764799748173,-1.3027342234873025,4.04866804711927,-1.437838602863024,0.6755087371640984,2.4205022021886964,,,0.0,,0.9571876078908516,0.0010285955133733414,13.363559426573428,0.9762745810485065,13.363559426573405,0.9762745810485061
0.0,0.2720473519610159,-1.3017791397457428,4.0431123378531275,-1.4376656849944338,0.6755362111968549,2.4239268363502076,,,0.0,,0.9570738014527516,0.001027491407653281,13.376025336922453,0.9762113118144815,13.37602533692243,0.9762113118144812
0.0,0.27230730408207,-1.3008240560041835,4.037564919986113,-1.4374923143648202,0.6755637591660416,2.427356176076135,,,0.0,,0.9569596920463728,0.0010263881476305604,13.388502065693876,0.9761478700555745,13.388502065693853,0.9761478700555741
0.0,0.2725675045977685,-1.2998689722626238,4.032025782054031,-1.437318489896679,0.675591381271601,2.430790227263466,,,0.0,,0.9568452789548012,0.0010252857322387257,13.40098961925726,0.9760842553428168,13.400989619257237,0.9760842553428165
0.0,0.2728279537454625,-1.298913888521064,4.026494912609491,-1.4371442105105796,0.6756190777139693,2.434228995814233,,,0.0,,0.9567305614598365,0.0010241841604123841,13.413488003974429,0.976020467246344,13.413488003974411,0.9760204672463436
0.0,0.27308865176272956,-1.2979588047795043,4.020972300221872,-1.4369694751251616,0.6756468486940777,2.4376724876355134,,,0.0,,0.9566155388419915,0.001023083431087201,13.425997226199462,0.9759565053353937,13.425997226199438,0.9759565053353934
0.0,0.2733495988873746,-1.297003721037945,4.015457933477304,-1.43679428265714,0.6756746944133526,2.4411207086394215,,,0.0,,0.9565002103804934,0.0010219835431999045,13.438517292278599,0.9758923691783058,13.438517292278569,0.9758923691783055
0.0,0.27361079535742977,-1.2960486372963853,4.009951800978633,-1.4366186320213012,0.6757026150737178,2.4445736647431087,,,0.0,,0.956384575353283,0.0010208844956882833,13.451048208550228,0.9758280583425213,13.451048208550205,0.975828058342521
0.0,0.27387224141115457,-1.2950935535548256,4.00445389134541,-1.436442522130506,0.6757306108775943,2.448031361868749,,,0.0,,0.9562686330370156,0.0010197862874911923,13.463589981344818,0.9757635723945811,13.463589981344793,0.9757635723945808
0.0,0.2741339372870361,-1.2941384698132659,3.99896419321386,-1.4362659518956873,0.6757586820279026,2.4514938059435387,,,0.0,,0.9561523827070602,0.0010186889175485484,13.47614261698487,0.9756989109001256,13.476142616984845,0.9756989109001254
0.0,0.2743958832237893,-1.2931833860717066,3.9934826952368603,-1.4360889202258538,0.6757868287280622,2.454961002899687,,,0.0,,0.9560358236375007,0.001017592384801338,13.488706121784844,0.9756340734238939,13.488706121784821,0.9756340734238935
0.0,0.27465807946035764,-1.2922283023301468,3.988009386083906,-1.4359114260280867,0.6758150511819939,2.4584329586744165,,,0.0,,0.9559189551011357,0.001016496688191612,13.501280502051149,0.9755690595297222,13.501280502051124,0.9755690595297218
0.0,0.27492052623591245,-1.2912732185885871,3.9825442544411023,-1.4357334682075424,0.6758433495941202,2.4619096792099486,,,0.0,,0.9558017763694784,0.001015401826662491,13.513865764082048,0.975503868780544,13.513865764082025,0.9755038687805436
0.0,0.27518322378985355,-1.2903181348470278,3.977087289011131,-1.4355550456674528,0.6758717241693664,2.4653911704535005,,,0.0,,0.9556842867127577,0.0010143077991581664,13.526461914167616,0.9754385007383887,13.526461914167593,0.9754385007383883
0.0,0.27544617236181007,-1.2893630511054681,3.97163847851322,-1.4353761573091242,0.6759001751131616,2.4688774383572856,,,0.0,,0.9555664853999176,0.0010132146046238995,13.539068958589715,0.9753729549643807,13.539068958589695,0.9753729549643804
0.0,0.2757093721916396,-1.2884079673639084,3.9661978116831347,-1.4351968020319388,0.67592870263144,2.472368488878496,,,0.0,,0.9554483716986178,0.0010121222420060244,13.551686903621912,0.9753072310187392,13.551686903621887,0.9753072310187387
0.0,0.27597282351942903,-1.2874528836223487,3.9607652772731408,-1.4350169787333553,0.6759573069306413,2.4758643279793033,,,0.0,,0.9553299448752343,0.00101103071025195,13.564315755529417,0.9752413284607764,13.564315755529394,0.975241328460776
0.0,0.27623652658549464,-1.2864977998807894,3.9553408640519887,-1.434836686308909,0.6759859882177123,2.4793649616268505,,,0.0,,0.9552112041948593,0.0010099400083101592,13.576955520569053,0.9751752468488978,13.576955520569035,0.9751752468488974
0.0,0.27650048163038266,-1.2855427161392297,3.949924560804877,-1.434655923652213,0.6760147467001076,2.482870395793249,,,0.0,,0.9550921489213017,0.0010088501351302116,13.589606204989227,0.9751089857406005,13.589606204989197,0.9751089857406001
0.0,0.2767646888948688,-1.28458763239767,3.9445163563334447,-1.434474689654957,0.676043582585791,2.486380636455566,,,0.0,,0.9549727783170876,0.0010077610896627451,13.60226781502978,0.9750425446924731,13.602267815029762,0.9750425446924726
0.0,0.277029148619959,-1.2836325486561102,3.939116239455737,-1.4342929832069096,0.6760724960832358,2.4898956895958215,,,0.0,,0.9548530916434605,0.0010066728708594767,13.614940356922062,0.9749759232601942,13.61494035692204,0.9749759232601939
0.0,0.27729386104688925,-1.282677464914551,3.9337241990061855,-1.4341108031959189,0.6761014874014265,2.4934155612009787,,,0.0,,0.9547330881603818,0.001005585477673203,13.627623836888768,0.9749091209985327,13.627623836888743,0.9749091209985322
0.0,0.27755882641712665,-1.2817223811729912,3.9283402238355754,-1.4339281485079123,0.6761305567498594,2.4969402572629464,,,0.0,,0.9546127671265309,0.0010044989090578027,13.640318261143952,0.9748421374613456,13.640318261143927,0.9748421374613452
0.0,0.27782404497236834,-1.2807672974314315,3.9229643028110344,-1.433745018026896,0.6761597043385442,2.5004697837785628,,,0.0,,0.9544921277993064,0.0010034131639682388,13.653023635892941,0.9747749722015785,13.653023635892918,0.974774972201578
0.0,0.27808951695454276,-1.2798122136898722,3.9175964248160056,-1.4335614106349597,0.676188930378004,2.5040041467495873,,,0.0,,0.9543711694348257,0.0010023282413605577,13.665739967332284,0.9747076247712642,13.665739967332254,0.9747076247712638
0.0,0.2783552426058096,-1.2788571299483125,3.9122365787502096,-1.4333773252122721,0.6762182350792774,2.507543352182707,,,0.0,,0.9542498912879257,0.0010012441401918918,13.678467261649708,0.9746400947215221,13.678467261649677,0.9746400947215217
0.0,0.2786212221685598,-1.2779020462067527,3.906884753529642,-1.4331927606370867,0.6762476186539187,2.5110874060895156,,,0.0,,0.9541282926121638,0.001000160859420461,13.691205525024053,0.9745723816025574,13.691205525024028,0.9745723816025571
0.0,0.2788874558854158,-1.276946962465193,3.9015409380865367,-1.4330077157857382,0.6762770813139996,2.5146363144865123,,,0.0,,0.954006372659818,0.0009990783980055747,13.703954763625232,0.9745044849636607,13.7039547636252,0.9745044849636603
0.0,0.279153943999232,-1.2759918787236337,3.896205121369346,-1.4328221895326463,0.6763066232721096,2.5181900833950936,,,0.0,,0.9538841306818874,0.0009979967549076322,13.716714983614127,0.9744364043532066,13.716714983614109,0.9744364043532062
0.0,0.27942068675309506,-1.275036794982074,3.890877292342708,-1.432636180750315,0.6763362447413575,2.521748718841555,,,0.0,,0.9537615659280926,0.0009969159290881232,13.729486191142636,0.9743681393186535,13.729486191142605,0.9743681393186531
0.0,0.27968768439032365,-1.2740817112405143,3.8855574399874397,-1.432449688309334,0.6763659459353721,2.525312226857067,,,0.0,,0.9536386776468766,0.0009958359195096317,13.74226839235348,0.9742996894065429,13.742268392353456,0.9742996894065424
0.0,0.27995493715446895,-1.2731266274989546,3.8802455533005,-1.4322627110783803,0.6763957270683036,2.528880613477682,,,0.0,,0.9535154650854057,0.000994756725135836,13.755061593380269,0.9742310541624982,13.75506159338025,0.9742310541624979
0.0,0.2802224452893149,-1.2721715437573953,3.874941621294974,-1.432075247924217,0.6764255883548241,2.53245388474432,,,0.0,,0.9533919274895694,0.0009936783449315107,13.767865800347368,0.974162233131225,13.767865800347344,0.9741622331312245
0.0,0.28049020903887856,-1.2712164600158355,3.869645633000035,-1.4318872977116968,0.676455530010129,2.5360320467027684,,,0.0,,0.953268064103981,0.0009926007778625265,13.780681019369888,0.9740932258565087,13.78068101936987,0.9740932258565084
0.0,0.2807582286474099,-1.2702613762742758,3.864357577460942,-1.4316988593037605,0.676485552249938,2.5396151054036658,,,0.0,,0.9531438741719792,0.0009915240228958542,13.793507256553594,0.9740240318812158,13.793507256553577,0.9740240318812156
0.0,0.28102650435939247,-1.269306292532716,3.8590774437390016,-1.431509931561441,0.6765156552904958,2.5432030669024996,,,0.0,,0.9530193569356279,0.0009904480789995648,13.806344517994882,0.9739546507472918,13.806344517994859,0.9739546507472915
0.0,0.2812950364195431,-1.2683512087911568,3.8538052209115508,-1.4313205133438611,0.6765458393485739,2.5467959372595974,,,0.0,,0.952894511635717,0.0009893729451428313,13.819192809780665,0.9738850819957612,13.819192809780645,0.9738850819957608
0.0,0.28156382507281313,-1.267396125049597,3.848540898071922,-1.4311306035082372,0.6765761046414707,2.550393722540125,,,0.0,,0.9527693375117634,0.0009882986202959289,13.832052137988416,0.9738153251667262,13.832052137988398,0.9738153251667259
0.0,0.28183287056438733,-1.2664410413080374,3.8432844643294386,-1.430940200909878,0.6766064513870129,2.553996428814069,,,0.0,,0.9526438338020118,0.0009872251034302394,13.84492250868601,0.9737453797993669,13.844922508685992,0.9737453797993667
0.0,0.28210217313968483,-1.265485957566478,3.838035908809379,-1.4307493044021888,0.6766368798035569,2.557604062156233,,,0.0,,0.952517999743435,0.0009861523935182504,13.857803927931709,0.9736752454319401,13.857803927931686,0.9736752454319398
0.0,0.28237173304435964,-1.2645308738249184,3.832795220652949,-1.4305579128366694,0.6766673901099892,2.5612166286462372,,,0.0,,0.9523918345717348,0.0009850804895335564,13.870696401774115,0.9736049216017786,13.870696401774095,0.9736049216017784
0.0,0.28264155052430023,-1.2635757900833586,3.827562389017272,-1.4303660250629167,0.676697982525728,2.564834134368501,,,0.0,,0.9522653375213435,0.0009840093904508631,13.883599936252102,0.9735344078452908,13.883599936252077,0.9735344078452907
0.0,0.28291162582562995,-1.262620706341799,3.8223374030753567,-1.430173639928627,0.6767286572707236,2.5684565854122376,,,0.0,,0.9521385078254233,0.0009829390952459862,13.896514537394742,0.97346370369796,13.896514537394722,0.9734637036979599
0.0,0.28318195919470746,-1.2616656226002396,3.817120252016076,-1.4299807562795954,0.6767594145654601,2.572083987871448,,,0.0,,0.9520113447158692,0.0009818696028958552,13.909440211221277,0.9733928086943437,13.909440211221252,0.9733928086943436
0.0,0.28345255087812693,-1.26071053885868,3.8119109250441383,-1.429787372959718,0.676790254630956,2.575716347844917,,,0.0,,0.9518838474233073,0.000980800912378512,13.92237696374103,0.9733217223680732,13.92237696374101,0.9733217223680731
0.0,0.28372340112271793,-1.2597554551171202,3.806709411380075,-1.4295934888109931,0.6768211776887653,2.5793536714361953,,,0.0,,0.9517560151770981,0.0009797330226731151,13.93532480095339,0.9732504442518525,13.935324800953365,0.9732504442518525
0.0,0.2839945101755461,-1.2588003713755604,3.8015157002602087,-1.4293991026735233,0.6768521839609787,2.5829959647536,,,0.0,,0.9516278472053357,0.0009786659327599419,13.948283728847684,0.9731789738774582,13.948283728847665,0.9731789738774582
0.0,0.2842658782839128,-1.2578452876340012,3.7963297809366354,-1.4292042133855154,0.6768832736702244,2.5866432339102015,,,0.0,,0.9514993427348497,0.0009775996416203868,13.961253753403192,0.9731073107757389,13.961253753403167,0.9731073107757388
0.0,0.28453750569535635,-1.2568902038924414,3.7911516426771916,-1.4290088197832826,0.6769144470396694,2.590295485023822,,,0.0,,0.9513705009912057,0.0009765341482369655,13.974234880589046,0.9730354544766139,13.974234880589028,0.9730354544766139
0.0,0.28480939265765093,-1.2559351201508817,3.785981274765444,-1.4288129207012463,0.6769457042930203,2.593952724217018,,,0.0,,0.9512413211987064,0.0009754694515933159,13.987227116364194,0.9729634045090738,13.987227116364174,0.9729634045090737
0.0,0.28508153941880776,-1.2549800364093224,3.7808186665006627,-1.4286165149719372,0.6769770456545242,2.597614957617077,,,0.0,,0.9511118025803926,0.0009744055506742004,14.000230466677298,0.9728911604011788,14.000230466677273,0.9728911604011788
0.0,0.28535394622707516,-1.2540249526677627,3.775663807197785,-1.428419601425997,0.6770084713489704,2.601282191356014,,,0.0,,0.9509819443580442,0.0009733424444655059,14.013244937466723,0.9728187216800589,14.013244937466704,0.9728187216800589
0.0,0.28562661333093853,-1.253069868926203,3.770516686187413,-1.42822217889218,0.6770399816016905,2.604954431570554,,,0.0,,0.950851745752181,0.0009722801319542474,14.026270534660467,0.9727460878719129,14.02627053466045,0.9727460878719129
0.0,0.2858995409791207,-1.2521147851846433,3.7653772928157765,-1.4280242461973542,0.6770715766385603,2.6086316844021282,,,0.0,,0.9507212059820647,0.0009712186121285686,14.039307264176085,0.9726732585020079,14.039307264176067,0.9726732585020078
0.0,0.286172729420582,-1.251159701443084,3.7602456164447178,-1.427825802166503,0.6771032566860002,2.6123139559968633,,,0.0,,0.9505903242656984,0.0009701578839777436,14.052355131920633,0.9726002330946791,14.052355131920608,0.9726002330946791
0.0,0.2864461789045211,-1.2502046177015242,3.755121646451656,-1.4276268456227281,0.6771350219709767,2.616001252505582,,,0.0,,0.9504590998198291,0.0009690979464921783,14.065414143790612,0.972527011173329,14.065414143790592,0.972527011173329
0.0,0.28671988968037443,-1.2492495339599645,3.7500053722295825,-1.4274273753872493,0.6771668727210032,2.6196935800837795,,,0.0,,0.9503275318599483,0.0009680387986634131,14.078484305671923,0.9724535922604267,14.078484305671898,0.9724535922604266
0.0,0.28699386199781685,-1.2482944502184048,3.7448967831870235,-1.4272273902794077,0.6771988091641407,2.6233909448916255,,,0.0,,0.9501956196002929,0.0009669804394841243,14.091565623439767,0.9723799758775077,14.091565623439736,0.9723799758775077
0.0,0.2872680961067617,-1.2473393664768455,3.7397958687480255,-1.4270268891166666,0.6772308315289995,2.6270933530939495,,,0.0,,0.9500633622538468,0.0009659228679481255,14.104658102958618,0.9723061615451735,14.104658102958593,0.9723061615451734
0.0,0.2875425922573614,-1.2463842827352858,3.7347026183521224,-1.4268258707146138,0.6772629400447401,2.6308008108602414,,,0.0,,0.9499307590323421,0.0009648660830503682,14.117761750082167,0.9722321487830903,14.117761750082147,0.9722321487830903
0.0,0.2878173507000072,-1.245429198993726,3.729617021454325,-1.4266243338869635,0.6772951349410739,2.6345133243646317,,,0.0,,0.9497978091462598,0.0009638100837869463,14.130876570653236,0.9721579371099898,14.130876570653218,0.9721579371099897
0.0,0.28809237168532953,-1.2444741152521663,3.724539067525091,-1.426422277445558,0.6773274164482641,2.6382308997858868,,,0.0,,0.9496645118048318,0.0009627548691550954,14.144002570503739,0.9720835260436673,14.144002570503714,0.9720835260436672
0.0,0.2883676554641984,-1.243519031510607,3.719468746050305,-1.426219700200369,0.6773597847971276,2.641953543307399,,,0.0,,0.9495308662160417,0.0009617004381531965,14.15713975545456,0.9720089151009825,14.157139755454542,0.9720089151009824
0.0,0.2886432022877237,-1.2425639477690473,3.714406046531249,-1.4260166009595,0.677392240219035,2.645681261117183,,,0.0,,0.9493968715866254,0.0009606467897807747,14.170288131315631,0.9719341037978582,14.170288131315607,0.971934103797858
0.0,0.28891901240725515,-1.2416088640274876,3.7093509584845887,-1.425812978529189,0.6774247829459126,2.6494140594078606,,,0.0,,0.9492625271220747,0.0009595939230385052,14.18344770388569,0.97185909164928,14.18344770388567,0.9718590916492799
0.0,0.28919508607438227,-1.2406537802859283,3.704303471442351,-1.4256088317138103,0.6774574132102424,2.653151944376649,,,0.0,,0.9491278320266359,0.0009585418369282122,14.196618478952361,0.971783878169296,14.196618478952344,0.9717838781692959
0.0,0.28947142354093575,-1.2396986965443686,3.6992635749518863,-1.4254041593158744,0.6774901312450643,2.6568949222253653,,,0.0,,0.9489927855033125,0.00095749053045287,14.20980046229203,0.9717084628710165,14.209800462292012,0.9717084628710163
0.0,0.2897480250589862,-1.2387436128028089,3.6942312585758663,-1.4251989601360338,0.6775229372839762,2.6606429991603995,,,0.0,,0.948857386753867,0.0009564400026166081,14.222993659669793,0.9716328452666131,14.222993659669774,0.9716328452666129
0.0,0.29002489088084554,-1.2377885290612491,3.6892065118922495,-1.4249932329730817,0.6775558315611352,2.6643961813927155,,,0.0,,0.9487216349788214,0.0009553902524247107,14.236198076839392,0.9715570248673187,14.236198076839367,0.9715570248673184
0.0,0.29030202125906646,-1.2368334453196899,3.6841893244942607,-1.4247869766239567,0.6775888143112593,2.66815447513784,,,0.0,,0.9485855293774597,0.0009543412788836194,14.249413719543119,0.9714810011834268,14.2494137195431,0.9714810011834266
0.0,0.2905794164464433,-1.2358783615781301,3.6791796859903663,-1.424580189883743,0.6776218857696276,2.671917886615855,,,0.0,,0.9484490691478273,0.000953293081000932,14.262640593511867,0.9714047737242913,14.262640593511847,0.9714047737242912
0.0,0.2908570766960118,-1.2349232778365704,3.674177586004256,-1.424372871545674,0.6776550461720818,2.675686422051383,,,0.0,,0.9483122534867354,0.0009522456577854106,14.275878704464922,0.9713283419983263,14.275878704464898,0.9713283419983261
0.0,0.2911350022610494,-1.2339681940950107,3.6691830141748194,-1.424165020401134,0.6776882957550272,2.6794600876735797,,,0.0,,0.94817508158976,0.0009511990082469779,14.289128058109972,0.9712517055130049,14.28912805810996,0.9712517055130047
0.0,0.2914131933950755,-1.2330131103534514,3.664195960156124,-1.4239566352396613,0.6777216347554336,2.683238889716124,,,0.0,,0.9480375526512452,0.0009501531313967215,14.302388660143073,0.9711748637748596,14.302388660143054,0.9711748637748594
0.0,0.2916916503518522,-1.2320580266118917,3.6592164136173833,-1.4237477148489488,0.6777550634108365,2.687022834417216,,,0.0,,0.9478996658643032,0.0009491080262468944,14.31566051624853,0.9710978162894819,14.315660516248505,0.9710978162894817
0.0,0.2919703733853836,-1.231102942870332,3.6542443642429503,-1.423538258014848,0.6777885819593379,2.6908119280195515,,,0.0,,0.9477614204208173,0.0009480636918109192,14.328943632098825,0.9710205625615214,14.328943632098806,0.971020562561521
0.0,0.29224936274991653,-1.2301478591287727,3.6492798017322867,-1.4233282635213704,0.6778221906396077,2.6946061767703227,,,0.0,,0.9476228155114426,0.0009470201271033883,14.342238013354626,0.9709431020946858,14.342238013354608,0.9709431020946856
0.0,0.29252861869994123,-1.229192775387213,3.6443227157999343,-1.4231177301506925,0.6778558896908844,2.6984055869212105,,,0.0,,0.9474838503256081,0.0009459773311400652,14.355543665664667,0.9708654343917409,14.355543665664648,0.9708654343917406
0.0,0.2928081414901906,-1.2282376916456532,3.639373096175505,-1.422906656683153,0.6778896793529765,2.7022101647283674,,,0.0,,0.9473445240515181,0.0009449353029378878,14.368860594665684,0.9707875589545093,14.368860594665657,0.9707875589545091
0.0,0.2930879313756412,-1.2272826079040935,3.634430932603651,-1.4226950418972613,0.6779235598662631,2.706019916452409,,,0.0,,0.9472048358761541,0.000943894041514971,14.382188805982349,0.9707094752838713,14.382188805982329,0.970709475283871
0.0,0.293367988611513,-1.2263275241625342,3.6294962148440466,-1.422482884569696,0.6779575314716951,2.7098348483584047,,,0.0,,0.9470647849852765,0.0009428535458906066,14.395528305227248,0.9706311828797636,14.395528305227224,0.9706311828797632
0.0,0.29364831345327025,-1.2253724404209745,3.6245689326713566,-1.4222701834753098,0.6779915944107967,2.7136549667158723,,,0.0,,0.946924370563426,0.0009418138150852656,14.408879098000767,0.9705526812411792,14.408879098000742,0.9705526812411789
0.0,0.29392890615662104,-1.2244173566794148,3.619649075875227,-1.42205693738713,0.6780257489256657,2.7174802777987592,,,0.0,,0.9467835917939258,0.0009407748481206018,14.422241189891045,0.9704739698661676,14.422241189891032,0.9704739698661673
0.0,0.2942097669775177,-1.223462272937855,3.614736634260255,-1.421843145076364,0.678059995258975,2.721310787885437,,,0.0,,0.9466424478588833,0.0009397366440194525,14.435614586473937,0.9703950482518342,14.43561458647392,0.9703950482518338
0.0,0.2944908961721573,-1.2225071891962958,3.609831597645972,-1.4216288053123995,0.6780943336539734,2.7251465032586863,,,0.0,,0.9465009379391918,0.0009386992018058412,14.448999293312868,0.9703159158943396,14.448999293312855,0.9703159158943393
0.0,0.2947722939969818,-1.221552105454736,3.6049339558668074,-1.4214139168628086,0.6781287643544871,2.7289874302057,,,0.0,,0.9463590612145325,0.0009376625205049782,14.46239531595888,0.9702365722889003,14.462395315958867,0.9702365722888998
0.0,0.295053960708678,-1.2205970217131763,3.600043698772088,-1.4211984784933507,0.6781632876049202,2.7328335750180526,,,0.0,,0.946216816863376,0.0009366265991432638,14.475802659950478,0.9701570169297871,14.475802659950453,0.9701570169297867
0.0,0.2953358965641781,-1.2196419379716166,3.595160816226,-1.4209824889679736,0.6781979036502558,2.7366849439917034,,,0.0,,0.9460742040629848,0.0009355914367482913,14.489221330813573,0.9700772493103264,14.489221330813546,0.970077249310326
0.0,0.29561810182065956,-1.2186868542300573,3.5902852981075752,-1.4207659470488199,0.6782326127360576,2.7405415434269806,,,0.0,,0.9459312219894148,0.0009345570323488466,14.50265133406146,0.9699972689228988,14.50265133406144,0.9699972689228985
0.0,0.29590057673554604,-1.2177317704884976,3.5854171343106565,-1.4205488514962261,0.6782674151084703,2.7444033796285767,,,0.0,,0.9457878698175176,0.000933523384974912,14.516092675194749,0.9699170752589394,14.516092675194724,0.9699170752589391
0.0,0.2961833215665069,-1.2167766867469378,3.5805563147438946,-1.420331201068728,0.6783023110142209,2.748270458905527,,,0.0,,0.9456441467209418,0.000932490493657667,14.529545359701231,0.9698366678089374,14.529545359701212,0.9698366678089372
0.0,0.2964663365714575,-1.2158216030053786,3.575702829330715,-1.4201129945230626,0.6783373007006196,2.752142787571205,,,0.0,,0.9455000518721358,0.0009314583574294925,14.543009393055875,0.969756046062436,14.543009393055856,0.9697560460624358
0.0,0.2967496220085602,-1.2148665192638188,3.5708566680092897,-1.4198942306141724,0.6783723844155612,2.7560203719433156,,,0.0,,0.9453555844423496,0.00093042697532397,14.556484780720774,0.969675209508032,14.556484780720755,0.9696752095080319
0.0,0.29703317813622365,-1.213911435522259,3.5660178207325304,-1.419674908095207,0.678407562407526,2.759903218343876,,,0.0,,0.9452107436016368,0.0009293963463758865,14.569971528145002,0.969594157633376,14.569971528144983,0.9695941576333759
0.0,0.2973170052131034,-1.2129563517806994,3.5611862774680567,-1.419455025717527,0.6784428349255803,2.7637913330992068,,,0.0,,0.9450655285188563,0.0009283664696212343,14.583469640764621,0.9695128899251718,14.583469640764594,0.9695128899251717
0.0,0.29760110349810215,-1.21200126803914,3.5563620281981776,-1.4192345822307078,0.6784782022193784,2.7676847225399217,,,0.0,,0.9449199383616755,0.0009273373440972155,14.596979124002555,0.9694314058691766,14.59697912400253,0.9694314058691766
0.0,0.29788547325037046,-1.2110461842975804,3.551545062919864,-1.419013576382541,0.6785136645391626,2.7715833930009213,,,0.0,,0.9447739722965711,0.0009263089688422404,14.610499983268586,0.9693497049502007,14.610499983268566,0.9693497049502006
0.0,0.29817011472930594,-1.2100911005560206,3.5467353716447354,-1.4187920069190405,0.6785492221357653,2.775487350821371,,,0.0,,0.9446276294888324,0.0009252813428959339,14.624032223959242,0.969267786652107,14.624032223959228,0.9692677866521069
0.0,0.2984550281945543,-1.209136016814461,3.541932944399033,-1.4185698725844422,0.6785848752606092,2.7793966023447,,,0.0,,0.9444809091025628,0.0009242544652991353,14.637575851457733,0.9691856504578116,14.637575851457713,0.9691856504578115
0.0,0.2987402139060092,-1.2081809330729016,3.5371377712236014,-1.4183471721212118,0.6786206241657086,2.7833111539185786,,,0.0,,0.9443338103006825,0.0009232283350939005,14.651130871133887,0.9691032958492831,14.651130871133867,0.969103295849283
0.0,0.299025672123813,-1.207225849331342,3.5323498421738577,-1.4181239042700426,0.6786564691036708,2.787231011894922,,,0.0,,0.9441863322449304,0.0009222029513235045,14.664697288344088,0.9690207223075428,14.664697288344069,0.9690207223075427
0.0,0.29931140310835636,-1.2062707655897822,3.5275691473197814,-1.4179000677698654,0.6786924103276968,2.7911561826298645,,,0.0,,0.944038474095867,0.0009211783130324435,14.678275108431214,0.9689379293126643,14.678275108431194,0.9689379293126642
0.0,0.29959740712027866,-1.205315681848223,3.52279567674589,-1.4176756613578465,0.678728448091582,2.7950866724837518,,,0.0,,0.9438902350128758,0.0009201544192664384,14.691864336724532,0.9688549163437737,14.691864336724512,0.9688549163437736
0.0,0.2998836844204687,-1.2043605981066632,3.518029420551207,-1.4174506837693943,0.6787645826497177,2.7990224878211345,,,0.0,,0.9437416141541664,0.0009191312690724334,14.705464978539682,0.9687716828790495,14.705464978539656,0.9687716828790494
0.0,0.3001702352700642,-1.2034055143651035,3.5132703688492537,-1.4172251337381618,0.6788008142570927,2.8029636350107525,,,0.0,,0.9435926106767765,0.0009181088614986029,14.719077039178549,0.9686882283957221,14.719077039178536,0.968688228395722
0.0,0.30045705993045263,-1.2024504306235437,3.5085185117680227,-1.4169990099960506,0.6788371431692928,2.8069101204255174,,,0.0,,0.9434432237365745,0.0009170871955943501,14.732700523929271,0.9686045523700747,14.732700523929251,0.9686045523700746
0.0,0.3007441586632709,-1.2014953468819844,3.503773839449955,-1.416772311273214,0.6788735696425032,2.81086195044251,,,0.0,,0.9432934524882624,0.0009160662704103116,14.746335438066065,0.968520654277442,14.746335438066046,0.9685206542774418
0.0,0.3010315317304066,-1.2005402631404247,3.4990363420519146,-1.416545036298062,0.6789100939335093,2.8148191314429667,,,0.0,,0.9431432960853768,0.000915046084998357,14.75998178684927,0.9684365335922113,14.759981786849256,0.968436533592211
0.0,0.3013191793939969,-1.199585179398865,3.4943060097451757,-1.4163171837972632,0.6789467162996968,2.8187816698122603,,,0.0,,0.9429927536802934,0.0009140266384115936,14.773639575525198,0.9683521897878217,14.773639575525172,0.9683521897878214
0.0,0.30160710191642964,-1.1986300956573053,3.489582832715397,-1.4160887524957504,0.6789834369990542,2.8227495719398936,,,0.0,,0.9428418244242277,0.0009130079297043683,14.78730880932608,0.9682676223367644,14.787308809326055,0.9682676223367642
0.0,0.3018952995603434,-1.197675011915746,3.4848668011626005,-1.415859741116723,0.6790202562901726,2.826722844219485,,,0.0,,0.942690507467239,0.0009119899579322688,14.800989493469997,0.9681828307105831,14.800989493469983,0.9681828307105829
0.0,0.302183772588628,-1.1967199281741863,3.480157905301143,-1.4156301483816525,0.6790571744322474,2.830701493048762,,,0.0,,0.9425388019582321,0.000910972722152126,14.814681633160879,0.968097814379873,14.814681633160859,0.9680978143798727
0.0,0.30247252126442403,-1.1957648444326265,3.4754561353597095,-1.415399973010284,0.6790941916850792,2.8346855248295366,,,0.0,,0.94238670704496,0.0009099562214220172,14.828385233588293,0.9680125728142818,14.828385233588273,0.9680125728142815
0.0,0.30276154585112364,-1.1948097606910673,3.470761481581281,-1.4151692137206433,0.6791313083090748,2.8386749459677025,,,0.0,,0.9422342218740273,0.000908940454801269,14.8421002999275,0.9679271054825094,14.842100299927473,0.9679271054825092
0.0,0.30305084661237097,-1.1938546769495075,3.4660739342231106,-1.4149378692290384,0.679168524565248,2.842669762873223,,,0.0,,0.9420813455908917,0.0009079254213504559,14.85582683733931,0.9678414118523077,14.85582683733929,0.9678414118523074
0.0,0.3033404238120617,-1.1928995932079478,3.4613934835567126,-1.4147059382500649,0.6792058407152212,2.8466699819601122,,,0.0,,0.9419280773398679,0.0009069111201314078,14.86956485097007,0.967755491390481,14.869564850970043,0.9677554913904808
0.0,0.3036302777143438,-1.191944509466388,3.456720119867834,-1.414473419496609,0.6792432570212259,2.8506756096464247,,,0.0,,0.9417744162641298,0.0009058975502072087,14.883314345951518,0.967669343562886,14.883314345951492,0.9676693435628858
0.0,0.3039204085836176,-1.1909894257248288,3.4520538334564375,-1.4142403116798536,0.679280773746104,2.854686652354242,,,0.0,,0.9416203615057127,0.0009048847106422007,14.897075327400767,0.9675829678344319,14.897075327400747,0.9675829678344317
0.0,0.3042108166845363,-1.190034341983269,3.4473946146366683,-1.4140066135092801,0.6793183911533088,2.8587031165096684,,,0.0,,0.9414659122055175,0.0009038726005019848,14.910847800420242,0.9674963636690801,14.910847800420223,0.9674963636690798
0.0,0.30450150228200573,-1.1890792582417093,3.442742453736851,-1.4137723236926754,0.6793561095069062,2.862725008542803,,,0.0,,0.9413110675033123,0.0009028612188534256,14.924631770097555,0.9674095305298449,14.924631770097529,0.9674095305298446
0.0,0.304792465641185,-1.1881241745001496,3.438097341099458,-1.4135374409361325,0.679393929071575,2.8667523348877353,,,0.0,,0.9411558265377356,0.0009018505647646512,14.938427241505465,0.9673224678787934,14.938427241505446,0.9673224678787931
0.0,0.3050837070274863,-1.1871690907585903,3.433459267081087,-1.41330196394406,0.679431850112609,2.8707851019825323,,,0.0,,0.9410001884462997,0.0009008406373050582,14.952234219701813,0.9672351751770456,14.952234219701799,0.9672351751770453
0.0,0.3053752267065759,-1.1862140070170306,3.428828222052441,-1.4130658914191807,0.6794698728959174,2.8748233162692265,,,0.0,,0.9408441523653933,0.0008998314355453108,14.966052709729452,0.9671476518847744,14.966052709729432,0.9671476518847739
0.0,0.3056670249443737,-1.1852589232754709,3.424204196398312,-1.412829222062541,0.6795079976880258,2.878866984193796,,,0.0,,0.9406877174302841,0.0008988229585573465,14.979882716616125,0.9670598974612059,14.979882716616112,0.9670598974612055
0.0,0.30595910200705356,-1.1843038395339112,3.4195871805175546,-1.4125919545735124,0.6795462247560775,2.882916112206157,,,0.0,,0.9405308827751223,0.000897815205414377,14.993724245374466,0.9669719113646198,14.993724245374452,0.9669719113646194
0.0,0.3062514581610437,-1.1833487557923519,3.41497716482307,-1.4123540876497973,0.6795845543678343,2.8869707067601453,,,0.0,,0.9403736475329437,0.0008968081751908906,15.007577301001863,0.9668836930523491,15.007577301001843,0.9668836930523487
0.0,0.3065440936730273,-1.1823936720507922,3.410374139741772,-1.4121156199874338,0.6796229867916778,2.8910307743135144,,,0.0,,0.9402160108356723,0.0008958018669626539,15.021441888480414,0.9667952419807809,15.0214418884804,0.9667952419807804
0.0,0.306837008809942,-1.1814385883092324,3.405778095714586,-1.4118765502807984,0.6796615222966101,2.8950963213279053,,,0.0,,0.9400579718141235,0.0008947962798067161,15.035318012776877,0.9667065576053558,15.035318012776862,0.9667065576053553
0.0,0.3071302038389804,-1.1804835045676731,3.401189023196413,-1.4116368772226149,0.6797001611522552,2.8991673542688425,,,0.0,,0.9398995295980079,0.0008937914128014113,15.04920567884253,0.9666176393805691,15.049205678842517,0.9666176393805685
0.0,0.3074236790275909,-1.1795284208261134,3.3966069126561096,-1.4113965995039532,0.6797389036288597,2.903243879605725,,,0.0,,0.9397406833159336,0.000892787265026358,15.063104891613182,0.96652848675997,15.063104891613161,0.9665284867599695
0.0,0.307717434643477,-1.1785733370845537,3.3920317545764753,-1.4111557158142396,0.6797777499972938,2.9073259038117985,,,0.0,,0.9395814320954099,0.0008917838355624655,15.077015656009012,0.9664390991961629,15.07701565600899,0.9664390991961624
0.0,0.30801147095459824,-1.177618253342994,3.3874635394542243,-1.4109142248412592,0.6798167005290529,2.9114134333641535,,,0.0,,0.9394217750628502,0.0008907811234919344,15.090937976934551,0.9663494761408067,15.090937976934539,0.9663494761408064
0.0,0.30830578822917004,-1.1766631696014347,3.382902257799969,-1.41067212527116,0.6798557554962578,2.915506474743705,,,0.0,,0.9392617113435756,0.0008897791278982596,15.104871859278616,0.9662596170446159,15.104871859278587,0.9662596170446155
0.0,0.30860038673566437,-1.175708085859875,3.3783479001381904,-1.41042941578846,0.6798949151716563,2.9196050344351843,,,0.0,,0.9391012400618184,0.0008887778478662313,15.118817307914162,0.9661695213573601,15.11881730791415,0.9661695213573598
0.0,0.3088952667428095,-1.1747530021183152,3.37380045700723,-1.4101860950760503,0.6799341798286243,2.923709118927118,,,0.0,,0.9389403603407243,0.0008877772824819404,15.132774327698327,0.9660791885278651,15.132774327698307,0.9660791885278648
0.0,0.3091904285195905,-1.1737979183767555,3.3692599189592602,-1.4099421618152015,0.6799735497411661,2.927818734711817,,,0.0,,0.9387790713023574,0.0008867774308327791,15.146742923472214,0.9659886180040125,15.146742923472193,0.9659886180040123
0.0,0.3094858723352495,-1.1728428346351962,3.364726276560268,-1.409697614685568,0.6800130251839164,2.9319338882853616,,,0.0,,0.938617372067702,0.0008857782920074438,15.160723100060935,0.9658978092327405,15.160723100060922,0.9658978092327403
0.0,0.30978159845928604,-1.1718877508936365,3.360199520390025,-1.4094524523651932,0.6800526064321404,2.9360545861475926,,,0.0,,0.9384552617566676,0.0008847798650959371,15.174714862273495,0.965806761660044,15.174714862273476,0.9658067616600439
0.0,0.3100776071614571,-1.1709326671520768,3.35567964104208,-1.4092066735305155,0.6800922937617355,2.940180834802085,,,0.0,,0.9382927394880909,0.0008837821491895717,15.188718214902671,0.9657154747309751,15.188718214902659,0.965715474730975
0.0,0.3103738987117771,-1.1699775834105175,3.3511666291237328,-1.4089602768563727,0.6801320874492323,2.9443126407561433,,,0.0,,0.9381298043797404,0.0008827851433809726,15.202733162725025,0.9656239478896436,15.202733162724998,0.9656239478896435
0.0,0.3106704733805191,-1.1690224996689578,3.346660475256004,-1.4087132610160071,0.680171987771795,2.9484500105207876,,,0.0,,0.9379664555483194,0.0008817888467640786,15.216759710500737,0.9655321805792166,15.216759710500709,0.9655321805792166
0.0,0.310967331438214,-1.168067415927398,3.3421611700736293,-1.4084656246810727,0.680211995007223,2.95259295061073,,,0.0,,0.9378026921094695,0.0008807932584341461,15.230797862973589,0.9654401722419204,15.230797862973569,0.9654401722419202
0.0,0.3112644731556511,-1.1671123321858383,3.337668704225032,-1.4082173665216375,0.6802521094339516,2.9567414675443655,,,0.0,,0.9376385131777747,0.0008797983774877511,15.24484762487088,0.965347922319039,15.244847624870859,0.965347922319039
0.0,0.31156189880387863,-1.166157248444279,3.3331830683723016,-1.4079684852061929,0.6802923313310536,2.9608955678437576,,,0.0,,0.9374739178667648,0.0008788042030227931,15.258909000903326,0.9652554302509164,15.258909000903305,0.9652554302509163
0.0,0.31185960865420403,-1.1652021647027193,3.3287042531911686,-1.407718979401655,0.6803326609782393,2.965055258034627,,,0.0,,0.9373089052889186,0.0008778107341384948,15.272981995765003,0.9651626954769555,15.272981995764981,0.9651626954769554
0.0,0.3121576029781936,-1.1642470809611596,3.3242322493709966,-1.4074688477733737,0.6803730986558586,2.969220544646325,,,0.0,,0.9371434745556685,0.0008768179699354081,15.287066614133268,0.9650697174356196,15.287066614133247,0.9650697174356195
0.0,0.3124558820476734,-1.1632919972195999,3.3197670476147505,-1.4072180889851362,0.6804136446449012,2.9733914342118286,,,0.0,,0.9369776247774035,0.0008758259095154153,15.30116286066867,0.9649764955644324,15.301162860668649,0.9649764955644323
0.0,0.3127544461347289,-1.1623369134780406,3.315308638638982,-1.406966701699174,0.6804542992269978,2.97756793326772,,,0.0,,0.9368113550634736,0.0008748345519817313,15.315270740014874,0.9648830292999785,15.315270740014853,0.9648830292999785
0.0,0.31305329551170613,-1.1613818297364809,3.310857013173801,-1.4067146845761673,0.6804950626844218,2.9817500483541797,,,0.0,,0.936644664522193,0.0008738438964389066,15.329390256798618,0.964789318077904,15.329390256798598,0.9647893180779039
0.0,0.3133524304512108,-1.1604267459949211,3.3064121619628666,-1.4064620362752525,0.6805359353000894,2.9859377860149583,,,0.0,,0.9364775522608445,0.0008728539419928306,15.343521415629588,0.964695361332917,15.343521415629569,0.9646953613329168
0.0,0.3136518512261094,-1.1594716622533614,3.301974075763358,-1.4062087554540257,0.6805769173575608,2.990131152797369,,,0.0,,0.936310017385683,0.000871864687750734,15.357664221100354,0.9646011584987879,15.357664221100334,0.9646011584987877
0.0,0.31395155810952885,-1.1585165785118021,3.2975427453459596,-1.405954840768552,0.6806180091410416,2.9943301552522716,,,0.0,,0.9361420590019398,0.0008708761328211917,15.371818677786296,0.9645067090083506,15.371818677786274,0.9645067090083503
0.0,0.3142515513748576,-1.1575614947702424,3.293118161494831,-1.4057002908733671,0.6806592109353837,2.998534799934058,,,0.0,,0.9359736762138259,0.0008698882763141238,15.385984790245562,0.9644120122935018,15.38598479024554,0.9644120122935016
0.0,0.31455183129574493,-1.1566064110286827,3.288700315007598,-1.4054451044214873,0.680700523026086,3.002745093400632,,,0.0,,0.9358048681245371,0.0008689011173408013,15.400162563018908,0.9643170677852032,15.400162563018887,0.9643170677852031
0.0,0.3148523981461015,-1.1556513272871234,3.2842891966953305,-1.4051892800644137,0.6807419456992956,3.006961042213394,,,0.0,,0.9356356338362571,0.0008679146550138468,15.414352000629682,0.9642218749134809,15.414352000629663,0.9642218749134807
0.0,0.3151532522001002,-1.1546962435455637,3.279884797382509,-1.404932816452137,0.6807834792418089,3.0111826529372343,,,0.0,,0.9354659724501618,0.0008669288884472375,15.42855310758375,0.9641264331074261,15.428553107583738,0.964126433107426
0.0,0.3154543937321754,-1.153741159804004,3.2754871079070225,-1.4046757122331481,0.6808251239410726,3.0154099321405035,,,0.0,,0.9352958830664237,0.0008659438167563085,15.44276588836939,0.9640307417951963,15.442765888369369,0.9640307417951961
0.0,0.3157558230170239,-1.1527860760624442,3.2710961191201373,-1.4044179660544394,0.6808668800851845,3.0196428863950042,,,0.0,,0.9351253647842159,0.0008649594390577556,15.456990347457175,0.9639348004040154,15.456990347457154,0.9639348004040151
0.0,0.3160575403296048,-1.151830992320885,3.26671182188648,-1.4041595765615134,0.6809087479628946,3.0238815222759747,,,0.0,,0.934954416701716,0.0008639757544696381,15.471226489299976,0.9638386083601745,15.471226489299957,0.9638386083601743
0.0,0.31635954594514054,-1.1508759085793252,3.2623342070840113,-1.4039005423983888,0.6809507278636062,3.0281258463620757,,,0.0,,0.9347830379161107,0.0008629927621113804,15.485474318332852,0.9637421650890329,15.48547431833283,0.9637421650890327
0.0,0.31666184013911586,-1.1499208248377655,3.2579632656040167,-1.4036408622076075,0.6809928200773769,3.0323758652353634,,,0.0,,0.9346112275235999,0.000862010461103776,15.499733838972931,0.9636454700150178,15.49973383897291,0.9636454700150175
0.0,0.316964423187279,-1.1489657410962058,3.2535989883510767,-1.4033805346302402,0.6810350248949194,3.0366315854812846,,,0.0,,0.9344389846194014,0.000861028850568991,15.514005055619387,0.9635485225616264,15.514005055619368,0.9635485225616262
0.0,0.31726729536564163,-1.1480106573546465,3.249241366243055,-1.4031195583058926,0.6810773426076027,3.0408930136886503,,,0.0,,0.9342663082977544,0.0008600479296305656,15.528287972653297,0.9634513221514254,15.528287972653283,0.9634513221514251
0.0,0.3175704569504794,-1.1470555736130867,3.2448903902110646,-1.4028579318727132,0.6811197735074531,3.045160156449634,,,0.0,,0.9340931976519243,0.0008590676974134162,15.542582594437654,0.9633538682060523,15.54258259443764,0.963353868206052
0.0,0.31787390821833167,-1.146100489871527,3.240546051199463,-1.4025956539673998,0.681162317887155,3.0494330203597353,,,0.0,,0.933919651774208,0.0008580881530438411,15.55688892531718,0.9632561601462158,15.556888925317159,0.9632561601462155
0.0,0.31817764944600196,-1.1451454061299677,3.2362083401658257,-1.4023327232252039,0.681204976040052,3.053711612017778,,,0.0,,0.9337456697559365,0.0008571092956495212,15.57120696961829,0.9631581973916973,15.571206969618277,0.9631581973916968
0.0,0.31848168091055884,-1.144190322388408,3.2318772480809197,-1.4020691382799408,0.6812477482601481,3.0579959380258916,,,0.0,,0.9335712506874813,0.000856131124359523,15.585536731649059,0.9630599793613505,15.585536731649045,0.96305997936135
0.0,0.318786002889335,-1.1432352386468483,3.227552765928695,-1.4018048977639948,0.6812906348421085,3.062286004989487,,,0.0,,0.9333963936582573,0.0008551536383043019,15.59987821569906,0.9629615054731031,15.599878215699048,0.9629615054731026
0.0,0.3190906156599285,-1.1422801549052886,3.223234884706257,-1.4015400003083245,0.6813336360812603,3.0665818195172454,,,0.0,,0.9332210977567288,0.0008541768366157056,15.614231426039344,0.9628627751439574,15.614231426039323,0.9628627751439569
0.0,0.31939551950020234,-1.1413250711637293,3.2189235954238495,-1.4012744445424743,0.6813767522735942,3.070883388221099,,,0.0,,0.9330453620704134,0.0008532007184269774,15.628596366922292,0.9627637877899909,15.628596366922277,0.9627637877899905
0.0,0.31970071468828554,-1.1403699874221696,3.2146188891048295,-1.4010082290945747,0.6814199837157647,3.0751907177162185,,,0.0,,0.9328691856858862,0.0008522252828727551,15.642973042581636,0.9626645428263575,15.642973042581614,0.9626645428263569
0.0,0.3200062015025724,-1.1394149036806098,3.210320756785655,-1.400741352591356,0.6814633307050918,3.0795038146209897,,,0.0,,0.9326925676887852,0.0008512505290890802,15.657361457232255,0.9625650396672876,15.657361457232236,0.9625650396672871
0.0,0.3203119802217235,-1.13845981993905,3.2060291895158595,-1.4004738136581507,0.6815067935395613,3.083822685556997,,,0.0,,0.932515507163816,0.0008502764562133959,15.671761615070203,0.9624652777260899,15.671761615070182,0.9624652777260895
0.0,0.3206180511246654,-1.1375047361974908,3.201744178358035,-1.4002056109189043,0.6815503725178267,3.08814733714901,,,0.0,,0.9323380031947567,0.0008493030633845539,15.686173520272533,0.9623652564151519,15.686173520272504,0.9623652564151515
0.0,0.3209244144905917,-1.136549652455931,3.1974657143878074,-1.399936742996178,0.681594067939209,3.092477776024964,,,0.0,,0.9321600548644615,0.0008483303497428124,15.700597176997297,0.9622649751459404,15.700597176997269,0.96226497514594
0.0,0.32123107059896233,-1.1355945687143714,3.1931937886938213,-1.3996672085111606,0.6816378801036985,3.0968140088159415,,,0.0,,0.9319816612548673,0.0008473583144298443,15.7150325893834,0.9621644333290031,15.71503258938338,0.9621644333290028
0.0,0.32153801972950424,-1.134639484972812,3.188928392377722,-1.3993970060836736,0.6816818093119558,3.101156042156152,,,0.0,,0.9318028214469974,0.0008463869565887377,15.729479761550548,0.962063630373969,15.729479761550529,0.9620636303739688
0.0,0.32184526216221215,-1.1336844012312524,3.1846695165541243,-1.3991261343321777,0.6817258558653124,3.1055038826829255,,,0.0,,0.9316235345209665,0.0008454162753639974,15.743938697599178,0.9619625656895497,15.743938697599157,0.9619625656895495
0.0,0.3221527981773478,-1.1327293174896926,3.1804171523506075,-1.3988545918737827,0.6817700200657719,3.109857537036678,,,0.0,,0.9314437995559863,0.0008444462699015514,15.758409401610328,0.9618612386835401,15.758409401610306,0.96186123868354
0.0,0.32246062805544107,-1.131774233748133,3.1761712909076847,-1.3985823773242532,0.6818143022160108,3.114217011860908,,,0.0,,0.9312636156303704,0.0008434769393487516,15.772891877645588,0.9617596487628195,15.772891877645566,0.9617596487628195
0.0,0.32276875207728944,-1.1308191500065736,3.1719319233787906,-1.3983094892980166,0.6818587026193795,3.118582313802166,,,0.0,,0.9310829818215386,0.0008425082828543777,15.787386129747011,0.9616577953333527,15.787386129746983,0.9616577953333527
0.0,0.32307717052395946,-1.129864066265014,3.167699040930251,-1.398035926408171,0.6819032215799038,3.1229534495100517,,,0.0,,0.9309018972060226,0.0008415402995686383,15.801892161937033,0.9615556778001908,15.801892161937005,0.9615556778001908
0.0,0.32338588367678556,-1.1289089825234542,3.163472634741275,-1.3977616872664926,0.6819478594022851,3.127330425637183,,,0.0,,0.930720360859471,0.0008405729886431773,15.816409978218372,0.9614532955674724,15.816409978218344,0.9614532955674725
0.0,0.3236948918173714,-1.1279538987818944,3.15925269600393,-1.3974867704834442,0.6819926163919016,3.131713248839179,,,0.0,,0.9305383718566547,0.0008396063492310747,15.830939582573956,0.9613506480384245,15.830939582573935,0.9613506480384246
0.0,0.3240041952275893,-1.1269988150403352,3.1550392159231206,-1.397211174668182,0.6820374928548094,3.136101925774646,,,0.0,,0.9303559292714721,0.0008386403804868509,15.845480978966842,0.961247734615364,15.84548097896682,0.9612477346153641
0.0,0.32431379418958145,-1.1260437312987754,3.1508321857165686,-1.3969348984285632,0.6820824890977439,3.1404964631051633,,,0.0,,0.9301730321769535,0.0008376750815664669,15.860034171340141,0.9611445546996977,15.86003417134012,0.9611445546996978
0.0,0.32462368898575944,-1.1250886475572157,3.146631596614797,-1.3966579403711563,0.6821276054281198,3.1448968674952518,,,0.0,,0.9299896796452678,0.0008367104516273315,15.874599163616894,0.9610411076919251,15.874599163616866,0.9610411076919251
0.0,0.32493387989880446,-1.124133563815656,3.1424374398611077,-1.3963802991012464,0.6821728421540327,3.149303145612366,,,0.0,,0.9298058707477266,0.0008357464898283022,15.889175959700015,0.9609373929916377,15.889175959699987,0.9609373929916378
0.0,0.325244367211668,-1.1231784800740967,3.1382497067115653,-1.3961019732228446,0.6822181995842599,3.1537153041268664,,,0.0,,0.9296216045547901,0.0008347831953296883,15.903764563472185,0.9608334099975218,15.903764563472171,0.9608334099975219
0.0,0.3255551512075722,-1.122223396332537,3.1340683884349674,-1.3958229613386963,0.6822636780282614,3.158133349712015,,,0.0,,0.9294368801360731,0.0008338205672932536,15.918364978795847,0.9607291581073581,15.918364978795832,0.9607291581073581
0.0,0.3258662321700094,-1.1212683125909773,3.129893476312838,-1.3955432620502886,0.6823092777961809,3.1625572890439417,,,0.0,,0.9292516965603493,0.0008328586048822217,15.932977209512995,0.9606246367180242,15.93297720951298,0.9606246367180241
0.0,0.32617761038274284,-1.120313228849418,3.125724961639403,-1.3952628739578594,0.6823549991988466,3.166987128801628,,,0.0,,0.9290660528955579,0.0008318973072612768,15.94760125944517,0.9605198452254949,15.947601259445149,0.9605198452254948
0.0,0.3264892861298074,-1.1193581451078582,3.121562835721562,-1.394981795660405,0.6824008425477723,3.1714228756669,,,0.0,,0.9288799482088079,0.0008309366735965676,15.96223713239335,0.960414783024844,15.962237132393328,0.9604147830248438
0.0,0.3268012596955088,-1.1184030613662985,3.117407089878885,-1.3947000257556892,0.6824468081551582,3.17586453632439,,,0.0,,0.9286933815663851,0.0008299767030557107,15.976884832137886,0.9603094495102448,15.976884832137857,0.9603094495102447
0.0,0.3271135313644247,-1.1174479776247388,3.113257715443579,-1.3944175628402509,0.6824928963338923,3.180312117461535,,,0.0,,0.928506352033757,0.0008290173948077945,15.991544362438363,0.9602038440749723,15.991544362438335,0.9602038440749722
0.0,0.32742610142140455,-1.1164928938831795,3.109114703760478,-1.3941344055094145,0.6825391073975504,3.1847656257685424,,,0.0,,0.9283188586755784,0.000828058748023381,16.006215727033563,0.9600979661114039,16.006215727033542,0.9600979661114037
0.0,0.3277389701515703,-1.1155378101416198,3.104978046187012,-1.3938505523572948,0.682585441660398,3.189225067938386,,,0.0,,0.9281309005556971,0.0008271007618745086,16.02089892964139,0.9599918150110204,16.020898929641362,0.9599918150110203
0.0,0.32805213784031595,-1.11458272640006,3.100847734093202,-1.39356600197681,0.6826318994373911,3.1936904506667716,,,0.0,,0.9279424767371605,0.0008261434355346977,16.035593973958726,0.9598853901644081,16.035593973958697,0.959885390164408
0.0,0.32836560477330845,-1.1136276426585003,3.09672375886163,-1.3932807529596882,0.6826784810441764,3.198161780652127,,,0.0,,0.9277535862822202,0.0008251867681789521,16.050300863661366,0.9597786909612593,16.050300863661338,0.9597786909612592
0.0,0.32867937123648744,-1.112672558916941,3.0926061118874264,-1.3929948038964752,0.6827251867970932,3.202639064595575,,,0.0,,0.9275642282523384,0.0008242307589837628,16.065019602403954,0.9596717167903743,16.065019602403932,0.9596717167903742
0.0,0.3289934375160663,-1.1117174751753813,3.088494784578239,-1.3927081533765457,0.6827720170131736,3.2071223092009262,,,0.0,,0.9273744017081944,0.00082327540712711,16.079750193819898,0.9595644670396625,16.07975019381987,0.9595644670396622
0.0,0.3293078038985314,-1.1107623914338216,3.08438976835423,-1.3924207999881109,0.682818972010144,3.211611521174642,,,0.0,,0.9271841057096893,0.0008223207117884686,16.094492641521224,0.9594569410961432,16.094492641521196,0.959456941096143
0.0,0.32962247067064304,-1.1098073076922623,3.080291054648047,-1.3921327423182273,0.6828660521064256,3.2161067072258254,,,0.0,,0.9269933393159531,0.0008213666721488102,16.109246949098534,0.9593491383459481,16.109246949098512,0.9593491383459479
0.0,0.32993743811943566,-1.1088522239507026,3.0761986349047983,-1.391843978952806,0.6829132576211355,3.220607874066203,,,0.0,,0.92680210158535,0.0008204132873906054,16.12401312012096,0.9592410581743221,16.12401312012094,0.9592410581743219
0.0,0.3302527065322178,-1.1078971402091429,3.0721125005820484,-1.391554508476623,0.6829605888740877,3.2251150284100953,,,0.0,,0.9266103915754847,0.0008194605566978287,16.138791158135977,0.9591326999656247,16.138791158135955,0.9591326999656243
0.0,0.3305682761965725,-1.1069420564675831,3.068032643149787,-1.3912643294733258,0.6830080461857941,3.2296281769744035,,,0.0,,0.9264182083432092,0.0008185084792559619,16.153581066669382,0.9590240631033311,16.15358106666935,0.9590240631033308
0.0,0.33088414740035765,-1.1059869727260239,3.063959054090415,-1.3909734405254452,0.683055629877465,3.2341473264785843,,,0.0,,0.9262255509446276,0.0008175570542519966,16.168382849225164,0.958915146970035,16.168382849225136,0.9589151469700344
0.0,0.33120032043170644,-1.1050318889844641,3.0598917248987196,-1.3906818402144037,0.6831033402710105,3.2386724836446383,,,0.0,,0.9260324184351032,0.0008166062808744356,16.183196509285487,0.9588059509474482,16.18319650928546,0.9588059509474477
0.0,0.331516795579027,-1.1040768052429044,3.055830647081863,-1.390389527120524,0.6831511776890412,3.2432036551970795,,,0.0,,0.9258388098692649,0.0008156561583133006,16.19802205031051,0.958696474416404,16.198022050310488,0.9586964744164035
0.0,0.33183357313100337,-1.1031217215013447,3.051775812159358,-1.3900964998230398,0.683199142454869,3.247740847862916,,,0.0,,0.925644724301013,0.0008147066857601323,16.21285947573837,0.9585867167568574,16.212859475738348,0.9585867167568567
0.0,0.332150653376595,-1.1021666377597854,3.047727211663051,-1.3898027569001048,0.6832472348925084,3.252284068371634,,,0.0,,0.9254501607835259,0.0008137578624079949,16.227708788985044,0.9584766773478869,16.227708788985016,0.9584766773478861
0.0,0.33246803660503804,-1.1012115540182257,3.043684837137098,-1.389508296928802,0.683295455326677,3.256833323455179,,,0.0,,0.9252551183692661,0.0008128096874514781,16.242569993444295,0.9583663555676966,16.242569993444267,0.9583663555676958
0.0,0.33278572310584464,-1.100256470276666,3.0396486801379536,-1.3892131184851537,0.6833438040827968,3.2613886198479225,,,0.0,,0.9250595961099869,0.0008118621600867027,16.257443092487545,0.9582557507936172,16.257443092487517,0.9582557507936165
0.0,0.33310371316880366,-1.0993013865351062,3.035618732234345,-1.3889172201441313,0.6833922814869946,3.2659499642866545,,,0.0,,0.9248635930567392,0.0008109152795113222,16.272328089463812,0.9581448624021082,16.27232808946379,0.9581448624021074
0.0,0.3334220070839807,-1.098346302793547,3.03159498500726,-1.3886206004796646,0.6834408878661035,3.27051736351055,,,0.0,,0.9246671082598771,0.0008099690449245272,16.28722498769963,0.9580336897687588,16.28722498769961,0.9580336897687579
0.0,0.33374060514171894,-1.0973912190519872,3.027577430049914,-1.3883232580646525,0.6834896235476633,3.275090824261165,,,0.0,,0.9244701407690656,0.0008090234555270477,16.30213379049894,0.9579222322682899,16.30213379049891,0.9579222322682892
0.0,0.3340595076326387,-1.0964361353104275,3.023566058967749,-1.3880251914709718,0.6835384888599217,3.279670353282396,,,0.0,,0.9242726896332865,0.0008080785105211571,16.317054501142977,0.9578104892745561,16.317054501142948,0.9578104892745555
0.0,0.3343787148476379,-1.0954810515688682,3.019560863378405,-1.3877263992694888,0.6835874841318351,3.284255957320466,,,0.0,,0.9240747539008448,0.000807134209110677,16.33198712289021,0.9576984601605472,16.331987122890183,0.9576984601605466
0.0,0.3346982270778928,-1.0945259678273085,3.0155618349116944,-1.387426880030067,0.6836366096930696,3.288847643123914,,,0.0,,0.9238763326193767,0.0008061905505009772,16.34693165897627,0.957586144298389,16.34693165897625,0.9575861442983885
0.0,0.3350180446148576,-1.0935708840857488,3.011568965209599,-1.38712663232158,0.6836858658740017,3.2934454174435532,,,0.0,,0.9236774248358547,0.0008052475338989826,16.36188811261382,0.9574735410593467,16.361888112613794,0.9574735410593463
0.0,0.3353381677502651,-1.092615800344189,3.0075822459262382,-1.3868256547119202,0.6837352530057194,3.298049287032464,,,0.0,,0.9234780295965959,0.000804305158513175,16.37685648699247,0.9573606498138253,16.37685648699244,0.9573606498138251
0.0,0.3356585967761266,-1.0916607166026298,3.0036016687278573,-1.386523945768008,0.6837847714200226,3.3026592586459627,,,0.0,,0.9232781459472674,0.0008033634235535969,16.391836785278684,0.957247469931372,16.391836785278663,0.9572474699313719
0.0,0.3359793319847329,-1.09070563286107,2.999627225292799,-1.386221504055806,0.6838344214494251,3.307275339041595,,,0.0,,0.9230777729328948,0.0008024223282318542,16.406829010615734,0.9571340007806778,16.406829010615706,0.9571340007806777
0.0,0.33630037366865384,-1.0897505491195103,2.995658907311497,-1.385918328140324,0.6838842034271541,3.3118975349790922,,,0.0,,0.9228769095978678,0.0008014818717611205,16.421833166123523,0.9570202417295792,16.421833166123495,0.9570202417295792
0.0,0.3366217221207388,-1.0887954653779506,2.99169670648645,-1.3856144165856337,0.683934117687152,3.316525853220367,,,0.0,,0.9226755549859477,0.0008005420533561408,16.436849254898586,0.9569061921450606,16.43684925489855,0.9569061921450606
0.0,0.33694337763411686,-1.0878403816363913,2.9877406145322043,-1.3853097679548785,0.6839841645640771,3.321160300529479,,,0.0,,0.9224737081402747,0.0007996028722332346,16.4518772800139,0.9567918513932552,16.45187728001388,0.9567918513932552
0.0,0.3372653405021976,-1.0868852978948316,2.98379062317533,-1.3850043808102823,0.6840343443933043,3.3258008836726263,,,0.0,,0.9222713681033745,0.000798664327610298,16.466917244518932,0.9566772188394477,16.466917244518893,0.9566772188394477
0.0,0.3375876110186707,-1.0859302141532718,2.9798467241544113,-1.3846982537131625,0.6840846575109262,3.330447609418106,,,0.0,,0.9220685339171659,0.0007977264187068106,16.481969151439348,0.9565622938480758,16.481969151439312,0.9565622938480758
0.0,0.33791018947750623,-1.0849751304117126,2.975908909220024,-1.3843913852239393,0.6841351042537535,3.3351004845363033,,,0.0,,0.9218652046229678,0.0007967891447438356,16.4970330037771,0.9564470757827322,16.497033003777073,0.9564470757827324
0.0,0.3382330761729558,-1.0840200466701528,2.9719771701347097,-1.3840837739021468,0.6841856849593165,3.3397595157996705,,,0.0,,0.9216613792615059,0.0007958525049440246,16.51210880451027,0.9563315640061669,16.51210880451024,0.9563315640061669
0.0,0.33855627139955163,-1.0830649629285931,2.9680514986729682,-1.3837754183064448,0.6842363999658658,3.344424709982693,,,0.0,,0.921457056872921,0.0007949164985316221,16.527196556592937,0.9562157578802882,16.52719655659291,0.9562157578802882
0.0,0.33887977545210757,-1.0821098791870334,2.9641318866212325,-1.3834663169946284,0.6842872496123726,3.3490960738618756,,,0.0,,0.9212522364967757,0.0007939811247324674,16.54229626295514,0.9560996567661658,16.5422962629551,0.9560996567661658
0.0,0.33920358862571903,-1.081154795445474,2.960218325777853,-1.383156468523641,0.6843382342385306,3.3537736142157164,,,0.0,,0.921046917172062,0.0007930463827739998,16.557407926502727,0.9559832600240322,16.557407926502687,0.955983260024032
0.0,0.3395277112157639,-1.0801997117039144,2.95631080795307,-1.3828458714495824,0.6843893541847555,3.358457337824689,,,0.0,,0.920841097937208,0.0007921122718852595,16.572531550117343,0.9558665670132845,16.572531550117304,0.9558665670132843
0.0,0.3398521435179017,-1.0792446279623547,2.9524093249690093,-1.3825345243277238,0.6844406097921875,3.3631472514712093,,,0.0,,0.9206347778300867,0.0007911787912968948,16.587667136656254,0.9557495770924871,16.587667136656226,0.9557495770924869
0.0,0.34017688582807476,-1.078289544220795,2.9485138686596533,-1.382222425712516,0.6844920014026904,3.3678433619396193,,,0.0,,0.9204279558880225,0.0007902459402411628,16.602814688952318,0.9556322896193734,16.60281468895229,0.9556322896193732
0.0,0.34050193844250803,-1.0773344604792356,2.9446244308708263,-1.381909574157603,0.6845435293588539,3.372545676016162,,,0.0,,0.9202206311477993,0.000789313717951935,16.61797420981382,0.9555147039508479,16.6179742098138,0.9555147039508477
0.0,0.3408273016577099,-1.076379376737676,2.9407410034601704,-1.3815959682158307,0.6845951940039936,3.377254200488963,,,0.0,,0.9200128026456675,0.0007883821236646981,16.63314570202447,0.9553968194429883,16.63314570202445,0.955396819442988
0.0,0.34115297577047166,-1.0754242929961162,2.9368635782971366,-1.381281606439262,0.6846469956821523,3.381968942147996,,,0.0,,0.9198044694173525,0.0007874511566165608,16.64832916834322,0.9552786354510475,16.648329168343192,0.9552786354510474
0.0,0.34147896107786824,-1.074469209254557,2.9329921472629596,-1.380966487379185,0.6846989347381004,3.386689907785067,,,0.0,,0.9195956304980617,0.000786520816046256,16.663524611504197,0.9551601513294566,16.663524611504176,0.9551601513294564
0.0,0.34180525787725885,-1.0735141255129972,2.929126702250637,-1.3806506095861273,0.6847510115173371,3.3914171041937924,,,0.0,,0.9193862849224927,0.0007855911011941433,16.67873203421667,0.9550413664318256,16.678732034216633,0.9550413664318255
0.0,0.3421318664662864,-1.0725590417714375,2.925267235164917,-1.3803339716098668,0.6848032263660911,3.396150538169569,,,0.0,,0.9191764317248414,0.0007846620113022151,16.693951439164824,0.9549222801109468,16.6939514391648,0.9549222801109467
0.0,0.3424587871428783,-1.0716039580298777,2.921413737922277,-1.3800165719994413,0.6848555796313216,3.4008902165095534,,,0.0,,0.9189660699388087,0.0007837335456140982,16.709182829007815,0.9548028917187966,16.709182829007787,0.9548028917187965
0.0,0.3427860202052466,-1.0706488742883185,2.917566202450906,-1.3796984093031646,0.6849080716607185,3.405636146012633,,,0.0,,0.9187551985976097,0.0007828057033750583,16.724426206379558,0.954683200606538,16.72442620637952,0.9546832006065379
0.0,0.3431135659518887,-1.0696937905467587,2.9137246206906804,-1.3793794820686358,0.6849607028027044,3.410388333479417,,,0.0,,0.9185438167339811,0.0007818784838320033,16.73968157388868,0.9545632061245222,16.73968157388866,0.954563206124522
0.0,0.3434414246815867,-1.068738706805199,2.9098889845931546,-1.3790597888427507,0.685013473406434,3.415146785712193,,,0.0,,0.9183319233801892,0.0007809518862334872,16.75494893411846,0.9544429076222916,16.754948934118424,0.9544429076222913
0.0,0.34376959669340856,-1.0677836230636393,2.9060592861215375,-1.3787393281717164,0.6850663838217961,3.419911509514912,,,0.0,,0.918119517568038,0.0007800259098297139,16.770228289626626,0.9543223044485819,16.770228289626594,0.9543223044485816
0.0,0.3440980822867076,-1.06682853932208,2.9022355172506753,-1.378418098601062,0.6851194343994137,3.424682511693163,,,0.0,,0.9179065983288778,0.0007791005538725413,16.78551964294536,0.9542013959513244,16.78551964294533,0.9542013959513239
0.0,0.3444268817611238,-1.0658734555805203,2.8984176699670283,-1.3780960986756496,0.6851726254906453,3.429459799054155,,,0.0,,0.9176931646936124,0.0007781758176154829,16.800822996581186,0.9540801814776481,16.800822996581157,0.9540801814776476
0.0,0.34475599541658297,-1.0649183718389605,2.894605736268662,-1.3777733269396895,0.6852259574475852,3.4342433784066766,,,0.0,,0.917479215692708,0.000777251700313714,16.81613835301481,0.9539586603738825,16.816138353014786,0.953958660373882
0.0,0.3450854235532977,-1.0639632880974008,2.8907997081652197,-1.377449781936751,0.6852794306230646,3.4390332565610877,,,0.0,,0.9172647503562019,0.0007763282012240749,16.831465714701118,0.9538368319855602,16.83146571470109,0.9538368319855596
0.0,0.3454151664717672,-1.0630082043558415,2.8869995776779116,-1.3771254622097744,0.6853330453706528,3.443829440329281,,,0.0,,0.9170497677137096,0.0007754053196050735,16.846805084068958,0.9537146956574185,16.846805084068937,0.9537146956574178
0.0,0.3457452244727783,-1.0620531206142818,2.8832053368394868,-1.376800366301085,0.6853868020446569,3.448631936524672,,,0.0,,0.9168342667944341,0.000774483054716889,16.86215646352119,0.9535922507334025,16.862156463521167,0.9535922507334017
0.0,0.3460755978574048,-1.061098036872722,2.879416977694226,-1.3764744927524044,0.6854407010001237,3.4534407519621584,,,0.0,,0.9166182466271743,0.0007735614058213773,16.87751985543447,0.9534694965566672,16.877519855434443,0.9534694965566664
0.0,0.3464062869270083,-1.0601429531311628,2.875634492297918,-1.376147840104864,0.6854947425928399,3.4582558934581034,,,0.0,,0.9164017062403331,0.0007726403721820743,16.892895262159175,0.9533464324695808,16.89289526215916,0.95334643246958
0.0,0.34673729198323866,-1.059187869389603,2.8718578727178357,-1.3758204068990176,0.6855489271793332,3.4630773678303135,,,0.0,,0.9161846446619262,0.000771719953064197,16.9082826860194,0.953223057813726,16.908282686019373,0.9532230578137251
0.0,0.3470686133280336,-1.0582327856480434,2.868087111032729,-1.3754921916748546,0.6856032551168728,3.467905181898005,,,0.0,,0.9159670609195901,0.0007708001477346512,16.923682129312688,0.9530993719299035,16.923682129312656,0.9530993719299025
0.0,0.3474002512636195,-1.0572777019064836,2.8643221993328,-1.3751631929718122,0.6856577267634703,3.4727393424817814,,,0.0,,0.9157489540405921,0.0007698809554620328,16.93909359431009,0.952975374158134,16.939093594310066,0.9529753741581332
0.0,0.3477322060925113,-1.0563226181649243,2.860563129719687,-1.3748334093287895,0.6857123424778804,3.4775798564036084,,,0.0,,0.9155303230518376,0.0007689623755166323,16.954517083255997,0.9528510638376617,16.954517083255965,0.9528510638376609
0.0,0.34806447811751356,-1.0553675344233646,2.856809894306439,-1.3745028392841596,0.6857671026196019,3.482426730486796,,,0.0,,0.9153111669798791,0.0007680444071704382,16.96995259836803,0.9527264403069554,16.96995259836801,0.9527264403069547
0.0,0.34839706764171974,-1.054412450681805,2.85306248521751,-1.3741714813757837,0.6858220075488785,3.4872799715559566,,,0.0,,0.9150914848509263,0.0007671270496971407,16.985400141836998,0.9526015029037127,16.985400141836976,0.9526015029037121
0.0,0.348729974968513,-1.0534573669402452,2.849320894588733,-1.3738393341410229,0.6858770576266988,3.4921395864369913,,,0.0,,0.9148712756908525,0.0007662103023721371,17.000859715826746,0.9524762509648617,17.000859715826714,0.9524762509648612
0.0,0.3490632004015662,-1.0525022831986859,2.8455851145673035,-1.373506396116754,0.6859322532147983,3.497005581957058,,,0.0,,0.9146505385252057,0.0007652941644725336,17.01633132247402,0.952350683826564,17.016331322474,0.9523506838265636
0.0,0.34939674424484296,-1.0515471994571262,2.8418551373117564,-1.3731726658393797,0.6859875946756593,3.501877964944554,,,0.0,,0.9144292723792169,0.0007643786352771494,17.031814963888525,0.9522248008242172,17.031814963888504,0.952224800824217
0.0,0.3497306068025968,-1.0505921157155664,2.838130954991959,-1.3728381418448463,0.6860430823725117,3.506756742229077,,,0.0,,0.9142074762778087,0.0007634637140665215,17.047310642152656,0.9520986012924585,17.04731064215262,0.9520986012924583
0.0,0.35006478837937205,-1.0496370319740072,2.8344125597890844,-1.3725028226686526,0.6860987166693339,3.5116419206414062,,,0.0,,0.9139851492456046,0.000762549400122909,17.06281835932145,0.9519720845651661,17.062818359321412,0.951972084565166
0.0,0.3503992892800044,-1.0486819482324474,2.830699943895591,-1.3721667068458676,0.6861544979308538,3.5165335070134813,,,0.0,,0.913762290306938,0.0007616356927302937,17.078338117422543,0.951845249975463,17.07833811742251,0.9518452499754629
0.0,0.3507341098096204,-1.0477268644908877,2.8269930995152155,-1.3718297929111414,0.6862104265225494,3.521431508178362,,,0.0,,0.9135388984858617,0.0007607225911743879,17.093869918456015,0.9517180968557195,17.093869918455994,0.9517180968557195
0.0,0.3510692502736383,-1.046771780749328,2.8232920188629445,-1.3714920793987206,0.686266502810649,3.526335930970213,,,0.0,,0.9133149728061568,0.0007598100947426365,17.10941376439432,0.9515906245375562,17.10941376439428,0.9515906245375562
0.0,0.3514047109777681,-1.0458166970077687,2.819596694165003,-1.371153564842462,0.6863227271621328,3.531246782224269,,,0.0,,0.9130905122913424,0.0007588982027242205,17.1249696571821,0.9514628323518464,17.124969657182067,0.9514628323518464
0.0,0.3517404922280123,-1.044861613266209,2.8159071176588273,-1.3708142477758463,0.6863790999447331,3.5361640687768228,,,0.0,,0.912865515964684,0.0007579869144100609,17.140537598736262,0.9513347196287195,17.140537598736223,0.9513347196287195
0.0,0.35207659433066546,-1.0439065295246492,2.8122232815930603,-1.3704741267319915,0.6864356215269349,3.5410877974651767,,,0.0,,0.9126399828492039,0.0007570762290928237,17.15611759094567,0.9512062856975637,17.156117590945648,0.9512062856975637
0.0,0.35241301759231475,-1.0429514457830895,2.8085451782275235,-1.3701332002436688,0.6864922922779773,3.54601797512763,,,0.0,,0.9124139119676901,0.0007561661460669224,17.17170963567123,0.9510775298870292,17.171709635671196,0.9510775298870291
0.0,0.3527497623198404,-1.0419963620415302,2.8048727998332033,-1.3697914668433162,0.6865491125678533,3.55095460860345,,,0.0,,0.9121873023427061,0.0007552566646285238,17.18731373474563,0.9509484515250306,17.18731373474559,0.9509484515250305
0.0,0.35308682882041614,-1.0410412782999705,2.8012061386922276,-1.3694489250630506,0.6866060827673116,3.555897704732845,,,0.0,,0.9119601529965997,0.0007543477840755485,17.202929889973348,0.9508190499387502,17.202929889973326,0.95081904993875
0.0,0.35342421740150887,-1.0400861945584108,2.7975451870978567,-1.369105573434686,0.6866632032478562,3.5608472703569314,,,0.0,,0.9117324629515139,0.0007534395037076786,17.218558103130537,0.9506893244546415,17.218558103130515,0.9506893244546413
0.0,0.3537619283708794,-1.039131110816851,2.793889937354459,-1.368761410489745,0.6867204743817479,3.565803312317711,,,0.0,,0.911504231229395,0.0007525318228263593,17.23419837596487,0.9505592743984312,17.234198375964848,0.9505592743984309
0.0,0.3540999620365824,-1.0381760270752918,2.7902403817774974,-1.368416434759475,0.6867778965420045,3.5707658374580404,,,0.0,,0.9112754568520036,0.0007516247407348042,17.249850710195474,0.9504288990951235,17.249850710195442,0.9504288990951232
0.0,0.3544383187069675,-1.037220943333732,2.786596512693502,-1.3680706447748614,0.686835470102402,3.575734852621612,,,0.0,,0.9110461388409236,0.0007507182567379969,17.265515107512844,0.9502981978690019,17.26551510751281,0.9502981978690017
0.0,0.3547769986906784,-1.0362658595921723,2.7829583224400665,-1.367724039066644,0.6868931954374748,3.580710364652914,,,0.0,,0.9108162762175726,0.0007498123701426977,17.281191569578713,0.9501671700436336,17.28119156957868,0.9501671700436334
0.0,0.3551160022966538,-1.035310775850613,2.779325803365821,-1.367376616165331,0.6869510729225169,3.585692380397207,,,0.0,,0.9105858680032107,0.0007489070802574469,17.296880098025955,0.9500358149418716,17.296880098025923,0.9500358149418715
0.0,0.3554553298341279,-1.0343556921090533,2.775698947830412,-1.367028374601213,0.6870091029335818,3.590680906700502,,,0.0,,0.9103549132189519,0.0007480023863925659,17.312580694458497,0.9499041318858585,17.312580694458465,0.9499041318858583
0.0,0.35579498161263023,-1.0334006083674936,2.772077748204494,-1.3666793129043797,0.6870672858474842,3.595675950409526,,,0.0,,0.910123410885773,0.000747098287860166,17.328293360451227,0.9497721201970294,17.328293360451188,0.9497721201970293
0.0,0.35613495794198585,-1.0324455246259339,2.7684621968697036,-1.3663294296047341,0.6871256220417999,3.6006775183716924,,,0.0,,0.9098913600245239,0.0007461947839741481,17.344018097549817,0.9496397791961153,17.344018097549785,0.9496397791961153
0.0,0.3564752591323161,-1.0314904408843746,2.7648522862186478,-1.3659787232320075,0.6871841118948667,3.605685617435075,,,0.0,,0.9096587596559379,0.0007452918740502098,17.35975490727075,0.9495071082031464,17.359754907270712,0.9495071082031463
0.0,0.3568158854940388,-1.0305353571428149,2.761248008654878,-1.3656271923157737,0.6872427557857854,3.6107002544483864,,,0.0,,0.9094256088006414,0.0007443895574058459,17.37550379110109,0.9493741065374549,17.37550379110105,0.9493741065374548
0.0,0.3571568373378682,-1.0295802734012551,2.757649356592881,-1.3652748353854676,0.6873015540944197,3.615721436260937,,,0.0,,0.9091919064791646,0.000743487833360356,17.391264750498454,0.9492407735176789,17.391264750498415,0.9492407735176788
0.0,0.3574981149748153,-1.0286251896596954,2.754056322458057,-1.364921650970397,0.6873605072013977,3.6207491697226146,,,0.0,,0.9089576517119516,0.0007425867012348465,17.407037786890886,0.9491071084617655,17.407037786890857,0.9491071084617654
0.0,0.3578397187161884,-1.0276701059181361,2.7504688986867043,-1.3645676375997602,0.6874196154881121,3.625783461683851,,,0.0,,0.9087228435193705,0.0007416861603522349,17.42282290167675,0.9489731106869742,17.422822901676728,0.948973110686974
0.0,0.3581816488735936,-1.0267150221765764,2.746887077725994,-1.3642127938026605,0.6874788793367208,3.6308243189956024,,,0.0,,0.9084874809217238,0.0007407862100372538,17.43862009622468,0.94883877950988,17.43862009622464,0.9488387795098797
0.0,0.35852390575893434,-1.0257599384350167,2.743310852033965,-1.3638571181081216,0.6875382991301479,3.6358717485093077,,,0.0,,0.9082515629392592,0.0007398868496164546,17.454429371873335,0.9487041142463772,17.45442937187331,0.9487041142463768
0.0,0.35886648968441204,-1.0248048546934574,2.7397402140794966,-1.363500609045106,0.6875978752520838,3.6409257570768636,,,0.0,,0.9080150885921797,0.0007389880784182131,17.470250729931497,0.9485691142116829,17.470250729931458,0.9485691142116823
0.0,0.35920940096252696,-1.0238497709518977,2.7361751563422922,-1.3631432651425266,0.6876576080869866,3.6459863515506066,,,0.0,,0.907778056900654,0.0007380898957727302,17.48608417167777,0.9484337787203397,17.48608417167775,0.9484337787203391
0.0,0.3595526399060775,-1.022894687210338,2.732615671312866,-1.3627850849292655,0.6877174980200819,3.6510535387832648,,,0.0,,0.9075404668848277,0.0007371923010120402,17.501929698360644,0.9482981070862203,17.501929698360623,0.9482981070862195
0.0,0.359896206828161,-1.0219396034687782,2.7290617514925217,-1.36242606693419,0.687777545437364,3.6561273256279425,,,0.0,,0.9073023175648334,0.0007362952934700113,17.517787311198266,0.9481620986225302,17.517787311198244,0.9481620986225292
0.0,0.36024010204217394,-1.020984519727219,2.7255133893933383,-1.362066209686167,0.6878377507255965,3.661207718938084,,,0.0,,0.9070636079608015,0.0007353988724823517,17.53365701137838,0.9480257526418114,17.533657011378356,0.9480257526418104
0.0,0.3605843258618127,-1.0200294359856592,2.721970577538145,-1.3617055117140802,0.6878981142723123,3.6662947255674494,,,0.0,,0.9068243370928712,0.0007345030373866119,17.54953880005827,0.9478890684559464,17.549538800058247,0.9478890684559454
0.0,0.360928878601073,-1.0190743522440995,2.718433308460513,-1.3613439715468458,0.6879586364658152,3.6713883523700814,,,0.0,,0.906584503981201,0.0007336077875221904,17.56543267836457,0.9477520453761614,17.565432678364555,0.9477520453761603
0.0,0.36127376057425054,-1.0181192685025398,2.7149015747047325,-1.3609815877134304,0.6880193176951797,3.676488606200272,,,0.0,,0.9063441076459798,0.0007327131222303373,17.581338647393235,0.9476146827130297,17.58133864739321,0.9476146827130287
0.0,0.3616189720959415,-1.0171641847609805,2.7113753688258,-1.360618358742865,0.6880801583502518,3.6815954939125364,,,0.0,,0.9061031471074377,0.0007318190408541577,17.597256708209365,0.9474769797764762,17.597256708209333,0.9474769797764753
0.0,0.36196451348104286,-1.0162091010194207,2.70785468338939,-1.3602542831642626,0.6881411588216501,3.6867090223615913,,,0.0,,0.905861621385857,0.0007309255427386159,17.61318686184716,0.9473389358757801,17.613186861847137,0.9473389358757793
0.0,0.3623103850447522,-1.015254017277861,2.704339510971852,-1.3598893595068364,0.6882023195007655,3.6918291984023064,,,0.0,,0.9056195295015834,0.0007300326272305403,17.629129109309815,0.9472005503195793,17.62912910930979,0.9472005503195786
0.0,0.3626565871025684,-1.0142989335363013,2.7008298441601823,-1.3595235862999129,0.6882636407797627,3.696956028889688,,,0.0,,0.9053768704750369,0.0007291402936786269,17.64508345156937,0.9470618224158739,17.645083451569338,0.9470618224158736
0.0,0.3630031199702915,-1.013343849794742,2.6973256755520136,-1.3591569620729518,0.6883251230515799,3.7020895206788436,,,0.0,,0.9051336433267232,0.0007282485414334435,17.661049889566588,0.9469227514720302,17.661049889566563,0.94692275147203
0.0,0.363349983964024,-1.0123887660531823,2.6938269977555884,-1.3587894853555613,0.6883867667099303,3.707229680624956,,,0.0,,0.9048898470772443,0.0007273573698474325,17.677028424210988,0.9467833367947838,17.677028424210956,0.9467833367947837
0.0,0.36369717940017,-1.0114336823116226,2.6903338033897533,-1.358421154677516,0.6884485721493019,3.712376515583245,,,0.0,,0.9046454807473107,0.0007264667782749174,17.693019056380543,0.9466435776902443,17.69301905638052,0.9466435776902443
0.0,0.3640447065954356,-1.0104785985700633,2.6868460850839346,-1.3580519685687722,0.6885105397649585,3.717530032408939,,,0.0,,0.9044005433577521,0.0007255767660721057,17.70902178692173,0.9465034734638986,17.709021786921706,0.9465034734638987
0.0,0.36439256586683033,-1.0095235148285036,2.6833638354781177,-1.3576819255594874,0.6885726699529401,3.7226902379572557,,,0.0,,0.9041550339295288,0.0007246873325970917,17.72503661664937,0.9463630234206152,17.725036616649337,0.9463630234206154
0.0,0.36474075753166607,-1.0085684310869438,2.6798870472228393,-1.3573110241800346,0.6886349631100637,3.727857139083352,,,0.0,,0.9039089514837432,0.0007237984772098628,17.741063546346453,0.9462222268646473,17.741063546346425,0.9462222268646476
0.0,0.36508928190755796,-1.007613347345384,2.6764157129791637,-1.3569392629610222,0.6886974196339233,3.7330307426423057,,,0.0,,0.9036622950416519,0.0007229101992723022,17.757102576764176,0.946081083099638,17.757102576764147,0.9460810830996385
0.0,0.36543813931242464,-1.0066582636038248,2.6729498254186677,-1.3565666404333108,0.6887600399228911,3.738211055489078,,,0.0,,0.9034150636246762,0.0007220224981481945,17.773153708621713,0.9459395914286232,17.773153708621674,0.9459395914286236
0.0,0.36578733006448894,-1.005703179862265,2.669489377223417,-1.356193155128028,0.6888228243761176,3.7433980844784944,,,0.0,,0.9031672562544144,0.0007211353732032265,17.789216942606174,0.9457977511540359,17.789216942606135,0.9457977511540363
0.0,0.3661368544822772,-1.0047480961207054,2.66603436108596,-1.35581880557659,0.6888857733935324,3.7485918364651942,,,0.0,,0.9029188719526534,0.0007202488238049956,17.805292279372445,0.9456555615777102,17.80529227937242,0.9456555615777107
0.0,0.3664867128846203,-1.0037930123791456,2.6625847697093037,-1.3554435903107167,0.6889488873758445,3.753792318303615,,,0.0,,0.9026699097413804,0.000719362849323011,17.821379719543184,0.945513022000886,17.821379719543145,0.9455130220008864
0.0,0.36683690559065385,-1.0028379286375864,2.659140595806898,-1.3550675078624494,0.689012166724543,3.758999536847949,,,0.0,,0.9024203686427947,0.0007184774491286992,17.83747926370855,0.9453701317242121,17.837479263708516,0.9453701317242124
0.0,0.36718743291981865,-1.0018828448960266,2.655701832102613,-1.3546905567641698,0.6890756118418976,3.764213498952127,,,0.0,,0.9021702476793193,0.0007175926225954064,17.853590912426263,0.9452268900477506,17.853590912426238,0.9452268900477508
0.0,0.36753829519186026,-1.000927761154467,2.652268471330734,-1.3543127355486164,0.6891392231309589,3.769434211469769,,,0.0,,0.901919545873613,0.0007167083690984052,17.86971466622142,0.9450832962709814,17.86971466622138,0.9450832962709815
0.0,0.36788949272682986,-0.9999726774129076,2.6488405062359344,-1.3539340427489037,0.6892030009955594,3.774661681254161,,,0.0,,0.9016682622485827,0.0007158246880148967,17.88585052558634,0.9449393496928064,17.885850525586307,0.9449393496928064
0.0,0.3682410258450849,-0.9990175936713479,2.6454179295732576,-1.3535544768985401,0.6892669458403136,3.7798959151582303,,,0.0,,0.9014163958273947,0.0007149415787240153,17.901998490980578,0.9447950496115528,17.90199849098054,0.9447950496115528
0.0,0.36859289486728847,-0.9980625099297882,2.642000734108109,-1.353174036531445,0.6893310580706183,3.7851369200344958,,,0.0,,0.9011639456334877,0.0007140590406068332,17.91815856283068,0.9446503953249786,17.91815856283066,0.9446503953249785
0.0,0.36894510011441023,-0.9971074261882285,2.63858891261623,-1.3527927201819687,0.689395338092654,3.790384702735049,,,0.0,,0.9009109106905838,0.0007131770730463638,17.93433074153023,0.9445053861302759,17.93433074153019,0.9445053861302759
0.0,0.36929764190772635,-0.9961523424466692,2.635182457883688,-1.352410526384908,0.689459786313384,3.7956392701115154,,,0.0,,0.9006572900227019,0.0007122956754275669,17.950515027439533,0.9443600213240759,17.950515027439508,0.9443600213240759
0.0,0.36965052056882053,-0.9951972587051094,2.6317813627068496,-1.3520274536755283,0.6895244031405564,3.8009006290150316,,,0.0,,0.9004030826541691,0.000711414847137351,17.966711420885765,0.9442143002024525,17.966711420885744,0.9442143002024526
0.0,0.37000373641958323,-0.9942421749635497,2.628385619892374,-1.351643500589579,0.6895891889827034,3.806168786296199,,,0.0,,0.9001482876096333,0.00071053458756458,17.982919922162658,0.944068222060927,17.982919922162626,0.9440682220609271
0.0,0.3703572897822126,-0.99328709122199,2.6249952222571906,-1.3512586656633134,0.6896541442491423,3.811443748805058,,,0.0,,0.8998929039140756,0.0007096548961000748,17.999140531530447,0.9439217861944728,17.999140531530415,0.9439217861944729
0.0,0.3707111809792147,-0.9923320074804307,2.621610162628483,-1.3508729474335077,0.6897192693499758,3.8167255233910566,,,0.0,,0.899636930592823,0.0007087757721366204,18.01537324921583,0.9437749918975192,18.0153732492158,0.9437749918975193
0.0,0.3710654103334039,-0.991376923738871,2.618230433843669,-1.350486344437478,0.689784564696093,3.8220141169030186,,,0.0,,0.89938036667156,0.0007078972150689661,18.031618075411775,0.9436278384639563,18.031618075411753,0.9436278384639564
0.0,0.3714199781679029,-0.9904218399973113,2.614856028750389,-1.3500988552131012,0.6898500306991687,3.827309536189104,,,0.0,,0.8991232111763425,0.0007070192242938333,18.047875010277487,0.943480325187139,18.047875010277444,0.9434803251871391
0.0,0.371774884806143,-0.989466756255752,2.6114869402064875,-1.3497104782988336,0.689915667771665,3.832611788096776,,,0.0,,0.8988654631336092,0.0007061417992099185,18.064144053938175,0.9433324513598923,18.064144053938143,0.9433324513598923
0.0,0.37213013057186495,-0.9885116725141923,2.6081231610799898,-1.349321212233728,0.6899814763268313,3.8379208794727813,,,0.0,,0.8986071215701948,0.000705264939217896,18.080425206485124,0.9431842162745149,18.080425206485092,0.9431842162745148
0.0,0.37248571578911854,-0.9875565887726325,2.6047646842490946,-1.3489310555574552,0.6900474567787043,3.8432368171630995,,,0.0,,0.8983481855133428,0.0007043886437204243,18.09671846797543,0.9430356192227841,18.096718467975407,0.943035619222784
0.0,0.3728416407822633,-0.9866015050310728,2.6014115026021507,-1.3485400068103215,0.6901136095421092,3.8485596080129176,,,0.0,,0.8980886539907182,0.0007035129121221496,18.113023838431975,0.9428866594959611,18.113023838431943,0.9428866594959607
0.0,0.3731979058759684,-0.9856464212895135,2.5980636090376446,-1.3481480645332902,0.6901799350326598,3.8538892588665954,,,0.0,,0.8978285260304205,0.000702637743829709,18.129341317843252,0.9427373363847943,18.129341317843213,0.9427373363847937
0.0,0.37355451139521395,-0.9846913375479538,2.594720996464175,-1.3477552272679973,0.6902464336667588,3.8592257765676363,,,0.0,,0.8975678006609958,0.0007017631382517349,18.145670906163346,0.9425876491795249,18.145670906163314,0.9425876491795242
0.0,0.37391145766529,-0.9837362538063941,2.591383657800447,-1.3473614935567741,0.6903131058615981,3.8645691679586447,,,0.0,,0.8973064769114509,0.0007008890947988606,18.162012603311748,0.9424375971698914,18.162012603311727,0.9424375971698905
0.0,0.3742687450117975,-0.9827811700648343,2.588051585975249,-1.3469668619426665,0.6903799520351597,3.8699194398812966,,,0.0,,0.897044553811266,0.0007000156128837234,18.178366409173293,0.9422871796451341,18.178366409173268,0.9422871796451332
0.0,0.37462637376064856,-0.9818260863232751,2.584724773927436,-1.3465713309694527,0.6904469726062157,3.8752765991763067,,,0.0,,0.8967820303904072,0.0006991426919209693,18.194732323598,0.9421363958940002,18.194732323597968,0.9421363958939992
0.0,0.37498434423806704,-0.9808710025817153,2.581403214605912,-1.3461748991816647,0.6905141679943286,3.880640652683395,,,0.0,,0.89651890567934,0.000698270331327255,18.211110346401004,0.9419852452047481,18.21111034640099,0.9419852452047469
0.0,0.3753426567705881,-0.9799159188401556,2.578086900969618,-1.3457775651246071,0.6905815386198524,3.886011607241249,,,0.0,,0.896255178709043,0.000697398530521256,18.22750047736247,0.9418337268651525,18.227500477362444,0.9418337268651513
0.0,0.375701311685059,-0.9789608350985959,2.5747758259875093,-1.3453793273443782,0.6906490849039318,3.8913894696874887,,,0.0,,0.8959908485110206,0.0006965272889236675,18.2439027162274,0.9416818401625094,18.243902716227367,0.9416818401625082
0.0,0.3760603093086393,-0.9780057513570366,2.5714699826385434,-1.344980184387889,0.6907168072685038,3.8967742468586364,,,0.0,,0.8957259141173164,0.0006956566059572111,18.26031706270557,0.9415295843836405,18.26031706270554,0.9415295843836394
0.0,0.3764196499688016,-0.9770506676154769,2.568169363911658,-1.3445801348028827,0.6907847061362972,3.902165945590081,,,0.0,,0.8954603745605264,0.0006947864810466354,18.276743516471463,0.9413769588148985,18.276743516471438,0.9413769588148975
0.0,0.37677933399333086,-0.9760955838739171,2.5648739628057595,-1.3441791771379572,0.6908527819308333,3.907564572716042,,,0.0,,0.8951942288738132,0.0006939169136187249,18.29318207716409,0.9412239627421718,18.293182077164065,0.9412239627421709
0.0,0.37713936171032525,-0.9751405001323579,2.561583772329706,-1.3437773099425825,0.6909210350764263,3.9129701350695294,,,0.0,,0.8949274760909186,0.0006930479031023006,18.309632744386896,0.9410705954508896,18.309632744386874,0.9410705954508889
0.0,0.3774997334481971,-0.9741854163907981,2.5582987855022825,-1.3433745317671228,0.6909894659981837,3.918382639482325,,,0.0,,0.8946601152461776,0.0006921794489282251,18.3260955177077,0.9409168562260268,18.326095517707675,0.9409168562260264
0.0,0.3778604495356718,-0.9732303326492384,2.555018995352196,-1.3429708411628571,0.6910580751220062,3.923802092784928,,,0.0,,0.8943921453745324,0.0006913115505294079,18.342570396658505,0.9407627443521092,18.342570396658473,0.9407627443521089
0.0,0.37822151030178935,-0.9722752489076787,2.55174439491805,-1.342566236681999,0.6911268628745885,3.92922850180653,,,0.0,,0.8941235655115451,0.0006904442073408085,18.359057380735447,0.9406082591132182,18.35905738073541,0.9406082591132182
0.0,0.37858291607590366,-0.9713201651661194,2.548474977248334,-1.3421607168777179,0.6911958296834195,3.9346618733749783,,,0.0,,0.8938543746934126,0.0006895774187994413,18.375556469398642,0.9404533997929965,18.3755564693986,0.9404533997929966
0.0,0.37894466718768405,-0.9703650814245597,2.545210735401398,-1.341754280304157,0.6912649759767827,3.9401022143167443,,,0.0,,0.8935845719569789,0.0006887111843443781,18.39206766207213,0.9402981656746521,18.392067662072098,0.9402981656746524
0.0,0.37930676396711427,-0.969409997683,2.5419516624454466,-1.3413469255164603,0.6913343021837562,3.94554953145688,,,0.0,,0.8933141563397512,0.0006878455034167552,18.40859095814371,0.940142556040965,18.408590958143677,0.9401425560409653
0.0,0.3796692067444936,-0.9684549139414402,2.538697751458516,-1.3409386510707866,0.6914038087342134,3.9510038316189857,,,0.0,,0.8930431268799115,0.0006869803754597749,18.42512635696488,0.9399865701742909,18.42512635696483,0.9399865701742914
0.0,0.3800319958504368,-0.967499830199881,2.535448995528458,-1.3405294555243357,0.6914734960588229,3.9564651216251767,,,0.0,,0.8927714826163322,0.0006861157999187124,18.441673857850628,0.9398302073565676,18.44167385785059,0.9398302073565682
0.0,0.38039513161587485,-0.9665447464583212,2.5322053877529225,-1.340119337435365,0.6915433645890493,3.961933408296049,,,0.0,,0.8924992225885887,0.0006852517762409157,18.458233460079477,0.9396734668693193,18.458233460079438,0.93967346686932
0.0,0.38075861437205477,-0.9655896627167615,2.5289669212393453,-1.339708295363215,0.6916134147571531,3.9674086984506336,,,0.0,,0.8922263458369754,0.0006843883038758149,18.47480516289322,0.9395163479936626,18.474805162893187,0.9395163479936631
0.0,0.3811224444505398,-0.9646345789752022,2.525733589104928,-1.3392963278683272,0.6916836469961911,3.9728909989063705,,,0.0,,0.8919528514025183,0.0006835253822749236,18.491388965496924,0.9393588500103112,18.491388965496874,0.9393588500103117
0.0,0.3814866221832106,-0.9636794952336425,2.5225053844766188,-1.3388834335122681,0.6917540617400165,3.9783803164790705,,,0.0,,0.8916787383269896,0.0006826630108918426,18.50798486705872,0.9392009721995817,18.50798486705869,0.9392009721995822
0.0,0.3818511479022646,-0.9627244114920828,2.519282300491103,-1.3384696108577478,0.6918246594232798,3.983876657982874,,,0.0,,0.8914040056529223,0.0006818011891822659,18.52459286670981,0.9390427138413989,18.52459286670976,0.9390427138413994
0.0,0.3822160219402166,-0.961769327750523,2.5160643302947814,-1.338054858468645,0.6918954404814278,3.98938003023022,,,0.0,,0.8911286524236246,0.0006809399166039841,18.541212963544186,0.9388840742153011,18.541212963544144,0.9388840742153013
0.0,0.3825812446298991,-0.9608142440089638,2.5128514670437556,-1.3376391749100247,0.6919664053507055,3.9948904400318037,,,0.0,,0.8908526776831939,0.0006800791926168887,18.557845156618715,0.9387250526004454,18.557845156618672,0.9387250526004456
0.0,0.3829468163044631,-0.959859160267404,2.5096437039038078,-1.3372225587481625,0.692037554468155,4.000407894196552,,,0.0,,0.890576080476531,0.0006792190166829748,18.574489444952892,0.9385656482756134,18.574489444952842,0.9385656482756135
0.0,0.3833127372973774,-0.9589040765258443,2.506441034050391,-1.3368050085505663,0.6921088882716163,4.00593239953157,,,0.0,,0.8902988598493558,0.0006783593882663481,18.591145827528756,0.9384058605192168,18.591145827528713,0.9384058605192168
0.0,0.38367900794242976,-0.9579489927842846,2.5032434506686077,-1.3363865228859975,0.6921804071997277,4.011463962842117,,,0.0,,0.8900210148482207,0.0006775003068332274,18.607814303290816,0.9382456886093027,18.607814303290766,0.9382456886093027
0.0,0.3840456285737265,-0.9569939090427253,2.5000509469531957,-1.3359671003244933,0.6922521116919254,4.017002590931561,,,0.0,,0.889742544520526,0.0006766417718519493,18.62449487114586,0.9380851318235592,18.624494871145824,0.9380851318235593
0.0,0.3844125995256938,-0.9560388253011656,2.496863516108507,-1.3355467394373872,0.6923240021884445,4.022548290601353,,,0.0,,0.8894634479145341,0.000675783782792971,18.641187529962988,0.9379241894393212,18.64118752996295,0.9379241894393213
0.0,0.38477992113307696,-0.9550837415596058,2.493681151348498,-1.3351254387973344,0.6923960791303184,4.028101068650976,,,0.0,,0.8891837240793844,0.000674926339128877,18.65789227857332,0.9377628607335757,18.657892278573282,0.937762860733576
0.0,0.3851475937309412,-0.9541286578180461,2.4905038458967113,-1.3347031969783314,0.6924683429593799,4.0336609318779155,,,0.0,,0.8889033720651084,0.000674069440334381,18.674609115770014,0.9376011449829679,18.674609115769975,0.9376011449829681
0.0,0.38551561765467185,-0.9531735740764868,2.4873315929862563,-1.3342800125557395,0.6925407941182605,4.039227887077619,,,0.0,,0.8886223909226445,0.0006732130858863324,18.691338040308086,0.9374390414638065,18.691338040308047,0.9374390414638069
0.0,0.38588399323997513,-0.9522184903349271,2.484164385859792,-1.333855884106306,0.6926134330503914,4.0448019410434695,,,0.0,,0.8883407797038525,0.0006723572752637176,18.708079050904352,0.9372765494520697,18.708079050904303,0.93727654945207
0.0,0.38625272082287754,-0.9512634065933674,2.4810022177695177,-1.3334308102081889,0.6926862602000028,4.050383100566726,,,0.0,,0.8880585374615291,0.0006715020079476663,18.724832146237247,0.9371136682234107,18.724832146237205,0.937113668223411
0.0,0.3866218007397267,-0.9503083228518081,2.477845081977151,-1.3330047894409776,0.6927592760121251,4.055971372436505,,,0.0,,0.887775663249423,0.0006706472834214562,18.74159732494678,0.9369503970531639,18.74159732494675,0.9369503970531642
0.0,0.38699123332719215,-0.9493532391102484,2.4746929717539103,-1.3325778203857155,0.6928324809325881,4.061566763439736,,,0.0,,0.8874921561222495,0.0006697931011705143,18.75837458563441,0.9367867352163503,18.758374585634368,0.9367867352163505
0.0,0.38736101892226454,-0.9483981553686887,2.4715458803805026,-1.3321499016249247,0.6929058754080218,4.067169280361124,,,0.0,,0.8872080151357065,0.0006689394606824243,18.77516392686287,0.9366226819876837,18.775163926862827,0.9366226819876838
0.0,0.3877311578622568,-0.9474430716271289,2.468403801147106,-1.331721031742627,0.6929794598858564,4.072778929983109,,,0.0,,0.8869232393464886,0.0006680863614469288,18.7919653471561,0.9364582366415766,18.791965347156065,0.9364582366415765
0.0,0.38810165048480394,-0.9464879878855696,2.4652667273533533,-1.331291209324368,0.6930532348143221,4.078395719085823,,,0.0,,0.886637827812304,0.0006672338029559347,18.80877884499918,0.9362933984521457,18.808778844999146,0.9362933984521454
0.0,0.3884724971278641,-0.9455329041440099,2.4621346523083116,-1.330860432957239,0.6931272006424498,4.084019654447075,,,0.0,,0.886351779591888,0.0006663817847035157,18.825604418838147,0.9361281666932182,18.82560441883812,0.9361281666932179
0.0,0.3888436981297179,-0.9445778204024502,2.459007569330473,-1.330428701229902,0.6932013578200708,4.08965074284228,,,0.0,,0.8860650937450202,0.0006655303061859186,18.842442067079904,0.9359625406383382,18.84244206707987,0.9359625406383376
0.0,0.3892152538289693,-0.9436227366608905,2.4558854717477345,-1.329996012732611,0.693275706797817,4.095288991044446,,,0.0,,0.8857777693325386,0.0006646793669015659,18.859291788092087,0.9357965195607719,18.859291788092055,0.935796519560771
0.0,0.3895871645645457,-0.9426676529193312,2.4527683528973836,-1.3295623660572362,0.6933502480271214,4.100934405824117,,,0.0,,0.8854898054163561,0.0006638289663510609,18.876153580203013,0.9356301027335143,18.87615358020298,0.9356301027335133
0.0,0.3899594306756988,-0.9417125691777715,2.4496562061260754,-1.3291277597972877,0.6934249819602175,4.106586993949354,,,0.0,,0.8852012010594755,0.0006629791040371906,18.893027441701513,0.9354632894292948,18.893027441701484,0.9354632894292937
0.0,0.3903320525020041,-0.9407574854362117,2.4465490247898285,-1.328692192547938,0.6934999090501399,4.112246762185676,,,0.0,,0.8849119553260055,0.0006621297794649314,18.90991337083683,0.9352960789205841,18.909913370836797,0.9352960789205829
0.0,0.3907050303833614,-0.9398024016946525,2.443446802254,-1.3282556629060478,0.6935750297507245,4.117913717296031,,,0.0,,0.8846220672811765,0.0006612809921414532,18.92681136581849,0.9351284704795996,18.926811365818466,0.9351284704795982
0.0,0.39107836465999585,-0.9388473179530927,2.4403495318932675,-1.3278181694701858,0.6936503445166079,4.123587866040762,,,0.0,,0.8843315359913557,0.000660432741576121,18.94372142481626,0.9349604633783116,18.943721424816243,0.9349604633783104
0.0,0.3914520556724573,-0.937892234211533,2.437257207091622,-1.3273797108406573,0.6937258538032284,4.129269215177558,,,0.0,,0.8840403605240642,0.0006595850272805029,18.96064354595995,0.9347920568884507,18.960643545959925,0.9347920568884494
0.0,0.391826103761621,-0.9369371504699733,2.4341698212423446,-1.3269402856195238,0.6938015580668252,4.134957771461415,,,0.0,,0.8837485399479915,0.0006587378487683715,18.977577727339312,0.9346232502815123,18.977577727339288,0.9346232502815112
0.0,0.392200509268688,-0.935982066728414,2.4310873677479945,-1.3264998924106308,0.693877457764439,4.1406535416446015,,,0.0,,0.8834560733330129,0.0006578912055557091,18.994523967003975,0.9344540428287644,18.99452396700395,0.9344540428287635
0.0,0.39257527253518554,-0.9350269829868543,2.4280098400203856,-1.326058529819627,0.6939535533539121,4.146356532476624,,,0.0,,0.8831629597502038,0.0006570450971607115,19.01148226296331,0.9342844338012533,19.011482262963284,0.9342844338012526
0.0,0.392950393902967,-0.9340718992452945,2.424937231480581,-1.3256161964539939,0.6940298452938878,4.152066750704172,,,0.0,,0.8828691982718575,0.0006561995231037923,19.02845261318628,0.9341144224698096,19.028452613186253,0.9341144224698092
0.0,0.39332587371421246,-0.9331168155037348,2.421869535558869,-1.3251728909230658,0.6941063340438111,4.15778420307109,,,0.0,,0.8825747879715005,0.0006553544829075869,19.045435015601385,0.9339440081050556,19.04543501560136,0.9339440081050555
0.0,0.3937017123114288,-0.9321617317621755,2.418806745694752,-1.324728611838057,0.6941830200639285,4.163508896318335,,,0.0,,0.8822797279239089,0.0006545099760969572,19.062429468096504,0.9337731899774111,19.062429468096468,0.9337731899774112
0.0,0.39407791003745074,-0.9312066480206158,2.415748855336924,-1.3242833578120836,0.6942599038152881,4.169240837183939,,,0.0,,0.8819840172051238,0.0006536660021989947,19.079435968518784,0.9336019673570995,19.07943596851876,0.9336019673570999
0.0,0.39445446723544,-0.9302515642790561,2.412695857943262,-1.3238371274601903,0.6943369857597392,4.17498003240296,,,0.0,,0.8816876548924694,0.0006528225607430253,19.096454514674587,0.9334303395141555,19.096454514674544,0.933430339514156
0.0,0.3948313842488862,-0.9292964805374968,2.409647746980807,-1.3233899193993737,0.694414266359933,4.180726488707449,,,0.0,,0.8813906400645681,0.0006519796512606136,19.11348510432925,0.9332583057184305,19.113485104329214,0.933258305718431
0.0,0.3952086614216078,-0.9283413967959371,2.4066045159257436,-1.3229417322486068,0.6944917460793218,4.186480212826414,,,0.0,,0.8810929718013571,0.0006511372732855664,19.130527735207128,0.9330858652395994,19.130527735207092,0.9330858652396001
0.0,0.3955862990977512,-0.9273863130543774,2.4035661582633923,-1.3224925646288652,0.6945694253821597,4.192241211485768,,,0.0,,0.8807946491841048,0.0006502954263539366,19.14758240499137,0.9329130173471679,19.147582404991326,0.9329130173471687
0.0,0.39596429762179186,-0.9264312293128176,2.400532667488187,-1.3220424151631507,0.6946473047335022,4.198009491408297,,,0.0,,0.8804956712954283,0.0006494541100040294,19.164649111323815,0.9327397613104785,19.164649111323772,0.9327397613104794
0.0,0.3963426573385342,-0.9254761455712583,2.3975040371036647,-1.321591282476516,0.694725384599206,4.20378505931361,,,0.0,,0.8801960372193087,0.0006486133237764032,19.18172785180491,0.9325660963987176,19.18172785180487,0.9325660963987183
0.0,0.3967213785931126,-0.9245210618296986,2.3944802606224393,-1.3211391651960909,0.6948036654459294,4.2095679219181195,,,0.0,,0.8798957460411088,0.0006477730672138759,19.19881862399363,0.9323920218809212,19.19881862399359,0.9323920218809221
0.0,0.3971004617309907,-0.9235659780881389,2.3914613315661994,-1.3206860619511065,0.694882147741132,4.215358085934971,,,0.0,,0.8795947968475888,0.000646933339861528,19.215921425407252,0.9322175370259834,19.21592142540721,0.9322175370259842
0.0,0.39747990709796255,-0.9226108943465792,2.388447243465682,-1.3202319713729207,0.6949608319530746,4.221155558074027,,,0.0,,0.8792931887269249,0.0006460941412667077,19.233036253521345,0.9320426411026617,19.23303625352132,0.9320426411026623
0.0,0.3978597150401523,-0.9216558106050199,2.3854379898606632,-1.3197768920950441,0.6950397185508191,4.226960345041808,,,0.0,,0.8789909207687241,0.0006452554709790343,19.250163105769637,0.9318673333795845,19.2501631057696,0.9318673333795849
0.0,0.39823988590401543,-0.9207007268634602,2.3824335642999346,-1.3193208227531636,0.6951188080042289,4.232772453541466,,,0.0,,0.878687992064042,0.0006444173285504011,19.26730197954384,0.9316916131252576,19.267301979543806,0.931691613125258
0.0,0.3986204200363379,-0.9197456431219004,2.3794339603412955,-1.3188637619851704,0.6951981007839679,4.238591890272735,,,0.0,,0.8783844017054003,0.0006435797135349816,19.28445287219361,0.9315154796080717,19.284452872193576,0.9315154796080719
0.0,0.39900131778423736,-0.9187905593803407,2.376439171551533,-1.3184057084311833,0.6952775973615015,4.244418661931888,,,0.0,,0.8780801487868032,0.0006427426254892329,19.301615781026385,0.9313389320963086,19.30161578102635,0.9313389320963088
0.0,0.3993825794951627,-0.9178354756387814,2.3734491915064084,-1.3179466607335752,0.6953572982090954,4.250252775211696,,,0.0,,0.8777752324037544,0.0006419060639718987,19.31879070330729,0.9311619698581487,19.318790703307254,0.9311619698581489
0.0,0.3997642055168956,-0.9168803918972217,2.370464013790636,-1.3174866175369997,0.6954372037998163,4.256094236801399,,,0.0,,0.8774696516532745,0.0006410700285440138,19.335977636259038,0.9309845921616776,19.335977636259013,0.930984592161678
0.0,0.40014619619754943,-0.915925308155662,2.367483631997873,-1.3170255774884156,0.6955173146075316,4.261943053386645,,,0.0,,0.8771634056339186,0.0006402345187689093,19.353176577061806,0.9308067982748939,19.353176577061763,0.9308067982748942
0.0,0.4005285518855701,-0.9149702244141027,2.364508039730705,-1.3165635392371133,0.6955976311069089,4.267799231649457,,,0.0,,0.8768564934457926,0.0006393995342122156,19.370387522853036,0.930628587465715,19.37038752285301,0.9306285874657154
0.0,0.4009112729297373,-0.914015140672543,2.361537230600621,-1.3161005014347407,0.6956781537734161,4.273662778268197,,,0.0,,0.8765489141905715,0.0006385650744418651,19.387610470727516,0.9304499590019853,19.38761047072748,0.9304499590019859
0.0,0.40129435967916294,-0.9130600569309832,2.3585711982280078,-1.31563646273533,0.6957588830833216,4.279533699917515,,,0.0,,0.8762406669715159,0.0006377311390280993,19.40484541773706,0.930270912151483,19.404845417737025,0.9302709121514836
0.0,0.40167781248329326,-0.9121049731894235,2.35560993624213,-1.315171421795323,0.6958398195136936,4.285412003268306,,,0.0,,0.8759317508934907,0.0006368977275434704,19.422092360890517,0.9300914461819272,19.422092360890485,0.9300914461819277
0.0,0.4020616316919079,-0.9111498894478642,2.352653438281114,-1.314705377273597,0.6959209635424001,4.291297694987675,,,0.0,,0.875622165062981,0.0006360648395628466,19.439351297153603,0.929911560360985,19.439351297153568,0.9299115603609855
0.0,0.40244581765512133,-0.9101948057063045,2.349701697991931,-1.314238327831493,0.6960023156481089,4.297190781738894,,,0.0,,0.8753119085881108,0.0006352324746634139,19.456622223448832,0.929731253956279,19.456622223448797,0.9297312539562794
0.0,0.4028303707233821,-0.9092397219647448,2.3467547090303844,-1.31377027213284,0.6960838763102871,4.303091270181352,,,0.0,,0.8750009805786603,0.0006344006324246834,19.473905136655354,0.9295505262353942,19.47390513665532,0.9295505262353947
0.0,0.4032152912474738,-0.9082846382231851,2.3438124650610934,-1.3133012088439824,0.6961656460092014,4.308999166970516,,,0.0,,0.8746893801460836,0.0006335693124284927,19.491200033608873,0.9293693764658864,19.491200033608838,0.9293693764658866
0.0,0.4036005795785149,-0.9073295544816258,2.340874959757477,-1.3128311366338077,0.6962476252259173,4.314914478757891,,,0.0,,0.8743771064035264,0.0006327385142590116,19.50850691110149,0.9291878039152879,19.508506911101463,0.9291878039152879
0.0,0.40398623606796,-0.906374470740066,2.3379421868017345,-1.3123600541737703,0.6963298144422992,4.320837212190978,,,0.0,,0.8740641584658433,0.0006319082375027429,19.525825765881677,0.929005807851116,19.52582576588165,0.9290058078511158
0.0,0.4043722610675991,-0.9054193869985063,2.3350141398848367,-1.3118879601379223,0.6964122141410103,4.326767373913223,,,0.0,,0.8737505354496169,0.0006310784817485311,19.543156594654075,0.9288233875408801,19.543156594654047,0.9288233875408798
0.0,0.40475865492955815,-0.904464303256947,2.332090812706508,-1.3114148532029368,0.6964948248055121,4.332704970563981,,,0.0,,0.8734362364731744,0.0006302492465875629,19.560499394079386,0.9286405422520898,19.560499394079354,0.9286405422520891
0.0,0.4051454180063002,-0.9035092195153873,2.3291721989752046,-1.310940732048136,0.6965776469200642,4.338650008778475,,,0.0,,0.8731212606566062,0.0006294205316133711,19.577854160774326,0.9284572712522609,19.577854160774297,0.92845727125226
0.0,0.4055325506506246,-0.9025541357738276,2.326258292408108,-1.310465595355519,0.6966606809697242,4.344602495187744,,,0.0,,0.8728056071217837,0.0006285923364218403,19.595220891311442,0.9282735738089243,19.595220891311417,0.9282735738089232
0.0,0.40592005321566793,-0.9015990520322679,2.3233490867311057,-1.309989441809789,0.6967439274403475,4.350562436418604,,,0.0,,0.8724892749923777,0.0006277646606112104,19.612599582219033,0.9280894491896332,19.612599582219016,0.9280894491896319
0.0,0.40630792605490407,-0.9006439682907086,2.320444575678775,-1.3095122700983786,0.6968273868185867,4.356529839093605,,,0.0,,0.8721722633938762,0.0006269375037820795,19.629990229981033,0.9279048966619707,19.629990229981015,0.9279048966619693
0.0,0.4066961695221451,-0.8996888845491489,2.3175447529943645,-1.3090340789114785,0.6969110595918915,4.3625047098309935,,,0.0,,0.8718545714536025,0.0006261108655374076,19.64739283103688,0.9277199154935569,19.64739283103686,0.9277199154935554
0.0,0.40708478397154085,-0.8987338008075891,2.314649612429786,-1.3085548669420657,0.6969949462485084,4.368487055244653,,,0.0,,0.8715361983007337,0.000625284745482522,19.664807381781422,0.9275345049520575,19.664807381781397,0.9275345049520559
0.0,0.4074737697575795,-0.8977787170660294,2.311759147745593,-1.308074632885929,0.6970790472774806,4.3744768819440765,,,0.0,,0.871217143066319,0.0006244591432251206,19.682233878564773,0.9273486643051907,19.682233878564755,0.9273486643051891
0.0,0.40786312723508783,-0.8968236333244701,2.308873352710969,-1.3075933754416984,0.6971633631686474,4.380474196534309,,,0.0,,0.8708974048832985,0.0006236340583752752,19.699672317692237,0.9271623928207354,19.69967231769222,0.9271623928207341
0.0,0.4082528567592324,-0.8958685495829104,2.305992221103706,-1.3071110933108703,0.6972478944126437,4.38647900561592,,,0.0,,0.8705769828865196,0.0006228094905454349,19.71712269542418,0.9269756897665391,19.717122695424152,0.9269756897665379
0.0,0.40864295868551836,-0.8949134658413507,2.3031157467101964,-1.3066277851978387,0.6973326415009004,4.39249131578494,,,0.0,,0.8702558762127585,0.0006219854393504314,19.734585007975888,0.926788554410525,19.73458500797587,0.9267885544105241
0.0,0.40903343336979087,-0.893958382099791,2.300243923325414,-1.3061434498099196,0.6974176049256434,4.39851113363283,,,0.0,,0.8699340840007364,0.0006211619044074821,19.75205925151751,0.9266009860207008,19.752059251517494,0.9266009860207003
0.0,0.4094242811682349,-0.8930032983582317,2.2973767447528988,-1.3056580858573807,0.6975027851798934,4.40453846574643,,,0.0,,0.8696116053911389,0.0006203388853361944,19.769545422173888,0.9264129838651661,19.76954542217386,0.9264129838651658
0.0,0.4098155024373764,-0.8920482146166719,2.294514204804739,-1.3051716920534695,0.6975881827574657,4.410573318707924,,,0.0,,0.8692884395266348,0.0006195163817585672,19.787043516024458,0.9262245472121199,19.78704351602444,0.9262245472121197
0.0,0.4102070975340813,-0.8910931308751122,2.291656297301561,-1.3046842671144394,0.6976737981529698,4.416615699094782,,,0.0,,0.8689645855518944,0.0006186943932989981,19.804553529103185,0.9260356753298693,19.80455352910316,0.9260356753298694
0.0,0.4105990668155566,-0.8901380471335529,2.288803016072511,-1.304195809759581,0.6977596318618088,4.422665613479723,,,0.0,,0.8686400426136082,0.0006178729195842852,19.822075457398338,0.9258463674868375,19.82207545739831,0.9258463674868377
0.0,0.41099141063935113,-0.8891829633919932,2.285954354955237,-1.3037063187112468,0.6978456843801791,4.428723068430675,,,0.0,,0.8683148098605064,0.0006170519602436307,19.839609296852508,0.925656622951571,19.839609296852483,0.9256566229515714
0.0,0.41138412936335494,-0.8882278796504335,2.2831103077958788,-1.3032157926948824,0.6979319562050703,4.434788070510718,,,0.0,,0.8679888864433768,0.0006162315149086456,19.85715504336241,0.9254664409927486,19.857155043362386,0.9254664409927491
0.0,0.41177722334580014,-0.8872727959088738,2.28027086844905,-1.302724230439053,0.6980184478342646,4.440860626278048,,,0.0,,0.8676622715150842,0.000615411583213353,19.874712692778797,0.9252758208791888,19.874712692778772,0.9252758208791895
0.0,0.41217069294526104,-0.8863177121673145,2.2774360307778223,-1.3022316306754729,0.6981051597663358,4.446940742285925,,,0.0,,0.8673349642305898,0.0006145921647941915,19.892282240906322,0.9250847618798588,19.892282240906287,0.9250847618798594
0.0,0.412564538520655,-0.8853626284257547,2.2746057886537074,-1.3017379921390333,0.69819209250065,4.4530284250826435,,,0.0,,0.8670069637469688,0.0006137732592900194,19.909863683503442,0.9248932632638813,19.909863683503417,0.924893263263882
0.0,0.4129587604312419,-0.884407544684195,2.2717801359566496,-1.3012433135678314,0.6982792465373642,4.459123681211465,,,0.0,,0.8666782692234314,0.0006129548663421182,19.927457016282343,0.9247013243005443,19.927457016282318,0.924701324300545
0.0,0.41335335903662507,-0.8834524609426353,2.2689590665750035,-1.3007475937031983,0.6983666223774264,4.465226517210588,,,0.0,,0.86634887982134,0.0006121369855941961,19.94506223490876,0.9245089442593082,19.945062234908733,0.9245089442593087
0.0,0.41374833469675126,-0.882497377201076,2.2661425744055212,-1.3002508312897303,0.6984542205225749,4.471336939613093,,,0.0,,0.8660187947042304,0.000611319616692393,19.962679335001862,0.9243161224098146,19.962679335001837,0.9243161224098151
0.0,0.4141436877719118,-0.8815422934595163,2.263330653353335,-1.299753025075313,0.6985420414753377,4.477454954946913,,,0.0,,0.8656880130378283,0.0006105027592852809,19.980308312134234,0.9241228580218944,19.98030831213421,0.9241228580218948
0.0,0.4145394186227415,-0.8805872097179566,2.2605232973319467,-1.2992541738111552,0.6986300857390324,4.483580569734763,,,0.0,,0.8653565339900716,0.0006096864130238713,19.997949161831652,0.9239291503655763,19.997949161831624,0.9239291503655765
0.0,0.41493552761022007,-0.8796321259763973,2.2577205002632086,-1.298754276251815,0.6987183538177655,4.4897137904941165,,,0.0,,0.8650243567311279,0.0006088705775616173,20.015601879573,0.9237349987110952,20.015601879572976,0.9237349987110953
0.0,0.41533201509567247,-0.8786770422348376,2.254922256077307,-1.2982533311552298,0.6988068462164316,4.495854623737151,,,0.0,,0.8646914804334139,0.000608055252554416,20.033266460790223,0.9235404023289003,20.033266460790205,0.9235404023289004
0.0,0.41572888144076847,-0.8777219584932778,2.2521285587127524,-1.297751337282745,0.6988955634407137,4.5020030759706975,,,0.0,,0.8643579042716157,0.0006072404376606138,20.05094290086814,0.9233453604896642,20.050942900868115,0.9233453604896643
0.0,0.4161261270075237,-0.8767668747517181,2.2493394021163593,-1.2972482933991436,0.6989845059970815,4.5081591536962,,,0.0,,0.8640236274227078,0.0006064261325410096,20.068631195144327,0.9231498724642909,20.068631195144302,0.9231498724642911
0.0,0.41652375215829934,-0.8758117910101588,2.246554780243234,-1.2967441982726764,0.6990736743927919,4.5143228634096655,,,0.0,,0.8636886490659724,0.000605612336858859,20.086331338909044,0.9229539375239246,20.086331338909016,0.922953937523925
0.0,0.4169217572558035,-0.8748567072685991,2.2437746870567565,-1.296239050675089,0.6991630691358881,4.52049421160163,,,0.0,,0.8633529683830194,0.0006047990502798744,20.104043327405133,0.922757554939958,20.10404332740511,0.9227575549399584
0.0,0.4173201426630903,-0.8739016235270394,2.2409991165285676,-1.2957328493816538,0.6992526907351989,4.526673204757091,,,0.0,,0.8630165845578062,0.000603986272472234,20.121767155827857,0.922560723984041,20.12176715582783,0.9225607239840415
0.0,0.41771890874356093,-0.8729465397854796,2.238228062638555,-1.2952255931711976,0.6993425397003382,4.532859849355477,,,0.0,,0.8626794967766562,0.0006031740031065811,20.1395028193248,0.9223634439280897,20.139502819324772,0.9223634439280902
0.0,0.4181180558609636,-0.8719914560439204,2.2354615193748355,-1.2947172808261336,0.6994326165417045,4.539054151870593,,,0.0,,0.8623417042282809,0.0006023622418560297,20.157250312995767,0.9221657140442946,20.157250312995743,0.922165714044295
0.0,0.4185175843793948,-0.8710363723023606,2.232699480733738,-1.2942079111324876,0.6995229217704804,4.5452561187705856,,,0.0,,0.8620032061037968,0.0006015509883961666,20.175009631892692,0.9219675336051293,20.175009631892667,0.9219675336051297
0.0,0.41891749466329814,-0.8700812885608009,2.2299419407197947,-1.2936974828799317,0.6996134558986314,4.551465756517876,,,0.0,,0.8616640015967476,0.0006007402424050561,20.19278077101949,0.9217689018833597,20.192780771019454,0.9217689018833602
0.0,0.41931778707746575,-0.8691262048192416,2.227188893345723,-1.293185994861811,0.6997042194389065,4.557683071569129,,,0.0,,0.8613240899031229,0.0005999300035632432,20.2105637253319,0.9215698181520529,20.210563725331873,0.9215698181520532
0.0,0.41971846198703866,-0.8681711210776819,2.224440332632406,-1.292673445875175,0.699795212904836,4.563908070375206,,,0.0,,0.8609834702213784,0.0005991202715537559,20.22835848973753,0.9213702816845848,20.228358489737502,0.921370281684585
0.0,0.4201195197575064,-0.8672160373361222,2.2216962526088846,-1.292159834720808,0.6998864368107325,4.570140759381106,,,0.0,,0.860642141752456,0.0005983110460621106,20.24616505909556,0.9211702917546505,20.24616505909553,0.9211702917546506
0.0,0.42052096075470774,-0.8662609535945625,2.2189566473123383,-1.2916451602032584,0.6999778916716889,4.5763811450259295,,,0.0,,0.8603001036998037,0.0005975023267763143,20.263983428216743,0.9209698476362725,20.263983428216715,0.9209698476362723
0.0,0.4209227853448311,-0.8653058698530032,2.2162215107880727,-1.2911294211308684,0.7000695780035783,4.582629233742824,,,0.0,,0.8599573552693963,0.000596694113386868,20.281813591863227,0.9207689486038095,20.28181359186321,0.9207689486038091
0.0,0.42132499389441513,-0.8643507861114434,2.213490837089499,-1.290612616315805,0.7001614963230536,4.588885031958947,,,0.0,,0.8596138956697543,0.0005958864055867699,20.29965554474855,0.9205675939319654,20.299655544748532,0.9205675939319647
0.0,0.42172758677034833,-0.8633957023698837,2.2107646202781264,-1.2900947445740911,0.7002536471475463,4.595148546095403,,,0.0,,0.8592697241119653,0.0005950792030715197,20.317509281537383,0.9203657828957988,20.31750928153736,0.9203657828957978
0.0,0.42213056433986984,-0.862440618628324,2.2080428544235433,-1.2895758047256336,0.7003460309952664,4.6014197825672065,,,0.0,,0.8589248398097036,0.000594272505539121,20.335374796845507,0.9201635147707313,20.3353747968455,0.9201635147707302
0.0,0.4225339269705696,-0.8614855348867647,2.205325533603402,-1.2890557955942563,0.7004386483852009,4.607698747783235,,,0.0,,0.8585792419792508,0.0005934663126900859,20.353252085239703,0.9199607888325575,20.353252085239692,0.9199607888325562
0.0,0.42293767503038926,-0.860530451145205,2.2026126519034035,-1.288534716007729,0.7005314998371138,4.6139854481461775,,,0.0,,0.8582329298395159,0.000592660624227436,20.371141141237594,0.9197576043574529,20.371141141237594,0.9197576043574514
0.0,0.4233418088876217,-0.8595753674036453,2.1999042034172844,-1.2880125647977974,0.7006245858715451,4.620279890052486,,,0.0,,0.8578859026120559,0.0005918554398567084,20.389041959307598,0.9195539606219842,20.38904195930759,0.9195539606219826
0.0,0.4237463289109117,-0.8586202836620855,2.1972001822468017,-1.2874893408002164,0.7007179070098098,4.626582079892326,,,0.0,,0.8575381595210961,0.000591050759285957,20.40695453386874,0.919349856903118,20.40695453386872,0.9193498569031163
0.0,0.42415123546925615,-0.8576651999205263,2.194500582501717,-1.2869650428547776,0.700811463773998,4.632892024049534,,,0.0,,0.8571896997935508,0.0005902465822257574,20.42487885929055,0.9191452924782298,20.42487885929055,0.9191452924782283
0.0,0.4245565289320052,-0.8567101161789665,2.1918053982997807,-1.2864396698053433,0.7009052566869729,4.639209728901569,,,0.0,,0.8568405226590431,0.0005894429083892074,20.442814929893096,0.9189402666251137,20.44281492989308,0.9189402666251123
0.0,0.42496220966886117,-0.8557550324374068,2.189114623766719,-1.285913220499874,0.7009992862723711,4.645535200819455,,,0.0,,0.8564906273499269,0.0005886397374919341,20.460762739946617,0.9187347786219913,20.4607627399466,0.9187347786219902
0.0,0.4253682780498799,-0.8547999486958475,2.1864282530362207,-1.285385693790463,0.7010935530546014,4.651868446167742,,,0.0,,0.8561400131013059,0.0005878370692520941,20.47872228367162,0.9185288277475215,20.478722283671612,0.9185288277475206
0.0,0.4257747344454712,-0.8538448649542878,2.183746280249914,-1.284857088533364,0.7011880575588438,4.658209471304461,,,0.0,,0.8557886791510554,0.0005870349033903769,20.496693555238718,0.9183224132808092,20.496693555238707,0.9183224132808088
0.0,0.4261815792263983,-0.8528897812127281,2.181068699557364,-1.284327403589024,0.7012828003110491,4.664558282581059,,,0.0,,0.8554366247398425,0.0005862332396300104,20.514676548768485,0.9181155345014156,20.514676548768456,0.9181155345014154
0.0,0.4265888127637789,-0.8519346974711683,2.1783955051160477,-1.2837966378221144,0.7013777818379379,4.670914886342367,,,0.0,,0.8550838491111472,0.0005854320776967612,20.53267125833131,0.9179081906893666,20.532671258331288,0.9179081906893666
0.0,0.4269964354290853,-0.8509796137296091,2.175726691091346,-1.2832647901015626,0.7014730026669994,4.677279288926538,,,0.0,,0.8547303515112831,0.0005846314173189401,20.55067767794739,0.9177003811251632,20.550677677947363,0.9177003811251634
0.0,0.4274044475941449,-0.8500245299880493,2.1730622516565212,-1.2827318593005812,0.7015684633264915,4.683651496665018,,,0.0,,0.8543761311894177,0.0005838312582274025,20.56869580158657,0.9174921050897902,20.568695801586554,0.9174921050897906
0.0,0.42781284963114036,-0.8490694462464896,2.1704021809927116,-1.2821978442967024,0.7016641643454389,4.690031515882467,,,0.0,,0.8540211873975941,0.0005830316001555544,20.58672562316821,0.9172833618647265,20.58672562316818,0.9172833618647271
0.0,0.4282216419126097,-0.8481143625049299,2.16774647328891,-1.2816627439718067,0.7017601062536329,4.696419352896738,,,0.0,,0.853665519390752,0.0005822324428393537,20.60476713656109,0.9170741507319542,20.604767136561062,0.9170741507319551
0.0,0.42863082481144704,-0.8471592787633706,2.165095122741953,-1.2811265572121557,0.7018562895816304,4.70281501401881,,,0.0,,0.8533091264267475,0.000581433786017314,20.6228203355833,0.9168644709739686,20.62282033558328,0.9168644709739695
0.0,0.42904039870090327,-0.8462041950218109,2.1624481235565,-1.2805892829084238,0.7019527148607525,4.709218505552753,,,0.0,,0.8529520077663751,0.0005806356294305062,20.640885214002168,0.9166543218737869,20.64088521400214,0.9166543218737879
0.0,0.42945036395458536,-0.8452491112802512,2.1598054699450273,-1.280050919955729,0.7020493826230846,4.715629833795664,,,0.0,,0.8525941626733892,0.000579837972822564,20.658961765534062,0.9164437027149592,20.658961765534045,0.9164437027149602
0.0,0.4298607209464572,-0.8442940275386919,2.1571671561278074,-1.279511467253666,0.7021462934014746,4.7220490050376265,,,0.0,,0.8522355904145243,0.0005790408159396852,20.677049983844373,0.9162326127815776,20.677049983844356,0.9162326127815786
0.0,0.43027147005084077,-0.8433389437971321,2.1545331763328934,-1.2789709237063356,0.7022434477295322,4.728476025561662,,,0.0,,0.8518762902595163,0.0005782441585306339,20.69514986254737,0.9160210513582856,20.695149862547336,0.9160210513582864
0.0,0.43068261164241506,-0.8423838600555724,2.15190352479611,-1.2784292882223793,0.7023408461416284,4.7349109016436755,,,0.0,,0.8515162614811239,0.0005774480003467458,20.713261395206032,0.9158090177302882,20.713261395206004,0.9158090177302889
0.0,0.4310941460962172,-0.8414287763140127,2.1492781957610343,-1.2778865597150089,0.7024384891728938,4.741353639552404,,,0.0,,0.85115550335515,0.0005766523411419291,20.731384575332047,0.9155965111833623,20.731384575332022,0.9155965111833628
0.0,0.4315060737876426,-0.8404736925724534,2.1466571834789843,-1.2773427371020398,0.7025363773592183,4.747804245549372,,,0.0,,0.8507940151604629,0.0005758571806726686,20.74951939638562,0.9153835310038656,20.7495193963856,0.9153835310038659
0.0,0.43191839509244595,-0.8395186088308937,2.144040482208997,-1.276797819305922,0.7026345112372497,4.754262725888851,,,0.0,,0.8504317961790172,0.0005750625186980274,20.76766585177542,0.9151700764787469,20.76766585177541,0.9151700764787472
0.0,0.4323311103867403,-0.838563525089334,2.141428086217825,-1.2762518052537728,0.7027328913443931,4.760729086817781,,,0.0,,0.8500688456958756,0.0005742683549796509,20.785823934858428,0.9149561468955564,20.7858239348584,0.9149561468955566
0.0,0.4327442200469985,-0.8376084413477742,2.138819989779914,-1.2757046938774093,0.7028315182188094,4.7672033345757505,,,0.0,,0.8497051629992305,0.0005734746892817692,20.803993638939815,0.914741741542455,20.80399363893979,0.9147417415424552
0.0,0.4331577244500526,-0.836653357606215,2.13621618717739,-1.2751564841133802,0.7029303923994147,4.773685475394925,,,0.0,,0.8493407473804252,0.0005726815213712001,20.82217495727288,0.9145268597082251,20.82217495727286,0.9145268597082254
0.0,0.4335716239730957,-0.8356982738646552,2.133616672700044,-1.2746071749029966,0.7030295144258791,4.780175515500016,,,0.0,,0.8489755981339746,0.0005718888510173508,20.840367883058956,0.9143115006822797,20.84036788305894,0.9143115006822802
0.0,0.4339859189936804,-0.8347431901230955,2.1310214406453207,-1.2740567651923667,0.7031288848386259,4.786673461108213,,,0.0,,0.8486097145575882,0.0005710966779922218,20.85857240944724,0.9140956637546734,20.858572409447213,0.9140956637546739
0.0,0.4344006098897205,-0.8337881063815358,2.1284304853183,-1.2735052539324272,0.7032285041788299,4.793179318429144,,,0.0,,0.8482430959521908,0.0005703050020704105,20.876788529534693,0.9138793482161117,20.876788529534664,0.9138793482161123
0.0,0.43481569703949063,-0.8328330226399765,2.1258438010316865,-1.2729526400789748,0.703328372988417,4.799693093664813,,,0.0,,0.8478757416219445,0.0005695138230291114,20.895016236365976,0.913662553357962,20.895016236365958,0.9136625533579625
0.0,0.43523118082162743,-0.8318779388984168,2.123261382105788,-1.2723989225927004,0.7034284918100633,4.806214793009576,,,0.0,,0.8475076508742693,0.0005687231406481205,20.91325552293333,0.9134452784722625,20.913255522933312,0.9134452784722631
0.0,0.4356470616151288,-0.830922855156857,2.120683222868511,-1.2718441004392194,0.7035288611871929,4.812744422650052,,,0.0,,0.8471388230198664,0.0005679329547098376,20.93150638217646,0.9132275228517339,20.931506382176433,0.9132275228517346
0.0,0.4360633397993548,-0.8299677714152978,2.118109317655339,-1.271288172589107,0.7036294816639782,4.819281988765103,,,0.0,,0.8467692573727389,0.0005671432649992696,20.94976880698237,0.913009285789789,20.94976880698234,0.9130092857897895
0.0,0.4364800157540285,-0.829012687673738,2.115539660809317,-1.2707311380179285,0.7037303537853377,4.825827497525775,,,0.0,,0.8463989532502136,0.0005663540713040313,20.968042790185354,0.9127905665805423,20.968042790185343,0.9127905665805427
0.0,0.4368970898592353,-0.8280576039321783,2.112974246681045,-1.270172995706273,0.7038314780969352,4.832380955095238,,,0.0,,0.846027909972963,0.00056556537341435,20.986328324566877,0.9125713645188215,20.98632832456686,0.9125713645188217
0.0,0.43731456249542394,-0.8271025201906186,2.1104130696286543,-1.2696137446397868,0.7039328551451792,4.8389423676287455,,,0.0,,0.8456561268650271,0.0005647771711230671,21.00462540285536,0.9123516789001771,21.00462540285535,0.9123516789001771
0.0,0.4377324340434065,-0.8261474364490593,2.1078561240178018,-1.269053383809205,0.7040344854772209,4.845511741273574,,,0.0,,0.8452836032538358,0.0005639894642256411,21.022934017726193,0.9121315090208933,21.022934017726183,0.9121315090208931
0.0,0.4381507048843596,-0.8251923527074996,2.1053034042216447,-1.2684919122103844,0.7041363696409535,4.852089082168989,,,0.0,,0.8449103384702293,0.0005632022525201487,21.041254161801604,0.9119108541779977,21.041254161801604,0.9119108541779971
0.0,0.4385693753998234,-0.8242372689659399,2.1027549046208387,-1.2679293288443372,0.7042385081850111,4.858674396446174,,,0.0,,0.8445363318484818,0.0005624155358072891,21.059585827650505,0.9116897136692722,21.059585827650487,0.9116897136692714
0.0,0.4389884459717028,-0.8232821852243801,2.1002106196035144,-1.2673656327172642,0.7043409016587672,4.865267690228186,,,0.0,,0.8441615827263224,0.0005616293138903857,21.0779290077884,0.911468086793264,21.07792900778838,0.9114680867932629
0.0,0.4394079169822676,-0.8223271014828208,2.097670543565268,-1.2668008228405867,0.7044435506123337,4.871868969629908,,,0.0,,0.8437860904449573,0.0005608435865753891,21.0962836946773,0.911245972849295,21.0962836946773,0.9112459728492937
0.0,0.43982778881415335,-0.8213720177412611,2.09513467090914,-1.2662348982309801,0.7045464555965596,4.878478240758,,,0.0,,0.8434098543490922,0.0005600583536708774,21.114649880725672,0.9110233711374731,21.114649880725672,0.9110233711374716
0.0,0.44024806185036064,-0.8204169339997014,2.0926029960456125,-1.265667857910407,0.70464961716303,4.885095509710833,,,0.0,,0.8430328737869538,0.0005592736149880614,21.133027558288198,0.9108002809587029,21.133027558288187,0.9108002809587011
0.0,0.44066873647425603,-0.8194618502581421,2.090075513392584,-1.2650997009061509,0.7047530358640642,4.891720782578453,,,0.0,,0.842655148110313,0.0005584893703407863,21.151416719665754,0.910576701614696,21.151416719665754,0.9105767016146941
0.0,0.441089813069573,-0.8185067665165824,2.0875522173753596,-1.2645304262508488,0.7048567122527156,4.898354065442523,,,0.0,,0.8422766766745052,0.0005577056195455312,21.16981735710534,0.9103526324079811,21.16981735710533,0.9103526324079794
0.0,0.4415112920204112,-0.8175516827750227,2.085033102426637,-1.2639600329825242,0.7049606468827692,4.904995364376268,,,0.0,,0.8418974588384542,0.000556922362421416,21.188229462799885,0.9101280726419165,21.188229462799885,0.9101280726419148
0.0,0.44193317371123725,-0.8165965990334629,2.0825181629864926,-1.263388520144621,0.7050648403087408,4.911644685444428,,,0.0,,0.8415174939646937,0.0005561395987901996,21.20665302888821,0.9099030216206987,21.20665302888821,0.9099030216206971
0.0,0.4423554585268853,-0.8156415152919037,2.0800073935023664,-1.2628158867860375,0.7051692930858764,4.918302034703202,,,0.0,,0.84113678141939,0.0005553573284762853,21.22508804745489,0.9096774786493746,21.22508804745488,0.9096774786493734
0.0,0.44277814685255745,-0.8146864315503439,2.077500788429043,-1.2622421319611574,0.7052740057701494,4.9249674182002074,,,0.0,,0.8407553205723628,0.0005545755513067202,21.243534510530147,0.9094514430338516,21.243534510530147,0.9094514430338506
0.0,0.44320123907382364,-0.8137313478087842,2.0749983422286475,-1.2616672547298868,0.705378978918261,4.931640841974407,,,0.0,,0.8403731107971096,0.0005537942671111997,21.261992410089825,0.9092249140809088,21.261992410089807,0.9092249140809081
0.0,0.44362473557662213,-0.8127762640672245,2.0725000493706243,-1.2610912541576842,0.705484213087637,4.938322312056074,,,0.0,,0.8399901514708267,0.0005530134757220683,21.280461738055113,0.9089978910982074,21.280461738055113,0.9089978910982071
0.0,0.4440486367472599,-0.8118211803256652,2.070005904331724,-1.2605141293155966,0.7055897088364284,4.945011834466732,,,0.0,,0.8396064419744321,0.0005522331769743227,21.298942486292656,0.9087703733943026,21.29894248629264,0.9087703733943024
0.0,0.4444729429724137,-0.8108660965841055,2.067515901595987,-1.2599358792802917,0.7056954667235085,4.951709415219112,,,0.0,,0.839221981692587,0.0005514533707056124,21.317434646614263,0.9085423602786529,21.317434646614256,0.908542360278653
0.0,0.4448976546391291,-0.8099110128425457,2.0650300356547358,-1.259356503134092,0.7058014873084723,4.958415060317086,,,0.0,,0.8388367700137198,0.0005506740567562434,21.335938210776966,0.9083138510616328,21.335938210776938,0.9083138510616331
0.0,0.4453227721348215,-0.8089559291009865,2.062548301006557,-1.2587759999650092,0.7059077711516347,4.965128775755616,,,0.0,,0.8384508063300472,0.00054989523496918,21.354453170482717,0.9080848450545427,21.35445317048271,0.9080848450545432
0.0,0.4457482958472771,-0.8080008453594267,2.0600706921572822,-1.2581943688667754,0.7060143188140298,4.971850567520726,,,0.0,,0.8380640900375971,0.0005491169051900451,21.372979517378553,0.90785534156962,21.372979517378536,0.9078553415696207
0.0,0.44617422616465213,-0.807045761617867,2.0575972036199848,-1.257611608938881,0.7061211308574084,4.97858044158941,,,0.0,,0.837676620536231,0.0005483390672671244,21.39151724305624,0.9076253399200508,21.39151724305621,0.9076253399200517
0.0,0.4466005634754738,-0.8060906778763073,2.055127829914956,-1.2570277192866033,0.7062282078442376,4.985318403929611,,,0.0,,0.8372883972296671,0.0005475617210513674,21.4100663390523,0.9073948394199803,21.41006633905228,0.9073948394199812
0.0,0.44702730816864034,-0.805135594134748,2.052662565569697,-1.2564426990210467,0.7063355503376986,4.992064460500148,,,0.0,,0.8368994195255025,0.0005467848663963897,21.428626796847905,0.9071638393845246,21.428626796847876,0.9071638393845255
0.0,0.44745446063342237,-0.8041805103931883,2.0502014051189,-1.2558565472591696,0.7064431589016857,4.998818617250683,,,0.0,,0.8365096868352352,0.0005460085031584733,21.447198607868742,0.9069323391297807,21.44719860786872,0.9069323391297816
0.0,0.4478820212594618,-0.8032254266516285,2.047744343104438,-1.2552692631238247,0.7065510341008048,5.0055808801216495,,,0.0,,0.8361191985742877,0.0005452326311965708,21.46578176348493,0.9067003379728392,21.465781763484923,0.9067003379728399
0.0,0.44830999043677294,-0.8022703429100688,2.04529137407535,-1.2546808457437877,0.7066591765003716,5.012351255044207,,,0.0,,0.8357279541620287,0.0005444572503723058,21.484376255010925,0.9064678352317944,21.48437625501092,0.9064678352317951
0.0,0.4487383685557427,-0.8013152591685095,2.042842492587827,-1.2540912942537958,0.7067675866664104,5.019129747940187,,,0.0,,0.8353359530217972,0.0005436823605499758,21.502982073705397,0.9062348302257562,21.50298207370537,0.9062348302257567
0.0,0.44916715600713153,-0.8003601754269498,2.040397693205193,-1.2535006077945772,0.7068762651656524,5.025916364722047,,,0.0,,0.8349431945809227,0.0005429079615965514,21.521599210771107,0.9060013222748609,21.5215992107711,0.9060013222748612
0.0,0.44959635318207286,-0.7994050916853901,2.0379569704979,-1.2529087855128898,0.7069852125655344,5.032711111292804,,,0.0,,0.8345496782707509,0.0005421340533816817,21.540227657354926,0.9057673107002827,21.540227657354915,0.9057673107002829
0.0,0.45002596047207377,-0.7984500079438304,2.035520319043508,-1.252315826561552,0.7070944294341969,5.0395139935459925,,,0.0,,0.8341554035266644,0.0005413606357776934,21.558867404547584,0.9055327948242454,21.558867404547566,0.9055327948242456
0.0,0.4504559782690155,-0.7974949242022711,2.0330877334266737,-1.251721730099478,0.707203916340483,5.046325017365598,,,0.0,,0.8337603697881059,0.0005405877086595933,21.577518443383614,0.9052977739700334,21.577518443383607,0.9052977739700337
0.0,0.4508864069651542,-0.7965398404607114,2.0306592082391304,-1.251126495291712,0.7073136738539364,5.053144188626028,,,0.0,,0.8333645764986013,0.0005398152719050698,21.596180764841368,0.905062247462003,21.596180764841357,0.9050622474620035
0.0,0.45131724695312025,-0.7955847567191516,2.028234738079684,-1.250530121309462,0.7074237025448001,5.05997151319203,,,0.0,,0.832968023105782,0.0005390433253944945,21.61485435984276,0.9048262146255944,21.61485435984273,0.904826214625595
0.0,0.4517484986259193,-0.7946296729775923,2.0258143175541927,-1.2499326073301351,0.7075340029840146,5.066806996918651,,,0.0,,0.832570709061409,0.0005382718690109247,21.633539219253198,0.904589674787343,21.63353921925317,0.9045896747873435
0.0,0.45218016237693304,-0.7936745892360326,2.023397941275552,-1.2493339525373703,0.7076445757432166,5.073650645651195,,,0.0,,0.8321726338213933,0.0005375009026401029,21.652235333881585,0.9043526272748899,21.652235333881567,0.9043526272748904
0.0,0.4526122385999185,-0.7927195054944729,2.020985603863686,-1.2487341561210727,0.707755421394737,5.0805024652251465,,,0.0,,0.8317737968458212,0.0005367304261704599,21.670942694480146,0.904115071416995,21.670942694480125,0.9041150714169957
0.0,0.4530447276890091,-0.7917644217529132,2.01857729994553,-1.2481332172774506,0.7078665405115994,5.087362461466132,,,0.0,,0.8313741975989763,0.0005359604394931167,21.68966129174431,0.9038770065435479,21.689661291744294,0.9038770065435486
0.0,0.4534776300387147,-0.7908093380113539,2.0161730241550164,-1.2475311352090472,0.7079779336675184,5.094230640189859,,,0.0,,0.8309738355493623,0.0005351909425018848,21.708391116312644,0.9036384319855794,21.708391116312622,0.90363843198558
0.0,0.4539109460439228,-0.7898542542697942,2.013772771133062,-1.246927909124774,0.7080896014368984,5.101107007202074,,,0.0,,0.830572710169725,0.0005344219350932666,21.72713215876678,0.9033993470752728,21.727132158766757,0.9033993470752734
0.0,0.4543446760998975,-0.7888991705282344,2.0113765355275546,-1.2463235382399491,0.708201544394831,5.107991568298494,,,0.0,,0.8301708209370774,0.00053365341716646,21.745884409631252,0.9031597511459765,21.745884409631245,0.9031597511459769
0.0,0.4547788206022809,-0.7879440867866747,2.0089843119933377,-1.245718021776328,0.7083137631170943,5.114884329264759,,,0.0,,0.8297681673327207,0.0005328853886233571,21.76464785937347,0.9029196435322149,21.76464785937346,0.9029196435322152
0.0,0.45521337994709293,-0.7869890030451154,2.006596095192199,-1.2451113589621403,0.7084262581801503,5.121785295876376,,,0.0,,0.8293647488422687,0.0005321178493685463,21.783422498403574,0.9026790235697006,21.783422498403553,0.9026790235697008
0.0,0.4556483545307325,-0.7860339193035557,2.0042118797928525,-1.2445035490321228,0.7085390301611437,5.128694473898672,,,0.0,,0.8289605649556694,0.0005313507993093132,21.80220831707434,0.9024378905953457,21.802208317074328,0.9024378905953456
0.0,0.4560837447499767,-0.785078835561996,2.0018316604709296,-1.2438945912275543,0.7086520796379004,5.135611869086729,,,0.0,,0.8285556151672288,0.0005305842383556425,21.821005305681133,0.9021962439472742,21.821005305681126,0.9021962439472738
0.0,0.45651955100198177,-0.7841237518204367,1.9994554319089632,-1.2432844847962916,0.7087654071889248,5.142537487185334,,,0.0,,0.8281498989756341,0.0005298181664202196,21.839813454461755,0.9019540829648333,21.839813454461737,0.9019540829648326
0.0,0.45695577368428403,-0.783168668078877,1.997083188796371,-1.2426732289928013,0.708879013393399,5.149471333928934,,,0.0,,0.8277434158839764,0.0005290525834184293,21.85863275359635,0.9017114069886051,21.85863275359635,0.9017114069886041
0.0,0.4573924131947991,-0.7822135843373172,1.9947149258294474,-1.2420608230781978,0.7089928988311807,5.156413415041568,,,0.0,,0.8273361653997738,0.0005282874892683602,21.87746319320739,0.9014682153604192,21.877463193207397,0.9014682153604181
0.0,0.45782946993182305,-0.7812585005957575,1.9923506377113467,-1.2414472663202734,0.7091070640828008,5.163363736236811,,,0.0,,0.8269281470349945,0.0005275228838908039,21.89630476335947,0.9012245074233644,21.89630476335947,0.901224507423363
0.0,0.4582669442940322,-0.7803034168541982,1.98999031915207,-1.2408325579935384,0.7092215097294626,5.170322303217734,,,0.0,,0.8265193603060801,0.0005267587672092564,21.915157454059273,0.9009802825218001,21.915157454059266,0.9009802825217984
0.0,0.4587048366804845,-0.7793483331126385,1.9876339648684487,-1.240216697379251,0.7093362363530396,5.177289121676846,,,0.0,,0.8261098047339673,0.0005259951391499184,21.934021255255463,0.9007355400013682,21.934021255255463,0.9007355400013667
0.0,0.45914314749061874,-0.7783932493710788,1.9852815695841355,-1.2395996837654542,0.7094512445360731,5.18426419729603,,,0.0,,0.8256994798441137,0.0005252319996416982,21.952896156838616,0.9004902792090066,21.952896156838626,0.9004902792090049
0.0,0.45958187712425536,-0.7774381656295191,1.9829331280295885,-1.2389815164470102,0.709566534861771,5.19124753574649,,,0.0,,0.8252883851665186,0.0005244693486162108,21.9717821486411,0.9002444994929593,21.97178214864111,0.9002444994929577
0.0,0.46002102598159683,-0.7764830818879598,1.9805886349420592,-1.2383621947256358,0.7096821079140058,5.198239142688702,,,0.0,,0.8248765202357466,0.0005237071860077799,21.99067922043697,0.8999982002027895,21.99067922043697,0.8999982002027881
0.0,0.46046059446322857,-0.7755279981464,1.9782480850655728,-1.2377417179099341,0.7097979642773125,5.205239023772364,,,0.0,,0.8244638845909515,0.0005229455117534376,22.009587361941904,0.8997513806893915,22.009587361941914,0.8997513806893904
0.0,0.46090058297011816,-0.7745729144048403,1.975911473150923,-1.2371200853154336,0.7099141045368869,5.212247184636329,,,0.0,,0.8240504777758987,0.0005221843257929268,22.028506562813128,0.8995040403050029,22.02850656281312,0.8995040403050021
0.0,0.46134099190361644,-0.7736178306632806,1.9735787939556542,-1.2364972962646203,0.7100305292785835,5.2192636309085545,,,0.0,,0.8236362993389885,0.0005214236280687006,22.047436812649234,0.8992561784032165,22.047436812649227,0.8992561784032159
0.0,0.4617818216654577,-0.7726627469217213,1.9712500422440487,-1.2358733500869719,0.7101472390889138,5.2262883682060455,,,0.0,,0.82322134883328,0.0005206634185259242,22.06637810099018,0.8990077943389926,22.06637810099018,0.8990077943389924
0.0,0.4622230726577607,-0.7717076631801616,1.968925212787109,-1.2352482461189938,0.7102642345550442,5.233321402134817,,,0.0,,0.8228056258165125,0.0005199036971124744,22.085330417317213,0.8987588874686712,22.085330417317202,0.8987588874686712
0.0,0.46266474528302776,-0.7707525794386019,1.966604300362553,-1.234621983704254,0.710381516264794,5.240362738289808,,,0.0,,0.8223891298511307,0.0005191444637789411,22.10429375105266,0.8985094571499843,22.10429375105266,0.8985094571499845
0.0,0.46310683994414575,-0.7697974956970426,1.9642872997547938,-1.2339945621934174,0.7104990848066336,5.2474123822548515,,,0.0,,0.8219718605043067,0.000518385718478629,22.123268091559954,0.8982595027420682,22.123268091559943,0.8982595027420687
0.0,0.46354935704438727,-0.7688424119554829,1.9619742057549256,-1.23336598094428,0.7106169407696823,5.254470339602611,,,0.0,,0.8215538173479633,0.0005176274611675546,22.14225342814352,0.8980090236054753,22.142253428143498,0.8980090236054759
0.0,0.4639922969874096,-0.7678873282139231,1.9596650131607156,-1.232736239321805,0.7107350847437066,5.261536615894526,,,0.0,,0.8211349999587975,0.0005168696918044512,22.161249750048597,0.897758019102187,22.161249750048576,0.8977580191021877
0.0,0.4644356601772559,-0.7669322444723634,1.957359716776586,-1.2321053366981567,0.7108535173191176,5.268611216680751,,,0.0,,0.8207154079183036,0.0005161124103507666,22.180257046461286,0.8975064885956257,22.180257046461264,0.8975064885956264
0.0,0.46487944701835526,-0.7659771607308041,1.9550583114136035,-1.2314732724527355,0.7109722390869696,5.275694147500106,,,0.0,,0.8202950408127963,0.0005153556167706647,22.199275306508348,0.8972544314506675,22.19927530650833,0.8972544314506683
0.0,0.4653236579155237,-0.7650220769892444,1.9527607918894612,-1.2308400459722124,0.7110912506389578,5.282785413880031,,,0.0,,0.8198738982334335,0.0005145993110310246,22.218304519257206,0.8970018470336539,22.218304519257185,0.8970018470336548
0.0,0.4657682932739637,-0.7640669932476847,1.9504671530284714,-1.230205656650564,0.7112105525674162,5.289885021336509,,,0.0,,0.8194519797762406,0.0005138434931014432,22.237344673715754,0.8967487347124052,22.237344673715747,0.896748734712406
0.0,0.46621335349926485,-0.763111909506125,1.9481773896615477,-1.2295701038891078,0.7113301454653154,5.296992975374026,,,0.0,,0.8190292850421329,0.0005130881629542336,22.256395758832376,0.8964950938562319,22.25639575883237,0.8964950938562327
0.0,0.46665883899740424,-0.7621568257645657,1.9458914966261949,-1.228933387096537,0.7114500299262606,5.304109281485508,,,0.0,,0.8186058136369386,0.0005123333205644271,22.275457763495794,0.8962409238359483,22.275457763495773,0.896240923835949
0.0,0.4671047501747475,-0.761201742023006,1.9436094687664898,-1.2282955056889537,0.7115702065444899,5.311233945152279,,,0.0,,0.8181815651714227,0.0005115789659097712,22.29453067653496,0.8959862240238836,22.29453067653495,0.8959862240238842
0.0,0.46755108743804796,-0.7602466582814462,1.9413313009330755,-1.227656459089906,0.7116906759148715,5.318366971843985,,,0.0,,0.8177565392613096,0.000510825098970732,22.313614486719064,0.8957309937938958,22.313614486719054,0.8957309937938961
0.0,0.4679978511944475,-0.7592915745398869,1.9390569879831439,-1.2270162467304215,0.7118114386329016,5.32550836701855,,,0.0,,0.8173307355273071,0.0005100717197304942,22.33270918275734,0.8954752325213833,22.33270918275732,0.8954752325213836
0.0,0.46844504185147773,-0.7583364907983272,1.9367865247804203,-1.226374868049042,0.7119324952947033,5.33265813612213,,,0.0,,0.8169041535951281,0.0005093188281749593,22.35181475329904,0.895218939583298,22.35181475329904,0.8952189395832982
0.0,0.4688926598170592,-0.7573814070567675,1.9345199061951552,-1.2257323224918593,0.7120538464970229,5.339816284589036,,,0.0,,0.8164767930955159,0.000508566424292748,22.370931186933365,0.8949621143581576,22.37093118693336,0.894962114358158
0.0,0.4693407054995022,-0.7564263233152078,1.9322571271041076,-1.225088609512549,0.7121754928372285,5.34698281784169,,,0.0,,0.8160486536642656,0.0005078145080751992,22.390058472189292,0.8947047562260586,22.390058472189292,0.8947047562260592
0.0,0.469789179307507,-0.7554712395736485,1.9299981823905337,-1.2244437285724055,0.712297434913308,5.35415774129057,,,0.0,,0.8156197349422484,0.0005070630795163705,22.40919659753562,0.8944468645686887,22.409196597535608,0.8944468645686893
0.0,0.47023808165016534,-0.7545161558320888,1.9277430669441693,-1.2237976791403768,0.7124196733238666,5.3613410603341585,,,0.0,,0.8151900365754338,0.0005063121386130367,22.42834555138076,0.8941884387693391,22.42834555138074,0.8941884387693397
0.0,0.47068741293695887,-0.753561072090529,1.9254917756612226,-1.2231504606930999,0.7125422086681242,5.368532780358873,,,0.0,,0.8147595582149137,0.0005055616853646922,22.44750532207272,0.8939294782129178,22.447505322072697,0.8939294782129185
0.0,0.4711371735777608,-0.7526059883489693,1.9232443034443578,-1.2225020727149356,0.7126650415459143,5.375732906739022,,,0.0,,0.8143282995169255,0.0005048117197735491,22.466675897899005,0.8936699822859622,22.466675897898988,0.893669982285963
0.0,0.47158736398283596,-0.75165090460741,1.9210006452026824,-1.2218525146980015,0.7127881725576798,5.382941444836738,,,0.0,,0.813896260142875,0.000504062241844538,22.485857267086537,0.8934099503766517,22.48585726708652,0.8934099503766525
0.0,0.4720379845628417,-0.7506958208658503,1.918760795851731,-1.2212017861422086,0.712911602304473,5.390158400001946,,,0.0,,0.8134634397593589,0.0005033132515853062,22.50504941780158,0.8931493818748202,22.505049417801573,0.893149381874821
0.0,0.47248903572882706,-0.7497407371242906,1.9165247503134581,-1.2205498865552964,0.7130353313879517,5.397383777572273,,,0.0,,0.8130298380381893,0.0005025647490062202,22.52425233814965,0.8928882761719696,22.52425233814964,0.8928882761719704
0.0,0.4729405178922342,-0.7487856533827308,1.9142925035162208,-1.2198968154528649,0.7131593604103772,5.404617582873017,,,0.0,,0.8125954546564162,0.0005018167341203627,22.543466016175408,0.8926266326612823,22.543466016175408,0.8926266326612828
0.0,0.47339243146489823,-0.7478305696411716,1.9120640503947681,-1.2192425723584128,0.7132836899746123,5.411859821217079,,,0.0,,0.8121602892963506,0.0005010692069435346,22.56269043986263,0.8923644507376337,22.56269043986262,0.8923644507376342
0.0,0.4738447768590483,-0.7468754858996118,1.909839385890222,-1.2185871568033697,0.7134083206841191,5.4191104979049225,,,0.0,,0.8117243416455875,0.0005003221674942523,22.581925597134074,0.8921017297976052,22.581925597134063,0.8921017297976055
0.0,0.4742975544873069,-0.7459204021580521,1.907618504950073,-1.217930568327131,0.7135332531429557,5.426369618224495,,,0.0,,0.8112876113970292,0.0004995756157937491,22.601171475851423,0.8918384692394977,22.601171475851423,0.8918384692394977
0.0,0.4747507647626909,-0.7449653184164928,1.9054014025281616,-1.2172728064770952,0.713658487955775,5.433637187451184,,,0.0,,0.8108500982489089,0.0004988295518659748,22.620428063815247,0.891574668463344,22.62042806381524,0.8915746684633438
0.0,0.4752044080986122,-0.7440102346749331,1.9031880735846642,-1.2166138708086942,0.7137840257278215,5.4409132108477705,,,0.0,,0.8104118019048128,0.0004980839757375932,22.639695348764832,0.8913103268709212,22.639695348764832,0.8913103268709207
0.0,0.47565848490887735,-0.7430551509333734,1.9009785130860846,-1.2159537608854318,0.7139098670649294,5.448197693664354,,,0.0,,0.809972722073704,0.0004973388874379843,22.65897331837817,0.8910454438657649,22.65897331837818,0.8910454438657642
0.0,0.4761129956076883,-0.7421000671918137,1.8987727160052381,-1.2152924762789163,0.7140360125735197,5.4554906411383035,,,0.0,,0.8095328584699453,0.0004965942869992413,22.678261960271875,0.8907800188531814,22.678261960271882,0.8907800188531804
0.0,0.4765679406096428,-0.7411449834502544,1.8965706773212392,-1.2146300165688961,0.714162462860598,5.462792058494206,,,0.0,,0.8090922108133224,0.0004958501744561721,22.697561262001056,0.8905140512402606,22.697561262001077,0.8905140512402595
0.0,0.47702332032973527,-0.7401898997086946,1.8943723920194855,-1.2139663813432922,0.7142892185337523,5.470101950943812,,,0.0,,0.8086507788290664,0.000495106549846296,22.71687121105934,0.8902475404358894,22.716871211059345,0.890247540435888
0.0,0.477479135183356,-0.7392348159671349,1.8921778550916506,-1.2133015701982361,0.7144162802011501,5.477420323685969,,,0.0,,0.8082085622478776,0.000494363413209846,22.736191794878636,0.8899804858507646,22.736191794878657,0.8899804858507633
0.0,0.4779353855862925,-0.7382797322255752,1.8899870615356669,-1.2126355827381021,0.7145436484715361,5.4847471819065685,,,0.0,,0.8077655608059484,0.0004936207645897659,22.755523000829236,0.889712886897406,22.755523000829246,0.8897128868974047
0.0,0.4783920719547294,-0.7373246484840159,1.8878000063557145,-1.2119684185755417,0.7146713239542295,5.492082530778492,,,0.0,,0.8073217742449855,0.0004928786040317106,22.77486481621959,0.8894447429901696,22.7748648162196,0.8894447429901683
0.0,0.4788491947052495,-0.7363695647424562,1.8856166845622053,-1.2113000773315186,0.7147993072591223,5.4994263754615655,,,0.0,,0.8068772023122337,0.0004921369315840435,22.79421722829633,0.8891760535452602,22.79421722829635,0.889176053545259
0.0,0.47930675425483316,-0.7354144810008965,1.8834370911717742,-1.2106305586353436,0.7149275989966755,5.506778721102478,,,0.0,,0.8064318447604986,0.0004913957472978385,22.81358022424418,0.8889068179807451,22.81358022424418,0.8889068179807442
0.0,0.4797647510208592,-0.7344593972593372,1.8812612212072648,-1.2099598621247087,0.7150561997779175,5.514139572834745,,,0.0,,0.8059857013481699,0.0004906550512268766,22.83295379118577,0.8886370357165675,22.83295379118578,0.8886370357165667
0.0,0.4802231854211057,-0.7335043135177775,1.8790890696977132,-1.2092879874457203,0.7151851102144411,5.521508935778651,,,0.0,,0.8055387718392434,0.0004899148434276451,22.852337916181742,0.8883667061745583,22.852337916181753,0.8883667061745578
0.0,0.4806820578737495,-0.7325492297762177,1.8769206316783402,-1.2086149342529358,0.7153143309184012,5.528886815041182,,,0.0,,0.8050910560033447,0.0004891751239593386,22.87173258623057,0.8880958287784511,22.87173258623057,0.8880958287784508
0.0,0.48114136879736724,-0.731594146034658,1.8747559021905358,-1.2079407022093962,0.7154438625025121,5.536273215715981,,,0.0,,0.8046425536157524,0.0004884358928838551,22.891137788268445,0.887824402953894,22.891137788268455,0.8878244029538939
0.0,0.4816011186109352,-0.7306390622930987,1.8725948762818478,-1.2072652909866612,0.7155737055800445,5.543668142883274,,,0.0,,0.8041932644574199,0.0004876971502657975,22.91055350916933,0.8875524281284637,22.91055350916932,0.8875524281284638
0.0,0.48206130773383066,-0.729683978551539,1.8704375490059635,-1.2065887002648428,0.7157038607648235,5.5510716016098485,,,0.0,,0.8037431883149986,0.0004869588961724697,22.929979735744748,0.8872799037316782,22.929979735744748,0.8872799037316784
0.0,0.4825219365858311,-0.7287288948099793,1.8682839154227058,-1.2059109297326394,0.7158343286712258,5.558483596948956,,,0.0,,0.8032923249808611,0.0004862211306738777,22.94941645474385,0.8870068291950103,22.94941645474384,0.8870068291950107
0.0,0.4829830055871152,-0.7277738110684195,1.8661339705980147,-1.2052319790873716,0.7159651099141764,5.565904133940278,,,0.0,,0.8028406742531242,0.00048548385384272687,22.96886365285319,0.886733203951901,22.9688636528532,0.8867332039519016
0.0,0.48344451515826303,-0.7268187273268603,1.8639877096039357,-1.204551848035015,0.716096205109147,5.573333217609866,,,0.0,,0.8023882359356709,0.000484747065754422,22.988321316696823,0.8864590274377728,22.988321316696812,0.8864590274377735
0.0,0.48390646572025714,-0.7258636435853005,1.861845127518605,-1.2038705362902336,0.7162276148721525,5.580770852970091,,,0.0,,0.801935009838173,0.00048401076648706376,23.007789432836063,0.8861842990900425,23.007789432836063,0.8861842990900431
0.0,0.4843688576944817,-0.7249085598437408,1.8597062194262415,-1.2031880435764157,0.7163593398197484,5.588217045019573,,,0.0,,0.8014809957761152,0.0004832749561214493,23.027267987769562,0.8859090183481352,23.027267987769562,0.8859090183481358
0.0,0.4848316915027234,-0.7239534761021815,1.8575709804171312,-1.2025043696257067,0.7164913805690284,5.59567179874313,,,0.0,,0.8010261935708165,0.00048253963474107023,23.046756967933142,0.8856331846534975,23.04675696793313,0.8856331846534982
0.0,0.485294967567173,-0.7229983923606218,1.8554394055876116,-1.2018195141790433,0.7166237377376216,5.6031351191117365,,,0.0,,0.8005706030494526,0.00048180480243210976,23.066256359699757,0.8853567974496104,23.066256359699757,0.885356797449611
0.0,0.4857586863104235,-0.7220433086190621,1.853311490040066,-1.2011334769861872,0.7167564119436892,5.61060701108244,,,0.0,,0.8001142240450803,0.00048107045928344304,23.08576614937945,0.8850798561820036,23.08576614937945,0.8850798561820041
0.0,0.4862228481554724,-0.7210882248775023,1.8511872288829054,-1.20044625780576,0.7168894038059225,5.618087479598323,,,0.0,,0.799657056396658,0.0004803366053866347,23.10528632321924,0.884802360298268,23.10528632321925,0.8848023602982684
0.0,0.48668745352572085,-0.7201331411359431,1.8490666172305579,-1.1997578564052767,0.7170227139435394,5.62557652958844,,,0.0,,0.7991990999490699,0.0004796032408359369,23.124816867403105,0.8845243092480699,23.124816867403094,0.8845243092480702
0.0,0.4871525028449754,-0.7191780573943833,1.8469496502034528,-1.1990682725611772,0.7171563429762826,5.633074165967777,,,0.0,,0.7987403545531472,0.0004788703657282874,23.144357768051833,0.8842457024831636,23.144357768051833,0.8842457024831638
0.0,0.4876179965374468,-0.7182229736528236,1.844836322928015,-1.1983775060588637,0.7172902915244154,5.640580393637159,,,0.0,,0.7982808200656916,0.00047813798016330865,23.163909011223083,0.8839665394574056,23.163909011223073,0.8839665394574059
0.0,0.4880839350277515,-0.7172678899112639,1.8427266305366448,-1.1976855566927331,0.71742456020872,5.648095217483233,,,0.0,,0.7978204963494977,0.00047740608424330557,23.183470582911166,0.8836868196267678,23.183470582911177,0.8836868196267681
0.0,0.48855031874091126,-0.7163128061697046,1.8406205681677117,-1.1969924242662084,0.7175591496504939,5.655618642378379,,,0.0,,0.7973593832733747,0.0004766746780732636,23.203042469047137,0.8834065424493512,23.203042469047137,0.8834065424493517
0.0,0.4890171481023549,-0.7153577224281449,1.8385181309655352,-1.1962981085917754,0.7176940604715479,5.663150673180684,,,0.0,,0.7968974807121693,0.0004759437617608458,23.222624655498606,0.8831257073853989,23.222624655498606,0.8831257073853994
0.0,0.48948442353791694,-0.7144026386865852,1.8364193140803788,-1.1956026094910148,0.7178292932942023,5.670691314733859,,,0.0,,0.796434788546788,0.00047521333541639284,23.242217128069747,0.8828443138973101,23.242217128069736,0.8828443138973107
0.0,0.4899521454738389,-0.7134475549450254,1.8343241126684335,-1.1949059267946354,0.7179648487412843,5.678240571867194,,,0.0,,0.7959713066642197,0.00047448339915291937,23.261819872501164,0.8825623614496535,23.261819872501153,0.882562361449654
0.0,0.4904203143367697,-0.7124924712034661,1.8322325218918074,-1.1942080603425087,0.7181007274361254,5.6857984493955005,,,0.0,,0.7955070349575577,0.00047375395308611295,23.281432874469903,0.8822798495091809,23.281432874469903,0.8822798495091816
0.0,0.4908889305537662,-0.7115373874619064,1.8301445369185092,-1.1935090099837011,0.7182369300025581,5.693364952119064,,,0.0,,0.7950419733260216,0.0004730249973343304,23.301056119589393,0.8819967775448404,23.301056119589393,0.8819967775448411
0.0,0.49135799455229306,-0.7105823037203467,1.8280601529224418,-1.1928087755765076,0.7183734570649131,5.700940084823566,,,0.0,,0.7945761216749802,0.0004722965320185973,23.320689593409302,0.8817131450277906,23.32068959340929,0.8817131450277913
0.0,0.4918275067602231,-0.7096272199787874,1.8259793650833867,-1.192107356988485,0.7185103092480162,5.7085238522800426,,,0.0,,0.7941094799159731,0.0004715685572626053,23.34033328141551,0.881428951431414,23.34033328141551,0.8814289514314145
0.0,0.49229746760583876,-0.7086721362372277,1.8239021685869885,-1.1914047540964856,0.7186474871771857,5.716116259244835,,,0.0,,0.7936420479667334,0.0004708410731927082,23.35998716903013,0.8811441962313298,23.35998716903014,0.8811441962313303
0.0,0.49276787751783113,-0.707717052495668,1.821828558624749,-1.1907009667866897,0.718784991478229,5.723717310459513,,,0.0,,0.7931738257512093,0.0004701140799379222,23.379651241611338,0.880858878905409,23.37965124161135,0.8808588789054094
0.0,0.49323873692530107,-0.7067619687541082,1.8197585303940096,-1.1899959949546393,0.7189228227774396,5.73132701065083,,,0.0,,0.7927048131995862,0.00046938757762992174,23.399325484453342,0.8805729989337868,23.399325484453353,0.880572998933787
0.0,0.4937100462577592,-0.705806885012549,1.8176920790979427,-1.1892898385052701,0.7190609817015939,5.7389453645306645,,,0.0,,0.7922350102483094,0.00046866156640303774,23.419009882786355,0.8802865557988772,23.419009882786366,0.8802865557988772
0.0,0.49418180594512734,-0.7048518012709892,1.8156291999455336,-1.1885824973529453,0.7191994688779493,5.746572376795974,,,0.0,,0.7917644168401046,0.00046793604639425396,23.438704421776535,0.8799995489853851,23.438704421776546,0.879999548985385
0.0,0.4946540164177374,-0.7038967175294295,1.8135698881515758,-1.187873971421488,0.7193382849342392,5.754208052128717,,,0.0,,0.7912930329240011,0.0004672110177432058,23.458409086525887,0.8797119779803223,23.458409086525897,0.879711977980322
0.0,0.49512667810633265,-0.7029416337878698,1.811514138936653,-1.1871642606442145,0.719477430498672,5.761852395195811,,,0.0,,0.7908208584553534,0.0004664864805921775,23.478123862072234,0.879423842273019,23.478123862072234,0.8794238422730185
0.0,0.4955997914420678,-0.7019865500463105,1.8094619475271294,-1.1864533649639668,0.719616906199926,5.769505410649076,,,0.0,,0.7903478933958631,0.00046576243508609914,23.497848733389127,0.879135141355139,23.497848733389137,0.8791351413551384
0.0,0.49607335685651016,-0.7010314663047508,1.8074133091551348,-1.1857412843331445,0.7197567126671481,5.777167103125178,,,0.0,,0.7898741377135997,0.00046503888137254247,23.51758368538589,0.8788458747206923,23.51758368538591,0.8788458747206914
0.0,0.49654737478163885,-0.700076382563191,1.805368219058556,-1.1850280187137388,0.7198968505299495,5.7848374772455635,,,0.0,,0.7893995913830235,0.00046431581960172094,23.53732870290744,0.8785560418660496,23.537328702907462,0.8785560418660487
0.0,0.4970218456498457,-0.6991212988216318,1.8033266724810237,-1.184313568077364,0.7200373204184025,5.792516537616407,,,0.0,,0.7889242543850072,0.00046359324992648537,23.557083770734287,0.8782656422899561,23.55708377073431,0.8782656422899551
0.0,0.4974967698939363,-0.698166215080072,1.8012886646718953,-1.1835979324052897,0.7201781229630384,5.80020428882857,,,0.0,,0.7884481267068566,0.00046287117250231994,23.57684887358251,0.8779746754935439,23.57684887358252,0.8779746754935429
0.0,0.49797214794712924,-0.6972111313385123,1.7992541908862505,-1.182881111688474,0.7203192587948433,5.80790073545752,,,0.0,,0.7879712083423329,0.00046214958748734157,23.596623996103613,0.8776831409803478,23.596623996103624,0.8776831409803469
0.0,0.4984479802430573,-0.6962560475969526,1.7972232463848736,-1.1821631059275959,0.7204607285452552,5.815605882063288,,,0.0,,0.7874934992916743,0.0004614284950422949,23.616409122884583,0.8773910382563176,23.616409122884583,0.8773910382563167
0.0,0.4989242672157674,-0.6953009638553933,1.7951958264342445,-1.181443915133087,0.7206025328461609,5.8233197331904085,,,0.0,,0.7870149995616172,0.000460707895330551,23.63620423844775,0.8770983668298322,23.63620423844775,0.8770983668298316
0.0,0.49940100929972164,-0.6943458801138336,1.7931719263065216,-1.1807235393251623,0.720744672329893,5.831042293367875,,,0.0,,0.7865357091654174,0.0004599877885181019,23.65600932725079,0.8768051262117135,23.65600932725081,0.8768051262117128
0.0,0.49987820692979695,-0.6933907963722739,1.7911515412795367,-1.1800019785338551,0.720887147629226,5.83877356710906,,,0.0,,0.7860556281228719,0.0004592681747735598,23.675824373686687,0.8765113159152399,23.675824373686687,0.8765113159152395
0.0,0.5003558605412858,-0.6924357126307141,1.7891346666367782,-1.1792792327990462,0.7210299593773734,5.846513558911675,,,0.0,,0.78557475646034,0.00045854905426815246,23.695649362083554,0.8762169354561608,23.695649362083564,0.8762169354561604
0.0,0.5008339705698964,-0.6914806288891548,1.7871212976673807,-1.1785553021704989,0.7211731082079844,5.854262273257712,,,0.0,,0.7850930942107649,0.00045783042717572096,23.715484276704764,0.8759219843527096,23.715484276704775,0.8759219843527094
0.0,0.5013125374517542,-0.6905255451475951,1.785111429666109,-1.177830186707886,0.7213165947551411,5.862019714613393,,,0.0,,0.7846106414136937,0.0004571122936727142,23.735329101748793,0.8756264621256178,23.735329101748803,0.8756264621256178
0.0,0.5017915616234002,-0.6895704614060354,1.7831050579333538,-1.177103886480827,0.7214604196533543,5.869785887429099,,,0.0,,0.7841273981153003,0.000456394653938188,23.755183821349192,0.8753303682981289,23.755183821349192,0.875330368298129
0.0,0.5022710435217934,-0.6886153776644757,1.7811021777751128,-1.1763764015689153,0.7216045835375605,5.877560796139322,,,0.0,,0.7836433643684052,0.0004556775081538006,23.775048419574503,0.8750337023960124,23.775048419574503,0.8750337023960125
0.0,0.5027509835843095,-0.6876602939229164,1.7791027845029825,-1.1756477320617533,0.7217490870431189,5.885344445162608,,,0.0,,0.7831585402324972,0.0004549608565038092,23.794922880428313,0.8747364639475771,23.794922880428313,0.8747364639475774
0.0,0.5032313822487433,-0.6867052101813567,1.7771068734341424,-1.1749178780589797,0.7218939308058078,5.893136838901511,,,0.0,,0.782672925773753,0.00045424469917506525,23.81480718784911,0.8744386524836851,23.81480718784911,0.8744386524836855
0.0,0.5037122399533069,-0.6857501264397969,1.7751144398913477,-1.1741868396703048,0.7220391154618211,5.900937981742517,,,0.0,,0.7821865210650606,0.00045352903635701304,23.834701325710277,0.8741402675377662,23.834701325710277,0.8741402675377665
0.0,0.5041935571366314,-0.6847950426982377,1.7731254792029154,-1.1734546170155398,0.7221846416477649,5.908747878055995,,,0.0,,0.7816993261860377,0.00045281386824168465,23.854605277820028,0.873841308645831,23.854605277820028,0.8738413086458313
0.0,0.5046753342377674,-0.6838399589566779,1.7711399867027091,-1.1727212102246274,0.7223305100006545,5.916566532196161,,,0.0,,0.7812113412230535,0.00045209919502369573,23.874519027921405,0.8735417753464849,23.874519027921405,0.8735417753464854
0.0,0.5051575716961847,-0.6828848752151182,1.7691579577301324,-1.171986619437675,0.7224767211579106,5.9243939485009935,,,0.0,,0.7807225662692496,0.0004513850169002432,23.894442559692184,0.8732416671809426,23.894442559692184,0.873241667180943
0.0,0.505640269951773,-0.6819297914735585,1.7671793876301143,-1.1712508448049828,0.7226232757573557,5.932230131292187,,,0.0,,0.7802330014245604,0.00045067133407110003,23.91437585674485,0.8729409836930413,23.91437585674485,0.8729409836930416
0.0,0.5061234294448422,-0.6809747077319992,1.7652042717530985,-1.1705138864870779,0.7227701744372113,5.940075084875097,,,0.0,,0.7797426467957337,0.00044995814673861234,23.934318902626554,0.8726397244292545,23.934318902626554,0.8726397244292549
0.0,0.5066070506161237,-0.6800196239904395,1.7632326054550271,-1.1697757446547412,0.7229174178360934,5.947928813538699,,,0.0,,0.7792515024963504,0.00044924545510769407,23.954271680819108,0.8723378889387063,23.954271680819108,0.8723378889387066
0.0,0.5070911339067691,-0.6790645402488797,1.761264384097336,-1.1690364194890417,0.7230650065930104,5.955791321555507,,,0.0,,0.7787595686468466,0.0004485332593858246,23.974234174738875,0.872035476773185,23.974234174738875,0.8720354767731853
0.0,0.507575679758352,-0.67810945650732,1.759299603046938,-1.1682959111813649,0.7232129413473583,5.9636626131815325,,,0.0,,0.7782668453745324,0.0004478215597830434,23.994206367736794,0.8717324874871573,23.994206367736783,0.8717324874871575
0.0,0.5080606886128677,-0.6771543727657607,1.7573382576762135,-1.167554219933444,0.7233612227389176,5.97154269265622,,,0.0,,0.7777733328136135,0.0004471103565119469,24.014188243098236,0.8714289206377818,24.014188243098236,0.871428920637782
0.0,0.5085461609127344,-0.676199289024201,1.7553803433629942,-1.1668113459573901,0.7235098514078502,5.979431564202411,,,0.0,,0.7772790311052098,0.00044639964978768285,24.034179784043147,0.8711247757849228,24.034179784043157,0.871124775784923
0.0,0.5090320971007924,-0.6752442052826413,1.753425855490558,-1.1660672894757216,0.7236588279946953,5.987329232026261,,,0.0,,0.7767839403973772,0.0004456894398279473,24.054180973725845,0.8708200524911647,24.054180973725835,0.870820052491165
0.0,0.5095184976203053,-0.674289121541082,1.7514747894476141,-1.1653220507213968,0.7238081531403658,5.995235700317198,,,0.0,,0.7762880608451272,0.00044497972685298044,24.074191795235006,0.8705147503218257,24.074191795234995,0.870514750321826
0.0,0.5100053629149608,-0.6733340377995223,1.749527140628288,-1.1645756299378398,0.7239578274861455,6.003150973247878,,,0.0,,0.7757913926104457,0.00044427051108556046,24.094212231593705,0.8702088688449711,24.094212231593705,0.8702088688449714
0.0,0.5104926934288698,-0.6723789540579626,1.7475829044321158,-1.1638280273789743,0.7241078516736844,6.011075054974103,,,0.0,,0.775293935862315,0.00044356179275100116,24.114242265759344,0.8699024076314281,24.114242265759334,0.8699024076314285
0.0,0.5109804896065681,-0.6714238703164028,1.745642076264029,-1.163079243309252,0.7242582263449958,6.019007949634787,,,0.0,,0.7747956907767317,0.0004428535720771464,24.134281880623544,0.869595366254799,24.134281880623544,0.8695953662547995
0.0,0.5114687518930154,-0.6704687865748435,1.743704651534344,-1.162329278003681,0.7244089521424524,6.026949661351887,,,0.0,,0.7742966575367282,0.00044214584929436586,24.154331059012225,0.8692877442914759,24.154331059012236,0.8692877442914764
0.0,0.5119574807335983,-0.6695137028332838,1.741770625658747,-1.161578131747857,0.7245600297087827,6.0349001942303655,,,0.0,,0.7737968363323907,0.00044143862463554955,24.174389783685527,0.8689795413206531,24.174389783685527,0.8689795413206535
0.0,0.5124466765741272,-0.6685586190917241,1.7398399940582887,-1.1608258048379927,0.7247114596870675,6.042859552358112,,,0.0,,0.7732962273608803,0.0004407318983361044,24.1944580373377,0.8686707569243427,24.194458037337714,0.868670756924343
0.0,0.5129363398608395,-0.6676035353501644,1.7379127521593682,-1.1600722975809454,0.7248632427207358,6.050827739805903,,,0.0,,0.7727948308264517,0.0004400256706339489,24.21453580259723,0.8683613906873873,24.21453580259723,0.8683613906873876
0.0,0.5134264710403984,-0.6666484516086051,1.735988895393723,-1.1593176102942484,0.7250153794535612,6.058804760627337,,,0.0,,0.772292646940473,0.00043931994176950854,24.23462306202661,0.8680514421974747,24.23462306202661,0.8680514421974749
0.0,0.5139170705598948,-0.6656933678670454,1.7340684191984146,-1.1585617433061381,0.725167870529659,6.0667906188588026,,,0.0,,0.7717896759214445,0.0004386147119857098,24.25471979812252,0.8677409110451507,24.25471979812253,0.8677409110451508
0.0,0.5144081388668457,-0.6647382841254856,1.7321513190158218,-1.1578046969555849,0.7253207165934811,6.074785318519385,,,0.0,,0.7712859179950192,0.00043790998152797717,24.274825993315623,0.8674297968238345,24.274825993315623,0.8674297968238345
0.0,0.5148996764091963,-0.6637832003839264,1.730237590293627,-1.1570464715923199,0.725473918289813,6.082788863610837,,,0.0,,0.7707813733940211,0.0004372057506442269,24.294941629970605,0.8671180991298313,24.294941629970616,0.8671180991298312
0.0,0.5153916836353202,-0.6628281166423666,1.7283272284848012,-1.1562870675768655,0.7256274762637704,6.090801258117528,,,0.0,,0.7702760423584638,0.00043650201958486147,24.315066690386193,0.8668058175623464,24.315066690386203,0.8668058175623463
0.0,0.5158841609940187,-0.6618730329008069,1.726420229047599,-1.155526485280562,0.7257813911607947,6.098822506006368,,,0.0,,0.769769925135571,0.00043579878860276614,24.335201156795023,0.8664929517234998,24.335201156795023,0.8664929517234996
0.0,0.5163771089345223,-0.6609179491592472,1.724516587445542,-1.1547647250855986,0.7259356636266491,6.106852611226769,,,0.0,,0.7692630219797946,0.00043509605795330236,24.355345011363674,0.8661795012183394,24.355345011363685,0.8661795012183392
0.0,0.5168705279064906,-0.6599628654176879,1.722616299147411,-1.15400178738504,0.7260902943074158,6.11489157771058,,,0.0,,0.7687553331528341,0.00043439382789430366,24.375498236192673,0.8658654656548552,24.375498236192662,0.8658654656548549
0.0,0.5173644183600132,-0.6590077816761282,1.7207193596272297,-1.1532376725828526,0.7262452838494912,6.122939409372047,,,0.0,,0.7682468589236537,0.00043369209868606833,24.395660813316365,0.8655508446439925,24.395660813316365,0.8655508446439921
0.0,0.5178587807456098,-0.6580526979345684,1.7188257643642588,-1.1524723810939381,0.7264006328995823,6.13099611010774,,,0.0,,0.7677375995685036,0.0004329908705913567,24.415832724702994,0.8652356377996668,24.415832724703005,0.8652356377996664
0.0,0.5183536155142299,-0.6570976141930087,1.7169355088429816,-1.151705913344156,0.7265563421047031,6.139061683796509,,,0.0,,0.7672275553709369,0.00043229014387538426,24.436013952254658,0.8649198447387769,24.436013952254658,0.8649198447387765
0.0,0.5188489231172544,-0.6561425304514494,1.7150485885530942,-1.1509382697703543,0.7267124121121702,6.147136134299421,,,0.0,,0.7667167266218285,0.0004315899188058163,24.456204477807173,0.8646034650812193,24.456204477807184,0.8646034650812189
0.0,0.5193447040064958,-0.6551874467098897,1.7131649989894902,-1.1501694508203955,0.7268688435695997,6.1552194654597265,,,0.0,,0.7662051136193931,0.0004308901956527619,24.476404283130265,0.8642864984499011,24.476404283130265,0.8642864984499007
0.0,0.5198409586341978,-0.65423236296833,1.7112847356522551,-1.1493994569531847,0.7270256371249022,6.1633116811027735,,,0.0,,0.7656927166692048,0.00043019097468876974,24.496613349927287,0.8639689444707551,24.496613349927287,0.8639689444707547
0.0,0.5203376874530365,-0.6532772792267703,1.7094077940466517,-1.1486282886386987,0.72718279342628,6.171412785035977,,,0.0,,0.765179536084214,0.0004294922561888212,24.516831659835432,0.8636508027727526,24.516831659835432,0.8636508027727522
0.0,0.5208348909161202,-0.652322195485211,1.7075341696831094,-1.14785594635801,0.7273403131222222,6.179522781048752,,,0.0,,0.7646655721847664,0.0004287940404303257,24.537059194425563,0.863332072987918,24.537059194425563,0.8633320729879176
0.0,0.521332569476991,-0.6513671117436513,1.7056638580772117,-1.147082430603316,0.7274981968615016,6.187641672912474,,,0.0,,0.7641508252986199,0.0004280963276931127,24.557295935202248,0.8630127547513418,24.55729593520226,0.8630127547513413
0.0,0.5218307235896236,-0.6504120280020915,1.7037968547496873,-1.1463077418779655,0.7276564452931699,6.1957694643804055,,,0.0,,0.7636352957609644,0.0004273991182594289,24.577541863603763,0.862692847701195,24.577541863603763,0.8626928477011947
0.0,0.5223293537084264,-0.6494569442605322,1.701933155226399,-1.1455318806964854,0.7278150590665541,6.203906159187649,,,0.0,,0.7631189839144384,0.0004267024124139305,24.59779696100198,0.8623723514787432,24.59779696100199,0.8623723514787429
0.0,0.5228284602882427,-0.6485018605189725,1.7000727550383279,-1.1447548475846068,0.7279740388312527,6.212051761051107,,,0.0,,0.7626018901091464,0.00042600621044367696,24.618061208702507,0.8620512657283593,24.61806120870252,0.862051265728359
0.0,0.5233280437843499,-0.6475467767774128,1.6982156497215684,-1.1439766430792928,0.7281333852371313,6.220206273669407,,,0.0,,0.7620840147026777,0.0004253105126381262,24.638334587944485,0.8617295900975384,24.6383345879445,0.861729590097538
0.0,0.5238281046524608,-0.6465916930358531,1.6963618348173137,-1.1431972677287634,0.7282930989343187,6.228369700722855,,,0.0,,0.7615653580601234,0.0004246153192891278,24.658617079900736,0.8614073242369107,24.658617079900736,0.8614073242369104
0.0,0.524328643348723,-0.6456366092942938,1.6945113058718462,-1.1424167220925225,0.7284531805732027,6.236542045873382,,,0.0,,0.7610459205540936,0.000423920630690917,24.678908665677582,0.8610844678002563,24.678908665677604,0.8610844678002559
0.0,0.5248296603297208,-0.6446815255527341,1.6926640584365222,-1.141635006741383,0.7286136308044265,6.244723312764502,,,0.0,,0.7605257025647353,0.0004232264471401078,24.699209326315057,0.8607610204445175,24.699209326315067,0.8607610204445173
0.0,0.5253311560524743,-0.6437264418111743,1.690820088067767,-1.1408521222574948,0.7287744502788839,6.252913505021239,,,0.0,,0.760004704479749,0.0004225327689356878,24.719519042786644,0.8604369818298142,24.719519042786654,0.860436981829814
0.0,0.5258331309744402,-0.6427713580696146,1.6889793903270605,-1.1400680692343679,0.7289356396477158,6.261112626250081,,,0.0,,0.7594829266944065,0.0004218395963790111,24.739837795999424,0.8601123516194564,24.739837795999435,0.8601123516194563
0.0,0.5263355855535125,-0.6418162743280553,1.6871419607809268,-1.1392828482768997,0.7290971995623056,6.269320680038926,,,0.0,,0.7589603696115682,0.0004211469297737928,24.760165566794026,0.8597871294799587,24.760165566794026,0.8597871294799585
0.0,0.5268385202480231,-0.6408611905864956,1.6853077950009203,-1.1384964600013996,0.7292591306742754,6.277537669957039,,,0.0,,0.7584370336416983,0.00042045476942610053,24.78050233594459,0.859461315081053,24.78050233594459,0.8594613150810528
0.0,0.5273419355167412,-0.6399061068449359,1.6834768885636204,-1.1377089050356142,0.7294214336354821,6.285763599554982,,,0.0,,0.7579129192028835,0.00041976311564435057,24.80084808415876,0.8591349080957033,24.80084808415877,0.8591349080957033
0.0,0.5278458318188746,-0.6389510231033766,1.6816492370506173,-1.136920184018753,0.7295841090980121,6.293998472364564,,,0.0,,0.7573880267208497,0.0004190719687392992,24.82120279207773,0.8588079082001192,24.82120279207773,0.8588079082001191
0.0,0.5283502096140703,-0.6379959393618169,1.6798248360484986,-1.136130297601513,0.7297471577141785,6.302242291898803,,,0.0,,0.7568623566289766,0.0004183813290240365,24.84156644027615,0.8584803150737687,24.84156644027616,0.8584803150737687
0.0,0.5288550693624139,-0.6370408556202571,1.678003681148843,-1.1353392464461032,0.729910580136516,6.310495061651854,,,0.0,,0.7563359093683167,0.0004176911968139806,24.861939009262198,0.858152128399393,24.86193900926221,0.858152128399393
0.0,0.529360411524431,-0.6360857718786974,1.676185767948208,-1.134547031226269,0.7300743770177771,6.318756785098962,,,0.0,,0.7558086853876103,0.0004170015724268698,24.882320479477496,0.8578233478630194,24.882320479477496,0.8578233478630194
0.0,0.529866236561087,-0.6351306881371381,1.6743710920481172,-1.1337536526273184,0.7302385490109274,6.327027465696413,,,0.0,,0.7552806851433018,0.0004163124561827564,24.902710831297142,0.8574939731539755,24.902710831297153,0.8574939731539755
0.0,0.5303725449337882,-0.6341756043955784,1.67255964905505,-1.1329591113461421,0.7304030967691422,6.3353071068814835,,,0.0,,0.7547519090995561,0.0004156238484039986,24.923110045029755,0.8571640039649017,24.923110045029766,0.8571640039649017
0.0,0.5308793371043813,-0.6332205206540187,1.6707514345804328,-1.1321634080912428,0.7305680209458011,6.343595712072377,,,0.0,,0.754222357728275,0.0004149357494152551,24.94351810091739,0.8568334399917664,24.94351810091739,0.8568334399917664
0.0,0.5313866135351546,-0.632265436912459,1.6689464442406259,-1.1313665435827562,0.7307333221944847,6.351893284668177,,,0.0,,0.7536920315091128,0.00041424815954347753,24.963934979135523,0.8565022809338785,24.963934979135523,0.8565022809338785
0.0,0.5318943746888378,-0.6313103531708997,1.6671446736569149,-1.1305685185524743,0.7308990011689697,6.360199828048792,,,0.0,,0.7531609309294923,0.00041356107911790315,24.98436065979314,0.8561705264939014,24.98436065979314,0.8561705264939014
0.0,0.5324026210286036,-0.63035526942934,1.665346118455496,-1.1297693337438692,0.731065058523225,6.3685153455749175,,,0.0,,0.7526290564846194,0.00041287450847004654,25.004795122932663,0.8558381763778657,25.004795122932673,0.8558381763778659
0.0,0.5329113530180662,-0.6294001856877802,1.6635507742674702,-1.1289689899121187,0.731231494911407,6.37683984058796,,,0.0,,0.7520964086775009,0.000412188447933695,25.025238348529996,0.8555052302951847,25.025238348529996,0.8555052302951848
0.0,0.5334205711212837,-0.6284451019462205,1.6617586367288288,-1.1281674878241268,0.7313983109878557,6.38517331641,,,0.0,,0.7515629880189579,0.000411502897844899,25.045690316494444,0.8551716879586654,25.045690316494444,0.8551716879586656
0.0,0.5339302758027566,-0.6274900182046612,1.6599697014804458,-1.127364828258548,0.7315655074070895,6.393515776343735,,,0.0,,0.7510287950276427,0.00041081785854196637,25.066151006668782,0.8548375490845245,25.066151006668782,0.8548375490845247
0.0,0.5344404675274306,-0.6265349344631015,1.6581839641680627,-1.1265610120058094,0.731733084823802,6.401867223672432,,,0.0,,0.7504938302300522,0.0004101333303654526,25.086620398829275,0.8545028133923994,25.086620398829275,0.8545028133923998
0.0,0.5349511467606946,-0.6255798507215418,1.656401420442283,-1.1257560398681339,0.7319010438928566,6.410227661659871,,,0.0,,0.7499580941605452,0.0004094493136581563,25.107098472685593,0.854167480605364,25.107098472685603,0.8541674806053644
0.0,0.5354623139683822,-0.6246247669799825,1.6546220659585589,-1.1249499126595641,0.7320693852692827,6.418597093550287,,,0.0,,0.7494215873613559,0.00040876580876510996,25.127585207880923,0.8538315504499405,25.127585207880923,0.8538315504499411
0.0,0.5359739696167731,-0.6236696832384228,1.6528458963771793,-1.1241426312059803,0.7322381096082711,6.4269755225683385,,,0.0,,0.7488843103826088,0.0004080828160335718,25.148080583991856,0.8534950226561137,25.148080583991867,0.8534950226561143
0.0,0.5364861141725917,-0.622714599496863,1.6510729073632626,-1.123334196345128,0.7324072175651692,6.435362951919033,,,0.0,,0.7483462637823346,0.00040740033581301957,25.168584580528503,0.8531578969573438,25.168584580528492,0.8531578969573446
0.0,0.5369987481030086,-0.6217595157553033,1.6493030945867444,-1.1225246089266352,0.7325767097954773,6.443759384787685,,,0.0,,0.7478074481264831,0.0004067183684551418,25.18909717693438,0.8528201730905806,25.18909717693438,0.8528201730905813
0.0,0.5375118718756405,-0.620804432013744,1.6475364537223665,-1.1217138698120375,0.7327465869548433,6.452164824339866,,,0.0,,0.7472678639889399,0.00040603691431383105,25.209618352586514,0.8524818507962761,25.209618352586524,0.8524818507962769
0.0,0.5380254859585517,-0.6198493482721843,1.6457729804496652,-1.1209019798747972,0.732916849699059,6.46057927372136,,,0.0,,0.746727511951538,0.00040535597374517394,25.23014808679548,0.852142929818398,25.23014808679548,0.8521429298183988
0.0,0.538539590820253,-0.6188942645306246,1.6440126704529652,-1.1200889400003264,0.733087498684055,6.469002736058091,,,0.0,,0.7461863926040744,0.00040467554710744573,25.250686358805236,0.8518034099044435,25.250686358805236,0.8518034099044441
0.0,0.5390541869297032,-0.6179391807890648,1.6422555194213648,-1.1192747510860068,0.7332585345658964,6.477435214456091,,,0.0,,0.745644506544323,0.00040399563476110044,25.27123314779332,0.8514632908054519,25.27123314779332,0.8514632908054526
0.0,0.539569274756309,-0.6169840970475056,1.6405015230487283,-1.1184594140412123,0.7334299580007784,6.48587671200144,,,0.0,,0.7451018543780499,0.00040331623706876433,25.291788432870742,0.8511225722760188,25.291788432870742,0.8511225722760194
0.0,0.5400848547699261,-0.6160290133059458,1.638750677033671,-1.117642929787327,0.7336017696450216,6.494327231760228,,,0.0,,0.7445584367190242,0.00040263735439522575,25.312352193082045,0.8507812540743083,25.312352193082056,0.8507812540743086
0.0,0.5406009274408587,-0.6150739295643861,1.6370029770795558,-1.1168252992577683,0.7337739701550672,6.502786776778481,,,0.0,,0.7440142541890358,0.00040195898710742916,25.332924407405336,0.8504393359620669,25.332924407405336,0.850439335962067
0.0,0.5411174932398605,-0.6141188458228268,1.6352584188944776,-1.1160065233980077,0.7339465601874731,6.511255350082124,,,0.0,,0.7434693074179058,0.0004012811355744658,25.353505054752183,0.8500968177046366,25.353505054752194,0.8500968177046366
0.0,0.5416345526381353,-0.6131637620812671,1.6335169981912534,-1.1151866031655873,0.7341195403989088,6.519732954676945,,,0.0,,0.7429235970435013,0.0004006038001675643,25.37409411396784,0.8497536990709682,25.37409411396785,0.8497536990709679
0.0,0.5421521061073369,-0.6122086783397074,1.6317787106874138,-1.1143655395301433,0.7342929114461508,6.5282195935485134,,,0.0,,0.7423771237117488,0.00039992698126008484,25.394691563831017,0.849409979833634,25.394691563831028,0.8494099798336335
0.0,0.5426701541195696,-0.6112535945981477,1.6300435521051921,-1.113543333473425,0.7344666739860781,6.536715269662151,,,0.0,,0.7418298880766465,0.0003992506792275084,25.415297383054067,0.8490656597688414,25.415297383054078,0.8490656597688409
0.0,0.543188697147389,-0.6102985108565884,1.628311518171514,-1.1127199859893133,0.7346408286756675,6.545219985962875,,,0.0,,0.7412818908002791,0.00039857489444743014,25.435911550282924,0.8487207386564461,25.43591155028295,0.8487207386564455
0.0,0.5437077356638027,-0.6093434271150286,1.6265826046179852,-1.1118954980838405,0.7348153761719891,6.5537337453753555,,,0.0,,0.7407331325528276,0.0003978996272995482,25.456534044097197,0.8483752162799647,25.456534044097207,0.8483752162799639
0.0,0.5442272701422696,-0.6083883433734689,1.6248568071808849,-1.1110698707752098,0.7349903171322015,6.562256550803852,,,0.0,,0.7401836140125856,0.000397224878165658,25.477164843010073,0.848029092426588,25.477164843010073,0.8480290924265871
0.0,0.5447473010567013,-0.6074332596319092,1.6231341216011528,-1.1102431050938137,0.7351656522135473,6.570788405132178,,,0.0,,0.7396333358659698,0.00039655064742964176,25.497803925468393,0.847682366887194,25.497803925468403,0.8476823668871931
0.0,0.545267828881462,-0.6064781758903499,1.6214145436243808,-1.1094152020822545,0.7353413820733479,6.579329311223632,,,0.0,,0.7390822988075331,0.0003958769354774604,25.5184512698527,0.8473350394563616,25.518451269852726,0.8473350394563606
0.0,0.5457888540913697,-0.6055230921487902,1.6196980690007998,-1.1085861627953584,0.7355175073689993,6.587879271920976,,,0.0,,0.7385305035399761,0.00039520374269714375,25.53910685447728,0.8469871099323818,25.539106854477293,0.8469871099323808
0.0,0.5463103771616957,-0.6045680084072305,1.6179846934852729,-1.107755988300199,0.7356940287579675,6.596438290046364,,,0.0,,0.7379779507741612,0.00039453106947878334,25.559770657590033,0.8466385781172727,25.559770657590054,0.8466385781172718
0.0,0.5468323985681653,-0.6036129246656712,1.6162744128372846,-1.1069246796761132,0.7358709468977831,6.60500636840129,,,0.0,,0.7374246412291227,0.00039385891621452235,25.580442657372693,0.8462894438167915,25.580442657372707,0.8462894438167906
0.0,0.5473549187869592,-0.6026578409241115,1.6145672228209278,-1.106092238014716,0.7360482624460372,6.613583509766565,,,0.0,,0.7368705756320794,0.00039318728329854584,25.601122831940692,0.8459397068404466,25.601122831940717,0.845939706840446
0.0,0.547877938294712,-0.6017027571825517,1.6128631192048977,-1.105258664419925,0.7362259760603762,6.622169716902239,,,0.0,,0.7363157547184471,0.00039251617112707343,25.62181115934331,0.8455893670015122,25.62181115934332,0.8455893670015117
0.0,0.5484014575685143,-0.600747673440992,1.61116209776248,-1.1044239600079704,0.7364040883984972,6.630764992547563,,,0.0,,0.7357601792318491,0.000391845580098349,25.64250761756358,0.8452384241170396,25.64250761756358,0.8452384241170393
0.0,0.5489254770859125,-0.5997925896994327,1.6094641542715404,-1.1035881259074183,0.7365826001181434,6.639369339420947,,,0.0,,0.7352038499241287,0.00039117551061263215,25.663212184518386,0.8448868780078712,25.66321218451841,0.844886878007871
0.0,0.5494499973249098,-0.598837505957873,1.6077692845145137,-1.102751163259183,0.7367615118770987,6.647982760219906,,,0.0,,0.7346467675553591,0.00039050596307218735,25.683924838058545,0.844534728498652,25.683924838058555,0.8445347284986519
0.0,0.5499750187639654,-0.5978824222163133,1.6060774842783971,-1.1019130732165465,0.7369408243331836,6.656605257621006,,,0.0,,0.7340889328938559,0.00038983693788127683,25.704645555968693,0.8441819754178433,25.704645555968703,0.8441819754178431
0.0,0.5505005418819959,-0.5969273384747535,1.6043887493547373,-1.1010738569451748,0.7371205381442499,6.665236834279825,,,0.0,,0.7335303467161883,0.0003891684354461499,25.725374315967393,0.8438286185977353,25.725374315967407,0.843828618597735
0.0,0.5510265671583755,-0.5959722547331943,1.6027030755396228,-1.100233515623133,0.7373006539681758,6.673877492830892,,,0.0,,0.7329710098071888,0.0003885004561750335,25.746111095707203,0.8434746578744592,25.746111095707203,0.843474657874459
0.0,0.551553095072937,-0.5950171709916345,1.60102045863367,-1.099392050440902,0.7374811724628613,6.682527235887659,,,0.0,,0.7324109229599639,0.0003878330004781224,25.766855872774627,0.8431200930880004,25.766855872774627,0.8431200930880001
0.0,0.5520801261059711,-0.5940620872500748,1.5993408944420187,-1.0985494626013947,0.7376620942862233,6.691186066042437,,,0.0,,0.7318500869759065,0.0003871660687675709,25.787608624690197,0.842764924082211,25.787608624690208,0.8427649240822107
0.0,0.5526076607382276,-0.5931070035085151,1.5976643787743179,-1.0977057533199714,0.7378434200961906,6.699853985866352,,,0.0,,0.7312885026647044,0.0003864996614574817,25.8083693289085,0.8424091507048225,25.808369328908512,0.8424091507048221
0.0,0.5531356994509155,-0.5921519197669558,1.5959909074447198,-1.0968609238244553,0.7380251505506987,6.70853099790929,,,0.0,,0.7307261708443515,0.0003858337789638972,25.829137962818187,0.8420527728074577,25.829137962818198,0.8420527728074574
0.0,0.553664242725704,-0.5911968360253961,1.5943204762718644,-1.0960149753551456,0.7382072863076856,6.717217104699875,,,0.0,,0.7301630923411574,0.0003851684217047887,25.849914503742042,0.841695790245644,25.849914503742063,0.8416957902456438
0.0,0.5541932910447225,-0.5902417522838364,1.5926530810788755,-1.0951679091648368,0.7383898280250861,6.725912308745393,,,0.0,,0.7295992679897578,0.00038450359010004735,25.87069892893699,0.8413382028788253,25.870698928937003,0.8413382028788252
0.0,0.5547228448905606,-0.5892866685422771,1.5909887176933495,-1.09431972651883,0.7385727763608274,6.734616612531751,,,0.0,,0.7290346986331246,0.00038383928457147475,25.891491215594122,0.8409800105703752,25.891491215594144,0.8409800105703752
0.0,0.5552529047462696,-0.5883315848007173,1.589327381947341,-1.0934704286949466,0.7387561319728239,6.74333001852345,,,0.0,,0.728469385122574,0.00038317550554277076,25.912291340838813,0.840621213187608,25.912291340838824,0.8406212131876082
0.0,0.5557834710953623,-0.5873765010591576,1.5876690696773603,-1.092620016983546,0.7389398955189721,6.752052529163511,,,0.0,,0.7279033283177778,0.0003825122534395261,25.933099281730623,0.8402618106017926,25.933099281730648,0.840261810601793
0.0,0.5563145444218133,-0.5864214173175979,1.586013776724359,-1.0917684926875368,0.7391240676571458,6.760784146873445,,,0.0,,0.7273365290867724,0.0003818495286892108,25.953915015263494,0.8399018026881638,25.953915015263494,0.8399018026881645
0.0,0.5568461252100592,-0.5854663335760386,1.5843614989337222,-1.0909158571223925,0.739308649045191,6.769524874053194,,,0.0,,0.7267689883059667,0.0003811873317211643,25.974738518365612,0.8395411893259355,25.974738518365612,0.8395411893259365
0.0,0.5573782139450009,-0.5845112498344789,1.5827122321552558,-1.0900621116161613,0.7394936403409211,6.77827471308111,,,0.0,,0.7262007068601521,0.0003805256629665847,25.99556976789966,0.8391799703983115,25.99556976789965,0.8391799703983127
0.0,0.5579108111120012,-0.5835561660929192,1.581065972243182,-1.0892072575094842,0.7396790422021116,6.787033666313875,,,0.0,,0.7256316856425115,0.00037986452285851966,26.01640874066264,0.8388181457924991,26.01640874066265,0.8388181457925007
0.0,0.5584439171968875,-0.5826010823513594,1.5794227150561257,-1.088351296155605,0.7398648552864948,6.795801736086477,,,0.0,,0.7250619255546276,0.0003792039118318549,26.03725541338612,0.838455715399721,26.03725541338612,0.8384557153997229
0.0,0.5589775326859509,-0.5816459986098002,1.5777824564571075,-1.087494228920384,0.7400510802517556,6.804578924712153,,,0.0,,0.7244914275064916,0.000378543830323305,26.0581097627361,0.8380926791152268,26.058109762736084,0.8380926791152289
0.0,0.5595116580659478,-0.5806909148682404,1.5761451923135303,-1.0866360571823088,0.7402377177555257,6.813365234482362,,,0.0,,0.7239201924165107,0.0003778842787714006,26.078971765313174,0.8377290368383055,26.078971765313163,0.8377290368383077
0.0,0.5600462938240993,-0.5797358311266807,1.5745109184971748,-1.0857767823325097,0.7404247684553785,6.822160667666709,,,0.0,,0.7233482212115179,0.00037722525761648096,26.09984139765255,0.8373647884722976,26.09984139765254,0.8373647884722999
0.0,0.5605814404480918,-0.5787807473851214,1.5728796308841873,-1.08491640577477,0.7406122330088244,6.830965226512922,,,0.0,,0.7227755148267789,0.0003765667673006814,26.120718636224055,0.8369999339246073,26.120718636224044,0.8369999339246096
0.0,0.5611170984260786,-0.5778256636435617,1.5712513253550686,-1.0840549289255352,0.7408001120733055,6.8397789132468105,,,0.0,,0.7222020742059997,0.00037590880826792204,26.141603457432243,0.8366344731067137,26.14160345743223,0.8366344731067158
0.0,0.5616532682466785,-0.576870579902002,1.5696259977946683,-1.0831923532139307,0.7409884063061905,6.848601730072198,,,0.0,,0.7216279003013352,0.00037525138096389926,26.162495837616415,0.8362684059341836,26.162495837616405,0.8362684059341854
0.0,0.5621899503989777,-0.5759154961604422,1.5680036440921734,-1.0823286800817664,0.7411771163647692,6.857433679170893,,,0.0,,0.7210529940733962,0.00037459448583607326,26.183395753050643,0.835901732326683,26.183395753050643,0.8359017323266844
0.0,0.5627271453725293,-0.574960412418883,1.566384260141099,-1.081463910983553,0.7413662429062481,6.866274762702642,,,0.0,,0.7204773564912572,0.0003739381233336577,26.204303179943874,0.8355344522079889,26.204303179943874,0.8355344522079899
0.0,0.5632648536573551,-0.5740053286773232,1.5647678418392776,-1.0805980473865082,0.7415557865877446,6.875124982805093,,,0.0,,0.7199009885324619,0.0003732822939076083,26.225218094439946,0.8351665655060011,26.225218094439956,0.8351665655060017
0.0,0.5638030757439442,-0.5730502449357635,1.563154385088853,-1.0797310907705708,0.7417457480662819,6.883984341593724,,,0.0,,0.719323891183033,0.00037262699801061266,26.246140472617665,0.834798072152754,26.246140472617675,0.834798072152754
0.0,0.5643418121232547,-0.5720951611942038,1.5615438857962685,-1.078863042628409,0.7419361279987842,6.892852841161831,,,0.0,,0.7187460654374764,0.00037197223609707866,26.26707029049083,0.8344289720844285,26.267070290490842,0.834428972084428
0.0,0.5648810632867138,-0.5711400774526445,1.5599363398722585,-1.0779939044654312,0.7421269270420708,6.901730483580459,,,0.0,,0.71816751229879,0.000371318008623124,26.288007524008282,0.8340592652413632,26.288007524008297,0.8340592652413625
0.0,0.5654208297262187,-0.5701849937110848,1.5583317432318378,-1.0771236777997948,0.7423181458528519,6.910617270898383,,,0.0,,0.7175882327784676,0.00037066431604656347,26.30895214905404,0.8336889515680663,26.30895214905406,0.8336889515680654
0.0,0.5659611119341359,-0.569229909969525,1.5567300917942948,-1.0762523641624164,0.7425097850877224,6.919513205142038,,,0.0,,0.7170082278965083,0.00037001115882689977,26.32990414144723,0.8333180310132277,26.329904141447265,0.8333180310132263
0.0,0.5665019104033029,-0.5682748262279653,1.5551313814831809,-1.0753799650969813,0.7427018454031569,6.92841828831549,,,0.0,,0.7164274986814204,0.00036935853742531093,26.3508634769423,0.8329465035297291,26.350863476942322,0.8329465035297277
0.0,0.5670432256270277,-0.567319742486406,1.5535356082263014,-1.074506482159952,0.7428943274555047,6.93733252240039,,,0.0,,0.7158460461702283,0.0003687064523046396,26.37183013122887,0.8325743690746574,26.371830131228904,0.8325743690746558
0.0,0.5675850580990904,-0.5663646587448463,1.551942767955706,-1.0736319169205744,0.7430872319009847,6.946255909355936,,,0.0,,0.7152638714084771,0.0003680549039293801,26.392804079932027,0.8322016276093142,26.39280407993206,0.8322016276093125
0.0,0.5681274083137422,-0.5654095750032866,1.5503528566076805,-1.0727562709608913,0.7432805593956794,6.9551884511188184,,,0.0,,0.71468097545024,0.00036740389276566964,26.413785298612215,0.8318282790992285,26.41378529861226,0.8318282790992269
0.0,0.5686702767657067,-0.5644544912617273,1.5487658701227376,-1.071879545875747,0.74347431059553,6.964130149603183,,,0.0,,0.714097359358123,0.00036675341928127484,26.434773762765374,0.831454323514168,26.434773762765396,0.8314543235141664
0.0,0.5692136639501807,-0.5634994075201676,1.547181804445606,-1.0710017432727945,0.7436684861563317,6.973081006700597,,,0.0,,0.7135130242032689,0.00036610348394557985,26.455769447822934,0.8310797608281492,26.45576944782297,0.8310797608281477
0.0,0.5697575703628337,-0.5625443237786079,1.5456006555252249,-1.0701228647725054,0.7438630867337273,6.98204102427999,,,0.0,,0.7129279710653642,0.00036545408722957635,26.47677232915202,0.8307045910194499,26.476772329152055,0.8307045910194487
0.0,0.570301996499809,-0.5615892400370481,1.5440224193147312,-1.0692429120081766,0.7440581129832023,6.991010204187627,,,0.0,,0.7123422010326432,0.00036480522960585066,26.49778238205536,0.8303288140706203,26.49778238205538,0.8303288140706194
0.0,0.5708469428577236,-0.5606341562954889,1.5424470917714543,-1.068361886625936,0.7442535655600799,6.999988548247045,,,0.0,,0.7117557152018926,0.00036415691154857244,26.518799581771386,0.8299524299684935,26.51879958177141,0.8299524299684928
0.0,0.5713924099336701,-0.5596790725539291,1.540874668856902,-1.0674797902847502,0.7444494451195154,7.008976058259051,,,0.0,,0.7111685146784555,0.00036350913353348194,26.539823903474424,0.8295754387041965,26.53982390347445,0.829575438704196
0.0,0.5719383982252151,-0.5587239888123694,1.5393051465367569,-1.0665966246564311,0.7446457523164907,7.017972736001632,,,0.0,,0.7105806005762371,0.00036286189603787933,26.56085532227461,0.829197840273162,26.560855322274634,0.8291978402731618
0.0,0.5724849082304008,-0.5577689050708097,1.537738520780865,-1.0657123914256426,0.7448424878058089,7.026978583229945,,,0.0,,0.7099919740177075,0.0003622151995406123,26.581893813218013,0.8288196346751393,26.581893813218034,0.828819634675139
0.0,0.5730319404477453,-0.5568138213292504,1.536174787563227,-1.0648270922899048,0.7450396522420891,7.035993601676262,,,0.0,,0.7094026361339071,0.0003615690445220642,26.602939351286732,0.8284408219142044,26.602939351286757,0.828440821914204
0.0,0.5735794953762436,-0.5558587375876907,1.5346139428619874,-1.0639407289596003,0.7452372462797614,7.04501779304995,,,0.0,,0.7088125880644481,0.0003609234314641409,26.623991911398964,0.8280614019987712,26.623991911399,0.8280614019987707
0.0,0.574127573515367,-0.5549036538461309,1.5330559826594299,-1.0630533031579814,0.7454352705730604,7.054051159037395,,,0.0,,0.7082218309575206,0.00036027836085026005,26.645051468409036,0.827681374941603,26.645051468409058,0.8276813749416023
0.0,0.5746761753650639,-0.5539485701045717,1.5315009029419666,-1.0621648166211728,0.7456337257760204,7.063093701301981,,,0.0,,0.7076303659698948,0.00035963383316533885,26.666117997107456,0.827300740759823,26.66611799710749,0.8273007407598223
0.0,0.575225301425761,-0.5529934863630119,1.5299486997001268,-1.0612752710981768,0.7458326125424707,7.072145421484067,,,0.0,,0.7070381942669235,0.0003589898488957799,26.687191472221137,0.826919499474924,26.68719147222116,0.8269194994749233
0.0,0.5757749521983628,-0.5520384026214522,1.528399368928552,-1.0603846683508789,0.7460319315260286,7.081206321200912,,,0.0,,0.7064453170225466,0.0003583464085294615,26.708271868413277,0.8265376511127808,26.708271868413302,0.82653765111278
0.0,0.5763251281842525,-0.5510833188798925,1.5268529066259855,-1.0594930101540512,0.7462316833800953,7.090276402046651,,,0.0,,0.705851735419293,0.0003577035125557235,26.729359160283558,0.8261551957036594,26.72935916028358,0.8261551957036586
0.0,0.5768758298852922,-0.5501282351383332,1.5253093087952636,-1.058600298295357,0.7464318687578495,7.099355665592262,,,0.0,,0.7052574506482842,0.0003570611614653564,26.750453322368177,0.8257721332822282,26.750453322368212,0.8257721332822276
0.0,0.577427057803824,-0.5491731513967735,1.5237685714433062,-1.0577065345753525,0.7466324883122426,7.108444113385519,,,0.0,,0.7046624639092343,0.0003564193557505861,26.77155432914001,0.8253884638875683,26.77155432914002,0.8253884638875679
0.0,0.5779788124426697,-0.5482180676552137,1.52223069058111,-1.0568117208074936,0.7468335426959928,7.117541746950951,,,0.0,,0.7040667764104557,0.0003557780959050647,26.792662155008504,0.825004187563184,26.792662155008518,0.825004187563184
0.0,0.5785310943051315,-0.547262983913654,1.5206956622237393,-1.0559158588181354,0.7470350325615798,7.1266485677898,,,0.0,,0.7034703893688585,0.0003551373824238558,26.81377677431995,0.8246193043570135,26.81377677431996,0.8246193043570138
0.0,0.5790839038949925,-0.5463079001720947,1.5191634823903162,-1.0550189504465382,0.7472369585612388,7.135764577379991,,,0.0,,0.7028733040099543,0.0003544972158034228,26.83489816135746,0.8242338143214385,26.834898161357472,0.8242338143214394
0.0,0.5796372417165179,-0.545352816430535,1.5176341471040122,-1.0541209975448662,0.7474393213469561,7.144889777176092,,,0.0,,0.7022755215678553,0.0003538575965416148,26.856026290341113,0.823847717513295,26.856026290341127,0.8238477175132964
0.0,0.5801911082744536,-0.5443977326889753,1.5161076523920411,-1.053222001978194,0.7476421215704624,7.154024168609272,,,0.0,,0.701677043285279,0.0003532185251376561,26.87716113542799,0.8234610139938836,26.877161135427976,0.8234610139938855
0.0,0.5807455040740288,-0.5434426489474156,1.5145839942856505,-1.0523219656245046,0.7478453598832275,7.163167753087249,,,0.0,,0.701077870413547,0.0003525800020921313,26.898302670712212,0.8230737038289793,26.898302670712212,0.8230737038289818
0.0,0.5813004296209544,-0.5424875652058563,1.5130631688201115,-1.051420890374695,0.7480490369364553,7.172320531994276,,,0.0,,0.7004780042125874,0.0003519420279069737,26.919450870225162,0.8226857870888419,26.919450870225162,0.822685787088845
0.0,0.581855885421426,-0.5415324814642966,1.5115451720347102,-1.0505187781325727,0.7482531533810778,7.181482506691097,,,0.0,,0.6998774459509346,0.00035130460308545124,26.940605707935497,0.8222972638482255,26.940605707935497,0.8222972638482291
0.0,0.5824118719821216,-0.5405773977227368,1.5100299999727416,-1.0496156308148616,0.7484577098677494,7.190653678514895,,,0.0,,0.6992761969057315,0.0003506677281321549,26.961767157749186,0.8219081341863895,26.961767157749172,0.8219081341863933
0.0,0.5829683898102036,-0.5396223139811775,1.5085176486815006,-1.0487114503511994,0.7486627070468416,7.199834048779259,,,0.0,,0.698674258362729,0.00035003140355298475,26.98293519350968,0.8215183981871076,26.982935193509654,0.8215183981871116
0.0,0.5835254394133199,-0.5386672302396178,1.5070081142122704,-1.047806238684139,0.7488681455684375,7.209023618774169,,,0.0,,0.6980716316162858,0.00034939562985513627,27.00410978899794,0.8211280559386774,27.004109788997916,0.8211280559386813
0.0,0.5840830212996023,-0.5377121464980581,1.5055013926203187,-1.0468999977691487,0.7490740260823258,7.218222389765925,,,0.0,,0.6974683179693697,0.0003487604075470887,27.025290917932594,0.8207371075339316,27.02529091793257,0.8207371075339353
0.0,0.5846411359776688,-0.5367570627564984,1.5039974799648865,-1.045992729574613,0.7492803492379952,7.22743036299713,,,0.0,,0.6968643187335571,0.00034812573713859085,27.04647855396996,0.8203455530702461,27.04647855396996,0.8203455530702494
0.0,0.585199783956623,-0.5358019790149391,1.5024963723091813,-1.04508443608183,0.7494871156846293,7.236647539686647,,,0.0,,0.6962596352290326,0.0003474916191406482,27.067672670704216,0.8199533926495514,27.067672670704216,0.8199533926495539
0.0,0.5857589657460556,-0.5348468952733794,1.5009980657203663,-1.0441751192850128,0.7496943260711005,7.245873921029576,,,0.0,,0.6956542687845878,0.0003468580540655087,27.088873241667432,0.8195606263783398,27.088873241667432,0.8195606263783416
0.0,0.5863186818560436,-0.5338918115318196,1.4995025562695556,-1.0432647811912865,0.7499019810459643,7.255109508197189,,,0.0,,0.6950482207376221,0.0003462250424266509,27.110080240329626,0.8191672543676776,27.11008024032965,0.8191672543676786
0.0,0.586878932797152,-0.5329367277902599,1.498009840031804,-1.0423534238206882,0.7501100812574539,7.264354302336927,,,0.0,,0.6944414924341404,0.0003455925847387692,27.131293640099027,0.8187732767332128,27.131293640099038,0.818773276733213
0.0,0.5874397190804326,-0.5319816440487006,1.4965199130861,-1.0414410492061654,0.7503186273534744,7.273608304572329,,,0.0,,0.6938340852287532,0.0003449606815177613,27.152513414321962,0.8183786935951852,27.152513414321977,0.8183786935951848
0.0,0.588001041217427,-0.5310265603071409,1.495032771515354,-1.0405276593935724,0.7505276199815974,7.28287151600304,,,0.0,,0.693226000484674,0.0003443293332807134,27.17373953628312,0.8179835050784353,27.173739536283144,0.8179835050784344
0.0,0.5885628997201645,-0.5300714765655812,1.4935484114063955,-1.0396132564416698,0.7507370597890547,7.292143937704734,,,0.0,,0.6926172395737188,0.0003436985405458884,27.194971979205555,0.8175877113124141,27.19497197920558,0.8175877113124128
0.0,0.5891252951011638,-0.5291163928240219,1.4920668288499626,-1.0386978424221218,0.7509469474227329,7.301425570729095,,,0.0,,0.6920078038763042,0.0003430683038327109,27.21621071625082,0.8171913124311927,27.216210716250856,0.8171913124311908
0.0,0.5896882278734342,-0.5281613090824622,1.4905880199406916,-1.0377814194194905,0.7511572835291684,7.310716416103798,,,0.0,,0.6913976947814446,0.0003424386236617533,27.23745572051911,0.8167943085734694,27.237455720519158,0.8167943085734671
0.0,0.5902516985504741,-0.5272062253409024,1.4891119807771127,-1.036863989531237,0.7513680687545404,7.320016474832445,,,0.0,,0.6907869136867517,0.00034180950055472353,27.258706965049264,0.8163966998825815,27.258706965049313,0.8163966998825789
0.0,0.590815707646273,-0.5262511415993427,1.4876387074616404,-1.0359455548677148,0.7515793037446661,7.32932574789455,,,0.0,,0.6901754619984305,0.00034118093503444983,27.279964422818963,0.8159984865065126,27.279964422819024,0.8159984865065099
0.0,0.5913802556753114,-0.5252960578577834,1.486168196100566,-1.035026117552167,0.7517909891449945,7.338644236245492,,,0.0,,0.6895633411312782,0.00034055292762486775,27.30122806674478,0.8155996685979022,27.30122806674484,0.8155996685978995
0.0,0.591945343152562,-0.5243409741162237,1.4847004428040464,-1.0341056797207215,0.7520031256006012,7.347971940816507,,,0.0,,0.6889505525086798,0.0003399254788510053,27.322497869682334,0.8152002463140539,27.322497869682383,0.8152002463140512
0.0,0.5925109705934889,-0.523385890374664,1.4832354436861022,-1.0331842435223886,0.7522157137561821,7.357308862514619,,,0.0,,0.688337097562607,0.00033929858923897004,27.343773804426338,0.8148002198169451,27.343773804426373,0.8148002198169427
0.0,0.593077138514049,-0.5224308066331043,1.481773194864605,-1.0322618111190525,0.7524287542560477,7.366655002222626,,,0.0,,0.6877229777336137,0.0003386722593159345,27.36505584371073,0.8143995892732352,27.365055843710767,0.8143995892732332
0.0,0.5936438474306919,-0.521475722891545,1.4803136924612712,-1.03133838468547,0.7526422477441175,7.376010360799063,,,0.0,,0.6871081944708334,0.0003380464896101226,27.386343960208812,0.8139983548542749,27.386343960208837,0.8139983548542733
0.0,0.5942110978603615,-0.5205206391499853,1.4788569326016532,-1.030413966409263,0.7528561948639145,7.385374939078179,,,0.0,,0.6864927492319742,0.0003374212806507942,27.407638126533328,0.8135965167361133,27.407638126533353,0.8135965167361122
0.0,0.594778890320495,-0.5195655554084255,1.4774029114151332,-1.0294885584909128,0.7530705962585589,7.394748737869888,,,0.0,,0.6858766434833174,0.00033679663296823267,27.428938315236593,0.8131940750995085,27.428938315236618,0.8131940750995078
0.0,0.5953472253290237,-0.5186104716668662,1.4759516250349154,-1.0285621631437551,0.7532854525707622,7.404131757959735,,,0.0,,0.6852598786997117,0.00033617254709373016,27.45024449881058,0.8127910301299346,27.450244498810605,0.812791030129934
0.0,0.5959161034043751,-0.5176553879253065,1.4745030695980146,-1.0276347825939722,0.7535007644428223,7.41352400010889,,,0.0,,0.6846424563645687,0.0003355490235595719,27.471556649687066,0.8123873820175903,27.47155664968709,0.8123873820175895
0.0,0.5964855250654706,-0.5167003041837468,1.4730572412452536,-1.0267064190805884,0.7537165325166167,7.4229254650540835,,,0.0,,0.6840243779698603,0.00033492606289902435,27.49287474023774,0.8119831309574072,27.49287474023776,0.8119831309574063
0.0,0.5970554908317285,-0.5157452204421871,1.4716141361212522,-1.025777074855461,0.7539327574335973,7.432336153507596,,,0.0,,0.6834056450161123,0.0003343036656463189,27.514198742774262,0.8115782771490586,27.514198742774298,0.8115782771490575
0.0,0.5976260012230625,-0.5147901367006278,1.4701737503744217,-1.024846752183274,0.754149439834784,7.4417560661572075,,,0.0,,0.6827862590124006,0.0003336818323366386,27.535528629548466,0.8111728207969675,27.535528629548516,0.8111728207969663
0.0,0.5981970567598844,-0.5138350529590681,1.4687360801569531,-1.0239154533415298,0.7543665803607595,7.451185203666197,,,0.0,,0.682166221476345,0.00033306056350610206,27.556864372752468,0.810766762110314,27.556864372752504,0.8107667621103125
0.0,0.5987686579631021,-0.5128799692175083,1.4673011216248149,-1.0229831806205416,0.7545841796516634,7.46062356667328,,,0.0,,0.6815455339341053,0.00033243985969175156,27.57820594451869,0.810360101303044,27.57820594451873,0.8103601013030426
0.0,0.5993408053541217,-0.5119248854759486,1.4658688709377423,-1.0220499363234257,0.7548022383471855,7.470071155792586,,,0.0,,0.6809241979203751,0.0003318197214315361,27.599553316920066,0.8099528385938775,27.5995533169201,0.809952838593876
0.0,0.5999134994548471,-0.5109698017343893,1.4644393242592302,-1.021115722766093,0.755020757086561,7.479527971613641,,,0.0,,0.6803022149783762,0.00033120014926429854,27.620906461970158,0.8095449742063155,27.620906461970183,0.8095449742063142
0.0,0.6004867407876819,-0.5100147179928296,1.4630124777565248,-1.0201805422772374,0.7552397365085642,7.4889940147013245,,,0.0,,0.6796795866598518,0.00033058114372975904,27.642265351623255,0.8091365083686483,27.64226535162329,0.8091365083686471
0.0,0.601060529875528,-0.5090596342512699,1.4615883276006183,-1.0192443971983305,0.7554591772515027,7.498469285595843,,,0.0,,0.6790563145250624,0.00032996270536850226,27.66362995777451,0.8087274413139632,27.663629957774535,0.8087274413139625
0.0,0.6016348672417873,-0.5081045505097102,1.4601668699662393,-1.0183072898836094,0.755679079953211,7.507953784812698,,,0.0,,0.6784324001427771,0.0003293448347219618,27.685000252260043,0.8083177732801525,27.685000252260053,0.8083177732801523
0.0,0.6022097534103613,-0.5071494667681509,1.458748101031848,-1.0173692227000684,0.7558994452510455,7.517447512842655,,,0.0,,0.6778078450902691,0.00032872753233240544,27.70637620685706,0.8079075045099208,27.706376206857083,0.8079075045099211
0.0,0.6027851889056532,-0.5061943830265911,1.4573320169796231,-1.0164301980274464,0.7561202737818781,7.526950470151729,,,0.0,,0.677182650953307,0.0003281107987429198,27.72775779328408,0.8074966352507914,27.72775779328408,0.8074966352507925
0.0,0.6033611742525663,-0.5052392992850314,1.455918613995462,-1.0154902182582186,0.7563415661820901,7.536462657181133,,,0.0,,0.6765568193261492,0.0003274946344973965,27.749144983200882,0.807085165755116,27.749144983200896,0.8070851657551179
0.0,0.6039377099765056,-0.5042842155434721,1.4545078882689686,-1.014549285797586,0.7565633230875669,7.545984074347258,,,0.0,,0.6759303518115366,0.00032687904014051697,27.770537748208795,0.8066730962800804,27.770537748208795,0.8066730962800832
0.0,0.6045147966033789,-0.5033291318019124,1.4530998359934455,-1.013607403063461,0.7567855451336917,7.55551472204166,,,0.0,,0.6753032500206836,0.00032626401621773613,27.791936059850766,0.806260427087712,27.791936059850766,0.8062604270877156
0.0,0.6050924346595957,-0.5023740480603527,1.45169445336589,-1.0126645724864598,0.7570082329553394,7.565054600631003,,,0.0,,0.6746755155732728,0.0003256495632752696,27.81333988961148,0.8058471584448872,27.813339889611456,0.8058471584448916
0.0,0.6056706246720688,-0.501418964318793,1.4502917365869843,-1.0117207965098878,0.7572313871868711,7.5746037104570565,,,0.0,,0.6740471500974452,0.000325035681860077,27.83474920891747,0.8054332906233387,27.834749208917444,0.8054332906233438
0.0,0.6062493671682141,-0.5004638805772337,1.4488916818610906,-1.0107760775897299,0.7574550084621277,7.584162051836641,,,0.0,,0.6734181552297933,0.0003244223725198476,27.856163989137322,0.8050188238996623,27.856163989137286,0.8050188238996678
0.0,0.6068286626759525,-0.49950879683567395,1.4474942853962385,-1.0098304181946334,0.7576790974144246,7.593729625061642,,,0.0,,0.6727885326153515,0.0003238096358029843,27.87758420158176,0.8046037585553233,27.877584201581737,0.804603758555329
0.0,0.6074085117237082,-0.4985537130941142,1.4460995434041253,-1.008883820805901,0.7579036546765452,7.603306430398937,,,0.0,,0.6721582839075891,0.00032319747225858993,27.899009817503796,0.8041880948766644,27.89900981750377,0.8041880948766702
0.0,0.6079889148404112,-0.4975986293525545,1.4447074521001035,-1.0079362879174738,0.758128680880735,7.612892468090393,,,0.0,,0.6715274107684004,0.0003225858824364507,27.920440808098853,0.8037718331549122,27.920440808098828,0.8037718331549175
0.0,0.6085698725554959,-0.4966435456109952,1.4433180077031762,-1.006987822035919,0.7583541766586959,7.622487738352834,,,0.0,,0.6708959148680966,0.0003219748668870218,27.941877144504886,0.8033549736861835,27.941877144504875,0.8033549736861881
0.0,0.6091513853989039,-0.4956884618694355,1.4419312064359868,-1.0060384256804156,0.75858014264158,7.632092241378029,,,0.0,,0.6702637978853951,0.00032136442616141083,27.96331879780262,0.8029375167714915,27.963318797802597,0.8029375167714953
0.0,0.6097334539010822,-0.49473337812787577,1.4405470445248167,-1.0050881013827404,0.758806579459984,7.641705977332634,,,0.0,,0.6696310615074118,0.0003207545608113641,27.9847657390155,0.802519462716754,27.98476573901549,0.8025194627167566
0.0,0.6103160785929848,-0.4937782943863165,1.4391655181995753,-1.0041368516872553,0.7590334877439424,7.651328946358194,,,0.0,,0.6689977074296511,0.0003201452713892505,28.006217939110012,0.8021008118327985,28.006217939110023,0.8021008118327999
0.0,0.6108992600060736,-0.49282321064475676,1.4377866236937915,-1.003184679150888,0.7592608681229227,7.660961148571111,,,0.0,,0.6683637373559945,0.00031953655844804533,28.027675368995773,0.8016815644353683,28.027675368995798,0.8016815644353686
0.0,0.6114829986723179,-0.49186812690319703,1.4364103572446112,-1.0022315863431215,0.7594887212258185,7.670602584062611,,,0.0,,0.6677291529986925,0.00031892842254131585,28.04913799952561,0.8012617208451304,28.04913799952566,0.8012617208451298
0.0,0.6120672951241952,-0.4909130431616373,1.4350367150927856,-1.0012775758459767,0.7597170476809434,7.6802532528987255,,,0.0,,0.6670939560783535,0.0003183208642232057,28.070605801495812,0.80084128138768,28.07060580149585,0.8008412813876786
0.0,0.6126521498946917,-0.489957959420078,1.433665693482669,-1.0003226502539966,0.759945848116026,7.689913155120255,,,0.0,,0.6664581483239331,0.0003177138840484189,28.0920787456461,0.8004202463935478,28.092078745646162,0.8004202463935458
0.0,0.6132375635173039,-0.4890028756785183,1.432297288662206,-0.9993668121742286,0.760175123158203,7.699582290742774,,,0.0,,0.6658217314727228,0.0003171074825722038,28.113556802660042,0.7999986161982053,28.113556802660092,0.7999986161982026
0.0,0.6138235365260368,-0.4880477919369586,1.4309314968829308,-0.9984100642262119,0.7604048734340136,7.709260659756572,,,0.0,,0.6651847072703408,0.0003165016603503388,28.1350399431649,0.7995763911420712,28.135039943164962,0.7995763911420679
0.0,0.6144100694554063,-0.48709270819539885,1.4295683143999558,-0.9974524090419565,0.7606350995693932,7.718948262126648,,,0.0,,0.664547077470719,0.00031589641793911574,28.156528137732025,0.7991535715705174,28.156528137732085,0.7991535715705137
0.0,0.6149971628404388,-0.48613762445383957,1.4282077374719682,-0.9964938492659293,0.7608658021896675,7.7286450977926755,,,0.0,,0.6639088438360925,0.00031529175589532456,28.17802135687679,0.7987301578338742,28.178021356876865,0.7987301578338704
0.0,0.6155848172166725,-0.48518254071227984,1.426849762361219,-0.9955343875550337,0.7610969819195468,7.738351166669004,,,0.0,,0.6632700081369874,0.00031468767477623675,28.199519571059003,0.7983061502874363,28.19951957105908,0.7983061502874325
0.0,0.6161730331201566,-0.4842274569707201,1.4254943853335211,-0.9945740265785936,0.7613286393831195,7.748066468644605,,,0.0,,0.6626305721522097,0.0003140841751395907,28.221022750682792,0.7978815492914688,28.221022750682856,0.7978815492914652
0.0,0.616761811087453,-0.4832723732291604,1.424141602658239,-0.9936127690183358,0.7615607752038461,7.757791003583065,,,0.0,,0.6619905376688325,0.0003134812575435755,28.24253086609689,0.7974563552112123,28.242530866096963,0.797456355211209
0.0,0.6173511516556357,-0.4823172894876011,1.4227914106082846,-0.9926506175683699,0.7617933900045537,7.767524771322556,,,0.0,,0.6613499064821842,0.00031287892254681487,28.2640438875948,0.7970305684168885,28.264043887594863,0.7970305684168857
0.0,0.6179410553622932,-0.4813622057460414,1.4214438054601068,-0.9916875749351691,0.7620264844074294,7.777267771675829,,,0.0,,0.6607086803958349,0.0003122771707083507,28.28556178541492,0.7966041892837051,28.28556178541497,0.796604189283703
0.0,0.6185315227455261,-0.48040712200448166,1.4200987834936898,-0.9907236438375531,0.7622600590340144,7.7870200044301745,,,0.0,,0.6600668612215852,0.0003116760025876288,28.30708452974066,0.7961772181918623,28.307084529740724,0.7961772181918607
0.0,0.6191225543439499,-0.4794520382629224,1.4187563409925437,-0.9897588270066676,0.7624941145051979,7.796781469347397,,,0.0,,0.6594244507794523,0.00031107541874448143,28.32861209070067,0.7957496555265566,28.32861209070072,0.7957496555265555
0.0,0.6197141506966953,-0.47849695452136265,1.417416474243696,-0.9887931271859631,0.7627286514412115,7.806552166163825,,,0.0,,0.6587814508976566,0.0003104754197391115,28.35014443836897,0.7953215016779864,28.35014443836901,0.7953215016779855
0.0,0.6203063123434075,-0.4775418707798029,1.4160791795376906,-0.9878265471311768,0.7629636704616224,7.816332094590243,,,0.0,,0.6581378634126084,0.00030987600613207727,28.371681542765078,0.7948927570413575,28.371681542765117,0.7948927570413564
0.0,0.6208990398242471,-0.4765867870382432,1.4147444531685753,-0.9868590896103111,0.7631991721853278,7.826121254311914,,,0.0,,0.657493690168895,0.0003092771784842758,28.39322337385419,0.7944634220168868,28.39322337385424,0.7944634220168854
0.0,0.6214923336798913,-0.4756317032966839,1.4134122914339002,-0.9858907574036131,0.7634351572305488,7.8359196449885244,,,0.0,,0.6568489330192661,0.00030867893735692716,28.414769901547377,0.7940334970098083,28.414769901547416,0.7940334970098066
0.0,0.6220861944515342,-0.4746766195551242,1.4120826906347068,-0.9849215533035514,0.7636716262148245,7.8457272662542,,,0.0,,0.6562035938246189,0.0003080812833115571,28.4363210957017,0.7936029824303771,28.436321095701754,0.7936029824303752
0.0,0.6226806226808866,-0.47372153581356446,1.410755647075525,-0.9839514801147979,0.7639085797550055,7.855544117717451,,,0.0,,0.6555576744539854,0.0003074842169099827,28.4578769261204,0.7931718786938747,28.457876926120438,0.7931718786938726
0.0,0.623275618910177,-0.47276645207200474,1.409431157064366,-0.9829805406542036,0.764146018467248,7.865370198961165,,,0.0,,0.6549111767845167,0.00030688773871429497,28.479437362553,0.7927401862206134,28.479437362553053,0.7927401862206112
0.0,0.6238711836821518,-0.47181136833044546,1.4081092169127152,-0.9820087377507776,0.7643839429670075,7.875205509542593,,,0.0,,0.6542641027014692,0.00030629184928684353,28.501002374695574,0.7923079054359401,28.501002374695638,0.7923079054359379
0.0,0.6244673175400766,-0.47085628458888573,1.4067898229355245,-0.9810360742456621,0.764622353869034,7.885050048993337,,,0.0,,0.6536164540981878,0.0003056965491902187,28.522571932190868,0.7918750367702413,28.522571932190928,0.7918750367702392
0.0,0.6250640210277356,-0.469901200847326,1.4054729714512098,-0.9800625529921133,0.7648612517873637,7.894903816819304,,,0.0,,0.6529682328760925,0.00030510183898723695,28.54414600462842,0.7914415806589473,28.54414600462847,0.7914415806589454
0.0,0.6256612946894327,-0.4689461171057667,1.404158658781642,-0.9790881768554753,0.7651006373353147,7.904766812500705,,,0.0,,0.6523194409446623,0.0003045077192409243,28.565724561544748,0.7910075375425365,28.565724561544787,0.791007537542535
0.0,0.6262591390699923,-0.467991033364207,1.4028468812521395,-0.9781129487131571,0.7653405111254807,7.914639035492058,,,0.0,,0.6516700802214187,0.0003039141905144986,28.587307572423605,0.7905729078665386,28.58730757242363,0.7905729078665379
0.0,0.6268575547147589,-0.4670359496226473,1.401537635191466,-0.9771368714546091,0.7655808737697237,7.924520485222119,,,0.0,,0.6510201526319109,0.00030332125337135515,28.608895006696002,0.79013769208154,28.60889500669604,0.7901376920815402
0.0,0.6274565421695983,-0.46608086588108755,1.400230916931821,-0.9761599479812992,0.7658217258791694,7.934411161093909,,,0.0,,0.6503696601096993,0.00030272890837504873,28.63048683374056,0.789701890643187,28.630486833740573,0.7897018906431881
0.0,0.6280561019808977,-0.46512578213952827,1.3989267228088351,-0.9751821812066878,0.7660630680642001,7.944311062484677,,,0.0,,0.6497186045963393,0.0003021371560892782,28.65208302288346,0.7892655040121893,28.65208302288346,0.7892655040121916
0.0,0.628656234695567,-0.46417069839796854,1.3976250491615627,-0.9742035740562007,0.7663049009344491,7.954220188745886,,,0.0,,0.6490669880413634,0.00030154599707786874,28.673683543398838,0.7888285326543241,28.673683543398827,0.7888285326543275
0.0,0.629256940861038,-0.4632156146564088,1.3963258923324773,-0.9732241294672087,0.7665472250987947,7.964138539203199,,,0.0,,0.6484148124022662,0.0003009554319047572,28.69528836450879,0.7883909770404398,28.69528836450878,0.7883909770404444
0.0,0.6298582210252659,-0.4622605309148491,1.3950292486674647,-0.9722438503889971,0.7667900411653533,7.974066113156456,,,0.0,,0.6477620796444862,0.0003003654611339739,28.7168974553837,0.7879528376464593,28.716897455383663,0.787952837646465
0.0,0.6304600757367292,-0.4613054471732898,1.393735114515818,-0.9712627397827429,0.7670333497414743,7.984002909879661,,,0.0,,0.6471087917413892,0.0002997760853296275,28.738510785142207,0.787514114953384,28.738510785142182,0.7875141149533904
0.0,0.6310625055444313,-0.4603503634317301,1.3924434862302282,-0.9702808006214865,0.7672771514337334,7.993948928620978,,,0.0,,0.6464549506742499,0.00029918730505588666,28.760128322851646,0.7870748094472957,28.760128322851607,0.7870748094473028
0.0,0.6316655109978994,-0.45939527969017036,1.3911543601667826,-0.9692980358901064,0.7675214468479268,8.003904168602693,,,0.0,,0.6458005584322349,0.00029859912087696526,28.78175003752802,0.7866349216193615,28.78175003752797,0.786634921619369
0.0,0.6322690926471857,-0.4584401959486111,1.3898677326849573,-0.968314448585292,0.7677662365890645,8.013868629021207,,,0.0,,0.6451456170123852,0.00029801153335710527,28.80337589813619,0.7861944519658366,28.803375898136164,0.7861944519658439
0.0,0.6328732510428688,-0.45748511220705135,1.3885836001476088,-0.9673300417155153,0.7680115212613654,8.023842309047046,,,0.0,,0.6444901284195961,0.00029742454306055894,28.825005873590293,0.785753400988066,28.82500587359024,0.7857534009880729
0.0,0.633477986736053,-0.4565300284654916,1.3873019589209723,-0.9663448183010044,0.7682573014682496,8.033825207824796,,,0.0,,0.6438340946666008,0.00029683815055157376,28.846639932753554,0.7853117691924894,28.8466399327535,0.7853117691924952
0.0,0.6340833002783688,-0.4555749447239319,1.3860228053746526,-0.9653587813737152,0.7685035778123336,8.043817324473137,,,0.0,,0.643177517773951,0.000296252356394375,28.86827804443873,0.7848695570906424,28.868278044438703,0.7848695570906471
0.0,0.6346891922219741,-0.4546198609823726,1.3847461358816204,-0.9643719339773034,0.7687503508954235,8.053818658084795,,,0.0,,0.6425203997699981,0.0002956671611531493,28.88992017740825,0.7844267651991608,28.889920177408264,0.7844267651991641
0.0,0.6352956631195549,-0.4536647772408129,1.383471946818204,-0.9633842791670938,0.7689976213185094,8.063829207726558,,,0.0,,0.6418627426908732,0.0002950825653920268,28.911566300374428,0.7839833940397815,28.91156630037444,0.7839833940397832
0.0,0.6359027135243245,-0.45270969349925316,1.3822002345640858,-0.9623958200100545,0.7692453896817585,8.073848972439238,,,0.0,,0.6412045485804696,0.00029449856967506637,28.933216381999436,0.7835394441393466,28.93321638199949,0.7835394441393471
0.0,0.6365103439900254,-0.45175460975769344,1.3809309955022968,-0.9614065595847653,0.7694936565845099,8.083877951237662,,,0.0,,0.6405458194904219,0.000293915174566237,28.954870390895838,0.7830949160298054,28.954870390895874,0.7830949160298049
0.0,0.6371185550709285,-0.45079952601613416,1.3796642260192091,-0.9604165009813891,0.7697424226252675,8.093916143110663,,,0.0,,0.6398865574800868,0.0002933323806294026,28.976528295626398,0.7826498102482163,28.976528295626462,0.7826498102482148
0.0,0.6377273473218356,-0.44984444227457443,1.3783999225045298,-0.9594256473016401,0.7699916884016953,8.103963547021088,,,0.0,,0.6392267646165224,0.0002927501884283033,28.998190064704676,0.7822041273367493,28.998190064704715,0.7822041273367468
0.0,0.6383367212980775,-0.4488893585330147,1.3771380813512986,-0.9584340016587561,0.7702414545106097,8.114020161905746,,,0.0,,0.6385664429744687,0.0002921685985265404,29.01985566659475,0.7817578678426886,29.01985566659483,0.7817578678426853
0.0,0.638946677555516,-0.447934274791455,1.3758786989558789,-0.9574415671774664,0.7704917215479743,8.12408598667542,,,0.0,,0.6379055946363276,0.00029158761148755867,29.041525069711938,0.7813110323184345,29.041525069712,0.7813110323184304
0.0,0.6395572166505439,-0.4469791910498957,1.374621771717955,-0.9564483469939606,0.7707424901088935,8.134161020214849,,,0.0,,0.637244221692141,0.00029100722787462984,29.06319824242248,0.7808636213215049,29.06319824242256,0.7808636213215002
0.0,0.6401683391400862,-0.44602410730833597,1.3733672960405223,-0.9554543442558567,0.770993760787607,8.14424526138273,,,0.0,,0.6365823262395701,0.00029042744825083446,29.084875153044123,0.7804156354145374,29.084875153044187,0.7804156354145325
0.0,0.6407800455815995,-0.44506902356677625,1.372115268329887,-0.954459562122172,0.7712455341774825,8.154338709011691,,,0.0,,0.6359199103838759,0.00028984827317904714,29.106555769846057,0.7799670751652916,29.10655576984612,0.7799670751652867
0.0,0.641392336533073,-0.44411393982521696,1.3708656849956573,-0.9534640037632873,0.7714978108710105,8.164441361908276,,,0.0,,0.6352569762378957,0.0002892697032219181,29.128240061049222,0.7795179411466504,29.128240061049326,0.7795179411466457
0.0,0.6420052125530298,-0.44315885608365724,1.3696185424507377,-0.9524676723609177,0.7717505914597984,8.174553218852964,,,0.0,,0.6345935259220226,0.00028869173894185605,29.149927994826633,0.7790682339366208,29.149927994826687,0.7790682339366166
0.0,0.6426186742005261,-0.4422037723420975,1.3683738371113263,-0.9514705711080776,0.7720038765345631,8.18467427860012,,,0.0,,0.6339295615641838,0.0002881143809010124,29.171619539303226,0.778617954118337,29.171619539303265,0.7786179541183336
0.0,0.6432327220351522,-0.4412486886005378,1.3671315653969063,-0.9504727032090502,0.7722576666851265,8.194804539878014,,,0.0,,0.6332650852998184,0.0002875376296612636,29.193314662556368,0.7781671022800606,29.193314662556407,0.7781671022800578
0.0,0.6438473566170333,-0.4402936048589785,1.3658917237302435,-0.9494740718793518,0.772511962500408,8.204944001388798,,,0.0,,0.6326000992718557,0.00028696148578419436,29.21501333261597,0.777715679015182,29.215013332615996,0.7777156790151801
0.0,0.6444625785068303,-0.4393385211174188,1.3646543085373775,-0.9484746803456987,0.7727667645684196,8.21509266180851,,,0.0,,0.631934605630691,0.00028638594983107957,29.236715517464614,0.7772636849222219,29.236715517464678,0.7772636849222204
0.0,0.6450783882657392,-0.43838343737585905,1.3634193162476194,-0.9474745318459736,0.7730220734762587,8.225250519787044,,,0.0,,0.6312686065341653,0.00028581102236286933,29.25842118503794,0.776811120604832,29.258421185037992,0.7768111206048308
0.0,0.6456947864554923,-0.4374283536342993,1.362186743293546,-0.946473629629191,0.7732778898101029,8.235417573948165,,,0.0,,0.6306021041475405,0.00028523670394017006,29.280130303224585,0.7763579866717963,29.280130303224624,0.7763579866717948
0.0,0.6463117736383585,-0.43647326989274005,1.3609565861109938,-0.9454719769554633,0.7735342141552031,8.245593822889472,,,0.0,,0.6299351006434778,0.00028466299512322886,29.301842839866524,0.7759042837370314,29.301842839866577,0.7759042837370295
0.0,0.6469293503771449,-0.4355181861511803,1.3597288411390522,-0.9444695770959631,0.7737910470958783,8.255779265182438,,,0.0,,0.6292675982020128,0.00028408989647191494,29.323558762759422,0.775450012419587,29.32355876275946,0.7754500124195848
0.0,0.6475475172351955,-0.4345631024096206,1.3585035048200622,-0.9434664333328914,0.7740483892155084,8.265973899372346,,,0.0,,0.6285995990105333,0.0002835174085457039,29.345278039652506,0.7749951733436483,29.345278039652545,0.7749951733436458
0.0,0.6481662747763927,-0.4336080186680613,1.3572805735996094,-0.9424625489594395,0.7743062410965292,8.276177723978309,,,0.0,,0.6279311052637547,0.00028294553190366027,29.367000638249067,0.7745397671385352,29.367000638249106,0.7745397671385325
0.0,0.6487856235651581,-0.4326529349265016,1.3560600439265156,-0.9414579272797535,0.7745646033204259,8.286390737493289,,,0.0,,0.6272621191636965,0.0002823742671044197,29.388726526206526,0.7740837944387023,29.388726526206575,0.7740837944386995
0.0,0.6494055641664523,-0.43169785118494186,1.35484191225284,-0.9404525716088981,0.7748234764677262,8.296612938384033,,,0.0,,0.6265926429196572,0.0002818036147061729,29.410455671136685,0.7736272558837407,29.410455671136734,0.7736272558837378
0.0,0.650026097145776,-0.43074276744338214,1.3536261750338687,-0.9394464852728205,0.7750828611179955,8.306844325091115,,,0.0,,0.6259226787481914,0.00028123357526664816,29.432188040605915,0.7731701521183769,29.43218804060597,0.7731701521183741
0.0,0.6506472230691694,-0.42978768370182285,1.3524128287281136,-0.9384396716083121,0.7753427578498302,8.317084896028904,,,0.0,,0.6252522288730841,0.0002806641493430939,29.45392360213538,0.7727124837924738,29.453923602135404,0.7727124837924715
0.0,0.6512689425032151,-0.42883259996026313,1.3512018697973034,-0.9374321339629716,0.7756031672408517,8.327334649585579,,,0.0,,0.6245812955253248,0.00028009533749226147,29.47566232320119,0.7722542515610299,29.47566232320124,0.7722542515610282
0.0,0.651891256015036,-0.4278775162187034,1.349993294706382,-0.9364238756951682,0.7758640898677,8.337593584123104,,,0.0,,0.623909880943085,0.0002795271402703889,29.497404171234805,0.7717954560841802,29.497404171234816,0.7717954560841793
0.0,0.652514164172297,-0.4269224324771437,1.3487870999235023,-0.9354149001740025,0.7761255263060279,8.34786169797723,,,0.0,,0.6232379873716908,0.0002789595582331829,29.51914911362293,0.7713360980271954,29.51914911362293,0.7713360980271956
0.0,0.6531376675432055,-0.4259673487355844,1.3475832819200217,-0.934405210779269,0.7763874771304952,8.35813898945749,,,0.0,,0.6225656170635983,0.00027839259193580227,29.540897117708017,0.7708761780604819,29.540897117708006,0.7708761780604834
0.0,0.6537617666965123,-0.42501226499402467,1.346381837170495,-0.9333948109014162,0.7766499429147622,8.368425456847215,,,0.0,,0.621892772278367,0.0002778262419328397,29.562648150788377,0.7704156968595807,29.562648150788362,0.7704156968595836
0.0,0.6543864622015111,-0.42405718125246494,1.3451827621526733,-0.9323837039415087,0.7769129242314837,8.378721098403489,,,0.0,,0.6212194552826348,0.000277260508778306,29.584402180118353,0.7699546551051679,29.584402180118342,0.7699546551051722
0.0,0.6550117546280398,-0.4231020975109052,1.343986053347496,-0.9313718933111882,0.7771764216523032,8.389025912357177,,,0.0,,0.6205456683500913,0.0002766953930256121,29.606159172908626,0.7694930534830537,29.606159172908573,0.7694930534830595
0.0,0.6556376445464805,-0.42214701376934594,1.342791707239089,-0.9303593824326334,0.7774404357478463,8.399339896912911,,,0.0,,0.6198714137614523,0.00027613089522755244,29.62791909632631,0.7690308926841818,29.62791909632623,0.7690308926841889
0.0,0.6562641325277613,-0.4211919300277862,1.341599720314755,-0.9293461747385184,0.7777049670877155,8.409663050249101,,,0.0,,0.6191966938044305,0.00027556701593628647,29.649681917495254,0.7685681734046275,29.649681917495187,0.7685681734046356
0.0,0.6568912191433547,-0.4202368462862265,1.340410089064974,-0.9283322736719752,0.7779700162404831,8.419995370517904,,,0.0,,0.6185215107737124,0.0002750037557033233,29.671447603496325,0.7681048963455985,29.67144760349626,0.7681048963456074
0.0,0.6575189049652794,-0.4192817625446672,1.3392228099833974,-0.9273176826865528,0.778235583773686,8.430336855845242,,,0.0,,0.6178458669709291,0.00027444111507950343,29.693216121367488,0.7676410622134333,29.693216121367424,0.7676410622134424
0.0,0.6581471905661017,-0.4183266788031075,1.3380378795668395,-0.9263024052461724,0.7785016702538192,8.440687504330807,,,0.0,,0.6171697647046283,0.00027387909461498125,29.714987438104185,0.7671766717195987,29.714987438104092,0.7671766717196077
0.0,0.658776076518934,-0.41737159506154775,1.336855294315278,-0.9252864448250915,0.7787682762463302,8.451047314048038,,,0.0,,0.6164932062902486,0.0002733176948592088,29.73676152065926,0.7667117255806906,29.736761520659208,0.766711725580699
0.0,0.6594055633974366,-0.416416511319988,1.3356750507318467,-0.9242698049078593,0.7790354023156121,8.46141628304413,,,0.0,,0.6158161940500917,0.00027275691636091833,29.758538335943687,0.7662462245184315,29.75853833594362,0.7662462245184387
0.0,0.6600356517758178,-0.41546142757842874,1.3344971453228316,-0.923252488989276,0.7793030490249983,8.471794409340033,,,0.0,,0.6151387303132932,0.0002721967596681047,29.780317850826247,0.7657801692596693,29.780317850826183,0.7657801692596751
0.0,0.6606663422288352,-0.414506343836869,1.3333215745976643,-0.9222345005743485,0.7795712169367568,8.482181690930469,,,0.0,,0.614460817415795,0.0002716372253280078,29.802100032134124,0.7653135605363752,29.80210003213408,0.7653135605363791
0.0,0.6612976353317952,-0.4135512600953093,1.3321483350689212,-0.9212158431782503,0.779839906612083,8.492578125783893,,,0.0,,0.6137824577003174,0.0002710783138870969,29.823884846652994,0.764846399085643,29.82388484665298,0.7648463990856451
0.0,0.6619295316605536,-0.41259617635374957,1.3309774232523162,-0.9201965203262785,0.7801091186110949,8.502983711842525,,,0.0,,0.6131036535163309,0.00027052002589105206,29.84567226112726,0.7643786856496869,29.845672261127284,0.7643786856496874
0.0,0.6625620317915165,-0.4116410926121903,1.329808835666698,-0.9191765355538095,0.7803788534928258,8.513398447022329,,,0.0,,0.6124244072200266,0.0002699623618847477,29.867462242260352,0.7639104209758393,29.867462242260377,0.7639104209758387
0.0,0.6631951363016418,-0.41068600887063056,1.3286425688340424,-0.9181558924062548,0.7806491118152199,8.523822329213052,,,0.0,,0.6117447211742869,0.00026940532241223435,29.8892547567148,0.7634416058165487,29.889254756714863,0.7634416058165469
0.0,0.6638288457684377,-0.40973092512907083,1.327478619279453,-0.91713459443902,0.7809198941351249,8.534255356278168,,,0.0,,0.6110645977486577,0.000268848908016723,29.91104977111266,0.7629722409293785,29.911049771112737,0.7629722409293755
0.0,0.6644631607699639,-0.40877584138751155,1.3263169835311528,-0.9161126452174594,0.7811912010082864,8.54469752605492,,,0.0,,0.6103840393193188,0.0002682931192405672,29.93284725203556,0.7625023270770044,29.932847252035653,0.7625023270770003
0.0,0.665098081884834,-0.4078207576459518,1.3251576581204803,-0.9150900483168289,0.7814630329893427,8.555148836354322,,,0.0,,0.6097030482690523,0.0002677379566252449,29.95464716602511,0.7620318650272107,29.954647166025193,0.7620318650272057
0.0,0.6657336096922128,-0.4068656739043921,1.324000639581887,-0.9140668073222459,0.7817353906318175,8.565609284961136,,,0.0,,0.6090216269872155,0.0002671834207113432,29.976449479582975,0.7615608555528902,29.976449479583028,0.7615608555528847
0.0,0.6663697447718196,-0.4059105901628324,1.322845924452932,-0.9130429258286419,0.7820082744881147,8.576078869633895,,,0.0,,0.6083397778697099,0.0002666295120385397,29.998254159171122,0.7610892994320404,29.998254159171218,0.7610892994320345
0.0,0.667006487703927,-0.4049555064212731,1.3216935092742783,-0.9120184074407173,0.7822816851095125,8.58655758810489,,,0.0,,0.6076575033189507,0.00026607623114558636,30.020061171212248,0.7606171974477607,30.020061171212358,0.7606171974477548
0.0,0.6676438390693628,-0.40400042267971337,1.3205433905896864,-0.9109932557728947,0.7825556230461571,8.597045438080201,,,0.0,,0.6069748057438361,0.0002655235785702908,30.041870482089855,0.7601445503882497,30.041870482089962,0.7601445503882441
0.0,0.6682817994495089,-0.40304533893815364,1.319395564946013,-0.9099674744492754,0.782830088847057,8.607542417239667,,,0.0,,0.6062916875597176,0.000264971554849501,30.06368205814844,0.7596713590468032,30.063682058148533,0.7596713590467982
0.0,0.6689203694263037,-0.4020902551965939,1.3182500288932055,-0.9089410671035915,0.7831050830600766,8.618048523236912,,,0.0,,0.6056081511883689,0.0002644201605190871,30.085495865693872,0.75919762422181,30.085495865693915,0.7591976242218058
0.0,0.6695595495822404,-0.40113517145503463,1.3171067789842985,-0.9079140373791605,0.7833806062319307,8.628563753699328,,,0.0,,0.604924199057955,0.00026386939611392483,30.10731187099342,0.7587233467167501,30.107311870993477,0.7587233467167469
0.0,0.6701993405003704,-0.4001800877134749,1.3159658117754078,-0.9068863889288352,0.7836566589081788,8.639088106228119,,,0.0,,0.6042398336029997,0.0002633192621678772,30.129130040276333,0.7582485273401901,30.129130040276387,0.7582485273401878
0.0,0.6708397427643011,-0.3992250039719152,1.3148271238257287,-0.9058581254149616,0.7839332416332183,8.649621578398257,,,0.0,,0.603555057264356,0.0002627697592137788,30.15095033973381,0.757773166905781,30.150950339733825,0.7577731669057794
0.0,0.6714807569581975,-0.3982699202303559,1.3136907116975312,-0.9048292505093284,0.7842103549502791,8.660164167758515,,,0.0,,0.6028698724891743,0.0002622208877834185,30.17277273551923,0.7572972662322549,30.17277273551923,0.7572972662322534
0.0,0.6721223836667838,-0.3973148364887962,1.3125565719561538,-0.9037997678931183,0.7844879994014181,8.670715871831483,,,0.0,,0.6021842817308688,0.00026167264840752105,30.19459719374855,0.7568208261434195,30.194597193748574,0.7568208261434175
0.0,0.6727646234753418,-0.39635975274723645,1.311424701170004,-0.9027696812568629,0.7847661755275122,8.681276688113535,,,0.0,,0.6014982874490876,0.0002611250416157316,30.216423680500505,0.7563438474681563,30.216423680500544,0.7563438474681539
0.0,0.6734074769697133,-0.3954046690056767,1.3102950959105502,-0.9017389943003917,0.7850448838682534,8.691846614074874,,,0.0,,0.600811892109679,0.0002605780679365978,30.238252161816778,0.7558663310404167,30.23825216181683,0.755866331040414
0.0,0.6740509447362991,-0.39444958526411744,1.3091677527523202,-0.900707710732786,0.7853241249621425,8.702425647159513,,,0.0,,0.6001250981846605,0.0002600317278975532,30.260082603702305,0.7553882776992182,30.260082603702358,0.7553882776992151
0.0,0.6746950273620616,-0.3934945015225577,1.3080426682728947,-0.8996758342723262,0.7856038993464832,8.71301378478531,,,0.0,,0.5994379081521842,0.000259486022024899,30.28191497212552,0.7549096882886394,30.28191497212555,0.754909688288636
0.0,0.6753397254345228,-0.392539417780998,1.3069198390529073,-0.8986433686464466,0.7858842075573762,8.723611024343937,,,0.0,,0.598750324496506,0.0002589409508437887,30.303749233018483,0.754430563657817,30.30374923301855,0.7544305636578136
0.0,0.6759850395417669,-0.39158433403943826,1.3057992616760372,-0.897610317591684,0.7861650501297134,8.734217363200912,,,0.0,,0.5980623497079517,0.0002583965148782103,30.325585352277443,0.7539509046609416,30.32558535227747,0.7539509046609381
0.0,0.6766309702724395,-0.390629250297879,1.3046809327290076,-0.896576684853628,0.786446427597172,8.744832798695606,,,0.0,,0.597373986282884,0.00025785271465096914,30.347423295762628,0.7534707121572527,30.347423295762656,0.7534707121572494
0.0,0.6772775182157492,-0.38967416655631926,1.3035648488015794,-0.8955424741868698,0.7867283404922087,8.755457328141254,,,0.0,,0.5966852367236682,0.00025730955068367065,30.36926302929888,0.7529899870110341,30.36926302929894,0.7529899870110314
0.0,0.6779246839614673,-0.38871908281475953,1.3024510064865509,-0.8945076893549536,0.7870107893460538,8.766090948824946,,,0.0,,0.5959961035386402,0.0002567670234967041,30.391104518675824,0.7525087300916111,30.391104518675853,0.7525087300916091
0.0,0.6785724680999288,-0.3877639990731998,1.301339402379751,-0.893472334130326,0.7872937746887055,8.77673365800765,,,0.0,,0.5953065892420717,0.0002562251336092258,30.412947729647904,0.7520269422733439,30.412947729647904,0.7520269422733428
0.0,0.679220871222032,-0.3868089153316405,1.3002300330800383,-0.892436412294283,0.7875772970489235,8.787385452924212,,,0.0,,0.5946166963541366,0.0002556838815391411,30.434792627934872,0.751544624435624,30.434792627934858,0.7515446244356242
0.0,0.6798698939192415,-0.3858538315900808,1.299122895189293,-0.8913999276369202,0.7878613569542241,8.79804633078339,,,0.0,,0.5939264274008761,0.00025514326780308786,30.456639179221952,0.7510617774628685,30.456639179221927,0.7510617774628702
0.0,0.6805195367835856,-0.3848987478485211,1.2980179853124187,-0.8903628839570815,0.7881459549308738,8.80871628876783,,,0.0,,0.5932357849141658,0.00025460329291642034,30.478487349160115,0.7505784022445162,30.478487349160073,0.7505784022445195
0.0,0.6811698004076585,-0.3839436641069618,1.296915300057336,-0.8893252850623068,0.7884310915038831,8.81939532403409,,,0.0,,0.5925447714316803,0.0002540639573931917,30.500337103366274,0.7500944996750223,30.50033710336622,0.7500944996750273
0.0,0.6818206853846217,-0.38298858036540206,1.295814836034977,-0.8882871347687785,0.788716767197002,8.830083433712666,,,0.0,,0.5918533894968574,0.00025352526174613637,30.52218840742363,0.7496100706538517,30.522188407423574,0.7496100706538583
0.0,0.6824721923082022,-0.38203349662384234,1.2947165898592867,-0.8872484369012716,0.7890029825327128,8.840780614907978,,,0.0,,0.5911616416588656,0.00025298720648665463,30.544041226881884,0.7491251160854758,30.544041226881816,0.749125116085484
0.0,0.6831243217726949,-0.3810784128822826,1.293620558147215,-0.8862091952931005,0.7892897380322252,8.851486864698392,,,0.0,,0.5904695304725672,0.00025244979212479514,30.565895527257453,0.7486396368793663,30.56589552725737,0.7486396368793756
0.0,0.6837770743729624,-0.38012332914072333,1.292526737518716,-0.8851694137860644,0.7895770342154701,8.862202180136237,,,0.0,,0.5897770584984839,0.0002519130191692381,30.587751274033742,0.7481536339499892,30.58775127403366,0.7481536339499993
0.0,0.6844304507044363,-0.3791682453991636,1.291435124596741,-0.8841290962303949,0.7898648716010943,8.872926558247817,,,0.0,,0.5890842283027602,0.00025137688812727803,30.609608432661545,0.7476671082167994,30.60960843266144,0.7476671082168098
0.0,0.6850844513631164,-0.3782131616576039,1.2903457160072405,-0.8830882464847034,0.7901532507064541,8.883659996033407,,,0.0,,0.5883910424571291,0.00025084139950480784,30.631466968559028,0.7471800606042354,30.631466968558918,0.7471800606042457
0.0,0.6857390769455723,-0.37725807791604415,1.2892585083791563,-0.8820468684159263,0.7904421720476104,8.89440249046728,,,0.0,,0.5876975035388758,0.0002503065538063017,30.65332684711223,0.7466924920417131,30.653326847112133,0.7466924920417226
0.0,0.6863943280489434,-0.3763029941744849,1.2881734983444204,-0.8810049658992721,0.7907316361393216,8.905154038497715,,,0.0,,0.5870036141308016,0.00024977235153479855,30.675188033675237,0.7462044034636202,30.675188033675145,0.7462044034636283
0.0,0.6870502052709406,-0.37534791043292515,1.2870906825379491,-0.8799625428181646,0.7910216434950401,8.915914637047026,,,0.0,,0.5863093768211871,0.0002492387931918845,30.697050493570416,0.7457157958093088,30.697050493570362,0.745715795809315
0.0,0.6877067092098449,-0.3743928266913654,1.2860100575976434,-0.8789196030641911,0.7913121946269042,8.926684283011545,,,0.0,,0.5856147942037572,0.0002487058792776775,30.71891419208872,0.7452266700230913,30.71891419208872,0.7452266700230955
0.0,0.688363840464509,-0.37343774294980614,1.2849316201643834,-0.8778761505370473,0.7916032900457337,8.937462973261653,,,0.0,,0.5849198688776437,0.0002481736102908102,30.74077909449001,0.7447370270542328,30.74077909449001,0.7447370270542348
0.0,0.689021599634359,-0.3724826592082464,1.283855366882024,-0.8768321891444788,0.7918949302610246,8.948250704641815,,,0.0,,0.5842246034473481,0.00024764198672841224,30.76264516600307,0.7442468678569444,30.762645166003114,0.7442468678569447
0.0,0.6896799873193924,-0.3715275754666867,1.2827812943973949,-0.8757877228022305,0.7921871157809421,8.95904747397055,,,0.0,,0.5835290005227056,0.0002471110090860956,30.784512371826214,0.7437561933903778,30.784512371826285,0.7437561933903769
0.0,0.6903390041201808,-0.37057249172512696,1.2817093993602944,-0.8747427554339882,0.7924798471123161,8.969853278040482,,,0.0,,0.5828330627188482,0.00024658067785793665,30.806380677127315,0.743265004618618,30.806380677127397,0.7432650046186156
0.0,0.690998650637869,-0.3696174079835677,1.280639678423489,-0.8736972909713231,0.7927731247606347,8.980668113618329,,,0.0,,0.5821367926561667,0.0002460509935364603,30.828250047044158,0.7427733025106766,30.828250047044225,0.7427733025106729
0.0,0.6916589274741773,-0.36866232424200795,1.279572128242706,-0.8726513333536348,0.7930669492300394,8.99149197744496,,,0.0,,0.5814401929602729,0.00024552195661262246,30.850120446684613,0.7422810880404848,30.85012044668471,0.7422810880404798
0.0,0.6923198352314003,-0.36770724050044823,1.2785067454766355,-0.8716048865280969,0.793361321023319,9.00232486623536,,,0.0,,0.5807432662619635,0.00024499356757579516,30.8719918411271,0.7417883621868868,30.871991841127198,0.7417883621868809
0.0,0.6929813745124077,-0.3667521567588885,1.2774435267869235,-0.8705579544495989,0.7936562406419038,9.013166776678679,,,0.0,,0.580046015197181,0.00024446582691374887,30.893864195420637,0.7412951259336329,30.89386419542076,0.7412951259336263
0.0,0.6936435459206458,-0.3657970730173292,1.2763824688381717,-0.8695105410806906,0.7939517085858601,9.024017705438231,,,0.0,,0.5793484424069769,0.00024393873511263683,30.91573747458525,0.7408013802693719,30.915737474585388,0.740801380269365
0.0,0.6943063500601379,-0.3648419892757695,1.275323568297931,-0.8684626503915216,0.7942477253538853,9.034877649151543,,,0.0,,0.5786505505374717,0.00024341229265697754,30.937611643612264,0.7403071261876435,30.93761164361236,0.7403071261876367
0.0,0.6949697875354836,-0.36388690553420977,1.2742668218367017,-0.867414286359788,0.7945442914433014,9.045746604430324,,,0.0,,0.5779523422398192,0.0002428865000296399,30.959486667464308,0.739812364686872,30.959486667464418,0.7398123646868655
0.0,0.6956338589518608,-0.36293182179265004,1.2732122261279295,-0.8663654529706726,0.7948414073500497,9.056624567860522,,,0.0,,0.577253820170166,0.0002423613577118258,30.981362511076014,0.7393170967703576,30.98136251107611,0.739317096770352
0.0,0.6962985649150251,-0.36197673805109076,1.2721597778480023,-0.8653161542167874,0.7951390735686853,9.067511536002323,,,0.0,,0.5765549869896142,0.0002418368661830547,31.003239139353898,0.7388213234462703,31.003239139354008,0.7388213234462655
0.0,0.696963906031312,-0.36102165430953104,1.2711094736762458,-0.8642663940981142,0.795437290592372,9.078407505390183,,,0.0,,0.5758558453641813,0.0002413130259211459,31.02511651717695,0.7383250457276397,31.025116517177032,0.738325045727636
0.0,0.6976298829076354,-0.3600665705679713,1.2700613102949248,-0.8632161766219485,0.7957360589128759,9.089312472532828,,,0.0,,0.5751563979647627,0.000240789837402204,31.046994609396585,0.7378282646323501,31.046994609396666,0.7378282646323474
0.0,0.698296496151489,-0.35911148682641203,1.2690152843892364,-0.8621655058028396,0.7960353790205603,9.100226433913283,,,0.0,,0.5744566474670922,0.0002402673011006022,31.068873380837214,0.7373309811831307,31.06887338083727,0.7373309811831288
0.0,0.6989637463709483,-0.3581564030848523,1.2679713926473077,-0.8611143856625297,0.796335251404381,9.11114938598891,,,0.0,,0.5737565965517013,0.000239745417488965,31.090752796296286,0.7368331964075476,31.090752796296357,0.7368331964075457
0.0,0.6996316341746683,-0.3572013193432926,1.2669296317601952,-0.8600628202298997,0.796635676551879,9.122081325191386,,,0.0,,0.5730562479038823,0.0002392241870381538,31.11263282054478,0.7363349113379962,31.11263282054486,0.7363349113379938
0.0,0.7003001601718865,-0.35624623560173285,1.26588999842188,-0.8590108135409046,0.7969366549491766,9.133022247926768,,,0.0,,0.5723556042136467,0.00023870361021724983,31.134513418327337,0.7358361270116918,31.13451341832738,0.7358361270116889
0.0,0.7009693249724219,-0.35529115186017357,1.2648524893292665,-0.8579583696385176,0.7972381870809713,9.143972150575468,,,0.0,,0.571654668175687,0.0002381836874935385,31.15639455436243,0.7353368444706628,31.156394554362514,0.7353368444706597
0.0,0.7016391291866773,-0.35433606811861385,1.2638171011821768,-0.8569054925726671,0.7975402734305306,9.154931029492333,,,0.0,,0.5709534424893348,0.00023766441933249243,31.17827619334306,0.7348370647617414,31.178276193343116,0.7348370647617378
0.0,0.7023095734256376,-0.3533809843770541,1.2627838306833523,-0.8558521864001799,0.797842914479686,9.165898881006601,,,0.0,,0.5702519298585228,0.00023714580619775712,31.200158299936426,0.734336788936555,31.200158299936522,0.7343367889365512
0.0,0.7029806583008721,-0.3524259006354944,1.261752674538448,-0.854798455184718,0.7981461107088286,9.176875701421965,,,0.0,,0.5695501329917438,0.00023662784855113368,31.222040838784874,0.7338360180515178,31.222040838784917,0.7338360180515139
0.0,0.7036523844245341,-0.3514708168939351,1.2607236294560307,-0.8537443029967212,0.7984498625969021,9.18786148701658,,,0.0,,0.5688480546020107,0.00023611054685256384,31.243923774505497,0.7333347531678216,31.24392377450555,0.7333347531678177
0.0,0.7043247524093628,-0.3505157331523754,1.259696692147576,-0.8526897339133414,0.7987541706213995,9.198856234043095,,,0.0,,0.5681456974068141,0.00023559390156011273,31.26580707169097,0.7328329953514267,31.26580707169105,0.732832995351423
0.0,0.7049977628686817,-0.34956064941081566,1.2586718593274666,-0.8516347520183872,0.7990590352583559,9.209859938728666,,,0.0,,0.5674430641280849,0.00023507791312995496,31.287690694909596,0.7323307456730532,31.287690694909664,0.7323307456730501
0.0,0.7056714164164006,-0.3486055656692564,1.2576491277129898,-0.8505793614022599,0.7993644569823435,9.220872597274969,,,0.0,,0.5667401574921513,0.00023456258201635762,31.309574608705557,0.7318280052081726,31.309574608705596,0.7318280052081703
0.0,0.7063457136670168,-0.34765048192769665,1.2566284940243329,-0.8495235661618902,0.7996704362664675,9.231894205858259,,,0.0,,0.566036980229698,0.00023404790867166415,31.331458777599206,0.7313247750369963,31.33145877759925,0.7313247750369952
0.0,0.707020655235614,-0.3466953981861369,1.2556099549845838,-0.8484673704006808,0.7999769735823592,9.24292476062935,,,0.0,,0.5653335350757255,0.0002335338935462801,31.353343166087505,0.7308210562444688,31.35334316608752,0.7308210562444691
0.0,0.7076962417378636,-0.3457403144445772,1.254593507319726,-0.8474107782284418,0.8002840694001713,9.253964257713672,,,0.0,,0.5646298247695096,0.0002330205370886564,31.375227738644043,0.7303168499202568,31.375227738644057,0.7303168499202588
0.0,0.7083724737900252,-0.3447852307030179,1.2535791477586384,-0.8463537937613288,0.8005917241885724,9.265012693211267,,,0.0,,0.5639258520545588,0.00023250783974527417,31.397112459719622,0.7298121571587399,31.397112459719608,0.7298121571587437
0.0,0.7090493520089484,-0.3438301469614582,1.2525668730330897,-0.8452964211217804,0.8008999384147427,9.276070063196853,,,0.0,,0.5632216196785728,0.00023199580196062855,31.418997293742244,0.7293069790590004,31.41899729374223,0.729306979059006
0.0,0.7097268770120707,-0.34287506321989847,1.2515566798777393,-0.8442386644384572,0.801208712544367,9.287136363719803,,,0.0,,0.5625171303934019,0.00023148442417721414,31.4408822051177,0.7288013167248146,31.440882205117656,0.728801316724822
0.0,0.7104050494174204,-0.34191997947833874,1.2505485650301338,-0.8431805278461775,0.8015180470416308,9.298211590804204,,,0.0,,0.5618123869550044,0.0002309737068355088,31.462767158229536,0.7282951712646422,31.462767158229465,0.728295171264651
0.0,0.7110838698436162,-0.34096489573677946,1.249542525230704,-0.8421220154858556,0.8018279423692142,9.30929574044886,,,0.0,,0.5611073921234052,0.00023046365037395896,31.4846521174396,0.7277885437916161,31.48465211743949,0.7277885437916263
0.0,0.7117633389098681,-0.34000981199521974,1.2485385572227625,-0.8410631315044365,0.8021383989882876,9.320388808627344,,,0.0,,0.5604021486626524,0.0002299542552289627,31.50653704708814,0.7272814354235323,31.506537047088045,0.7272814354235433
0.0,0.7124434572359775,-0.33905472825366,1.247536657752503,-0.8400038800548354,0.8024494173585057,9.331490791288,,,0.0,,0.5596966593407771,0.0002294455218348564,31.528421911494327,0.7267738472828403,31.528421911494213,0.7267738472828517
0.0,0.7131242254423381,-0.3380996445121003,1.2465368235689969,-0.8389442652958722,0.8027609979380023,9.342601684353975,,,0.0,,0.5589909269297495,0.00022893745062389827,31.550306674956236,0.7262657804966325,31.550306674956136,0.7262657804966435
0.0,0.7138056441499362,-0.337144560770541,1.2455390514241909,-0.8378842913922088,0.8030731411833852,9.35372148372325,,,0.0,,0.5582849542054376,0.00022843004202625344,31.572191301751403,0.7257572361966331,31.572191301751303,0.7257572361966432
0.0,0.7144877139803524,-0.3361894770289813,1.244543338072905,-0.8368239625142835,0.8033858475497321,9.364850185268681,,,0.0,,0.5575787439475623,0.00022792329646997806,31.594075756136967,0.7252482155191879,31.59407575613688,0.7252482155191965
0.0,0.7151704355557602,-0.33523439328742155,1.2435496802728305,-0.8357632828382493,0.8036991174905834,9.375987784837998,,,0.0,,0.5568722989396583,0.00022741721438100562,31.615960002349983,0.7247387196052543,31.61596000234994,0.7247387196052608
0.0,0.7158538094989276,-0.33427930954586227,1.242558074784529,-0.8347022565459081,0.8040129514579386,9.38713427825384,,,0.0,,0.556165621969028,0.00022691179618313065,31.637844004607746,0.7242287496003896,31.63784400460776,0.724228749600394
0.0,0.716537836433219,-0.33332422580430254,1.2415685183714273,-0.8336408878246453,0.8043273499022511,9.398289661313816,,,0.0,,0.5554587158266995,0.00022640704229799378,31.659727727108177,0.7237183066547405,31.659727727108162,0.7237183066547426
0.0,0.7172225169825929,-0.3323691420627428,1.2405810077998185,-0.8325791808673669,0.8046423132724221,9.409453929790487,,,0.0,,0.5547515833073846,0.00022590295314506737,31.681611134029733,0.7232073919230322,31.681611134029776,0.7232073919230325
0.0,0.7179078517716048,-0.3314140583211831,1.2395955398388578,-0.831517139872434,0.8049578420157966,9.420627079431423,,,0.0,,0.5540442272094338,0.00022539952914164016,31.703494189532254,0.7226960065645572,31.703494189532297,0.7226960065645561
0.0,0.7185938414254064,-0.3304589745796238,1.2386121112605624,-0.8304547690435982,0.8052739365781574,9.431809105959216,,,0.0,,0.553336650334795,0.00022489677070280256,31.725376857756768,0.7221841517431644,31.725376857756853,0.7221841517431619
0.0,0.7192804865697479,-0.3295038908380641,1.2376307188398061,-0.829392072589933,0.8055905974037212,9.443000005071545,,,0.0,,0.5526288554889667,0.00022439467824143103,31.74725910282616,0.7216718286272469,31.74725910282624,0.7216718286272429
0.0,0.7199677878309764,-0.32854880709650436,1.236651359354322,-0.8283290547257735,0.8059078249351324,9.454199772441148,,,0.0,,0.5519208454809581,0.00022389325216817463,31.769140888845154,0.7211590383897316,31.769140888845254,0.7211590383897264
0.0,0.7206557458360379,-0.32759372335494463,1.2356740295846966,-0.8272657196706479,0.8062256196134584,9.465408403715903,,,0.0,,0.5512126231232433,0.00022339249289143938,31.791022179900818,0.7206457822080675,31.7910221799009,0.7206457822080612
0.0,0.7213443612124768,-0.32663863961338535,1.234698726314371,-0.8262020716492113,0.806543981878185,9.476625894518829,,,0.0,,0.5505041912317178,0.0002228924008173739,31.812902940062706,0.7201320612642139,31.812902940062802,0.7201320612642069
0.0,0.7220336345884387,-0.3256835558718256,1.2337254463296345,-0.8251381148911805,0.8068629121672114,9.487852240448147,,,0.0,,0.5497955526256538,0.00022239297634985412,31.83478313338337,0.7196178767446282,31.83478313338347,0.7196178767446209
0.0,0.722723566592668,-0.3247284721302659,1.2327541864196285,-0.824073853631268,0.8071824109168446,9.499087437077268,,,0.0,,0.549086710127658,0.00022189421989047002,31.856662723898406,0.7191032298402549,31.85666272389852,0.7191032298402477
0.0,0.7234141578545099,-0.3237733883887066,1.2317849433763406,-0.8230092921091161,0.8075024785617946,9.510331479954855,,,0.0,,0.5483776665636261,0.00022139613183851017,31.87854167562694,0.7185881217465138,31.87854167562704,0.718588121746507
0.0,0.7241054090039122,-0.3228183046471469,1.2308177139946035,-0.8219444345692282,0.8078231155351704,9.521584364604863,,,0.0,,0.5476684247626975,0.00022089871259094697,31.900419952571802,0.7180725536632867,31.900419952571887,0.7180725536632807
0.0,0.7247973206714234,-0.32186322090558717,1.229852495072094,-0.820879285260905,0.8081443222684739,9.532846086526543,,,0.0,,0.5469589875572135,0.00022040196254242335,31.922297518719855,0.7175565267949068,31.922297518719954,0.7175565267949018
0.0,0.7254898934881951,-0.32090813716402744,1.2288892834093315,-0.8198138484381761,0.8084660991915954,9.544116641194487,,,0.0,,0.5462493577826704,0.00021990588208523754,31.94417433804238,0.7170400423501456,31.94417433804248,0.7170400423501417
0.0,0.7261831280859815,-0.31995305342246816,1.2279280758096751,-0.8187481283597333,0.8087884467328088,9.555396024058663,,,0.0,,0.5455395382776764,0.0002194104716093294,31.9660503744953,0.716523101542201,31.966050374495357,0.7165231015421982
0.0,0.7268770250971414,-0.31899796968090843,1.2269688690793217,-0.8176821292888622,0.8091113653187674,9.566684230544462,,,0.0,,0.544829531883905,0.0002189157315022651,31.987925592019398,0.716005705588684,31.987925592019426,0.716005705588682
0.0,0.7275715851546369,-0.3180428859393487,1.2260116600273063,-0.8166158554933776,0.8094348553744974,9.577981256052697,,,0.0,,0.5441193414460527,0.0002184216621492244,32.00979995454071,0.7154878557116074,32.00979995454078,0.7154878557116054
0.0,0.7282668088920354,-0.317087802197789,1.2250564454654984,-0.8155493112455537,0.8097589173233948,9.589287095959664,,,0.0,,0.5434089698117919,0.00021792826393298562,32.03167342597098,0.7149695531373719,32.03167342597102,0.7149695531373693
0.0,0.7289626969435091,-0.3161327184562297,1.224103222208601,-0.8144825008220585,0.8100835515872191,9.60060174561717,,,0.0,,0.5426984198317272,0.00021743553723391204,32.05354597020759,0.7144507990967535,32.05354597020763,0.7144507990967506
0.0,0.7296592499438376,-0.31517763471467,1.2231519870741487,-0.8134154285038826,0.8104087585860902,9.611925200352573,,,0.0,,0.5419876943593485,0.000216943482429937,32.07541755113418,0.7139315948248911,32.07541755113422,0.7139315948248878
0.0,0.7303564685284054,-0.31422255097311025,1.2222027368825072,-0.812348098576275,0.8107345387384818,9.623257455468798,,,0.0,,0.5412767962509879,0.0002164520998965513,32.097288132620776,0.7134119415612743,32.09728813262086,0.7134119415612707
0.0,0.7310543533332048,-0.31326746723155097,1.2212554684568704,-0.8112805153286743,0.8110608924612179,9.634598506244389,,,0.0,,0.5405657283657738,0.0002159613900067887,32.119157678524296,0.7128918405497295,32.11915767852437,0.7128918405497257
0.0,0.7317529049948365,-0.31231238348999124,1.2203101786232586,-0.810212683054637,0.8113878201694681,9.64594834793355,,,0.0,,0.5398544935655831,0.0002154713531312114,32.14102615268851,0.7123712930384061,32.14102615268858,0.712371293038402
0.0,0.7324521241505084,-0.3113572997484315,1.2193668642105195,-0.8091446060517745,0.8117153222767417,9.657306975766154,,,0.0,,0.5391430947149992,0.00021498198963789764,32.162893518944685,0.7118503002797644,32.16289351894474,0.7118503002797604
0.0,0.7331520114380379,-0.3104022160068718,1.2184255220503237,-0.808076288621681,0.8120433991948842,9.668674384947806,,,0.0,,0.5384315346812641,0.00021449329989242717,32.18475974111162,0.7113288635305618,32.18475974111172,0.7113288635305581
0.0,0.7338525674958511,-0.3094471322653125,1.2174861489771653,-0.8070077350698664,0.8123720513340722,9.680050570659866,,,0.0,,0.5377198163342338,0.00021400528425786803,32.206624782996265,0.7108069840518397,32.20662478299632,0.7108069840518366
0.0,0.7345537929629858,-0.3084920485237528,1.2165487418283585,-0.8059389497056854,0.8127012791028089,9.691435528059495,,,0.0,,0.5370079425463306,0.00021351794309476204,32.2284886083936,0.7102846631089088,32.228488608393654,0.7102846631089066
0.0,0.7352556884790887,-0.30753696478219306,1.2156132974440381,-0.8048699368422717,0.813031082907919,9.702829252279683,,,0.0,,0.5362959161924996,0.00021303127676111283,32.25035118108736,0.7097619019713368,32.25035118108739,0.7097619019713358
0.0,0.7359582546844187,-0.30658188104063333,1.2146798126671576,-0.8038007007964669,0.8133614631545446,9.714231738429287,,,0.0,,0.5355837401501614,0.00021254528561237134,32.272212464850014,0.7092387019129341,32.27221246485006,0.7092387019129346
0.0,0.7366614922198454,-0.30562679729907405,1.213748284343488,-0.8027312458887527,0.8136924202461402,9.725642981593067,,,0.0,,0.5348714172991665,0.00021205997000142294,32.29407242344337,0.7087150642117402,32.29407242344335,0.7087150642117424
0.0,0.7373654017268526,-0.3046717135575143,1.2128187093216136,-0.8016615764431793,0.8140239545844689,9.737062976831751,,,0.0,,0.5341589505217481,0.00021157533027857343,32.31593102061852,0.7081909901500087,32.31593102061849,0.7081909901500126
0.0,0.7380699838475355,-0.3037166298159546,1.2118910844529363,-0.8005916967872982,0.8143560665695966,9.748491719182027,,,0.0,,0.5334463427024768,0.0002110913667915367,32.3377882201165,0.7076664810141948,32.337788220116444,0.7076664810142007
0.0,0.7387752392246034,-0.30276154607439487,1.210965406591669,-0.799521611252093,0.8146887565998884,9.759929203656613,,,0.0,,0.5327335967282147,0.0002106080798854213,32.35964398566833,0.7071415380949404,32.35964398566827,0.7071415380949481
0.0,0.7394811685013793,-0.3018064623328356,1.210041672594838,-0.7984513241719077,0.8150220250720037,9.771375425244285,,,0.0,,0.5320207154880682,0.00021012546990271724,32.38149828099553,0.70661616268706,32.38149828099546,0.7066161626870692
0.0,0.7401877723218021,-0.30085137859127586,1.2091198793222782,-0.7973808398843775,0.8153558723808925,9.782830378909939,,,0.0,,0.5313077018733405,0.00020964353718328228,32.40335106981027,0.7060903560895253,32.4033510698102,0.7060903560895357
0.0,0.7408950513304248,-0.29989629484971614,1.2082000236366353,-0.7963101627303604,0.8156902989197892,9.794294059594593,,,0.0,,0.5305945587774878,0.00020916228206433043,32.42520231581576,0.7055641196054528,32.42520231581569,0.7055641196054641
0.0,0.7416030061724164,-0.29894121110815686,1.2072821024033638,-0.7952392970538668,0.8160253050802098,9.80576646221544,,,0.0,,0.5298812890960706,0.0002086817048804182,32.447051982706526,0.7050374545420882,32.44705198270641,0.7050374545420997
0.0,0.7423116374935634,-0.29798612736659713,1.206366112490723,-0.7941682472019865,0.816360891251947,9.817247581665919,,,0.0,,0.5291678957267064,0.00020820180596343112,32.46890003416864,0.7045103622107908,32.468900034168556,0.704510362210802
0.0,0.7430209459402684,-0.2970310436250374,1.2054520507697801,-0.7930970175248233,0.8166970578230653,9.82873741281571,,,0.0,,0.5284543815690255,0.00020772258564257258,32.49074643388025,0.7039828439270207,32.490746433880176,0.7039828439270309
0.0,0.7437309321595517,-0.2960759598834777,1.2045399141144062,-0.7920256123754209,0.8170338051798972,9.840235950510806,,,0.0,,0.5277407495246215,0.00020724404424434978,32.51259114551168,0.7034549010103227,32.51259114551162,0.7034549010103313
0.0,0.744441596799052,-0.2951208761419184,1.2036296994012765,-0.790954036109695,0.8173711337070383,9.851743189573527,,,0.0,,0.5270270024970065,0.0002067661820925621,32.53443413272578,0.702926534784312,32.53443413272575,0.7029265347843185
0.0,0.7451529405070275,-0.29416579240035867,1.202721403509868,-0.7898822930863594,0.8177090437873438,9.863259124802605,,,0.0,,0.5263131433915619,0.00020628899950828723,32.55627535917832,0.7023977465766581,32.55627535917832,0.7023977465766623
0.0,0.745864963932355,-0.29321070865879895,1.2018150233224594,-0.7888103876668597,0.8180475358019229,9.874783750973178,,,0.0,,0.5255991751154934,0.0002058124968098703,32.57811478851822,0.7018685377190717,32.57811478851825,0.7018685377190735
0.0,0.7465776677245316,-0.2922556249172392,1.2009105557241302,-0.7877383242153,0.8183866101301357,9.886317062836861,,,0.0,,0.5248851005777828,0.00020533667431291058,32.599952384387905,0.7013389095472873,32.59995238438795,0.7013389095472875
0.0,0.7472910525336747,-0.29130054117567994,1.2000079976027598,-0.7866661070983729,0.8187262671495882,9.897859055121772,,,0.0,,0.5241709226891416,0.00020486153233024927,32.62178811042353,0.70080886340105,32.62178811042359,0.7008088634010489
0.0,0.7480051190105238,-0.2903454574341202,1.1991073458490242,-0.7855937406852865,0.8190665072361287,9.909409722532608,,,0.0,,0.5234566443619618,0.0002043870711719569,32.64362193025539,0.7002784006240981,32.6436219302555,0.7002784006240954
0.0,0.7487198678064394,-0.2893903736925605,1.1982085973563992,-0.7845212293476977,0.8194073307638425,9.920969059750632,,,0.0,,0.5227422685102714,0.00020391329114532203,32.66545380750829,0.6997475225641492,32.66545380750838,0.6997475225641451
0.0,0.7494352995734043,-0.2884352899510012,1.197311749021156,-0.7834485774596383,0.8197487381050486,9.932537061433761,,,0.0,,0.5220277980496857,0.00020344019255483874,32.687283705801576,0.6992162305728842,32.68728370580168,0.6992162305728788
0.0,0.7501514149640253,-0.2874802062094415,1.1964167977423608,-0.7823757893974418,0.8200907296302953,9.944113722216608,,,0.0,,0.5213132358973583,0.00020296777570219364,32.70911158874973,0.698684526005931,32.70911158874987,0.6986845260059247
0.0,0.7508682146315319,-0.28652512246788175,1.195523740421876,-0.7813028695396782,0.8204333057083559,9.955699036710497,,,0.0,,0.5205985849719371,0.0002024960408862558,32.730937419962665,0.6981524102228498,32.73093741996278,0.6981524102228428
0.0,0.7515856992297778,-0.28557003872632203,1.1946325739643564,-0.780229822267077,0.8207764667062244,9.967292999503533,,,0.0,,0.519883848193514,0.00020202498840306328,32.752761163045754,0.6976198845871165,32.75276116304589,0.6976198845871093
0.0,0.7523038694132416,-0.28461495498476275,1.1937432952772518,-0.7791566519624592,0.8211202129891115,9.97889560516063,,,0.0,,0.5191690284835784,0.00020155461854581226,32.77458278160049,0.6970869504661078,32.77458278160062,0.6970869504661006
0.0,0.7530227258370279,-0.283659871243203,1.1928559012708018,-0.778083363010663,0.8214645449204411,9.990506848223582,,,0.0,,0.5184541287649689,0.00020108493160484432,32.79640223922463,0.6965536092310831,32.796402239224754,0.6965536092310765
0.0,0.7537422691568665,-0.2827047875016433,1.1919703888580386,-0.7770099597984754,0.821809462861845,10.002126723211072,,,0.0,,0.5177391519618268,0.00020061592786763588,32.81821949951247,0.696019862257171,32.8182194995126,0.6960198622571652
0.0,0.7544625000291141,-0.28174970376008357,1.1910867549547857,-0.7759364467145592,0.82215496717316,10.013755224618746,,,0.0,,0.5170241009995478,0.00020014760761878612,32.840034526055284,0.6954857109233515,32.840034526055405,0.6954857109233468
0.0,0.755183419110754,-0.2807946200185243,1.1902049964796553,-0.7748628281493813,0.8225010582124226,10.025392346919238,,,0.0,,0.5163089788047341,0.00019967997114000568,32.861847282441495,0.6949511566124406,32.861847282441595,0.6949511566124369
0.0,0.7559050270593987,-0.27983953627696456,1.1893251103540488,-0.7737891084951394,0.8228477363358668,10.037038084562246,,,0.0,,0.5155937883051461,0.00019921301871010427,32.883657732257134,0.6944162007110724,32.88365773225719,0.6944162007110698
0.0,0.7566273245332875,-0.27888445253540484,1.1884470935021563,-0.772715292145694,0.8231950018979183,10.048692431974535,,,0.0,,0.514878532429656,0.00019874675060498095,32.905465839086006,0.6938808446096848,32.905465839086034,0.6938808446096829
0.0,0.7573503121912897,-0.2779293687938451,1.1875709428509558,-0.7716413834964935,0.8235428552511915,10.060355383560031,,,0.0,,0.5141632141081988,0.00019828116709761167,32.927271566510086,0.6933450897025017,32.927271566510115,0.6933450897024998
0.0,0.7580739906929032,-0.27697428505228583,1.1866966553302123,-0.7705673869445034,0.8238912967464852,10.072026933699817,,,0.0,,0.5134478362717249,0.00019781626845803878,32.94907487810985,0.6928089373875161,32.949074878109904,0.6928089373875137
0.0,0.7587983606982575,-0.2760192013107261,1.1858242278724762,-0.7694933068881339,0.824240326732779,10.08370707675224,,,0.0,,0.5127324018521515,0.00019735205495335882,32.970875737464624,0.6922723890664728,32.970875737464674,0.69227238906647
0.0,0.7595234228681117,-0.2750641175691664,1.184953657413085,-0.7684191477271689,0.8245899455572292,10.0953958070529,,,0.0,,0.5120169137823156,0.00019688852684771293,32.99267410815271,0.691735446144854,32.99267410815277,0.6917354461448508
0.0,0.7602491778638563,-0.2741090338276071,1.1840849408901606,-0.7673449138626931,0.8249401535651645,10.107093118914735,,,0.0,,0.5113013749959258,0.00019642568440227535,33.01446995375188,0.6911981100318612,33.01446995375196,0.6911981100318576
0.0,0.7609756263475148,-0.27315395008604737,1.183218075244609,-0.7662706096970193,0.8252909511000831,10.118799006628064,,,0.0,,0.5105857884275126,0.00019596352787524157,33.03626323783971,0.6906603821403967,33.03626323783978,0.6906603821403929
0.0,0.7617027689817424,-0.27219886634448764,1.1823530574201213,-0.7651962396336183,0.8256423385036482,10.130513464460616,,,0.0,,0.509870157012383,0.0001955020575218192,33.05805392399369,0.6901222638870494,33.05805392399379,0.6901222638870456
0.0,0.7624306064298276,-0.2712437826029279,1.1814898843631712,-0.7641218080770447,0.8259943161156841,10.142236486657602,,,0.0,,0.5091544836865708,0.00019504127359421618,33.07984197579178,0.6895837566920756,33.079841975791865,0.6895837566920718
0.0,0.7631591393556926,-0.27028869886136864,1.1806285530230158,-0.7630473194328667,0.8263468842741727,10.153968067441744,,,0.0,,0.508438771386789,0.00019458117634163063,33.101627356812536,0.6890448619793828,33.10162735681262,0.6890448619793792
0.0,0.7638883684238946,-0.2693336151198089,1.1797690603516937,-0.7619727781075911,0.8267000433152499,10.165708201013354,,,0.0,,0.5077230230503804,0.00019412176601023957,33.123410030635526,0.6885055811765108,33.12341003063562,0.6885055811765078
0.0,0.7646182942996256,-0.2683785313782492,1.1789114033040264,-0.7608981885085938,0.8270537935732017,10.177456881550347,,,0.0,,0.5070072416152717,0.00019366304284318953,33.14518996084171,0.687965915714617,33.14518996084174,0.687965915714615
0.0,0.7653489176487126,-0.26742344763668946,1.1780555788376168,-0.7598235550440461,0.8274081353804601,10.189214103208311,,,0.0,,0.5062914300199233,0.00019320500708058542,33.16696711101346,0.6874258670284568,33.16696711101349,0.6874258670284558
0.0,0.7660802391376191,-0.2664683638951302,1.1772015839128487,-0.7587488821228433,0.8277630690675997,10.200979860120551,,,0.0,,0.5055755912032829,0.00019274765895948082,33.18874144473525,0.6868854365563668,33.18874144473529,0.6868854365563674
0.0,0.7668122594334463,-0.26551328015357045,1.1763494154928853,-0.7576741741545299,0.8281185949633347,10.212754146398161,,,0.0,,0.5048597281047347,0.0001922909987138666,33.210512925593825,0.686344625740247,33.210512925593854,0.6863446257402491
0.0,0.7675449792039318,-0.2645581964120107,1.1754990705436719,-0.7565994355492306,0.8284747133945142,10.224536956130036,,,0.0,,0.5041438436640542,0.0001918350265746623,33.23228151717843,0.6858034360255434,33.2322815171784,0.6858034360255472
0.0,0.7682783991174513,-0.26360311267045144,1.1746505460339327,-0.7555246707175766,0.8288314246861188,10.236328283382942,,,0.0,,0.503427940821358,0.00019137974276970535,33.254047183081084,0.6852618688612301,33.254047183081056,0.6852618688612356
0.0,0.7690125198430201,-0.2626480289288917,1.173803838935171,-0.7544498840706307,0.8291887291612579,10.248128122201587,,,0.0,,0.5027120225170556,0.00019092514752374058,33.27580988689722,0.6847199256997909,33.27580988689719,0.6847199256997981
0.0,0.7697473420502918,-0.261692945187332,1.17295894622167,-0.7533750800198198,0.829546627141165,10.259936466608638,,,0.0,,0.5019960916918019,0.00019047124105841143,33.29756959222568,0.6841776079972024,33.297569592225614,0.6841776079972111
0.0,0.7704828664095602,-0.26073786144577227,1.172115864870491,-0.7523002629768581,0.8299051189451948,10.271753310604794,,,0.0,,0.5012801512864491,0.00019001802359224965,33.31932626266908,0.683634917212915,33.319326262669,0.6836349172129249
0.0,0.7712190935917592,-0.259782777704213,1.171274591861475,-0.7512254373536775,0.8302642048908193,10.283578648168822,,,0.0,,0.5005642042419974,0.00018956549534066542,33.341079861834274,0.6830918548098358,33.34107986183417,0.6830918548098465
0.0,0.7719560242684651,-0.25882769396265326,1.1704351241772397,-0.7501506075623519,0.8306238852936251,10.295412473257644,,,0.0,,0.4998482534995467,0.0001891136565159375,33.362830353332484,0.6825484222543089,33.362830353332384,0.6825484222543197
0.0,0.7726936591118945,-0.25787261022109353,1.1695974588031812,-0.7490757780150289,0.8309841604673088,10.307254779806344,,,0.0,,0.49913230200024966,0.0001886625073272048,33.384577700779815,0.6820046210160987,33.38457770077972,0.6820046210161091
0.0,0.7734319987949068,-0.2569175264795338,1.168761592727474,-0.7480009531238546,0.8313450307236746,10.319105561728255,,,0.0,,0.49841635268526246,0.0001882120479804558,33.40632186779738,0.6814604525683708,33.406321867797296,0.6814604525683803
0.0,0.7741710439910042,-0.2559624427379745,1.16792752294107,-0.7469261373009018,0.8317064963726297,10.330964812914983,,,0.0,,0.4977004084956965,0.00018776227867851994,33.428062818011725,0.6809159183876743,33.42806281801168,0.6809159183876822
0.0,0.7749107953743334,-0.2550073589964148,1.1670952464376974,-0.7458513349580969,0.8320685577221826,10.342832527236498,,,0.0,,0.49698447237256976,0.00018731319962105733,33.449800515055166,0.6803710199539216,33.44980051505514,0.6803710199539275
0.0,0.775651253619684,-0.2540522752548551,1.1662647602138627,-0.7447765505071482,0.832431215078438,10.35470869854115,,,0.0,,0.4962685472567594,0.00018686481100455097,33.47153492256599,0.6798257587503718,33.47153492256599,0.6798257587503754
0.0,0.7763924194024907,-0.2530971915132958,1.165436061268849,-0.7437017883594748,0.8327944687455945,10.36659332065575,,,0.0,,0.49555263608895345,0.00018641711302229684,33.493266004188925,0.6792801362636116,33.49326600418891,0.6792801362636132
0.0,0.7771342933988344,-0.25214210777173607,1.1646091466047155,-0.7426270529261302,0.8331583190259412,10.378486387385616,,,0.0,,0.49483674180960086,0.0001859701058643945,33.51499372357525,0.6787341539835353,33.514993723575266,0.6787341539835353
0.0,0.7778768762854413,-0.25118702403017634,1.163784013226299,-0.7415523486177341,0.833522766219854,10.390387892514612,,,0.0,,0.49412086735886573,0.00018552378971773906,33.53671804438335,0.6781878134033278,33.53671804438336,0.6781878134033265
0.0,0.7786201687396842,-0.2502319402886166,1.162960658141213,-0.7404776798443983,0.8338878106257924,10.402297829805224,,,0.0,,0.4934050156765774,0.00018507816476601185,33.55843893027881,0.6776411160194449,33.5584389302789,0.6776411160194422
0.0,0.7793641714395831,-0.24927685654705733,1.1621390783598473,-0.7394030510156535,0.8342534525402966,10.4142161929986,,,0.0,,0.4926891897021828,0.0001846332311896721,33.580156344935006,0.6770940633315945,33.5801563449351,0.6770940633315905
0.0,0.7801088850638068,-0.2483217728054976,1.1613192708953668,-0.7383284665403775,0.8346196922579845,10.426142975814637,,,0.0,,0.4919733923746971,0.00018418898916594713,33.60187025203311,0.676546656842717,33.6018702520332,0.6765466568427118
0.0,0.7808543102916716,-0.24736668906393788,1.1605012327637148,-0.7372539308267239,0.8349865300715476,10.438078171951979,,,0.0,,0.49125762663265743,0.00018374543886882528,33.623580615262554,0.6759988980589675,33.623580615262675,0.6759988980589614
0.0,0.7816004478031432,-0.24641160532237816,1.15968496098361,-0.7361794482820482,0.8353539662717484,10.450021775088125,,,0.0,,0.4905418954140734,0.0001833025804690467,33.64528739832143,0.6754507884896959,33.64528739832155,0.6754507884896892
0.0,0.7823472982788366,-0.24545652158081888,1.1588704525765476,-0.7351050233128371,0.8357220011474172,10.461973778879454,,,0.0,,0.4898262016563793,0.00018286041413409499,33.66699056491662,0.6749023296474279,33.666990564916745,0.6749023296474209
0.0,0.7830948624000185,-0.24450143783925915,1.1580577045667986,-0.734030660324634,0.8360906349854498,10.473934176961311,,,0.0,,0.4891105482963851,0.00018241894002818854,33.688690078764324,0.674353523047845,33.68869007876442,0.6743535230478382
0.0,0.7838431408486052,-0.24354635409769942,1.1572467139814113,-0.732956363721969,0.8364598680708027,10.48590296294803,,,0.0,,0.4883949382702296,0.00018197815831227316,33.710385903590065,0.6738043702097668,33.7103859035902,0.6738043702097604
0.0,0.7845921343071651,-0.2425912703561397,1.1564374778502098,-0.7318821379082859,0.8368297006864914,10.49788013043301,,,0.0,,0.48767937451333193,0.00018153806914401354,33.73207800312951,0.67325487265513,33.73207800312959,0.6732548726551244
0.0,0.7853418434589187,-0.24163618661458042,1.1556299932057954,-0.7308079872858703,0.8372001331135868,10.509865672988761,,,0.0,,0.4869638599603432,0.0001810986726777852,33.75376634112811,0.6727050319089701,33.753766341128205,0.6727050319089656
0.0,0.7860922689877399,-0.2406811028730207,1.1548242570835445,-0.7297339162557752,0.8375711656312128,10.521859584166995,,,0.0,,0.48624839754509724,0.00018065996906466606,33.77545088134212,0.6721548494994007,33.77545088134218,0.6721548494993974
0.0,0.7868434115781553,-0.23972601913146097,1.1540202665216113,-0.7286599292177531,0.8379427985165424,10.533861857498627,,,0.0,,0.4855329902005655,0.00018022195845242983,33.79713158753834,0.6716043269575953,33.79713158753839,0.671604326957593
0.0,0.7875952719153456,-0.23877093538990168,1.1532180185609269,-0.7275860305701816,0.8383150320447953,10.545872486493868,,,0.0,,0.48481764085880696,0.0001797846409855374,33.818808423494815,0.6710534658177669,33.81880842349483,0.6710534658177651
0.0,0.7883478506851473,-0.23781585164834196,1.1524175102451986,-0.726512224709989,0.8386878664892354,10.557891464642301,,,0.0,,0.4841023524509192,0.0001793480168051287,33.84048135300089,0.6705022676171475,33.84048135300093,0.6705022676171456
0.0,0.7891011485740511,-0.23686076790678223,1.1516187386209107,-0.7254385160325884,0.839061302121167,10.569918785412893,,,0.0,,0.4833871279069935,0.00017891208604901653,33.8621503398578,0.6699507338959688,33.86215033985783,0.6699507338959666
0.0,0.789855166269204,-0.2359056841652225,1.1508217007373251,-0.7243649089317998,0.8394353392099324,10.581954442254085,,,0.0,,0.48267197015606433,0.00017847684885167805,33.88381534787865,0.6693988661974429,33.88381534787869,0.6693988661974404
0.0,0.7906099044584095,-0.23495060042366323,1.1500263936464816,-0.7232914077997828,0.8398099780229088,10.593998428593837,,,0.0,,0.4819568821260629,0.00017804230534424785,33.905476340889024,0.6688466660677425,33.90547634088907,0.6688466660677396
0.0,0.7913653638301289,-0.2339955166821035,1.149232814403196,-0.7222180170269606,0.8401852188255063,10.606050737839706,,,0.0,,0.48124186674376773,0.00017760845565450986,33.927133282727134,0.6682941350559793,33.9271332827272,0.6682941350559762
0.0,0.7921215450734808,-0.23304043294054377,1.1484409600650634,-0.7211447410019522,0.8405610618811642,10.618111363378878,,,0.0,,0.48052692693475896,0.0001771752999068915,33.948786137244234,0.6677412747141864,33.94878613724431,0.6677412747141831
0.0,0.7928784488782422,-0.23208534919898405,1.147650827692456,-0.7200715841114987,0.8409375074513484,10.630180298578251,,,0.0,,0.47981206562336925,0.00017674283822245553,33.97043486830486,0.6671880865972962,33.970434868304935,0.6671880865972928
0.0,0.7936360759348492,-0.23113026545742477,1.1468624143485249,-0.7189985507403929,0.8413145557955489,10.642257536784475,,,0.0,,0.4790972857326367,0.00017631107071889375,33.99207943978712,0.6666345722631215,33.9920794397872,0.6666345722631181
0.0,0.7943944269343984,-0.23017518171586504,1.146075717099199,-0.7179256452714047,0.8416922071712774,10.654343071324037,,,0.0,,0.4783825901842558,0.00017587999751051897,34.01371981558317,0.6660807332723336,34.013719815583215,0.6660807332723305
0.0,0.7951535025686461,-0.22922009797430531,1.1452907330131865,-0.7168528720852144,0.8420704618340636,10.666436895503296,,,0.0,,0.477667981898532,0.0001754496187082597,34.03535595959929,0.6655265711884442,34.03535595959932,0.6655265711884416
0.0,0.7959133035300093,-0.22826501423274603,1.144507459161975,-0.7157802355603384,0.8424493200374534,10.678539002608549,,,0.0,,0.4769534637943328,0.00017501993441965247,34.05698783575639,0.6649720875777838,34.056987835756416,0.664972087577782
0.0,0.7966738305115677,-0.2273099304911863,1.1437258926198306,-0.7147077400730573,0.8428287820330067,10.690649385906113,,,0.0,,0.4762390387890398,0.0001745909447488349,34.078615407990284,0.6644172840094809,34.07861540799033,0.6644172840094801
0.0,0.7974350842070622,-0.22635484674962658,1.1429460304637997,-0.7136353899973465,0.8432088480702932,10.702768038642356,,,0.0,,0.47552470979850237,0.00017416264979654034,34.100238640251995,0.6638621620554425,34.10023864025201,0.6638621620554429
0.0,0.7981970653108973,-0.22539976300806686,1.1421678697737088,-0.7125631897048054,0.8435895183968912,10.714894954043778,,,0.0,,0.47481047973699003,0.00017373504966009052,34.121857496507985,0.6633067232903332,34.12185749650797,0.6633067232903351
0.0,0.79895977451814,-0.22444467926650757,1.1413914076321652,-0.7114911435645837,0.8439707932583848,10.727030125317057,,,0.0,,0.4740963515171446,0.00017330814443338946,34.14347194074052,0.662750969291555,34.14347194074052,0.6627509692915584
0.0,0.7997232125245233,-0.22348959552494785,1.1406166411245555,-0.7104192559433128,0.844352672898361,10.739173545649136,,,0.0,,0.47338232804993263,0.00017288193420691696,34.16508193694819,0.6621949016392252,34.16508193694813,0.6621949016392302
0.0,0.8004873800264434,-0.22253451178338812,1.1398435673390495,-0.7093475312050341,0.8447351575584078,10.751325208207255,,,0.0,,0.4726684122445991,0.00017245641906772288,34.18668744914578,0.6616385219161578,34.18668744914571,0.6616385219161642
0.0,0.8012522777209623,-0.2215794280418284,1.1390721833665973,-0.7082759737111284,0.8451182474781108,10.763485106139026,,,0.0,,0.47195460700861974,0.000172031599099421,34.20828844136498,0.6610818317078414,34.20828844136493,0.6610818317078491
0.0,0.8020179063058082,-0.22062434430026912,1.1383024863009317,-0.707204587820246,0.8455019428950518,10.775653232572502,,,0.0,,0.4712409152476544,0.00017160747438218303,34.229884877654584,0.6605248326024189,34.22988487765453,0.6605248326024276
0.0,0.8027842664793764,-0.2196692605587094,1.137534473238567,-0.7061333778882327,0.845886244044806,10.787829580616235,,,0.0,,0.4705273398654982,0.00017118404499273207,34.251476722080774,0.6599675261906659,34.251476722080646,0.6599675261906752
0.0,0.8035513589407289,-0.21871417681714966,1.1367681412788018,-0.7050623482680644,0.8462711511609392,10.800014143359332,,,0.0,,0.46981388376403704,0.000170761311004338,34.27306393872722,0.659409914065971,34.27306393872714,0.6594099140659805
0.0,0.8043191843895962,-0.21775909307558994,1.1360034875237168,-0.7039915033097726,0.8466566644750062,10.812206913871522,,,0.0,,0.46910054984319927,0.00017033927248681096,34.29464649169596,0.6588519978243143,34.29464649169587,0.6588519978243232
0.0,0.8050877435263766,-0.21680400933403066,1.1352405090781779,-0.7029208473603766,0.8470427842165479,10.824407885203218,,,0.0,,0.4683873410009091,0.0001699179295064965,34.316224345107074,0.658293779064246,34.31622434510697,0.6582937790642541
0.0,0.805857037052139,-0.21584892559247093,1.1344792030498339,-0.7018503847638111,0.8474295106130894,10.836617050385595,,,0.0,,0.46767426013303903,0.00016949728212626872,34.33779746309938,0.6577352593868656,34.3377974630993,0.6577352593868723
0.0,0.806627065668621,-0.2148938418509112,1.1337195665491189,-0.7007801198608583,0.8478168438901372,10.848834402430631,,,0.0,,0.46696131013336484,0.0001690773304055266,34.35936580983068,0.657176440395801,34.35936580983063,0.6571764403958059
0.0,0.8073978300782308,-0.21393875810935192,1.1329615966892537,-0.6997100569890772,0.8482047842711776,10.861059934331172,,,0.0,,0.4662484938935178,0.00016865807440018794,34.380929349477974,0.6566173236971876,34.38092934947795,0.6566173236971906
0.0,0.8081693309840491,-0.2129836743677922,1.1322052905862428,-0.6986402004827313,0.8485933319776745,10.873293639061028,,,0.0,,0.4655358143029373,0.00016823951416268336,34.40248804623789,0.6560579108996457,34.40248804623789,0.6560579108996469
0.0,0.8089415690898268,-0.21202859062623247,1.1314506453588788,-0.6975705546727237,0.8489824872290662,10.885535509574993,,,0.0,,0.4648232742488265,0.00016782164974195267,34.424041864326924,0.6554982036142613,34.42404186432694,0.6554982036142613
0.0,0.8097145450999882,-0.21107350688467275,1.130697658128741,-0.6965011238865235,0.8493722502427646,10.897785538808945,,,0.0,,0.4641108766161044,0.0001674044811834391,34.44559076798173,0.6549382034545631,34.445590767981756,0.654938203454562
0.0,0.81048825971963,-0.21011842314311346,1.1299463260201963,-0.6954319124480979,0.8497626212341519,10.910043719679875,,,0.0,,0.4633986242873598,0.0001669880085290845,34.46713472145949,0.6543779120365024,34.467134721459544,0.6543779120365001
0.0,0.8112627136545237,-0.20916333940155374,1.129196646160399,-0.6943629246778411,0.8501536004165798,10.922310045086004,,,0.0,,0.4626865201428043,0.00016657223181732408,34.48867368903821,0.6538173309784302,34.4886736890383,0.6538173309784266
0.0,0.8120379076111143,-0.208208255659994,1.1284486156792934,-0.6932941648925084,0.8505451880013661,10.934584507906795,,,0.0,,0.46197456706022816,0.00016615715108308254,34.51020763501705,0.6532564619010772,34.510207635017146,0.6532564619010727
0.0,0.8128138422965221,-0.2072531719184343,1.1277022317096128,-0.6922256374051436,0.8509373841977933,10.946867101003038,,,0.0,,0.46126276791495213,0.00016574276635776905,34.53173652371653,0.6526953064275319,34.531736523716624,0.6526953064275267
0.0,0.8135905184185428,-0.206298088176875,1.1269574913868807,-0.6911573465250127,0.8513301892131067,10.959157817216925,,,0.0,,0.4605511255797828,0.00016532907766927284,34.55326031947891,0.6521338661832191,34.553260319479044,0.6521338661832133
0.0,0.8143679366856494,-0.20534300443531528,1.126214391849411,-0.6900892965575314,0.8517236032525124,10.971456649372113,,,0.0,,0.459839642924965,0.00016491608504195815,34.57477898666861,0.6515721427958774,34.574778986668754,0.6515721427958714
0.0,0.8151460978069909,-0.20438792069375555,1.1254729302383089,-0.6890214918042008,0.852117626519175,10.983763590273782,,,0.0,,0.45912832281813837,0.00016450378849666098,34.59629248967236,0.651010137895539,34.59629248967248,0.6510101378955331
0.0,0.8159250024923936,-0.20343283695219627,1.1247331036974721,-0.6879539365625364,0.8525122592142157,10.996078632708691,,,0.0,,0.45841716812429006,0.00016409218805068452,34.61780079289943,0.6504478531145076,34.61780079289955,0.6504478531145022
0.0,0.8167046514523637,-0.20247775321063655,1.1239949093735906,-0.6868866351259982,0.8529075015367111,11.00840176944528,,,0.0,,0.4577061817057085,0.00016368128371779404,34.639303860782285,0.6498852900873359,34.63930386078236,0.6498852900873312
0.0,0.817485045398085,-0.20152266946907682,1.1232583444161484,-0.6858195917839255,0.8533033536836906,11.020732993233695,,,0.0,,0.4569953664219394,0.00016327107550821436,34.66080165777643,0.649322450450805,34.660801657776545,0.6493224504508012
0.0,0.8182661850414208,-0.2005675857275171,1.1225234059774232,-0.6847528108214668,0.8536998158501345,11.033072296805882,,,0.0,,0.45628472512973967,0.00016286156342862503,34.68229414836126,0.6487593358439021,34.68229414836131,0.6487593358438993
0.0,0.819048071094915,-0.1996125019859578,1.1217900912124878,-0.6836862965195124,0.8540968882289728,11.045419672875637,,,0.0,,0.45557426068303203,0.00016245274748215698,34.703781297039676,0.6481959479077989,34.703781297039754,0.648195947907797
0.0,0.8198307042717928,-0.1986574182443981,1.1210583972792103,-0.6826200531546248,0.8544945710110831,11.057775114138694,,,0.0,,0.45486397593285866,0.00016204462766838794,34.72526306833923,0.6476322882858289,34.725263068339245,0.6476322882858274
0.0,0.8206140852859602,-0.19770233450283836,1.120328321338255,-0.6815540849989739,0.8548928643852887,11.070138613272773,,,0.0,,0.4541538737273382,0.00016163720398333986,34.746739426811544,0.6470683586234667,34.74673942681161,0.647068358623465
0.0,0.8213982148520058,-0.19674725076127864,1.1195998605530846,-0.6804883963202671,0.855291768538357,11.082510162937648,,,0.0,,0.4534439569116189,0.0001612304764194748,34.76821033703341,0.6465041605683045,34.768210337033466,0.6465041605683026
0.0,0.8221830936852002,-0.19579216701971935,1.1188730120899584,-0.6794229913816835,0.8556912836549978,11.094889755775222,,,0.0,,0.4527342283278347,0.00016082444496569185,34.78967576360651,0.6459396957700321,34.7896757636066,0.6459396957700299
0.0,0.822968722501499,-0.19483708327815963,1.1181477731179341,-0.6783578744418033,0.8560914099178623,11.107277384409608,,,0.0,,0.452024690815059,0.0001604191096073229,34.81113567115813,0.6453749658804127,34.8111356711582,0.6453749658804103
0.0,0.8237551020175407,-0.1938819995365999,1.11742414080887,-0.677293049754545,0.8564921475075398,11.119673041447161,,,0.0,,0.45131534720926175,0.00016001447032613054,34.83259002434115,0.6448099725532631,34.83259002434118,0.6448099725532606
0.0,0.8245422329506483,-0.19292691579504062,1.1167021123374248,-0.6762285215690964,0.8568934966025575,11.13207671947657,,,0.0,,0.4506062003432639,0.00015961052710030467,34.85403878783442,0.6442447174444306,34.85403878783451,0.6442447174444279
0.0,0.8253301160188319,-0.1919718320534809,1.1159816848810564,-0.6751642941298464,0.8572954573793793,11.144488411068943,,,0.0,,0.4498972530466916,0.0001592072799044584,34.875481926343404,0.64367920221177,34.87548192634346,0.6436792022117672
0.0,0.8261187519407862,-0.19101674831192117,1.1152628556200266,-0.6741003716763209,0.8576980300124023,11.156908108777836,,,0.0,,0.4491885081459344,0.00015880472870962673,34.89691940459992,0.6431134285151229,34.896919404599984,0.6431134285151202
0.0,0.826908141435893,-0.19006166457036144,1.1145456217373992,-0.6730367584431146,0.8581012146739573,11.169335805139342,,,0.0,,0.4484799684640987,0.00015840287348326248,34.918351187362866,0.6425473980162949,34.91835118736293,0.6425473980162925
0.0,0.8276982852242211,-0.18910658082880216,1.113829980419042,-0.6719734586598258,0.8585050115343058,11.181771492672164,,,0.0,,0.44777163682096494,0.00015800171418923434,34.93977723941836,0.6419811123790335,34.939777239418405,0.6419811123790315
0.0,0.8284891840265288,-0.18815149708724244,1.1131159288536259,-0.6709104765509882,0.8589094207616401,11.194215163877688,,,0.0,,0.4470635160329417,0.00015760125078782312,34.96119752558008,0.6414145732690053,34.96119752558013,0.6414145732690039
0.0,0.8292808385642616,-0.1871964133456827,1.112403464232629,-0.6698478163360074,0.8593144425220802,11.206666811240027,,,0.0,,0.44635560891302406,0.00015720148323572069,34.98261201068955,0.6408477823537745,34.982612010689564,0.6408477823537739
0.0,0.830073249559555,-0.18624132960412298,1.111692583750335,-0.6687854822290941,0.8597200769796737,11.21912642722611,,,0.0,,0.445647918270748,0.00015680241148602634,35.004020659616366,0.6402807413027801,35.00402065961641,0.6402807413027806
0.0,0.8308664177352341,-0.1852862458625637,1.1109832846038343,-0.6677234784391983,0.8601263242963932,11.231594004285753,,,0.0,,0.4449404469121479,0.00015640403548824522,35.02542343725875,0.6397134517873145,35.02542343725875,0.6397134517873161
0.0,0.8316603438148157,-0.18433116212100398,1.1102755639930255,-0.6666618091699431,0.8605331846321368,11.244069534851725,,,0.0,,0.4442331976397109,0.00015600635518828504,35.04682030854344,0.6391459154804991,35.04682030854347,0.6391459154805019
0.0,0.8324550285225069,-0.18337607837944425,1.109569419120616,-0.6656004786195608,0.8609406581447245,11.256553011339816,,,0.0,,0.443526173252336,0.00015560937052845532,35.06821123842651,0.6385781340572642,35.06821123842648,0.638578134057268
0.0,0.8332504725832072,-0.18242099463788453,1.108864847192124,-0.6645394909808277,0.8613487449898989,11.2690444261489,,,0.0,,0.4428193765452885,0.00015521308144746422,35.08959619189309,0.638010109194325,35.08959619189304,0.6380101091943301
0.0,0.8340466767225084,-0.18146591089632524,1.108161845415878,-0.6634788504409989,0.8617574453213221,11.281543771661008,,,0.0,,0.44211281031015864,0.0001548174878804172,35.11097513395806,0.6374418425701605,35.11097513395806,0.6374418425701665
0.0,0.8348436416666968,-0.18051082715476552,1.107460411003017,-0.6624185611817417,0.8621667592905768,11.294051040241428,,,0.0,,0.441406477334816,0.0001544225897588145,35.13234802966645,0.6368733358649888,35.1323480296664,0.6368733358649957
0.0,0.8356413681427514,-0.1795557434132058,1.1067605411674946,-0.6613586273790748,0.8625766870471627,11.306566224238725,,,0.0,,0.4407003804033691,0.00015402838701055014,35.153714844093244,0.6363045907607475,35.153714844093166,0.6363045907607549
0.0,0.836439856878346,-0.1786006596716465,1.1060622331260777,-0.6602990532033014,0.8629872287384968,11.319089315984842,,,0.0,,0.439994522296121,0.00015363487955991013,35.175075542344025,0.6357356089410694,35.17507554234401,0.6357356089410767
0.0,0.8372391086018509,-0.17764557593008679,1.1053654840983467,-0.6592398428189447,0.8633983845099119,11.331620307795175,,,0.0,,0.43928890578952634,0.00015324206732756992,35.19643008955543,0.6351663920912592,35.1964300895554,0.6351663920912662
0.0,0.838039124042331,-0.17669049218852706,1.1046702913066986,-0.6581810003846861,0.8638101545046554,11.34415919196863,,,0.0,,0.4385835336561499,0.0001528499502305944,35.217778450895,0.6345969418982733,35.21777845089497,0.6345969418982796
0.0,0.8388399039295487,-0.17573540844696733,1.1039766519763472,-0.6571225300532996,0.8642225388638881,11.356705960787695,,,0.0,,0.4378784086646232,0.00015245852818243565,35.23912059156175,0.6340272600506953,35.23912059156173,0.6340272600507004
0.0,0.8396414489939628,-0.17478032470540805,1.1032845633353237,-0.65606443597159,0.8646355377266833,11.369260606518507,,,0.0,,0.4371735335796028,0.00015206780109293196,35.260456476786445,0.6334573482387142,35.260456476786466,0.6334573482387179
0.0,0.8404437599667314,-0.17382524096384833,1.102594022614477,-0.6550067222803265,0.8650491512300263,11.381823121410957,,,0.0,,0.43646891116172654,0.00015167776886830604,35.281786071831945,0.6328872081541009,35.28178607183198,0.6328872081541032
0.0,0.8412468375797104,-0.1728701572222886,1.1019050270474777,-0.6539493931141828,0.8654633795088125,11.394393497698708,,,0.0,,0.4357645441675736,0.00015128843141116487,35.303109341993284,0.632316841490187,35.30310934199335,0.6323168414901879
0.0,0.842050682565455,-0.17191507348072887,1.101217573870815,-0.6528924526016728,0.8658782226958465,11.406971727599311,,,0.0,,0.4350604353496212,0.00015089978862049835,35.32442625259823,0.6317462499418407,35.32442625259829,0.6317462499418407
0.0,0.8428552956572203,-0.1709599897391696,1.1005316603238016,-0.6518359048650886,0.8662936809218418,11.419557803314241,,,0.0,,0.4343565874562035,0.00015051184039167835,35.34573676900736,0.6311754352054454,35.345736769007424,0.6311754352054445
0.0,0.8436606775889629,-0.17000490599760987,1.0998472836485713,-0.6507797540204352,0.86670975431542,11.43215171702902,,,0.0,,0.43365300323146816,0.00015012458661645744,35.36704085661447,0.6306043989788752,35.36704085661455,0.6306043989788733
0.0,0.84446682909534,-0.16904982225605014,1.0991644410900834,-0.6497240041773725,0.8671264430031089,11.444753460913228,,,0.0,,0.43294968541533774,0.00014973802718296926,35.38833848084689,0.6300331429614741,35.38833848084697,0.6300331429614713
0.0,0.8452737509117103,-0.16809473851449086,1.0984831298961208,-0.6486686594391506,0.8675437471093423,11.457363027120612,,,0.0,,0.43224663674346614,0.00014935216197572746,35.40962960716559,0.6294616688540322,35.40962960716573,0.6294616688540288
0.0,0.8460814437741367,-0.16713965477293113,1.0978033473172932,-0.6476137239025471,0.8679616667564598,11.469980407789159,,,0.0,,0.4315438599471973,0.00014896699087562444,35.430914201065875,0.6288899783587628,35.43091420106598,0.6288899783587587
0.0,0.8468899084193842,-0.1661845710313714,1.097125090607037,-0.6465592016578079,0.8683802020647047,11.482605595041152,,,0.0,,0.4308413577535254,0.00014858251375993227,35.452192228077045,0.6283180731792802,35.4521922280772,0.6283180731792758
0.0,0.847699145584922,-0.16522948728981168,1.0964483570216164,-0.6455050967885849,0.8687993531522238,11.49523858098325,,,0.0,,0.4301391328850535,0.0001481987305023016,35.47346365376342,0.627745955020577,35.473463653763524,0.6277459550205723
0.0,0.8485091560089237,-0.1642744035482524,1.095773143820126,-0.6444514133718736,0.8692191201350671,11.507879357706562,,,0.0,,0.42943718805995207,0.00014781564097276177,35.49472844372391,0.6271736255890002,35.49472844372402,0.6271736255889958
0.0,0.8493199404302697,-0.16331931980669268,1.0950994482644894,-0.643398155477953,0.869639503127187,11.520527917286728,,,0.0,,0.4287355259919184,0.00014743324503772002,35.51598656359288,0.6266010865922295,35.51598656359301,0.6266010865922254
0.0,0.8501314995885448,-0.16236423606513295,1.0944272676194624,-0.6423453271703249,0.8700605022404369,11.533184251783974,,,0.0,,0.4280341493901366,0.00014705154255996265,35.53723797904017,0.626028339739254,35.53723797904029,0.6260283397392504
0.0,0.8509438342240412,-0.16140915232357322,1.0937565991526335,-0.6412929325056537,0.8704821175845712,11.54584835324319,,,0.0,,0.42733306095923757,0.00014667053339865413,35.55848265577138,0.6254553867403495,35.55848265577148,0.6254553867403467
0.0,0.851756945077758,-0.16045406858201394,1.0930874401344246,-0.6402409755337056,0.8709043492672444,11.558520213694015,,,0.0,,0.42663226339925797,0.00014629021740933807,35.579720559528106,0.624882229307056,35.57972055952823,0.6248822293070538
0.0,0.8525708328914035,-0.15949898484045422,1.0924197878380921,-0.6391894602972874,0.8713271973940112,11.571199825150908,,,0.0,,0.4259317594055997,0.0001459105944439363,35.60095165608858,0.624308869152153,35.60095165608866,0.6243088691521517
0.0,0.8533854984073935,-0.1585439010988945,1.091753639539729,-0.6381383908321894,0.8717506620683249,11.583887179613209,,,0.0,,0.4252315516689919,0.00014553166435075086,35.62217591126738,0.6237353079896395,35.62217591126749,0.6237353079896386
0.0,0.8542009423688538,-0.15758881735733477,1.091088992518265,-0.6370877711671231,0.8721747433915374,11.59658226906522,,,0.0,,0.4245316428754494,0.0001451534269744632,35.64339329091625,0.623161547534709,35.64339329091635,0.6231615475347079
0.0,0.8550171655196197,-0.15663373361577548,1.0904258440554686,-0.6360376053236637,0.8725994414628988,11.609285085476275,,,0.0,,0.42383203570623434,0.0001447758821561355,35.66460376092411,0.6225875895037265,35.66460376092416,0.6225875895037253
0.0,0.8558341686042387,-0.15567864987421576,1.0897641914359468,-0.6349878973161893,0.873024756379557,11.621995620800833,,,0.0,,0.4231327328378152,0.0001443990297332105,35.685807287217216,0.6220134356142063,35.68580728721733,0.6220134356142049
0.0,0.8566519523679681,-0.15472356613265603,1.0891040319471479,-0.6339386511518234,0.8734506882365568,11.634713866978522,,,0.0,,0.4224337369418295,0.00014402286953951342,35.70700383575998,0.6214390875847896,35.70700383576004,0.621439087584788
0.0,0.8574705175567778,-0.15376848239109675,1.0884453628793624,-0.6328898708303761,0.8738772371268396,11.647439815934224,,,0.0,,0.4217350506850437,0.00014364740140525206,35.72819337255445,0.6208645471352209,35.728193372554564,0.6208645471352192
0.0,0.8582898649173515,-0.15281339864953702,1.0877881815257224,-0.6318415603442838,0.874304403141244,11.660173459578179,,,0.0,,0.42103667672931316,0.00014327262515701744,35.74937586364146,0.6202898159863246,35.749375863641525,0.6202898159863228
0.0,0.8591099951970851,-0.1518583149079773,1.0871324851822053,-0.630793723678554,0.8747321863685038,11.672914789806002,,,0.0,,0.4203386177315457,0.00014289854061778592,35.770551275100104,0.619714895859983,35.77055127510022,0.6197148958599812
0.0,0.8599309091440891,-0.15090323116641757,1.0864782711476333,-0.6297463648107058,0.8751605868952489,11.685663798498807,,,0.0,,0.4196408763436613,0.0001425251476069195,35.7917195730487,0.619139788479113,35.7917195730488,0.6191397884791113
0.0,0.8607526075071887,-0.1499481474248583,1.0858255367236755,-0.628699487710712,0.8755896048060043,11.69842047752325,,,0.0,,0.41894345521255444,0.00014215244594016746,35.81288072364456,0.6185644955676433,35.81288072364464,0.6185644955676418
0.0,0.8615750910359256,-0.14899306368329857,1.085174279214848,-0.6276530963409409,0.876019240183191,11.711184818731638,,,0.0,,0.41824635698005436,0.00014178043542966708,35.8340346930845,0.6179890188504903,35.83403469308461,0.6179890188504891
0.0,0.8623983604805564,-0.14803797994173884,1.0845244959285165,-0.6266071946561017,0.8764494931071242,11.723956813961964,,,0.0,,0.4175495842828892,0.00014140911588394597,35.85518144760524,0.6174133600535369,35.85518144760532,0.6174133600535361
0.0,0.8632224165920552,-0.14708289620017911,1.0838761841748965,-0.6255617866031856,0.8768803636560141,11.73673645503801,,,0.0,,0.4168531397526465,0.0001410384871079231,35.876320953483344,0.6168375209036085,35.87632095348341,0.6168375209036082
0.0,0.8640472601221135,-0.14612781245861983,1.0832293412670557,-0.6245168761214103,0.8773118519059652,11.749523733769392,,,0.0,,0.41615702601573623,0.00014066854890291058,35.89745317703576,0.6162615031284505,35.89745317703582,0.616261503128451
0.0,0.8648728918231416,-0.1451727287170601,1.0825839645209128,-0.6234724671421606,0.877743957930977,11.76231864195169,,,0.0,,0.4154612456933516,0.0001402993010666148,35.91857808462005,0.6156853084567044,35.9185780846201,0.6156853084567057
0.0,0.8656993124482684,-0.14421764497550038,1.0819400512552417,-0.622428563588937,0.8781766818029432,11.775121171366461,,,0.0,,0.41476580140143376,0.0001399307433931391,35.93969564263457,0.6151089386178861,35.939695642634646,0.6151089386178881
0.0,0.8665265227513417,-0.1432625612339411,1.0812975987916706,-0.6213851693772967,0.878610023591651,11.787931313781352,,,0.0,,0.4140706957506338,0.00013956287567298543,35.960805817518896,0.6145323953423625,35.960805817518946,0.6145323953423653
0.0,0.8673545234869312,-0.14230747749238137,1.0806566044546846,-0.6203422884147975,0.879043983364783,11.800749060950166,,,0.0,,0.41337593134627426,0.00013919569769305564,35.98190857575399,0.6139556803613274,35.98190857575399,0.613955680361331
0.0,0.8681833154103266,-0.14135239375082165,1.0800170655716255,-0.6192999246009445,0.8794785611879148,11.81357440461293,,,0.0,,0.41268151078831417,0.0001388292092366546,36.00300388386237,0.6133787954067806,36.00300388386237,0.6133787954067847
0.0,0.8690128992775391,-0.14039731000926192,1.0793789794726947,-0.6182580818271344,0.879913757124517,11.826407336495985,,,0.0,,0.41198743667131166,0.00013846341008349181,36.024091708408655,0.6128017422115034,36.024091708408655,0.6128017422115081
0.0,0.8698432758453026,-0.13944222626770264,1.0787423434909533,-0.6172167639765997,0.8803495712359537,11.839247848312038,,,0.0,,0.41129371158438693,0.00013809830000968384,36.04517201599965,0.6122245225090365,36.04517201599963,0.6122245225090415
0.0,0.8706744458710748,-0.13848714252614291,1.0781071549623233,-0.6161759749243542,0.880786003581484,11.85209593176028,,,0.0,,0.4106003381111858,0.00013773387878775626,36.06624477328463,0.6116471380336557,36.06624477328463,0.6116471380336607
0.0,0.8715064101130362,-0.1375320587845832,1.07747341122559,-0.6151357185371398,0.8812230542182609,11.86495157852641,,,0.0,,0.4099073188298443,0.00013737014618664682,36.08730994695567,0.6110695905203508,36.08730994695567,0.6110695905203556
0.0,0.8723391693300921,-0.13657697504302346,1.076841109622402,-0.6140959986733721,0.8816607232013318,11.877814780282748,,,0.0,,0.4092146563129524,0.00013700710197170758,36.108367503747864,0.6104918817048016,36.108367503747886,0.6104918817048058
0.0,0.8731727242818726,-0.13562189130146418,1.0762102474972737,-0.6130568191830862,0.8820990105836388,11.890685528688286,,,0.0,,0.40852235312751783,0.0001366447459047077,36.12941741043961,0.609914013323355,36.129417410439636,0.6099140133233585
0.0,0.8740070757287349,-0.13466680755990446,1.0755808221975842,-0.6120181839078827,0.8825379164160193,11.903563815388802,,,0.0,,0.40783041183492996,0.00013628307774383577,36.15045963385286,0.609335987113002,36.150459633852925,0.6093359871130044
0.0,0.8748422244317615,-0.13371172381834473,1.074952831073582,-0.6109800966808759,0.8829774407472049,11.916449632016883,,,0.0,,0.4071388349909257,0.00013592209724370334,36.17149414085349,0.608757804811355,36.17149414085356,0.6087578048113564
0.0,0.875678171152762,-0.13275664007678545,1.0743262714783843,-0.6099425613266408,0.8834175836238226,11.92934297019204,,,0.0,,0.4064476251455533,0.00013556180415534743,36.1925208983514,0.6081794681566255,36.19252089835145,0.6081794681566262
0.0,0.8765149166542754,-0.13180155633522572,1.0737011407679773,-0.6089055816611575,0.8838583450903957,11.942243821520785,,,0.0,,0.40575678484313676,0.00013520219822623307,36.21353987330079,0.6076009788875993,36.2135398733009,0.6076009788875995
0.0,0.8773524616995679,-0.130846472593666,1.0730774363012197,-0.6078691614917636,0.8842997251893423,11.955152177596673,,,0.0,,0.4050663166222421,0.00013484327920025758,36.234551032700764,0.6070223387436161,36.23455103270083,0.6070223387436157
0.0,0.8781908070526356,-0.12989138885210627,1.0724551554398427,-0.6068333046170981,0.8847417239609773,11.96806803000042,,,0.0,,0.40437622301564174,0.00013448504681775274,36.25555434359499,0.6064435494645445,36.25555434359508,0.6064435494645435
0.0,0.8790299534782043,-0.128936305110547,1.0718342955484519,-0.6057980148270522,0.8851843414435112,11.980991370299943,,,0.0,,0.4036865065502809,0.0001341275008154886,36.2765497730725,0.6058646127907606,36.27654977307263,0.6058646127907591
0.0,0.8798699017417315,-0.12798122136898726,1.0712148539945276,-0.6047632959027148,0.8856275776730528,11.993922190050474,,,0.0,,0.402997169747241,0.00013377064092667628,36.29753728826786,0.6052855304631236,36.29753728826794,0.6052855304631216
0.0,0.880710652609405,-0.12702613762742754,1.0705968281484275,-0.6037291516163247,0.8860714326836068,12.006860480794598,,,0.0,,0.4023082151217085,0.00013341446688097208,36.318516856360965,0.6047063042229547,36.31851685636109,0.6047063042229524
0.0,0.8815522068481451,-0.1260710538858678,1.0699802153833868,-0.6026955857312174,0.8865159065070762,12.019806234062356,,,0.0,,0.40161964518293897,0.00013305897840448086,36.33948844457803,0.604126935812013,36.33948844457816,0.6041269358120104
0.0,0.8823945652256047,-0.12511597014430853,1.0693650130755203,-0.6016626020017756,0.886960999173262,12.032759441371308,,,0.0,,0.40093146243422406,0.00013270417521975966,36.36045202019125,0.6035474269724737,36.360452020191396,0.6035474269724709
0.0,0.8832377285101712,-0.1241608864027488,1.0687512186038228,-0.6006302041733766,0.8874067107098643,12.045720094226635,,,0.0,,0.4002436693728567,0.0001323500570458207,36.381407550519434,0.602967779446903,36.38140755051957,0.6029677794469004
0.0,0.8840816974709652,-0.12320580266118908,1.0681388293501717,-0.5995983959823455,0.8878530411424819,12.058688184121173,,,0.0,,0.3995562684900995,0.0001319966235981366,36.40235500292799,0.602387994978239,36.40235500292812,0.6023879949782365
0.0,0.8849264728778424,-0.12225071891962935,1.0675278426993273,-0.5985671811559027,0.8882999904946134,12.071663702535522,,,0.0,,0.3988692622711503,0.0001316438745886432,36.42329434482941,0.6018080753097655,36.42329434482952,0.6018080753097634
0.0,0.8857720555013942,-0.12129563517807007,1.0669182560389348,-0.5975365634121167,0.8887475587876577,12.08464664093811,,,0.0,,0.39818265319511015,0.0001312918097257441,36.444225543683345,0.6012280221850915,36.444225543683444,0.6012280221850899
0.0,0.8866184461129487,-0.12034055143651035,1.066310066759524,-0.5965065464598511,0.889195746040915,12.097636990785288,,,0.0,,0.39749644373494836,0.00013094042871431398,36.465148566996994,0.6006478373481265,36.46514856699711,0.6006478373481254
0.0,0.8874656454845709,-0.11938546769495062,1.0657032722545134,-0.5954771339987202,0.8896445522715869,12.110634743521382,,,0.0,,0.39681063635747255,0.00013058973125570393,36.48606338232536,0.6000675225430597,36.48606338232546,0.6000675225430592
0.0,0.8883136543890625,-0.11843038395339134,1.0650978699202096,-0.594448329719038,0.8900939774947767,12.12363989057877,,,0.0,,0.3961252335232951,0.00013023971704774498,36.50696995727136,0.5994870795143366,36.50696995727141,0.5994870795143362
0.0,0.8891624735999656,-0.11747530021183161,1.0644938571558082,-0.5934201373017688,0.8905440217234918,12.136652423378,,,0.0,,0.39544023768679953,0.0001298903857847521,36.527868259486155,0.5989065100066346,36.52786825948623,0.5989065100066343
0.0,0.8900121038915598,-0.11652021647027189,1.0638912313633966,-0.5923925604184815,0.8909946849686421,12.149672333327816,,,0.0,,0.39475565129611095,0.00012954173715752957,36.54875825666954,0.598325815764843,36.5487582566696,0.5983258157648426
0.0,0.8908625460388654,-0.11556513272871216,1.0632899899479547,-0.5913656027313009,0.8914459672390425,12.16269961182526,,,0.0,,0.39407147679306276,0.00012919377085337486,36.56963991656993,0.5977449985340385,36.56963991657003,0.5977449985340381
0.0,0.8917138008176423,-0.11461004898715288,1.062690130317356,-0.5903392678928604,0.8918978685414127,12.175734250255745,,,0.0,,0.3933877166131655,0.00012884648655608357,36.590513206984895,0.5971640600594637,36.59051320698501,0.5971640600594631
0.0,0.8925658690043933,-0.11365496524559315,1.062091649882369,-0.589313559546253,0.8923503888803793,12.188776239993146,,,0.0,,0.392704373185574,0.00012849988394595334,36.61137809576121,0.5965830020865031,36.611378095761324,0.5965830020865024
0.0,0.8934187513763617,-0.11269988150403343,1.0614945460566587,-0.5882884813249875,0.8928035282584748,12.20182557239985,,,0.0,,0.3920214489330586,0.00012815396269978975,36.63223455079522,0.5960018263606619,36.63223455079528,0.5960018263606612
0.0,0.8942724487115342,-0.1117447977624737,1.0608988162567878,-0.5872640368529405,0.8932572866761397,12.21488223882686,,,0.0,,0.39133894627197247,0.0001278087224909106,36.65308254003278,0.595420534627543,36.65308254003289,0.5954205346275423
0.0,0.8951269617886404,-0.11078971402091442,1.0603044579022192,-0.5862402297443102,0.893711664131723,12.227946230613842,,,0.0,,0.3906568676122213,0.00012746416298915086,36.673922031470134,0.5948391286328242,36.67392203147022,0.5948391286328236
0.0,0.8959822913871548,-0.1098346302793547,1.059711468415314,-0.5852170636035692,0.8941666606214838,12.241017539089253,,,0.0,,0.3899752153572316,0.00012712028386086728,36.69475299315354,0.5942576101222351,36.694752993153614,0.5942576101222347
0.0,0.896838438287296,-0.10887954653779497,1.0591198452213366,-0.5841945420254216,0.8946222761395909,12.25409615557036,,,0.0,,0.38929399190392244,0.00012677708476894456,36.71557539317979,0.593675980841536,36.71557539317987,0.5936759808415356
0.0,0.8976954032700282,-0.10792446279623569,1.058529585748455,-0.583172668594756,0.8950785106781248,12.267182071363349,,,0.0,,0.38861319964267366,0.0001264345653727998,36.73638919969642,0.5930942425364947,36.73638919969653,0.5930942425364945
0.0,0.8985531871170626,-0.10696937905467596,1.0579406874277397,-0.5821514468865998,0.8955353642270791,12.280275277763415,,,0.0,,0.3879328409572953,0.00012609272532838748,36.75719438090214,0.592512396952863,36.757194380902206,0.5925123969528631
0.0,0.8994117906108563,-0.10601429531311624,1.0573531476931688,-0.581130880466076,0.8959928367743599,12.293375766054803,,,0.0,,0.3872529182249998,0.00012575156428820577,36.77799090504658,0.5919304458363562,36.77799090504665,0.5919304458363565
0.0,0.9002712145346148,-0.10505921157155651,1.0567669639816266,-0.5801109728883587,0.8964509283057884,12.306483527510911,,,0.0,,0.3865734338163707,0.0001254110819013012,36.798778740431075,0.5913483909326295,36.79877874043114,0.59134839093263
0.0,0.901131459672291,-0.10410412782999723,1.0561821337329065,-0.5790917276986283,0.8969096388051011,12.319598553394359,,,0.0,,0.3858943900953345,0.00012507127781327467,36.819557855408554,0.5907662339872558,36.819557855408654,0.5907662339872567
0.0,0.9019925268085888,-0.1031490440884375,1.05559865438971,-0.578073148432027,0.8973689682539521,12.332720834957092,,,0.0,,0.38521578941912954,0.00012473215166628637,36.840328218384094,0.590183976745703,36.84032821838413,0.5901839767457043
0.0,0.9028544167289602,-0.10219396034687778,1.0550165233976518,-0.5770552386136172,0.8978289166319123,12.345850363440404,,,0.0,,0.38453763413827935,0.00012439370309906236,36.861089797814664,0.5896016209533127,36.861089797814714,0.5896016209533144
0.0,0.9037171302196081,-0.10123887660531805,1.0544357382052578,-0.5760380017583376,0.8982894839164726,12.35898713007507,,,0.0,,0.38385992659656254,0.00012405593174689972,36.881842562209904,0.5890191683552769,36.88184256220997,0.5890191683552788
0.0,0.9045806680674866,-0.10028379286375877,1.0538562962639682,-0.5750214413709606,0.8987506700830431,12.37213112608138,,,0.0,,0.3831826691309848,0.00012371883724167287,36.90258648013211,0.5884366206966163,36.90258648013214,0.5884366206966184
0.0,0.9054450310603028,-0.09932870912219904,1.0532781950281374,-0.5740055609460479,0.8992124751049568,12.385282342669267,,,0.0,,0.3825058640717495,0.0001233824192118387,36.92332152019634,0.5878539797221574,36.923321520196374,0.5878539797221596
0.0,0.9063102199865153,-0.09837362538063932,1.0527014319550372,-0.5729903639679117,0.8996748989534686,12.398440771038336,,,0.0,,0.3818295137422311,0.0001230466772824435,36.944047651070925,0.587271247176511,36.94404765107096,0.5872712471765132
0.0,0.9071762356353363,-0.09741854163907959,1.052126004504857,-0.5719758539105695,0.9001379415977574,12.411606402377958,,,0.0,,0.38115362045894613,0.0001227116110751287,36.96476484147751,0.5866884248040499,36.964764841477574,0.586688424804052
0.0,0.9080430787967322,-0.09646345789752031,1.051551910140705,-0.5709620342377055,0.9006016030049275,12.424779227867358,,,0.0,,0.3804781865315262,0.00012237722020813687,36.98547306019143,0.5861055143488868,36.985473060191495,0.5861055143488887
0.0,0.9089107502614248,-0.09550837415596058,1.0509791463286096,-0.5699489084026267,0.9010658831400107,12.4379592386757,,,0.0,,0.3798032142626893,0.0001220435042963179,37.00617227604182,0.585522517554851,37.00617227604187,0.5855225175548525
0.0,0.9097792508208908,-0.09455329041440086,1.0504077105375211,-0.5689364798482236,0.9015307819659656,12.451146425962131,,,0.0,,0.37912870594821424,0.000121710462951136,37.0268624579118,0.5849394361654682,37.02686245791188,0.5849394361654693
0.0,0.9106485812673631,-0.09359820667284158,1.0498376002393135,-0.5679247520069302,0.9019962994436809,12.464340780875881,,,0.0,,0.3784546638769125,0.0001213780957806754,37.04754357473895,0.5843562719239376,37.04754357473903,0.5843562719239382
0.0,0.9115187423938326,-0.09264312293128185,1.0492688129087842,-0.5669137283006804,0.9024624355319766,12.477542294556358,,,0.0,,0.37778109033060076,0.00012104640238964696,37.06821559551533,0.583773026573109,37.068215595515404,0.5837730265731093
0.0,0.9123897349940467,-0.09168803918972213,1.0487013460236567,-0.5659034121408727,0.9029291901876042,12.490750958133185,,,0.0,,0.377107987584076,0.000120715382379395,37.08887848928771,0.5831897018554624,37.08887848928777,0.5831897018554625
0.0,0.9132615598625121,-0.0907329554481624,1.048135197064582,-0.5648938069283272,0.9033965633652494,12.503966762726309,,,0.0,,0.3764353579050877,0.00012038503534790389,37.10953222515789,0.5826062995130851,37.10953222515798,0.582606299513085
0.0,0.9141342177944938,-0.08977787170660312,1.0475703635151392,-0.5638849160532486,0.903864555017533,12.51718969944606,,,0.0,,0.37576320355431264,0.00012005536088980476,37.130176772282915,0.5820228212876501,37.130176772282994,0.5820228212876498
0.0,0.9150077095860182,-0.08882278796504339,1.047006842861836,-0.5628767428951833,0.9043331650950133,12.530419759393272,,,0.0,,0.37509152678532703,0.0001197263585963817,37.150812099875274,0.5814392689203937,37.150812099875374,0.5814392689203932
0.0,0.9158820360338709,-0.08786770422348367,1.0464446325941126,-0.5618692908229861,0.9048023935461859,12.543656933659285,,,0.0,,0.3744203298445833,0.00011939802805557965,37.17143817720308,0.5808556441520945,37.17143817720319,0.5808556441520938
0.0,0.9167571979355994,-0.08691262048192394,1.045883730204341,-0.560862563194778,0.9052722403174871,12.556901213326087,,,0.0,,0.37374961497138265,0.00011907036885201073,37.1920549735904,0.5802719487230509,37.19205497359054,0.58027194872305
0.0,0.917633196089513,-0.08595753674036466,1.0453241331878265,-0.5598565633579102,0.9057427053532943,12.570152589466364,,,0.0,,0.3730793843978509,0.00011874338056696147,37.21266245841742,0.5796881843730602,37.21266245841753,0.5796881843730592
0.0,0.9185100312946848,-0.08500245299880493,1.0447658390428094,-0.5588512946489244,0.9062137885959287,12.583411053143594,,,0.0,,0.37240964034891166,0.00011841706277839941,37.2332606011206,0.5791043528413954,37.23326060112069,0.5791043528413944
0.0,0.9193877043509504,-0.08404736925724521,1.0442088452704663,-0.5578467603935175,0.906685489985656,12.596676595412113,,,0.0,,0.37174038504226375,0.00011809141506098111,37.253849371192985,0.578520455866785,37.253849371193084,0.578520455866784
0.0,0.9202662160589097,-0.08309228551568593,1.0436531493749122,-0.5568429639065046,0.9071578094606881,12.609949207317174,,,0.0,,0.371071620688355,0.00011776643698605893,37.27442873818442,0.5779364951873911,37.27442873818452,0.5779364951873901
0.0,0.9211455672199285,-0.0821372017741262,1.0430987488631989,-0.5558399084917794,0.907630746957186,12.62322887989508,,,0.0,,0.3704033494903573,0.00011744212812168805,37.2949986717018,0.5773524725407864,37.29499867170188,0.5773524725407856
0.0,0.9220257586361374,-0.08118211803256647,1.0425456412453202,-0.5548375974422818,0.9081043024092601,12.636515604173205,,,0.0,,0.3697355736441443,0.00011711848803263451,37.315559141409075,0.5767683896639345,37.31555914140921,0.576768389663934
0.0,0.922906791110434,-0.08022703429100675,1.0419938240342106,-0.5538360340399591,0.9085784757489724,12.6498093711701,,,0.0,,0.36906829533826563,0.0001167955162803823,37.33611011702788,0.5761842482931676,37.336110117028,0.5761842482931673
0.0,0.9237886654464824,-0.07927195054944747,1.041443294745748,-0.5528352215557325,0.9090532669063388,12.663110171895557,,,0.0,,0.3684015167539242,0.0001164732124231411,37.35665156833731,0.5756000501641652,37.3566515683374,0.575600050164165
0.0,0.924671382448716,-0.07831686680788774,1.0408940508987525,-0.5518351632494581,0.9095286758093308,12.67641799735072,,,0.0,,0.36773524006495095,0.00011615157601585325,37.37718346517429,0.5750157970119314,37.377183465174404,0.5750157970119315
0.0,0.9255549429223358,-0.07736178306632802,1.0403460900149917,-0.5508358623698963,0.9100047023838768,12.689732838528116,,,0.0,,0.367069467437784,0.00011583060661020249,37.39770577743408,0.5744314905707757,37.39770577743415,0.5744314905707759
0.0,0.9264393476733119,-0.07640669932476829,1.0397994096191785,-0.5498373221546742,0.9104813465538643,12.703054686411761,,,0.0,,0.36640420103144333,0.00011551030375462093,37.418218475069914,0.57384713257429,37.41821847507,0.5738471325742901
0.0,0.9273245975083853,-0.07545161558320901,1.0392540072389744,-0.5488395458302527,0.9109586082411414,12.716383531977222,,,0.0,,0.36573944299750943,0.0001151906669942972,37.43872152809371,0.573262724755328,37.43872152809383,0.5732627247553282
0.0,0.928210693235068,-0.07449653184164928,1.0387098804049892,-0.5478425366118905,0.9114364873655203,12.729719366191732,,,0.0,,0.3650751954800987,0.00011487169587118403,37.45921490657616,0.5726782688459833,37.45921490657626,0.5726782688459835
0.0,0.929097635661643,-0.07354144810008956,1.0381670266507836,-0.5468462977036127,0.9119149838447769,12.743062180014215,,,0.0,,0.3644114606158431,0.00011455338992400663,37.479698580646726,0.5720937665775689,37.47969858064684,0.5720937665775693
0.0,0.929985425597166,-0.07258636435852983,1.0376254435128704,-0.5458508322981764,0.9123940975946545,12.756411964395397,,,0.0,,0.36374824053386656,0.00011423574868827048,37.50017252049417,0.5715092196805963,37.50017252049424,0.5715092196805965
0.0,0.9308740638514652,-0.07163128061697055,1.0370851285307152,-0.5448561435770379,0.9128738285288648,12.769768710277868,,,0.0,,0.36308553735576365,0.00011391877169626969,37.52063669636632,0.5709246298847533,37.52063669636643,0.5709246298847536
0.0,0.9317635512351439,-0.07067619687541082,1.036546079246737,-0.5438622347103189,0.913354176559091,12.783132408596185,,,0.0,,0.36242335319557656,0.00011360245847709438,37.54109107857095,0.5703399989188831,37.541091078571036,0.5703399989188834
0.0,0.9326538885595786,-0.0697211131338511,1.036008293206311,-0.542869108856776,0.913835141594989,12.79650305027692,,,0.0,,0.3617616901597751,0.0001132868085566401,37.561535637475195,0.5697553285109644,37.56153563747531,0.5697553285109647
0.0,0.9335450766369215,-0.06876602939229182,1.0354717679577696,-0.5418767691637675,0.914316723544189,12.809880626238742,,,0.0,,0.3611005503472348,0.00011297182145761544,37.58197034350648,0.5691706203880896,37.581970343506576,0.5691706203880897
0.0,0.9344371162801018,-0.06781094565073209,1.0349365010524019,-0.5408852187672212,0.9147989223122996,12.823265127392526,,,0.0,,0.36043993584921474,0.00011265749669955013,37.60239516715217,0.568585876276443,37.60239516715227,0.5685858762764431
0.0,0.9353300083028243,-0.06685586190917236,1.0344024900444577,-0.5398944607916047,0.9152817378029076,12.836656544641379,,,0.0,,0.359779848749338,0.00011234383379880422,37.622810078960065,0.5680010979012817,37.622810078960164,0.5680010979012816
0.0,0.9362237535195718,-0.06590077816761264,1.0338697324911463,-0.5389044983498931,0.9157651699175813,12.850054868880763,,,0.0,,0.35912029112357063,0.00011203083226857616,37.643215049538604,0.5674162869869137,37.64321504953867,0.5674162869869135
0.0,0.9371183527456045,-0.06494569442605336,1.0333382259526394,-0.5379153345435391,0.9162492185558727,12.86346009099854,,,0.0,,0.35846126504020087,0.00011171849161891156,37.66361004955684,0.5668314452566775,37.66361004955692,0.5668314452566772
0.0,0.9380138067969637,-0.06399061068449363,1.032807967992071,-0.536926972462441,0.9167338836153199,12.876872201875083,,,0.0,,0.3578027725598184,0.0001114068113567113,37.68399504974492,0.5662465744329203,37.68399504974502,0.5662465744329199
0.0,0.9389101164904685,-0.0630355269429339,1.0322789561755397,-0.5359394151849148,0.9172191649914487,12.890291192383321,,,0.0,,0.3571448157352956,0.00011109579098574102,37.704370020894174,0.565661676236979,37.70437002089426,0.5656616762369786
0.0,0.9398072826437193,-0.06208044320137418,1.0317511880721095,-0.5349526657776641,0.9177050625777748,12.90371705338883,,,0.0,,0.3564873966117672,0.00011078543000663951,37.72473493385715,0.5650767523891588,37.72473493385726,0.5650767523891581
0.0,0.9407053060750971,-0.0611253594598149,1.0312246612538114,-0.5339667272957498,0.9181915762658068,12.917149775749909,,,0.0,,0.3558305172266106,0.00011047572791692754,37.74508975954816,0.5644918046087122,37.74508975954823,0.5644918046087115
0.0,0.9416041876037663,-0.06017027571825517,1.0306993732956433,-0.5329816027825606,0.9186787059450484,12.930589350317671,,,0.0,,0.3551741796094256,0.0001101666842110164,37.76543446894302,0.5639068346138185,37.76543446894314,0.5639068346138179
0.0,0.9425039280496729,-0.05921519197669545,1.0301753217755731,-0.5319972952697867,0.9191664515029998,12.944035767936093,,,0.0,,0.35451838578201744,0.0001098582983802178,37.78576903307979,0.5633218441215644,37.78576903307987,0.5633218441215637
0.0,0.943404528233546,-0.058260108235136165,1.0296525042745388,-0.53101380777739,0.9196548128251608,12.957489019442102,,,0.0,,0.35386313775837636,0.00010955056991275206,37.80609342305839,0.5627368348479227,37.80609342305848,0.5627368348479221
0.0,0.9443059889769005,-0.05730502449357644,1.0291309183764492,-0.5300311433135753,0.9201437897950336,12.970949095665684,,,0.0,,0.3532084375446585,0.00010924349829375726,37.82640761004129,0.5621518085077314,37.82640761004137,0.5621518085077308
0.0,0.9452083111020352,-0.056349940752016714,1.0286105616681867,-0.5290493048747646,0.9206333822941245,12.984415987429914,,,0.0,,0.35255428713916936,0.000108937083005299,37.84671156525334,0.5615667668146747,37.84671156525342,0.5615667668146742
0.0,0.9461114954320345,-0.05539485701045699,1.0280914317396073,-0.5280682954455682,0.9211235902019459,12.997889685551048,,,0.0,,0.35190068853234363,0.00010863132352637896,37.86700525998217,0.5609817114812619,37.86700525998224,0.5609817114812615
0.0,0.9470155427907695,-0.054439773268897707,1.0275735261835417,-0.527088117998759,0.9216144133960198,13.01137018083862,,,0.0,,0.35124764370672873,0.00010832621933294458,37.88728866557832,0.5603966442188076,37.887288665578396,0.5603966442188074
0.0,0.9479204540028991,-0.05348468952733798,1.027056842595797,-0.5261087754952439,0.9221058517518802,13.024857464095506,,,0.0,,0.3505951546369654,0.00010802176989789793,37.907561753455376,0.5598115667374106,37.90756175345548,0.5598115667374105
0.0,0.9488262298938698,-0.052529605785778255,1.026541378575158,-0.5251302708840399,0.9225979051430747,13.038351526117989,,,0.0,,0.34994322328977173,0.00010771797469110566,37.92782449509032,0.5592264807459353,37.927824495090384,0.5592264807459353
0.0,0.9497328712899166,-0.05157452204421853,1.026027131723388,-0.5241526071022465,0.9230905734411675,13.051852357695845,,,0.0,,0.3492918516239252,0.00010741483317940817,37.94807686202339,0.5586413879519905,37.94807686202348,0.5586413879519907
0.0,0.9506403790180636,-0.05061943830265925,1.0255140996452294,-0.5231757870750219,0.923583856515742,13.06535994961243,,,0.0,,0.3486410415902457,0.00010711234482662923,37.968318825858645,0.5580562900619103,37.968318825858745,0.5580562900619107
0.0,0.9515487539061269,-0.04966435456109952,1.0250022799484066,-0.522199813715554,0.924077754234404,13.078874292644741,,,0.0,,0.34799079513157793,0.00010681050909358505,37.98855035826396,0.5574711887807328,37.98855035826404,0.5574711887807333
0.0,0.9524579967827118,-0.048709270819539796,1.0244916702436249,-0.5212246899250401,0.9245722664627829,13.09239537756351,,,0.0,,0.34734111418277597,0.00010650932543809475,38.00877143097112,0.5568860858121817,38.00877143097122,0.5568860858121824
0.0,0.9533681084772159,-0.047754187077980514,1.0239822681445738,-0.5202504185926596,0.925067393064535,13.105923195133242,,,0.0,,0.34669200067068645,0.00010620879331498962,38.02898201577622,0.5563009828586463,38.02898201577631,0.556300982858647
0.0,0.95427908981983,-0.04679910333642079,1.0234740712679262,-0.5192770025955495,0.925563133901347,13.119457736112357,,,0.0,,0.3460434565141315,0.0001059089121761224,38.049182084539716,0.5557158816211603,38.04918208453975,0.555715881621161
0.0,0.9551909416415373,-0.04584401959486106,1.0229670772333412,-0.5183044447987819,0.9260594888329372,13.1329989912532,,,0.0,,0.3453954836238941,0.00010560968147037801,38.06937160918646,0.5551307837993839,38.06937160918651,0.5551307837993846
0.0,0.9561036647741155,-0.04488893585330134,1.0224612836634641,-0.5173327480553399,0.9265564577170591,13.146546951302156,,,0.0,,0.3447480839027018,0.00010531110064368278,38.08955056170622,0.5545456910915835,38.08955056170627,0.5545456910915841
0.0,0.9570172600501364,-0.043933852111742056,1.0219566881839282,-0.5163619152060949,0.9270540404095033,13.160101606999712,,,0.0,,0.3441012592452112,0.00010501316913901468,38.109718914153554,0.553960605194612,38.10971891415365,0.5539606051946127
0.0,0.9579317283029689,-0.04297876837018233,1.0214532884233551,-0.5153919490797807,0.927552236764102,13.173662949080542,,,0.0,,0.34345501153799196,0.00010471588639641261,38.1298766386483,0.5533755278038888,38.12987663864837,0.5533755278038893
0.0,0.9588470703667767,-0.042023684628622604,1.0209510820133567,-0.5144228524929757,0.9280510466327294,13.187230968273584,,,0.0,,0.3428093426595132,0.00010441925185298747,38.15002370737528,0.5527904606133816,38.15002370737535,0.552790460613382
0.0,0.9597632870765213,-0.04106860088706288,1.0204500665885363,-0.5134546282500773,0.9285504698653062,13.20080565530209,,,0.0,,0.34216425448012766,0.0001041232649429315,38.17016009258493,0.552205405315586,38.17016009258499,0.5522054053155864
0.0,0.9606803792679611,-0.0401135171455036,1.0199502397864886,-0.5124872791432817,0.9290505063098012,13.214387000883738,,,0.0,,0.3415197488620577,0.0001038279250975288,38.19028576659323,0.5516203636015069,38.19028576659326,0.5516203636015072
0.0,0.9615983477776551,-0.03915843340394387,1.0194515992478015,-0.5115208079525598,0.929551155812236,13.227974995730698,,,0.0,,0.3408758276593797,0.00010353323174516479,38.2104007017819,0.5510353371606379,38.210400701781964,0.5510353371606383
0.0,0.9625171934429597,-0.038203349662384145,1.0189541426160575,-0.5105552174456399,0.9300524182166855,13.241569630549689,,,0.0,,0.3402324927180115,0.00010323918431133756,38.23050487059873,0.550450327680944,38.230504870598786,0.5504503276809446
0.0,0.9634369171020324,-0.03724826592082442,1.0184578675378346,-0.5095905103779839,0.9305542933652822,13.255170896042076,,,0.0,,0.3395897458756977,0.00010294578221866737,38.25059824555749,0.5498653368488411,38.25059824555754,0.5498653368488419
0.0,0.9643575195938308,-0.03629318217926514,1.0179627716627075,-0.5086266894927679,0.9310567810982184,13.268778782903917,,,0.0,,0.33894758896199606,0.00010265302488690731,38.270680799238264,0.5492803663491779,38.270680799238335,0.5492803663491787
0.0,0.9652790017581154,-0.03533809843770541,1.017468852643247,-0.5076637575208609,0.9315598812537506,13.282393281826101,,,0.0,,0.33830602379826336,0.0001023609117329532,38.29075250428764,0.5486954178652149,38.290752504287724,0.5486954178652159
0.0,0.9662013644354484,-0.034383014696145686,1.0169761081350237,-0.5067017171808068,0.9320635936681999,13.296014383494342,,,0.0,,0.3376650521976434,0.00010206944217085485,38.31081333341883,0.5481104930786084,38.31081333341886,0.5481104930786095
0.0,0.9671246084671944,-0.033427930954586405,1.0164845357966077,-0.5057405711788042,0.9325679181759572,13.309642078589308,,,0.0,,0.3370246759650537,0.00010177861561182614,38.330863259411636,0.5475255936693896,38.3308632594117,0.5475255936693908
0.0,0.9680487346955238,-0.03247284721302668,1.0159941332895686,-0.5047803222086852,0.9330728546094855,13.323276357786696,,,0.0,,0.33638489689717116,0.00010148843146425513,38.350902255113034,0.5469407213159457,38.35090225511312,0.5469407213159468
0.0,0.9689737439634102,-0.03151776347146695,1.0155048982784787,-0.5038209729519,0.9335784027993221,13.336917211757273,,,0.0,,0.3357457167824217,0.00010119888913371539,38.3709302934371,0.5463558776950024,38.370930293437134,0.5463558776950035
0.0,0.9698996371146333,-0.030562679729907227,1.0150168284309127,-0.5028625260774956,0.9340845625740829,13.350564631166982,,,0.0,,0.3351071374009664,0.00010090998802297629,38.39094734736488,0.5457710644816043,38.39094734736495,0.5457710644816053
0.0,0.9708264149937786,-0.029607595988347946,1.0145299214174492,-0.5019049842420998,0.9345913337604641,13.364218606676996,,,0.0,,0.3344691605246905,0.00010062172753201385,38.410953389945206,0.5451862833490968,38.41095338994527,0.5451862833490977
0.0,0.9717540784462397,-0.02865251224678822,1.0140441749116706,-0.5009483500899007,0.9350987161832471,13.37787912894383,,,0.0,,0.33383178791718976,0.00010033410705802098,38.43094839429431,0.5446015359691065,38.43094839429435,0.5446015359691072
0.0,0.972682628318217,-0.027697428505228494,1.0135595865901659,-0.49999262625263197,0.9356067096652995,13.39154618861936,,,0.0,,0.3331950213337607,0.00010004712599541893,38.4509323335961,0.5440168240115245,38.4509323335962,0.5440168240115248
0.0,0.9736120654567195,-0.02674234476366877,1.0130761541325297,-0.49903781534955394,0.9361153140275795,13.405219776350949,,,0.0,,0.33255886252138817,9.976078373586784e-05,38.47090518110261,0.5434321491444862,38.47090518110271,0.5434321491444861
0.0,0.9745423907095658,-0.025787261022109487,1.012593875221366,-0.4980839199874384,0.9366245290891386,13.418899882781478,,,0.0,,0.33192331321873453,9.947507966827769e-05,38.49086691013377,0.5428475130343543,38.49086691013384,0.5428475130343537
0.0,0.9754736049253854,-0.02483217728054976,1.012112747542285,-0.4971309427605488,0.9371343546671257,13.432586498549473,,,0.0,,0.3312883751561274,9.919001317881876e-05,38.51081749407762,0.542262917345699,38.51081749407773,0.542262917345698
0.0,0.9764057089536174,-0.023877093538990035,1.0116327687839084,-0.49617888625062845,0.9376447905767884,13.446279614289129,,,0.0,,0.33065405005555104,9.890558365093341e-05,38.530756906390806,0.5416783637412818,38.530756906390906,0.5416783637412802
0.0,0.9773387036445128,-0.022922009797430754,1.011153936637868,-0.49522775302688193,0.9381558366314776,13.4599792206304,,,0.0,,0.33002033963063415,9.862179046534666e-05,38.550685120598295,0.5410938538820358,38.55068512059841,0.5410938538820338
0.0,0.9782725898491362,-0.021966926055871028,1.010676248798806,-0.49427754564595944,0.9386674926426509,13.473685308199101,,,0.0,,0.3293872455866395,9.833863300007692e-05,38.57060211029383,0.5405093894270477,38.57060211029395,0.5405093894270454
0.0,0.9792073684193643,-0.021011842314311302,1.0101997029643783,-0.4933282666519433,0.9391797584198748,13.487397867616938,,,0.0,,0.32875476962045497,9.805611063044787e-05,38.59050784913985,0.539924972033541,38.59050784913999,0.5399249720335383
0.0,0.980143040207888,-0.020056758572751576,1.0097242968352533,-0.49237991857633234,0.9396926337708283,13.501116889501619,,,0.0,,0.32812291342058275,9.777422272909899e-05,38.61040231086788,0.5393406033568564,38.61040231086802,0.5393406033568536
0.0,0.9810796060682127,-0.019101674831192295,1.0092500281151147,-0.4914325039380273,0.9402061185013068,13.514842364466892,,,0.0,,0.32749167866713025,9.749296866599715e-05,38.6302854692785,0.5387562850504359,38.630285469278604,0.5387562850504332
0.0,0.9820170668546605,-0.01814659108963257,1.0087768945106599,-0.4904860252433158,0.940720212415225,13.528574283122666,,,0.0,,0.3268610670317993,9.721234780844726e-05,38.65015729824152,0.5381720187658026,38.6501572982416,0.5381720187657999
0.0,0.9829554234223687,-0.017191507348072843,1.0083048937316035,-0.48954048498586045,0.9412349153146198,13.54231263607504,,,0.0,,0.32623108017787883,9.69323595211043e-05,38.6700177716961,0.537587806152545,38.67001777169622,0.5375878061525426
0.0,0.9838946766272924,-0.016236423606513117,1.0078340234906764,-0.4885958856466842,0.9417502269996543,13.556057413926402,,,0.0,,0.32560171976023483,9.665300316598422e-05,38.689866863651154,0.5370036488582987,38.68986686365124,0.5370036488582968
0.0,0.9848348273262034,-0.015281339864953836,1.007364281503628,-0.4876522296941574,0.9422661472686205,13.56980860727549,,,0.0,,0.3249729874253016,9.637427810247541e-05,38.70970454818503,0.5364195485287286,38.709704548185115,0.5364195485287273
0.0,0.9857758763766943,-0.01432625612339411,1.0068956654892256,-0.48670951958398384,0.942782675917944,13.583566206717485,,,0.0,,0.3243448848110727,9.609618368734975e-05,38.7295307994461,0.5358355068075111,38.72953079944617,0.5358355068075105
0.0,0.9867178246371754,-0.013371172381834384,1.006428173169257,-0.4857677577591905,0.9432998127421853,13.597330202844052,,,0.0,,0.323717413547094,9.581871927477469e-05,38.74934559165255,0.5352515253363177,38.74934559165262,0.5352515253363176
0.0,0.9876606729668778,-0.012416088640274658,1.00596180226853,-0.4848269466501139,0.9438175575340454,13.611100586243444,,,0.0,,0.32309057525445417,9.554188421632429e-05,38.7691488990928,0.5346676057547967,38.76914889909285,0.5346676057547971
0.0,0.9886044222258531,-0.011461004898715377,1.0054965505148734,-0.48388708867438873,0.9443359100843672,13.624877347500556,,,0.0,,0.32246437154577784,9.526567786099099e-05,38.78894069612545,0.5340837497005566,38.788940696125486,0.5340837497005573
0.0,0.9895490732749762,-0.010505921157155651,1.0050324156391388,-0.4829481862369348,0.9448548701821413,13.638660477197018,,,0.0,,0.3218388040252163,9.499009955519662e-05,38.808720957179425,0.5334999588091476,38.80872095717949,0.5334999588091486
0.0,0.9904946269759433,-0.009550837415595925,1.0045693953752004,-0.4820102417299489,0.945374437614507,13.652449965911238,,,0.0,,0.32121387428844217,9.471514864280481e-05,38.82848965675437,0.5329162347140463,38.82848965675442,0.5329162347140475
0.0,0.9914410841912737,-0.008595753674036644,1.0041074874599565,-0.48107325753289176,0.9458946121667574,13.666245804218494,,,0.0,,0.320589583922641,9.444082446513222e-05,38.84824676942035,0.5323325790466373,38.84824676942041,0.5323325790466388
0.0,0.9923884457843125,-0.007640669932476918,1.0036466896333294,-0.4801372360124767,0.9464153936223431,13.680047982691027,,,0.0,,0.3199659345065032,9.416712636095983e-05,38.867992269818366,0.5317489934361965,38.86799226981844,0.5317489934361981
0.0,0.9933367126192283,-0.006685586190917192,1.0031869996382672,-0.47920217952266236,0.9469367817628741,13.693856491898067,,,0.0,,0.3193429276102195,9.389405366654546e-05,38.887726132660326,0.5311654795098744,38.887726132660376,0.5311654795098758
0.0,0.9942858855610158,-0.005730502449357466,1.0027284152207445,-0.4782680904046403,0.9474587763681251,13.707671322405934,,,0.0,,0.3187205647954727,9.362160571563483e-05,38.907448332729096,0.5305820388926789,38.907448332729146,0.5305820388926803
0.0,0.9952359654754961,-0.004775418707798185,1.0022709341297629,-0.47733497098682703,0.9479813772160381,13.721492464778107,,,0.0,,0.31809884761543206,9.334978183947386e-05,38.92715884487877,0.5299986732074592,38.92715884487885,0.5299986732074604
0.0,0.9961869532293186,-0.003820334966238459,1.0018145541173509,-0.47640282358485253,0.9485045840827266,13.735319909575304,,,0.0,,0.31747777761474594,9.30785813668198e-05,38.94685764403491,0.5294153840748878,38.94685764403493,0.5294153840748888
0.0,0.9971388496899596,-0.002865251224678733,1.0013592729385667,-0.47547165050155427,0.9490283967424785,13.74915364735553,,,0.0,,0.3168573563295376,9.280800362395388e-05,38.966544705194174,0.5288321731134453,38.966544705194245,0.528832173113446
0.0,0.9980916557257249,-0.0019101674831190074,1.000905088351497,-0.47454145402696674,0.9495528149677606,13.762993668674183,,,0.0,,0.3162375852873982,9.253804793469269e-05,38.9862200034251,0.5282490419394031,38.98622000342519,0.5282490419394036
0.0,0.9990453722057494,-0.0009550837415597258,1.0004519981172588,-0.473612236438314,0.9500778385292208,13.776839964084083,,,0.0,,0.31561846600738214,9.226871362040037e-05,39.00588351386781,0.5276659921668074,39.00588351386789,0.5276659921668075
0.0,1.0,0.0,1.0,-0.47268400000000005,0.9506034671956942,13.790692524135592,,,0.0,,0.315,9.2e-05,39.02553521173422,0.5270830254074615,39.025535211734294,0.5270830254074615
