mode,mG_eV,phase,index,component,group_normalized_error,exact_chi,main_chi,exact_y,main_y
tree_eta,0.000001,zero,0,charged,0.000000000000000144408141790858773724314422928053343553166708766687404874245068261816612205212595779042232558562503863649837941246419448121509832304329511687342343802993124436773881671815308159869359635675996568468146667619523612937967491013941548893160798,0.000000000000000000000000000000000000000000000001753666528767780146756275259819287847557341055099729238354130909186294043912879144060884799677803126818904172126842430042565209475879461560895169138462718061423538235318081728982491615047412636033286179895644405347831493,0.0000000000000000000000000000000000000000000000017536665287677804,0.0,0.0
tree_eta,0.000001,zero,0,modulus,0.000000000000000277208928556753200152083890454112942939145800038203399070809526424814798544467336146145155061590918500163149238432344301757567987186586777001107858267364809519388380375104175647799425179226695000673454264557738315410254175053590170975546246,-0.00000000000000000000000000000000000000000000000000002103453617024318416903876555861609069654135008269786760882842367504778125377790336509174790396162873823269578298580891993708200882900778739752845253352402183051938438036802772537586961476731632858004107790910777820306395,-0.00000000000000000000000000000000000000000000000000002103453617024319,0.0,0.0
tree_eta,0.000001,zero,0,tree,0.0000000000000000424930460235089683774314160831855026285025165175020011136594773876164578490537080056336058462897374545420302030282472089127199451951580737373997575758945772912423687003777270221362871455447422153142788238028205487371546489370758045221071662,-0.0000000000001232362054270612547633182510252804001851735472184366603282953787559707893212471269193677074583601754738719176366555516719825105037041293318513363454355341547647584357500599431747941258248611535938029024460701072247326096,-0.00000000000012323620542706126,0.0,0.0
tree_eta,0.000001,zero,512,charged,0.000000000000000245954233091519511249453323083295127816701217976531015410034715437341991245515381881770213405735611243832791876675631091197386499811239567495497706046863339374542631875168306137926827146659913002930953379872429685773451040890661696367600668,0.0000000000000000000000000000000000000000000000001819703315210243686782938186534952845802657665590602843905596307713276972027269866749032097933523575738404721404336253066091130139299144365332359121182400094203643937335801775944429942459445020054240084503188676299961584,0.0000000000000000000000000000000000000000000000001819703315210248,0.0,0.0
tree_eta,0.000001,zero,512,modulus,0.000000000000000299675144913199734505618720497731264202226729403264754312047511998469612011118551809504881918250227925679092232357478167082743130995883349784440167005867384056897732408127950109213240301528044418318043136017071801274731344562232908475195545,-0.000000000000000000000000000000000000000000000000000006349620143805231696472325000432423009877826498663687784086209620708474621749896936852770980086619734280989609338451779128118502477662661811424954591519985994034596497697360755864491517325758633170170424088512756021165446,-0.000000000000000000000000000000000000000000000000000006349620143805238,0.0,0.0
tree_eta,0.000001,zero,512,tree,0.000000000000000119562924555336812215017063858803672857456130541968697015649334880344553792241339949949960834452557345939406572814946023495916815116022161971516421655404594174803952174088071198541002654889003892502132337499788368000313744107985836401780673,-0.00000000000001122969414436418526551886803828618204955916384342779809593632461231705617066231887251196960708101720271645828872657750869694071767513435111470003381325342465704634422542067608073399604466309737226462691688411800542245226,-0.0000000000000112296941443642,0.0,0.0
tree_eta,0.000001,zero,1024,charged,0.0000000000000000922738026106681751441258464529114426167285228124554447840819351278294669243425098615606021076695965908394153466306839959391370021090709331880622890761224112940913038477909366634515439754935299693764186073702796473323244925908599899990154295,0.00000000000000000000000000000000000000000000000006204964599631396818252087954621182472654054225440605585410333845645465285031741083955247658727671660148449887487683721752575487609148814423768105973432376613930605515998270546241971270233266047099541145808150044326133229,0.00000000000000000000000000000000000000000000000006204964599631413,0.0,0.0
tree_eta,0.000001,zero,1024,modulus,0.000000000000000783103858679560325070334639244549992040018563974384626577043095916086512953107312878259401650129243510100971085490962046261222298151741702391678363604231514297699165076480325321836956281607913793901020312738547588261142052163831911995398719,-0.000000000000000000000000000000000000000000000000000002445425053373962872226440452218558532951536667116779689705460824672517218639843984203914784715062273970482481822990372254715036109197351493403422709310326637048820550584844089086568826800492511961886051732574756385933499,-0.0000000000000000000000000000000000000000000000000000024454250533739464,0.0,0.0
tree_eta,0.000001,zero,1024,tree,0.000000000000000185863471820030812996212874776264879062660152071797031020531395334425678565895079210355420775385791077087945598783198107525369832170252782930422041884479085785044823304125626679675889934030099781301125977096524786766608597460569784441322668,-0.000000000000001665640039816972205108994600127866846955615521685213156229572728173864372264036390025077620406480573759838837858160341680082620184231640846049057649610252238655399473334927224165840726723162099643617601740298824508758157,-0.0000000000000016656400398169493,0.0,0.0
tree_eta,0.000001,quadrature,0,charged,0.000000000000000144408141790602877176273346263167369859196136791018807706362202041190637079441147964969131417628811305025376629194326143116171022198825233187577154597963621953133923916196867200890770738837080346388452566422246346013505278486748413405333777,0.000000000000000000000000000000000000000000000001753666528767780146756275260268045058684193395797341352316804513326835479216635015183635918812231367971757454766750874421320279422737883696732869690995738401069924235438893266168656004375117340124858210569700069537087286,0.0000000000000000000000000000000000000000000000017536665287677804,-0.0000000000000000000000000000000000000000000000000000000000000000000000000001723254867820916512869958642688155503599327006894755894992206809195214493677206640698816856378788610839386399604684141544321408079356231569375932867933605596633034139277208177071540877253347223099183144723981893697945094,-0.00000000000000000000000000000000000000000000000000000000000000000000000000017232548678209164
tree_eta,0.000001,quadrature,0,modulus,0.000000000000000134586339890415149932989528049899786630630239250105880001047302238601559853277762722721270902783545009955622222536575272723676630047505460391415267876110401884042772781507366866612678370176195884493893030498332770974021358231264260488124578,-4.196665508202127464142101964189119311065232167023902330198455565680078408416206232910672027127045642886053946454871415845368428050409001496501558178231152047539741066544913064640130893665971759735093900539501873285055452e-81,1.51625811215653e-83,-0.000000000000000000000000000000000000000000000000000007011512056747728056346255184806475062779740872851921881546442074546305605476253890563829461250494482490167578362432006592162960412840116945732325154081873686445773393576103964764783306473265009959949275329938046487406327,-0.000000000000000000000000000000000000000000000000000007011512056747729
tree_eta,0.000001,quadrature,0,tree,0.0000000000000000424930460232143828723923701396078575259884091187086529677144500918789063637782562940651500274336560066990475541086910744970457000419975657000261366535200020994093598640411297216062099532649577063453933135297035531861435669730356063740496152,-0.0000000000001232362054270612547633182510615839999999999999999999999708781673974961658613370303849176521819087444318858738385178524163875921285510061373992799544150447703446393730424694155694993233545219942225189063953537868812861513,-0.00000000000012323620542706126,0.00000000000000000000000000000000000000001210119993827548426052111321419426288050845884669663448851661404913272862822747918832733533416719131685485011434193385252802137751370829930731911733827227981048920896946613476917200343205137236612319475902486680939966455,0.000000000000000000000000000000000000000012101199938275482
tree_eta,0.000001,quadrature,512,charged,0.000000000000000245954233091427884693964446433690422469621245040110937642696551166846633639800129822276713567330482310835879398639225571907739138321042725299224028609617925622756766807435416352144647591383666549148401038385811803729712228187923814035440071,0.0000000000000000000000000000000000000000000000001819703315210243686782938188141777080873923631379024883825630903827712131368604366546461177097682339743388628103211976978937598173862567628788750616240972447141014938421518567005267117652568477276141996801301319554317625,0.0000000000000000000000000000000000000000000000001819703315210248,-0.00000000000000000000000000000000000000000000000000000000000000000000000000007532784566688092378673149717973348241530644658748314585148761804111698961031460168562530675813687447833240834164204378837964374173563332751616039121240569300420648359855718508378218110503038586138219521462425401732508573,-0.00000000000000000000000000000000000000000000000000000000000000000000000000007532784566688114
tree_eta,0.000001,quadrature,512,modulus,0.000000000000000294921058624333329360852225870176887603530794394462014337279505153758721906300087190387147737277522529841698661366196796430196208908803646442073962857587910959582126915192121794867049796710049464560746558268952506126901703710377763523598171,-3.824141608385158170673840106704171796359398254179331584755968416359902370883613031486895357459373187349315827090218715006581435776184013924692273524667036432692257177984310058784272831968078350338717030205643306653094037e-82,1.3816649729211759e-84,-0.000000000000000000000000000000000000000000000000000002116540047935077232157441666683336283013103560532101257805264347455915824811621897387552714700866201842325838585695503600677415594047376868763993613949906976324827058183082812888097224056366478453021564397289699513789535,-0.0000000000000000000000000000000000000000000000000000021165400479350793
tree_eta,0.000001,quadrature,512,tree,0.000000000000000119562924555247886743034700717149672500242853994151783474557758425483951664101914594237892071917198587583238537028455105216127503129940701087535537622169912301157403940462977365721095483841973999677796381737081723699787182554232536013565992,-0.00000000000001122969414436418526551886804924501978247604365738796434685061084243075574119213839993373064465924653318118849182106759789180142881799004825760324667082374896272790810278284059266060337076359007434759223248589240390832286,-0.0000000000000112296941443642,0.000000000000000000000000000000000000000003652945910972293271320055416971428743371233190176606509140586926822456215968664629566333853423957837824578156589541222654806580309683506788430487696506850791632872204775090791737651531505755753780312007942576595813067441,0.0000000000000000000000000000000000000000036529459109722956
tree_eta,0.000001,quadrature,1024,charged,0.0000000000000000922738026106287449471284141699545175242798554805051078229187496547507387238507203985521558473015291944861447160403747915885227470396438407484105436439906448635291379106978230036777971034915367763142336640129630924946193126543472237478822399,0.00000000000000000000000000000000000000000000000006204964599631396818252087961535924142365731985137353898195447411974760681504571839619066546428073987746394114993406305966876759955839358111230111164268860058841541401862193188273752384568176385973913050515073157074562551,0.00000000000000000000000000000000000000000000000006204964599631413,-0.00000000000000000000000000000000000000000000000000000000000000000000000000003572717050577781125321690215771641174790422581914916164311179308171696182928897286828972276886945116166149528285738622481660614098986011570849028675341586975142862856896849004391436036665318918015235504509859779354480765,-0.00000000000000000000000000000000000000000000000000000000000000000000000000003572717050577776
tree_eta,0.000001,quadrature,1024,modulus,0.000000000000000773595686101788457596583307599620222235464436175907418483349603474927671544792453595810157414714077386874939299885000721236335058749105311335785674022610421740572027081625448024269286299668344006453089222831414330235851873418056708404139988,-5.67214324715434020410416253156671754917137165911526698257457957723011342421490742762323281770584547236380734166423417337158142698948925326089207419030310918450976775693663913614828862390474956467246927789712444650905225e-83,2.0493492261898187e-85,-0.0000000000000000000000000000000000000000000000000000008151416844579876240754801507206123668266644216919126881299312278430960655620319848293785628546525632668224835523062051288555657367551717935244826377878335041123626086302449495535550007653367207680697129116005257998718304,-0.0000000000000000000000000000000000000000000000000000008151416844579822
tree_eta,0.000001,quadrature,1024,tree,0.000000000000000185863471820065060805080769343581776697123018812401586141913405711182038499483210273030302577258391709632452692761988788386679929929450769088125513270884310167179108683282323419103270963862141714469321141922705699775999585542958570017408708,-0.000000000000001665640039816972205108994604348436856026207313467162975457138102666976162766362399937997534601279709101704608564755834945965071029941545595651692560898469220434756035738002647409686060449475925807818573265276919520154379,-0.0000000000000016656400398169493,0.000000000000000000000000000000000000000001406856669690197263927316606409188458164370596834108669970973304005439869224168251987447412078475308347990589185041174983724775522317592373392853257132125898752432928053317237529792008361554842395189536166945023449145367,0.0000000000000000000000000000000000000000014068566696901875
tree_eta,0.000001,pi,0,charged,0.000000000000000144408141790346980628232269598281396165356530901948888634560835129615172921913728920668869450733125528084437976296136846835313184327633181278368345387022540801745699103198419856930206060641391877864921820362349698052856253946040695166991344,0.000000000000000000000000000000000000000000000001753666528767780146756275260716802269811045736494953466279478117467376914520390886306387037946659609124610737406627880949405555257687808103139919011935407174976718352041198227267871141282017230293862140987365712681468623,0.0000000000000000000000000000000000000000000000017536665287677804,0.0,0.0
tree_eta,0.000001,pi,0,modulus,0.000000000000000277208928557152226351115462463354652407939672877247315637328367346146229736606434733582177329728824148700206782341470839477225325715678257451426277679187644038512865924602458842343713937018584295801158048610821390217709878086988363153033066,0.00000000000000000000000000000000000000000000000000002103453617024318416903876555022275968013709515441366368045018505291731691973009870444085024338147235525269576436909714780566971232291472175734348429207201135147453933936081984188503940560040144401039376478307809270151231,0.00000000000000000000000000000000000000000000000000002103453617024319,0.0,0.0
tree_eta,0.000001,pi,0,tree,0.0000000000000000424930460229197973673533241960302124236478629594735243404254145840048565568698723268784256845750441004171183068293289971267985477001509006353221913289455783926595151396922678028092051611489993278403674576505818277840760078761297958370553404,-0.0000000000001232362054270612547633182510978875998148264527815633396134609560390215424014269338504675969054573133898998300403801527171453723629867301530250449597517208795801506145680688551488434095538891886571611916356855242718240418,-0.00000000000012323620542706126,0.0,0.0
tree_eta,0.000001,pi,512,charged,0.00000000000000024595423309133625813847556978408571712258816594220785526927877945982026029906163831274849811750504970724107537288452743435186694187627304984192713491527758184660105799815164060381949139927396397052710211775959928309874020041148694185173909,0.0000000000000000000000000000000000000000000000001819703315210243686782938189748601315945189597167446923745665499942147290709938866343890256261841103748372534802085157894001428289574133187165349085612769653152203839579017994408701780367276344405488420588875654792983313,0.0000000000000000000000000000000000000000000000001819703315210248,0.0,0.0
tree_eta,0.000001,pi,512,modulus,0.000000000000000299675144913236095103993074469878111741033626571280987245257211106771835472885124399592762365994503062664762890967214598265333125339955686504313511570797619896953936673114639149608925429066969864941477422957305353941517856439946151414739949,0.000000000000000000000000000000000000000000000000000006349620143805231696472324999667594688200794864528919762745375261436594970914030619878431750448685110139495157692566832784250984047241938084640378507560259711492234345904724774162704557303156833250662178669323195871972507,0.000000000000000000000000000000000000000000000000000006349620143805238,0.0,0.0
tree_eta,0.000001,pi,512,tree,0.000000000000000119562924555158961271052337575495672143081969756484389883518211208373496303736946881536594260874781729009311246797046312906725918905911951289208313216675574348736299915371634018796193870845027187820979396921293420234433234831475341075189294,-0.0000000000000112296941443641852655188680602038575153929234713481305977648970725444553117219579273554916822374758636459186949155576867509812056839019374301061788209325684126756420670463117728432729335808080204616004245499866827851293,-0.0000000000000112296941443642,0.0,0.0
tree_eta,0.000001,pi,1024,charged,0.0000000000000000922738026105893147501309818869975924318513682511552159529631686957672375374633196903621166300843729046263220745418440105060713721305735836926909408846671237086934565012014595081759568379186152542455340295178314294889550588773960039153227937,0.00000000000000000000000000000000000000000000000006204964599631396818252087968450665812077409744834102210980560978304056077977402595282885434128476315344338342499128342123984817623518302427161000273073158728176392234612336523506396454823322116019314972829492021566437057,0.00000000000000000000000000000000000000000000000006204964599631413,0.0,0.0
tree_eta,0.000001,pi,1024,modulus,0.0000000000000007831038586795549318986466624092016539032922577912998288465850773807830879895562688302029540938940205841102439263807010147984719332609927893558144959231465825387894250468015286423604316403535718233486689097361197391029031985554355369971508,0.000000000000000000000000000000000000000000000000000002445425053373962872226440452105115668008449863034696439074126473689089785457538644548990120638676321556616618806582474105815578327784608750343142688545364782697492820677336284879862797676342449828395216430527255355277226,0.0000000000000000000000000000000000000000000000000000024454250533739464,0.0,0.0
tree_eta,0.000001,pi,1024,tree,0.000000000000000185863471820099308613948663910898674331565707736862482389327795818887955778101340206601499856952238325304492983954131349314175546955087983980842386069108942349849219259812120460969299757393155996637971278141112049181611926028717908605935968,-0.00000000000000166564003981697220510899460856900686509679910524911279468470347716008795326868840985091744879607884444357037927135132821075213798855010928296778135139154106475960627252101428663516698130088309501920198267196205451628608,-0.0000000000000016656400398169493,0.0,0.0
tree_eta,1.0,zero,0,charged,0.000000000000000144408141790602877432169894304244034744607741880253106043797220698011506322760304369483550923284583636836424902302145136698721358277335126139775392326195158222568900986869401068373880279397932712448385049989926152033001102524623367944896286,0.000000000000000000000000000000000000000000000001753666528767780146756275260268044609926982268945000655690406893212334080575761515036164269870942772193025575909888698518416946703869435569519529717044868846723500226671693239151707892481972725771470155748133342257439638,0.0000000000000000000000000000000000000000000000017536665287677804,0.0,0.0
tree_eta,1.0,zero,0,modulus,0.0000000000000000395046141127234408544029962615578220771729279645608157990102086253295376752150867769896339538419578275020986887924177780891370329355894300608414022143620579800647718355889062567439750866955159249073495490154987377505939496129138008407496425,-0.00000000000000000000000000000000002103453617024318416903876555441942938500473082068322969864850156984106851073199176578363159036973719954929785164067008969358706930951698045262001424649350014207664557346270156538211878368504940854041418098122620631420517,-0.000000000000000000000000000000000021034536170243185,0.0,0.0
tree_eta,1.0,zero,0,tree,0.0000000000000000424930460232143831669778751786538011033972024800304736761593049662697881174186285257907779716048555985758923763965460496398570274796834081610676593539622594588116055986639881458240699790339090525893609583090756953126398127585577009721656986,-0.0000000000001232362054270612547633182510615839636964001851735472184366603574171822366420209560759578714805684142915916641746860012701780606897302600082111194266398098692858574793117842172259584722666687482604202477602297865841712752,-0.00000000000012323620542706126,0.0,0.0
tree_eta,1.0,zero,512,charged,0.000000000000000245954233091427884785591001922567072073968463417442792119277442100426164923996651802966467111218842834136849385645440129021827448941840506568610212304776392592232865349532131200853751812757327802677591942695164754973836457951137011010452179,0.0000000000000000000000000000000000000000000000001819703315210243686782938188141775474049688560113059101683973760739696808687377185728110790702797981878942159966495648572030285938197269365538022102039733929435712404052108325816352012195932967813353426291990010490942096,0.0000000000000000000000000000000000000000000000001819703315210248,0.0,0.0
tree_eta,1.0,zero,512,modulus,0.000000000000000252134282024372060347088882160349707703534345134085261164598096650222685752885161214048132907814535935139796825185575447336625294308747136937798419513913163750494512865897335928852557253238450800068544080990060615963971007764932694282263594,-0.000000000000000000000000000000000006349620143805231696472325000050009231453471520112120814207548859441957090255524592464005281940064877108161596528091248941908630193033606387269376545226421526484265777041253120968455330440731894455597433366329080199616084,-0.000000000000000000000000000000000006349620143805237,0.0,0.0
tree_eta,1.0,zero,512,tree,0.000000000000000119562924555247886831960172699512814154221725726742780017021200770353545738410440608894663870147175121827514476924930029764168399791026136741400953591234184302398864931128281872883690053845820029647604946777118878415344562296941181472073684,-0.00000000000001122969414436418526551886804924500882363831074050815038933214581129675600498401938853593027969732683849591488395871233383195218009737981431512612303242466186011205053857912945967916461083472229157700943028843981581738635,-0.0000000000000112296941443642,0.0,0.0
tree_eta,1.0,zero,1024,charged,0.000000000000000106529648628039099786133034927451156855459009243435035480014074901244250356998363067722978892612678537454201060124486112225019588809671625464970360066468297521126451363967664591726901515285946944569684535458775791447171235831481759602029646,0.00000000000000000000000000000000000000000000000006204964599631396818252087961535917227624062273459594259732507702557684859844937903822236177582406002889340030888578535043792499522517107322448572401791399463835876280209830331973229482758436447801469094335116490702325663,0.000000000000000000000000000000000000000000000000062049645996314155,0.0,0.0
tree_eta,1.0,zero,1024,modulus,0.00000000000000080212020383509597026300192312537543832371119149663551889242690339041702036735778667111531849602656292772648742991652645072603309234790816416661520918736188022804971074802306256280980365413148936078846228284445181765829421968861167862956486,-0.000000000000000000000000000000000002445425053373962872226440452161837157201425736619140095189961278687983608653094779213236578309341129243557699435076155022384184460838526102486455139554933141577247533859065629764485578092935459955625215206718081036424814,-0.000000000000000000000000000000000002445425053373946,0.0,0.0
tree_eta,1.0,zero,1024,tree,0.000000000000000185863471820065060770832960475687209380228570575751363454512431035538358715999966323364461034007070634755477404595530506190343372850234060053119502321055744609718520383126591706474762702565495361197838428908197546230841600082529321584515298,-0.000000000000001665640039816972205108994604348432635456198242875371193899976060339992916945560288905732706721269571966403198748220752710531136599137263305229941992547151812888727335428177699896165524030262711949751815638200797521478052,-0.0000000000000016656400398169493,0.0,0.0
tree_eta,1.0,quadrature,0,charged,0.000000000000000144408141790602877176273346263167369858634047975164108191495801516846900426421016413491268493341732673549179385959166187572791826205945054259785235186869449141625218255680326107474816824473830908805767261409479360872274393940814335783818972,0.000000000000000000000000000000000000000000000001753666528767780146756275260268045058684193395797341353302520855885938221117196818792034253431834121050882133805071291011934843851498126382754816441663508772963987586229736231253517859240484111002024032721138309230837798,0.0000000000000000000000000000000000000000000000017536665287677804,-1.723254867820916512869958642688155503599327006894755884129727298847329544027100600603994242765080844385097839748112746595400558047167134369289893357402019522066613056555240826818159876623395122134836127828937131081764264e-82,-1.7232548678209166e-82
tree_eta,1.0,quadrature,0,modulus,0.00000000000000000803624877612241338562062035893422440805444424553110077237968532348714507228324908332181633203421173080738233362882671243647669181642520912676950272688481990296807569016362580897072317707849137370247061607809761769486948981577721275739562887,-0.000000000000000000000000000000000000000000000000000000000000000000004196665508202127464142101964189119311065232167023902415025438557024377804944503541347619091231967145835312381484843227911817657539726390468644076437383692755852527309463641687809354889317645785147059819908760736497281583,0.000000000000000000000000000000000000000000000000000000000000000000000015162581121565297,-0.000000000000000000000000000000000007011512056747728056346255184806475062779740872851921852182179126907252489119827036536963775189368454784859858475952255320712091760013103142656389005860968230780234267233339004880205735328214370932852172770320802147330065,-0.000000000000000000000000000000000007011512056747728
tree_eta,1.0,quadrature,0,tree,0.000000000000000042493046023214382872392370139607857525752100052703607881301139239479058480515854939560325662106359122470637396920935432337577036517623034744807637437144840913683877480811741377241892274542220534490125185996050296670108658767122821619920295,-0.0000000000001232362054270612547633182510615839999999999999999999999999999999999708781673974961658613370303849176521819087444318858737748314674403339536739886096748055270500680215046987721265542202724799784666802685048658974936302696,-0.00000000000012323620542706126,0.00000000000000000000000000000000000000000000001210119993827548426052111321419426288050845884669663448851660550112019671399786516717675508404694325980846093012676918346154214533758289582685274844244425292132594822232113846174384567280545801190536420528789392935614504,0.000000000000000000000000000000000000000000000012101199938275485
tree_eta,1.0,quadrature,512,charged,0.000000000000000245954233091427884693964446433690422469263116360916751510778113224761216305955134983608093580615615627359401033583619957964434128144078891266666202964018525662449213721566920441724744357757474602791636551274588583062828804561729008508049834,0.000000000000000000000000000000000000000000000000181970331521024368678293818814177708087392363137902489010601368077429292312253652706260725687482422681930416715684797702195491540566664269517426789386201014964035800857224454066357575276843074797420909315677941283902504,0.0000000000000000000000000000000000000000000000001819703315210248,-7.532784566688092378673149717973348241530644658748314553254182795044752078890804537050263131938944651107618929390624756709599310123151808770339873187384856464168323694546255597881485375232261824726748512318439331135081706e-83,-7.532784566688116e-83
tree_eta,1.0,quadrature,512,modulus,0.000000000000000223609764291064547701547151665759882083358667790592961507289581898345611349949358834236573235066299360585152702401345324548692074256912883685192219038120232235008455153384118604955842364272053304703042715314682580600571106455714520853400438,-0.000000000000000000000000000000000000000000000000000000000000000000000382414160838515817067384010670417179635939825417933166180946026801345118478476769478598277374136861804767988737211139988425335000629025317881425398980656195759201745887676733002709282198713217781779566664709861057022717,0.0000000000000000000000000000000000000000000000000000000000000000000000013816649729211756,-0.000000000000000000000000000000000002116540047935077232157441666683336283013103560532101248941179396341592484972331462402980667635945044176768430350553810164495863873390714601924737253052051272752654654605731891236121398022341711900914379415230807998660969,-0.0000000000000000000000000000000000021165400479350788
tree_eta,1.0,quadrature,512,tree,0.000000000000000119562924555247886743034700717149672500221368539662361078712559944816683773323030153962936202593530220963963235298719866250332417709644136550600361617778567659868013622991221332803497554348757063954873716007700892195398945569815310702960769,-0.00000000000001122969414436418526551886804924501978247604365738796434949839672558298611868358991835545770145804302814939247165709828715980065617857131633119862539002028246058822607739154669110248165154293229655609834581005356280731137,-0.0000000000000112296941443642,0.000000000000000000000000000000000000000000000003652945910972293271320055416971428743371233190176606509140586905396551159110195841756923037387228567657753641867995493052913163988939316961879819383065714196939292805233826540228034185588194142518150733369675153614292454,0.000000000000000000000000000000000000000000000003652945910972296
tree_eta,1.0,quadrature,1024,charged,0.000000000000000106529648628039099746702837930018870250512131544417969354360820917385873187853558043966276471084908073660624462610068156583348605110221279165297960576022331905430895295738446107873790865821335117930562648740391400907117619062259798397771362,0.00000000000000000000000000000000000000000000000006204964599631396818252087961535924142365731985137353956480820487671251189140334376652979271859956621489371388898162795497853598194644472068285758413031920992322555505495473546836708494732764016383350781756563801034953274,0.000000000000000000000000000000000000000000000000062049645996314155,-3.57271705057778112532169021577164117479042258191491615227472118339031289997748874656422075929059635933411566797333668430195039963444410536104255259660698015795787380738990909958438688202902372592373986911815452392475303e-83,-3.572717050577778e-83
tree_eta,1.0,quadrature,1024,modulus,0.000000000000000802120203835095970260305337281387024443552086576937647434816008727774927178640177103230324872688049149880133316862298801760535537802077163518380954843694162553254460995130641038557659480054951149101808283567191740271860203153339526345350981,-0.0000000000000000000000000000000000000000000000000000000000000000000000567214324715434020410416253156671754917137165911526709683301012586007691302987591175050782699957580052402269899681791375741698419965626286402580586667115527507504833657167903533484183239103549391509393761884382495084225,0.0000000000000000000000000000000000000000000000000000000000000000000000002049349226189818,-0.0000000000000000000000000000000000008151416844579876240754801507206123668266644216919126847161119876736027056579088909184010048731171846256530404208207044842880761269065919862172393138800709520047422791323964914903729831842488553085020923062184504890508932,-0.000000000000000000000000000000000000815141684457982
tree_eta,1.0,quadrature,1024,tree,0.00000000000000018586347182006506080508076934358177669712620502852920607614618726317558474526937073268651149318685898749297323338452027121941582347805151472398886449047220999859045258905324547514793180442923847899664275019366631584044239246491059300313726,-0.000000000000001665640039816972205108994604348436856026207313467162975849795287905367410057350791231742619641181043666128956635822438576154382978170414017516874152539154935874189941587120865981744089600918211233039595834528737332287198,-0.0000000000000016656400398169493,0.000000000000000000000000000000000000000000000001406856669690197263927316606409188458164370596834108669970973303823899908585236374052732087410544926631227459365918037530969659695874717766979244614929580279941572977137975736049283509732594417884203936753278386090062099,0.0000000000000000000000000000000000000000000000014068566696901877
tree_eta,1.0,pi,0,charged,0.00000000000000014440814179060287692037679822209070497266035407007524130528098101377837602939077896846723009216865454943507751217246201756506689646363004883002869472405537066734843171874999706752312529414304514209547918900352269631361567677815765537986344,0.000000000000000000000000000000000000000000000001753666528767780146756275260268045507441404522649682050914634818559542361658632122547904236992725469908738691700253883505452740999126817164552252496488036822347371536228391100039438080384790940552043362588721916981003366,0.0000000000000000000000000000000000000000000000017536665287677804,0.0,0.0
tree_eta,1.0,pi,0,modulus,0.0000000000000000395046141127234412534291952931297364686333106720531661733733310130253376765924125856343049843704751777356636017883853599689565924090285955172859317111428184288620224568631812822777053317204190275477360672066183540642349169055695989381065271,0.00000000000000000000000000000000002103453617024318416903876555441942099167371441642830141444457319160244638026765771797880153949262315053970143341358782830781705257985759195053603382605250578786475210236085398038651339513682208689864543283129535759942515,0.000000000000000000000000000000000021034536170243185,0.0,0.0
tree_eta,1.0,pi,0,tree,0.0000000000000000424930460232143825778068651005619139481069976253769156476825317322069848354009448550082404203522443778412417817221062336812215000775207533577039353773437221935508983002650754191068392272652901491130143004497605507735635950133777763483079648,-0.000000000000123236205427061254763318251061584036303599814826452781563339642582759519692774036255764802580201421012772153314177770477371602245150407899136414145408410773661488641519009684192643623908595441861493836609348656167181437,-0.00000000000012323620542706126,0.0,0.0
tree_eta,1.0,pi,512,charged,0.000000000000000245954233091427884602337890944813772864557769304390757796117301344490188080477087148514696810562353704970213425148619250850211556540759355227179303001285124081355825665105863196400416820028140592819956895587265962426326843722305628368570817,0.0000000000000000000000000000000000000000000000001819703315210243686782938188141778687698158702644990678528053600808889037557695868397103723046850471759666174347200305471879544873136016022267515903046367545598128625158299864009040040765089160807606204037815162247060194,0.0000000000000000000000000000000000000000000000001819703315210248,0.0,0.0
tree_eta,1.0,pi,512,modulus,0.000000000000000252134282024372060383449480534703660880332066723706331446920341033692768899965610550536590629903785412973878555302030621989257693687661518175797783735366102161537891925192899666092900675747737687992774136261070134122990017590356046299668097,0.000000000000000000000000000000000006349620143805231696472325000050008466625149843080486679439527518607597818375873756597672920048011274394779093208598141780582036570804121999299021162388886550349112235864308898316045924824485978887553814521216375332342644,0.000000000000000000000000000000000006349620143805237,0.0,0.0
tree_eta,1.0,pi,512,tree,0.000000000000000119562924555247886654109228734786530846221011352581994532714068639229873837473369845798982992682896091051871898150694386824375196128433614340920526892178403011603579837757120542964522837142770076446948638106538861523572076426399987701189812,-0.00000000000001122969414436418526551886804924503074131377657426777830966464763986921623238316044817498512321875921780287005935548424048764913225976281834727079206668162611725643121592325646102094295842122920284078625610767843172552027,-0.0000000000000112296941443642,0.0,0.0
tree_eta,1.0,pi,1024,charged,0.0000000000000001065296486280390997072726409325865836455652538454009234088101673786205706555869018317297695963640656266798140972710394010861009282014533541042151272011870759997341907914818467436471531620004511196359394960485315521954814541226969035684196,0.00000000000000000000000000000000000000000000000006204964599631396818252087961535931057107401696815113653229133272784817518435730849483722366137507240089402746907747055951914696866771836813574887231057763548774831099760076166380652451703755350270665314686824832662566523,0.000000000000000000000000000000000000000000000000062049645996314155,0.0,0.0
tree_eta,1.0,pi,1024,modulus,0.00000000000000080212020383509597025760875143739861056339298165723977490119344846289009535559142506325960897521852218805063821971670526261113937842791860647926803517565992456998125486660918644736546559081447163385041950530297259158356773079555830354439565,0.00000000000000000000000000000000000244542505337396287222644045216183704375856079353233601310671064735363262522566159690789464164913861203858636630577423608265993000537927382724992686906006211064596869187278140656887531048486874424471087252462636833618529,0.000000000000000000000000000000000002445425053373946,0.0,0.0
tree_eta,1.0,pi,1024,tree,0.00000000000000018586347182006506083932857821147634401402383948130702851996379983193884315426972469935359195123754365570830214867670155314029138599328599575038837724251492828895474338762757949552502518680040790155859505570898537762922579404782142883797136,-0.000000000000001665640039816972205108994604348441076596216384058954757799614515470741903169141293557752532561092515365854714523424124441777629357203564729803805217147270957518590261199943236922185200665248090452539868583408364023164554,-0.0000000000000016656400398169493,0.0,0.0
tree_eta,10000000.0,zero,0,charged,0.000000000000000144408141790602877176273371852822173966300536572532936611573183187330920973837590180288786774510643594636613175117864834421090752168951314626789551341928658736644442530522285453859355329493410254437029108254586815987699246716895659597677626,0.000000000000000000000000000000000000000000000001753666528767780146756275260268045058684148520076228668068451094675527670099342843249583574136017823987040110666559351395296423855431763196628799049744891445445652942511491260252686707467494964618457484585174798183818048,0.0000000000000000000000000000000000000000000000017536665287677804,0.0,0.0
tree_eta,10000000.0,zero,0,modulus,0.0000000000000000870454770015692954934527919623118313752640148066391949005044902253908907130868580344993787343228570403883156962574016282212747692636723995417485799611662710681803917246958460648724525589602537981105797141523420816740071113135684596940718113,-0.00000000000002103453617024318416903876555441942518833964228510658576929295159083008359044758326161735126348423348124154467224739077752413425723964547738948369685037076927520886025542688102601402197653392701994789346487386811400235073,-0.000000000000021034536170243186,0.0,0.0
tree_eta,10000000.0,zero,0,tree,0.0000000000000000424930460232143828723923995981583614303464578172136143049130353851531377253661352613182332653431324246670625815831752684028173093204372020579289008318195341040527027966259410395297314811306437047575027414672579843055876171366978703669996891,-0.0000000000001232362054270612547633182510615839999999963696400185173547218436660357417211358471711276649846151036317199677901648868632968679974013016085024304681239589681385432734654027885932281096748528425417148773684602107791587444,-0.00000000000012323620542706126,0.0,0.0
tree_eta,10000000.0,zero,512,charged,0.000000000000000245954233091427884693964455596345971356928076831451099034700634842323412454798050720198282609244997607055924579252474220932457156934840421464475749643968220555334741928861496846116186055912914514909575620886764108099081761842328767404247767,0.0000000000000000000000000000000000000000000000001819703315210243686782938188141777080873762948955517763509434838576581302439877881917376238918256541272628621903623616614907623376600603533922405417305039691597282499816429602078410321838831633169459345461914813357103904,0.0000000000000000000000000000000000000000000000001819703315210248,0.0,0.0
tree_eta,10000000.0,zero,512,modulus,0.000000000000000252134282024372060365269179529496765574235547089010977416211166951113051727894189335062546149566896166850393668247323551918975097611032884645150649877924084315454230056676107609314602279479262797415035241150159803313539706743518076401998493,-0.000000000000006349620143805231696472325000050008849039348923012387598405244927399252241781588684839655076100721102434313738848355093510735861410751931081607189717384918264328160666150151771216633728914802700768163530840161200921511683,-0.000000000000006349620143805237,0.0,0.0
tree_eta,10000000.0,zero,512,tree,0.00000000000000011956292455524788674303470960969687073653553393969805830129734471676880673722411519649479635510010917371381934671018968944088186689558030519215604158449951979540671168497891146673179818327940305662494450720860498898529304821668698557531081,-0.00000000000001122969414436418526551886804924501978247494777361467266151700070896054247594373340008392049435310431999490492205498642359219188221288267362365512388721388996317162310992859688374123948468827184475644132442495471305337383,-0.0000000000000112296941443642,0.0,0.0
tree_eta,10000000.0,zero,1024,charged,0.0000000000000000979761410175928868669581876169999583578017897665783076280637796876271879099728254844508606920331267791479424775744375728726566868576190341208480345637930813865220524314103498019100081683681306138046576120735154823946312069127840411990954321,0.00000000000000000000000000000000000000000000000006204964599631396818252087961535924142365040510970382788704850812898258050859455640140312748550803010861882453960903998515275474859687718425628380069014182256899483487747392529586384547598698336402140010240730041341307279,0.00000000000000000000000000000000000000000000000006204964599631414,0.0,0.0
tree_eta,10000000.0,zero,1024,modulus,0.000000000000000802120203835095970260305337551045608842393474592847652516865935205323127677186835574093429092905470518869124672704356302998060563110700839654744010825924398611422132481779605031872874029422263289905941272864069521804012105500245659820457987,-0.000000000000002445425053373962872226440452161837100479998937218985208488540067173098225970757225004006103585546449279970850683143496469137007604875496886351199519463387945077818547339314269620795296414913301444602310658020144201845139,-0.000000000000002445425053373946,0.0,0.0
tree_eta,10000000.0,zero,1024,tree,0.000000000000000185863471820065060805080765918800889907669473338765763984579061613594842592425737240026360872993332163211743113267480827838993611090335030508561560578090729142206670049660289133641822083823421508998852709316093801771235658719293279877547097,-0.000000000000001665640039816972205108994604348436856025785256466255916670617092923837310705140260030596761827548928224925134236910439423415892017084818584441781403843359939479622356435592880494742488271198776287304446340675381181735392,-0.0000000000000016656400398169493,0.0,0.0
tree_eta,10000000.0,quadrature,0,charged,0.000000000000000144408141790602877176273346263167369858634047975163546102679946260864106329187685031405020273845535092606991286314696450378928696279107763791094216278356417538519100450647946636759656103024869699083905108902355403029235523143292534170578463,0.000000000000000000000000000000000000000000000001753666528767780146756275260268045058684193395797341353302520855886923937459756897393113949723016180076174882533192362243737381160527225312125387021526637122714544494646330849187616588472926524950146998774715477118282053,0.0000000000000000000000000000000000000000000000017536665287677804,-1.723254867820916512869958642688155503599327006894755884129727298836467064516741961799628881565031152911344483238410840793722745915619542130293499299931308704355264827453064192239113943905387494746867909216170281156386788e-89,-1.723254867820917e-89
tree_eta,10000000.0,quadrature,0,modulus,0.000000000000000134586339890415149932989528049899786634818246445987243090982245459462372630144856554224218803348158775357767264119559141279791455382462657798171473708846416000900368101506120708996133234835132139183555359121680067931598896115356032612389431,-0.0000000000000000000000000000000000000000000000000000004196665508202127464142101964189119311065232167023902415025438557109204787935931819457308903375519817428587771289915120636828744548212806803948476620183398424174415855654569030625698804443461300901097954663797834335152498,0.0000000000000000000000000000000000000000000000000000000015162581121565298,-0.000000000000007011512056747728056346255184806475062779740872851921852182179126877888226172158912800289156602136078044480040340163428380463513454255846655603465939106690436701891102755901454276098770857416679521850582736554029390560191,-0.000000000000007011512056747729
tree_eta,10000000.0,quadrature,0,tree,0.0000000000000000424930460232143828723923701396078575257521000527033715722351339604466698244348735671540908033779268958701342717597781249601561301884601194503423273356462517599976339825031722220477204448047325670051555046202501526066648538349787167416297805,-0.0000000000001232362054270612547633182510615839999999999999999999999999999999999999999999999997087816739749616586133703038491765218190874443188587377483146744027026728901249298682983829745383660866577554433007045200201049622285390603,-0.00000000000012323620542706126,0.000000000000000000000000000000000000000000000000000001210119993827548426052111321419426288050845884669663448851660550112019670544985263525406293761918912970805313944542488768912617960417837502358952302726356771860788361540176309482635733065569842008109229860912833488445706,0.0000000000000000000000000000000000000000000000000000012101199938275484
tree_eta,10000000.0,quadrature,512,charged,0.000000000000000245954233091427884693964446433690422469263116360916393382098918684081905465414231574618087103222130339345826770546292725357531654890324133806505429146122664385659175301836012918115889815186012744299112709661082003077522934818814225013101338,0.0000000000000000000000000000000000000000000000001819703315210243686782938188141777080873923631379024890106013680780573305899489325433310372367903158475252782814119043398505820350375696992386065506093710416052116249372291653582868509774586285900981828709332578310756617,0.0000000000000000000000000000000000000000000000001819703315210248,-7.532784566688092378673149717973348241530644658748314553254182795012857499881706014534903468454385845306815942910773770500136833050671941137552768223364604617382459688464034829078940532624149470288818613117137299219968131e-90,-7.532784566688115e-90
tree_eta,10000000.0,quadrature,512,modulus,0.000000000000000252134282024372060365269181347526684291933205928897056897264681067188998537127834047234684241051855323362581093868424948001119966761451599022251995691507724729619753051319928834669795251347876122351780396712024983274723137108169718994620129,-0.00000000000000000000000000000000000000000000000000000003824141608385158170673840106704171796359398254179331661809460268090504676636497526556817141700950400820374831594708296022704979660610024727912628782932652347427314887504639493043832964039857046379425151885261013992931204,0.00000000000000000000000000000000000000000000000000000000013816649729211756,-0.000000000000002116540047935077232157441666683336283013103560532101248941179396332728400021208363619039765245409929620217323924052172294973517877834422308399660859732551159381772830935009878726545752715755365004007728866318502392694734,-0.000000000000002116540047935079
tree_eta,10000000.0,quadrature,512,tree,0.000000000000000119562924555247886743034700717149672500221368539662339593258070501150238630292920399381112015071352348695919930347518412423281407820439592616373355494344072864596942092555714825714039751530936422635277079473776310474270648753759976902457651,-0.0000000000000112296941443641852655188680492450197824760436573879643494983967255856339045667447700409734763058464960665238874027130545732018954770795581599376514941003860057983457452830190990834210266087360080210633296367201295210508,-0.0000000000000112296941443642,0.0000000000000000000000000000000000000000000000000000003652945910972293271320055416971428743371233190176606509140586905396551159088769936700043356953412845745970974970025046238586349412520359687958237364481548567975302707162423462241518013647712166697730837624318689566057128,0.0000000000000000000000000000000000000000000000000000003652945910972296
tree_eta,10000000.0,quadrature,1024,charged,0.0000000000000000979761410175928868669581836739802586145733481531976533527446992565832033815040550178630217792433687298725934857071171863901452699951096902176830681612367196972090394037499955606278470496744290767123730009009167588390243030184788642032031657,0.00000000000000000000000000000000000000000000000006204964599631396818252087961535924142365731985137353956480820487729536562216088569679960031625112438616943057009906090049087303899990449191414073428874476944187610141857343917474533652332653944953339033165161969948370422,0.00000000000000000000000000000000000000000000000006204964599631414,-3.572717050577781125321690215771641174790422581914916152274721183378276441852695447187725805264787942376578913447062289625843121080026895012651174784196918024440976583163250961657608477397529689621861263788986143856876149e-90,-3.572717050577777e-90
tree_eta,10000000.0,quadrature,1024,modulus,0.000000000000000802120203835095970260305337281387024443552086576937160547078735643655761359168596199468520339575925039503167755874377137491009264139143304847173095652281086506044895198466784705533299635462365569467494046934489497068206110083243744148006641,-0.000000000000000000000000000000000000000000000000000000005672143247154340204104162531566717549171371659115267096833010125974335343578618991085566052263403245608895415497312908825573555209760167707403939630536465387131615101934595792741415491139562473182053799341733506518867485,0.000000000000000000000000000000000000000000000000000000000020493492261898182,-0.0000000000000008151416844579876240754801507206123668266644216919126847161119876701888864177360178774491106010988542146304258215440922403427086239121150209507609585254154668622404834484548491341283028872831192394418020664235251601598076,-0.000000000000000815141684457982
tree_eta,10000000.0,quadrature,1024,tree,0.000000000000000185863471820065060805080769343581776697126205028529209262362314886264171493168253523352381016501718608070618171020110569754649663238076603278458458679377388462774966797455319334095280081344412215838543023849290376645086234654903518231305709,-0.000000000000001665640039816972205108994604348436856026207313467162975849795287905760067242589571209646994428540220216072304209485955873643519912005712865686425162362605467339632713270993715608654652041810054703071531836978607903507721,-0.0000000000000016656400398169493,0.0000000000000000000000000000000000000000000000000000001406856669690197263927316606409188458164370596834108669970973303823899908585054834092092975808049178584275812583307569433671743257377712271273216216085274169142881418260505556840238057205715615502333413141967699333609669,0.00000000000000000000000000000000000000000000000000000014068566696901874
tree_eta,10000000.0,pi,0,charged,0.000000000000000144408141790602877176273320673512565750967559377794155593786709335706952550524560843336246863685536273017657095239919797773192203128111752747325882350124106464805148625028928554422791063791864444090685272866134686648777568784457585044141796,0.000000000000000000000000000000000000000000000001753666528767780146756275260268045058684238271518454038536590617098320204820170951536644325310014536165309654399825373092178338465622687427621974993308382799983436043637701777403346513469545710208330028385537331451561924,0.0000000000000000000000000000000000000000000000017536665287677804,0.0,0.0
tree_eta,10000000.0,pi,0,modulus,0.0000000000000000870454770015692954934528318649317345324573509576591873773493010527720121055695123690317843298909196470464747520797186052182856664941263996183451665471415281326285353652864747741287118246137930762204917028002852414132600483129407679691550113,0.00000000000002103453617024318416903876555441942518833880295200494534380012317043724576658537021518394648300122839353012283128980359115998880892975037385985039174331741853320417349578325329393433546719134909266211962279502824947386655,0.000000000000021034536170243186,0.0,0.0
tree_eta,10000000.0,pi,0,tree,0.0000000000000000424930460232143828723923406810573536211577422881931288395572325374758143190858070595498662200477381507438834057536957401111377188692884434395032586211145458769440775536800251682200508275528929598427706992879538858113181172186698543874395465,-0.0000000000001232362054270612547633182510615840000000036303599814826452781563339642582788641522464356829653082135950206399081881567748780206403161738881269183372813868121113164631313187957533650225253790518418337983882990792409497996,-0.00000000000012323620542706126,0.0,0.0
tree_eta,10000000.0,pi,512,charged,0.000000000000000245954233091427884693964437271034873581598155890381687729497202526309336861200366368241817231889105721403334461492955112390042421037257750830197450346204579575888475836188378262113177464559858691075849267164695820176920633888821105135534386,0.0000000000000000000000000000000000000000000000001819703315210243686782938188141777080874084313802532016702592522984565309359100768949244505817549775677876943724614470182104017324150790450849725594882381140506949998674130035124453678080824083390732976528471186124015107,0.0000000000000000000000000000000000000000000000001819703315210248,0.0,0.0
tree_eta,10000000.0,pi,512,modulus,0.000000000000000252134282024372060365269183165556603009630864768783136378318195183337490074902504043107479937095166956497292135253866077940825851802377476352131695548951719124453393379688547713772395735107170255676947153020186819404376532064421205633836092,0.000000000000006349620143805231696472325000050008849039272440180219895241831450597118158345661496874571489467484913228951928754822363560181579521551957923626010375404518223555713685596382012596610324057158102983837248354574352350160772,0.000000000000006349620143805237,0.0,0.0
tree_eta,10000000.0,pi,512,tree,0.000000000000000119562924555247886743034691824602474263907203139626620885218796286055593624856925102787720052544063201422596944092556650004725730591809384612219777471731404745389084188006115540677511479546257224826680553525596247848365833216353557642415124,-0.00000000000001122969414436418526551886804924501978247713954116125603747979274221072533318975613999802645825858867213814285275043968555421190874127644269622017910098688204842506838063740774633217487414840313125761458869799997260573645,-0.0000000000000112296941443642,0.0,0.0
tree_eta,10000000.0,pi,1024,charged,0.0000000000000000979761410175928868669581797309605588713449065398169990774256188257410198790397354708193574636202188460057642504623063089453471383285780424235486395557686615860239595069540761049052454460112045644579619156115640776674518403434218812692022401,0.00000000000000000000000000000000000000000000000006204964599631396818252087961535924142366423459304325124256790162560815073572721499219607314699421866372003660058908181582899132940293179957199766788734771631475736795912885235720216201970720054140248220903661166392841049,0.00000000000000000000000000000000000000000000000006204964599631414,0.0,0.0
tree_eta,10000000.0,pi,1024,modulus,0.000000000000000802120203835095970260305337011728440044710698561026668577291536081977634924494334397457268274821658702914469528912558140574117051507772978901612379826774491224994515192565888831456868118934127294475640789327758684279438847688997243105905563,0.000000000000002445425053373962872226440452161837100479987592932490899808131858848035092535658882260687873051352783259718902012456339231151403400239186395930414014168450077465384851894758153402788893687365607984738162401502240574149371,0.000000000000002445425053373946,0.0,0.0
tree_eta,10000000.0,pi,1024,tree,0.00000000000000018586347182006506080508077276836266348658293671829265454014556815873172223247418106700219846950567850322948193773589509000117074730110549928011418511797383671415508542804504890858369886995273033994904433823036885018951153459007154270619048,-0.000000000000001665640039816972205108994604348436856026629370468070035028973482887682823780038882388697227029531512207219474182061472323871147806926607146931068920881850995199643070106394441184178105678315104464226537818768089174647487,-0.0000000000000016656400398169493,0.0,0.0
scalar_retuned_eta,0.000001,zero,0,charged,0.000000000000000144408141790858773724314534129116524595683999250695784814695485161719920666468031907102629650740933604082568423233033819150807837894067366340470614687777455845340018944382701966382186462852746524628640753261835955559698382145614295231965984,0.000000000000000000000000000000000000000000000001753666528767780146756275259819287847557146045517265252946966102901607322880387457037778489406787647008783697851347875846367811052537099394472751730811698711644798904561651810779818155404646756837325075758054067219098519,0.0000000000000000000000000000000000000000000000017536665287677804,0.0,0.0
scalar_retuned_eta,0.000001,zero,0,modulus,0.000000000000000277208928556753200152083890454112942939145800038201579152344986965500966934517780108501155420802749334052824383556041963852754311460688981262400834092015066493107829988528220455068027793932620158367520638470701029170238044304171274704480772,-0.00000000000000000000000000000000000000000000000000002103453617024318416903876555861609069654135008269786760882842367508606239454715204916842560269808344089848234391427569398388268713261402081511788559915392583969130597543904370191278847676891942175388690973719400907013175,-0.00000000000000000000000000000000000000000000000000002103453617024319,0.0,0.0
scalar_retuned_eta,0.000001,zero,0,tree,0.0000000000000000424930460235089683774315440967191311004965955604493256571379396040054690702565166407848872237102115282891720169743607872207226128541561683283103568707738008199044482501341231439706142362189272656747843550509870658402302199006826020294410577,-0.0000000000001232362054270612547633182510252804001851577713163089779401685996817923506400237425980965591751733919610478104679873342609619445976473871326363193758494187080352335150571628902463918929326411102338573622488879725344406757,-0.00000000000012323620542706126,0.0,0.0
scalar_retuned_eta,0.000001,zero,512,charged,0.000000000000000236787430382476564232572868378751882197862766434489728700592059747326861145510343946079054492276939818636379053137028549898359466159239175831676297150392814042587334664797420806259808746147610704797535609253111455040082351725941809306576793,0.0000000000000000000000000000000000000000000000001819703315210338847538089053199235117957856407210260900661163813366947675458843177482972854284453141950020535280118130346094953641351537395787121351798415647877460562675531586021839818678473252766553296870279196998688591,0.0000000000000000000000000000000000000000000000001819703315210343,0.0,0.0
scalar_retuned_eta,0.000001,zero,512,modulus,0.000000000000000299675144913199734505618720497731264202226729403264204939774741353024047718415243582209363231001206715608816816521395412234836871536660544310720195787515699240135851524022060352447724733178380002840534460053388963932305580589322825302737076,-0.000000000000000000000000000000000000000000000000000006349620143805231696472325000432423009877826498663687784086209620720030412692419771759479121010941293128183215903525604881002105070747054366456424847545998943671355445623952427905097549570950620100234524075323333868942392,-0.000000000000000000000000000000000000000000000000000006349620143805238,0.0,0.0
scalar_retuned_eta,0.000001,zero,512,tree,0.000000000000000119562924555336812215017102501790864413728580982829919192605590796416365450766111730225536218070944832752750485600207427250859003906491989006454254253991489956003822877131019500830723626202478718279132796460952206917359987255867093696371219,-0.00000000000001122969414436418526551886803828618204955440162831994417216397036856586831279683476940963362424156749576335138638159578071806012720410287462856178481133167770525687888948233864383358799162105233796056240938414479016325311,-0.0000000000000112296941443642,0.0,0.0
scalar_retuned_eta,0.000001,zero,1024,charged,0.000000000000000101196581764547255294384177778224762825960738037065882881208803079089937678046436111689706620858046494031086191712998688900641611549316199101135588429094894261191735123527533012675874302277974407904728812999006119010882990553013300124536574,0.00000000000000000000000000000000000000000000000006204964599633060253494173380157491755018059689748700720242787428318858420735769451312821577162093045035863970848647977322332739772635880182960489614837001204975716771083231565221566302440812403810211495761607733186270276,0.00000000000000000000000000000000000000000000000006204964599633078,0.0,0.0
scalar_retuned_eta,0.000001,zero,1024,modulus,0.000000000000000783103858679560325070334639244549992040018563974384838156427222225722215292895419977104149545524556220468994230781707680512657710023184325434514980203840478010499518358110197107166883479218249519883778640057735989663615950961858519124119219,-0.000000000000000000000000000000000000000000000000000002445425053373962872226440452218558532951536667116779689705460824676967692848126650819538715788520178595822394782655719524081254495485106030130141903424255515610727122468398361932398016604846767526084963798605456537541336,-0.0000000000000000000000000000000000000000000000000000024454250533739464,0.0,0.0
scalar_retuned_eta,0.000001,zero,1024,tree,0.000000000000000185863471820030812996212859893716494237685748594013436000890073411040031268604450659196059323985777285817597825771504134022926233391645874648927356911620658790674450877428788840772691620214566511007942717701804658687394759681449957435813716,-0.000000000000001665640039816972205108994600127866846953781452895182684075402897834572369037685872154769135991022143972739409643405476352965711357391801625037503260671725437660925378640563238932117531204865915490029870128026707400663377,-0.0000000000000016656400398169493,0.0,0.0
scalar_retuned_eta,0.000001,quadrature,0,charged,0.000000000000000144408141790602877176273346263167369859196136791019204083845329774451911612633600074089178796808693519962507104261639140212856992553011147456932010466516005801669021998770670979557510098583594448778154568734641321418935685478172479640996805,0.00000000000000000000000000000000000000000000000175366652876778014675627526026804505868419339579734135231680451332614036529171669395303990749982330037015612216422626478420375038752399942184641967133570583039397296442386092807925656268967465868641752885264935883174448,0.0000000000000000000000000000000000000000000000017536665287677804,-0.0000000000000000000000000000000000000000000000000000000000000000000000000001723254867821665361476555839168528698019771717801281180531970212723460369997023535946436457628664020344536607065991616693261440757634438656315309965026984445343095212556101542068854608012369133575018410891428953742697396,-0.00000000000000000000000000000000000000000000000000000000000000000000000000017232548678216654
scalar_retuned_eta,0.000001,quadrature,0,modulus,0.000000000000000134586339890415149932989528049899786630630239250104060082582762779547289725900384604775919411284674210704970927865041819123458155447066350835245820236948811359552874114956347534906650865999544955911887718602564691954430964156158516427230112,-4.196665508202127464142101964189119311065232167023902330198455565643344300217713768850905934301099469545084086702427564734293623840022295119736039590530407113638732529360379049406378720345326001896962207512281681135023038e-81,1.51625811215653e-83,-0.000000000000000000000000000000000000000000000000000007011512056747728056346255184806475062779740872851921881546442074559065985732670118589388694174872356337358443960000402541076687143004004638158098184627665686283649468052647851552300987896160704666442169535367082384132482,-0.000000000000000000000000000000000000000000000000000007011512056747729
scalar_retuned_eta,0.000001,quadrature,0,tree,0.0000000000000000424930460232143828723923701396078575259884091187087554060546146762943150450490032093224785961005966315770785939553549415877051836416556010058364726572516774224831992575128519621809364866146650000384535973016064606530828601879854897701200571,-0.0000000000001232362054270612547633182510615839999999999999999999999708781673974835417490049004806104207228893708220972419183585223622601309567740793533255209213130556937713049716793950214469738834647682656699612708497021776134665951,-0.00000000000012323620542706126,0.00000000000000000000000000000000000000001210119993828074289456367401023652257189706370299371929417125299052186526257263760449696445313155956161478858605568649802273021489315408551912667317323410907764604563241849193681250813608742098066239101701411317712571052,0.00000000000000000000000000000000000000001210119993828074
scalar_retuned_eta,0.000001,quadrature,512,charged,0.000000000000000236787430382384937677083951914737041839058575551548012547857799170588234239916551435122919967953648267571713254784882880519387692154333841269093074315747394123309181312051045368464101698582187782631021881043430010091076273437575508486876706,0.0000000000000000000000000000000000000000000000001819703315210338847538089054806059353029820626119535154074368395144942011989194793323115411315760938213782957309494630087820363251348169338902349853911121048047403555722807372177371563177939484341750558113220990339759716,0.0000000000000000000000000000000000000000000000001819703315210343,-0.00000000000000000000000000000000000000000000000000000000000000000000000000007532784566691365786067433926463493610880113211616784597413406523169237976382349029686416692007208349124565139718212050204728883855757277616209597277580477248085846350289452388016945967085470353317271959280286655065792038,-0.00000000000000000000000000000000000000000000000000000000000000000000000000007532784566691387
scalar_retuned_eta,0.000001,quadrature,512,modulus,0.000000000000000294921058624333329360852225870176887603530794394461464965006734508321809663015632302122896111712713516114507326653683443886674214297058372297322626299750440018150740385470583595316665574339598245482803018709927810778086783869668003447813289,-3.824141608385158170673840106704171796359398254179331584755968416326429026073495390274676278806485946476285314199356658533340452243495520463545190464660911556037013335483854868436354519732449593649514174338496974354888134e-82,1.3816649729211759e-84,-0.000000000000000000000000000000000000000000000000000002116540047935077232157441666683336283013103560532101257805264347459767755125796175689788761676754156606663611044690221857532988231185718022362862156649726705597293818029714185958511615719343505213458093857204889303655618,-0.0000000000000000000000000000000000000000000000000000021165400479350793
scalar_retuned_eta,0.000001,quadrature,512,tree,0.0000000000000001195629245552478867430347007171496725002428539941517928090810401040164512936066751329826049688502375105509110253133599913220296671332940442869038805156628357285732452559604009259137128146759854656388609986442721309467537970148218525580356,-0.00000000000001122969414436418526551886804924501978247604365738796434685061084242960538996343377984259188962991447986983022837613358853162176641848902705532618014352046358828291213679366067577038124635948806021329665627495876469534816,-0.0000000000000112296941443642,0.000000000000000000000000000000000000000003652945910973880676356006724895546824621245692388866336810986002759162100515914175866349759630191480515088308350828283479679400954092805736396330394260619435359972088340582458348118455272135131629210341965111922690423759,0.000000000000000000000000000000000000000003652945910973883
scalar_retuned_eta,0.000001,quadrature,1024,charged,0.00000000000000010119658176450782509738672835840471138067345910304380465792778236047228717085484336306190977307219127286166813708937117337026399117515631038113708188849430586626726720897861752516039109482688829098144272533333721339699412848398116273906368,0.00000000000000000000000000000000000000000000000006204964599633060253494173387072233424732742283356576146603049204715059786096192336851505798715456246057466418657997190731960711923226798616826399783249007159748610791528916878545303946939201597606777922459748537034721079,0.00000000000000000000000000000000000000000000000006204964599633078,-0.00000000000000000000000000000000000000000000000000000000000000000000000000003572717050579333666524416852392836528060819375147991582678294576970535319185585939584728375984346411364794582765352180423646396784954949123454596066794334507024754058435324562870491594651159110525677989098059482980581926,-0.000000000000000000000000000000000000000000000000000000000000000000000000000035727170505793286
scalar_retuned_eta,0.000001,quadrature,1024,modulus,0.000000000000000773595686101788457596583307599620222235464436175907630062733729784580677983418941240766943226046194461013787961000368008924221251744544266360891906027356719318341974417751018653601266963833608376764471683867968838616051515508140541060289452,-5.672143247154340204104162531566717549171371659115266982574579577180464215015106592173443212362765095026277355980770701889035722063559746616727301120519508082811038028463431124135466222852702610638377221298256808607962351e-83,2.0493492261898187e-85,-0.0000000000000000000000000000000000000000000000000000008151416844579876240754801507206123668266644216919126881299312278445795569647928737012532065459704468627019884868386754131557104872604485060489496795930305240579053376987072075768102370727100227691627270696624468094859103,-0.0000000000000000000000000000000000000000000000000000008151416844579822
scalar_retuned_eta,0.000001,quadrature,1024,tree,0.000000000000000185863471820065060805080769343581776697123018812401584757373850965582921574123025938717020773335952771040621883821414755062650333027685564615523809691937156915120256442404698063829979155893703762686568529812113081051028473741611552251937958,-0.00000000000000166564003981697220510899460434843685602620731346716297545713810266680553736537187701649585372643253128686310534444087558226148979806376726587639660553067490860276490248539039114135001726235205232685370791251215612256682,-0.0000000000000016656400398169493,0.000000000000000000000000000000000000000001406856669690808620190660097127245068277411056109228668287242238518976953214920893652260714066279750879644609482119927794915019686376877193025738220206820771715859372961953381577028035193418183425230252337362687374665964,0.0000000000000000000000000000000000000000014068566696907989
scalar_retuned_eta,0.000001,pi,0,charged,0.000000000000000144408141790346980628232158397218215122839240417941415272949499826741421805634356241728739256125469336584808926592996469285097190002129691634045598599140244232193761860299243207333828698646240976453111582483065269646404442690869082939904886,0.00000000000000000000000000000000000000000000000175366652876778014675627526071680226981124074607741745168664292375067340770304593086830132559285895373152854647707321587136988195120801213974774052153077313553324399540263415898969020594589503443290744302913772629447005,0.0000000000000000000000000000000000000000000000017536665287677804,0.0,0.0
scalar_retuned_eta,0.000001,pi,0,modulus,0.000000000000000277208928557152226351115462463354652407939672877245495718863827886832398126651938810736902889819085268445454982087252371323348399552449264680902814784682322414157729318424879936600784321277020785345299692501117296274165611139679711324686466,0.00000000000000000000000000000000000000000000000000002103453617024318416903876555022275968013709515441366368045018505295559806049934738851752794219128489567005439702604074945237294596533523695550959084580961028027895191442361514676439662908851887787454437601663270473417214,0.00000000000000000000000000000000000000000000000000002103453617024319,0.0,0.0
scalar_retuned_eta,0.000001,pi,0,tree,0.0000000000000000424930460229197973673531961824965839516537839165265555173531046744710439295923208042949669943098005985448311688665973585862123961513961905211617248895727286684020763744272028608636572288141760156114001124099207411615187245540422647686309287,-0.0000000000001232362054270612547633182510978875998148422286836910220015877351131747328579860583631242822706053496831466733687297100199110159254896187840925438631338581731630067325348171198321947632806821050436763202099428328082953668,-0.00000000000012323620542706126,0.0,0.0
scalar_retuned_eta,0.000001,pi,512,charged,0.000000000000000236787430382293311121595035450722201480301278507123332543724934808222951632052055517387023009961916429219529644784414946453264221208543366937110590509318983073586034535988225515399629438564353887530782470750293546009241591033432872233026652,0.0000000000000000000000000000000000000000000000001819703315210338847538089056412883588101784845028809407487572976922936348519546409163257968347068734477545379338868586831763133837443665030858142187096694516700605424134866171300393353959048404250444505669574369518918202,0.0000000000000000000000000000000000000000000000001819703315210343,0.0,0.0
scalar_retuned_eta,0.000001,pi,512,modulus,0.000000000000000299675144913236095103993074469878111741033626571280437872984440461326271180181212992873158765523900697018393767091139817086183361999969267848617627614892843857950134975267576650044365509985933325475778463675263587155398343442305527706846879,0.000000000000000000000000000000000000000000000000000006349620143805231696472324999667594688200794864528919762745375261448150761856553454785139891379691279878328185881461316572501410097509028514938482587462817568657871549241952075073644392293298198857313076091215071019858712,0.000000000000000000000000000000000000000000000000000006349620143805238,0.0,0.0
scalar_retuned_eta,0.000001,pi,512,tree,0.000000000000000119562924555158961271052298932508480586809519315623231910264110827211012814216393673561189076498230411272330368865346040891416586158683037530402699131829150226636123191466754953352634011511029198894949620464937176133371867630579819067527883,-0.00000000000001122969414436418526551886806020385751539768568645598452153725131629334246713003279027555015501826146397630907037067139600950247135593137151169029476824774461557511547100628937596323673827928626940075257382239566803941506,-0.0000000000000112296941443642,0.0,0.0
scalar_retuned_eta,0.000001,pi,1024,charged,0.000000000000000101196581764468394900389278938584659935406360271622189065742257836807948673139106575158292654612264487090332007175365585193701719808907622939456723019144746008827789609722156110700586678530177584545117267328157636969420878330693741098373749,0.00000000000000000000000000000000000000000000000006204964599633060253494173393986975094447424876964451572963310981111261151456615222390190020268819447079068866467345856084395469156646156721910597325830495445107423332898693904033861542118849176835607245180205184458782408,0.00000000000000000000000000000000000000000000000006204964599633078,0.0,0.0
scalar_retuned_eta,0.000001,pi,1024,modulus,0.000000000000000783103858679554931898646662409201653903292257791300040425969203690418790329344517306298539747982930925495827889535370561309905013861378353174877675108571576501793947119149282658401993499143438999130874457002789205875123954003935888551940124,0.000000000000000000000000000000000000000000000000000002445425053373962872226440452105115668008449863034696439074126473693540259665821311164614051713125718506553735454111948542250262308903579976678163254998783413391017868477074319054369661202418559537198738190804602772602878,0.0000000000000000000000000000000000000000000000000000024454250533739464,0.0,0.0
scalar_retuned_eta,0.000001,pi,1024,tree,0.000000000000000185863471820099308613948678793447059156540111214646057103157879400455516053457400099242554341929188726735036246677924649829877032247942004479679108993633071212352624342604761254883047143324291461307813507402229793566987722075806424699831454,-0.000000000000001665640039816972205108994608569006865098633174039143266838873307499038705693057881878222571461842918600986801045476274810461884351634391844428743829594479242090098100710153759332218090446447722429765839527992836882005777,-0.0000000000000016656400398169493,0.0,0.0
scalar_retuned_eta,1.0,zero,0,charged,0.0000000000000000000000000152241526054769285742921771738383758079467950731678743051187521124308953693492532272020107081095208764708046076668788838758904576093096628550599804680373683144368064895201520308795699529496546618551863882231807342956511831358002924120984407,0.0000000000000000000000000000000000000000000000017536665287677801467560802506855806245198173465838579652084975526571132707748386430750067268174540520275575953259946076650672735879863567033516220395387579140253517974284244942970408979871774211699266476393858729740875,0.0000000000000000000000000000000000000000000000017536665287677804,0.0,0.0
scalar_retuned_eta,1.0,zero,0,modulus,0.0000000000000000395046141127234408544029962615578220753530095000213569177810696310499970659965618155732909794438598404669746065367658786772203849050860749658222860853992426711182018889989443264190680712143790530861761498885299382500000891864838702146929593,-0.00000000000000000000000000000000002103453617024318416903876555441942938500473082068322973692964233908975258740969053891721645302345820621862148749467613448629112665457847217200260357892750128118180667490804100664808982631180666153987342951733521172137094,-0.000000000000000000000000000000000021034536170243185,0.0,0.0
scalar_retuned_eta,1.0,zero,0,tree,0.0000000000000000424931740367480116389719542379884125788983781519206100331581221216180725408325181347377504684867148966740378286529192811194863437803238175515110362556530572070010241585623822915102936137500313365919596669302225935625302435731419520772798432,-0.0000000000001232362054270612547633024751594562813082734060993814038551449906680884155106220871535487864434276067753685052696766779273420743903679924528276410892860028874512741329681860078066256047584521055241279682454061436815150207,-0.00000000000012323620542706126,0.0,0.0
scalar_retuned_eta,1.0,zero,512,charged,0.00000000000000440295178957181042593257972469435757845581675435312357099244190865410810826025194533284647918645340059676070018089373422690299643488988052353195508738324412930275798639108807377183332313128723518858091127159139859411058157502931402591628602,0.000000000000000000000000000000000000009516075515268636759748239958377698044529117199804783999242312847222438790794196341740554592787023689595043366207820031114046398132976666376218983727813860514928797791853490167217076823143660510136188563204188567797763602,0.00000000000000000000000000000000000000951607551526871,0.0,0.0
scalar_retuned_eta,1.0,zero,512,modulus,0.000000000000000252134282024372060347088882160349707702984972861314615805554298138162156480008912346720579723293642918715782321975148674719084291083235696540344364621582193354931758902165161128840821920208481524700022808046209638141053351535771293391172456,-0.00000000000000000000000000000000000634962014380523169647232500005000923145347152011212082576333980196479199696366552012786623264793643438150446507664461462720832894129118283314884007941806539588419158721205521723341598866109420333443850977808134499384912,-0.000000000000000000000000000000000006349620143805237,0.0,0.0
scalar_retuned_eta,1.0,zero,512,tree,0.00000000000000011956296319823507838823262314532082956970990693837243465595271971598224998545571293138927538223163049646340446778984601615722480033474413908261013523561752917896200671376706001426687692020424545911106027416870394996330832862136671786854156,-0.00000000000001122969414436418526551410583413715489986595649675811288154501509958093868603514670556212832943901567494320459177292074172655521194449447746438862281971413415940082161186832540470887517196162331456103246938235541853896177,-0.0000000000000112296941443642,0.0,0.0
scalar_retuned_eta,1.0,zero,1024,charged,0.0000000000000132852127495197319823152271544621786442666153604736115786082548550141336980434491370989887797121725718023592156604431649479800549574536549435783332806141559793094273558893462773104907146800977637049884724238248808905288817876587510509478425,0.00000000000000000000000000000000000001663435242091630500908913763828547302349873197715841693885943184056343763405627372313983401187122029776265737839015527420911247785254591829203799315615344970022299590242048380549868884522742477635293485222303734301009685,0.000000000000000000000000000000000000016634352420916526,0.0,0.0
scalar_retuned_eta,1.0,zero,1024,modulus,0.000000000000000802120203835095970263001923125375438323922770880761828493521045501975092793597862814336448020685349451123366473934346192554877189225069867792239178741437270269974624385643104232137807151954693774991923711761967212783969047283510103038885354,-0.000000000000000000000000000000000002445425053373962872226440452161837157201425736619140099640435486970650224277025853166886870201693634239124623472729276967629539277769315786944541197425061106993063837091981473111338650095751922120240688602871214598821419,-0.000000000000000000000000000000000002445425053373946,0.0,0.0
scalar_retuned_eta,1.0,zero,1024,tree,0.000000000000000185863456937516675945858556995998456905344561578199171578176818190414819471208786245100142950771479375625697989204693300065496188947083359072088384914534347215016230039865525128157016473691232684594402020684784063303495037654035701710571883,-0.000000000000001665640039816972205107160535558402163302028412536249815903990664400663191903268162086296966885326445688030506866182926629290463181512213790175266222480902390420996688371103431029575129344777722371347605165449180803639642,-0.0000000000000016656400398169493,0.0,0.0
scalar_retuned_eta,1.0,quadrature,0,charged,0.0000000000000000000000000152241408821721956995728181786995211714287614219720894698848242097654680123902379708596407072607241743502883552187761842286258209458322702329023447704214325282730718067237868855550334089207604718037884395573923727221928238553473305743438249,0.000000000000000000000000000000000000000000000001753666528767780146756275260268045058684193279720190269928184881123227710274108413790709057448810651319045021125627399153205122869376386905602235503421102264648508560300000782264688187533125690576455074722320237840201952,0.0000000000000000000000000000000000000000000000017536665287677804,-0.00000000000000000000000000000000000000000000000000000000000000000000007488486065989197352410153369575808651679736952670028478698497954064331880603639558054153775207348393474965680723997992257582220794583821766210884182242289964571613932814537300843044372890513059160166553517903580131452333,-0.00000000000000000000000000000000000000000000000000000000000000000000007488486065989198
scalar_retuned_eta,1.0,quadrature,0,modulus,0.00000000000000000803624877612241338562062035893422440987436271007055956708833012621740071834919173210939166495231824307673840330448593998355379234624719454007105657322397767769632105478118552039724674511400331906936240880371345080228507778833802860892003217,-0.0000000000000000000000000000000000000000000000000000000000000000000041966655082021274641421019641891193110652321670239023782913303585319137451784107154014457502621073933914613048325047477941824775661050113461874126395835283397732504439438581397456550506675399336202658361618506882201754,0.000000000000000000000000000000000000000000000000000000000000000000000015162581121565297,-0.000000000000000000000000000000000007011512056747728056346255184806475062779740872851921864942559383323480514679059960914837622380234052353255816565220920677499654661156459417820540392790549223155830353200508967192132735245700840555991649636998585642768847,-0.000000000000000000000000000000000007011512056747728
scalar_retuned_eta,1.0,quadrature,0,tree,0.0000000000000000424930460232143828723923701396078575258545383928681922967098205102259737378444236065009505404505792130545227547660766987267443525985695985823457476475703616849286694408198315215282554626170539117350802813991527530085881622764586323487767235,-0.0000000000001232362054270612547633182510615839999999999999999999999873758876678409738601660371464877272417529974928518545737023779460801031045621929459243843407828212148949448589020129482249742347856171830208305432661236658129831253,-0.00000000000012323620542706126,0.000000000000000000000000000000000005258634042572897242197966872865377410298999917519449847983330979646932775130239161082242625105648468836692437968657672221482923124351435346059545479723892002302787602367744208125677099918695192313849337071607725174222482,0.000000000000000000000000000000000005258634042572897
scalar_retuned_eta,1.0,quadrature,512,charged,0.00000000000000440295178957181042173492235165573648348812233030509950649963705295545905230375817917681525649619923628173307967354298513392942508653060123844719177526222214457232764953477543910099334155820256834732873867678167445652740375592745535735584987,0.000000000000000000000000000000000000009516075515268636759748239958377767869841202581836524504935265343783544494401927300970558868103775053931520314402533607045365062592172408772150763108259078682710731162877393108223117873969054831657472030443531481603012637,0.00000000000000000000000000000000000000951607551526871,-0.00000000000000000000000000000000000000000000000000000000000000000000003273407394291741274712057441847226018187985612886249680502531313667026615586566731488220856244198514538182916501611414516965568871483257122001436779224448400093806521999954830282543061999221006275283111952809182847441804,-0.000000000000000000000000000000000000000000000000000000000000000000000032734073942917515
scalar_retuned_eta,1.0,quadrature,512,modulus,0.000000000000000223609764291064547701547151665759882082809295517822316200158079901214654235340507694469171469364816066383167619035568706316038903220046849205770797211363742550581639727645274950997303045742159451587081025706413220949171176061114528345682028,-0.0000000000000000000000000000000000000000000000000000000000000000000003824141608385158170673840106704171796359398254179331628336115457895809972565689041898741900710855727185623445490225498199185158911919851151126219110468967502685078772145729738435937272652606707654238886135479573016655997,0.0000000000000000000000000000000000000000000000000000000000000000000000013816649729211756,-0.00000000000000000000000000000000000211654004793507723215744166668333628301310356053210125279310971051587078720837843829093543197371750317148668997641082653017186176903554517889811948483893767909494029871025805520875995081754490231452359564257980232030417,-0.0000000000000000000000000000000000021165400479350788
scalar_retuned_eta,1.0,quadrature,512,tree,0.000000000000000119562924555247886743034700717149672500230703062944039611212189449577222518035927087001859170294495247587888825733472931399162562434242164256006048430223991094202080509367434853105766540897089463241020740040421648998031598040672873939366234,-0.00000000000001122969414436418526551886804924501978247604365738796434834804549687836602754483488902340439009977958321538310754283715033826487050030444150265987888969437549645063822815545935363416731646253361980416983327538867738029961,-0.0000000000000112296941443642,0.000000000000000000000000000000000001587405035954960870029053543283822267676799099142447169896061153758686886921302757392752886351908684324448053440478427708119232954593158688654592951025435110232517351764476393568514446387826853729376394796088700882949838,0.0000000000000000000000000000000000015874050359549622
scalar_retuned_eta,1.0,quadrature,1024,charged,0.000000000000013285212749519731980508824455337119075213872467699132567855942653005816878718339195531326248287025134565411784435650891636273546952687230690585537210251436631356305660556242670649848755113662168509870265416682988999200575770810013634719233,0.00000000000000000000000000000000000001663435242091630500908913763828550307183784331744158511807687849721979668320615803977123208132196834171533669787047911139240496075272728724582735000944559240687960675225071409210158487011097285471780309086321038485251788,0.000000000000000000000000000000000000016634352420916526,-0.0000000000000000000000000000000000000000000000000000000000000000000000155254120273020933824593105152211492329119000829005921323308732147909604316731155408424710310190048898909474181751611012195684394913557428038340715116803888213505013593438741159502869705778752126713835962271214948268308,-0.000000000000000000000000000000000000000000000000000000000000000000000015525412027302078
scalar_retuned_eta,1.0,quadrature,1024,modulus,0.00000000000000080212020383509597026030533728138702444376366596106395703591015083933299967556887866533075422688133636491260952354916308466262102677115244329361023042273390154973323557834630573429322809512838894978672575080633176309576192518470696443870699,-0.00000000000000000000000000000000000000000000000000000000000000000000005672143247154340204104162531566717549171371659115267047183800926059241463240270568670130489469590117060551262963385169287011167441988377422950258440536974212943129900193596644169840359950179475207660063952110445732849588,0.0000000000000000000000000000000000000000000000000000000000000000000000002049349226189818,-0.0000000000000000000000000000000000008151416844579876240754801507206123668266644216919126861996033904344915775325525822362846007526221191581233257878995898769689939579359456832793497043478385918002310707419278396672314798982945801723288543366278576936803937,-0.000000000000000000000000000000000000815141684457982
scalar_retuned_eta,1.0,quadrature,1024,tree,0.000000000000000185863471820065060805080769343581776697124820488974460477029261902991250431987566810247572901351827021429622290770809584697725268058596177235270143241121201889453382582564835189974715805650417231819875990646807207639481957702207624366426542,-0.000000000000001665640039816972205108994604348436856026207313467162975679169886914844488555669916384564804799677823351169592348746673386149967994116096995393895715735786192695214510845541342948069963162197261903736749368101124324150285,-0.0000000000000016656400398169493,0.0000000000000000000000000000000000006113562633448975747263003103043865917264075047270988841339180994226126381171258877130277680280730291661633561168753917699316957918245294226152852800977134899737718950234744389874932870931706821300646923929999177282506686,0.0000000000000000000000000000000000006113562633448934
scalar_retuned_eta,1.0,pi,0,charged,0.0000000000000000000000000152241291588674628248534591835606665349530817894005650290021954112665020222797653402946208772581255149571118887121747852914852446233052580853603579061762045731278228827795414538108995478174179224934215203571978384611505075310992850955401079,0.000000000000000000000000000000000000000000000001753666528767780146756470269850509492848569212856522574647872209589342149773378184506411388080167250610532446925260190641342958491378002443847078388297471760798600166966447251284694017103503334778995896782734067217247671,0.0000000000000000000000000000000000000000000000017536665287677804,0.0,0.0
scalar_retuned_eta,1.0,pi,0,modulus,0.0000000000000000395046141127234412534291952931297364668133922075137072921441920187457921274886863494200146722834349830880369450032577493041466041488652960486527250406474194099189731198250016519822789562128805164943434956231058024687190405104172412055201972,0.00000000000000000000000000000000002103453617024318416903876555441942099167371441642830145272571396085113045694535649111245975998409572928075354609519377565585992420669966034333925425128874154196224523999308227425073890556433668371424641491645725796332478,0.000000000000000000000000000000000021034536170243185,0.0,0.0
scalar_retuned_eta,1.0,pi,0,tree,0.000000000000000042492918009680754105812786074002232057057401171340032521650731219114668282965914576043901754424955133960363877824502330522025323579108130975857502094540981147000474767479509504719955979098044650492585581413995842814427120051113069473553043,-0.0000000000001232362054270612547633340269637117186917265939006185961196067846675935322097099871394266680400783882103352038777280779648181318187563934390206839449782491311858256626572362458088165204430864937067007459768195205680117321,-0.00000000000012323620542706126,0.0,0.0
scalar_retuned_eta,1.0,pi,512,charged,0.00000000000000440295178957181041753726497861711538852042790625709060732604951539973408664539807510268742628737092929859748697762420754259808438012392351967733033809553327931734886157840996012544953828253037886995518211303052781282859741248621420192589729,0.00000000000000000000000000000000000000951607551526863675974823995837783769515328796386826501062821784034465019800965826020056314342052641826799726259724718297668372705136815105757813603079352239449316070131851662874183821540150236192820839775678601088581503,0.00000000000000000000000000000000000000951607551526871,0.0,0.0
scalar_retuned_eta,1.0,pi,512,modulus,0.000000000000000252134282024372060383449480534703660879782694450935686087876542521632239023909937598296050710632356746708399128385427276267344040684666775124263193144458725215161729953903041984586924716543069242530163238615074846738310442552595162389882263,0.000000000000000000000000000000000006349620143805231696472325000050008466625149843080486690995318461130432725084014684261540555366774471089745782415186874289338918016936965078996214098648213550170495882504694520431547162743971980950839311101785651137743807,0.000000000000000000000000000000000006349620143805237,0.0,0.0
scalar_retuned_eta,1.0,pi,512,tree,0.000000000000000119562885912260695097836778298872166111498836266976087502416188774520447020141265013028102889137827553280005674654353346685978497459483827861063927625578649272514225050931294065371659493114698959734068940470273412746148705884619929414828545,-0.00000000000001122969414436418526552363026435288466508613081801781581515107589417579336905452307248468045076054349148756162331275355894997452905611440554093079927874033988969248444416188584105460372713353082635337082918733673694371795,-0.0000000000000112296941443642,0.0,0.0
scalar_retuned_eta,1.0,pi,1024,charged,0.0000000000000132852127495197319787024217562120595061611295749246600832850532635117726726355326815542508649012727142880218456709637813495294007476962555759458996658120374384696946081721060465184188808526243928805922470826073109554552156109269764043028318,0.00000000000000000000000000000000000001663435242091630500908913763828553312017695465772475329729432515387615573235604235640263015077271638566801601735080294857569744365290865619723518196679052412232050039758002334939809038215126902644922850543559656067953296,0.000000000000000000000000000000000000016634352420916526,0.0,0.0
scalar_retuned_eta,1.0,pi,1024,modulus,0.000000000000000802120203835095970257608751437398610563604561041366084502287590574448167923208752044239338158946310094718751160318723133948908464304281605429442492108863332625786953691974023420883380606135825849139063339443038929467344674868830942203761013,0.000000000000000000000000000000000002445425053373962872226440452161837043758560793532336017557184855636299240849592670861545925033815714237841154470594426493500116038999671813079440663732705373585260383569572411164867151648613293199796818671077997202164471,0.000000000000000000000000000000000002445425053373946,0.0,0.0
scalar_retuned_eta,1.0,pi,1024,tree,0.000000000000000185863486702613445664302981687354761272611235988708531990750203308735534740308053029633768227787986756460782880519540751225185908431478983582102259669284529865984233449887264004102708552312263478911820600357735945716234484657693623735272576,-0.000000000000001665640039816972205110828673138471548750386214398076135454349109429025785208071670682832642714029201014308677831310420143009472806719980200612524113606782893628370046773858459721427342473291181372339902313523660580731629,-0.0000000000000016656400398169493,0.0,0.0
scalar_retuned_eta,10000000.0,zero,0,charged,0.00000000000000000000000000000000000000034890793505479239950766177173063191247982192599876683884398140215452702555071926932002362077795810527415126578399189615711029699448010629209990238068249105429503304004815880541460543367306588418784544446603227461709680632412965135737061615,0.000000000000000000000000000000000000000000000001442579788256486452580940794223198219552224083422435455615004540663420475399778021463140523549565278904565040896547531978215543550081759435090259602767046633102232749753948724319550653875819394968495168584550706231333187,0.000000000000000000000000000000000000000000000001384541212715147,0.0,0.0
scalar_retuned_eta,10000000.0,zero,0,modulus,0.0000000000000000870454770015692954934526099704653774293672398433206120174532646559898569308162364567912098259134487718053627912151422378734355295381537059830829955835874280321977273570936212052972553525636084438747780231364540228292525095508203899902496078,-0.00000000000002103453617024318416903876555441942518834347039918351063770061936070739695260174007808071039782361513379735105086537766107948230823354887874772955820299066675532840078518643778730589884069961945156687568847708828135682791,-0.000000000000021034536170243186,0.0,0.0
scalar_retuned_eta,10000000.0,zero,0,tree,0.0000000000000000312995656985426708116173549463788309906063550563553901987740570574550668242998763285123290548528971392938329672381693968869620854582795232054064733077106208905131547245678764813487724619766307137515706010199394972559935450784888171532466299,-0.0000000000001074603032993788666365391768957694311087406902648684801968812174846585558512696272058429683647477920559111355188866916974868010520500604889903155220229771879361513196079682571200080592968836926985094370662811220781183136,-0.00000000000010746030329937887,0.0,0.0
scalar_retuned_eta,10000000.0,zero,512,charged,0.00000000000000430264857769165503245675294337487577406216502292845849555487773110751788607454347570571010879343884461419879678160027435167130638211540432827241730472156268106904457454178576073503534148736414374662003460060318557403146145185430656074271856,0.00000000009516075515086666428227215589699474051027027063176201738554333998936558134078120976075601849377821196259509729288132655527092237725487336066583566996616785095994299520833586861445579044211706742602029733579679055657245133,0.00000000009516075515086738,0.0,0.0
scalar_retuned_eta,10000000.0,zero,512,modulus,0.000000000000000252134282024372060365269124592269488509699642709159771363253720369132897015812994946156720418761393956722638589368708594917115798231027255871003889350489468727497516903386328922729290119874918832565183563696189698390197091089580925975313172,-0.000000000000006349620143805231696472325000050008849040504502106639881895915741492018628210889960083637831861608067277264784672622513686130900546207296985244212774560100565014604804197885884887397545859274231020216728801554380020344344,-0.000000000000006349620143805237,0.0,0.0
scalar_retuned_eta,10000000.0,zero,512,tree,0.000000000000000111732751602704562873367817944205138955893135114709546501451487229223581330935398299892865932672318021206935093833407519221646331144745320272264327728615859706926200721271394476409162208062935462183650261282527599429769094563001030877880942,-0.000000000000006467479036510261493164624299207513145695349727294574389390233191708970370564878965958352431861036022922385542269126665771073312110503138683600028448450501258116049380281320713659016723289789337225878998392187651131373526,-0.0000000000000064674790365102735,0.0,0.0
scalar_retuned_eta,10000000.0,zero,1024,charged,0.0000000000000129032319230679881162633458032676537731917809168129279967335399007547650690930919316467873178285117971129505855303016479333317272027420342250217804980264805534832991924721714264727839721244697566701770965159921718128381139866319212307949397,0.0000000001663435242085425536309282367010298219221477489049745085907437360549678379185559053050915092352128679698777114546709416042219083948137209574832852427027070534979578884425201116432781970106857337529488256928927496112012484,0.0000000001663435242085447,0.0,0.0
scalar_retuned_eta,10000000.0,zero,1024,modulus,0.000000000000000802120203835095970260305358708984021473353584007058808324115628070499469651210475371714000903068020145219754178197400059912006475672435842083117893496200192580473702397761705294845656700458931150299103087383733477950652193030828868433846791,-0.000000000000002445425053373962872226440452161837100480443984639813475150102460280493591049521062641715561204229991000471612922618835525110065471927477450430812576944003536204360916831980940871633206242230542198228901044226997688573042,-0.000000000000002445425053373946,0.0,0.0
scalar_retuned_eta,10000000.0,zero,1024,tree,0.0000000000000000955789147146823129411670993854034059582535952427329790369093447538019529582739132900950249331437250094295353479230918900673179702461355850397910452897096414080651950419522198298302438422062781898232260495199689467040732733384814990750822491,0.0000000000000001684287502134999490608357347729409693342267548806466762327850474215724015162498520850792963220784552751575145304452632592037248465815129520572671476166289618641351654485053449438950745922181953473458985703772193232337811,0.00000000000000016842875021351022,0.0,0.0
scalar_retuned_eta,10000000.0,quadrature,0,charged,0.000000000000000000000000000000000000000348907935054793644911155954479712843469651622448557795554746658567352239876240345637198986204385268356850950213332052150664756335244064161586727628028299044340484576643699372381449326998962744126123885779314361097168206345098852138900842056,0.000000000000000000000000000000000000000000000001637589370720471859745747078214805327125656109169060024719491828163082406577445755201336789118325994086712735531322481262509275065291917333198167321036967184123501124143301860244388980239609190198028150437513145570142917,0.0000000000000000000000000000000000000000000000015795507951791322,-0.00000000000000000000000000000000000000000000000007488486065971964803731944204447109065256624891904364433131919062626682197484656672378995001740412333014270386813339911270894983278772871456878172189518242605064978905517765653768578956460412184360284600133882650013926786,-0.00000000000000000000000000000000000000000000000007488486065971966
scalar_retuned_eta,10000000.0,quadrature,0,modulus,0.000000000000000134586339890415149932989346058053332688912819433249505279187710347066910067369213366674779399413762630066374446840325465100009124305734445454112340568173999792281778962096538354943959052980323101611069336900999146776454439521368529777880195,-0.0000000000000000000000000000000000000000000000000000004196665508202127464142101964189119311061558756204053168619461947826610170601834737954271077937979127579388740301717540018479903398089924846698796654735479955292846775498253596257856220984888565886046528538370055009661125,0.0000000000000000000000000000000000000000000000000000000015162581121565298,-0.000000000000007011512056747728056346255184806475062781016910877563474984735050170326013556877973884471787335382843024461499717084620925833198712877762614554246389093233478987143839250829015457946807391580388934552199743606401726815138,-0.000000000000007011512056747729
scalar_retuned_eta,10000000.0,quadrature,0,tree,0.0000000000000000424930460232143828723923803834418739841936409208304462637608668164458912220402177819073737548896644217674714243113586161622757589693172998248781596770385659264927004960727572919348121230491667395034363021556994479132402659797183421397108531,-0.0000000000001232362054270612547633182510615839999999987375887667870095692768540980626390211366366017116349097621788194080620248742871514458353301663084402208810632086276862936966451629204974718108473490549169999006320118710468187099,-0.00000000000012323620542706126,0.0000000000000052586340425607960422596913886048562970860157746327689375626864564798355959171698102529144233873233743027575143793941965548815602346518121255246134677837150766875066907646485429211371417807733251464397238643007672990673,0.0000000000000052586340425607964
scalar_retuned_eta,10000000.0,quadrature,512,charged,0.00000000000000430264857769165503245675252360913846960022624495584566273062188791804695275957350438270954802718464202412248221179217840372752842194512187912841651951506146797455691127142993374396083097069425465482031874222208044405284917344318034412603369,0.0000000000951607551508666642822721558969947405103400959438472387348603385557214990596829437197967489564023179757810882968796138384376929678428557503007636731530182040334540703863913144115273796388955444110981305165736910705453719,0.00000000009516075515086738,-0.00000000000000000000000000000000000000000000000003273407394284208490145369349468552868471367699073444961841086217787250312036328786868269648245597795712758101278162049323472077716333683801865266791808493866556316168562938307021971332994007744634562751649487484650109615,-0.00000000000000000000000000000000000000000000000003273407394284218
scalar_retuned_eta,10000000.0,quadrature,512,modulus,0.000000000000000252134282024372060365269126410299407227397301549045850844307234482192946704622074724655105831997145788618087859378018947066987550455695140354497660356116179624313385919160260851835679549758854050947126109313729641545778306695071027550335199,-0.00000000000000000000000000000000000000000000000000000003824141608385158170673840106704171796356050919698319897688238360225215952549194388219618824570025636395908491928740172904089396156092703215953090841055838903024158536382554325349885536748655827902531632528090226941331667,0.00000000000000000000000000000000000000000000000000000000013816649729211756,-0.000000000000002116540047935077232157441666683336283013488753563518676771403001030317195497642133174718836564741624268964398143513740991552616446653541913712131162225857492931299447127642583467727204190730765696088538803775201185639581,-0.000000000000002116540047935079
scalar_retuned_eta,10000000.0,quadrature,512,tree,0.000000000000000119562924555247886743034701650602000668074618502612815647132541790764495519548100603084474732283918187143743789629851270375207209230711747234587203971986666526698229063298447963398539134477474614927874558823489165759917107926736120470816685,-0.00000000000001122969414436418526551886804924501978247592862226509388748928285008270069923560895461633348534423348285518698223531531895083703775932075979396848781439615026593443970829444656235906529510033586125855187774143235381235924,-0.0000000000000112296941443642,0.000000000000001587405035951307924118081250012502212260192964990173166033016552791243442890243329552660351161065819977600479988729551059921241797235586809269907683850053493021081199172682694670549779386364818667226985000253706839718254,0.000000000000001587405035951309
scalar_retuned_eta,10000000.0,quadrature,1024,charged,0.0000000000000129032319230679881162633456226273838604277571368272844542269688633417661894260292185626009216951437870898274055142775880363757926402438374131313693626080707661139241229179317531695164210693578035903956123472425488517760818503936135631089875,0.0000000001663435242085425536309282367010298219221777972440857797264952181556368976074318358919543273783520154458859087845626691307417403784419258002529038067332410384106012522607892068662452231787245915598609083255308321105752881,0.0000000001663435242085447,-0.00000000000000000000000000000000000000000000000001552541202726636621195353270396793233076002925127780818669877067452388853419659075699084779515823815289781306534411024977079160242032853505762935898930863529523246773971789495997845639736825501040266503083129191994308232,-0.00000000000000000000000000000000000000000000000001552541202726635
scalar_retuned_eta,10000000.0,quadrature,1024,modulus,0.00000000000000080212020383509597026030535843932543707451219599114831635432842850953898958738102899538443715665483083533612066264317655716226035607508694790565233611388762179284901972206198857355745841513552640531538842772548560844114229524360662249415325,-0.000000000000000000000000000000000000000000000000000000005672143247154340204104162531566717549166406738195287013288031165440027305844865863403444156624420598952743060861706857772535767828951763070051835869186294122547592094889757409569875254424240904418360699553568896919476013,0.000000000000000000000000000000000000000000000000000000000020493492261898182,-0.0000000000000008151416844579876240754801507206123668268127708321887736032994520393206747773239654091728041359995145616759583488118633110703873147964700337074972152921334072888384064509064543622786416199233952515114306889406569979623842,-0.000000000000000815141684457982
scalar_retuned_eta,10000000.0,quadrature,1024,tree,0.000000000000000185863471820065060805080769205127821222566293335993190828930986705883652215456312275471230798859594302262815843941395569850633054289602929120830186068564290437793295142257004746836859738533390895014800098238519224784707835933479362600564895,-0.000000000000001665640039816972205108994604348436856026190250927063923557645119818275349461105422507298531240973727952248089012862746122721236311220060617946362140769183527862466809983756753996136868514386704155726399213531550390931764,-0.0000000000000016656400398169493,0.0000000000000006113562633434907180566101130404592751201390019359035332634767224132825836591184248641259425210173944091352011811026697939749870518743646807780894245471864108988977138581253715524158115058270229143026765043562174008050316,0.0000000000000006113562633434865
scalar_retuned_eta,10000000.0,pi,0,charged,0.000000000000000000000000000000000000000348907935054793687983504686307646897314457636022020794196623794517036807993722569950782350983564140379037636459566623680117283950368654567438058710142988711859921930956421456940045644130852938968053727841221668285553977896951053173448626977,0.000000000000000000000000000000000000000000000001832598953184457266910553362206412434699088134915684593823979115662744337755113488939533060662034183017310784557560298668239714715094352229820172472039066142818893561403234653316800535216366715591835665732111131466863547,0.0000000000000000000000000000000000000000000000017745603776431176,0.0,0.0
scalar_retuned_eta,10000000.0,pi,0,modulus,0.0000000000000000870454770015692954934526498730852805865605759943406044942980754339721263105509089694826755949667206020510840290231900754580745439357718797340681318035065099938003613079123093402316085898060914463266423157686454113319354668639554188396549631,0.00000000000002103453617024318416903876555441942518834263106608187021220779094031455912873952776522568313306132733085420520893334386287688042105262189071651011452670953024574521139836345043708764131939917216066278009146198192968538091,0.000000000000021034536170243186,0.0,0.0
scalar_retuned_eta,10000000.0,pi,0,tree,0.0000000000000000207902561587253413170816802834865365248955114193649312582273758573275969265238238318410717505646526562828252347884994122769034906343869452263020273865925344755601838106089853453116721908886324371946086439994623383383298039142080100712554939,-0.000000000000139012107554743642890097325227398568891256784912665093822257336223537569426772646067360454905071732301727680605163056876816090618610272127890126240103440067436436073682313219144796521282536276540770106469379532255736576,-0.00000000000013901210755474364,0.0,0.0
scalar_retuned_eta,10000000.0,pi,512,charged,0.00000000000000430264857769165503245675210384340116513828746698323282990636604488022921161821838213961371329870005227122453258975348591800723510381118255211000269983321455985273271402909429638809293162171965722570395007356622307594363667661060445226451406,0.00000000009516075515086666428227215589699474051040992125593246008417733712207741677858467767883747941902642398896707930087790112160446355895223509142292858113130240796358420608399460271260531232989065701074794937318107001060808457,0.00000000009516075515086738,0.0,0.0
scalar_retuned_eta,10000000.0,pi,512,modulus,0.000000000000000252134282024372060365269128228329325945094960388931930325360748595325541121972179786854148849791250097135863767380252423226326484209205246664370065939484057102032273238820107240922738050172262582807465133372614071769598694572357203984110965,0.000000000000006349620143805231696472325000050008849040428019274472178732502264689884544774962838964663161622588116278483328247324355564261724619532745715600172212918826355334024404754953454072294455335286285296547314700351432693057822,0.000000000000006349620143805237,0.0,0.0
scalar_retuned_eta,10000000.0,pi,512,tree,0.000000000000000129212679414468590045960169667078248088677698153772113964251725054769002654201491526399235751245442397893700647629177604905795108858670154466971446741937861661206203936970574510247760518447625362904609415186689288355680128543697859583541183,-0.00000000000001599190925221810903787311179928252641925650751723561338558833250845643102790633894327431453882743094278798842220150397213060076340813838090433694718034179927375283003630753884296568617252563634311674619897324768797919967,-0.000000000000015991909252218127,0.0,0.0
scalar_retuned_eta,10000000.0,pi,1024,charged,0.0000000000000129032319230679881162633454419871139476637333568416409117203978259940291239872781422129221575551128531280405380366352874984806563841819470072666120986823466614064609674692904206729843477552919846288520663395382673665213286533672255128302296,0.0000000001663435242085425536309282367010298219222078455831970508622467002563059572963077664788171455214911629218941061144543966572615723621448442737977246622735828718740818439252615132198650064554505017705403222168710221231229201,0.0000000001663435242085447,0.0,0.0
scalar_retuned_eta,10000000.0,pi,1024,modulus,0.000000000000000802120203835095970260305358169666852675670807975237824384541228948567749406895560191668530098816920668229785408203222270365115527633299405615536798676785844387370025367986673639077925701377600997071087826008532285652616269626166182806076027,0.000000000000002445425053373962872226440452161837100480432640353319166469694251955430457614422729813320576642073203621491334936587626599544451542868401396306156007024307518480605241004054909111954940034822871362561502403535054523291162,0.000000000000002445425053373946,0.0,0.0
scalar_retuned_eta,10000000.0,pi,1024,tree,0.000000000000000256519230246909771363633960914221248971618990615322810499495970423552425412584798312097084471545567217437435941588265288607194201061963587996054210906454164446499292650817903902060854568943380478525638637311438240186048653643975993437142421,-0.000000000000003499708829847444359278824943469814681386607256734774523348075287058123100438460697099676358804025911179653692556170755504646197469021634187949991429154996017589068785416018743397780101487014432861556773635433400734288203,-0.0000000000000034997088298474087,0.0,0.0
