mG_eV,a,phase,mu_factor,scheme,eta,scalar_CW_clockoff_eV4,max_abs_delta,max_abs_delta_kinetic,min_f,min_D,max_tree_force_ratio,max_charged_force_ratio,max_modulus_force_ratio,max_selected_force_ratio,max_selected_index,max_component_sum_ratio,max_component_sum_index,max_selected_x_ratio,max_selected_y_ratio,min_modulus_mass_eV,max_H_over_modulus_mass,max_mass_over_geometric_marker,geometric_marker_eV,max_d_over_s,max_B_over_s,min_scalar_over_fermion_mass2,max_Fcomp_abs_eV,max_above_threshold_AMSB_abs_eV,selected_budget_pass,component_sum_budget_pass
1e-12,0.1,zero,1.0,tree_eta,7.078322021207937e-43,-1.0942687833372483e-49,1.1826070783295881e-42,1.433991584225474e-45,1.0,1.0,2.533902829049664e-21,3.7252734392199936e-35,1.4681593831297993e-59,2.533902829049701e-21,1024,2.533902829049701e-21,1024,2.533902829049701e-21,0.0,2.1908902300206647e-12,4.404406948410451e-21,1.2986766571533386e-17,7.700146102510003e+27,2.875343869512782e-88,5.237068767221307e-46,1.0,1.4156644042415874e-54,1.6441664175862417e-57,True,True
1.7782794100389228e-12,0.1,zero,1.0,tree_eta,2.2383619599143746e-43,-1.0942687833372485e-48,3.739731944558652e-43,4.534679551665681e-46,1.0,1.0,1.4249182747913625e-21,3.7252734392199936e-35,8.256066930998568e-59,1.4249182747913997e-21,1024,1.4249182747913997e-21,1024,1.4249182747913997e-21,0.0,3.896014985701187e-12,2.4767800400467145e-21,1.2986766571533386e-17,7.700146102510003e+27,2.875343869512782e-88,5.237068767221307e-46,1.0,7.960865971060202e-55,9.245827220989158e-58,True,True
3.1622776601683794e-12,0.1,zero,1.0,tree_eta,7.078322021207937e-44,-1.0942687833372484e-47,1.182607078329588e-43,1.4339915842254744e-46,1.0,1.0,8.012904309341209e-22,3.7252734392199936e-35,4.6427276188379545e-58,8.012904309341582e-22,1024,8.012904309341582e-22,1024,8.012904309341582e-22,0.0,6.92820323027551e-12,1.3927957699248753e-21,1.2986766571533386e-17,7.700146102510003e+27,2.875343869512782e-88,5.237068767221307e-46,1.0,4.4767239198287496e-55,5.199310731932047e-58,True,True
5.6234132519034904e-12,0.1,zero,1.0,tree_eta,2.238361959914375e-44,-1.094268783337248e-46,3.7397319445586527e-44,4.53467955166568e-47,1.0,1.0,4.505987227938394e-22,3.7252734392199936e-35,2.610797601675168e-57,4.505987227938766e-22,1024,4.505987227938766e-22,1024,4.505987227938766e-22,0.0,1.2320281152964092e-11,7.83226618979067e-22,1.2986766571533386e-17,7.700146102510003e+27,2.875343869512782e-88,5.237068767221307e-46,1.0,2.517446861587833e-55,2.9237872870710712e-58,True,True
1e-11,0.1,zero,1.0,tree_eta,7.078322021207937e-45,-1.0942687833372481e-45,1.182607078329588e-44,1.4339915842254743e-47,1.0,1.0,2.5339028290496644e-22,3.7252734392199936e-35,1.4681593831297997e-56,2.5339028290500373e-22,1024,2.533902829050037e-22,1024,2.5339028290500373e-22,0.0,2.1908902300206645e-11,4.404406948410451e-22,1.2986766571533386e-17,7.700146102510003e+27,2.875343869512782e-88,5.237068767221307e-46,1.0,1.4156644042415875e-55,1.6441664175862417e-58,True,True
1.7782794100389227e-11,0.1,zero,1.0,tree_eta,2.2383619599143752e-45,-1.094268783337248e-44,3.739731944558653e-45,4.5346795516656813e-48,1.0,1.0,1.4249182747913628e-22,3.7252734392199936e-35,8.256066930998566e-56,1.4249182747917354e-22,1024,1.4249182747917354e-22,1024,1.4249182747917354e-22,0.0,3.896014985701187e-11,2.4767800400467146e-22,1.2986766571533386e-17,7.700146102510003e+27,2.875343869512782e-88,5.237068767221307e-46,1.0,7.960865971060204e-56,9.245827220989162e-59,True,True
3.1622776601683794e-11,0.1,zero,1.0,tree_eta,7.078322021207937e-46,-1.0942687833372484e-43,1.182607078329588e-45,1.4339915842254743e-48,1.0,1.0,8.012904309341209e-23,3.7252734392199936e-35,4.6427276188379544e-55,8.012904309344934e-23,1024,8.012904309344934e-23,1024,8.012904309344934e-23,0.0,6.92820323027551e-11,1.3927957699248752e-22,1.2986766571533386e-17,7.700146102510003e+27,2.875343869512782e-88,5.237068767221307e-46,1.0,4.47672391982875e-56,5.199310731932047e-59,True,True
5.6234132519034906e-11,0.1,zero,1.0,tree_eta,2.238361959914375e-46,-1.0942687833372483e-42,3.739731944558654e-46,4.534679551665681e-49,1.0,1.0,4.5059872279383935e-23,3.7252734392199936e-35,2.610797601675168e-54,4.5059872279421187e-23,1024,4.5059872279421187e-23,1024,4.5059872279421187e-23,0.0,1.2320281152964093e-10,7.832266189790668e-23,1.2986766571533386e-17,7.700146102510003e+27,2.875343869512782e-88,5.237068767221307e-46,1.0,2.5174468615878335e-56,2.9237872870710715e-59,True,True
1e-10,0.1,zero,1.0,tree_eta,7.078322021207937e-47,-1.0942687833372484e-41,1.182607078329588e-46,1.4339915842254741e-49,1.0,1.0,2.533902829049664e-23,3.7252734392199947e-35,1.4681593831297996e-53,2.5339028290533892e-23,1024,2.5339028290533892e-23,1024,2.5339028290533892e-23,0.0,2.1908902300206648e-10,4.4044069484104505e-23,1.2986766571533386e-17,7.700146102510003e+27,2.875343869512783e-88,5.237068767221307e-46,1.0,1.4156644042415874e-56,1.6441664175862415e-59,True,True
1.778279410038923e-10,0.1,zero,1.0,tree_eta,2.2383619599143743e-47,-1.0942687833372484e-40,3.739731944558652e-47,4.53467955166568e-50,1.0,1.0,1.4249182747913624e-23,3.7252734392199936e-35,8.256066930998571e-53,1.4249182747950875e-23,1024,1.4249182747950875e-23,1024,1.4249182747950875e-23,0.0,3.896014985701188e-10,2.476780040046714e-23,1.2986766571533386e-17,7.700146102510003e+27,2.875343869512782e-88,5.237068767221307e-46,1.0,7.960865971060201e-57,9.245827220989158e-60,True,True
3.1622776601683795e-10,0.1,zero,1.0,tree_eta,7.078322021207937e-48,-1.0942687833372485e-39,1.182607078329588e-47,1.433991584225474e-50,1.0,1.0,8.012904309341208e-24,3.7252734392199936e-35,4.6427276188379546e-52,8.012904309378461e-24,1024,8.012904309378461e-24,1024,8.012904309378461e-24,0.0,6.92820323027551e-10,1.392795769924875e-23,1.2986766571533386e-17,7.700146102510003e+27,2.875343869512782e-88,5.237068767221307e-46,1.0,4.4767239198287494e-57,5.199310731932047e-60,True,True
5.623413251903491e-10,0.1,zero,1.0,tree_eta,2.2383619599143745e-48,-1.0942687833372482e-38,3.739731944558652e-48,4.5346795516656796e-51,1.0,1.0,4.505987227938393e-24,3.7252734392199936e-35,2.6107976016751683e-51,4.505987227975646e-24,1024,4.505987227975646e-24,1024,4.505987227975646e-24,0.0,1.2320281152964093e-09,7.832266189790669e-24,1.2986766571533386e-17,7.700146102510003e+27,2.875343869512782e-88,5.237068767221307e-46,1.0,2.5174468615878328e-57,2.923787287071071e-60,True,True
1e-09,0.1,zero,1.0,tree_eta,7.078322021207935e-49,-1.0942687833372486e-37,1.1826070783295877e-48,1.433991584225474e-51,1.0,1.0,2.533902829049663e-24,3.7252734392199936e-35,1.4681593831297993e-50,2.5339028290869157e-24,1024,2.5339028290869157e-24,1024,2.5339028290869157e-24,0.0,2.1908902300206647e-09,4.40440694841045e-24,1.2986766571533386e-17,7.700146102510003e+27,2.8753438695127816e-88,5.237068767221307e-46,1.0,1.4156644042415872e-57,1.6441664175862416e-60,True,True
1.7782794100389228e-09,0.1,zero,1.0,tree_eta,2.238361959914375e-49,-1.0942687833372483e-36,3.739731944558653e-49,4.5346795516656805e-52,1.0,1.0,1.4249182747913628e-24,3.7252734392199947e-35,8.256066930998569e-50,1.4249182748286155e-24,1024,1.4249182748286155e-24,1024,1.4249182748286155e-24,0.0,3.896014985701188e-09,2.476780040046714e-24,1.2986766571533386e-17,7.700146102510003e+27,2.875343869512783e-88,5.237068767221307e-46,1.0,7.960865971060203e-58,9.245827220989161e-61,True,True
3.1622776601683795e-09,0.1,zero,1.0,tree_eta,7.078322021207936e-50,-1.0942687833372483e-35,1.182607078329588e-49,1.4339915842254739e-52,1.0,1.0,8.012904309341208e-25,3.7252734392199936e-35,4.642727618837953e-49,8.012904309713735e-25,1024,8.012904309713735e-25,1024,8.012904309713735e-25,0.0,6.92820323027551e-09,1.3927957699248752e-24,1.2986766571533386e-17,7.700146102510003e+27,2.875343869512782e-88,5.237068767221307e-46,1.0,4.476723919828749e-58,5.199310731932046e-61,True,True
5.623413251903491e-09,0.1,zero,1.0,tree_eta,2.238361959914375e-50,-1.0942687833372485e-34,3.739731944558653e-50,4.53467955166568e-53,1.0,1.0,4.505987227938394e-25,3.7252734392199936e-35,2.610797601675169e-48,4.505987228310921e-25,1024,4.505987228310921e-25,1024,4.505987228310921e-25,0.0,1.2320281152964092e-08,7.832266189790669e-25,1.2986766571533386e-17,7.700146102510003e+27,2.875343869512782e-88,5.237068767221307e-46,1.0,2.5174468615878333e-58,2.9237872870710714e-61,True,True
1e-08,0.1,zero,1.0,tree_eta,7.078322021207936e-51,-1.0942687833372483e-33,1.1826070783295877e-50,1.4339915842254741e-53,1.0,1.0,2.533902829049664e-25,3.7252734392199936e-35,1.4681593831297995e-47,2.533902829422191e-25,1024,2.5339028294221913e-25,1024,2.533902829422191e-25,0.0,2.1908902300206648e-08,4.404406948410451e-25,1.2986766571533386e-17,7.700146102510003e+27,2.875343869512782e-88,5.237068767221307e-46,1.0,1.4156644042415872e-58,1.6441664175862415e-61,True,True
1.7782794100389228e-08,0.1,zero,1.0,tree_eta,2.238361959914375e-51,-1.0942687833372484e-32,3.7397319445586534e-51,4.534679551665681e-54,1.0,1.0,1.4249182747913626e-25,3.7252734392199936e-35,8.256066930998569e-47,1.4249182751638899e-25,1024,1.4249182751638899e-25,1024,1.4249182751638899e-25,0.0,3.896014985701187e-08,2.476780040046714e-25,1.2986766571533386e-17,7.700146102510003e+27,2.875343869512782e-88,5.237068767221307e-46,1.0,7.960865971060203e-59,9.24582722098916e-62,True,True
3.162277660168379e-08,0.1,zero,1.0,tree_eta,7.078322021207936e-52,-1.0942687833372481e-31,1.1826070783295879e-51,1.4339915842254743e-54,1.0,1.0,8.012904309341208e-26,3.7252734392199936e-35,4.642727618837952e-46,8.012904313066482e-26,1024,8.012904313066482e-26,1024,8.012904313066482e-26,0.0,6.928203230275509e-08,1.3927957699248753e-25,1.2986766571533386e-17,7.700146102510003e+27,2.875343869512782e-88,5.237068767221307e-46,1.0,4.476723919828749e-59,5.1993107319320455e-62,True,True
5.6234132519034905e-08,0.1,zero,1.0,tree_eta,2.2383619599143747e-52,-1.094268783337248e-30,3.739731944558653e-52,4.53467955166568e-55,1.0,1.0,4.505987227938394e-26,3.7252734392199936e-35,2.6107976016751684e-45,4.5059872316636675e-26,1024,4.5059872316636675e-26,1024,4.5059872316636675e-26,0.0,1.2320281152964094e-07,7.832266189790668e-26,1.2986766571533386e-17,7.700146102510003e+27,2.875343869512782e-88,5.237068767221307e-46,1.0,2.517446861587833e-59,2.9237872870710708e-62,True,True
1e-07,0.1,zero,1.0,tree_eta,7.078322021207937e-53,-1.094268783337248e-29,1.1826070783295881e-52,1.4339915842254743e-55,1.0,1.0,2.533902829049664e-26,3.7252734392199936e-35,1.468159383129799e-44,2.5339028327749372e-26,1024,2.5339028327749372e-26,1024,2.5339028327749372e-26,0.0,2.1908902300206643e-07,4.4044069484104515e-26,1.2986766571533386e-17,7.700146102510003e+27,2.875343869512782e-88,5.237068767221307e-46,1.0,1.4156644042415873e-59,1.6441664175862416e-62,True,True
1.7782794100389227e-07,0.1,zero,1.0,tree_eta,2.2383619599143753e-53,-1.094268783337248e-28,3.7397319445586534e-53,4.534679551665681e-56,1.0,1.0,1.4249182747913626e-26,3.7252734392199947e-35,8.256066930998567e-44,1.424918278516636e-26,1024,1.424918278516636e-26,1024,1.424918278516636e-26,0.0,3.896014985701187e-07,2.4767800400467146e-26,1.2986766571533386e-17,7.700146102510003e+27,2.875343869512783e-88,5.237068767221307e-46,1.0,7.960865971060204e-60,9.245827220989161e-63,True,True
3.162277660168379e-07,0.1,zero,1.0,tree_eta,7.078322021207937e-54,-1.094268783337248e-27,1.182607078329588e-53,1.4339915842254742e-56,1.0,1.0,8.012904309341207e-27,3.7252734392199936e-35,4.642727618837952e-43,8.012904346593942e-27,1024,8.012904346593942e-27,1024,8.012904346593942e-27,0.0,6.92820323027551e-07,1.392795769924875e-26,1.2986766571533386e-17,7.700146102510003e+27,2.875343869512782e-88,5.237068767221307e-46,1.0,4.4767239198287496e-60,5.199310731932047e-63,True,True
5.62341325190349e-07,0.1,zero,1.0,tree_eta,2.238361959914375e-54,-1.0942687833372481e-26,3.7397319445586526e-54,4.5346795516656814e-57,1.0,1.0,4.505987227938395e-27,3.7252734392199936e-35,2.610797601675168e-42,4.505987265191127e-27,1024,4.5059872651911324e-27,1024,4.505987265191127e-27,0.0,1.2320281152964093e-06,7.832266189790669e-27,1.2986766571533386e-17,7.700146102510003e+27,2.875343869512782e-88,5.237068767221307e-46,1.0,2.517446861587833e-60,2.9237872870710714e-63,True,True
1e-06,0.1,zero,1.0,tree_eta,7.078322021207936e-55,-1.0942687833372479e-25,1.1826070783295877e-54,1.4339915842254743e-57,1.0,1.0,2.533902829049664e-27,3.725273439219993e-35,1.4681593831297996e-41,2.5339028663023836e-27,1024,2.533902866302413e-27,1024,2.5339028663023836e-27,0.0,2.1908902300206646e-06,4.404406948410451e-27,1.2986766571533386e-17,7.700146102510003e+27,2.875343869512781e-88,5.237068767221307e-46,1.0,1.415664404241587e-60,1.6441664175862413e-63,True,True
1.7782794100389227e-06,0.1,zero,1.0,tree_eta,2.238361959914375e-55,-1.0942687833372481e-24,3.739731944558653e-55,4.53467955166568e-58,1.0,1.0,1.424918274791363e-27,3.7252734392199947e-35,8.256066930998567e-41,1.4249183120440147e-27,1024,1.4249183120441799e-27,1024,1.4249183120440147e-27,0.0,3.8960149857011875e-06,2.4767800400467143e-27,1.2986766571533386e-17,7.700146102510003e+27,2.875343869512783e-88,5.237068767221307e-46,1.0,7.960865971060204e-61,9.245827220989162e-64,True,True
3.162277660168379e-06,0.1,zero,1.0,tree_eta,7.0783220212079365e-56,-1.0942687833372482e-23,1.1826070783295878e-55,1.4339915842254742e-58,1.0,1.0,8.012904309341208e-28,3.7252734392199936e-35,4.642727618837954e-40,8.01290468186391e-28,1024,8.012904681873195e-28,1024,8.01290468186391e-28,0.0,6.928203230275509e-06,1.3927957699248752e-27,1.2986766571533386e-17,7.700146102510003e+27,2.875343869512782e-88,5.237068767221307e-46,1.0,4.476723919828749e-61,5.199310731932046e-64,True,True
5.623413251903491e-06,0.1,zero,1.0,tree_eta,2.2383619599143744e-56,-1.0942687833372487e-22,3.739731944558652e-56,4.5346795516656795e-59,1.0,1.0,4.505987227938393e-28,3.7252734392199936e-35,2.6107976016751693e-39,4.50598760043963e-28,1024,4.505987600491845e-28,1024,4.50598760043963e-28,0.0,1.2320281152964094e-05,7.832266189790668e-28,1.2986766571533386e-17,7.700146102510003e+27,2.875343869512782e-88,5.237068767221307e-46,1.0,2.5174468615878327e-61,2.9237872870710705e-64,True,True
9.999999999999999e-06,0.1,zero,1.0,tree_eta,7.078322021207938e-57,-1.094268783337248e-21,1.1826070783295881e-56,1.4339915842254744e-59,1.0,1.0,2.5339028290496637e-28,3.7252734392199936e-35,1.468159383129799e-38,2.533903201430191e-28,1024,2.5339032017238235e-28,1024,2.533903201430191e-28,0.0,2.1908902300206645e-05,4.404406948410451e-28,1.2986766571533386e-17,7.700146102510003e+27,2.875343869512782e-88,5.237068767221307e-46,1.0,1.4156644042415874e-61,1.644166417586242e-64,True,True
1.778279410038923e-05,0.1,zero,1.0,tree_eta,2.2383619599143747e-57,-1.0942687833372485e-20,3.7397319445586527e-57,4.53467955166568e-60,1.0,1.0,1.4249182747913627e-28,3.7252734392199947e-35,8.25606693099857e-38,1.4249186464930998e-28,1024,1.4249186481443132e-28,1024,1.4249186464930998e-28,0.0,3.896014985701188e-05,2.4767800400467144e-28,1.2986766571533386e-17,7.700146102510003e+27,2.875343869512783e-88,5.237068767221307e-46,1.0,7.960865971060202e-62,9.24582722098916e-65,True,True
3.1622776601683795e-05,0.1,zero,1.0,tree_eta,7.078322021207936e-58,-1.0942687833372486e-19,1.1826070783295879e-57,1.4339915842254738e-60,1.0,1.0,8.012904309341209e-29,3.7252734392199936e-35,4.642727618837954e-37,8.012907988187371e-29,1024,8.012908081041924e-29,1024,8.012907988187371e-29,0.0,6.92820323027551e-05,1.3927957699248753e-28,1.2986766571533386e-17,7.700146102510003e+27,2.875343869512782e-88,5.237068767221307e-46,1.0,4.476723919828749e-62,5.199310731932047e-65,True,True
5.623413251903491e-05,0.1,zero,1.0,tree_eta,2.238361959914375e-58,-1.0942687833372482e-18,3.7397319445586534e-58,4.534679551665681e-61,1.0,1.0,4.505987227938394e-29,3.7252734392199936e-35,2.6107976016751683e-36,4.5059906921320727e-29,1024,4.5059912142915935e-29,1024,4.5059906921320727e-29,0.0,0.00012320281152964092,7.832266189790669e-29,1.2986766571533386e-17,7.700146102510003e+27,2.875343869512782e-88,5.237068767221307e-46,1.0,2.5174468615878334e-62,2.9237872870710713e-65,True,True
0.0001,0.1,zero,1.0,tree_eta,7.078322021207936e-59,-1.0942687833372485e-17,1.1826070783295878e-58,1.4339915842254741e-61,1.0,1.0,2.533902829049663e-29,3.7252734392199936e-35,1.4681593831297996e-35,2.533905086163719e-29,1024,2.5339080224824854e-29,1024,2.533905086163719e-29,0.0,0.00021908902300206645,4.404406948410451e-29,1.2986766571533386e-17,7.700146102510003e+27,2.875343869512782e-88,5.237068767221307e-46,1.0,1.4156644042415873e-62,1.6441664175862417e-65,True,True
0.00017782794100389227,0.1,zero,1.0,tree_eta,2.2383619599143752e-59,-1.094268783337248e-16,3.7397319445586535e-59,4.534679551665681e-62,1.0,1.0,1.424918274791363e-29,3.7252734392199947e-35,8.256066930998568e-35,1.4249137439978714e-29,1024,1.424930256131733e-29,1024,1.4249137439978714e-29,0.0,0.00038960149857011873,2.4767800400467144e-29,1.2986766571533386e-17,7.700146102510003e+27,2.875343869512783e-88,5.237068767221307e-46,1.0,7.960865971060204e-63,9.245827220989162e-66,True,True
0.00031622776601683794,0.1,zero,1.0,tree_eta,7.078322021207937e-60,-1.0942687833372486e-15,1.1826070783295878e-59,1.4339915842254741e-62,1.0,1.0,8.012904309341207e-30,3.7252734392199936e-35,4.642727618837954e-34,8.012477289313715e-30,1024,8.013405834837482e-30,1024,8.012477289313715e-30,0.0,0.0006928203230275509,1.3927957699248753e-29,1.2986766571533386e-17,7.700146102510003e+27,2.875343869512782e-88,5.237068767221307e-46,1.0,4.4767239198287494e-63,5.199310731932047e-66,True,True
0.0005623413251903491,0.1,zero,1.0,tree_eta,2.2383619599143748e-60,-1.0942687833372485e-14,3.7397319445586527e-60,4.5346795516656797e-63,1.0,1.0,4.505987227938394e-30,3.7252734392199936e-35,2.610797601675169e-33,4.503413683071111e-30,1024,4.508635278274461e-30,1024,4.503413683071111e-30,0.0,0.0012320281152964094,7.832266189790668e-30,1.2986766571533386e-17,7.700146102510003e+27,2.875343869512782e-88,5.237068767221307e-46,1.0,2.5174468615878334e-63,2.9237872870710713e-66,True,True
0.001,0.1,zero,1.0,tree_eta,7.078322021207937e-61,-1.0942687833372487e-13,1.182607078329588e-60,1.4339915842254742e-63,1.0,1.0,2.533902829049664e-30,3.7252734392199936e-35,1.4681593831297995e-32,2.519258487952758e-30,1024,2.548621675615354e-30,1024,2.519258487952758e-30,0.0,0.0021908902300206644,4.404406948410451e-30,1.2986766571533386e-17,7.700146102510003e+27,2.875343869512782e-88,5.237068767221307e-46,1.0,1.4156644042415875e-63,1.6441664175862418e-66,True,True
0.0017782794100389228,0.1,zero,1.0,tree_eta,2.238361959914375e-61,-1.0942687833372481e-12,3.739731944558653e-61,4.5346795516656805e-64,1.0,1.0,1.4249182747913628e-30,3.7252734392199947e-35,8.256066930998567e-32,1.3423948582157694e-30,1024,1.5075161968357406e-30,1024,1.3423948582157694e-30,0.0,0.003896014985701187,2.4767800400467147e-30,1.2986766571533386e-17,7.700146102510003e+27,2.875343869512783e-88,5.237068767221307e-46,1.0,7.960865971060203e-64,9.245827220989161e-67,True,True
0.0031622776601683794,0.1,zero,1.0,tree_eta,7.078322021207936e-62,-1.0942687833372484e-11,1.1826070783295878e-61,1.4339915842254741e-64,1.0,1.0,8.012904309341208e-31,3.7252734392199936e-35,4.642727618837953e-31,3.370549217847177e-31,1024,1.2656004455523084e-30,1024,3.370549217847177e-31,0.0,0.0069282032302755096,1.3927957699248753e-30,1.2986766571533386e-17,7.700146102510003e+27,2.875343869512782e-88,5.237068767221307e-46,1.0,4.4767239198287495e-64,5.1993107319320465e-67,True,True
0.005623413251903491,0.1,zero,1.0,tree_eta,2.2383619599143747e-62,-1.0942687833372484e-10,3.7397319445586524e-62,4.53467955166568e-65,1.0,1.0,4.5059872279383935e-31,3.7252734392199947e-35,2.610797601675169e-30,2.1601616261469373e-30,1024,3.0614335772034005e-30,1024,2.1601616261469373e-30,0.0,0.012320281152964092,7.832266189790669e-31,1.2986766571533386e-17,7.700146102510003e+27,2.875343869512783e-88,5.237068767221307e-46,1.0,2.517446861587833e-64,2.923787287071071e-67,True,True
0.01,0.1,zero,1.0,tree_eta,7.078322021207937e-63,-1.0942687833372483e-09,1.182607078329588e-62,1.433991584225474e-65,1.0,1.0,2.5339028290496633e-31,3.7252734392199936e-35,1.4681593831297997e-29,1.4428166295658639e-29,1024,1.4935021366937356e-29,1024,1.4428166295658639e-29,0.0,0.02190890230020665,4.40440694841045e-31,1.2986766571533386e-17,7.700146102510003e+27,2.875343869512782e-88,5.237068767221307e-46,1.0,1.4156644042415873e-64,1.6441664175862415e-67,True,True
0.01778279410038923,0.1,zero,1.0,tree_eta,2.2383619599143744e-63,-1.0942687833372485e-08,3.7397319445586524e-63,4.53467955166568e-66,1.0,1.0,1.4249182747913625e-31,3.7252734392199936e-35,8.25606693099857e-29,8.241814022977218e-29,1024,8.270319839019923e-29,1024,8.241814022977218e-29,0.0,0.03896014985701188,2.476780040046714e-31,1.2986766571533386e-17,7.700146102510003e+27,2.875343869512782e-88,5.237068767221307e-46,1.0,7.960865971060202e-65,9.245827220989159e-68,True,True
0.03162277660168379,0.1,zero,1.0,tree_eta,7.078322021207938e-64,-1.094268783337248e-07,1.1826070783295881e-63,1.4339915842254745e-66,1.0,1.0,8.012904309341207e-32,3.7252734392199936e-35,4.6427276188379515e-28,4.641925955879673e-28,1024,4.64352928179623e-28,1024,4.641925955879673e-28,0.0,0.06928203230275509,1.3927957699248754e-31,1.2986766571533386e-17,7.700146102510003e+27,2.875343869512782e-88,5.237068767221307e-46,1.0,4.47672391982875e-65,5.199310731932047e-68,True,True
0.056234132519034905,0.1,zero,1.0,tree_eta,2.238361959914375e-64,-1.094268783337248e-06,3.739731944558654e-64,4.534679551665681e-67,1.0,1.0,4.505987227938394e-32,3.7252734392199936e-35,2.6107976016751683e-27,2.6107525045501545e-27,1024,2.610842698800182e-27,1024,2.6107525045501545e-27,0.0,0.12320281152964092,7.832266189790668e-32,1.2986766571533386e-17,7.700146102510003e+27,2.875343869512782e-88,5.237068767221307e-46,1.0,2.5174468615878333e-65,2.9237872870710714e-68,True,True
0.1,0.1,zero,1.0,tree_eta,7.078322021207935e-65,-1.0942687833372485e-05,1.1826070783295877e-64,1.4339915842254742e-67,1.0,1.0,2.5339028290496636e-32,3.7252734392199936e-35,1.4681593831298e-26,1.4681568455016975e-26,1024,1.4681619207579024e-26,1024,1.4681568455016975e-26,0.0,0.21908902300206648,4.4044069484104506e-32,1.2986766571533386e-17,7.700146102510003e+27,2.875343869512782e-88,5.237068767221307e-46,1.0,1.415664404241587e-65,1.6441664175862415e-68,True,True
0.1778279410038923,0.1,zero,1.0,tree_eta,2.2383619599143746e-65,-0.00010942687833372486,3.7397319445586523e-65,4.534679551665679e-68,1.0,1.0,1.4249182747913627e-32,3.7252734392199947e-35,8.256066930998571e-26,8.256065502355023e-26,1024,8.25606835964212e-26,1024,8.256065502355023e-26,0.0,0.3896014985701188,2.476780040046714e-32,1.2986766571533386e-17,7.700146102510003e+27,2.875343869512783e-88,5.237068767221307e-46,1.0,7.960865971060202e-66,9.245827220989159e-69,True,True
0.31622776601683794,0.1,zero,1.0,tree_eta,7.078322021207937e-66,-0.0010942687833372484,1.182607078329588e-65,1.433991584225474e-68,1.0,1.0,8.012904309341207e-33,3.7252734392199936e-35,4.642727618837953e-25,4.642727538336382e-25,1024,4.642727699339524e-25,1024,4.642727538336382e-25,0.0,0.692820323027551,1.392795769924875e-32,1.2986766571533386e-17,7.700146102510003e+27,2.875343869512782e-88,5.237068767221307e-46,1.0,4.47672391982875e-66,5.199310731932047e-69,True,True
0.5623413251903491,0.1,zero,1.0,tree_eta,2.238361959914375e-66,-0.010942687833372482,3.739731944558653e-66,4.53467955166568e-69,1.0,1.0,4.505987227938393e-33,3.7252734392199936e-35,2.6107976016751686e-24,2.610797597131929e-24,1024,2.6107976062184087e-24,1024,2.610797597131929e-24,0.0,1.2320281152964092,7.83226618979067e-33,1.2986766571533386e-17,7.700146102510003e+27,2.875343869512782e-88,5.237068767221307e-46,1.0,2.5174468615878334e-66,2.9237872870710714e-69,True,True
1.0,0.1,zero,1.0,tree_eta,7.078322021207937e-67,-0.10942687833372483,1.182607078329588e-66,1.4339915842254743e-69,1.0,1.0,2.5339028290496644e-33,3.7252734392199947e-35,1.4681593831297992e-23,1.4681593828726836e-23,1024,1.4681593833869148e-23,1024,1.4681593828726836e-23,0.0,2.1908902300206647,4.4044069484104505e-33,1.2986766571533386e-17,7.700146102510003e+27,2.875343869512783e-88,5.237068767221307e-46,1.0,1.4156644042415875e-66,1.644166417586242e-69,True,True
1.7782794100389228,0.1,zero,1.0,tree_eta,2.238361959914375e-67,-1.094268783337248,3.739731944558653e-67,4.534679551665681e-70,1.0,1.0,1.424918274791363e-33,3.7252734392199947e-35,8.25606693099857e-23,8.256066930852352e-23,1024,8.256066931144787e-23,1024,8.256066930852352e-23,0.0,3.8960149857011874,2.4767800400467145e-33,1.2986766571533386e-17,7.700146102510003e+27,2.8753438695127833e-88,5.237068767221307e-46,1.0,7.960865971060203e-67,9.24582722098916e-70,True,True
3.1622776601683795,0.1,zero,1.0,tree_eta,7.078322021207935e-68,-10.942687833372485,1.1826070783295877e-67,1.433991584225474e-70,1.0,1.0,8.01290430934121e-34,3.7252734392199936e-35,4.642727618837955e-22,4.64272761882957e-22,1024,4.642727618846341e-22,1024,4.64272761882957e-22,0.0,6.9282032302755105,1.3927957699248751e-33,1.2986766571533386e-17,7.700146102510003e+27,2.875343869512782e-88,5.237068767221307e-46,1.0,4.476723919828749e-67,5.1993107319320454e-70,True,True
5.62341325190349,0.1,zero,1.0,tree_eta,2.238361959914375e-68,-109.4268783337248,3.739731944558653e-68,4.534679551665681e-71,1.0,1.0,4.5059872279383945e-34,3.7252734392199936e-35,2.6107976016751682e-21,2.6107976016746804e-21,1024,2.610797601675656e-21,1024,2.6107976016746804e-21,0.0,12.320281152964093,7.832266189790669e-34,1.2986766571533386e-17,7.700146102510003e+27,2.8753438695127816e-88,5.237068767221307e-46,1.0,2.517446861587833e-67,2.923787287071071e-70,True,True
10.0,0.1,zero,1.0,tree_eta,7.078322021207937e-69,-1094.2687833372484,1.182607078329588e-68,1.4339915842254742e-71,1.0,1.0,2.533902829049664e-34,3.7252734392199936e-35,1.4681593831297996e-20,1.4681593831297704e-20,1024,1.4681593831298288e-20,1024,1.4681593831297704e-20,0.0,21.908902300206645,4.404406948410451e-34,1.2986766571533386e-17,7.700146102510003e+27,2.875343869512782e-88,5.237068767221307e-46,1.0,1.4156644042415874e-67,1.6441664175862416e-70,True,True
17.78279410038923,0.1,zero,1.0,tree_eta,2.2383619599143744e-69,-10942.687833372485,3.739731944558652e-69,4.53467955166568e-72,1.0,1.0,1.4249182747913626e-34,3.7252734392199936e-35,8.25606693099857e-20,8.256066930998552e-20,1024,8.256066930998588e-20,1024,8.256066930998552e-20,0.0,38.96014985701188,2.476780040046714e-34,1.2986766571533386e-17,7.700146102510003e+27,2.8753438695127816e-88,5.237068767221307e-46,1.0,7.960865971060201e-68,9.245827220989159e-71,True,True
31.622776601683793,0.1,zero,1.0,tree_eta,7.078322021207938e-70,-109426.87833372482,1.1826070783295881e-69,1.4339915842254742e-72,1.0,1.0,8.012904309341209e-35,3.7252734392199936e-35,4.642727618837953e-19,4.642727618837952e-19,1024,4.642727618837954e-19,1024,4.642727618837952e-19,0.0,69.2820323027551,1.3927957699248752e-34,1.2986766571533386e-17,7.700146102510003e+27,2.875343869512782e-88,5.237068767221307e-46,1.0,4.47672391982875e-68,5.199310731932047e-71,True,True
56.23413251903491,0.1,zero,1.0,tree_eta,2.238361959914375e-70,-1094268.7833372485,3.739731944558653e-70,4.534679551665681e-73,1.0,1.0,4.5059872279383945e-35,3.7252734392199936e-35,2.610797601675169e-18,2.610797601675169e-18,1024,2.610797601675169e-18,1024,2.610797601675169e-18,0.0,123.20281152964093,7.832266189790668e-35,1.2986766571533386e-17,7.700146102510003e+27,2.875343869512782e-88,5.237068767221307e-46,1.0,2.5174468615878333e-68,2.9237872870710715e-71,True,True
100.0,0.1,zero,1.0,tree_eta,7.078322021207937e-71,-10942687.833372483,1.1826070783295879e-70,1.4339915842254742e-73,1.0,1.0,2.5339028290496643e-35,3.7252734392199936e-35,1.4681593831297994e-17,1.4681593831297994e-17,1024,1.4681593831297994e-17,1024,1.4681593831297994e-17,0.0,219.08902300206645,4.404406948410451e-35,1.2986766571533386e-17,7.700146102510003e+27,2.875343869512782e-88,5.237068767221307e-46,1.0,1.4156644042415873e-68,1.6441664175862418e-71,True,True
177.82794100389228,0.1,zero,1.0,tree_eta,2.2383619599143752e-71,-109426878.33372484,3.739731944558654e-71,4.53467955166568e-74,1.0,1.0,1.424918274791363e-35,3.7252734392199947e-35,8.256066930998568e-17,8.256066930998568e-17,1024,8.256066930998568e-17,1024,8.256066930998568e-17,0.0,389.60149857011874,2.4767800400467146e-35,1.2986766571533386e-17,7.700146102510003e+27,2.875343869512783e-88,5.237068767221307e-46,1.0,7.960865971060204e-69,9.24582722098916e-72,True,True
316.2277660168379,0.1,zero,1.0,tree_eta,7.078322021207939e-72,-1094268783.3372478,1.1826070783295883e-71,1.4339915842254744e-74,1.0,1.0,8.012904309341208e-36,3.7252734392199947e-35,4.642727618837953e-16,4.642727618837953e-16,1024,4.642727618837953e-16,1024,4.642727618837953e-16,0.0,692.8203230275509,1.3927957699248754e-35,1.2986766571533386e-17,7.700146102510003e+27,2.875343869512783e-88,5.237068767221307e-46,1.0,4.4767239198287503e-69,5.199310731932048e-72,True,True
562.341325190349,0.1,zero,1.0,tree_eta,2.2383619599143748e-72,-10942687833.37248,3.739731944558653e-72,4.534679551665681e-75,1.0,1.0,4.5059872279383936e-36,3.7252734392199936e-35,2.6107976016751684e-15,2.6107976016751684e-15,1024,2.6107976016751684e-15,1024,2.6107976016751684e-15,0.0,1232.0281152964092,7.832266189790669e-36,1.2986766571533386e-17,7.700146102510003e+27,2.875343869512782e-88,5.237068767221307e-46,1.0,2.517446861587833e-69,2.923787287071071e-72,True,True
1000.0,0.1,zero,1.0,tree_eta,7.078322021207937e-73,-109426878333.72484,1.1826070783295882e-72,1.4339915842254743e-75,1.0,1.0,2.5339028290496642e-36,3.7252734392199936e-35,1.4681593831297994e-14,1.4681593831297994e-14,1024,1.4681593831297994e-14,1024,1.4681593831297994e-14,0.0,2190.8902300206646,4.404406948410451e-36,1.2986766571533386e-17,7.700146102510003e+27,2.875343869512782e-88,5.237068767221307e-46,1.0,1.4156644042415875e-69,1.644166417586242e-72,True,True
1778.2794100389228,0.1,zero,1.0,tree_eta,2.2383619599143748e-73,-1094268783337.2484,3.739731944558652e-73,4.53467955166568e-76,1.0,1.0,1.424918274791363e-36,3.7252734392199936e-35,8.25606693099857e-14,8.25606693099857e-14,1024,8.25606693099857e-14,1024,8.25606693099857e-14,0.0,3896.0149857011875,2.4767800400467144e-36,1.2986766571533386e-17,7.700146102510003e+27,2.875343869512782e-88,5.237068767221307e-46,1.0,7.960865971060203e-70,9.245827220989161e-73,True,True
3162.2776601683795,0.1,zero,1.0,tree_eta,7.078322021207937e-74,-10942687833372.484,1.182607078329588e-73,1.433991584225474e-76,1.0,1.0,8.012904309341209e-37,3.7252734392199947e-35,4.642727618837955e-13,4.642727618837955e-13,1024,4.642727618837955e-13,1024,4.642727618837955e-13,0.0,6928.203230275511,1.3927957699248751e-36,1.2986766571533386e-17,7.700146102510003e+27,2.875343869512783e-88,5.237068767221307e-46,1.0,4.47672391982875e-70,5.1993107319320475e-73,True,True
5623.413251903491,0.1,zero,1.0,tree_eta,2.2383619599143743e-74,-109426878333724.84,3.739731944558652e-74,4.53467955166568e-77,1.0,1.0,4.505987227938394e-37,3.7252734392199936e-35,2.6107976016751687e-12,2.6107976016751687e-12,1024,2.6107976016751687e-12,1024,2.6107976016751687e-12,0.0,12320.281152964093,7.832266189790669e-37,1.2986766571533386e-17,7.700146102510003e+27,2.875343869512782e-88,5.237068767221307e-46,1.0,2.5174468615878326e-70,2.9237872870710704e-73,True,True
10000.0,0.1,zero,1.0,tree_eta,7.078322021207937e-75,-1094268783337248.4,1.1826070783295878e-74,1.4339915842254744e-77,1.0,1.0,2.5339028290496638e-37,3.7252734392199936e-35,1.468159383129799e-11,1.468159383129799e-11,1024,1.468159383129799e-11,1024,1.468159383129799e-11,0.0,21908.902300206646,4.4044069484104505e-37,1.2986766571533386e-17,7.700146102510003e+27,2.875343869512782e-88,5.237068767221307e-46,1.0,1.4156644042415874e-70,1.6441664175862418e-73,True,True
17782.794100389227,0.1,zero,1.0,tree_eta,2.238361959914375e-75,-1.094268783337248e+16,3.7397319445586535e-75,4.53467955166568e-78,1.0,1.0,1.4249182747913632e-37,3.7252734392199936e-35,8.256066930998568e-11,8.256066930998568e-11,1024,8.256066930998568e-11,1024,8.256066930998568e-11,0.0,38960.14985701187,2.4767800400467144e-37,1.2986766571533386e-17,7.700146102510003e+27,2.875343869512782e-88,5.237068767221307e-46,1.0,7.960865971060203e-71,9.24582722098916e-74,True,True
31622.776601683792,0.1,zero,1.0,tree_eta,7.078322021207937e-76,-1.0942687833372483e+17,1.182607078329588e-75,1.4339915842254744e-78,1.0,1.0,8.012904309341209e-38,3.7252734392199936e-35,4.642727618837953e-10,4.642727618837953e-10,1024,4.642727618837953e-10,1024,4.642727618837953e-10,0.0,69282.03230275509,1.3927957699248754e-37,1.2986766571533386e-17,7.700146102510003e+27,2.875343869512782e-88,5.237068767221307e-46,1.0,4.47672391982875e-71,5.199310731932047e-74,True,True
56234.13251903491,0.1,zero,1.0,tree_eta,2.2383619599143746e-76,-1.0942687833372484e+18,3.7397319445586527e-76,4.53467955166568e-79,1.0,1.0,4.505987227938394e-38,3.7252734392199936e-35,2.6107976016751687e-09,2.6107976016751687e-09,1024,2.6107976016751687e-09,1024,2.6107976016751687e-09,0.0,123202.81152964092,7.832266189790669e-38,1.2986766571533386e-17,7.700146102510003e+27,2.875343869512782e-88,5.237068767221307e-46,1.0,2.5174468615878328e-71,2.9237872870710707e-74,True,True
100000.0,0.1,zero,1.0,tree_eta,7.078322021207937e-77,-1.0942687833372484e+19,1.182607078329588e-76,1.433991584225474e-79,1.0,1.0,2.5339028290496643e-38,3.7252734392199947e-35,1.4681593831297993e-08,1.4681593831297993e-08,1024,1.4681593831297993e-08,1024,1.4681593831297993e-08,0.0,219089.02300206647,4.404406948410451e-38,1.2986766571533386e-17,7.700146102510003e+27,2.875343869512783e-88,5.237068767221307e-46,1.0,1.4156644042415873e-71,1.6441664175862416e-74,True,True
177827.94100389228,0.1,zero,1.0,tree_eta,2.238361959914375e-77,-1.0942687833372482e+20,3.739731944558653e-77,4.53467955166568e-80,1.0,1.0,1.4249182747913626e-38,3.7252734392199936e-35,8.256066930998568e-08,8.256066930998568e-08,1024,8.256066930998568e-08,1024,8.256066930998568e-08,0.0,389601.49857011874,2.476780040046714e-38,1.2986766571533386e-17,7.700146102510003e+27,2.875343869512782e-88,5.237068767221307e-46,1.0,7.960865971060203e-72,9.245827220989161e-75,True,True
316227.7660168379,0.1,zero,1.0,tree_eta,7.078322021207937e-78,-1.0942687833372477e+21,1.182607078329588e-77,1.433991584225474e-80,1.0,1.0,8.012904309341209e-39,3.7252734392199936e-35,4.6427276188379526e-07,4.6427276188379526e-07,1024,4.6427276188379526e-07,1024,4.6427276188379526e-07,0.0,692820.3230275509,1.3927957699248754e-38,1.2986766571533386e-17,7.700146102510003e+27,2.875343869512782e-88,5.237068767221307e-46,1.0,4.4767239198287496e-72,5.199310731932048e-75,True,True
562341.3251903491,0.1,zero,1.0,tree_eta,2.2383619599143744e-78,-1.0942687833372488e+22,3.739731944558652e-78,4.53467955166568e-81,1.0,1.0,4.505987227938393e-39,3.7252734392199936e-35,2.6107976016751697e-06,2.6107976016751697e-06,1024,2.6107976016751697e-06,1024,2.6107976016751697e-06,0.0,1232028.1152964095,7.832266189790668e-39,1.2986766571533386e-17,7.700146102510003e+27,2.875343869512782e-88,5.237068767221307e-46,1.0,2.517446861587833e-72,2.923787287071071e-75,True,True
1000000.0,0.1,zero,1.0,tree_eta,7.078322021207937e-79,-1.0942687833372484e+23,1.182607078329588e-78,1.4339915842254743e-81,1.0,1.0,2.5339028290496645e-39,3.7252734392199947e-35,1.4681593831297998e-05,1.4681593831297998e-05,1024,1.4681593831297998e-05,1024,1.4681593831297998e-05,0.0,2190890.2300206646,4.404406948410451e-39,1.2986766571533386e-17,7.700146102510003e+27,2.875343869512783e-88,5.237068767221307e-46,1.0,1.4156644042415874e-72,1.6441664175862418e-75,True,True
1778279.410038923,0.1,zero,1.0,tree_eta,2.2383619599143745e-79,-1.0942687833372486e+24,3.7397319445586524e-79,4.53467955166568e-82,1.0,1.0,1.4249182747913625e-39,3.7252734392199947e-35,8.25606693099857e-05,8.25606693099857e-05,1024,8.25606693099857e-05,1024,8.25606693099857e-05,0.0,3896014.985701188,2.476780040046714e-39,1.2986766571533386e-17,7.700146102510003e+27,2.875343869512783e-88,5.237068767221307e-46,1.0,7.960865971060202e-73,9.24582722098916e-76,True,True
3162277.660168379,0.1,zero,1.0,tree_eta,7.078322021207939e-80,-1.094268783337248e+25,1.1826070783295884e-79,1.4339915842254742e-82,1.0,1.0,8.012904309341209e-40,3.7252734392199947e-35,0.0004642727618837952,0.0004642727618837952,1024,0.0004642727618837952,1024,0.0004642727618837952,0.0,6928203.230275509,1.3927957699248754e-39,1.2986766571533386e-17,7.700146102510003e+27,2.875343869512783e-88,5.237068767221307e-46,1.0,4.476723919828751e-73,5.199310731932048e-76,True,True
5623413.251903491,0.1,zero,1.0,tree_eta,2.2383619599143742e-80,-1.0942687833372486e+26,3.739731944558652e-80,4.5346795516656794e-83,1.0,1.0,4.505987227938393e-40,3.7252734392199936e-35,0.002610797601675169,0.002610797601675169,1024,0.002610797601675169,1024,0.002610797601675169,0.0,12320281.152964093,7.832266189790668e-40,1.2986766571533386e-17,7.700146102510003e+27,2.875343869512782e-88,5.237068767221307e-46,1.0,2.5174468615878326e-73,2.9237872870710704e-76,True,True
10000000.0,0.1,zero,1.0,tree_eta,7.078322021207937e-81,-1.0942687833372484e+27,1.1826070783295879e-80,1.4339915842254744e-83,1.0,1.0,2.5339028290496635e-40,3.7252734392199936e-35,0.014681593831297992,0.014681593831297992,1024,0.014681593831297992,1024,0.014681593831297992,0.0,21908902.300206646,4.4044069484104506e-40,1.2986766571533386e-17,7.700146102510003e+27,2.875343869512782e-88,5.237068767221307e-46,1.0,1.4156644042415874e-73,1.6441664175862418e-76,True,True
17782794.100389227,0.1,zero,1.0,tree_eta,2.238361959914375e-81,-1.0942687833372482e+28,3.7397319445586533e-81,4.534679551665681e-84,1.0,1.0,1.424918274791363e-40,3.7252734392199947e-35,0.08256066930998571,0.08256066930998571,1024,0.08256066930998571,1024,0.08256066930998571,0.0,38960149.85701187,2.4767800400467144e-40,1.2986766571533386e-17,7.700146102510003e+27,2.875343869512783e-88,5.237068767221307e-46,1.0,7.960865971060203e-74,9.245827220989162e-77,True,True
31622776.60168379,0.1,zero,1.0,tree_eta,7.078322021207937e-82,-1.094268783337248e+29,1.182607078329588e-81,1.4339915842254745e-84,1.0,1.0,8.012904309341208e-41,3.7252734392199936e-35,0.4642727618837953,0.4642727618837953,1024,0.4642727618837953,1024,0.4642727618837953,0.0,69282032.30275509,1.3927957699248754e-40,1.2986766571533386e-17,7.700146102510003e+27,2.875343869512782e-88,5.237068767221307e-46,1.0,4.47672391982875e-74,5.199310731932048e-77,False,False
56234132.51903491,0.1,zero,1.0,tree_eta,2.2383619599143754e-82,-1.0942687833372481e+30,3.739731944558654e-82,4.53467955166568e-85,1.0,1.0,4.505987227938395e-41,3.7252734392199947e-35,2.610797601675168,2.610797601675168,1024,2.610797601675168,1024,2.610797601675168,0.0,123202811.52964093,7.832266189790669e-41,1.2986766571533386e-17,7.700146102510003e+27,2.875343869512783e-88,5.237068767221307e-46,1.0,2.5174468615878338e-74,2.923787287071072e-77,False,False
100000000.0,0.1,zero,1.0,tree_eta,7.078322021207937e-83,-1.0942687833372484e+31,1.182607078329588e-82,1.4339915842254743e-85,1.0,1.0,2.5339028290496637e-41,3.7252734392199936e-35,14.681593831297995,14.681593831297995,1024,14.681593831297995,1024,14.681593831297995,0.0,219089023.00206646,4.404406948410451e-41,1.2986766571533386e-17,7.700146102510003e+27,2.875343869512782e-88,5.237068767221307e-46,1.0,1.4156644042415875e-74,1.644166417586242e-77,False,False
177827941.00389227,0.1,zero,1.0,tree_eta,2.238361959914375e-83,-1.0942687833372482e+32,3.739731944558653e-83,4.5346795516656794e-86,1.0,1.0,1.4249182747913631e-41,3.7252734392199936e-35,82.56066930998568,82.56066930998568,1024,82.56066930998568,1024,82.56066930998568,0.0,389601498.5701187,2.4767800400467143e-41,1.2986766571533386e-17,7.700146102510003e+27,2.875343869512782e-88,5.237068767221307e-46,1.0,7.960865971060203e-75,9.24582722098916e-78,False,False
316227766.01683795,0.1,zero,1.0,tree_eta,7.078322021207935e-84,-1.0942687833372486e+33,1.1826070783295877e-83,1.433991584225474e-86,1.0,1.0,8.012904309341206e-42,3.7252734392199936e-35,464.2727618837954,464.2727618837954,1024,464.2727618837954,1024,464.2727618837954,0.0,692820323.027551,1.392795769924875e-41,1.2986766571533386e-17,7.700146102510003e+27,2.875343869512782e-88,5.237068767221307e-46,1.0,4.476723919828748e-75,5.199310731932046e-78,False,False
562341325.1903491,0.1,zero,1.0,tree_eta,2.238361959914374e-84,-1.0942687833372484e+34,3.7397319445586515e-84,4.53467955166568e-87,1.0,1.0,4.5059872279383934e-42,3.7252734392199936e-35,2610.797601675169,2610.797601675169,1024,2610.797601675169,1024,2610.797601675169,0.0,1232028115.2964091,7.83226618979067e-42,1.2986766571533386e-17,7.700146102510003e+27,2.8753438695127816e-88,5.237068767221307e-46,1.0,2.5174468615878324e-75,2.92378728707107e-78,False,False
1000000000.0,0.1,zero,1.0,tree_eta,7.078322021207936e-85,-1.0942687833372482e+35,1.182607078329588e-84,1.4339915842254743e-87,1.0,1.0,2.5339028290496637e-42,3.7252734392199936e-35,14681.593831297996,14681.593831297996,1024,14681.593831297996,1024,14681.593831297996,0.0,2190890230.0206647,4.404406948410451e-42,1.2986766571533386e-17,7.700146102510003e+27,2.875343869512782e-88,5.237068767221307e-46,1.0,1.4156644042415874e-75,1.6441664175862416e-78,False,False
1778279410.0389228,0.1,zero,1.0,tree_eta,2.238361959914375e-85,-1.0942687833372483e+36,3.739731944558653e-85,4.53467955166568e-88,1.0,1.0,1.4249182747913629e-42,3.7252734392199947e-35,82560.66930998568,82560.66930998568,1024,82560.66930998568,1024,82560.66930998568,0.0,3896014985.701187,2.4767800400467145e-42,1.2986766571533386e-17,7.700146102510003e+27,2.875343869512783e-88,5.237068767221307e-46,1.0,7.960865971060204e-76,9.245827220989163e-79,False,False
3162277660.1683793,0.1,zero,1.0,tree_eta,7.078322021207936e-86,-1.0942687833372482e+37,1.1826070783295879e-85,1.4339915842254744e-88,1.0,1.0,8.012904309341208e-43,3.7252734392199936e-35,464272.7618837953,464272.7618837953,1024,464272.7618837953,1024,464272.7618837953,0.0,6928203230.27551,1.3927957699248752e-42,1.2986766571533386e-17,7.700146102510003e+27,2.875343869512782e-88,5.237068767221307e-46,1.0,4.476723919828749e-76,5.199310731932047e-79,False,False
5623413251.903491,0.1,zero,1.0,tree_eta,2.238361959914375e-86,-1.0942687833372485e+38,3.739731944558653e-86,4.5346795516656794e-89,1.0,1.0,4.505987227938394e-43,3.7252734392199947e-35,2610797.601675168,2610797.601675168,1024,2610797.601675168,1024,2610797.601675168,0.0,12320281152.964092,7.832266189790668e-43,1.2986766571533386e-17,7.700146102510003e+27,2.875343869512783e-88,5.237068767221307e-46,1.0,2.5174468615878334e-76,2.9237872870710716e-79,False,False
10000000000.0,0.1,zero,1.0,tree_eta,7.078322021207937e-87,-1.0942687833372485e+39,1.182607078329588e-86,1.4339915842254742e-89,1.0,1.0,2.533902829049664e-43,3.7252734392199947e-35,14681593.831297994,14681593.831297994,1024,14681593.831297994,1024,14681593.831297994,0.0,21908902300.206646,4.404406948410451e-43,1.2986766571533386e-17,7.700146102510003e+27,2.875343869512783e-88,5.237068767221307e-46,1.0,1.4156644042415874e-76,1.6441664175862418e-79,False,False
17782794100.38923,0.1,zero,1.0,tree_eta,2.238361959914375e-87,-1.0942687833372486e+40,3.7397319445586527e-87,4.53467955166568e-90,1.0,1.0,1.4249182747913626e-43,3.7252734392199947e-35,82560669.30998568,82560669.30998568,1024,82560669.30998568,1024,82560669.30998568,0.0,38960149857.01187,2.4767800400467146e-43,1.2986766571533386e-17,7.700146102510003e+27,2.875343869512783e-88,5.237068767221307e-46,1.0,7.960865971060204e-77,9.245827220989161e-80,False,False
31622776601.683792,0.1,zero,1.0,tree_eta,7.078322021207937e-88,-1.0942687833372482e+41,1.182607078329588e-87,1.4339915842254744e-90,1.0,1.0,8.012904309341208e-44,3.7252734392199936e-35,464272761.88379514,464272761.88379514,1024,464272761.88379514,1024,464272761.88379514,0.0,69282032302.7551,1.3927957699248752e-43,1.2986766571533386e-17,7.700146102510003e+27,2.875343869512782e-88,5.237068767221307e-46,1.0,4.47672391982875e-77,5.199310731932047e-80,False,False
56234132519.034904,0.1,zero,1.0,tree_eta,2.238361959914375e-88,-1.094268783337248e+42,3.739731944558653e-88,4.5346795516656805e-91,1.0,1.0,4.505987227938394e-44,3.7252734392199947e-35,2610797601.675168,2610797601.675168,1024,2610797601.675168,1024,2610797601.675168,0.0,123202811529.64091,7.83226618979067e-44,1.6000061542920687e-17,7.700146102510003e+27,2.875343869512783e-88,5.237068767221307e-46,1.0,2.517446861587833e-77,2.923787287071071e-80,False,False
100000000000.0,0.1,zero,1.0,tree_eta,7.078322021207937e-89,-1.0942687833372483e+43,1.1826070783295879e-88,1.4339915842254744e-91,1.0,1.0,2.5339028290496645e-44,3.7252734392199936e-35,14681593831.297997,14681593831.297997,1024,14681593831.297997,1024,14681593831.297997,0.0,219089023002.06647,4.4044069484104505e-44,2.845258000113146e-17,7.700146102510003e+27,2.875343869512782e-88,5.237068767221307e-46,1.0,1.4156644042415872e-77,1.6441664175862415e-80,False,False
177827941003.89227,0.1,zero,1.0,tree_eta,2.2383619599143747e-89,-1.094268783337248e+44,3.739731944558652e-89,4.53467955166568e-92,1.0,1.0,1.4249182747913627e-44,3.7252734392199936e-35,82560669309.98569,82560669309.98569,1024,82560669309.98569,1024,82560669309.98569,0.0,389601498570.1187,2.4767800400467146e-44,5.0596637178497304e-17,7.700146102510003e+27,2.875343869512782e-88,5.237068767221307e-46,1.0,7.960865971060202e-78,9.24582722098916e-81,False,False
316227766016.83795,0.1,zero,1.0,tree_eta,7.078322021207936e-90,-1.0942687833372485e+45,1.1826070783295878e-89,1.4339915842254742e-92,1.0,1.0,8.012904309341207e-45,3.7252734392199936e-35,464272761883.79535,464272761883.79535,1024,464272761883.79535,1024,464272761883.79535,0.0,692820323027.551,1.392795769924875e-44,8.997495811173162e-17,7.700146102510003e+27,2.875343869512782e-88,5.237068767221307e-46,1.0,4.476723919828749e-78,5.199310731932046e-81,False,False
562341325190.3491,0.1,zero,1.0,tree_eta,2.2383619599143746e-90,-1.0942687833372485e+46,3.7397319445586523e-90,4.534679551665679e-93,1.0,1.0,4.505987227938395e-45,3.7252734392199936e-35,2610797601675.17,2610797601675.17,1024,2610797601675.17,1024,2610797601675.17,0.0,1232028115296.4094,7.832266189790668e-45,1.6000061542920692e-16,7.700146102510003e+27,2.875343869512782e-88,5.237068767221307e-46,1.0,2.5174468615878333e-78,2.9237872870710715e-81,False,False
1000000000000.0,0.1,zero,1.0,tree_eta,7.078322021207936e-91,-1.0942687833372485e+47,1.1826070783295877e-90,1.4339915842254744e-93,1.0,1.0,2.533902829049664e-45,3.7252734392199936e-35,14681593831297.996,14681593831297.996,1024,14681593831297.996,1024,14681593831297.996,0.0,2190890230020.6646,4.404406948410451e-45,2.8452580001131456e-16,7.700146102510003e+27,2.875343869512782e-88,5.237068767221307e-46,1.0,1.4156644042415872e-78,1.6441664175862416e-81,False,False
1e-12,0.1,quadrature,1.0,tree_eta,7.078322021207937e-43,-1.0942687833372483e-49,1.1826070783295881e-42,1.433991584225474e-45,1.0,1.0,8.446342763498878e-22,3.7252734392199936e-35,4.8938646104326634e-60,8.446342763498878e-22,1024,8.44634276349925e-22,1024,3.725273675150629e-35,8.446342763498878e-22,2.1908902300206647e-12,4.404406948410451e-21,1.2986766571533386e-17,7.700146102510003e+27,2.875343869512782e-88,5.237068767221307e-46,1.0,1.4156644042415874e-54,1.6441664175862417e-57,True,True
1.7782794100389228e-12,0.1,quadrature,1.0,tree_eta,2.2383619599143746e-43,-1.0942687833372485e-48,3.739731944558652e-43,4.534679551665681e-46,1.0,1.0,4.749727582637875e-22,3.7252734392199936e-35,2.7520223103328564e-59,4.749727582637875e-22,1024,4.749727582638248e-22,1024,3.7252735138278113e-35,4.749727582637875e-22,3.896014985701187e-12,2.4767800400467145e-21,1.2986766571533386e-17,7.700146102510003e+27,2.875343869512782e-88,5.237068767221307e-46,1.0,7.960865971060202e-55,9.245827220989158e-58,True,True
3.1622776601683794e-12,0.1,quadrature,1.0,tree_eta,7.078322021207937e-44,-1.0942687833372484e-47,1.182607078329588e-43,1.4339915842254744e-46,1.0,1.0,2.6709681031137366e-22,3.7252734392199936e-35,1.5475758729459848e-58,2.6709681031137366e-22,1024,2.670968103114109e-22,1024,3.725273462813057e-35,2.6709681031137366e-22,6.92820323027551e-12,1.3927957699248753e-21,1.2986766571533386e-17,7.700146102510003e+27,2.875343869512782e-88,5.237068767221307e-46,1.0,4.4767239198287496e-55,5.199310731932047e-58,True,True
5.6234132519034904e-12,0.1,quadrature,1.0,tree_eta,2.238361959914375e-44,-1.094268783337248e-46,3.7397319445586527e-44,4.53467955166568e-47,1.0,1.0,1.5019957426461309e-22,3.7252734392199936e-35,8.702658672250558e-58,1.5019957426461309e-22,1024,1.5019957426465035e-22,1024,3.725273446680775e-35,1.5019957426461309e-22,1.2320281152964092e-11,7.83226618979067e-22,1.2986766571533386e-17,7.700146102510003e+27,2.875343869512782e-88,5.237068767221307e-46,1.0,2.517446861587833e-55,2.9237872870710712e-58,True,True
1e-11,0.1,quadrature,1.0,tree_eta,7.078322021207937e-45,-1.0942687833372481e-45,1.182607078329588e-44,1.4339915842254743e-47,1.0,1.0,8.446342763498883e-23,3.7252734392199936e-35,4.893864610432666e-57,8.446342763498883e-23,1024,8.446342763502609e-23,1024,3.7252734415792997e-35,8.446342763498883e-23,2.1908902300206645e-11,4.404406948410451e-22,1.2986766571533386e-17,7.700146102510003e+27,2.875343869512782e-88,5.237068767221307e-46,1.0,1.4156644042415875e-55,1.6441664175862417e-58,True,True
1.7782794100389227e-11,0.1,quadrature,1.0,tree_eta,2.2383619599143752e-45,-1.094268783337248e-44,3.739731944558653e-45,4.5346795516656813e-48,1.0,1.0,4.7497275826378766e-23,3.7252734392199936e-35,2.7520223103328555e-56,4.7497275826378766e-23,1024,4.749727582641602e-23,1024,3.7252734399660713e-35,4.7497275826378766e-23,3.896014985701187e-11,2.4767800400467146e-22,1.2986766571533386e-17,7.700146102510003e+27,2.875343869512782e-88,5.237068767221307e-46,1.0,7.960865971060204e-56,9.245827220989162e-59,True,True
3.1622776601683794e-11,0.1,quadrature,1.0,tree_eta,7.078322021207937e-46,-1.0942687833372484e-43,1.182607078329588e-45,1.4339915842254743e-48,1.0,1.0,2.670968103113736e-23,3.7252734392199936e-35,1.5475758729459849e-55,2.670968103113736e-23,1024,2.6709681031174614e-23,1024,3.7252734394559244e-35,2.670968103113736e-23,6.92820323027551e-11,1.3927957699248752e-22,1.2986766571533386e-17,7.700146102510003e+27,2.875343869512782e-88,5.237068767221307e-46,1.0,4.47672391982875e-56,5.199310731932047e-59,True,True
5.6234132519034906e-11,0.1,quadrature,1.0,tree_eta,2.238361959914375e-46,-1.0942687833372483e-42,3.739731944558654e-46,4.534679551665681e-49,1.0,1.0,1.5019957426461313e-23,3.7252734392199936e-35,8.70265867225056e-55,1.5019957426461313e-23,1024,1.5019957426498564e-23,1024,3.725273439294601e-35,1.5019957426461313e-23,1.2320281152964093e-10,7.832266189790668e-23,1.2986766571533386e-17,7.700146102510003e+27,2.875343869512782e-88,5.237068767221307e-46,1.0,2.5174468615878335e-56,2.9237872870710715e-59,True,True
1e-10,0.1,quadrature,1.0,tree_eta,7.078322021207937e-47,-1.0942687833372484e-41,1.182607078329588e-46,1.4339915842254741e-49,1.0,1.0,8.446342763498879e-24,3.7252734392199947e-35,4.8938646104326657e-54,8.446342763498879e-24,1024,8.446342763536132e-24,1024,3.7252734392435877e-35,8.446342763498879e-24,2.1908902300206648e-10,4.4044069484104505e-23,1.2986766571533386e-17,7.700146102510003e+27,2.875343869512783e-88,5.237068767221307e-46,1.0,1.4156644042415874e-56,1.6441664175862415e-59,True,True
1.778279410038923e-10,0.1,quadrature,1.0,tree_eta,2.2383619599143743e-47,-1.0942687833372484e-40,3.739731944558652e-47,4.53467955166568e-50,1.0,1.0,4.749727582637875e-24,3.7252734392199936e-35,2.752022310332857e-53,4.749727582637875e-24,1024,4.749727582675128e-24,1024,3.7252734392274544e-35,4.749727582637875e-24,3.896014985701188e-10,2.476780040046714e-23,1.2986766571533386e-17,7.700146102510003e+27,2.875343869512782e-88,5.237068767221307e-46,1.0,7.960865971060201e-57,9.245827220989158e-60,True,True
3.1622776601683795e-10,0.1,quadrature,1.0,tree_eta,7.078322021207937e-48,-1.0942687833372485e-39,1.182607078329588e-47,1.433991584225474e-50,1.0,1.0,2.6709681031137354e-24,3.7252734392199936e-35,1.5475758729459846e-52,2.6709681031137354e-24,1024,2.6709681031509883e-24,1024,3.725273439222353e-35,2.6709681031137354e-24,6.92820323027551e-10,1.392795769924875e-23,1.2986766571533386e-17,7.700146102510003e+27,2.875343869512782e-88,5.237068767221307e-46,1.0,4.4767239198287494e-57,5.199310731932047e-60,True,True
5.623413251903491e-10,0.1,quadrature,1.0,tree_eta,2.2383619599143745e-48,-1.0942687833372482e-38,3.739731944558652e-48,4.5346795516656796e-51,1.0,1.0,1.5019957426461311e-24,3.7252734392199936e-35,8.702658672250561e-52,1.5019957426461311e-24,1024,1.5019957426833838e-24,1024,3.72527343922074e-35,1.5019957426461311e-24,1.2320281152964093e-09,7.832266189790669e-24,1.2986766571533386e-17,7.700146102510003e+27,2.875343869512782e-88,5.237068767221307e-46,1.0,2.5174468615878328e-57,2.923787287071071e-60,True,True
1e-09,0.1,quadrature,1.0,tree_eta,7.078322021207935e-49,-1.0942687833372486e-37,1.1826070783295877e-48,1.433991584225474e-51,1.0,1.0,8.446342763498877e-25,3.7252734392199936e-35,4.893864610432665e-51,8.446342763498877e-25,1024,8.446342763871404e-25,1024,3.7252734392202294e-35,8.446342763498877e-25,2.1908902300206647e-09,4.40440694841045e-24,1.2986766571533386e-17,7.700146102510003e+27,2.8753438695127816e-88,5.237068767221307e-46,1.0,1.4156644042415872e-57,1.6441664175862416e-60,True,True
1.7782794100389228e-09,0.1,quadrature,1.0,tree_eta,2.238361959914375e-49,-1.0942687833372483e-36,3.739731944558653e-49,4.5346795516656805e-52,1.0,1.0,4.749727582637876e-25,3.7252734392199947e-35,2.7520223103328567e-50,4.749727582637876e-25,1024,4.749727583010403e-25,1024,3.725273439220069e-35,4.749727582637876e-25,3.896014985701188e-09,2.476780040046714e-24,1.2986766571533386e-17,7.700146102510003e+27,2.875343869512783e-88,5.237068767221307e-46,1.0,7.960865971060203e-58,9.245827220989161e-61,True,True
3.1622776601683795e-09,0.1,quadrature,1.0,tree_eta,7.078322021207936e-50,-1.0942687833372483e-35,1.182607078329588e-49,1.4339915842254739e-52,1.0,1.0,2.6709681031137363e-25,3.7252734392199936e-35,1.5475758729459845e-49,2.6709681031137363e-25,1024,2.6709681034862637e-25,1024,3.7252734392200166e-35,2.6709681031137363e-25,6.92820323027551e-09,1.3927957699248752e-24,1.2986766571533386e-17,7.700146102510003e+27,2.875343869512782e-88,5.237068767221307e-46,1.0,4.476723919828749e-58,5.199310731932046e-61,True,True
5.623413251903491e-09,0.1,quadrature,1.0,tree_eta,2.238361959914375e-50,-1.0942687833372485e-34,3.739731944558653e-50,4.53467955166568e-53,1.0,1.0,1.5019957426461317e-25,3.7252734392199936e-35,8.702658672250565e-49,1.5019957426461317e-25,1024,1.501995743018659e-25,1024,3.7252734392200006e-35,1.5019957426461317e-25,1.2320281152964092e-08,7.832266189790669e-25,1.2986766571533386e-17,7.700146102510003e+27,2.875343869512782e-88,5.237068767221307e-46,1.0,2.5174468615878333e-58,2.9237872870710714e-61,True,True
1e-08,0.1,quadrature,1.0,tree_eta,7.078322021207936e-51,-1.0942687833372483e-33,1.1826070783295877e-50,1.4339915842254741e-53,1.0,1.0,8.446342763498878e-26,3.7252734392199936e-35,4.893864610432665e-48,8.446342763498878e-26,1024,8.446342767224152e-26,1024,3.725273439219996e-35,8.446342763498878e-26,2.1908902300206648e-08,4.404406948410451e-25,1.2986766571533386e-17,7.700146102510003e+27,2.875343869512782e-88,5.237068767221307e-46,1.0,1.4156644042415872e-58,1.6441664175862415e-61,True,True
1.7782794100389228e-08,0.1,quadrature,1.0,tree_eta,2.238361959914375e-51,-1.0942687833372484e-32,3.7397319445586534e-51,4.534679551665681e-54,1.0,1.0,4.7497275826378754e-26,3.7252734392199936e-35,2.7520223103328564e-47,4.7497275826378754e-26,1024,4.749727586363149e-26,1024,3.725273439219994e-35,4.7497275826378754e-26,3.896014985701187e-08,2.476780040046714e-25,1.2986766571533386e-17,7.700146102510003e+27,2.875343869512782e-88,5.237068767221307e-46,1.0,7.960865971060203e-59,9.24582722098916e-62,True,True
3.162277660168379e-08,0.1,quadrature,1.0,tree_eta,7.078322021207936e-52,-1.0942687833372481e-31,1.1826070783295879e-51,1.4339915842254743e-54,1.0,1.0,2.670968103113736e-26,3.7252734392199936e-35,1.5475758729459843e-46,2.670968103113736e-26,1024,2.6709681068390095e-26,1024,3.7252734392199936e-35,2.670968103113736e-26,6.928203230275509e-08,1.3927957699248753e-25,1.2986766571533386e-17,7.700146102510003e+27,2.875343869512782e-88,5.237068767221307e-46,1.0,4.476723919828749e-59,5.1993107319320455e-62,True,True
5.6234132519034905e-08,0.1,quadrature,1.0,tree_eta,2.2383619599143747e-52,-1.094268783337248e-30,3.739731944558653e-52,4.53467955166568e-55,1.0,1.0,1.501995742646131e-26,3.7252734392199936e-35,8.702658672250561e-46,1.501995742646131e-26,1024,1.5019957463714044e-26,1024,3.7252734392199936e-35,1.501995742646131e-26,1.2320281152964094e-07,7.832266189790668e-26,1.2986766571533386e-17,7.700146102510003e+27,2.875343869512782e-88,5.237068767221307e-46,1.0,2.517446861587833e-59,2.9237872870710708e-62,True,True
1e-07,0.1,quadrature,1.0,tree_eta,7.078322021207937e-53,-1.094268783337248e-29,1.1826070783295881e-52,1.4339915842254743e-55,1.0,1.0,8.44634276349888e-27,3.7252734392199936e-35,4.893864610432663e-45,8.44634276349888e-27,1024,8.446342800751615e-27,1024,3.7252734392199936e-35,8.44634276349888e-27,2.1908902300206643e-07,4.4044069484104515e-26,1.2986766571533386e-17,7.700146102510003e+27,2.875343869512782e-88,5.237068767221307e-46,1.0,1.4156644042415873e-59,1.6441664175862416e-62,True,True
1.7782794100389227e-07,0.1,quadrature,1.0,tree_eta,2.2383619599143753e-53,-1.094268783337248e-28,3.7397319445586534e-53,4.534679551665681e-56,1.0,1.0,4.749727582637876e-27,3.7252734392199947e-35,2.7520223103328557e-44,4.749727582637876e-27,1024,4.749727619890611e-27,1024,3.7252734392199947e-35,4.749727582637876e-27,3.896014985701187e-07,2.4767800400467146e-26,1.2986766571533386e-17,7.700146102510003e+27,2.875343869512783e-88,5.237068767221307e-46,1.0,7.960865971060204e-60,9.245827220989161e-63,True,True
3.162277660168379e-07,0.1,quadrature,1.0,tree_eta,7.078322021207937e-54,-1.094268783337248e-27,1.182607078329588e-53,1.4339915842254742e-56,1.0,1.0,2.6709681031137364e-27,3.7252734392199936e-35,1.5475758729459844e-43,2.6709681031137368e-27,1024,2.6709681403664707e-27,1024,3.7252734392199936e-35,2.6709681031137364e-27,6.92820323027551e-07,1.392795769924875e-26,1.2986766571533386e-17,7.700146102510003e+27,2.875343869512782e-88,5.237068767221307e-46,1.0,4.4767239198287496e-60,5.199310731932047e-63,True,True
5.62341325190349e-07,0.1,quadrature,1.0,tree_eta,2.238361959914375e-54,-1.0942687833372481e-26,3.7397319445586526e-54,4.5346795516656814e-57,1.0,1.0,1.5019957426461316e-27,3.7252734392199936e-35,8.70265867225056e-43,1.501995742646131e-27,1024,1.5019957798988668e-27,1024,3.7252734392199936e-35,1.5019957426461307e-27,1.2320281152964093e-06,7.832266189790669e-27,1.2986766571533386e-17,7.700146102510003e+27,2.875343869512782e-88,5.237068767221307e-46,1.0,2.517446861587833e-60,2.9237872870710714e-63,True,True
1e-06,0.1,quadrature,1.0,tree_eta,7.078322021207936e-55,-1.0942687833372479e-25,1.1826070783295877e-54,1.4339915842254743e-57,1.0,1.0,8.446342763498878e-28,3.725273439219993e-35,4.893864610432665e-42,8.446342763498839e-28,1024,8.44634313602627e-28,1024,3.725273439219993e-35,8.44634276349883e-28,2.1908902300206646e-06,4.404406948410451e-27,1.2986766571533386e-17,7.700146102510003e+27,2.875343869512781e-88,5.237068767221307e-46,1.0,1.415664404241587e-60,1.6441664175862413e-63,True,True
1.7782794100389227e-06,0.1,quadrature,1.0,tree_eta,2.238361959914375e-55,-1.0942687833372481e-24,3.739731944558653e-55,4.53467955166568e-58,1.0,1.0,4.749727582637877e-28,3.7252734392199947e-35,2.7520223103328553e-41,4.749727582637616e-28,1024,4.7497279551654965e-28,1024,3.7252734392199947e-35,4.749727582637602e-28,3.8960149857011875e-06,2.4767800400467143e-27,1.2986766571533386e-17,7.700146102510003e+27,2.875343869512783e-88,5.237068767221307e-46,1.0,7.960865971060204e-61,9.245827220989162e-64,True,True
3.162277660168379e-06,0.1,quadrature,1.0,tree_eta,7.0783220212079365e-56,-1.0942687833372482e-23,1.1826070783295878e-55,1.4339915842254742e-58,1.0,1.0,2.6709681031137367e-28,3.7252734392199936e-35,1.5475758729459847e-40,2.6709681031122148e-28,1024,2.6709684756426283e-28,1024,3.7252734392199936e-35,2.670968103112189e-28,6.928203230275509e-06,1.3927957699248752e-27,1.2986766571533386e-17,7.700146102510003e+27,2.875343869512782e-88,5.237068767221307e-46,1.0,4.476723919828749e-61,5.199310731932046e-64,True,True
5.623413251903491e-06,0.1,quadrature,1.0,tree_eta,2.2383619599143744e-56,-1.0942687833372487e-22,3.739731944558652e-56,4.5346795516656795e-59,1.0,1.0,1.5019957426461313e-28,3.7252734392199936e-35,8.702658672250565e-40,1.5019957426374749e-28,1024,1.5019961151821778e-28,1024,3.7252734392199936e-35,1.5019957426374287e-28,1.2320281152964094e-05,7.832266189790668e-28,1.2986766571533386e-17,7.700146102510003e+27,2.875343869512782e-88,5.237068767221307e-46,1.0,2.5174468615878327e-61,2.9237872870710705e-64,True,True
9.999999999999999e-06,0.1,quadrature,1.0,tree_eta,7.078322021207938e-57,-1.094268783337248e-21,1.1826070783295881e-56,1.4339915842254744e-59,1.0,1.0,8.446342763498879e-29,3.7252734392199936e-35,4.893864610432664e-39,8.446342763010315e-29,1024,8.446346489261705e-29,1024,3.7252734392199936e-35,8.446342763009493e-29,2.1908902300206645e-05,4.404406948410451e-28,1.2986766571533386e-17,7.700146102510003e+27,2.875343869512782e-88,5.237068767221307e-46,1.0,1.4156644042415874e-61,1.644166417586242e-64,True,True
1.778279410038923e-05,0.1,quadrature,1.0,tree_eta,2.2383619599143747e-57,-1.0942687833372485e-20,3.7397319445586527e-57,4.53467955166568e-60,1.0,1.0,4.749727582637876e-29,3.7252734392199947e-35,2.752022310332857e-38,4.749727579887314e-29,1024,4.7497313106633375e-29,1024,3.7252734392199947e-35,4.7497275798858535e-29,3.896014985701188e-05,2.4767800400467144e-28,1.2986766571533386e-17,7.700146102510003e+27,2.875343869512783e-88,5.237068767221307e-46,1.0,7.960865971060202e-62,9.24582722098916e-65,True,True
3.1622776601683795e-05,0.1,quadrature,1.0,tree_eta,7.078322021207936e-58,-1.0942687833372486e-19,1.1826070783295879e-57,1.4339915842254738e-60,1.0,1.0,2.670968103113736e-29,3.7252734392199936e-35,1.5475758729459844e-37,2.670968087640575e-29,1024,2.670971843862934e-29,1024,3.7252734392199936e-35,2.670968087637977e-29,6.92820323027551e-05,1.3927957699248753e-28,1.2986766571533386e-17,7.700146102510003e+27,2.875343869512782e-88,5.237068767221307e-46,1.0,4.476723919828749e-62,5.199310731932047e-65,True,True
5.623413251903491e-05,0.1,quadrature,1.0,tree_eta,2.238361959914375e-58,-1.0942687833372482e-18,3.7397319445586534e-58,4.534679551665681e-61,1.0,1.0,1.501995742646131e-29,3.7252734392199936e-35,8.70265867225056e-37,1.5019956556241637e-29,1024,1.501999554946157e-29,1024,3.7252734392199936e-35,1.5019956556195442e-29,0.00012320281152964092,7.832266189790669e-29,1.2986766571533386e-17,7.700146102510003e+27,2.875343869512782e-88,5.237068767221307e-46,1.0,2.5174468615878334e-62,2.9237872870710713e-65,True,True
0.0001,0.1,quadrature,1.0,tree_eta,7.078322021207936e-59,-1.0942687833372485e-17,1.1826070783295878e-58,1.4339915842254741e-61,1.0,1.0,8.446342763498878e-30,3.7252734392199936e-35,4.8938646104326645e-36,8.446337869716418e-30,1024,8.44638491009788e-30,1024,3.7252734392199936e-35,8.446337869634266e-30,0.00021908902300206645,4.404406948410451e-29,1.2986766571533386e-17,7.700146102510003e+27,2.875343869512782e-88,5.237068767221307e-46,1.0,1.4156644042415873e-62,1.6441664175862417e-65,True,True
0.00017782794100389227,0.1,quadrature,1.0,tree_eta,2.2383619599143752e-59,-1.094268783337248e-16,3.7397319445586535e-59,4.534679551665681e-62,1.0,1.0,4.749727582637877e-30,3.7252734392199947e-35,2.7520223103328563e-35,4.749700062560864e-30,1024,4.749792355595372e-30,1024,3.7252734392199947e-35,4.7497000624147734e-30,0.00038960149857011873,2.4767800400467144e-29,1.2986766571533386e-17,7.700146102510003e+27,2.875343869512783e-88,5.237068767221307e-46,1.0,7.960865971060204e-63,9.245827220989162e-66,True,True
0.00031622776601683794,0.1,quadrature,1.0,tree_eta,7.078322021207937e-60,-1.0942687833372486e-15,1.1826070783295878e-59,1.4339915842254741e-62,1.0,1.0,2.670968103113736e-30,3.7252734392199936e-35,1.5475758729459846e-34,2.6708133457862435e-30,1024,2.671160113435423e-30,1024,3.7252734392199936e-35,2.6708133455264413e-30,0.0006928203230275509,1.3927957699248753e-29,1.2986766571533386e-17,7.700146102510003e+27,2.875343869512782e-88,5.237068767221307e-46,1.0,4.4767239198287494e-63,5.199310731932047e-66,True,True
0.0005623413251903491,0.1,quadrature,1.0,tree_eta,2.2383619599143748e-60,-1.0942687833372485e-14,3.7397319445586527e-60,4.5346795516656797e-63,1.0,1.0,1.5019957426461312e-30,3.7252734392199936e-35,8.702658672250562e-34,1.5011254772411481e-30,1024,1.5029032612477485e-30,1024,3.7252734392199936e-35,1.5011254767789063e-30,0.0012320281152964094,7.832266189790668e-30,1.2986766571533386e-17,7.700146102510003e+27,2.875343869512782e-88,5.237068767221307e-46,1.0,2.5174468615878334e-63,2.9237872870710713e-66,True,True
0.001,0.1,quadrature,1.0,tree_eta,7.078322021207937e-61,-1.0942687833372487e-13,1.182607078329588e-60,1.4339915842254742e-63,1.0,1.0,8.44634276349888e-31,3.7252734392199936e-35,4.893864610432665e-33,8.39740412565762e-31,1024,8.495653936947128e-31,1024,3.7252734392199936e-35,8.397404117394552e-31,0.0021908902300206644,4.404406948410451e-30,1.2986766571533386e-17,7.700146102510003e+27,2.875343869512782e-88,5.237068767221307e-46,1.0,1.4156644042415875e-63,1.6441664175862418e-66,True,True
0.0017782794100389228,0.1,quadrature,1.0,tree_eta,2.238361959914375e-61,-1.0942687833372481e-12,3.739731944558653e-61,4.5346795516656805e-64,1.0,1.0,4.749727582637878e-31,3.7252734392199947e-35,2.7520223103328565e-32,4.474525367112004e-31,1024,5.025302341015086e-31,1024,3.7252734392199947e-35,4.474525351604592e-31,0.003896014985701187,2.4767800400467147e-30,1.2986766571533386e-17,7.700146102510003e+27,2.875343869512783e-88,5.237068767221307e-46,1.0,7.960865971060203e-64,9.245827220989161e-67,True,True
0.0031622776601683794,0.1,quadrature,1.0,tree_eta,7.078322021207936e-62,-1.0942687833372484e-11,1.1826070783295878e-61,1.4339915842254741e-64,1.0,1.0,2.670968103113736e-31,3.7252734392199936e-35,1.5475758729459845e-31,1.123392291934521e-31,1024,4.218916503403643e-31,1024,3.7252734392199936e-35,1.1233922301677513e-31,0.0069282032302755096,1.3927957699248753e-30,1.2986766571533386e-17,7.700146102510003e+27,2.875343869512782e-88,5.237068767221307e-46,1.0,4.4767239198287495e-64,5.1993107319320465e-67,True,True
0.005623413251903491,0.1,quadrature,1.0,tree_eta,2.2383619599143747e-62,-1.0942687833372484e-10,3.7397319445586524e-62,4.53467955166568e-65,1.0,1.0,1.501995742646131e-31,3.7252734392199947e-35,8.702658672250562e-31,7.200662939240808e-31,1024,1.0205026942240615e-30,1024,3.7252734392199947e-35,7.20066292960443e-31,0.012320281152964092,7.832266189790669e-31,1.2986766571533386e-17,7.700146102510003e+27,2.875343869512783e-88,5.237068767221307e-46,1.0,2.517446861587833e-64,2.923787287071071e-67,True,True
0.01,0.1,quadrature,1.0,tree_eta,7.078322021207937e-63,-1.0942687833372483e-09,1.182607078329588e-62,1.433991584225474e-65,1.0,1.0,8.446342763498879e-32,3.7252734392199936e-35,4.893864610432666e-30,4.809401182941954e-30,1024,4.978365290802047e-30,1024,3.7252734392199936e-35,4.809401182797678e-30,0.02190890230020665,4.40440694841045e-31,1.2986766571533386e-17,7.700146102510003e+27,2.875343869512782e-88,5.237068767221307e-46,1.0,1.4156644042415873e-64,1.6441664175862415e-67,True,True
0.01778279410038923,0.1,quadrature,1.0,tree_eta,2.2383619599143744e-63,-1.0942687833372485e-08,3.7397319445586524e-63,4.53467955166568e-66,1.0,1.0,4.749727582637875e-32,3.7252734392199936e-35,2.752022310332857e-29,2.747272582752745e-29,1024,2.756775763188934e-29,1024,3.7252734392199936e-35,2.747272582750219e-29,0.03896014985701188,2.476780040046714e-31,1.2986766571533386e-17,7.700146102510003e+27,2.875343869512782e-88,5.237068767221307e-46,1.0,7.960865971060202e-65,9.245827220989159e-68,True,True
0.03162277660168379,0.1,quadrature,1.0,tree_eta,7.078322021207938e-64,-1.094268783337248e-07,1.1826070783295881e-63,1.4339915842254745e-66,1.0,1.0,2.6709681031137363e-32,3.7252734392199936e-35,1.547575872945984e-28,1.5473087761357176e-28,1024,1.5478433422836393e-28,1024,3.7252734392199936e-35,1.5473087761356728e-28,0.06928203230275509,1.3927957699248754e-31,1.2986766571533386e-17,7.700146102510003e+27,2.875343869512782e-88,5.237068767221307e-46,1.0,4.47672391982875e-65,5.199310731932047e-68,True,True
0.056234132519034905,0.1,quadrature,1.0,tree_eta,2.238361959914375e-64,-1.094268783337248e-06,3.739731944558654e-64,4.534679551665681e-67,1.0,1.0,1.5019957426461313e-32,3.7252734392199936e-35,8.70265867225056e-28,8.702508472676303e-28,1024,8.702809244352168e-28,1024,3.7252734392199936e-35,8.702508472676295e-28,0.12320281152964092,7.832266189790668e-32,1.2986766571533386e-17,7.700146102510003e+27,2.875343869512782e-88,5.237068767221307e-46,1.0,2.5174468615878333e-65,2.9237872870710714e-68,True,True
0.1,0.1,quadrature,1.0,tree_eta,7.078322021207935e-65,-1.0942687833372485e-05,1.1826070783295877e-64,1.4339915842254742e-67,1.0,1.0,8.446342763498877e-33,3.7252734392199936e-35,4.893864610432666e-27,4.893856164089903e-27,1024,4.893873094028164e-27,1024,3.7252734392199936e-35,4.893856164089903e-27,0.21908902300206648,4.4044069484104506e-32,1.2986766571533386e-17,7.700146102510003e+27,2.875343869512782e-88,5.237068767221307e-46,1.0,1.415664404241587e-65,1.6441664175862415e-68,True,True
0.1778279410038923,0.1,quadrature,1.0,tree_eta,2.2383619599143746e-65,-0.00010942687833372486,3.7397319445586523e-65,4.534679551665679e-68,1.0,1.0,4.749727582637876e-33,3.7252734392199947e-35,2.7520223103328573e-26,2.7520218353600994e-26,1024,2.752022789030889e-26,1024,3.7252734392199947e-35,2.7520218353600994e-26,0.3896014985701188,2.476780040046714e-32,1.2986766571533386e-17,7.700146102510003e+27,2.875343869512783e-88,5.237068767221307e-46,1.0,7.960865971060202e-66,9.245827220989159e-69,True,True
0.31622776601683794,0.1,quadrature,1.0,tree_eta,7.078322021207937e-66,-0.0010942687833372484,1.182607078329588e-65,1.433991584225474e-68,1.0,1.0,2.6709681031137363e-33,3.7252734392199936e-35,1.5475758729459846e-25,1.5475758462363035e-25,1024,1.547575900028193e-25,1024,3.7252734392199936e-35,1.5475758462363035e-25,0.692820323027551,1.392795769924875e-32,1.2986766571533386e-17,7.700146102510003e+27,2.875343869512782e-88,5.237068767221307e-46,1.0,4.47672391982875e-66,5.199310731932047e-69,True,True
0.5623413251903491,0.1,quadrature,1.0,tree_eta,2.238361959914375e-66,-0.010942687833372482,3.739731944558653e-66,4.53467955166568e-69,1.0,1.0,1.501995742646131e-33,3.7252734392199936e-35,8.70265867225056e-25,8.702658657230603e-25,1024,8.702658687643046e-25,1024,3.7252734392199936e-35,8.702658657230603e-25,1.2320281152964092,7.83226618979067e-33,1.2986766571533386e-17,7.700146102510003e+27,2.875343869512782e-88,5.237068767221307e-46,1.0,2.5174468615878334e-66,2.9237872870710714e-69,True,True
1.0,0.1,quadrature,1.0,tree_eta,7.078322021207937e-67,-0.10942687833372483,1.182607078329588e-66,1.4339915842254743e-69,1.0,1.0,8.44634276349888e-34,3.7252734392199947e-35,4.8938646104326645e-24,4.89386460958803e-24,1024,4.893864611314551e-24,1024,3.7252734392199947e-35,4.89386460958803e-24,2.1908902300206647,4.4044069484104505e-33,1.2986766571533386e-17,7.700146102510003e+27,2.875343869512783e-88,5.237068767221307e-46,1.0,1.4156644042415875e-66,1.644166417586242e-69,True,True
1.7782794100389228,0.1,quadrature,1.0,tree_eta,2.238361959914375e-67,-1.094268783337248,3.739731944558653e-67,4.534679551665681e-70,1.0,1.0,4.749727582637877e-34,3.7252734392199947e-35,2.7520223103328563e-23,2.7520223102853593e-23,1024,2.752022310384079e-23,1024,3.7252734392199947e-35,2.7520223102853593e-23,3.8960149857011874,2.4767800400467145e-33,1.2986766571533386e-17,7.700146102510003e+27,2.8753438695127833e-88,5.237068767221307e-46,1.0,7.960865971060203e-67,9.24582722098916e-70,True,True
3.1622776601683795,0.1,quadrature,1.0,tree_eta,7.078322021207935e-68,-10.942687833372485,1.1826070783295877e-67,1.433991584225474e-70,1.0,1.0,2.670968103113736e-34,3.7252734392199936e-35,1.5475758729459851e-22,1.5475758729433142e-22,1024,1.5475758729490287e-22,1024,3.7252734392199936e-35,1.5475758729433142e-22,6.9282032302755105,1.3927957699248751e-33,1.2986766571533386e-17,7.700146102510003e+27,2.875343869512782e-88,5.237068767221307e-46,1.0,4.476723919828749e-67,5.1993107319320454e-70,True,True
5.62341325190349,0.1,quadrature,1.0,tree_eta,2.238361959914375e-68,-109.4268783337248,3.739731944558653e-68,4.534679551665681e-71,1.0,1.0,1.5019957426461312e-34,3.7252734392199936e-35,8.702658672250559e-22,8.702658672249058e-22,1024,8.702658672252434e-22,1024,3.7252734392199936e-35,8.702658672249058e-22,12.320281152964093,7.832266189790669e-34,1.2986766571533386e-17,7.700146102510003e+27,2.8753438695127816e-88,5.237068767221307e-46,1.0,2.517446861587833e-67,2.923787287071071e-70,True,True
10.0,0.1,quadrature,1.0,tree_eta,7.078322021207937e-69,-1094.2687833372484,1.182607078329588e-68,1.4339915842254742e-71,1.0,1.0,8.44634276349888e-35,3.7252734392199936e-35,4.893864610432665e-21,4.8938646104325804e-21,1024,4.8938646104327866e-21,1024,3.7252734392199936e-35,4.8938646104325804e-21,21.908902300206645,4.404406948410451e-34,1.2986766571533386e-17,7.700146102510003e+27,2.875343869512782e-88,5.237068767221307e-46,1.0,1.4156644042415874e-67,1.6441664175862416e-70,True,True
17.78279410038923,0.1,quadrature,1.0,tree_eta,2.2383619599143744e-69,-10942.687833372485,3.739731944558652e-69,4.53467955166568e-72,1.0,1.0,4.749727582637875e-35,3.7252734392199936e-35,2.7520223103328566e-20,2.752022310332852e-20,1024,2.752022310332865e-20,1024,3.7252734392199936e-35,2.752022310332852e-20,38.96014985701188,2.476780040046714e-34,1.2986766571533386e-17,7.700146102510003e+27,2.8753438695127816e-88,5.237068767221307e-46,1.0,7.960865971060201e-68,9.245827220989159e-71,True,True
31.622776601683793,0.1,quadrature,1.0,tree_eta,7.078322021207938e-70,-109426.87833372482,1.1826070783295881e-69,1.4339915842254742e-72,1.0,1.0,2.670968103113736e-35,3.7252734392199936e-35,1.5475758729459842e-19,1.547575872945984e-19,1024,1.547575872945985e-19,1024,3.7252734392199936e-35,1.547575872945984e-19,69.2820323027551,1.3927957699248752e-34,1.2986766571533386e-17,7.700146102510003e+27,2.875343869512782e-88,5.237068767221307e-46,1.0,4.47672391982875e-68,5.199310731932047e-71,True,True
56.23413251903491,0.1,quadrature,1.0,tree_eta,2.238361959914375e-70,-1094268.7833372485,3.739731944558653e-70,4.534679551665681e-73,1.0,1.0,1.5019957426461316e-35,3.7252734392199936e-35,8.702658672250563e-19,8.702658672250563e-19,1024,8.702658672250563e-19,1024,3.7252734392199936e-35,8.702658672250563e-19,123.20281152964093,7.832266189790668e-35,1.2986766571533386e-17,7.700146102510003e+27,2.875343869512782e-88,5.237068767221307e-46,1.0,2.5174468615878333e-68,2.9237872870710715e-71,True,True
100.0,0.1,quadrature,1.0,tree_eta,7.078322021207937e-71,-10942687.833372483,1.1826070783295879e-70,1.4339915842254742e-73,1.0,1.0,8.44634276349888e-36,3.7252734392199936e-35,4.893864610432665e-18,4.893864610432665e-18,1024,4.893864610432665e-18,1024,3.7252734392199936e-35,4.893864610432665e-18,219.08902300206645,4.404406948410451e-35,1.2986766571533386e-17,7.700146102510003e+27,2.875343869512782e-88,5.237068767221307e-46,1.0,1.4156644042415873e-68,1.6441664175862418e-71,True,True
177.82794100389228,0.1,quadrature,1.0,tree_eta,2.2383619599143752e-71,-109426878.33372484,3.739731944558654e-71,4.53467955166568e-74,1.0,1.0,4.7497275826378764e-36,3.7252734392199947e-35,2.7520223103328562e-17,2.7520223103328562e-17,1024,2.7520223103328562e-17,1024,3.7252734392199947e-35,2.7520223103328562e-17,389.60149857011874,2.4767800400467146e-35,1.2986766571533386e-17,7.700146102510003e+27,2.875343869512783e-88,5.237068767221307e-46,1.0,7.960865971060204e-69,9.24582722098916e-72,True,True
316.2277660168379,0.1,quadrature,1.0,tree_eta,7.078322021207939e-72,-1094268783.3372478,1.1826070783295883e-71,1.4339915842254744e-74,1.0,1.0,2.6709681031137365e-36,3.7252734392199947e-35,1.5475758729459843e-16,1.5475758729459843e-16,1024,1.5475758729459843e-16,1024,3.7252734392199947e-35,1.5475758729459843e-16,692.8203230275509,1.3927957699248754e-35,1.2986766571533386e-17,7.700146102510003e+27,2.875343869512783e-88,5.237068767221307e-46,1.0,4.4767239198287503e-69,5.199310731932048e-72,True,True
562.341325190349,0.1,quadrature,1.0,tree_eta,2.2383619599143748e-72,-10942687833.37248,3.739731944558653e-72,4.534679551665681e-75,1.0,1.0,1.5019957426461314e-36,3.7252734392199936e-35,8.702658672250562e-16,8.702658672250562e-16,1024,8.702658672250562e-16,1024,3.7252734392199936e-35,8.702658672250562e-16,1232.0281152964092,7.832266189790669e-36,1.2986766571533386e-17,7.700146102510003e+27,2.875343869512782e-88,5.237068767221307e-46,1.0,2.517446861587833e-69,2.923787287071071e-72,True,True
1000.0,0.1,quadrature,1.0,tree_eta,7.078322021207937e-73,-109426878333.72484,1.1826070783295882e-72,1.4339915842254743e-75,1.0,1.0,8.44634276349888e-37,3.7252734392199936e-35,4.893864610432665e-15,4.893864610432665e-15,1024,4.893864610432665e-15,1024,3.7252734392199936e-35,4.893864610432665e-15,2190.8902300206646,4.404406948410451e-36,1.2986766571533386e-17,7.700146102510003e+27,2.875343869512782e-88,5.237068767221307e-46,1.0,1.4156644042415875e-69,1.644166417586242e-72,True,True
1778.2794100389228,0.1,quadrature,1.0,tree_eta,2.2383619599143748e-73,-1094268783337.2484,3.739731944558652e-73,4.53467955166568e-76,1.0,1.0,4.749727582637877e-37,3.7252734392199936e-35,2.7520223103328567e-14,2.7520223103328567e-14,1024,2.7520223103328567e-14,1024,3.7252734392199936e-35,2.7520223103328567e-14,3896.0149857011875,2.4767800400467144e-36,1.2986766571533386e-17,7.700146102510003e+27,2.875343869512782e-88,5.237068767221307e-46,1.0,7.960865971060203e-70,9.245827220989161e-73,True,True
3162.2776601683795,0.1,quadrature,1.0,tree_eta,7.078322021207937e-74,-10942687833372.484,1.182607078329588e-73,1.433991584225474e-76,1.0,1.0,2.6709681031137362e-37,3.7252734392199947e-35,1.5475758729459845e-13,1.5475758729459845e-13,1024,1.5475758729459845e-13,1024,3.7252734392199947e-35,1.5475758729459845e-13,6928.203230275511,1.3927957699248751e-36,1.2986766571533386e-17,7.700146102510003e+27,2.875343869512783e-88,5.237068767221307e-46,1.0,4.47672391982875e-70,5.1993107319320475e-73,True,True
5623.413251903491,0.1,quadrature,1.0,tree_eta,2.2383619599143743e-74,-109426878333724.84,3.739731944558652e-74,4.53467955166568e-77,1.0,1.0,1.5019957426461312e-37,3.7252734392199936e-35,8.702658672250563e-13,8.702658672250563e-13,1024,8.702658672250563e-13,1024,3.7252734392199936e-35,8.702658672250563e-13,12320.281152964093,7.832266189790669e-37,1.2986766571533386e-17,7.700146102510003e+27,2.875343869512782e-88,5.237068767221307e-46,1.0,2.5174468615878326e-70,2.9237872870710704e-73,True,True
10000.0,0.1,quadrature,1.0,tree_eta,7.078322021207937e-75,-1094268783337248.4,1.1826070783295878e-74,1.4339915842254744e-77,1.0,1.0,8.446342763498879e-38,3.7252734392199936e-35,4.8938646104326646e-12,4.8938646104326646e-12,1024,4.8938646104326646e-12,1024,3.7252734392199936e-35,4.8938646104326646e-12,21908.902300206646,4.4044069484104505e-37,1.2986766571533386e-17,7.700146102510003e+27,2.875343869512782e-88,5.237068767221307e-46,1.0,1.4156644042415874e-70,1.6441664175862418e-73,True,True
17782.794100389227,0.1,quadrature,1.0,tree_eta,2.238361959914375e-75,-1.094268783337248e+16,3.7397319445586535e-75,4.53467955166568e-78,1.0,1.0,4.749727582637878e-38,3.7252734392199936e-35,2.7520223103328567e-11,2.7520223103328567e-11,1024,2.7520223103328567e-11,1024,3.7252734392199936e-35,2.7520223103328567e-11,38960.14985701187,2.4767800400467144e-37,1.2986766571533386e-17,7.700146102510003e+27,2.875343869512782e-88,5.237068767221307e-46,1.0,7.960865971060203e-71,9.24582722098916e-74,True,True
31622.776601683792,0.1,quadrature,1.0,tree_eta,7.078322021207937e-76,-1.0942687833372483e+17,1.182607078329588e-75,1.4339915842254744e-78,1.0,1.0,2.6709681031137357e-38,3.7252734392199936e-35,1.5475758729459844e-10,1.5475758729459844e-10,1024,1.5475758729459844e-10,1024,3.7252734392199936e-35,1.5475758729459844e-10,69282.03230275509,1.3927957699248754e-37,1.2986766571533386e-17,7.700146102510003e+27,2.875343869512782e-88,5.237068767221307e-46,1.0,4.47672391982875e-71,5.199310731932047e-74,True,True
56234.13251903491,0.1,quadrature,1.0,tree_eta,2.2383619599143746e-76,-1.0942687833372484e+18,3.7397319445586527e-76,4.53467955166568e-79,1.0,1.0,1.5019957426461312e-38,3.7252734392199936e-35,8.702658672250562e-10,8.702658672250562e-10,1024,8.702658672250562e-10,1024,3.725273439219994e-35,8.702658672250562e-10,123202.81152964092,7.832266189790669e-38,1.2986766571533386e-17,7.700146102510003e+27,2.875343869512782e-88,5.237068767221307e-46,1.0,2.5174468615878328e-71,2.9237872870710707e-74,True,True
100000.0,0.1,quadrature,1.0,tree_eta,7.078322021207937e-77,-1.0942687833372484e+19,1.182607078329588e-76,1.433991584225474e-79,1.0,1.0,8.446342763498881e-39,3.7252734392199947e-35,4.893864610432665e-09,4.893864610432665e-09,1024,4.893864610432665e-09,1024,3.725273439219996e-35,4.893864610432665e-09,219089.02300206647,4.404406948410451e-38,1.2986766571533386e-17,7.700146102510003e+27,2.875343869512783e-88,5.237068767221307e-46,1.0,1.4156644042415873e-71,1.6441664175862416e-74,True,True
177827.94100389228,0.1,quadrature,1.0,tree_eta,2.238361959914375e-77,-1.0942687833372482e+20,3.739731944558653e-77,4.53467955166568e-80,1.0,1.0,4.749727582637874e-39,3.7252734392199936e-35,2.7520223103328556e-08,2.7520223103328556e-08,1024,2.7520223103328556e-08,1024,3.7252734392199974e-35,2.7520223103328556e-08,389601.49857011874,2.476780040046714e-38,1.2986766571533386e-17,7.700146102510003e+27,2.875343869512782e-88,5.237068767221307e-46,1.0,7.960865971060203e-72,9.245827220989161e-75,True,True
316227.7660168379,0.1,quadrature,1.0,tree_eta,7.078322021207937e-78,-1.0942687833372477e+21,1.182607078329588e-77,1.433991584225474e-80,1.0,1.0,2.6709681031137366e-39,3.7252734392199936e-35,1.5475758729459843e-07,1.5475758729459843e-07,1024,1.5475758729459843e-07,1024,3.725273439220006e-35,1.5475758729459843e-07,692820.3230275509,1.3927957699248754e-38,1.2986766571533386e-17,7.700146102510003e+27,2.875343869512782e-88,5.237068767221307e-46,1.0,4.4767239198287496e-72,5.199310731932048e-75,True,True
562341.3251903491,0.1,quadrature,1.0,tree_eta,2.2383619599143744e-78,-1.0942687833372488e+22,3.739731944558652e-78,4.53467955166568e-81,1.0,1.0,1.501995742646131e-39,3.7252734392199936e-35,8.702658672250566e-07,8.702658672250566e-07,1024,8.702658672250566e-07,1024,3.725273439220032e-35,8.702658672250566e-07,1232028.1152964095,7.832266189790668e-39,1.2986766571533386e-17,7.700146102510003e+27,2.875343869512782e-88,5.237068767221307e-46,1.0,2.517446861587833e-72,2.923787287071071e-75,True,True
1000000.0,0.1,quadrature,1.0,tree_eta,7.078322021207937e-79,-1.0942687833372484e+23,1.182607078329588e-78,1.4339915842254743e-81,1.0,1.0,8.446342763498882e-40,3.7252734392199947e-35,4.893864610432666e-06,4.893864610432666e-06,1024,4.893864610432666e-06,1024,3.7252734392201176e-35,4.893864610432666e-06,2190890.2300206646,4.404406948410451e-39,1.2986766571533386e-17,7.700146102510003e+27,2.875343869512783e-88,5.237068767221307e-46,1.0,1.4156644042415874e-72,1.6441664175862418e-75,True,True
1778279.410038923,0.1,quadrature,1.0,tree_eta,2.2383619599143745e-79,-1.0942687833372486e+24,3.7397319445586524e-79,4.53467955166568e-82,1.0,1.0,4.749727582637875e-40,3.7252734392199947e-35,2.7520223103328574e-05,2.7520223103328574e-05,1024,2.7520223103328574e-05,1024,3.7252734392203833e-35,2.7520223103328574e-05,3896014.985701188,2.476780040046714e-39,1.2986766571533386e-17,7.700146102510003e+27,2.875343869512783e-88,5.237068767221307e-46,1.0,7.960865971060202e-73,9.24582722098916e-76,True,True
3162277.660168379,0.1,quadrature,1.0,tree_eta,7.078322021207939e-80,-1.094268783337248e+25,1.1826070783295884e-79,1.4339915842254742e-82,1.0,1.0,2.6709681031137363e-40,3.7252734392199947e-35,0.00015475758729459842,0.00015475758729459842,1024,0.00015475758729459842,1024,3.7252734392212247e-35,0.00015475758729459842,6928203.230275509,1.3927957699248754e-39,1.2986766571533386e-17,7.700146102510003e+27,2.875343869512783e-88,5.237068767221307e-46,1.0,4.476723919828751e-73,5.199310731932048e-76,True,True
5623413.251903491,0.1,quadrature,1.0,tree_eta,2.2383619599143742e-80,-1.0942687833372486e+26,3.739731944558652e-80,4.5346795516656794e-83,1.0,1.0,1.5019957426461312e-40,3.7252734392199936e-35,0.0008702658672250563,0.0008702658672250563,1024,0.0008702658672250563,1024,3.725273439223884e-35,0.0008702658672250563,12320281.152964093,7.832266189790668e-40,1.2986766571533386e-17,7.700146102510003e+27,2.875343869512782e-88,5.237068767221307e-46,1.0,2.5174468615878326e-73,2.9237872870710704e-76,True,True
10000000.0,0.1,quadrature,1.0,tree_eta,7.078322021207937e-81,-1.0942687833372484e+27,1.1826070783295879e-80,1.4339915842254744e-83,1.0,1.0,8.446342763498878e-41,3.7252734392199936e-35,0.004893864610432664,0.004893864610432664,1024,0.004893864610432664,1024,3.725273439232297e-35,0.004893864610432664,21908902.300206646,4.4044069484104506e-40,1.2986766571533386e-17,7.700146102510003e+27,2.875343869512782e-88,5.237068767221307e-46,1.0,1.4156644042415874e-73,1.6441664175862418e-76,True,True
17782794.100389227,0.1,quadrature,1.0,tree_eta,2.238361959914375e-81,-1.0942687833372482e+28,3.7397319445586533e-81,4.534679551665681e-84,1.0,1.0,4.749727582637876e-41,3.7252734392199947e-35,0.027520223103328564,0.027520223103328564,1024,0.027520223103328564,1024,3.725273439258902e-35,0.027520223103328564,38960149.85701187,2.4767800400467144e-40,1.2986766571533386e-17,7.700146102510003e+27,2.875343869512783e-88,5.237068767221307e-46,1.0,7.960865971060203e-74,9.245827220989162e-77,True,True
31622776.60168379,0.1,quadrature,1.0,tree_eta,7.078322021207937e-82,-1.094268783337248e+29,1.182607078329588e-81,1.4339915842254745e-84,1.0,1.0,2.6709681031137364e-41,3.7252734392199936e-35,0.15475758729459843,0.15475758729459843,1024,0.15475758729459843,1024,3.7252734393430306e-35,0.15475758729459843,69282032.30275509,1.3927957699248754e-40,1.2986766571533386e-17,7.700146102510003e+27,2.875343869512782e-88,5.237068767221307e-46,1.0,4.47672391982875e-74,5.199310731932048e-77,False,False
56234132.51903491,0.1,quadrature,1.0,tree_eta,2.2383619599143754e-82,-1.0942687833372481e+30,3.739731944558654e-82,4.53467955166568e-85,1.0,1.0,1.5019957426461315e-41,3.7252734392199947e-35,0.870265867225056,0.870265867225056,1024,0.870265867225056,1024,3.7252734396090707e-35,0.870265867225056,123202811.52964093,7.832266189790669e-41,1.2986766571533386e-17,7.700146102510003e+27,2.875343869512783e-88,5.237068767221307e-46,1.0,2.5174468615878338e-74,2.923787287071072e-77,False,False
100000000.0,0.1,quadrature,1.0,tree_eta,7.078322021207937e-83,-1.0942687833372484e+31,1.182607078329588e-82,1.4339915842254743e-85,1.0,1.0,8.44634276349888e-42,3.7252734392199936e-35,4.893864610432664,4.893864610432664,1024,4.893864610432664,1024,3.725273440450361e-35,4.893864610432664,219089023.00206646,4.404406948410451e-41,1.2986766571533386e-17,7.700146102510003e+27,2.875343869512782e-88,5.237068767221307e-46,1.0,1.4156644042415875e-74,1.644166417586242e-77,False,False
177827941.00389227,0.1,quadrature,1.0,tree_eta,2.238361959914375e-83,-1.0942687833372482e+32,3.739731944558653e-83,4.5346795516656794e-86,1.0,1.0,4.749727582637876e-42,3.7252734392199936e-35,27.520223103328558,27.520223103328558,1024,27.520223103328558,1024,3.7252734431107565e-35,27.520223103328558,389601498.5701187,2.4767800400467143e-41,1.2986766571533386e-17,7.700146102510003e+27,2.875343869512782e-88,5.237068767221307e-46,1.0,7.960865971060203e-75,9.24582722098916e-78,False,False
316227766.01683795,0.1,quadrature,1.0,tree_eta,7.078322021207935e-84,-1.0942687833372486e+33,1.1826070783295877e-83,1.433991584225474e-86,1.0,1.0,2.670968103113735e-42,3.7252734392199936e-35,154.75758729459847,154.75758729459847,1024,154.75758729459847,1024,3.725273451523667e-35,154.75758729459847,692820323.027551,1.392795769924875e-41,1.2986766571533386e-17,7.700146102510003e+27,2.875343869512782e-88,5.237068767221307e-46,1.0,4.476723919828748e-75,5.199310731932046e-78,False,False
562341325.1903491,0.1,quadrature,1.0,tree_eta,2.238361959914374e-84,-1.0942687833372484e+34,3.7397319445586515e-84,4.53467955166568e-87,1.0,1.0,1.501995742646131e-42,3.7252734392199936e-35,870.2658672250564,870.2658672250564,1024,870.2658672250564,1024,3.725273478127627e-35,870.2658672250564,1232028115.2964091,7.83226618979067e-42,1.2986766571533386e-17,7.700146102510003e+27,2.8753438695127816e-88,5.237068767221307e-46,1.0,2.5174468615878324e-75,2.92378728707107e-78,False,False
1000000000.0,0.1,quadrature,1.0,tree_eta,7.078322021207936e-85,-1.0942687833372482e+35,1.182607078329588e-84,1.4339915842254743e-87,1.0,1.0,8.446342763498881e-43,3.7252734392199936e-35,4893.864610432666,4893.864610432666,1024,4893.864610432666,1024,3.7252735622567346e-35,4893.864610432666,2190890230.0206647,4.404406948410451e-42,1.2986766571533386e-17,7.700146102510003e+27,2.875343869512782e-88,5.237068767221307e-46,1.0,1.4156644042415874e-75,1.6441664175862416e-78,False,False
1778279410.0389228,0.1,quadrature,1.0,tree_eta,2.238361959914375e-85,-1.0942687833372483e+36,3.739731944558653e-85,4.53467955166568e-88,1.0,1.0,4.749727582637875e-43,3.7252734392199947e-35,27520.223103328557,27520.223103328557,1024,27520.223103328557,1024,3.725273828296333e-35,27520.223103328557,3896014985.701187,2.4767800400467145e-42,1.2986766571533386e-17,7.700146102510003e+27,2.875343869512783e-88,5.237068767221307e-46,1.0,7.960865971060204e-76,9.245827220989163e-79,False,False
3162277660.1683793,0.1,quadrature,1.0,tree_eta,7.078322021207936e-86,-1.0942687833372482e+37,1.1826070783295879e-85,1.4339915842254744e-88,1.0,1.0,2.6709681031137363e-43,3.7252734392199936e-35,154757.58729459846,154757.58729459846,1024,154757.58729459846,1024,3.725274669587406e-35,154757.58729459846,6928203230.27551,1.3927957699248752e-42,1.2986766571533386e-17,7.700146102510003e+27,2.875343869512782e-88,5.237068767221307e-46,1.0,4.476723919828749e-76,5.199310731932047e-79,False,False
5623413251.903491,0.1,quadrature,1.0,tree_eta,2.238361959914375e-86,-1.0942687833372485e+38,3.739731944558653e-86,4.5346795516656794e-89,1.0,1.0,1.5019957426461314e-43,3.7252734392199947e-35,870265.8672250562,870265.8672250562,1024,870265.8672250562,1024,3.7252773299833777e-35,870265.8672250562,12320281152.964092,7.832266189790668e-43,1.2986766571533386e-17,7.700146102510003e+27,2.875343869512783e-88,5.237068767221307e-46,1.0,2.5174468615878334e-76,2.9237872870710716e-79,False,False
10000000000.0,0.1,quadrature,1.0,tree_eta,7.078322021207937e-87,-1.0942687833372485e+39,1.182607078329588e-86,1.4339915842254742e-89,1.0,1.0,8.446342763498879e-44,3.7252734392199947e-35,4893864.610432664,4893864.610432664,1024,4893864.610432664,1024,3.7252857428941213e-35,4893864.610432664,21908902300.206646,4.404406948410451e-43,1.2986766571533386e-17,7.700146102510003e+27,2.875343869512783e-88,5.237068767221307e-46,1.0,1.4156644042415874e-76,1.6441664175862418e-79,False,False
17782794100.38923,0.1,quadrature,1.0,tree_eta,2.238361959914375e-87,-1.0942687833372486e+40,3.7397319445586527e-87,4.53467955166568e-90,1.0,1.0,4.749727582637876e-44,3.7252734392199947e-35,27520223.103328563,27520223.103328563,1024,27520223.103328563,1024,3.7253123468538223e-35,27520223.103328563,38960149857.01187,2.4767800400467146e-43,1.2986766571533386e-17,7.700146102510003e+27,2.875343869512783e-88,5.237068767221307e-46,1.0,7.960865971060204e-77,9.245827220989161e-80,False,False
31622776601.683792,0.1,quadrature,1.0,tree_eta,7.078322021207937e-88,-1.0942687833372482e+41,1.182607078329588e-87,1.4339915842254744e-90,1.0,1.0,2.6709681031137365e-44,3.7252734392199936e-35,154757587.29459843,154757587.29459843,1024,154757587.29459843,1024,3.725396475961258e-35,154757587.29459843,69282032302.7551,1.3927957699248752e-43,1.2986766571533386e-17,7.700146102510003e+27,2.875343869512782e-88,5.237068767221307e-46,1.0,4.47672391982875e-77,5.199310731932047e-80,False,False
56234132519.034904,0.1,quadrature,1.0,tree_eta,2.238361959914375e-88,-1.094268783337248e+42,3.739731944558653e-88,4.5346795516656805e-91,1.0,1.0,1.5019957426461314e-44,3.7252734392199947e-35,870265867.225056,870265867.225056,1024,870265867.225056,1024,3.725662515558275e-35,870265867.225056,123202811529.64091,7.83226618979067e-44,1.6000061542920687e-17,7.700146102510003e+27,2.875343869512783e-88,5.237068767221307e-46,1.0,2.517446861587833e-77,2.923787287071071e-80,False,False
100000000000.0,0.1,quadrature,1.0,tree_eta,7.078322021207937e-89,-1.0942687833372483e+43,1.1826070783295879e-88,1.4339915842254744e-91,1.0,1.0,8.446342763498882e-45,3.7252734392199936e-35,4893864610.432666,4893864610.432666,1024,4893864610.432666,1024,3.7265038066326397e-35,4893864610.432666,219089023002.06647,4.4044069484104505e-44,2.845258000113146e-17,7.700146102510003e+27,2.875343869512782e-88,5.237068767221307e-46,1.0,1.4156644042415872e-77,1.6441664175862415e-80,False,False
177827941003.89227,0.1,quadrature,1.0,tree_eta,2.2383619599143747e-89,-1.094268783337248e+44,3.739731944558652e-89,4.53467955166568e-92,1.0,1.0,4.749727582637876e-45,3.7252734392199936e-35,27520223103.32856,27520223103.32856,1024,27520223103.32856,1024,3.7291642026028046e-35,27520223103.32856,389601498570.1187,2.4767800400467146e-44,5.0596637178497304e-17,7.700146102510003e+27,2.875343869512782e-88,5.237068767221307e-46,1.0,7.960865971060202e-78,9.24582722098916e-81,False,False
316227766016.83795,0.1,quadrature,1.0,tree_eta,7.078322021207936e-90,-1.0942687833372485e+45,1.1826070783295878e-89,1.4339915842254742e-92,1.0,1.0,2.6709681031137357e-45,3.7252734392199936e-35,154757587294.59845,154757587294.59845,1024,154757587294.59845,1024,3.7375771133464573e-35,154757587294.59845,692820323027.551,1.392795769924875e-44,8.997495811173162e-17,7.700146102510003e+27,2.875343869512782e-88,5.237068767221307e-46,1.0,4.476723919828749e-78,5.199310731932046e-81,False,False
562341325190.3491,0.1,quadrature,1.0,tree_eta,2.2383619599143746e-90,-1.0942687833372485e+46,3.7397319445586523e-90,4.534679551665679e-93,1.0,1.0,1.5019957426461314e-45,3.7252734392199936e-35,870265867225.0565,870265867225.0565,1024,870265867225.0565,1024,3.764181073048102e-35,870265867225.0565,1232028115296.4094,7.832266189790668e-45,1.6000061542920692e-16,7.700146102510003e+27,2.875343869512782e-88,5.237068767221307e-46,1.0,2.5174468615878333e-78,2.9237872870710715e-81,False,False
1000000000000.0,0.1,quadrature,1.0,tree_eta,7.078322021207936e-91,-1.0942687833372485e+47,1.1826070783295877e-90,1.4339915842254744e-93,1.0,1.0,8.44634276349888e-46,3.7252734392199936e-35,4893864610432.666,4893864610432.666,1024,4893864610432.666,1024,3.848310180484633e-35,4893864610432.666,2190890230020.6646,4.404406948410451e-45,2.8452580001131456e-16,7.700146102510003e+27,2.875343869512782e-88,5.237068767221307e-46,1.0,1.4156644042415872e-78,1.6441664175862416e-81,False,False
1e-12,0.1,pi,1.0,tree_eta,7.078322021207937e-43,-1.0942687833372483e-49,1.1826070783295881e-42,1.433991584225474e-45,1.0,1.0,2.533902829049664e-21,3.7252734392199936e-35,1.4681593831297993e-59,2.5339028290496266e-21,1024,2.533902829049701e-21,1024,2.5339028290496266e-21,0.0,2.1908902300206647e-12,4.404406948410451e-21,1.2986766571533386e-17,7.700146102510003e+27,2.875343869512782e-88,5.237068767221307e-46,1.0,1.4156644042415874e-54,1.6441664175862417e-57,True,True
1.7782794100389228e-12,0.1,pi,1.0,tree_eta,2.2383619599143746e-43,-1.0942687833372485e-48,3.739731944558652e-43,4.534679551665681e-46,1.0,1.0,1.4249182747913625e-21,3.7252734392199936e-35,8.256066930998568e-59,1.424918274791325e-21,1024,1.4249182747913997e-21,1024,1.424918274791325e-21,0.0,3.896014985701187e-12,2.4767800400467145e-21,1.2986766571533386e-17,7.700146102510003e+27,2.875343869512782e-88,5.237068767221307e-46,1.0,7.960865971060202e-55,9.245827220989158e-58,True,True
3.1622776601683794e-12,0.1,pi,1.0,tree_eta,7.078322021207937e-44,-1.0942687833372484e-47,1.182607078329588e-43,1.4339915842254744e-46,1.0,1.0,8.012904309341209e-22,3.7252734392199936e-35,4.6427276188379545e-58,8.012904309340838e-22,1024,8.012904309341582e-22,1024,8.012904309340838e-22,0.0,6.92820323027551e-12,1.3927957699248753e-21,1.2986766571533386e-17,7.700146102510003e+27,2.875343869512782e-88,5.237068767221307e-46,1.0,4.4767239198287496e-55,5.199310731932047e-58,True,True
5.6234132519034904e-12,0.1,pi,1.0,tree_eta,2.238361959914375e-44,-1.094268783337248e-46,3.7397319445586527e-44,4.53467955166568e-47,1.0,1.0,4.505987227938394e-22,3.7252734392199936e-35,2.610797601675168e-57,4.50598722793802e-22,1024,4.505987227938766e-22,1024,4.50598722793802e-22,0.0,1.2320281152964092e-11,7.83226618979067e-22,1.2986766571533386e-17,7.700146102510003e+27,2.875343869512782e-88,5.237068767221307e-46,1.0,2.517446861587833e-55,2.9237872870710712e-58,True,True
1e-11,0.1,pi,1.0,tree_eta,7.078322021207937e-45,-1.0942687833372481e-45,1.182607078329588e-44,1.4339915842254743e-47,1.0,1.0,2.5339028290496644e-22,3.7252734392199936e-35,1.4681593831297997e-56,2.533902829049292e-22,1024,2.533902829050037e-22,1024,2.533902829049292e-22,0.0,2.1908902300206645e-11,4.404406948410451e-22,1.2986766571533386e-17,7.700146102510003e+27,2.875343869512782e-88,5.237068767221307e-46,1.0,1.4156644042415875e-55,1.6441664175862417e-58,True,True
1.7782794100389227e-11,0.1,pi,1.0,tree_eta,2.2383619599143752e-45,-1.094268783337248e-44,3.739731944558653e-45,4.5346795516656813e-48,1.0,1.0,1.4249182747913628e-22,3.7252734392199936e-35,8.256066930998566e-56,1.4249182747909904e-22,1024,1.4249182747917354e-22,1024,1.4249182747909904e-22,0.0,3.896014985701187e-11,2.4767800400467146e-22,1.2986766571533386e-17,7.700146102510003e+27,2.875343869512782e-88,5.237068767221307e-46,1.0,7.960865971060204e-56,9.245827220989162e-59,True,True
3.1622776601683794e-11,0.1,pi,1.0,tree_eta,7.078322021207937e-46,-1.0942687833372484e-43,1.182607078329588e-45,1.4339915842254743e-48,1.0,1.0,8.012904309341209e-23,3.7252734392199936e-35,4.6427276188379544e-55,8.012904309337483e-23,1024,8.012904309344934e-23,1024,8.012904309337483e-23,0.0,6.92820323027551e-11,1.3927957699248752e-22,1.2986766571533386e-17,7.700146102510003e+27,2.875343869512782e-88,5.237068767221307e-46,1.0,4.47672391982875e-56,5.199310731932047e-59,True,True
5.6234132519034906e-11,0.1,pi,1.0,tree_eta,2.238361959914375e-46,-1.0942687833372483e-42,3.739731944558654e-46,4.534679551665681e-49,1.0,1.0,4.5059872279383935e-23,3.7252734392199936e-35,2.610797601675168e-54,4.5059872279346684e-23,1024,4.5059872279421187e-23,1024,4.5059872279346684e-23,0.0,1.2320281152964093e-10,7.832266189790668e-23,1.2986766571533386e-17,7.700146102510003e+27,2.875343869512782e-88,5.237068767221307e-46,1.0,2.5174468615878335e-56,2.9237872870710715e-59,True,True
1e-10,0.1,pi,1.0,tree_eta,7.078322021207937e-47,-1.0942687833372484e-41,1.182607078329588e-46,1.4339915842254741e-49,1.0,1.0,2.533902829049664e-23,3.7252734392199947e-35,1.4681593831297996e-53,2.5339028290459386e-23,1024,2.5339028290533892e-23,1024,2.5339028290459386e-23,0.0,2.1908902300206648e-10,4.4044069484104505e-23,1.2986766571533386e-17,7.700146102510003e+27,2.875343869512783e-88,5.237068767221307e-46,1.0,1.4156644042415874e-56,1.6441664175862415e-59,True,True
1.778279410038923e-10,0.1,pi,1.0,tree_eta,2.2383619599143743e-47,-1.0942687833372484e-40,3.739731944558652e-47,4.53467955166568e-50,1.0,1.0,1.4249182747913624e-23,3.7252734392199936e-35,8.256066930998571e-53,1.4249182747876373e-23,1024,1.4249182747950875e-23,1024,1.4249182747876373e-23,0.0,3.896014985701188e-10,2.476780040046714e-23,1.2986766571533386e-17,7.700146102510003e+27,2.875343869512782e-88,5.237068767221307e-46,1.0,7.960865971060201e-57,9.245827220989158e-60,True,True
3.1622776601683795e-10,0.1,pi,1.0,tree_eta,7.078322021207937e-48,-1.0942687833372485e-39,1.182607078329588e-47,1.433991584225474e-50,1.0,1.0,8.012904309341208e-24,3.7252734392199936e-35,4.6427276188379546e-52,8.012904309303954e-24,1024,8.012904309378461e-24,1024,8.012904309303954e-24,0.0,6.92820323027551e-10,1.392795769924875e-23,1.2986766571533386e-17,7.700146102510003e+27,2.875343869512782e-88,5.237068767221307e-46,1.0,4.4767239198287494e-57,5.199310731932047e-60,True,True
5.623413251903491e-10,0.1,pi,1.0,tree_eta,2.2383619599143745e-48,-1.0942687833372482e-38,3.739731944558652e-48,4.5346795516656796e-51,1.0,1.0,4.505987227938393e-24,3.7252734392199936e-35,2.6107976016751683e-51,4.505987227901141e-24,1024,4.505987227975646e-24,1024,4.505987227901141e-24,0.0,1.2320281152964093e-09,7.832266189790669e-24,1.2986766571533386e-17,7.700146102510003e+27,2.875343869512782e-88,5.237068767221307e-46,1.0,2.5174468615878328e-57,2.923787287071071e-60,True,True
1e-09,0.1,pi,1.0,tree_eta,7.078322021207935e-49,-1.0942687833372486e-37,1.1826070783295877e-48,1.433991584225474e-51,1.0,1.0,2.533902829049663e-24,3.7252734392199936e-35,1.4681593831297993e-50,2.53390282901241e-24,1024,2.5339028290869157e-24,1024,2.53390282901241e-24,0.0,2.1908902300206647e-09,4.40440694841045e-24,1.2986766571533386e-17,7.700146102510003e+27,2.8753438695127816e-88,5.237068767221307e-46,1.0,1.4156644042415872e-57,1.6441664175862416e-60,True,True
1.7782794100389228e-09,0.1,pi,1.0,tree_eta,2.238361959914375e-49,-1.0942687833372483e-36,3.739731944558653e-49,4.5346795516656805e-52,1.0,1.0,1.4249182747913628e-24,3.7252734392199947e-35,8.256066930998569e-50,1.4249182747541099e-24,1024,1.4249182748286155e-24,1024,1.4249182747541099e-24,0.0,3.896014985701188e-09,2.476780040046714e-24,1.2986766571533386e-17,7.700146102510003e+27,2.875343869512783e-88,5.237068767221307e-46,1.0,7.960865971060203e-58,9.245827220989161e-61,True,True
3.1622776601683795e-09,0.1,pi,1.0,tree_eta,7.078322021207936e-50,-1.0942687833372483e-35,1.182607078329588e-49,1.4339915842254739e-52,1.0,1.0,8.012904309341208e-25,3.7252734392199936e-35,4.642727618837953e-49,8.012904308968681e-25,1024,8.012904309713735e-25,1024,8.012904308968681e-25,0.0,6.92820323027551e-09,1.3927957699248752e-24,1.2986766571533386e-17,7.700146102510003e+27,2.875343869512782e-88,5.237068767221307e-46,1.0,4.476723919828749e-58,5.199310731932046e-61,True,True
5.623413251903491e-09,0.1,pi,1.0,tree_eta,2.238361959914375e-50,-1.0942687833372485e-34,3.739731944558653e-50,4.53467955166568e-53,1.0,1.0,4.505987227938394e-25,3.7252734392199936e-35,2.610797601675169e-48,4.505987227565867e-25,1024,4.505987228310921e-25,1024,4.505987227565867e-25,0.0,1.2320281152964092e-08,7.832266189790669e-25,1.2986766571533386e-17,7.700146102510003e+27,2.875343869512782e-88,5.237068767221307e-46,1.0,2.5174468615878333e-58,2.9237872870710714e-61,True,True
1e-08,0.1,pi,1.0,tree_eta,7.078322021207936e-51,-1.0942687833372483e-33,1.1826070783295877e-50,1.4339915842254741e-53,1.0,1.0,2.533902829049664e-25,3.7252734392199936e-35,1.4681593831297995e-47,2.533902828677137e-25,1024,2.5339028294221913e-25,1024,2.533902828677137e-25,0.0,2.1908902300206648e-08,4.404406948410451e-25,1.2986766571533386e-17,7.700146102510003e+27,2.875343869512782e-88,5.237068767221307e-46,1.0,1.4156644042415872e-58,1.6441664175862415e-61,True,True
1.7782794100389228e-08,0.1,pi,1.0,tree_eta,2.238361959914375e-51,-1.0942687833372484e-32,3.7397319445586534e-51,4.534679551665681e-54,1.0,1.0,1.4249182747913626e-25,3.7252734392199936e-35,8.256066930998569e-47,1.4249182744188352e-25,1024,1.4249182751638899e-25,1024,1.4249182744188352e-25,0.0,3.896014985701187e-08,2.476780040046714e-25,1.2986766571533386e-17,7.700146102510003e+27,2.875343869512782e-88,5.237068767221307e-46,1.0,7.960865971060203e-59,9.24582722098916e-62,True,True
3.162277660168379e-08,0.1,pi,1.0,tree_eta,7.078322021207936e-52,-1.0942687833372481e-31,1.1826070783295879e-51,1.4339915842254743e-54,1.0,1.0,8.012904309341208e-26,3.7252734392199936e-35,4.642727618837952e-46,8.012904305615935e-26,1024,8.012904313066482e-26,1024,8.012904305615935e-26,0.0,6.928203230275509e-08,1.3927957699248753e-25,1.2986766571533386e-17,7.700146102510003e+27,2.875343869512782e-88,5.237068767221307e-46,1.0,4.476723919828749e-59,5.1993107319320455e-62,True,True
5.6234132519034905e-08,0.1,pi,1.0,tree_eta,2.2383619599143747e-52,-1.094268783337248e-30,3.739731944558653e-52,4.53467955166568e-55,1.0,1.0,4.505987227938394e-26,3.7252734392199936e-35,2.6107976016751684e-45,4.50598722421312e-26,1024,4.5059872316636675e-26,1024,4.50598722421312e-26,0.0,1.2320281152964094e-07,7.832266189790668e-26,1.2986766571533386e-17,7.700146102510003e+27,2.875343869512782e-88,5.237068767221307e-46,1.0,2.517446861587833e-59,2.9237872870710708e-62,True,True
1e-07,0.1,pi,1.0,tree_eta,7.078322021207937e-53,-1.094268783337248e-29,1.1826070783295881e-52,1.4339915842254743e-55,1.0,1.0,2.533902829049664e-26,3.7252734392199936e-35,1.468159383129799e-44,2.5339028253243906e-26,1024,2.5339028327749372e-26,1024,2.5339028253243906e-26,0.0,2.1908902300206643e-07,4.4044069484104515e-26,1.2986766571533386e-17,7.700146102510003e+27,2.875343869512782e-88,5.237068767221307e-46,1.0,1.4156644042415873e-59,1.6441664175862416e-62,True,True
1.7782794100389227e-07,0.1,pi,1.0,tree_eta,2.2383619599143753e-53,-1.094268783337248e-28,3.7397319445586534e-53,4.534679551665681e-56,1.0,1.0,1.4249182747913626e-26,3.7252734392199947e-35,8.256066930998567e-44,1.4249182710660893e-26,1024,1.424918278516636e-26,1024,1.4249182710660893e-26,0.0,3.896014985701187e-07,2.4767800400467146e-26,1.2986766571533386e-17,7.700146102510003e+27,2.875343869512783e-88,5.237068767221307e-46,1.0,7.960865971060204e-60,9.245827220989161e-63,True,True
3.162277660168379e-07,0.1,pi,1.0,tree_eta,7.078322021207937e-54,-1.094268783337248e-27,1.182607078329588e-53,1.4339915842254742e-56,1.0,1.0,8.012904309341207e-27,3.7252734392199936e-35,4.642727618837952e-43,8.012904272088474e-27,1024,8.012904346593942e-27,1024,8.012904272088474e-27,0.0,6.92820323027551e-07,1.392795769924875e-26,1.2986766571533386e-17,7.700146102510003e+27,2.875343869512782e-88,5.237068767221307e-46,1.0,4.4767239198287496e-60,5.199310731932047e-63,True,True
5.62341325190349e-07,0.1,pi,1.0,tree_eta,2.238361959914375e-54,-1.0942687833372481e-26,3.7397319445586526e-54,4.5346795516656814e-57,1.0,1.0,4.505987227938395e-27,3.7252734392199936e-35,2.610797601675168e-42,4.505987190685657e-27,1024,4.5059872651911324e-27,1024,4.505987190685657e-27,0.0,1.2320281152964093e-06,7.832266189790669e-27,1.2986766571533386e-17,7.700146102510003e+27,2.875343869512782e-88,5.237068767221307e-46,1.0,2.517446861587833e-60,2.9237872870710714e-63,True,True
1e-06,0.1,pi,1.0,tree_eta,7.078322021207936e-55,-1.0942687833372479e-25,1.1826070783295877e-54,1.4339915842254743e-57,1.0,1.0,2.533902829049664e-27,3.725273439219993e-35,1.4681593831297996e-41,2.533902791796915e-27,1024,2.533902866302413e-27,1024,2.533902791796915e-27,0.0,2.1908902300206646e-06,4.404406948410451e-27,1.2986766571533386e-17,7.700146102510003e+27,2.875343869512781e-88,5.237068767221307e-46,1.0,1.415664404241587e-60,1.6441664175862413e-63,True,True
1.7782794100389227e-06,0.1,pi,1.0,tree_eta,2.238361959914375e-55,-1.0942687833372481e-24,3.739731944558653e-55,4.53467955166568e-58,1.0,1.0,1.424918274791363e-27,3.7252734392199947e-35,8.256066930998567e-41,1.424918237538546e-27,1024,1.4249183120441799e-27,1024,1.424918237538546e-27,0.0,3.8960149857011875e-06,2.4767800400467143e-27,1.2986766571533386e-17,7.700146102510003e+27,2.875343869512783e-88,5.237068767221307e-46,1.0,7.960865971060204e-61,9.245827220989162e-64,True,True
3.162277660168379e-06,0.1,pi,1.0,tree_eta,7.0783220212079365e-56,-1.0942687833372482e-23,1.1826070783295878e-55,1.4339915842254742e-58,1.0,1.0,8.012904309341208e-28,3.7252734392199936e-35,4.642727618837954e-40,8.012903936809221e-28,1024,8.012904681873195e-28,1024,8.012903936809221e-28,0.0,6.928203230275509e-06,1.3927957699248752e-27,1.2986766571533386e-17,7.700146102510003e+27,2.875343869512782e-88,5.237068767221307e-46,1.0,4.476723919828749e-61,5.199310731932046e-64,True,True
5.623413251903491e-06,0.1,pi,1.0,tree_eta,2.2383619599143744e-56,-1.0942687833372487e-22,3.739731944558652e-56,4.5346795516656795e-59,1.0,1.0,4.505987227938393e-28,3.7252734392199936e-35,2.6107976016751693e-39,4.505986855384941e-28,1024,4.505987600491845e-28,1024,4.505986855384941e-28,0.0,1.2320281152964094e-05,7.832266189790668e-28,1.2986766571533386e-17,7.700146102510003e+27,2.875343869512782e-88,5.237068767221307e-46,1.0,2.5174468615878327e-61,2.9237872870710705e-64,True,True
9.999999999999999e-06,0.1,pi,1.0,tree_eta,7.078322021207938e-57,-1.094268783337248e-21,1.1826070783295881e-56,1.4339915842254744e-59,1.0,1.0,2.5339028290496637e-28,3.7252734392199936e-35,1.468159383129799e-38,2.5339024563755034e-28,1024,2.5339032017238235e-28,1024,2.5339024563755034e-28,0.0,2.1908902300206645e-05,4.404406948410451e-28,1.2986766571533386e-17,7.700146102510003e+27,2.875343869512782e-88,5.237068767221307e-46,1.0,1.4156644042415874e-61,1.644166417586242e-64,True,True
1.778279410038923e-05,0.1,pi,1.0,tree_eta,2.2383619599143747e-57,-1.0942687833372485e-20,3.7397319445586527e-57,4.53467955166568e-60,1.0,1.0,1.4249182747913627e-28,3.7252734392199947e-35,8.25606693099857e-38,1.424917901438412e-28,1024,1.4249186481443132e-28,1024,1.424917901438412e-28,0.0,3.896014985701188e-05,2.4767800400467144e-28,1.2986766571533386e-17,7.700146102510003e+27,2.875343869512783e-88,5.237068767221307e-46,1.0,7.960865971060202e-62,9.24582722098916e-65,True,True
3.1622776601683795e-05,0.1,pi,1.0,tree_eta,7.078322021207936e-58,-1.0942687833372486e-19,1.1826070783295879e-57,1.4339915842254738e-60,1.0,1.0,8.012904309341209e-29,3.7252734392199936e-35,4.642727618837954e-37,8.012900537640492e-29,1024,8.012908081041924e-29,1024,8.012900537640492e-29,0.0,6.92820323027551e-05,1.3927957699248753e-28,1.2986766571533386e-17,7.700146102510003e+27,2.875343869512782e-88,5.237068767221307e-46,1.0,4.476723919828749e-62,5.199310731932047e-65,True,True
5.623413251903491e-05,0.1,pi,1.0,tree_eta,2.238361959914375e-58,-1.0942687833372482e-18,3.7397319445586534e-58,4.534679551665681e-61,1.0,1.0,4.505987227938394e-29,3.7252734392199936e-35,2.6107976016751683e-36,4.5059832415851943e-29,1024,4.5059912142915935e-29,1024,4.5059832415851943e-29,0.0,0.00012320281152964092,7.832266189790669e-29,1.2986766571533386e-17,7.700146102510003e+27,2.875343869512782e-88,5.237068767221307e-46,1.0,2.5174468615878334e-62,2.9237872870710713e-65,True,True
0.0001,0.1,pi,1.0,tree_eta,7.078322021207936e-59,-1.0942687833372485e-17,1.1826070783295878e-58,1.4339915842254741e-61,1.0,1.0,2.533902829049663e-29,3.7252734392199936e-35,1.4681593831297996e-35,2.533897635616841e-29,1024,2.5339080224824854e-29,1024,2.533897635616841e-29,0.0,0.00021908902300206645,4.404406948410451e-29,1.2986766571533386e-17,7.700146102510003e+27,2.875343869512782e-88,5.237068767221307e-46,1.0,1.4156644042415873e-62,1.6441664175862417e-65,True,True
0.00017782794100389227,0.1,pi,1.0,tree_eta,2.2383619599143752e-59,-1.094268783337248e-16,3.7397319445586535e-59,4.534679551665681e-62,1.0,1.0,1.424918274791363e-29,3.7252734392199947e-35,8.256066930998568e-35,1.424906293450993e-29,1024,1.424930256131733e-29,1024,1.424906293450993e-29,0.0,0.00038960149857011873,2.4767800400467144e-29,1.2986766571533386e-17,7.700146102510003e+27,2.875343869512783e-88,5.237068767221307e-46,1.0,7.960865971060204e-63,9.245827220989162e-66,True,True
0.00031622776601683794,0.1,pi,1.0,tree_eta,7.078322021207937e-60,-1.0942687833372486e-15,1.1826070783295878e-59,1.4339915842254741e-62,1.0,1.0,8.012904309341207e-30,3.7252734392199936e-35,4.642727618837954e-34,8.012402783844931e-30,1024,8.013405834837482e-30,1024,8.012402783844931e-30,0.0,0.0006928203230275509,1.3927957699248753e-29,1.2986766571533386e-17,7.700146102510003e+27,2.875343869512782e-88,5.237068767221307e-46,1.0,4.4767239198287494e-63,5.199310731932047e-66,True,True
0.0005623413251903491,0.1,pi,1.0,tree_eta,2.2383619599143748e-60,-1.0942687833372485e-14,3.7397319445586527e-60,4.5346795516656797e-63,1.0,1.0,4.505987227938394e-30,3.7252734392199936e-35,2.610797601675169e-33,4.503339177602326e-30,1024,4.508635278274461e-30,1024,4.503339177602326e-30,0.0,0.0012320281152964094,7.832266189790668e-30,1.2986766571533386e-17,7.700146102510003e+27,2.875343869512782e-88,5.237068767221307e-46,1.0,2.5174468615878334e-63,2.9237872870710713e-66,True,True
0.001,0.1,pi,1.0,tree_eta,7.078322021207937e-61,-1.0942687833372487e-13,1.182607078329588e-60,1.4339915842254742e-63,1.0,1.0,2.533902829049664e-30,3.7252734392199936e-35,1.4681593831297995e-32,2.5191839824839735e-30,1024,2.548621675615354e-30,1024,2.5191839824839735e-30,0.0,0.0021908902300206644,4.404406948410451e-30,1.2986766571533386e-17,7.700146102510003e+27,2.875343869512782e-88,5.237068767221307e-46,1.0,1.4156644042415875e-63,1.6441664175862418e-66,True,True
0.0017782794100389228,0.1,pi,1.0,tree_eta,2.238361959914375e-61,-1.0942687833372481e-12,3.739731944558653e-61,4.5346795516656805e-64,1.0,1.0,1.4249182747913628e-30,3.7252734392199947e-35,8.256066930998567e-32,1.3423203527469848e-30,1024,1.5075161968357406e-30,1024,1.3423203527469848e-30,0.0,0.003896014985701187,2.4767800400467147e-30,1.2986766571533386e-17,7.700146102510003e+27,2.875343869512783e-88,5.237068767221307e-46,1.0,7.960865971060203e-64,9.245827220989161e-67,True,True
0.0031622776601683794,0.1,pi,1.0,tree_eta,7.078322021207936e-62,-1.0942687833372484e-11,1.1826070783295878e-61,1.4339915842254741e-64,1.0,1.0,8.012904309341208e-31,3.7252734392199936e-35,4.642727618837953e-31,3.3698041631593336e-31,1024,1.2656004455523084e-30,1024,3.3698041631593336e-31,0.0,0.0069282032302755096,1.3927957699248753e-30,1.2986766571533386e-17,7.700146102510003e+27,2.875343869512782e-88,5.237068767221307e-46,1.0,4.4767239198287495e-64,5.1993107319320465e-67,True,True
0.005623413251903491,0.1,pi,1.0,tree_eta,2.2383619599143747e-62,-1.0942687833372484e-10,3.7397319445586524e-62,4.53467955166568e-65,1.0,1.0,4.5059872279383935e-31,3.7252734392199947e-35,2.610797601675169e-30,2.1602361316157217e-30,1024,3.0614335772034005e-30,1024,2.1602361316157217e-30,0.0,0.012320281152964092,7.832266189790669e-31,1.2986766571533386e-17,7.700146102510003e+27,2.875343869512783e-88,5.237068767221307e-46,1.0,2.517446861587833e-64,2.923787287071071e-67,True,True
0.01,0.1,pi,1.0,tree_eta,7.078322021207937e-63,-1.0942687833372483e-09,1.182607078329588e-62,1.433991584225474e-65,1.0,1.0,2.5339028290496633e-31,3.7252734392199936e-35,1.4681593831297997e-29,1.4428240801127423e-29,1024,1.4935021366937356e-29,1024,1.4428240801127423e-29,0.0,0.02190890230020665,4.40440694841045e-31,1.2986766571533386e-17,7.700146102510003e+27,2.875343869512782e-88,5.237068767221307e-46,1.0,1.4156644042415873e-64,1.6441664175862415e-67,True,True
0.01778279410038923,0.1,pi,1.0,tree_eta,2.2383619599143744e-63,-1.0942687833372485e-08,3.7397319445586524e-63,4.53467955166568e-66,1.0,1.0,1.4249182747913625e-31,3.7252734392199936e-35,8.25606693099857e-29,8.241821473524096e-29,1024,8.270319839019923e-29,1024,8.241821473524096e-29,0.0,0.03896014985701188,2.476780040046714e-31,1.2986766571533386e-17,7.700146102510003e+27,2.875343869512782e-88,5.237068767221307e-46,1.0,7.960865971060202e-65,9.245827220989159e-68,True,True
0.03162277660168379,0.1,pi,1.0,tree_eta,7.078322021207938e-64,-1.094268783337248e-07,1.1826070783295881e-63,1.4339915842254745e-66,1.0,1.0,8.012904309341207e-32,3.7252734392199936e-35,4.6427276188379515e-28,4.641926700934362e-28,1024,4.64352928179623e-28,1024,4.641926700934362e-28,0.0,0.06928203230275509,1.3927957699248754e-31,1.2986766571533386e-17,7.700146102510003e+27,2.875343869512782e-88,5.237068767221307e-46,1.0,4.47672391982875e-65,5.199310731932047e-68,True,True
0.056234132519034905,0.1,pi,1.0,tree_eta,2.238361959914375e-64,-1.094268783337248e-06,3.739731944558654e-64,4.534679551665681e-67,1.0,1.0,4.505987227938394e-32,3.7252734392199936e-35,2.6107976016751683e-27,2.610752579055623e-27,1024,2.610842698800182e-27,1024,2.610752579055623e-27,0.0,0.12320281152964092,7.832266189790668e-32,1.2986766571533386e-17,7.700146102510003e+27,2.875343869512782e-88,5.237068767221307e-46,1.0,2.5174468615878333e-65,2.9237872870710714e-68,True,True
0.1,0.1,pi,1.0,tree_eta,7.078322021207935e-65,-1.0942687833372485e-05,1.1826070783295877e-64,1.4339915842254742e-67,1.0,1.0,2.5339028290496636e-32,3.7252734392199936e-35,1.4681593831298e-26,1.4681568529522441e-26,1024,1.4681619207579024e-26,1024,1.4681568529522441e-26,0.0,0.21908902300206648,4.4044069484104506e-32,1.2986766571533386e-17,7.700146102510003e+27,2.875343869512782e-88,5.237068767221307e-46,1.0,1.415664404241587e-65,1.6441664175862415e-68,True,True
0.1778279410038923,0.1,pi,1.0,tree_eta,2.2383619599143746e-65,-0.00010942687833372486,3.7397319445586523e-65,4.534679551665679e-68,1.0,1.0,1.4249182747913627e-32,3.7252734392199947e-35,8.256066930998571e-26,8.25606550980557e-26,1024,8.25606835964212e-26,1024,8.25606550980557e-26,0.0,0.3896014985701188,2.476780040046714e-32,1.2986766571533386e-17,7.700146102510003e+27,2.875343869512783e-88,5.237068767221307e-46,1.0,7.960865971060202e-66,9.245827220989159e-69,True,True
0.31622776601683794,0.1,pi,1.0,tree_eta,7.078322021207937e-66,-0.0010942687833372484,1.182607078329588e-65,1.433991584225474e-68,1.0,1.0,8.012904309341207e-33,3.7252734392199936e-35,4.642727618837953e-25,4.642727539081437e-25,1024,4.642727699339524e-25,1024,4.642727539081437e-25,0.0,0.692820323027551,1.392795769924875e-32,1.2986766571533386e-17,7.700146102510003e+27,2.875343869512782e-88,5.237068767221307e-46,1.0,4.47672391982875e-66,5.199310731932047e-69,True,True
0.5623413251903491,0.1,pi,1.0,tree_eta,2.238361959914375e-66,-0.010942687833372482,3.739731944558653e-66,4.53467955166568e-69,1.0,1.0,4.505987227938393e-33,3.7252734392199936e-35,2.6107976016751686e-24,2.610797597206434e-24,1024,2.6107976062184087e-24,1024,2.610797597206434e-24,0.0,1.2320281152964092,7.83226618979067e-33,1.2986766571533386e-17,7.700146102510003e+27,2.875343869512782e-88,5.237068767221307e-46,1.0,2.5174468615878334e-66,2.9237872870710714e-69,True,True
1.0,0.1,pi,1.0,tree_eta,7.078322021207937e-67,-0.10942687833372483,1.182607078329588e-66,1.4339915842254743e-69,1.0,1.0,2.5339028290496644e-33,3.7252734392199947e-35,1.4681593831297992e-23,1.4681593828801345e-23,1024,1.4681593833869148e-23,1024,1.4681593828801345e-23,0.0,2.1908902300206647,4.4044069484104505e-33,1.2986766571533386e-17,7.700146102510003e+27,2.875343869512783e-88,5.237068767221307e-46,1.0,1.4156644042415875e-66,1.644166417586242e-69,True,True
1.7782794100389228,0.1,pi,1.0,tree_eta,2.238361959914375e-67,-1.094268783337248,3.739731944558653e-67,4.534679551665681e-70,1.0,1.0,1.424918274791363e-33,3.7252734392199947e-35,8.25606693099857e-23,8.256066930859802e-23,1024,8.256066931144787e-23,1024,8.256066930859802e-23,0.0,3.8960149857011874,2.4767800400467145e-33,1.2986766571533386e-17,7.700146102510003e+27,2.8753438695127833e-88,5.237068767221307e-46,1.0,7.960865971060203e-67,9.24582722098916e-70,True,True
3.1622776601683795,0.1,pi,1.0,tree_eta,7.078322021207935e-68,-10.942687833372485,1.1826070783295877e-67,1.433991584225474e-70,1.0,1.0,8.01290430934121e-34,3.7252734392199936e-35,4.642727618837955e-22,4.642727618830315e-22,1024,4.642727618846341e-22,1024,4.642727618830315e-22,0.0,6.9282032302755105,1.3927957699248751e-33,1.2986766571533386e-17,7.700146102510003e+27,2.875343869512782e-88,5.237068767221307e-46,1.0,4.476723919828749e-67,5.1993107319320454e-70,True,True
5.62341325190349,0.1,pi,1.0,tree_eta,2.238361959914375e-68,-109.4268783337248,3.739731944558653e-68,4.534679551665681e-71,1.0,1.0,4.5059872279383945e-34,3.7252734392199936e-35,2.6107976016751682e-21,2.610797601674755e-21,1024,2.610797601675656e-21,1024,2.610797601674755e-21,0.0,12.320281152964093,7.832266189790669e-34,1.2986766571533386e-17,7.700146102510003e+27,2.8753438695127816e-88,5.237068767221307e-46,1.0,2.517446861587833e-67,2.923787287071071e-70,True,True
10.0,0.1,pi,1.0,tree_eta,7.078322021207937e-69,-1094.2687833372484,1.182607078329588e-68,1.4339915842254742e-71,1.0,1.0,2.533902829049664e-34,3.7252734392199936e-35,1.4681593831297996e-20,1.468159383129778e-20,1024,1.4681593831298288e-20,1024,1.468159383129778e-20,0.0,21.908902300206645,4.404406948410451e-34,1.2986766571533386e-17,7.700146102510003e+27,2.875343869512782e-88,5.237068767221307e-46,1.0,1.4156644042415874e-67,1.6441664175862416e-70,True,True
17.78279410038923,0.1,pi,1.0,tree_eta,2.2383619599143744e-69,-10942.687833372485,3.739731944558652e-69,4.53467955166568e-72,1.0,1.0,1.4249182747913626e-34,3.7252734392199936e-35,8.25606693099857e-20,8.256066930998559e-20,1024,8.256066930998588e-20,1024,8.256066930998559e-20,0.0,38.96014985701188,2.476780040046714e-34,1.2986766571533386e-17,7.700146102510003e+27,2.8753438695127816e-88,5.237068767221307e-46,1.0,7.960865971060201e-68,9.245827220989159e-71,True,True
31.622776601683793,0.1,pi,1.0,tree_eta,7.078322021207938e-70,-109426.87833372482,1.1826070783295881e-69,1.4339915842254742e-72,1.0,1.0,8.012904309341209e-35,3.7252734392199936e-35,4.642727618837953e-19,4.642727618837953e-19,1024,4.642727618837954e-19,1024,4.642727618837953e-19,0.0,69.2820323027551,1.3927957699248752e-34,1.2986766571533386e-17,7.700146102510003e+27,2.875343869512782e-88,5.237068767221307e-46,1.0,4.47672391982875e-68,5.199310731932047e-71,True,True
56.23413251903491,0.1,pi,1.0,tree_eta,2.238361959914375e-70,-1094268.7833372485,3.739731944558653e-70,4.534679551665681e-73,1.0,1.0,4.5059872279383945e-35,3.7252734392199936e-35,2.610797601675169e-18,2.610797601675169e-18,1024,2.610797601675169e-18,1024,2.610797601675169e-18,0.0,123.20281152964093,7.832266189790668e-35,1.2986766571533386e-17,7.700146102510003e+27,2.875343869512782e-88,5.237068767221307e-46,1.0,2.5174468615878333e-68,2.9237872870710715e-71,True,True
100.0,0.1,pi,1.0,tree_eta,7.078322021207937e-71,-10942687.833372483,1.1826070783295879e-70,1.4339915842254742e-73,1.0,1.0,2.5339028290496643e-35,3.7252734392199936e-35,1.4681593831297994e-17,1.4681593831297994e-17,1024,1.4681593831297994e-17,1024,1.4681593831297994e-17,0.0,219.08902300206645,4.404406948410451e-35,1.2986766571533386e-17,7.700146102510003e+27,2.875343869512782e-88,5.237068767221307e-46,1.0,1.4156644042415873e-68,1.6441664175862418e-71,True,True
177.82794100389228,0.1,pi,1.0,tree_eta,2.2383619599143752e-71,-109426878.33372484,3.739731944558654e-71,4.53467955166568e-74,1.0,1.0,1.424918274791363e-35,3.7252734392199947e-35,8.256066930998568e-17,8.256066930998568e-17,1024,8.256066930998568e-17,1024,8.256066930998568e-17,0.0,389.60149857011874,2.4767800400467146e-35,1.2986766571533386e-17,7.700146102510003e+27,2.875343869512783e-88,5.237068767221307e-46,1.0,7.960865971060204e-69,9.24582722098916e-72,True,True
316.2277660168379,0.1,pi,1.0,tree_eta,7.078322021207939e-72,-1094268783.3372478,1.1826070783295883e-71,1.4339915842254744e-74,1.0,1.0,8.012904309341208e-36,3.7252734392199947e-35,4.642727618837953e-16,4.642727618837953e-16,1024,4.642727618837953e-16,1024,4.642727618837953e-16,0.0,692.8203230275509,1.3927957699248754e-35,1.2986766571533386e-17,7.700146102510003e+27,2.875343869512783e-88,5.237068767221307e-46,1.0,4.4767239198287503e-69,5.199310731932048e-72,True,True
562.341325190349,0.1,pi,1.0,tree_eta,2.2383619599143748e-72,-10942687833.37248,3.739731944558653e-72,4.534679551665681e-75,1.0,1.0,4.5059872279383936e-36,3.7252734392199936e-35,2.6107976016751684e-15,2.6107976016751684e-15,1024,2.6107976016751684e-15,1024,2.6107976016751684e-15,0.0,1232.0281152964092,7.832266189790669e-36,1.2986766571533386e-17,7.700146102510003e+27,2.875343869512782e-88,5.237068767221307e-46,1.0,2.517446861587833e-69,2.923787287071071e-72,True,True
1000.0,0.1,pi,1.0,tree_eta,7.078322021207937e-73,-109426878333.72484,1.1826070783295882e-72,1.4339915842254743e-75,1.0,1.0,2.5339028290496642e-36,3.7252734392199936e-35,1.4681593831297994e-14,1.4681593831297994e-14,1024,1.4681593831297994e-14,1024,1.4681593831297994e-14,0.0,2190.8902300206646,4.404406948410451e-36,1.2986766571533386e-17,7.700146102510003e+27,2.875343869512782e-88,5.237068767221307e-46,1.0,1.4156644042415875e-69,1.644166417586242e-72,True,True
1778.2794100389228,0.1,pi,1.0,tree_eta,2.2383619599143748e-73,-1094268783337.2484,3.739731944558652e-73,4.53467955166568e-76,1.0,1.0,1.424918274791363e-36,3.7252734392199936e-35,8.25606693099857e-14,8.25606693099857e-14,1024,8.25606693099857e-14,1024,8.25606693099857e-14,0.0,3896.0149857011875,2.4767800400467144e-36,1.2986766571533386e-17,7.700146102510003e+27,2.875343869512782e-88,5.237068767221307e-46,1.0,7.960865971060203e-70,9.245827220989161e-73,True,True
3162.2776601683795,0.1,pi,1.0,tree_eta,7.078322021207937e-74,-10942687833372.484,1.182607078329588e-73,1.433991584225474e-76,1.0,1.0,8.012904309341209e-37,3.7252734392199947e-35,4.642727618837955e-13,4.642727618837955e-13,1024,4.642727618837955e-13,1024,4.642727618837955e-13,0.0,6928.203230275511,1.3927957699248751e-36,1.2986766571533386e-17,7.700146102510003e+27,2.875343869512783e-88,5.237068767221307e-46,1.0,4.47672391982875e-70,5.1993107319320475e-73,True,True
5623.413251903491,0.1,pi,1.0,tree_eta,2.2383619599143743e-74,-109426878333724.84,3.739731944558652e-74,4.53467955166568e-77,1.0,1.0,4.505987227938394e-37,3.7252734392199936e-35,2.6107976016751687e-12,2.6107976016751687e-12,1024,2.6107976016751687e-12,1024,2.6107976016751687e-12,0.0,12320.281152964093,7.832266189790669e-37,1.2986766571533386e-17,7.700146102510003e+27,2.875343869512782e-88,5.237068767221307e-46,1.0,2.5174468615878326e-70,2.9237872870710704e-73,True,True
10000.0,0.1,pi,1.0,tree_eta,7.078322021207937e-75,-1094268783337248.4,1.1826070783295878e-74,1.4339915842254744e-77,1.0,1.0,2.5339028290496638e-37,3.7252734392199936e-35,1.468159383129799e-11,1.468159383129799e-11,1024,1.468159383129799e-11,1024,1.468159383129799e-11,0.0,21908.902300206646,4.4044069484104505e-37,1.2986766571533386e-17,7.700146102510003e+27,2.875343869512782e-88,5.237068767221307e-46,1.0,1.4156644042415874e-70,1.6441664175862418e-73,True,True
17782.794100389227,0.1,pi,1.0,tree_eta,2.238361959914375e-75,-1.094268783337248e+16,3.7397319445586535e-75,4.53467955166568e-78,1.0,1.0,1.4249182747913632e-37,3.7252734392199936e-35,8.256066930998568e-11,8.256066930998568e-11,1024,8.256066930998568e-11,1024,8.256066930998568e-11,0.0,38960.14985701187,2.4767800400467144e-37,1.2986766571533386e-17,7.700146102510003e+27,2.875343869512782e-88,5.237068767221307e-46,1.0,7.960865971060203e-71,9.24582722098916e-74,True,True
31622.776601683792,0.1,pi,1.0,tree_eta,7.078322021207937e-76,-1.0942687833372483e+17,1.182607078329588e-75,1.4339915842254744e-78,1.0,1.0,8.012904309341209e-38,3.7252734392199936e-35,4.642727618837953e-10,4.642727618837953e-10,1024,4.642727618837953e-10,1024,4.642727618837953e-10,0.0,69282.03230275509,1.3927957699248754e-37,1.2986766571533386e-17,7.700146102510003e+27,2.875343869512782e-88,5.237068767221307e-46,1.0,4.47672391982875e-71,5.199310731932047e-74,True,True
56234.13251903491,0.1,pi,1.0,tree_eta,2.2383619599143746e-76,-1.0942687833372484e+18,3.7397319445586527e-76,4.53467955166568e-79,1.0,1.0,4.505987227938394e-38,3.7252734392199936e-35,2.6107976016751687e-09,2.6107976016751687e-09,1024,2.6107976016751687e-09,1024,2.6107976016751687e-09,0.0,123202.81152964092,7.832266189790669e-38,1.2986766571533386e-17,7.700146102510003e+27,2.875343869512782e-88,5.237068767221307e-46,1.0,2.5174468615878328e-71,2.9237872870710707e-74,True,True
100000.0,0.1,pi,1.0,tree_eta,7.078322021207937e-77,-1.0942687833372484e+19,1.182607078329588e-76,1.433991584225474e-79,1.0,1.0,2.5339028290496643e-38,3.7252734392199947e-35,1.4681593831297993e-08,1.4681593831297993e-08,1024,1.4681593831297993e-08,1024,1.4681593831297993e-08,0.0,219089.02300206647,4.404406948410451e-38,1.2986766571533386e-17,7.700146102510003e+27,2.875343869512783e-88,5.237068767221307e-46,1.0,1.4156644042415873e-71,1.6441664175862416e-74,True,True
177827.94100389228,0.1,pi,1.0,tree_eta,2.238361959914375e-77,-1.0942687833372482e+20,3.739731944558653e-77,4.53467955166568e-80,1.0,1.0,1.4249182747913626e-38,3.7252734392199936e-35,8.256066930998568e-08,8.256066930998568e-08,1024,8.256066930998568e-08,1024,8.256066930998568e-08,0.0,389601.49857011874,2.476780040046714e-38,1.2986766571533386e-17,7.700146102510003e+27,2.875343869512782e-88,5.237068767221307e-46,1.0,7.960865971060203e-72,9.245827220989161e-75,True,True
316227.7660168379,0.1,pi,1.0,tree_eta,7.078322021207937e-78,-1.0942687833372477e+21,1.182607078329588e-77,1.433991584225474e-80,1.0,1.0,8.012904309341209e-39,3.7252734392199936e-35,4.6427276188379526e-07,4.6427276188379526e-07,1024,4.6427276188379526e-07,1024,4.6427276188379526e-07,0.0,692820.3230275509,1.3927957699248754e-38,1.2986766571533386e-17,7.700146102510003e+27,2.875343869512782e-88,5.237068767221307e-46,1.0,4.4767239198287496e-72,5.199310731932048e-75,True,True
562341.3251903491,0.1,pi,1.0,tree_eta,2.2383619599143744e-78,-1.0942687833372488e+22,3.739731944558652e-78,4.53467955166568e-81,1.0,1.0,4.505987227938393e-39,3.7252734392199936e-35,2.6107976016751697e-06,2.6107976016751697e-06,1024,2.6107976016751697e-06,1024,2.6107976016751697e-06,0.0,1232028.1152964095,7.832266189790668e-39,1.2986766571533386e-17,7.700146102510003e+27,2.875343869512782e-88,5.237068767221307e-46,1.0,2.517446861587833e-72,2.923787287071071e-75,True,True
1000000.0,0.1,pi,1.0,tree_eta,7.078322021207937e-79,-1.0942687833372484e+23,1.182607078329588e-78,1.4339915842254743e-81,1.0,1.0,2.5339028290496645e-39,3.7252734392199947e-35,1.4681593831297998e-05,1.4681593831297998e-05,1024,1.4681593831297998e-05,1024,1.4681593831297998e-05,0.0,2190890.2300206646,4.404406948410451e-39,1.2986766571533386e-17,7.700146102510003e+27,2.875343869512783e-88,5.237068767221307e-46,1.0,1.4156644042415874e-72,1.6441664175862418e-75,True,True
1778279.410038923,0.1,pi,1.0,tree_eta,2.2383619599143745e-79,-1.0942687833372486e+24,3.7397319445586524e-79,4.53467955166568e-82,1.0,1.0,1.4249182747913625e-39,3.7252734392199947e-35,8.25606693099857e-05,8.25606693099857e-05,1024,8.25606693099857e-05,1024,8.25606693099857e-05,0.0,3896014.985701188,2.476780040046714e-39,1.2986766571533386e-17,7.700146102510003e+27,2.875343869512783e-88,5.237068767221307e-46,1.0,7.960865971060202e-73,9.24582722098916e-76,True,True
3162277.660168379,0.1,pi,1.0,tree_eta,7.078322021207939e-80,-1.094268783337248e+25,1.1826070783295884e-79,1.4339915842254742e-82,1.0,1.0,8.012904309341209e-40,3.7252734392199947e-35,0.0004642727618837952,0.0004642727618837952,1024,0.0004642727618837952,1024,0.0004642727618837952,0.0,6928203.230275509,1.3927957699248754e-39,1.2986766571533386e-17,7.700146102510003e+27,2.875343869512783e-88,5.237068767221307e-46,1.0,4.476723919828751e-73,5.199310731932048e-76,True,True
5623413.251903491,0.1,pi,1.0,tree_eta,2.2383619599143742e-80,-1.0942687833372486e+26,3.739731944558652e-80,4.5346795516656794e-83,1.0,1.0,4.505987227938393e-40,3.7252734392199936e-35,0.002610797601675169,0.002610797601675169,1024,0.002610797601675169,1024,0.002610797601675169,0.0,12320281.152964093,7.832266189790668e-40,1.2986766571533386e-17,7.700146102510003e+27,2.875343869512782e-88,5.237068767221307e-46,1.0,2.5174468615878326e-73,2.9237872870710704e-76,True,True
10000000.0,0.1,pi,1.0,tree_eta,7.078322021207937e-81,-1.0942687833372484e+27,1.1826070783295879e-80,1.4339915842254744e-83,1.0,1.0,2.5339028290496635e-40,3.7252734392199936e-35,0.014681593831297992,0.014681593831297992,1024,0.014681593831297992,1024,0.014681593831297992,0.0,21908902.300206646,4.4044069484104506e-40,1.2986766571533386e-17,7.700146102510003e+27,2.875343869512782e-88,5.237068767221307e-46,1.0,1.4156644042415874e-73,1.6441664175862418e-76,True,True
17782794.100389227,0.1,pi,1.0,tree_eta,2.238361959914375e-81,-1.0942687833372482e+28,3.7397319445586533e-81,4.534679551665681e-84,1.0,1.0,1.424918274791363e-40,3.7252734392199947e-35,0.08256066930998571,0.08256066930998571,1024,0.08256066930998571,1024,0.08256066930998571,0.0,38960149.85701187,2.4767800400467144e-40,1.2986766571533386e-17,7.700146102510003e+27,2.875343869512783e-88,5.237068767221307e-46,1.0,7.960865971060203e-74,9.245827220989162e-77,True,True
31622776.60168379,0.1,pi,1.0,tree_eta,7.078322021207937e-82,-1.094268783337248e+29,1.182607078329588e-81,1.4339915842254745e-84,1.0,1.0,8.012904309341208e-41,3.7252734392199936e-35,0.4642727618837953,0.4642727618837953,1024,0.4642727618837953,1024,0.4642727618837953,0.0,69282032.30275509,1.3927957699248754e-40,1.2986766571533386e-17,7.700146102510003e+27,2.875343869512782e-88,5.237068767221307e-46,1.0,4.47672391982875e-74,5.199310731932048e-77,False,False
56234132.51903491,0.1,pi,1.0,tree_eta,2.2383619599143754e-82,-1.0942687833372481e+30,3.739731944558654e-82,4.53467955166568e-85,1.0,1.0,4.505987227938395e-41,3.7252734392199947e-35,2.610797601675168,2.610797601675168,1024,2.610797601675168,1024,2.610797601675168,0.0,123202811.52964093,7.832266189790669e-41,1.2986766571533386e-17,7.700146102510003e+27,2.875343869512783e-88,5.237068767221307e-46,1.0,2.5174468615878338e-74,2.923787287071072e-77,False,False
100000000.0,0.1,pi,1.0,tree_eta,7.078322021207937e-83,-1.0942687833372484e+31,1.182607078329588e-82,1.4339915842254743e-85,1.0,1.0,2.5339028290496637e-41,3.7252734392199936e-35,14.681593831297995,14.681593831297995,1024,14.681593831297995,1024,14.681593831297995,0.0,219089023.00206646,4.404406948410451e-41,1.2986766571533386e-17,7.700146102510003e+27,2.875343869512782e-88,5.237068767221307e-46,1.0,1.4156644042415875e-74,1.644166417586242e-77,False,False
177827941.00389227,0.1,pi,1.0,tree_eta,2.238361959914375e-83,-1.0942687833372482e+32,3.739731944558653e-83,4.5346795516656794e-86,1.0,1.0,1.4249182747913631e-41,3.7252734392199936e-35,82.56066930998568,82.56066930998568,1024,82.56066930998568,1024,82.56066930998568,0.0,389601498.5701187,2.4767800400467143e-41,1.2986766571533386e-17,7.700146102510003e+27,2.875343869512782e-88,5.237068767221307e-46,1.0,7.960865971060203e-75,9.24582722098916e-78,False,False
316227766.01683795,0.1,pi,1.0,tree_eta,7.078322021207935e-84,-1.0942687833372486e+33,1.1826070783295877e-83,1.433991584225474e-86,1.0,1.0,8.012904309341206e-42,3.7252734392199936e-35,464.2727618837954,464.2727618837954,1024,464.2727618837954,1024,464.2727618837954,0.0,692820323.027551,1.392795769924875e-41,1.2986766571533386e-17,7.700146102510003e+27,2.875343869512782e-88,5.237068767221307e-46,1.0,4.476723919828748e-75,5.199310731932046e-78,False,False
562341325.1903491,0.1,pi,1.0,tree_eta,2.238361959914374e-84,-1.0942687833372484e+34,3.7397319445586515e-84,4.53467955166568e-87,1.0,1.0,4.5059872279383934e-42,3.7252734392199936e-35,2610.797601675169,2610.797601675169,1024,2610.797601675169,1024,2610.797601675169,0.0,1232028115.2964091,7.83226618979067e-42,1.2986766571533386e-17,7.700146102510003e+27,2.8753438695127816e-88,5.237068767221307e-46,1.0,2.5174468615878324e-75,2.92378728707107e-78,False,False
1000000000.0,0.1,pi,1.0,tree_eta,7.078322021207936e-85,-1.0942687833372482e+35,1.182607078329588e-84,1.4339915842254743e-87,1.0,1.0,2.5339028290496637e-42,3.7252734392199936e-35,14681.593831297996,14681.593831297996,1024,14681.593831297996,1024,14681.593831297996,0.0,2190890230.0206647,4.404406948410451e-42,1.2986766571533386e-17,7.700146102510003e+27,2.875343869512782e-88,5.237068767221307e-46,1.0,1.4156644042415874e-75,1.6441664175862416e-78,False,False
1778279410.0389228,0.1,pi,1.0,tree_eta,2.238361959914375e-85,-1.0942687833372483e+36,3.739731944558653e-85,4.53467955166568e-88,1.0,1.0,1.4249182747913629e-42,3.7252734392199947e-35,82560.66930998568,82560.66930998568,1024,82560.66930998568,1024,82560.66930998568,0.0,3896014985.701187,2.4767800400467145e-42,1.2986766571533386e-17,7.700146102510003e+27,2.875343869512783e-88,5.237068767221307e-46,1.0,7.960865971060204e-76,9.245827220989163e-79,False,False
3162277660.1683793,0.1,pi,1.0,tree_eta,7.078322021207936e-86,-1.0942687833372482e+37,1.1826070783295879e-85,1.4339915842254744e-88,1.0,1.0,8.012904309341208e-43,3.7252734392199936e-35,464272.7618837953,464272.7618837953,1024,464272.7618837953,1024,464272.7618837953,0.0,6928203230.27551,1.3927957699248752e-42,1.2986766571533386e-17,7.700146102510003e+27,2.875343869512782e-88,5.237068767221307e-46,1.0,4.476723919828749e-76,5.199310731932047e-79,False,False
5623413251.903491,0.1,pi,1.0,tree_eta,2.238361959914375e-86,-1.0942687833372485e+38,3.739731944558653e-86,4.5346795516656794e-89,1.0,1.0,4.505987227938394e-43,3.7252734392199947e-35,2610797.601675168,2610797.601675168,1024,2610797.601675168,1024,2610797.601675168,0.0,12320281152.964092,7.832266189790668e-43,1.2986766571533386e-17,7.700146102510003e+27,2.875343869512783e-88,5.237068767221307e-46,1.0,2.5174468615878334e-76,2.9237872870710716e-79,False,False
10000000000.0,0.1,pi,1.0,tree_eta,7.078322021207937e-87,-1.0942687833372485e+39,1.182607078329588e-86,1.4339915842254742e-89,1.0,1.0,2.533902829049664e-43,3.7252734392199947e-35,14681593.831297994,14681593.831297994,1024,14681593.831297994,1024,14681593.831297994,0.0,21908902300.206646,4.404406948410451e-43,1.2986766571533386e-17,7.700146102510003e+27,2.875343869512783e-88,5.237068767221307e-46,1.0,1.4156644042415874e-76,1.6441664175862418e-79,False,False
17782794100.38923,0.1,pi,1.0,tree_eta,2.238361959914375e-87,-1.0942687833372486e+40,3.7397319445586527e-87,4.53467955166568e-90,1.0,1.0,1.4249182747913626e-43,3.7252734392199947e-35,82560669.30998568,82560669.30998568,1024,82560669.30998568,1024,82560669.30998568,0.0,38960149857.01187,2.4767800400467146e-43,1.2986766571533386e-17,7.700146102510003e+27,2.875343869512783e-88,5.237068767221307e-46,1.0,7.960865971060204e-77,9.245827220989161e-80,False,False
31622776601.683792,0.1,pi,1.0,tree_eta,7.078322021207937e-88,-1.0942687833372482e+41,1.182607078329588e-87,1.4339915842254744e-90,1.0,1.0,8.012904309341208e-44,3.7252734392199936e-35,464272761.88379514,464272761.88379514,1024,464272761.88379514,1024,464272761.88379514,0.0,69282032302.7551,1.3927957699248752e-43,1.2986766571533386e-17,7.700146102510003e+27,2.875343869512782e-88,5.237068767221307e-46,1.0,4.47672391982875e-77,5.199310731932047e-80,False,False
56234132519.034904,0.1,pi,1.0,tree_eta,2.238361959914375e-88,-1.094268783337248e+42,3.739731944558653e-88,4.5346795516656805e-91,1.0,1.0,4.505987227938394e-44,3.7252734392199947e-35,2610797601.675168,2610797601.675168,1024,2610797601.675168,1024,2610797601.675168,0.0,123202811529.64091,7.83226618979067e-44,1.6000061542920687e-17,7.700146102510003e+27,2.875343869512783e-88,5.237068767221307e-46,1.0,2.517446861587833e-77,2.923787287071071e-80,False,False
100000000000.0,0.1,pi,1.0,tree_eta,7.078322021207937e-89,-1.0942687833372483e+43,1.1826070783295879e-88,1.4339915842254744e-91,1.0,1.0,2.5339028290496645e-44,3.7252734392199936e-35,14681593831.297997,14681593831.297997,1024,14681593831.297997,1024,14681593831.297997,0.0,219089023002.06647,4.4044069484104505e-44,2.845258000113146e-17,7.700146102510003e+27,2.875343869512782e-88,5.237068767221307e-46,1.0,1.4156644042415872e-77,1.6441664175862415e-80,False,False
177827941003.89227,0.1,pi,1.0,tree_eta,2.2383619599143747e-89,-1.094268783337248e+44,3.739731944558652e-89,4.53467955166568e-92,1.0,1.0,1.4249182747913627e-44,3.7252734392199936e-35,82560669309.98569,82560669309.98569,1024,82560669309.98569,1024,82560669309.98569,0.0,389601498570.1187,2.4767800400467146e-44,5.0596637178497304e-17,7.700146102510003e+27,2.875343869512782e-88,5.237068767221307e-46,1.0,7.960865971060202e-78,9.24582722098916e-81,False,False
316227766016.83795,0.1,pi,1.0,tree_eta,7.078322021207936e-90,-1.0942687833372485e+45,1.1826070783295878e-89,1.4339915842254742e-92,1.0,1.0,8.012904309341207e-45,3.7252734392199936e-35,464272761883.79535,464272761883.79535,1024,464272761883.79535,1024,464272761883.79535,0.0,692820323027.551,1.392795769924875e-44,8.997495811173162e-17,7.700146102510003e+27,2.875343869512782e-88,5.237068767221307e-46,1.0,4.476723919828749e-78,5.199310731932046e-81,False,False
562341325190.3491,0.1,pi,1.0,tree_eta,2.2383619599143746e-90,-1.0942687833372485e+46,3.7397319445586523e-90,4.534679551665679e-93,1.0,1.0,4.505987227938395e-45,3.7252734392199936e-35,2610797601675.17,2610797601675.17,1024,2610797601675.17,1024,2610797601675.17,0.0,1232028115296.4094,7.832266189790668e-45,1.6000061542920692e-16,7.700146102510003e+27,2.875343869512782e-88,5.237068767221307e-46,1.0,2.5174468615878333e-78,2.9237872870710715e-81,False,False
1000000000000.0,0.1,pi,1.0,tree_eta,7.078322021207936e-91,-1.0942687833372485e+47,1.1826070783295877e-90,1.4339915842254744e-93,1.0,1.0,2.533902829049664e-45,3.7252734392199936e-35,14681593831297.996,14681593831297.996,1024,14681593831297.996,1024,14681593831297.996,0.0,2190890230020.6646,4.404406948410451e-45,2.8452580001131456e-16,7.700146102510003e+27,2.875343869512782e-88,5.237068767221307e-46,1.0,1.4156644042415872e-78,1.6441664175862416e-81,False,False
1e-12,1.0,zero,1.0,tree_eta,7.078322021207937e-43,-1.0942687833372479e-47,1.1826070783295881e-43,1.4339915842254744e-46,1.0,1.0,2.533902829049664e-21,3.7252734392199936e-35,1.468159383129799e-57,2.533902829049701e-21,1024,2.533902829049701e-21,1024,2.533902829049701e-21,0.0,6.928203230275509e-12,1.3927957699248754e-21,4.106776180698152e-17,2.435e+27,2.875343869512782e-88,5.237068767221307e-46,1.0,1.4156644042415874e-54,1.6441664175862417e-57,True,True
1.7782794100389228e-12,1.0,zero,1.0,tree_eta,2.2383619599143746e-43,-1.094268783337248e-46,3.7397319445586527e-44,4.534679551665679e-47,1.0,1.0,1.4249182747913625e-21,3.7252734392199936e-35,8.256066930998567e-57,1.4249182747913997e-21,1024,1.4249182747913997e-21,1024,1.4249182747913997e-21,0.0,1.2320281152964092e-11,7.83226618979067e-22,4.106776180698152e-17,2.435e+27,2.875343869512782e-88,5.237068767221307e-46,1.0,7.960865971060202e-55,9.245827220989158e-58,True,True
3.1622776601683794e-12,1.0,zero,1.0,tree_eta,7.078322021207937e-44,-1.0942687833372481e-45,1.1826070783295883e-44,1.4339915842254743e-47,1.0,1.0,8.012904309341209e-22,3.7252734392199936e-35,4.642727618837953e-56,8.012904309341582e-22,1024,8.012904309341582e-22,1024,8.012904309341582e-22,0.0,2.1908902300206648e-11,4.40440694841045e-22,4.106776180698152e-17,2.435e+27,2.875343869512782e-88,5.237068767221307e-46,1.0,4.4767239198287496e-55,5.199310731932047e-58,True,True
5.6234132519034904e-12,1.0,zero,1.0,tree_eta,2.238361959914375e-44,-1.0942687833372476e-44,3.739731944558653e-45,4.534679551665681e-48,1.0,1.0,4.505987227938394e-22,3.7252734392199936e-35,2.6107976016751667e-55,4.505987227938766e-22,1024,4.505987227938766e-22,1024,4.505987227938766e-22,0.0,3.896014985701186e-11,2.476780040046715e-22,4.106776180698152e-17,2.435e+27,2.875343869512782e-88,5.237068767221307e-46,1.0,2.517446861587833e-55,2.9237872870710712e-58,True,True
1e-11,1.0,zero,1.0,tree_eta,7.078322021207937e-45,-1.0942687833372478e-43,1.1826070783295882e-45,1.4339915842254743e-48,1.0,1.0,2.5339028290496644e-22,3.7252734392199936e-35,1.4681593831297993e-54,2.5339028290500373e-22,1024,2.533902829050037e-22,1024,2.5339028290500373e-22,0.0,6.928203230275509e-11,1.3927957699248754e-22,4.106776180698152e-17,2.435e+27,2.875343869512782e-88,5.237068767221307e-46,1.0,1.4156644042415875e-55,1.6441664175862417e-58,True,True
1.7782794100389227e-11,1.0,zero,1.0,tree_eta,2.2383619599143752e-45,-1.0942687833372476e-42,3.7397319445586546e-46,4.534679551665681e-49,1.0,1.0,1.4249182747913628e-22,3.7252734392199936e-35,8.256066930998565e-54,1.4249182747917354e-22,1024,1.4249182747917354e-22,1024,1.4249182747917354e-22,0.0,1.232028115296409e-10,7.83226618979067e-23,4.106776180698152e-17,2.435e+27,2.875343869512782e-88,5.237068767221307e-46,1.0,7.960865971060204e-56,9.245827220989162e-59,True,True
3.1622776601683794e-11,1.0,zero,1.0,tree_eta,7.078322021207937e-46,-1.094268783337248e-41,1.1826070783295881e-46,1.4339915842254743e-49,1.0,1.0,8.012904309341209e-23,3.7252734392199936e-35,4.642727618837953e-53,8.012904309344934e-23,1024,8.012904309344934e-23,1024,8.012904309344934e-23,0.0,2.1908902300206645e-10,4.404406948410451e-23,4.106776180698152e-17,2.435e+27,2.875343869512782e-88,5.237068767221307e-46,1.0,4.47672391982875e-56,5.199310731932047e-59,True,True
5.6234132519034906e-11,1.0,zero,1.0,tree_eta,2.238361959914375e-46,-1.0942687833372478e-40,3.7397319445586534e-47,4.534679551665681e-50,1.0,1.0,4.5059872279383935e-23,3.7252734392199936e-35,2.6107976016751673e-52,4.5059872279421187e-23,1024,4.5059872279421187e-23,1024,4.5059872279421187e-23,0.0,3.896014985701187e-10,2.4767800400467146e-23,4.106776180698152e-17,2.435e+27,2.875343869512782e-88,5.237068767221307e-46,1.0,2.5174468615878335e-56,2.9237872870710715e-59,True,True
1e-10,1.0,zero,1.0,tree_eta,7.078322021207937e-47,-1.0942687833372483e-39,1.1826070783295883e-47,1.4339915842254742e-50,1.0,1.0,2.533902829049664e-23,3.7252734392199947e-35,1.4681593831297992e-51,2.5339028290533892e-23,1024,2.5339028290533892e-23,1024,2.5339028290533892e-23,0.0,6.928203230275509e-10,1.3927957699248753e-23,4.106776180698152e-17,2.435e+27,2.875343869512783e-88,5.237068767221307e-46,1.0,1.4156644042415874e-56,1.6441664175862415e-59,True,True
1.778279410038923e-10,1.0,zero,1.0,tree_eta,2.2383619599143743e-47,-1.094268783337248e-38,3.739731944558652e-48,4.5346795516656796e-51,1.0,1.0,1.4249182747913624e-23,3.7252734392199936e-35,8.256066930998569e-51,1.4249182747950875e-23,1024,1.4249182747950875e-23,1024,1.4249182747950875e-23,0.0,1.2320281152964093e-09,7.832266189790669e-24,4.106776180698152e-17,2.435e+27,2.875343869512782e-88,5.237068767221307e-46,1.0,7.960865971060201e-57,9.245827220989158e-60,True,True
3.1622776601683795e-10,1.0,zero,1.0,tree_eta,7.078322021207937e-48,-1.0942687833372481e-37,1.1826070783295881e-48,1.4339915842254742e-51,1.0,1.0,8.012904309341208e-24,3.7252734392199936e-35,4.642727618837952e-50,8.012904309378461e-24,1024,8.012904309378461e-24,1024,8.012904309378461e-24,0.0,2.1908902300206647e-09,4.40440694841045e-24,4.106776180698152e-17,2.435e+27,2.875343869512782e-88,5.237068767221307e-46,1.0,4.4767239198287494e-57,5.199310731932047e-60,True,True
5.623413251903491e-10,1.0,zero,1.0,tree_eta,2.2383619599143745e-48,-1.0942687833372481e-36,3.739731944558653e-49,4.53467955166568e-52,1.0,1.0,4.505987227938393e-24,3.7252734392199936e-35,2.610797601675168e-49,4.505987227975646e-24,1024,4.505987227975646e-24,1024,4.505987227975646e-24,0.0,3.896014985701188e-09,2.476780040046714e-24,4.106776180698152e-17,2.435e+27,2.875343869512782e-88,5.237068767221307e-46,1.0,2.5174468615878328e-57,2.923787287071071e-60,True,True
1e-09,1.0,zero,1.0,tree_eta,7.078322021207935e-49,-1.0942687833372483e-35,1.182607078329588e-49,1.4339915842254739e-52,1.0,1.0,2.533902829049663e-24,3.7252734392199936e-35,1.4681593831297994e-48,2.5339028290869157e-24,1024,2.5339028290869157e-24,1024,2.5339028290869157e-24,0.0,6.92820323027551e-09,1.3927957699248752e-24,4.106776180698152e-17,2.435e+27,2.8753438695127816e-88,5.237068767221307e-46,1.0,1.4156644042415872e-57,1.6441664175862416e-60,True,True
1.7782794100389228e-09,1.0,zero,1.0,tree_eta,2.238361959914375e-49,-1.094268783337248e-34,3.7397319445586535e-50,4.53467955166568e-53,1.0,1.0,1.4249182747913628e-24,3.7252734392199947e-35,8.256066930998568e-48,1.4249182748286155e-24,1024,1.4249182748286155e-24,1024,1.4249182748286155e-24,0.0,1.2320281152964092e-08,7.832266189790669e-25,4.106776180698152e-17,2.435e+27,2.875343869512783e-88,5.237068767221307e-46,1.0,7.960865971060203e-58,9.245827220989161e-61,True,True
3.1622776601683795e-09,1.0,zero,1.0,tree_eta,7.078322021207936e-50,-1.094268783337248e-33,1.182607078329588e-50,1.4339915842254741e-53,1.0,1.0,8.012904309341208e-25,3.7252734392199936e-35,4.642727618837953e-47,8.012904309713735e-25,1024,8.012904309713735e-25,1024,8.012904309713735e-25,0.0,2.1908902300206644e-08,4.404406948410451e-25,4.106776180698152e-17,2.435e+27,2.875343869512782e-88,5.237068767221307e-46,1.0,4.476723919828749e-58,5.199310731932046e-61,True,True
5.623413251903491e-09,1.0,zero,1.0,tree_eta,2.238361959914375e-50,-1.0942687833372481e-32,3.7397319445586534e-51,4.534679551665681e-54,1.0,1.0,4.505987227938394e-25,3.7252734392199936e-35,2.610797601675169e-46,4.505987228310921e-25,1024,4.505987228310921e-25,1024,4.505987228310921e-25,0.0,3.896014985701187e-08,2.476780040046714e-25,4.106776180698152e-17,2.435e+27,2.875343869512782e-88,5.237068767221307e-46,1.0,2.5174468615878333e-58,2.9237872870710714e-61,True,True
1e-08,1.0,zero,1.0,tree_eta,7.078322021207936e-51,-1.0942687833372481e-31,1.182607078329588e-51,1.4339915842254743e-54,1.0,1.0,2.533902829049664e-25,3.7252734392199936e-35,1.468159383129799e-45,2.533902829422191e-25,1024,2.5339028294221913e-25,1024,2.533902829422191e-25,0.0,6.92820323027551e-08,1.3927957699248751e-25,4.106776180698152e-17,2.435e+27,2.875343869512782e-88,5.237068767221307e-46,1.0,1.4156644042415872e-58,1.6441664175862415e-61,True,True
1.7782794100389228e-08,1.0,zero,1.0,tree_eta,2.238361959914375e-51,-1.094268783337248e-30,3.739731944558654e-52,4.53467955166568e-55,1.0,1.0,1.4249182747913626e-25,3.7252734392199936e-35,8.256066930998566e-45,1.4249182751638899e-25,1024,1.4249182751638899e-25,1024,1.4249182751638899e-25,0.0,1.232028115296409e-07,7.83226618979067e-26,4.106776180698152e-17,2.435e+27,2.875343869512782e-88,5.237068767221307e-46,1.0,7.960865971060203e-59,9.24582722098916e-62,True,True
3.162277660168379e-08,1.0,zero,1.0,tree_eta,7.078322021207936e-52,-1.0942687833372479e-29,1.1826070783295881e-52,1.4339915842254743e-55,1.0,1.0,8.012904309341208e-26,3.7252734392199936e-35,4.642727618837952e-44,8.012904313066482e-26,1024,8.012904313066482e-26,1024,8.012904313066482e-26,0.0,2.1908902300206643e-07,4.4044069484104515e-26,4.106776180698152e-17,2.435e+27,2.875343869512782e-88,5.237068767221307e-46,1.0,4.476723919828749e-59,5.1993107319320455e-62,True,True
5.6234132519034905e-08,1.0,zero,1.0,tree_eta,2.2383619599143747e-52,-1.0942687833372478e-28,3.739731944558653e-53,4.534679551665681e-56,1.0,1.0,4.505987227938394e-26,3.7252734392199936e-35,2.610797601675168e-43,4.5059872316636675e-26,1024,4.5059872316636675e-26,1024,4.5059872316636675e-26,0.0,3.896014985701187e-07,2.4767800400467146e-26,4.106776180698152e-17,2.435e+27,2.875343869512782e-88,5.237068767221307e-46,1.0,2.517446861587833e-59,2.9237872870710708e-62,True,True
1e-07,1.0,zero,1.0,tree_eta,7.078322021207937e-53,-1.094268783337248e-27,1.182607078329588e-53,1.4339915842254742e-56,1.0,1.0,2.533902829049664e-26,3.7252734392199936e-35,1.4681593831297987e-42,2.5339028327749372e-26,1024,2.5339028327749375e-26,1024,2.5339028327749372e-26,0.0,6.928203230275509e-07,1.3927957699248753e-26,4.106776180698152e-17,2.435e+27,2.875343869512782e-88,5.237068767221307e-46,1.0,1.4156644042415873e-59,1.6441664175862416e-62,True,True
1.7782794100389227e-07,1.0,zero,1.0,tree_eta,2.2383619599143753e-53,-1.0942687833372477e-26,3.739731944558654e-54,4.53467955166568e-57,1.0,1.0,1.4249182747913626e-26,3.7252734392199947e-35,8.256066930998565e-42,1.424918278516635e-26,1024,1.4249182785166368e-26,1024,1.424918278516635e-26,0.0,1.232028115296409e-06,7.83226618979067e-27,4.106776180698152e-17,2.435e+27,2.875343869512783e-88,5.237068767221307e-46,1.0,7.960865971060204e-60,9.245827220989161e-63,True,True
3.162277660168379e-07,1.0,zero,1.0,tree_eta,7.078322021207937e-54,-1.0942687833372477e-25,1.1826070783295883e-54,1.4339915842254743e-57,1.0,1.0,8.012904309341207e-27,3.7252734392199936e-35,4.642727618837951e-41,8.012904346593896e-27,1024,8.012904346593988e-27,1024,8.012904346593896e-27,0.0,2.190890230020664e-06,4.404406948410452e-27,4.106776180698152e-17,2.435e+27,2.875343869512782e-88,5.237068767221307e-46,1.0,4.4767239198287496e-60,5.199310731932047e-63,True,True
5.62341325190349e-07,1.0,zero,1.0,tree_eta,2.238361959914375e-54,-1.0942687833372476e-24,3.739731944558654e-55,4.5346795516656806e-58,1.0,1.0,4.505987227938395e-27,3.7252734392199936e-35,2.6107976016751675e-40,4.5059872651908684e-27,1024,4.505987265191391e-27,1024,4.5059872651908684e-27,0.0,3.896014985701187e-06,2.4767800400467146e-27,4.106776180698152e-17,2.435e+27,2.875343869512782e-88,5.237068767221307e-46,1.0,2.517446861587833e-60,2.9237872870710714e-63,True,True
1e-06,1.0,zero,1.0,tree_eta,7.078322021207936e-55,-1.0942687833372477e-23,1.182607078329588e-55,1.4339915842254742e-58,1.0,1.0,2.533902829049664e-27,3.725273439219993e-35,1.4681593831297991e-39,2.53390286630093e-27,1024,2.5339028663038666e-27,1024,2.53390286630093e-27,0.0,6.928203230275509e-06,1.3927957699248752e-27,4.106776180698152e-17,2.435e+27,2.875343869512781e-88,5.237068767221307e-46,1.0,1.415664404241587e-60,1.6441664175862413e-63,True,True
1.7782794100389227e-06,1.0,zero,1.0,tree_eta,2.238361959914375e-55,-1.094268783337248e-22,3.7397319445586537e-56,4.534679551665681e-59,1.0,1.0,1.424918274791363e-27,3.7252734392199947e-35,8.256066930998566e-39,1.4249183120358413e-27,1024,1.4249183120523534e-27,1024,1.4249183120358413e-27,0.0,1.232028115296409e-05,7.83226618979067e-28,4.106776180698152e-17,2.435e+27,2.875343869512783e-88,5.237068767221307e-46,1.0,7.960865971060204e-61,9.245827220989162e-64,True,True
3.162277660168379e-06,1.0,zero,1.0,tree_eta,7.0783220212079365e-56,-1.0942687833372478e-21,1.1826070783295881e-56,1.4339915842254746e-59,1.0,1.0,8.012904309341208e-28,3.7252734392199936e-35,4.6427276188379523e-38,8.0129046814042805e-28,1024,8.012904682332824e-28,1024,8.0129046814042805e-28,0.0,2.1908902300206645e-05,4.404406948410451e-28,4.106776180698152e-17,2.435e+27,2.875343869512782e-88,5.237068767221307e-46,1.0,4.476723919828749e-61,5.199310731932046e-64,True,True
5.623413251903491e-06,1.0,zero,1.0,tree_eta,2.2383619599143744e-56,-1.0942687833372482e-20,3.7397319445586527e-57,4.53467955166568e-60,1.0,1.0,4.505987227938393e-28,3.7252734392199936e-35,2.6107976016751686e-37,4.5059875978549405e-28,1024,4.5059876030765355e-28,1024,4.5059875978549405e-28,0.0,3.896014985701188e-05,2.4767800400467144e-28,4.106776180698152e-17,2.435e+27,2.875343869512782e-88,5.237068767221307e-46,1.0,2.5174468615878327e-61,2.9237872870710705e-64,True,True
9.999999999999999e-06,1.0,zero,1.0,tree_eta,7.078322021207938e-57,-1.0942687833372476e-19,1.1826070783295883e-57,1.4339915842254743e-60,1.0,1.0,2.5339028290496637e-28,3.7252734392199936e-35,1.4681593831297985e-36,2.5339031868954136e-28,1024,2.5339032162586015e-28,1024,2.5339031868954136e-28,0.0,6.928203230275508e-05,1.3927957699248755e-28,4.106776180698152e-17,2.435e+27,2.875343869512782e-88,5.237068767221307e-46,1.0,1.4156644042415874e-61,1.644166417586242e-64,True,True
1.778279410038923e-05,1.0,zero,1.0,tree_eta,2.2383619599143747e-57,-1.0942687833372482e-18,3.7397319445586534e-58,4.53467955166568e-61,1.0,1.0,1.4249182747913627e-28,3.7252734392199947e-35,8.256066930998568e-36,1.4249185647580372e-28,1024,1.4249187298793759e-28,1024,1.4249185647580372e-28,0.0,0.00012320281152964092,7.832266189790669e-29,4.106776180698152e-17,2.435e+27,2.875343869512783e-88,5.237068767221307e-46,1.0,7.960865971060202e-62,9.24582722098916e-65,True,True
3.1622776601683795e-05,1.0,zero,1.0,tree_eta,7.078322021207936e-58,-1.0942687833372483e-17,1.182607078329588e-58,1.4339915842254741e-61,1.0,1.0,8.012904309341209e-29,3.7252734392199936e-35,4.642727618837953e-35,8.012903391887029e-29,1024,8.012912677342267e-29,1024,8.012903391887029e-29,0.0,0.00021908902300206645,4.404406948410451e-29,4.106776180698152e-17,2.435e+27,2.875343869512782e-88,5.237068767221307e-46,1.0,4.476723919828749e-62,5.199310731932047e-65,True,True
5.623413251903491e-05,1.0,zero,1.0,tree_eta,2.238361959914375e-58,-1.094268783337248e-16,3.739731944558654e-59,4.534679551665681e-62,1.0,1.0,4.505987227938394e-29,3.7252734392199936e-35,2.610797601675167e-34,4.5059648452358163e-29,1024,4.50601706118785e-29,1024,4.5059648452358163e-29,0.0,0.0003896014985701187,2.4767800400467147e-29,4.106776180698152e-17,2.435e+27,2.875343869512782e-88,5.237068767221307e-46,1.0,2.5174468615878334e-62,2.9237872870710713e-65,True,True
0.0001,1.0,zero,1.0,tree_eta,7.078322021207936e-59,-1.0942687833372482e-15,1.182607078329588e-59,1.4339915842254741e-62,1.0,1.0,2.533902829049663e-29,3.7252734392199936e-35,1.468159383129799e-33,2.53375973838479e-29,1024,2.534053370261415e-29,1024,2.53375973838479e-29,0.0,0.0006928203230275509,1.3927957699248753e-29,4.106776180698152e-17,2.435e+27,2.875343869512782e-88,5.237068767221307e-46,1.0,1.4156644042415873e-62,1.6441664175862417e-65,True,True
0.00017782794100389227,1.0,zero,1.0,tree_eta,2.2383619599143752e-59,-1.0942687833372476e-14,3.739731944558654e-60,4.534679551665681e-63,1.0,1.0,1.424918274791363e-29,3.7252734392199947e-35,8.256066930998567e-33,1.4240963933717024e-29,1024,1.4257476067579018e-29,1024,1.4240963933717024e-29,0.0,0.0012320281152964092,7.832266189790669e-30,4.106776180698152e-17,2.435e+27,2.875343869512783e-88,5.237068767221307e-46,1.0,7.960865971060204e-63,9.245827220989162e-66,True,True
0.00031622776601683794,1.0,zero,1.0,tree_eta,7.078322021207937e-60,-1.0942687833372483e-13,1.1826070783295882e-60,1.4339915842254742e-63,1.0,1.0,8.012904309341207e-30,3.7252734392199936e-35,4.642727618837952e-32,7.96651428588722e-30,1024,8.059368838263979e-30,1024,7.96651428588722e-30,0.0,0.0021908902300206644,4.404406948410451e-30,4.106776180698152e-17,2.435e+27,2.875343869512782e-88,5.237068767221307e-46,1.0,4.4767239198287494e-63,5.199310731932047e-66,True,True
0.0005623413251903491,1.0,zero,1.0,tree_eta,2.2383619599143748e-60,-1.0942687833372481e-12,3.739731944558653e-61,4.53467955166568e-64,1.0,1.0,4.505987227938394e-30,3.7252734392199936e-35,2.6107976016751686e-31,4.244944720505269e-30,1024,4.767104240840303e-30,1024,4.244944720505269e-30,0.0,0.0038960149857011875,2.4767800400467144e-30,4.106776180698152e-17,2.435e+27,2.875343869512782e-88,5.237068767221307e-46,1.0,2.5174468615878334e-63,2.9237872870710713e-66,True,True
0.001,1.0,zero,1.0,tree_eta,7.078322021207937e-61,-1.0942687833372481e-11,1.1826070783295882e-61,1.433991584225474e-64,1.0,1.0,2.533902829049664e-30,3.7252734392199936e-35,1.468159383129799e-30,1.065780698654257e-30,1024,4.002099464913855e-30,1024,1.065780698654257e-30,0.0,0.0069282032302755096,1.3927957699248753e-30,4.106776180698152e-17,2.435e+27,2.875343869512782e-88,5.237068767221307e-46,1.0,1.4156644042415875e-63,1.6441664175862418e-66,True,True
0.0017782794100389228,1.0,zero,1.0,tree_eta,2.238361959914375e-61,-1.094268783337248e-10,3.7397319445586533e-62,4.5346795516656805e-65,1.0,1.0,1.4249182747913628e-30,3.7252734392199947e-35,8.256066930998564e-30,6.831111403472809e-30,1024,9.68102245852432e-30,1024,6.831111403472809e-30,0.0,0.012320281152964092,7.832266189790669e-31,4.106776180698152e-17,2.435e+27,2.875343869512783e-88,5.237068767221307e-46,1.0,7.960865971060203e-64,9.245827220989161e-67,True,True
0.0031622776601683794,1.0,zero,1.0,tree_eta,7.078322021207936e-62,-1.0942687833372481e-09,1.182607078329588e-62,1.433991584225474e-65,1.0,1.0,8.012904309341208e-31,3.7252734392199936e-35,4.642727618837952e-29,4.5625948504711003e-29,1024,4.7228603872048034e-29,1024,4.5625948504711003e-29,0.0,0.021908902300206645,4.404406948410451e-31,4.106776180698152e-17,2.435e+27,2.875343869512782e-88,5.237068767221307e-46,1.0,4.4767239198287495e-64,5.1993107319320465e-67,True,True
0.005623413251903491,1.0,zero,1.0,tree_eta,2.2383619599143747e-62,-1.0942687833372482e-08,3.7397319445586535e-63,4.53467955166568e-66,1.0,1.0,4.5059872279383935e-31,3.7252734392199947e-35,2.6107976016751685e-28,2.6062912419198863e-28,1024,2.6153039614304506e-28,1024,2.6062912419198863e-28,0.0,0.03896014985701187,2.4767800400467145e-31,4.106776180698152e-17,2.435e+27,2.875343869512783e-88,5.237068767221307e-46,1.0,2.517446861587833e-64,2.923787287071071e-67,True,True
0.01,1.0,zero,1.0,tree_eta,7.078322021207937e-63,-1.094268783337248e-07,1.1826070783295881e-63,1.4339915842254742e-66,1.0,1.0,2.5339028290496633e-31,3.7252734392199936e-35,1.4681593831297992e-27,1.46790595559416e-27,1024,1.4684128106654386e-27,1024,1.46790595559416e-27,0.0,0.06928203230275509,1.3927957699248754e-31,4.106776180698152e-17,2.435e+27,2.875343869512782e-88,5.237068767221307e-46,1.0,1.4156644042415873e-64,1.6441664175862415e-67,True,True
0.01778279410038923,1.0,zero,1.0,tree_eta,2.2383619599143744e-63,-1.094268783337248e-06,3.739731944558653e-64,4.534679551665679e-67,1.0,1.0,1.4249182747913625e-31,3.7252734392199936e-35,8.25606693099857e-27,8.255924401918357e-27,1024,8.256209460078784e-27,1024,8.255924401918357e-27,0.0,0.12320281152964094,7.832266189790668e-32,4.106776180698152e-17,2.435e+27,2.875343869512782e-88,5.237068767221307e-46,1.0,7.960865971060202e-65,9.245827220989159e-68,True,True
0.03162277660168379,1.0,zero,1.0,tree_eta,7.078322021207938e-64,-1.0942687833372478e-05,1.1826070783295884e-64,1.4339915842254746e-67,1.0,1.0,8.012904309341207e-32,3.7252734392199936e-35,4.64272761883795e-26,4.642719602208367e-26,1024,4.6427356354675325e-26,1024,4.642719602208367e-26,0.0,0.21908902300206642,4.4044069484104517e-32,4.106776180698152e-17,2.435e+27,2.875343869512782e-88,5.237068767221307e-46,1.0,4.47672391982875e-65,5.199310731932047e-68,True,True
0.056234132519034905,1.0,zero,1.0,tree_eta,2.238361959914375e-64,-0.00010942687833372478,3.7397319445586536e-65,4.534679551665681e-68,1.0,1.0,4.505987227938394e-32,3.7252734392199936e-35,2.6107976016751674e-25,2.6107971507039174e-25,1024,2.6107980526464175e-25,1024,2.6107971507039174e-25,0.0,0.38960149857011867,2.4767800400467147e-32,4.106776180698152e-17,2.435e+27,2.875343869512782e-88,5.237068767221307e-46,1.0,2.5174468615878333e-65,2.9237872870710714e-68,True,True
0.1,1.0,zero,1.0,tree_eta,7.078322021207935e-65,-0.0010942687833372482,1.1826070783295878e-65,1.433991584225474e-68,1.0,1.0,2.5339028290496636e-32,3.7252734392199936e-35,1.4681593831297996e-24,1.4681593577535184e-24,1024,1.4681594085060807e-24,1024,1.4681593577535184e-24,0.0,0.692820323027551,1.392795769924875e-32,4.106776180698152e-17,2.435e+27,2.875343869512782e-88,5.237068767221307e-46,1.0,1.415664404241587e-65,1.6441664175862415e-68,True,True
0.1778279410038923,1.0,zero,1.0,tree_eta,2.2383619599143746e-65,-0.010942687833372483,3.739731944558653e-66,4.53467955166568e-69,1.0,1.0,1.4249182747913627e-32,3.7252734392199947e-35,8.256066930998568e-24,8.256066916712131e-24,1024,8.256066945285003e-24,1024,8.256066916712131e-24,0.0,1.2320281152964092,7.83226618979067e-33,4.106776180698152e-17,2.435e+27,2.875343869512783e-88,5.237068767221307e-46,1.0,7.960865971060202e-66,9.245827220989159e-69,True,True
0.31622776601683794,1.0,zero,1.0,tree_eta,7.078322021207937e-66,-0.1094268783337248,1.1826070783295882e-66,1.4339915842254743e-69,1.0,1.0,8.012904309341207e-33,3.7252734392199936e-35,4.6427276188379517e-23,4.6427276180329355e-23,1024,4.642727619642967e-23,1024,4.6427276180329355e-23,0.0,2.1908902300206647,4.4044069484104505e-33,4.106776180698152e-17,2.435e+27,2.875343869512782e-88,5.237068767221307e-46,1.0,4.47672391982875e-66,5.199310731932047e-69,True,True
0.5623413251903491,1.0,zero,1.0,tree_eta,2.238361959914375e-66,-1.094268783337248,3.739731944558653e-67,4.5346795516656794e-70,1.0,1.0,4.505987227938393e-33,3.7252734392199936e-35,2.6107976016751676e-22,2.6107976016297347e-22,1024,2.6107976017206e-22,1024,2.6107976016297347e-22,0.0,3.896014985701187,2.4767800400467145e-33,4.106776180698152e-17,2.435e+27,2.875343869512782e-88,5.237068767221307e-46,1.0,2.5174468615878334e-66,2.9237872870710714e-69,True,True
1.0,1.0,zero,1.0,tree_eta,7.078322021207937e-67,-10.94268783337248,1.1826070783295882e-67,1.4339915842254742e-70,1.0,1.0,2.5339028290496644e-33,3.7252734392199947e-35,1.4681593831297989e-21,1.4681593831272277e-21,1024,1.4681593831323701e-21,1024,1.4681593831272277e-21,0.0,6.928203230275509,1.3927957699248754e-33,4.106776180698152e-17,2.435e+27,2.875343869512783e-88,5.237068767221307e-46,1.0,1.4156644042415875e-66,1.644166417586242e-69,True,True
1.7782794100389228,1.0,zero,1.0,tree_eta,2.238361959914375e-67,-109.42687833372477,3.7397319445586536e-68,4.53467955166568e-71,1.0,1.0,1.424918274791363e-33,3.7252734392199947e-35,8.256066930998565e-21,8.256066930997103e-21,1024,8.256066931000028e-21,1024,8.256066930997103e-21,0.0,12.320281152964093,7.832266189790669e-34,4.106776180698152e-17,2.435e+27,2.8753438695127833e-88,5.237068767221307e-46,1.0,7.960865971060203e-67,9.24582722098916e-70,True,True
3.1622776601683795,1.0,zero,1.0,tree_eta,7.078322021207935e-68,-1094.2687833372484,1.1826070783295878e-68,1.4339915842254742e-71,1.0,1.0,8.01290430934121e-34,3.7252734392199936e-35,4.6427276188379537e-20,4.6427276188378694e-20,1024,4.6427276188380373e-20,1024,4.6427276188378694e-20,0.0,21.90890230020665,4.40440694841045e-34,4.106776180698152e-17,2.435e+27,2.875343869512782e-88,5.237068767221307e-46,1.0,4.476723919828749e-67,5.1993107319320454e-70,True,True
5.62341325190349,1.0,zero,1.0,tree_eta,2.238361959914375e-68,-10942.687833372476,3.7397319445586535e-69,4.534679551665681e-72,1.0,1.0,4.5059872279383945e-34,3.7252734392199936e-35,2.610797601675167e-19,2.610797601675162e-19,1024,2.610797601675172e-19,1024,2.610797601675162e-19,0.0,38.960149857011864,2.476780040046715e-34,4.106776180698152e-17,2.435e+27,2.8753438695127816e-88,5.237068767221307e-46,1.0,2.517446861587833e-67,2.923787287071071e-70,True,True
10.0,1.0,zero,1.0,tree_eta,7.078322021207937e-69,-109426.8783337248,1.1826070783295881e-69,1.4339915842254742e-72,1.0,1.0,2.533902829049664e-34,3.7252734392199936e-35,1.468159383129799e-18,1.4681593831297989e-18,1024,1.4681593831297994e-18,1024,1.4681593831297989e-18,0.0,69.2820323027551,1.3927957699248752e-34,4.106776180698152e-17,2.435e+27,2.875343869512782e-88,5.237068767221307e-46,1.0,1.4156644042415874e-67,1.6441664175862416e-70,True,True
17.78279410038923,1.0,zero,1.0,tree_eta,2.2383619599143744e-69,-1094268.7833372483,3.739731944558652e-70,4.53467955166568e-73,1.0,1.0,1.4249182747913626e-34,3.7252734392199936e-35,8.256066930998566e-18,8.256066930998566e-18,1024,8.256066930998566e-18,1024,8.256066930998566e-18,0.0,123.20281152964093,7.832266189790668e-35,4.106776180698152e-17,2.435e+27,2.8753438695127816e-88,5.237068767221307e-46,1.0,7.960865971060201e-68,9.245827220989159e-71,True,True
31.622776601683793,1.0,zero,1.0,tree_eta,7.078322021207938e-70,-10942687.833372477,1.1826070783295882e-70,1.4339915842254742e-73,1.0,1.0,8.012904309341209e-35,3.7252734392199936e-35,4.642727618837952e-17,4.642727618837952e-17,1024,4.642727618837952e-17,1024,4.642727618837952e-17,0.0,219.08902300206645,4.404406948410451e-35,4.106776180698152e-17,2.435e+27,2.875343869512782e-88,5.237068767221307e-46,1.0,4.47672391982875e-68,5.199310731932047e-71,True,True
56.23413251903491,1.0,zero,1.0,tree_eta,2.238361959914375e-70,-109426878.3337248,3.739731944558654e-71,4.53467955166568e-74,1.0,1.0,4.5059872279383945e-35,3.7252734392199936e-35,2.6107976016751677e-16,2.6107976016751677e-16,1024,2.6107976016751677e-16,1024,2.6107976016751677e-16,0.0,389.6014985701187,2.4767800400467146e-35,4.106776180698152e-17,2.435e+27,2.875343869512782e-88,5.237068767221307e-46,1.0,2.5174468615878333e-68,2.9237872870710715e-71,True,True
100.0,1.0,zero,1.0,tree_eta,7.078322021207937e-71,-1094268783.337248,1.1826070783295883e-71,1.4339915842254742e-74,1.0,1.0,2.5339028290496643e-35,3.7252734392199936e-35,1.4681593831297992e-15,1.4681593831297992e-15,1024,1.4681593831297992e-15,1024,1.4681593831297992e-15,0.0,692.8203230275509,1.3927957699248754e-35,4.106776180698152e-17,2.435e+27,2.875343869512782e-88,5.237068767221307e-46,1.0,1.4156644042415873e-68,1.6441664175862418e-71,True,True
177.82794100389228,1.0,zero,1.0,tree_eta,2.2383619599143752e-71,-10942687833.37248,3.739731944558654e-72,4.534679551665681e-75,1.0,1.0,1.424918274791363e-35,3.7252734392199947e-35,8.256066930998568e-15,8.256066930998568e-15,1024,8.256066930998568e-15,1024,8.256066930998568e-15,0.0,1232.0281152964092,7.832266189790669e-36,4.106776180698152e-17,2.435e+27,2.875343869512783e-88,5.237068767221307e-46,1.0,7.960865971060204e-69,9.24582722098916e-72,True,True
316.2277660168379,1.0,zero,1.0,tree_eta,7.078322021207939e-72,-109426878333.72476,1.1826070783295885e-72,1.4339915842254746e-75,1.0,1.0,8.012904309341208e-36,3.7252734392199947e-35,4.6427276188379507e-14,4.6427276188379507e-14,1024,4.6427276188379507e-14,1024,4.6427276188379507e-14,0.0,2190.890230020664,4.4044069484104515e-36,4.106776180698152e-17,2.435e+27,2.875343869512783e-88,5.237068767221307e-46,1.0,4.4767239198287503e-69,5.199310731932048e-72,True,True
562.341325190349,1.0,zero,1.0,tree_eta,2.2383619599143748e-72,-1094268783337.2476,3.739731944558653e-73,4.5346795516656803e-76,1.0,1.0,4.5059872279383936e-36,3.7252734392199936e-35,2.6107976016751677e-13,2.6107976016751677e-13,1024,2.6107976016751677e-13,1024,2.6107976016751677e-13,0.0,3896.014985701187,2.4767800400467144e-36,4.106776180698152e-17,2.435e+27,2.875343869512782e-88,5.237068767221307e-46,1.0,2.517446861587833e-69,2.923787287071071e-72,True,True
1000.0,1.0,zero,1.0,tree_eta,7.078322021207937e-73,-10942687833372.48,1.1826070783295881e-73,1.4339915842254744e-76,1.0,1.0,2.5339028290496642e-36,3.7252734392199936e-35,1.4681593831297992e-12,1.4681593831297992e-12,1024,1.4681593831297992e-12,1024,1.4681593831297992e-12,0.0,6928.203230275509,1.3927957699248754e-36,4.106776180698152e-17,2.435e+27,2.875343869512782e-88,5.237068767221307e-46,1.0,1.4156644042415875e-69,1.644166417586242e-72,True,True
1778.2794100389228,1.0,zero,1.0,tree_eta,2.2383619599143748e-73,-109426878333724.8,3.739731944558653e-74,4.534679551665681e-77,1.0,1.0,1.424918274791363e-36,3.7252734392199936e-35,8.256066930998568e-12,8.256066930998568e-12,1024,8.256066930998568e-12,1024,8.256066930998568e-12,0.0,12320.281152964091,7.83226618979067e-37,4.106776180698152e-17,2.435e+27,2.875343869512782e-88,5.237068767221307e-46,1.0,7.960865971060203e-70,9.245827220989161e-73,True,True
3162.2776601683795,1.0,zero,1.0,tree_eta,7.078322021207937e-74,-1094268783337248.2,1.1826070783295882e-74,1.433991584225474e-77,1.0,1.0,8.012904309341209e-37,3.7252734392199947e-35,4.6427276188379534e-11,4.6427276188379534e-11,1024,4.6427276188379534e-11,1024,4.6427276188379534e-11,0.0,21908.902300206646,4.4044069484104505e-37,4.106776180698152e-17,2.435e+27,2.875343869512783e-88,5.237068767221307e-46,1.0,4.47672391982875e-70,5.1993107319320475e-73,True,True
5623.413251903491,1.0,zero,1.0,tree_eta,2.2383619599143743e-74,-1.0942687833372484e+16,3.7397319445586526e-75,4.53467955166568e-78,1.0,1.0,4.505987227938394e-37,3.7252734392199936e-35,2.6107976016751685e-10,2.6107976016751685e-10,1024,2.6107976016751685e-10,1024,2.6107976016751685e-10,0.0,38960.14985701187,2.4767800400467144e-37,4.106776180698152e-17,2.435e+27,2.875343869512782e-88,5.237068767221307e-46,1.0,2.5174468615878326e-70,2.9237872870710704e-73,True,True
10000.0,1.0,zero,1.0,tree_eta,7.078322021207937e-75,-1.094268783337248e+17,1.182607078329588e-75,1.4339915842254744e-78,1.0,1.0,2.5339028290496638e-37,3.7252734392199936e-35,1.468159383129799e-09,1.468159383129799e-09,1024,1.468159383129799e-09,1024,1.468159383129799e-09,0.0,69282.03230275509,1.3927957699248754e-37,4.106776180698152e-17,2.435e+27,2.875343869512782e-88,5.237068767221307e-46,1.0,1.4156644042415874e-70,1.6441664175862418e-73,True,True
17782.794100389227,1.0,zero,1.0,tree_eta,2.238361959914375e-75,-1.0942687833372476e+18,3.739731944558654e-76,4.5346795516656806e-79,1.0,1.0,1.4249182747913632e-37,3.7252734392199936e-35,8.256066930998566e-09,8.256066930998566e-09,1024,8.256066930998566e-09,1024,8.256066930998566e-09,0.0,123202.81152964091,7.83226618979067e-38,4.106776180698152e-17,2.435e+27,2.875343869512782e-88,5.237068767221307e-46,1.0,7.960865971060203e-71,9.24582722098916e-74,True,True
31622.776601683792,1.0,zero,1.0,tree_eta,7.078322021207937e-76,-1.0942687833372477e+19,1.1826070783295881e-76,1.433991584225474e-79,1.0,1.0,8.012904309341209e-38,3.7252734392199936e-35,4.642727618837952e-08,4.642727618837952e-08,1024,4.642727618837952e-08,1024,4.642727618837952e-08,0.0,219089.02300206642,4.404406948410452e-38,4.106776180698152e-17,2.435e+27,2.875343869512782e-88,5.237068767221307e-46,1.0,4.47672391982875e-71,5.199310731932047e-74,True,True
56234.13251903491,1.0,zero,1.0,tree_eta,2.2383619599143746e-76,-1.094268783337248e+20,3.739731944558653e-77,4.53467955166568e-80,1.0,1.0,4.505987227938394e-38,3.7252734392199936e-35,2.6107976016751684e-07,2.6107976016751684e-07,1024,2.6107976016751684e-07,1024,2.6107976016751684e-07,0.0,389601.49857011874,2.476780040046714e-38,4.106776180698152e-17,2.435e+27,2.875343869512782e-88,5.237068767221307e-46,1.0,2.5174468615878328e-71,2.9237872870710707e-74,True,True
100000.0,1.0,zero,1.0,tree_eta,7.078322021207937e-77,-1.094268783337248e+21,1.1826070783295882e-77,1.433991584225474e-80,1.0,1.0,2.5339028290496643e-38,3.7252734392199947e-35,1.468159383129799e-06,1.468159383129799e-06,1024,1.468159383129799e-06,1024,1.468159383129799e-06,0.0,692820.3230275509,1.3927957699248754e-38,4.106776180698152e-17,2.435e+27,2.875343869512783e-88,5.237068767221307e-46,1.0,1.4156644042415873e-71,1.6441664175862416e-74,True,True
177827.94100389228,1.0,zero,1.0,tree_eta,2.238361959914375e-77,-1.0942687833372481e+22,3.7397319445586534e-78,4.53467955166568e-81,1.0,1.0,1.4249182747913626e-38,3.7252734392199936e-35,8.256066930998565e-06,8.256066930998565e-06,1024,8.256066930998565e-06,1024,8.256066930998565e-06,0.0,1232028.1152964092,7.832266189790669e-39,4.106776180698152e-17,2.435e+27,2.875343869512782e-88,5.237068767221307e-46,1.0,7.960865971060203e-72,9.245827220989161e-75,True,True
316227.7660168379,1.0,zero,1.0,tree_eta,7.078322021207937e-78,-1.0942687833372476e+23,1.182607078329588e-78,1.4339915842254746e-81,1.0,1.0,8.012904309341209e-39,3.7252734392199936e-35,4.6427276188379514e-05,4.6427276188379514e-05,1024,4.6427276188379514e-05,1024,4.6427276188379514e-05,0.0,2190890.230020664,4.4044069484104516e-39,4.106776180698152e-17,2.435e+27,2.875343869512782e-88,5.237068767221307e-46,1.0,4.4767239198287496e-72,5.199310731932048e-75,True,True
562341.3251903491,1.0,zero,1.0,tree_eta,2.2383619599143744e-78,-1.0942687833372485e+24,3.739731944558653e-79,4.5346795516656795e-82,1.0,1.0,4.505987227938393e-39,3.7252734392199936e-35,0.0002610797601675169,0.0002610797601675169,1024,0.0002610797601675169,1024,0.0002610797601675169,0.0,3896014.9857011875,2.476780040046714e-39,4.106776180698152e-17,2.435e+27,2.875343869512782e-88,5.237068767221307e-46,1.0,2.517446861587833e-72,2.923787287071071e-75,True,True
1000000.0,1.0,zero,1.0,tree_eta,7.078322021207937e-79,-1.094268783337248e+25,1.1826070783295882e-79,1.4339915842254742e-82,1.0,1.0,2.5339028290496645e-39,3.7252734392199947e-35,0.0014681593831297993,0.0014681593831297993,1024,0.0014681593831297993,1024,0.0014681593831297993,0.0,6928203.230275509,1.3927957699248754e-39,4.106776180698152e-17,2.435e+27,2.875343869512783e-88,5.237068767221307e-46,1.0,1.4156644042415874e-72,1.6441664175862418e-75,True,True
1778279.410038923,1.0,zero,1.0,tree_eta,2.2383619599143745e-79,-1.0942687833372483e+26,3.7397319445586526e-80,4.53467955166568e-83,1.0,1.0,1.4249182747913625e-39,3.7252734392199947e-35,0.008256066930998568,0.008256066930998568,1024,0.008256066930998568,1024,0.008256066930998568,0.0,12320281.152964093,7.832266189790668e-40,4.106776180698152e-17,2.435e+27,2.875343869512783e-88,5.237068767221307e-46,1.0,7.960865971060202e-73,9.24582722098916e-76,True,True
3162277.660168379,1.0,zero,1.0,tree_eta,7.078322021207939e-80,-1.0942687833372477e+27,1.1826070783295885e-80,1.4339915842254746e-83,1.0,1.0,8.012904309341209e-40,3.7252734392199947e-35,0.04642727618837951,0.04642727618837951,1024,0.04642727618837951,1024,0.04642727618837951,0.0,21908902.300206643,4.404406948410451e-40,4.106776180698152e-17,2.435e+27,2.875343869512783e-88,5.237068767221307e-46,1.0,4.476723919828751e-73,5.199310731932048e-76,True,True
5623413.251903491,1.0,zero,1.0,tree_eta,2.2383619599143742e-80,-1.094268783337248e+28,3.7397319445586523e-81,4.534679551665679e-84,1.0,1.0,4.505987227938393e-40,3.7252734392199936e-35,0.26107976016751683,0.26107976016751683,1024,0.26107976016751683,1024,0.26107976016751683,0.0,38960149.85701187,2.4767800400467144e-40,4.106776180698152e-17,2.435e+27,2.875343869512782e-88,5.237068767221307e-46,1.0,2.5174468615878326e-73,2.9237872870710704e-76,False,False
10000000.0,1.0,zero,1.0,tree_eta,7.078322021207937e-81,-1.094268783337248e+29,1.1826070783295881e-81,1.4339915842254742e-84,1.0,1.0,2.5339028290496635e-40,3.7252734392199936e-35,1.4681593831297988,1.4681593831297988,1024,1.4681593831297988,1024,1.4681593831297988,0.0,69282032.30275509,1.3927957699248754e-40,4.106776180698152e-17,2.435e+27,2.875343869512782e-88,5.237068767221307e-46,1.0,1.4156644042415874e-73,1.6441664175862418e-76,False,False
17782794.100389227,1.0,zero,1.0,tree_eta,2.238361959914375e-81,-1.094268783337248e+30,3.739731944558654e-82,4.53467955166568e-85,1.0,1.0,1.424918274791363e-40,3.7252734392199947e-35,8.256066930998566,8.256066930998566,1024,8.256066930998566,1024,8.256066930998566,0.0,123202811.52964091,7.83226618979067e-41,4.106776180698152e-17,2.435e+27,2.875343869512783e-88,5.237068767221307e-46,1.0,7.960865971060203e-74,9.245827220989162e-77,False,False
31622776.60168379,1.0,zero,1.0,tree_eta,7.078322021207937e-82,-1.0942687833372477e+31,1.1826070783295882e-82,1.4339915842254746e-85,1.0,1.0,8.012904309341208e-41,3.7252734392199936e-35,46.427276188379516,46.427276188379516,1024,46.427276188379516,1024,46.427276188379516,0.0,219089023.00206643,4.4044069484104515e-41,4.106776180698152e-17,2.435e+27,2.875343869512782e-88,5.237068767221307e-46,1.0,4.47672391982875e-74,5.199310731932048e-77,False,False
56234132.51903491,1.0,zero,1.0,tree_eta,2.2383619599143754e-82,-1.0942687833372478e+32,3.739731944558654e-83,4.53467955166568e-86,1.0,1.0,4.505987227938395e-41,3.7252734392199947e-35,261.0797601675167,261.0797601675167,1024,261.0797601675167,1024,261.0797601675167,0.0,389601498.57011867,2.476780040046715e-41,4.106776180698152e-17,2.435e+27,2.875343869512783e-88,5.237068767221307e-46,1.0,2.5174468615878338e-74,2.923787287071072e-77,False,False
100000000.0,1.0,zero,1.0,tree_eta,7.078322021207937e-83,-1.0942687833372482e+33,1.1826070783295882e-83,1.4339915842254743e-86,1.0,1.0,2.5339028290496637e-41,3.7252734392199936e-35,1468.159383129799,1468.159383129799,1024,1468.159383129799,1024,1468.159383129799,0.0,692820323.0275509,1.3927957699248752e-41,4.106776180698152e-17,2.435e+27,2.875343869512782e-88,5.237068767221307e-46,1.0,1.4156644042415875e-74,1.644166417586242e-77,False,False
177827941.00389227,1.0,zero,1.0,tree_eta,2.238361959914375e-83,-1.0942687833372477e+34,3.7397319445586538e-84,4.53467955166568e-87,1.0,1.0,1.4249182747913631e-41,3.7252734392199936e-35,8256.066930998566,8256.066930998566,1024,8256.066930998566,1024,8256.066930998566,0.0,1232028115.2964091,7.83226618979067e-42,4.106776180698152e-17,2.435e+27,2.875343869512782e-88,5.237068767221307e-46,1.0,7.960865971060203e-75,9.24582722098916e-78,False,False
316227766.01683795,1.0,zero,1.0,tree_eta,7.078322021207935e-84,-1.0942687833372482e+35,1.182607078329588e-84,1.433991584225474e-87,1.0,1.0,8.012904309341206e-42,3.7252734392199936e-35,46427.27618837953,46427.27618837953,1024,46427.27618837953,1024,46427.27618837953,0.0,2190890230.0206647,4.404406948410451e-42,4.106776180698152e-17,2.435e+27,2.875343869512782e-88,5.237068767221307e-46,1.0,4.476723919828748e-75,5.199310731932046e-78,False,False
562341325.1903491,1.0,zero,1.0,tree_eta,2.238361959914374e-84,-1.094268783337248e+36,3.739731944558652e-85,4.53467955166568e-88,1.0,1.0,4.5059872279383934e-42,3.7252734392199936e-35,261079.76016751688,261079.76016751688,1024,261079.76016751688,1024,261079.76016751688,0.0,3896014985.701187,2.4767800400467145e-42,4.106776180698152e-17,2.435e+27,2.8753438695127816e-88,5.237068767221307e-46,1.0,2.5174468615878324e-75,2.92378728707107e-78,False,False
1000000000.0,1.0,zero,1.0,tree_eta,7.078322021207936e-85,-1.094268783337248e+37,1.182607078329588e-85,1.4339915842254742e-88,1.0,1.0,2.5339028290496637e-42,3.7252734392199936e-35,1468159.3831297988,1468159.3831297988,1024,1468159.3831297988,1024,1468159.3831297988,0.0,6928203230.275509,1.3927957699248753e-42,4.106776180698152e-17,2.435e+27,2.875343869512782e-88,5.237068767221307e-46,1.0,1.4156644042415874e-75,1.6441664175862416e-78,False,False
1778279410.0389228,1.0,zero,1.0,tree_eta,2.238361959914375e-85,-1.0942687833372478e+38,3.739731944558654e-86,4.53467955166568e-89,1.0,1.0,1.4249182747913629e-42,3.7252734392199947e-35,8256066.930998567,8256066.930998567,1024,8256066.930998567,1024,8256066.930998567,0.0,12320281152.96409,7.83226618979067e-43,4.106776180698152e-17,2.435e+27,2.875343869512783e-88,5.237068767221307e-46,1.0,7.960865971060204e-76,9.245827220989163e-79,False,False
3162277660.1683793,1.0,zero,1.0,tree_eta,7.078322021207936e-86,-1.0942687833372479e+39,1.1826070783295881e-86,1.4339915842254742e-89,1.0,1.0,8.012904309341208e-43,3.7252734392199936e-35,46427276.188379526,46427276.188379526,1024,46427276.188379526,1024,46427276.188379526,0.0,21908902300.206646,4.404406948410451e-43,4.106776180698152e-17,2.435e+27,2.875343869512782e-88,5.237068767221307e-46,1.0,4.476723919828749e-76,5.199310731932047e-79,False,False
5623413251.903491,1.0,zero,1.0,tree_eta,2.238361959914375e-86,-1.0942687833372483e+40,3.7397319445586536e-87,4.53467955166568e-90,1.0,1.0,4.505987227938394e-43,3.7252734392199947e-35,261079760.1675168,261079760.1675168,1024,261079760.1675168,1024,261079760.1675168,0.0,38960149857.01187,2.4767800400467146e-43,4.106776180698152e-17,2.435e+27,2.875343869512783e-88,5.237068767221307e-46,1.0,2.5174468615878334e-76,2.9237872870710716e-79,False,False
10000000000.0,1.0,zero,1.0,tree_eta,7.078322021207937e-87,-1.0942687833372482e+41,1.1826070783295883e-87,1.4339915842254744e-90,1.0,1.0,2.533902829049664e-43,3.7252734392199947e-35,1468159383.129799,1468159383.129799,1024,1468159383.129799,1024,1468159383.129799,0.0,69282032302.7551,1.3927957699248752e-43,4.106776180698152e-17,2.435e+27,2.875343869512783e-88,5.237068767221307e-46,1.0,1.4156644042415874e-76,1.6441664175862418e-79,False,False
17782794100.38923,1.0,zero,1.0,tree_eta,2.238361959914375e-87,-1.0942687833372483e+42,3.739731944558653e-88,4.5346795516656794e-91,1.0,1.0,1.4249182747913626e-43,3.7252734392199947e-35,8256066930.998567,8256066930.998567,1024,8256066930.998567,1024,8256066930.998567,0.0,123202811529.64091,7.83226618979067e-44,5.05966371784973e-17,2.435e+27,2.875343869512783e-88,5.237068767221307e-46,1.0,7.960865971060204e-77,9.245827220989161e-80,False,False
31622776601.683792,1.0,zero,1.0,tree_eta,7.078322021207937e-88,-1.0942687833372479e+43,1.1826070783295881e-88,1.4339915842254744e-91,1.0,1.0,8.012904309341208e-44,3.7252734392199936e-35,46427276188.3795,46427276188.3795,1024,46427276188.3795,1024,46427276188.3795,0.0,219089023002.06644,4.4044069484104515e-44,8.99749581117316e-17,2.435e+27,2.875343869512782e-88,5.237068767221307e-46,1.0,4.47672391982875e-77,5.199310731932047e-80,False,False
56234132519.034904,1.0,zero,1.0,tree_eta,2.238361959914375e-88,-1.0942687833372476e+44,3.739731944558653e-89,4.53467955166568e-92,1.0,1.0,4.505987227938394e-44,3.7252734392199947e-35,261079760167.51675,261079760167.51675,1024,261079760167.51675,1024,261079760167.51675,0.0,389601498570.1187,2.4767800400467146e-44,1.6000061542920687e-16,2.435e+27,2.875343869512783e-88,5.237068767221307e-46,1.0,2.517446861587833e-77,2.923787287071071e-80,False,False
100000000000.0,1.0,zero,1.0,tree_eta,7.078322021207937e-89,-1.0942687833372482e+45,1.1826070783295881e-89,1.4339915842254744e-92,1.0,1.0,2.5339028290496645e-44,3.7252734392199936e-35,1468159383129.7993,1468159383129.7993,1024,1468159383129.7993,1024,1468159383129.7993,0.0,692820323027.5509,1.3927957699248752e-44,2.8452580001131456e-16,2.435e+27,2.875343869512782e-88,5.237068767221307e-46,1.0,1.4156644042415872e-77,1.6441664175862415e-80,False,False
177827941003.89227,1.0,zero,1.0,tree_eta,2.2383619599143747e-89,-1.0942687833372479e+46,3.739731944558653e-90,4.534679551665681e-93,1.0,1.0,1.4249182747913627e-44,3.7252734392199936e-35,8256066930998.566,8256066930998.566,1024,8256066930998.566,1024,8256066930998.566,0.0,1232028115296.4092,7.83226618979067e-45,5.05966371784973e-16,2.435e+27,2.875343869512782e-88,5.237068767221307e-46,1.0,7.960865971060202e-78,9.24582722098916e-81,False,False
316227766016.83795,1.0,zero,1.0,tree_eta,7.078322021207936e-90,-1.0942687833372483e+47,1.182607078329588e-90,1.4339915842254742e-93,1.0,1.0,8.012904309341207e-45,3.7252734392199936e-35,46427276188379.52,46427276188379.52,1024,46427276188379.52,1024,46427276188379.52,0.0,2190890230020.6646,4.404406948410451e-45,8.997495811173161e-16,2.435e+27,2.875343869512782e-88,5.237068767221307e-46,1.0,4.476723919828749e-78,5.199310731932046e-81,False,False
562341325190.3491,1.0,zero,1.0,tree_eta,2.2383619599143746e-90,-1.0942687833372484e+48,3.7397319445586527e-91,4.534679551665678e-94,1.0,1.0,4.505987227938395e-45,3.7252734392199936e-35,261079760167516.84,261079760167516.84,1024,261079760167516.84,1024,261079760167516.84,0.0,3896014985701.1875,2.4767800400467142e-45,1.6000061542920688e-15,2.435e+27,2.875343869512782e-88,5.237068767221307e-46,1.0,2.5174468615878333e-78,2.9237872870710715e-81,False,False
1000000000000.0,1.0,zero,1.0,tree_eta,7.078322021207936e-91,-1.094268783337248e+49,1.1826070783295881e-91,1.433991584225474e-94,1.0,1.0,2.533902829049664e-45,3.7252734392199936e-35,1468159383129799.0,1468159383129799.0,1024,1468159383129799.0,1024,1468159383129799.0,0.0,6928203230275.509,1.3927957699248753e-45,2.845258000113145e-15,2.435e+27,2.875343869512782e-88,5.237068767221307e-46,1.0,1.4156644042415872e-78,1.6441664175862416e-81,False,False
1e-12,1.0,quadrature,1.0,tree_eta,7.078322021207937e-43,-1.0942687833372479e-47,1.1826070783295881e-43,1.4339915842254744e-46,1.0,1.0,8.446342763498878e-22,3.7252734392199936e-35,4.893864610432662e-58,8.446342763498878e-22,1024,8.44634276349925e-22,1024,3.7252734627939457e-35,8.446342763498878e-22,6.928203230275509e-12,1.3927957699248754e-21,4.106776180698152e-17,2.435e+27,2.875343869512782e-88,5.237068767221307e-46,1.0,1.4156644042415874e-54,1.6441664175862417e-57,True,True
1.7782794100389228e-12,1.0,quadrature,1.0,tree_eta,2.2383619599143746e-43,-1.094268783337248e-46,3.7397319445586527e-44,4.534679551665679e-47,1.0,1.0,4.749727582637875e-22,3.7252734392199936e-35,2.7520223103328557e-57,4.749727582637875e-22,1024,4.749727582638248e-22,1024,3.7252734466747316e-35,4.749727582637875e-22,1.2320281152964092e-11,7.83226618979067e-22,4.106776180698152e-17,2.435e+27,2.875343869512782e-88,5.237068767221307e-46,1.0,7.960865971060202e-55,9.245827220989158e-58,True,True
3.1622776601683794e-12,1.0,quadrature,1.0,tree_eta,7.078322021207937e-44,-1.0942687833372481e-45,1.1826070783295883e-44,1.4339915842254743e-47,1.0,1.0,2.6709681031137366e-22,3.7252734392199936e-35,1.5475758729459842e-56,2.6709681031137366e-22,1024,2.670968103114109e-22,1024,3.7252734415773887e-35,2.6709681031137366e-22,2.1908902300206648e-11,4.40440694841045e-22,4.106776180698152e-17,2.435e+27,2.875343869512782e-88,5.237068767221307e-46,1.0,4.4767239198287496e-55,5.199310731932047e-58,True,True
5.6234132519034904e-12,1.0,quadrature,1.0,tree_eta,2.238361959914375e-44,-1.0942687833372476e-44,3.739731944558653e-45,4.534679551665681e-48,1.0,1.0,1.5019957426461309e-22,3.7252734392199936e-35,8.702658672250555e-56,1.5019957426461309e-22,1024,1.5019957426465035e-22,1024,3.725273439965467e-35,1.5019957426461309e-22,3.896014985701186e-11,2.476780040046715e-22,4.106776180698152e-17,2.435e+27,2.875343869512782e-88,5.237068767221307e-46,1.0,2.517446861587833e-55,2.9237872870710712e-58,True,True
1e-11,1.0,quadrature,1.0,tree_eta,7.078322021207937e-45,-1.0942687833372478e-43,1.1826070783295882e-45,1.4339915842254743e-48,1.0,1.0,8.446342763498883e-23,3.7252734392199936e-35,4.893864610432664e-55,8.446342763498883e-23,1024,8.446342763502609e-23,1024,3.7252734394557325e-35,8.446342763498883e-23,6.928203230275509e-11,1.3927957699248754e-22,4.106776180698152e-17,2.435e+27,2.875343869512782e-88,5.237068767221307e-46,1.0,1.4156644042415875e-55,1.6441664175862417e-58,True,True
1.7782794100389227e-11,1.0,quadrature,1.0,tree_eta,2.2383619599143752e-45,-1.0942687833372476e-42,3.7397319445586546e-46,4.534679551665681e-49,1.0,1.0,4.7497275826378766e-23,3.7252734392199936e-35,2.752022310332855e-54,4.7497275826378766e-23,1024,4.749727582641602e-23,1024,3.725273439294541e-35,4.7497275826378766e-23,1.232028115296409e-10,7.83226618979067e-23,4.106776180698152e-17,2.435e+27,2.875343869512782e-88,5.237068767221307e-46,1.0,7.960865971060204e-56,9.245827220989162e-59,True,True
3.1622776601683794e-11,1.0,quadrature,1.0,tree_eta,7.078322021207937e-46,-1.094268783337248e-41,1.1826070783295881e-46,1.4339915842254743e-49,1.0,1.0,2.670968103113736e-23,3.7252734392199936e-35,1.5475758729459843e-53,2.670968103113736e-23,1024,2.6709681031174614e-23,1024,3.7252734392435674e-35,2.670968103113736e-23,2.1908902300206645e-10,4.404406948410451e-23,4.106776180698152e-17,2.435e+27,2.875343869512782e-88,5.237068767221307e-46,1.0,4.47672391982875e-56,5.199310731932047e-59,True,True
5.6234132519034906e-11,1.0,quadrature,1.0,tree_eta,2.238361959914375e-46,-1.0942687833372478e-40,3.7397319445586534e-47,4.534679551665681e-50,1.0,1.0,1.5019957426461313e-23,3.7252734392199936e-35,8.702658672250558e-53,1.5019957426461313e-23,1024,1.5019957426498564e-23,1024,3.7252734392274485e-35,1.5019957426461313e-23,3.896014985701187e-10,2.4767800400467146e-23,4.106776180698152e-17,2.435e+27,2.875343869512782e-88,5.237068767221307e-46,1.0,2.5174468615878335e-56,2.9237872870710715e-59,True,True
1e-10,1.0,quadrature,1.0,tree_eta,7.078322021207937e-47,-1.0942687833372483e-39,1.1826070783295883e-47,1.4339915842254742e-50,1.0,1.0,8.446342763498879e-24,3.7252734392199947e-35,4.893864610432663e-52,8.446342763498879e-24,1024,8.446342763536132e-24,1024,3.725273439222352e-35,8.446342763498879e-24,6.928203230275509e-10,1.3927957699248753e-23,4.106776180698152e-17,2.435e+27,2.875343869512783e-88,5.237068767221307e-46,1.0,1.4156644042415874e-56,1.6441664175862415e-59,True,True
1.778279410038923e-10,1.0,quadrature,1.0,tree_eta,2.2383619599143743e-47,-1.094268783337248e-38,3.739731944558652e-48,4.5346795516656796e-51,1.0,1.0,4.749727582637875e-24,3.7252734392199936e-35,2.7520223103328564e-51,4.749727582637875e-24,1024,4.749727582675128e-24,1024,3.7252734392207393e-35,4.749727582637875e-24,1.2320281152964093e-09,7.832266189790669e-24,4.106776180698152e-17,2.435e+27,2.875343869512782e-88,5.237068767221307e-46,1.0,7.960865971060201e-57,9.245827220989158e-60,True,True
3.1622776601683795e-10,1.0,quadrature,1.0,tree_eta,7.078322021207937e-48,-1.0942687833372481e-37,1.1826070783295881e-48,1.4339915842254742e-51,1.0,1.0,2.6709681031137354e-24,3.7252734392199936e-35,1.547575872945984e-50,2.6709681031137354e-24,1024,2.6709681031509883e-24,1024,3.7252734392202294e-35,2.6709681031137354e-24,2.1908902300206647e-09,4.40440694841045e-24,4.106776180698152e-17,2.435e+27,2.875343869512782e-88,5.237068767221307e-46,1.0,4.4767239198287494e-57,5.199310731932047e-60,True,True
5.623413251903491e-10,1.0,quadrature,1.0,tree_eta,2.2383619599143745e-48,-1.0942687833372481e-36,3.739731944558653e-49,4.53467955166568e-52,1.0,1.0,1.5019957426461311e-24,3.7252734392199936e-35,8.70265867225056e-50,1.5019957426461311e-24,1024,1.5019957426833838e-24,1024,3.725273439220068e-35,1.5019957426461311e-24,3.896014985701188e-09,2.476780040046714e-24,4.106776180698152e-17,2.435e+27,2.875343869512782e-88,5.237068767221307e-46,1.0,2.5174468615878328e-57,2.923787287071071e-60,True,True
1e-09,1.0,quadrature,1.0,tree_eta,7.078322021207935e-49,-1.0942687833372483e-35,1.182607078329588e-49,1.4339915842254739e-52,1.0,1.0,8.446342763498877e-25,3.7252734392199936e-35,4.893864610432664e-49,8.446342763498877e-25,1024,8.446342763871404e-25,1024,3.7252734392200166e-35,8.446342763498877e-25,6.92820323027551e-09,1.3927957699248752e-24,4.106776180698152e-17,2.435e+27,2.8753438695127816e-88,5.237068767221307e-46,1.0,1.4156644042415872e-57,1.6441664175862416e-60,True,True
1.7782794100389228e-09,1.0,quadrature,1.0,tree_eta,2.238361959914375e-49,-1.094268783337248e-34,3.7397319445586535e-50,4.53467955166568e-53,1.0,1.0,4.749727582637876e-25,3.7252734392199947e-35,2.752022310332856e-48,4.749727582637876e-25,1024,4.749727583010403e-25,1024,3.725273439220002e-35,4.749727582637876e-25,1.2320281152964092e-08,7.832266189790669e-25,4.106776180698152e-17,2.435e+27,2.875343869512783e-88,5.237068767221307e-46,1.0,7.960865971060203e-58,9.245827220989161e-61,True,True
3.1622776601683795e-09,1.0,quadrature,1.0,tree_eta,7.078322021207936e-50,-1.094268783337248e-33,1.182607078329588e-50,1.4339915842254741e-53,1.0,1.0,2.6709681031137363e-25,3.7252734392199936e-35,1.5475758729459847e-47,2.6709681031137363e-25,1024,2.6709681034862637e-25,1024,3.725273439219996e-35,2.6709681031137363e-25,2.1908902300206644e-08,4.404406948410451e-25,4.106776180698152e-17,2.435e+27,2.875343869512782e-88,5.237068767221307e-46,1.0,4.476723919828749e-58,5.199310731932046e-61,True,True
5.623413251903491e-09,1.0,quadrature,1.0,tree_eta,2.238361959914375e-50,-1.0942687833372481e-32,3.7397319445586534e-51,4.534679551665681e-54,1.0,1.0,1.5019957426461317e-25,3.7252734392199936e-35,8.702658672250563e-47,1.5019957426461317e-25,1024,1.501995743018659e-25,1024,3.725273439219994e-35,1.5019957426461317e-25,3.896014985701187e-08,2.476780040046714e-25,4.106776180698152e-17,2.435e+27,2.875343869512782e-88,5.237068767221307e-46,1.0,2.5174468615878333e-58,2.9237872870710714e-61,True,True
1e-08,1.0,quadrature,1.0,tree_eta,7.078322021207936e-51,-1.0942687833372481e-31,1.182607078329588e-51,1.4339915842254743e-54,1.0,1.0,8.446342763498878e-26,3.7252734392199936e-35,4.893864610432664e-46,8.446342763498878e-26,1024,8.446342767224152e-26,1024,3.7252734392199936e-35,8.446342763498878e-26,6.92820323027551e-08,1.3927957699248751e-25,4.106776180698152e-17,2.435e+27,2.875343869512782e-88,5.237068767221307e-46,1.0,1.4156644042415872e-58,1.6441664175862415e-61,True,True
1.7782794100389228e-08,1.0,quadrature,1.0,tree_eta,2.238361959914375e-51,-1.094268783337248e-30,3.739731944558654e-52,4.53467955166568e-55,1.0,1.0,4.7497275826378754e-26,3.7252734392199936e-35,2.7520223103328553e-45,4.7497275826378754e-26,1024,4.749727586363149e-26,1024,3.7252734392199936e-35,4.7497275826378754e-26,1.232028115296409e-07,7.83226618979067e-26,4.106776180698152e-17,2.435e+27,2.875343869512782e-88,5.237068767221307e-46,1.0,7.960865971060203e-59,9.24582722098916e-62,True,True
3.162277660168379e-08,1.0,quadrature,1.0,tree_eta,7.078322021207936e-52,-1.0942687833372479e-29,1.1826070783295881e-52,1.4339915842254743e-55,1.0,1.0,2.670968103113736e-26,3.7252734392199936e-35,1.547575872945984e-44,2.670968103113736e-26,1024,2.6709681068390095e-26,1024,3.7252734392199936e-35,2.670968103113736e-26,2.1908902300206643e-07,4.4044069484104515e-26,4.106776180698152e-17,2.435e+27,2.875343869512782e-88,5.237068767221307e-46,1.0,4.476723919828749e-59,5.1993107319320455e-62,True,True
5.6234132519034905e-08,1.0,quadrature,1.0,tree_eta,2.2383619599143747e-52,-1.0942687833372478e-28,3.739731944558653e-53,4.534679551665681e-56,1.0,1.0,1.501995742646131e-26,3.7252734392199936e-35,8.702658672250558e-44,1.501995742646131e-26,1024,1.5019957463714044e-26,1024,3.7252734392199936e-35,1.501995742646131e-26,3.896014985701187e-07,2.4767800400467146e-26,4.106776180698152e-17,2.435e+27,2.875343869512782e-88,5.237068767221307e-46,1.0,2.517446861587833e-59,2.9237872870710708e-62,True,True
1e-07,1.0,quadrature,1.0,tree_eta,7.078322021207937e-53,-1.094268783337248e-27,1.182607078329588e-53,1.4339915842254742e-56,1.0,1.0,8.44634276349888e-27,3.7252734392199936e-35,4.893864610432662e-43,8.44634276349888e-27,1024,8.446342800751615e-27,1024,3.7252734392199936e-35,8.44634276349888e-27,6.928203230275509e-07,1.3927957699248753e-26,4.106776180698152e-17,2.435e+27,2.875343869512782e-88,5.237068767221307e-46,1.0,1.4156644042415873e-59,1.6441664175862416e-62,True,True
1.7782794100389227e-07,1.0,quadrature,1.0,tree_eta,2.2383619599143753e-53,-1.0942687833372477e-26,3.739731944558654e-54,4.53467955166568e-57,1.0,1.0,4.749727582637876e-27,3.7252734392199947e-35,2.752022310332855e-42,4.749727582637873e-27,1024,4.749727619890614e-27,1024,3.7252734392199947e-35,4.749727582637873e-27,1.232028115296409e-06,7.83226618979067e-27,4.106776180698152e-17,2.435e+27,2.875343869512783e-88,5.237068767221307e-46,1.0,7.960865971060204e-60,9.245827220989161e-63,True,True
3.162277660168379e-07,1.0,quadrature,1.0,tree_eta,7.078322021207937e-54,-1.0942687833372477e-25,1.1826070783295883e-54,1.4339915842254743e-57,1.0,1.0,2.6709681031137364e-27,3.7252734392199936e-35,1.5475758729459838e-41,2.6709681031137214e-27,1024,2.670968140366486e-27,1024,3.7252734392199936e-35,2.670968103113721e-27,2.190890230020664e-06,4.404406948410452e-27,4.106776180698152e-17,2.435e+27,2.875343869512782e-88,5.237068767221307e-46,1.0,4.4767239198287496e-60,5.199310731932047e-63,True,True
5.62341325190349e-07,1.0,quadrature,1.0,tree_eta,2.238361959914375e-54,-1.0942687833372476e-24,3.739731944558654e-55,4.5346795516656806e-58,1.0,1.0,1.5019957426461316e-27,3.7252734392199936e-35,8.702658672250557e-41,1.501995742646045e-27,1024,1.5019957798989529e-27,1024,3.7252734392199936e-35,1.5019957426460446e-27,3.896014985701187e-06,2.4767800400467146e-27,4.106776180698152e-17,2.435e+27,2.875343869512782e-88,5.237068767221307e-46,1.0,2.517446861587833e-60,2.9237872870710714e-63,True,True
1e-06,1.0,quadrature,1.0,tree_eta,7.078322021207936e-55,-1.0942687833372477e-23,1.182607078329588e-55,1.4339915842254742e-58,1.0,1.0,8.446342763498878e-28,3.725273439219993e-35,4.893864610432664e-40,8.446342763493994e-28,1024,8.446343136031114e-28,1024,3.725273439219993e-35,8.446342763493985e-28,6.928203230275509e-06,1.3927957699248752e-27,4.106776180698152e-17,2.435e+27,2.875343869512781e-88,5.237068767221307e-46,1.0,1.415664404241587e-60,1.6441664175862413e-63,True,True
1.7782794100389227e-06,1.0,quadrature,1.0,tree_eta,2.238361959914375e-55,-1.094268783337248e-22,3.7397319445586537e-56,4.534679551665681e-59,1.0,1.0,4.749727582637877e-28,3.7252734392199947e-35,2.7520223103328552e-39,4.749727582610372e-28,1024,4.749727955192741e-28,1024,3.7252734392199947e-35,4.749727582610358e-28,1.232028115296409e-05,7.83226618979067e-28,4.106776180698152e-17,2.435e+27,2.875343869512783e-88,5.237068767221307e-46,1.0,7.960865971060204e-61,9.245827220989162e-64,True,True
3.162277660168379e-06,1.0,quadrature,1.0,tree_eta,7.0783220212079365e-56,-1.0942687833372478e-21,1.1826070783295881e-56,1.4339915842254746e-59,1.0,1.0,2.6709681031137367e-28,3.7252734392199936e-35,1.5475758729459844e-38,2.670968102959005e-28,1024,2.6709684757958384e-28,1024,3.7252734392199936e-35,2.670968102958979e-28,2.1908902300206645e-05,4.404406948410451e-28,4.106776180698152e-17,2.435e+27,2.875343869512782e-88,5.237068767221307e-46,1.0,4.476723919828749e-61,5.199310731932046e-64,True,True
5.623413251903491e-06,1.0,quadrature,1.0,tree_eta,2.2383619599143744e-56,-1.0942687833372482e-20,3.7397319445586527e-57,4.53467955166568e-60,1.0,1.0,1.5019957426461313e-28,3.7252734392199936e-35,8.702658672250563e-38,1.5019957417759117e-28,1024,1.501996116043741e-28,1024,3.7252734392199936e-35,1.5019957417758655e-28,3.896014985701188e-05,2.4767800400467144e-28,4.106776180698152e-17,2.435e+27,2.875343869512782e-88,5.237068767221307e-46,1.0,2.5174468615878327e-61,2.9237872870710705e-64,True,True
9.999999999999999e-06,1.0,quadrature,1.0,tree_eta,7.078322021207938e-57,-1.0942687833372476e-19,1.1826070783295883e-57,1.4339915842254743e-60,1.0,1.0,8.446342763498879e-29,3.7252734392199936e-35,4.893864610432661e-37,8.446342714561055e-29,1024,8.446346537710965e-29,1024,3.7252734392199936e-35,8.446342714560234e-29,6.928203230275508e-05,1.3927957699248755e-28,4.106776180698152e-17,2.435e+27,2.875343869512782e-88,5.237068767221307e-46,1.0,1.4156644042415874e-61,1.644166417586242e-64,True,True
1.778279410038923e-05,1.0,quadrature,1.0,tree_eta,2.2383619599143747e-57,-1.0942687833372482e-18,3.7397319445586534e-58,4.53467955166568e-61,1.0,1.0,4.749727582637876e-29,3.7252734392199947e-35,2.7520223103328565e-36,4.749727307437106e-29,1024,4.7497315831135464e-29,1024,3.7252734392199947e-35,4.749727307435645e-29,0.00012320281152964092,7.832266189790669e-29,4.106776180698152e-17,2.435e+27,2.875343869512783e-88,5.237068767221307e-46,1.0,7.960865971060202e-62,9.24582722098916e-65,True,True
3.1622776601683795e-05,1.0,quadrature,1.0,tree_eta,7.078322021207936e-58,-1.0942687833372483e-17,1.182607078329588e-58,1.4339915842254741e-61,1.0,1.0,2.670968103113736e-29,3.7252734392199936e-35,1.5475758729459843e-35,2.670966555540461e-29,1024,2.670973375963048e-29,1024,3.7252734392199936e-35,2.670966555537863e-29,0.00021908902300206645,4.404406948410451e-29,4.106776180698152e-17,2.435e+27,2.875343869512782e-88,5.237068767221307e-46,1.0,4.476723919828749e-62,5.199310731932047e-65,True,True
5.623413251903491e-05,1.0,quadrature,1.0,tree_eta,2.238361959914375e-58,-1.094268783337248e-16,3.739731944558654e-59,4.534679551665681e-62,1.0,1.0,1.501995742646131e-29,3.7252734392199936e-35,8.702658672250557e-35,1.5019870399920785e-29,1024,1.5020081705782425e-29,1024,3.7252734392199936e-35,1.5019870399874587e-29,0.0003896014985701187,2.4767800400467147e-29,4.106776180698152e-17,2.435e+27,2.875343869512782e-88,5.237068767221307e-46,1.0,2.5174468615878334e-62,2.9237872870710713e-65,True,True
0.0001,1.0,quadrature,1.0,tree_eta,7.078322021207936e-59,-1.0942687833372482e-15,1.182607078329588e-59,1.4339915842254741e-62,1.0,1.0,8.446342763498878e-30,3.7252734392199936e-35,4.8938646104326624e-34,8.445853377119991e-30,1024,8.446869402694313e-30,1024,3.7252734392199936e-35,8.445853377037834e-30,0.0006928203230275509,1.3927957699248753e-29,4.106776180698152e-17,2.435e+27,2.875343869512782e-88,5.237068767221307e-46,1.0,1.4156644042415873e-62,1.6441664175862417e-65,True,True
0.00017782794100389227,1.0,quadrature,1.0,tree_eta,2.2383619599143752e-59,-1.0942687833372476e-14,3.739731944558654e-60,4.534679551665681e-63,1.0,1.0,4.749727582637877e-30,3.7252734392199947e-35,2.7520223103328555e-33,4.7469755604737175e-30,1024,4.752516857682602e-30,1024,3.7252734392199947e-35,4.746975560327544e-30,0.0012320281152964092,7.832266189790669e-30,4.106776180698152e-17,2.435e+27,2.875343869512783e-88,5.237068767221307e-46,1.0,7.960865971060204e-63,9.245827220989162e-66,True,True
0.00031622776601683794,1.0,quadrature,1.0,tree_eta,7.078322021207937e-60,-1.0942687833372483e-13,1.1826070783295882e-60,1.4339915842254742e-63,1.0,1.0,2.670968103113736e-30,3.7252734392199936e-35,1.547575872945984e-32,2.655492344645577e-30,1024,2.686481114577588e-30,1024,3.7252734392199936e-35,2.6554923443842763e-30,0.0021908902300206644,4.404406948410451e-30,4.106776180698152e-17,2.435e+27,2.875343869512782e-88,5.237068767221307e-46,1.0,4.4767239198287494e-63,5.199310731932047e-66,True,True
0.0005623413251903491,1.0,quadrature,1.0,tree_eta,2.2383619599143748e-60,-1.0942687833372481e-12,3.739731944558653e-61,4.53467955166568e-64,1.0,1.0,1.5019957426461312e-30,3.7252734392199936e-35,8.702658672250561e-32,1.4149691564140132e-30,1024,1.589059582103029e-30,1024,3.7252734392199936e-35,1.4149691559236256e-30,0.0038960149857011875,2.4767800400467144e-30,4.106776180698152e-17,2.435e+27,2.875343869512782e-88,5.237068767221307e-46,1.0,2.5174468615878334e-63,2.9237872870710713e-66,True,True
0.001,1.0,quadrature,1.0,tree_eta,7.078322021207937e-61,-1.0942687833372481e-11,1.1826070783295882e-61,1.433991584225474e-64,1.0,1.0,8.44634276349888e-31,3.7252734392199936e-35,4.893864610432663e-31,3.552478172598585e-31,1024,1.3340579901275465e-30,1024,3.7252734392199936e-35,3.5524781530662167e-31,0.0069282032302755096,1.3927957699248753e-30,4.106776180698152e-17,2.435e+27,2.875343869512782e-88,5.237068767221307e-46,1.0,1.4156644042415875e-63,1.6441664175862418e-66,True,True
0.0017782794100389228,1.0,quadrature,1.0,tree_eta,2.238361959914375e-61,-1.094268783337248e-10,3.7397319445586533e-62,4.5346795516656805e-65,1.0,1.0,4.749727582637878e-31,3.7252734392199947e-35,2.752022310332855e-30,2.2770495523737966e-30,1024,3.2270323213310354e-30,1024,3.7252734392199947e-35,2.2770495520690675e-30,0.012320281152964092,7.832266189790669e-31,4.106776180698152e-17,2.435e+27,2.875343869512783e-88,5.237068767221307e-46,1.0,7.960865971060203e-64,9.245827220989161e-67,True,True
0.0031622776601683794,1.0,quadrature,1.0,tree_eta,7.078322021207936e-62,-1.0942687833372481e-09,1.182607078329588e-62,1.433991584225474e-65,1.0,1.0,2.670968103113736e-31,3.7252734392199936e-35,1.5475758729459842e-29,1.5208661919194092e-29,1024,1.5742892792505606e-29,1024,3.7252734392199936e-35,1.520866191914847e-29,0.021908902300206645,4.404406948410451e-31,4.106776180698152e-17,2.435e+27,2.875343869512782e-88,5.237068767221307e-46,1.0,4.4767239198287495e-64,5.1993107319320465e-67,True,True
0.005623413251903491,1.0,quadrature,1.0,tree_eta,2.2383619599143747e-62,-1.0942687833372482e-08,3.7397319445586535e-63,4.53467955166568e-66,1.0,1.0,1.501995742646131e-31,3.7252734392199947e-35,8.70265867225056e-29,8.687638714824897e-29,1024,8.717682354950461e-29,1024,3.7252734392199947e-35,8.687638714824099e-29,0.03896014985701187,2.4767800400467145e-31,4.106776180698152e-17,2.435e+27,2.875343869512783e-88,5.237068767221307e-46,1.0,2.517446861587833e-64,2.923787287071071e-67,True,True
0.01,1.0,quadrature,1.0,tree_eta,7.078322021207937e-63,-1.094268783337248e-07,1.1826070783295881e-63,1.4339915842254742e-66,1.0,1.0,8.446342763498879e-32,3.7252734392199936e-35,4.8938646104326635e-28,4.893019976156329e-28,1024,4.894709617236357e-28,1024,3.7252734392199936e-35,4.893019976156315e-28,0.06928203230275509,1.3927957699248754e-31,4.106776180698152e-17,2.435e+27,2.875343869512782e-88,5.237068767221307e-46,1.0,1.4156644042415873e-64,1.6441664175862415e-67,True,True
0.01778279410038923,1.0,quadrature,1.0,tree_eta,2.2383619599143744e-63,-1.094268783337248e-06,3.739731944558653e-64,4.534679551665679e-67,1.0,1.0,4.749727582637875e-32,3.7252734392199936e-35,2.7520223103328564e-27,2.7519748130570302e-27,1024,2.7520698448614173e-27,1024,3.7252734392199936e-35,2.75197481305703e-27,0.12320281152964094,7.832266189790668e-32,4.106776180698152e-17,2.435e+27,2.875343869512782e-88,5.237068767221307e-46,1.0,7.960865971060202e-65,9.245827220989159e-68,True,True
0.03162277660168379,1.0,quadrature,1.0,tree_eta,7.078322021207938e-64,-1.0942687833372478e-05,1.1826070783295884e-64,1.4339915842254746e-67,1.0,1.0,2.6709681031137363e-32,3.7252734392199936e-35,1.5475758729459837e-26,1.5475732019778805e-26,1024,1.5475785476393603e-26,1024,3.7252734392199936e-35,1.5475732019778805e-26,0.21908902300206642,4.4044069484104517e-32,4.106776180698152e-17,2.435e+27,2.875343869512782e-88,5.237068767221307e-46,1.0,4.47672391982875e-65,5.199310731932047e-68,True,True
0.056234132519034905,1.0,quadrature,1.0,tree_eta,2.238361959914375e-64,-0.00010942687833372478,3.7397319445586536e-65,4.534679551665681e-68,1.0,1.0,1.5019957426461313e-32,3.7252734392199936e-35,8.702658672250558e-26,8.702657170254814e-26,1024,8.702660177971574e-26,1024,3.7252734392199936e-35,8.702657170254814e-26,0.38960149857011867,2.4767800400467147e-32,4.106776180698152e-17,2.435e+27,2.875343869512782e-88,5.237068767221307e-46,1.0,2.5174468615878333e-65,2.9237872870710714e-68,True,True
0.1,1.0,quadrature,1.0,tree_eta,7.078322021207935e-65,-0.0010942687833372482,1.1826070783295878e-65,1.433991584225474e-68,1.0,1.0,8.446342763498877e-33,3.7252734392199936e-35,4.893864610432664e-25,4.893864525969237e-25,1024,4.89386469526862e-25,1024,3.7252734392199936e-35,4.893864525969237e-25,0.692820323027551,1.392795769924875e-32,4.106776180698152e-17,2.435e+27,2.875343869512782e-88,5.237068767221307e-46,1.0,1.415664404241587e-65,1.6441664175862415e-68,True,True
0.1778279410038923,1.0,quadrature,1.0,tree_eta,2.2383619599143746e-65,-0.010942687833372483,3.739731944558653e-66,4.53467955166568e-69,1.0,1.0,4.749727582637876e-33,3.7252734392199947e-35,2.752022310332856e-24,2.7520223055831284e-24,1024,2.752022315119836e-24,1024,3.7252734392199947e-35,2.7520223055831284e-24,1.2320281152964092,7.83226618979067e-33,4.106776180698152e-17,2.435e+27,2.875343869512783e-88,5.237068767221307e-46,1.0,7.960865971060202e-66,9.245827220989159e-69,True,True
0.31622776601683794,1.0,quadrature,1.0,tree_eta,7.078322021207937e-66,-0.1094268783337248,1.1826070783295882e-66,1.4339915842254743e-69,1.0,1.0,2.6709681031137363e-33,3.7252734392199936e-35,1.547575872945984e-23,1.5475758726788877e-23,1024,1.5475758732168062e-23,1024,3.7252734392199936e-35,1.5475758726788877e-23,2.1908902300206647,4.4044069484104505e-33,4.106776180698152e-17,2.435e+27,2.875343869512782e-88,5.237068767221307e-46,1.0,4.47672391982875e-66,5.199310731932047e-69,True,True
0.5623413251903491,1.0,quadrature,1.0,tree_eta,2.238361959914375e-66,-1.094268783337248,3.739731944558653e-67,4.5346795516656794e-70,1.0,1.0,1.501995742646131e-33,3.7252734392199936e-35,8.702658672250558e-23,8.702658672100358e-23,1024,8.702658672404483e-23,1024,3.7252734392199936e-35,8.702658672100358e-23,3.896014985701187,2.4767800400467145e-33,4.106776180698152e-17,2.435e+27,2.875343869512782e-88,5.237068767221307e-46,1.0,2.5174468615878334e-66,2.9237872870710714e-69,True,True
1.0,1.0,quadrature,1.0,tree_eta,7.078322021207937e-67,-10.94268783337248,1.1826070783295882e-67,1.4339915842254742e-70,1.0,1.0,8.44634276349888e-34,3.7252734392199947e-35,4.893864610432664e-22,4.893864610424217e-22,1024,4.893864610441483e-22,1024,3.7252734392199947e-35,4.893864610424217e-22,6.928203230275509,1.3927957699248754e-33,4.106776180698152e-17,2.435e+27,2.875343869512783e-88,5.237068767221307e-46,1.0,1.4156644042415875e-66,1.644166417586242e-69,True,True
1.7782794100389228,1.0,quadrature,1.0,tree_eta,2.238361959914375e-67,-109.42687833372477,3.7397319445586536e-68,4.53467955166568e-71,1.0,1.0,4.749727582637877e-34,3.7252734392199947e-35,2.7520223103328553e-21,2.7520223103323802e-21,1024,2.7520223103333676e-21,1024,3.7252734392199947e-35,2.7520223103323802e-21,12.320281152964093,7.832266189790669e-34,4.106776180698152e-17,2.435e+27,2.8753438695127833e-88,5.237068767221307e-46,1.0,7.960865971060203e-67,9.24582722098916e-70,True,True
3.1622776601683795,1.0,quadrature,1.0,tree_eta,7.078322021207935e-68,-1094.2687833372484,1.1826070783295878e-68,1.4339915842254742e-71,1.0,1.0,2.670968103113736e-34,3.7252734392199936e-35,1.5475758729459847e-20,1.5475758729459582e-20,1024,1.547575872946015e-20,1024,3.7252734392199936e-35,1.5475758729459582e-20,21.90890230020665,4.40440694841045e-34,4.106776180698152e-17,2.435e+27,2.875343869512782e-88,5.237068767221307e-46,1.0,4.476723919828749e-67,5.1993107319320454e-70,True,True
5.62341325190349,1.0,quadrature,1.0,tree_eta,2.238361959914375e-68,-10942.687833372476,3.7397319445586535e-69,4.534679551665681e-72,1.0,1.0,1.5019957426461312e-34,3.7252734392199936e-35,8.702658672250556e-20,8.702658672250542e-20,1024,8.702658672250576e-20,1024,3.7252734392199936e-35,8.702658672250542e-20,38.960149857011864,2.476780040046715e-34,4.106776180698152e-17,2.435e+27,2.8753438695127816e-88,5.237068767221307e-46,1.0,2.517446861587833e-67,2.923787287071071e-70,True,True
10.0,1.0,quadrature,1.0,tree_eta,7.078322021207937e-69,-109426.8783337248,1.1826070783295881e-69,1.4339915842254742e-72,1.0,1.0,8.44634276349888e-35,3.7252734392199936e-35,4.893864610432663e-19,4.893864610432662e-19,1024,4.893864610432664e-19,1024,3.7252734392199936e-35,4.893864610432662e-19,69.2820323027551,1.3927957699248752e-34,4.106776180698152e-17,2.435e+27,2.875343869512782e-88,5.237068767221307e-46,1.0,1.4156644042415874e-67,1.6441664175862416e-70,True,True
17.78279410038923,1.0,quadrature,1.0,tree_eta,2.2383619599143744e-69,-1094268.7833372483,3.739731944558652e-70,4.53467955166568e-73,1.0,1.0,4.749727582637875e-35,3.7252734392199936e-35,2.752022310332856e-18,2.752022310332856e-18,1024,2.752022310332856e-18,1024,3.7252734392199936e-35,2.752022310332856e-18,123.20281152964093,7.832266189790668e-35,4.106776180698152e-17,2.435e+27,2.8753438695127816e-88,5.237068767221307e-46,1.0,7.960865971060201e-68,9.245827220989159e-71,True,True
31.622776601683793,1.0,quadrature,1.0,tree_eta,7.078322021207938e-70,-10942687.833372477,1.1826070783295882e-70,1.4339915842254742e-73,1.0,1.0,2.670968103113736e-35,3.7252734392199936e-35,1.5475758729459837e-17,1.5475758729459837e-17,1024,1.5475758729459837e-17,1024,3.7252734392199936e-35,1.5475758729459837e-17,219.08902300206645,4.404406948410451e-35,4.106776180698152e-17,2.435e+27,2.875343869512782e-88,5.237068767221307e-46,1.0,4.47672391982875e-68,5.199310731932047e-71,True,True
56.23413251903491,1.0,quadrature,1.0,tree_eta,2.238361959914375e-70,-109426878.3337248,3.739731944558654e-71,4.53467955166568e-74,1.0,1.0,1.5019957426461316e-35,3.7252734392199936e-35,8.70265867225056e-17,8.70265867225056e-17,1024,8.70265867225056e-17,1024,3.7252734392199936e-35,8.70265867225056e-17,389.6014985701187,2.4767800400467146e-35,4.106776180698152e-17,2.435e+27,2.875343869512782e-88,5.237068767221307e-46,1.0,2.5174468615878333e-68,2.9237872870710715e-71,True,True
100.0,1.0,quadrature,1.0,tree_eta,7.078322021207937e-71,-1094268783.337248,1.1826070783295883e-71,1.4339915842254742e-74,1.0,1.0,8.44634276349888e-36,3.7252734392199936e-35,4.893864610432664e-16,4.893864610432664e-16,1024,4.893864610432664e-16,1024,3.7252734392199936e-35,4.893864610432664e-16,692.8203230275509,1.3927957699248754e-35,4.106776180698152e-17,2.435e+27,2.875343869512782e-88,5.237068767221307e-46,1.0,1.4156644042415873e-68,1.6441664175862418e-71,True,True
177.82794100389228,1.0,quadrature,1.0,tree_eta,2.2383619599143752e-71,-10942687833.37248,3.739731944558654e-72,4.534679551665681e-75,1.0,1.0,4.7497275826378764e-36,3.7252734392199947e-35,2.7520223103328556e-15,2.7520223103328556e-15,1024,2.7520223103328556e-15,1024,3.7252734392199947e-35,2.7520223103328556e-15,1232.0281152964092,7.832266189790669e-36,4.106776180698152e-17,2.435e+27,2.875343869512783e-88,5.237068767221307e-46,1.0,7.960865971060204e-69,9.24582722098916e-72,True,True
316.2277660168379,1.0,quadrature,1.0,tree_eta,7.078322021207939e-72,-109426878333.72476,1.1826070783295885e-72,1.4339915842254746e-75,1.0,1.0,2.6709681031137365e-36,3.7252734392199947e-35,1.5475758729459834e-14,1.5475758729459834e-14,1024,1.5475758729459834e-14,1024,3.7252734392199947e-35,1.5475758729459834e-14,2190.890230020664,4.4044069484104515e-36,4.106776180698152e-17,2.435e+27,2.875343869512783e-88,5.237068767221307e-46,1.0,4.4767239198287503e-69,5.199310731932048e-72,True,True
562.341325190349,1.0,quadrature,1.0,tree_eta,2.2383619599143748e-72,-1094268783337.2476,3.739731944558653e-73,4.5346795516656803e-76,1.0,1.0,1.5019957426461314e-36,3.7252734392199936e-35,8.70265867225056e-14,8.70265867225056e-14,1024,8.70265867225056e-14,1024,3.7252734392199936e-35,8.70265867225056e-14,3896.014985701187,2.4767800400467144e-36,4.106776180698152e-17,2.435e+27,2.875343869512782e-88,5.237068767221307e-46,1.0,2.517446861587833e-69,2.923787287071071e-72,True,True
1000.0,1.0,quadrature,1.0,tree_eta,7.078322021207937e-73,-10942687833372.48,1.1826070783295881e-73,1.4339915842254744e-76,1.0,1.0,8.44634276349888e-37,3.7252734392199936e-35,4.893864610432665e-13,4.893864610432665e-13,1024,4.893864610432665e-13,1024,3.7252734392199936e-35,4.893864610432665e-13,6928.203230275509,1.3927957699248754e-36,4.106776180698152e-17,2.435e+27,2.875343869512782e-88,5.237068767221307e-46,1.0,1.4156644042415875e-69,1.644166417586242e-72,True,True
1778.2794100389228,1.0,quadrature,1.0,tree_eta,2.2383619599143748e-73,-109426878333724.8,3.739731944558653e-74,4.534679551665681e-77,1.0,1.0,4.749727582637877e-37,3.7252734392199936e-35,2.7520223103328566e-12,2.7520223103328566e-12,1024,2.7520223103328566e-12,1024,3.7252734392199936e-35,2.7520223103328566e-12,12320.281152964091,7.83226618979067e-37,4.106776180698152e-17,2.435e+27,2.875343869512782e-88,5.237068767221307e-46,1.0,7.960865971060203e-70,9.245827220989161e-73,True,True
3162.2776601683795,1.0,quadrature,1.0,tree_eta,7.078322021207937e-74,-1094268783337248.2,1.1826070783295882e-74,1.433991584225474e-77,1.0,1.0,2.6709681031137362e-37,3.7252734392199947e-35,1.5475758729459842e-11,1.5475758729459842e-11,1024,1.5475758729459842e-11,1024,3.7252734392199947e-35,1.5475758729459842e-11,21908.902300206646,4.4044069484104505e-37,4.106776180698152e-17,2.435e+27,2.875343869512783e-88,5.237068767221307e-46,1.0,4.47672391982875e-70,5.1993107319320475e-73,True,True
5623.413251903491,1.0,quadrature,1.0,tree_eta,2.2383619599143743e-74,-1.0942687833372484e+16,3.7397319445586526e-75,4.53467955166568e-78,1.0,1.0,1.5019957426461312e-37,3.7252734392199936e-35,8.70265867225056e-11,8.70265867225056e-11,1024,8.70265867225056e-11,1024,3.725273439219994e-35,8.70265867225056e-11,38960.14985701187,2.4767800400467144e-37,4.106776180698152e-17,2.435e+27,2.875343869512782e-88,5.237068767221307e-46,1.0,2.5174468615878326e-70,2.9237872870710704e-73,True,True
10000.0,1.0,quadrature,1.0,tree_eta,7.078322021207937e-75,-1.094268783337248e+17,1.182607078329588e-75,1.4339915842254744e-78,1.0,1.0,8.446342763498879e-38,3.7252734392199936e-35,4.893864610432664e-10,4.893864610432664e-10,1024,4.893864610432664e-10,1024,3.7252734392199947e-35,4.893864610432664e-10,69282.03230275509,1.3927957699248754e-37,4.106776180698152e-17,2.435e+27,2.875343869512782e-88,5.237068767221307e-46,1.0,1.4156644042415874e-70,1.6441664175862418e-73,True,True
17782.794100389227,1.0,quadrature,1.0,tree_eta,2.238361959914375e-75,-1.0942687833372476e+18,3.739731944558654e-76,4.5346795516656806e-79,1.0,1.0,4.749727582637878e-38,3.7252734392199936e-35,2.752022310332856e-09,2.752022310332856e-09,1024,2.752022310332856e-09,1024,3.7252734392199974e-35,2.752022310332856e-09,123202.81152964091,7.83226618979067e-38,4.106776180698152e-17,2.435e+27,2.875343869512782e-88,5.237068767221307e-46,1.0,7.960865971060203e-71,9.24582722098916e-74,True,True
31622.776601683792,1.0,quadrature,1.0,tree_eta,7.078322021207937e-76,-1.0942687833372477e+19,1.1826070783295881e-76,1.433991584225474e-79,1.0,1.0,2.6709681031137357e-38,3.7252734392199936e-35,1.5475758729459836e-08,1.5475758729459836e-08,1024,1.5475758729459836e-08,1024,3.725273439220006e-35,1.5475758729459836e-08,219089.02300206642,4.404406948410452e-38,4.106776180698152e-17,2.435e+27,2.875343869512782e-88,5.237068767221307e-46,1.0,4.47672391982875e-71,5.199310731932047e-74,True,True
56234.13251903491,1.0,quadrature,1.0,tree_eta,2.2383619599143746e-76,-1.094268783337248e+20,3.739731944558653e-77,4.53467955166568e-80,1.0,1.0,1.5019957426461312e-38,3.7252734392199936e-35,8.70265867225056e-08,8.70265867225056e-08,1024,8.70265867225056e-08,1024,3.725273439220032e-35,8.70265867225056e-08,389601.49857011874,2.476780040046714e-38,4.106776180698152e-17,2.435e+27,2.875343869512782e-88,5.237068767221307e-46,1.0,2.5174468615878328e-71,2.9237872870710707e-74,True,True
100000.0,1.0,quadrature,1.0,tree_eta,7.078322021207937e-77,-1.094268783337248e+21,1.1826070783295882e-77,1.433991584225474e-80,1.0,1.0,8.446342763498881e-39,3.7252734392199947e-35,4.893864610432663e-07,4.893864610432663e-07,1024,4.893864610432663e-07,1024,3.7252734392201176e-35,4.893864610432663e-07,692820.3230275509,1.3927957699248754e-38,4.106776180698152e-17,2.435e+27,2.875343869512783e-88,5.237068767221307e-46,1.0,1.4156644042415873e-71,1.6441664175862416e-74,True,True
177827.94100389228,1.0,quadrature,1.0,tree_eta,2.238361959914375e-77,-1.0942687833372481e+22,3.7397319445586534e-78,4.53467955166568e-81,1.0,1.0,4.749727582637874e-39,3.7252734392199936e-35,2.7520223103328546e-06,2.7520223103328546e-06,1024,2.7520223103328546e-06,1024,3.725273439220382e-35,2.7520223103328546e-06,1232028.1152964092,7.832266189790669e-39,4.106776180698152e-17,2.435e+27,2.875343869512782e-88,5.237068767221307e-46,1.0,7.960865971060203e-72,9.245827220989161e-75,True,True
316227.7660168379,1.0,quadrature,1.0,tree_eta,7.078322021207937e-78,-1.0942687833372476e+23,1.182607078329588e-78,1.4339915842254746e-81,1.0,1.0,2.6709681031137366e-39,3.7252734392199936e-35,1.5475758729459838e-05,1.5475758729459838e-05,1024,1.5475758729459838e-05,1024,3.7252734392212236e-35,1.5475758729459838e-05,2190890.230020664,4.4044069484104516e-39,4.106776180698152e-17,2.435e+27,2.875343869512782e-88,5.237068767221307e-46,1.0,4.4767239198287496e-72,5.199310731932048e-75,True,True
562341.3251903491,1.0,quadrature,1.0,tree_eta,2.2383619599143744e-78,-1.0942687833372485e+24,3.739731944558653e-79,4.5346795516656795e-82,1.0,1.0,1.501995742646131e-39,3.7252734392199936e-35,8.702658672250561e-05,8.702658672250561e-05,1024,8.702658672250561e-05,1024,3.725273439223884e-35,8.702658672250561e-05,3896014.9857011875,2.476780040046714e-39,4.106776180698152e-17,2.435e+27,2.875343869512782e-88,5.237068767221307e-46,1.0,2.517446861587833e-72,2.923787287071071e-75,True,True
1000000.0,1.0,quadrature,1.0,tree_eta,7.078322021207937e-79,-1.094268783337248e+25,1.1826070783295882e-79,1.4339915842254742e-82,1.0,1.0,8.446342763498882e-40,3.7252734392199947e-35,0.0004893864610432664,0.0004893864610432664,1024,0.0004893864610432664,1024,3.725273439232298e-35,0.0004893864610432664,6928203.230275509,1.3927957699248754e-39,4.106776180698152e-17,2.435e+27,2.875343869512783e-88,5.237068767221307e-46,1.0,1.4156644042415874e-72,1.6441664175862418e-75,True,True
1778279.410038923,1.0,quadrature,1.0,tree_eta,2.2383619599143745e-79,-1.0942687833372483e+26,3.7397319445586526e-80,4.53467955166568e-83,1.0,1.0,4.749727582637875e-40,3.7252734392199947e-35,0.0027520223103328564,0.0027520223103328564,1024,0.0027520223103328564,1024,3.725273439258902e-35,0.0027520223103328564,12320281.152964093,7.832266189790668e-40,4.106776180698152e-17,2.435e+27,2.875343869512783e-88,5.237068767221307e-46,1.0,7.960865971060202e-73,9.24582722098916e-76,True,True
3162277.660168379,1.0,quadrature,1.0,tree_eta,7.078322021207939e-80,-1.0942687833372477e+27,1.1826070783295885e-80,1.4339915842254746e-83,1.0,1.0,2.6709681031137363e-40,3.7252734392199947e-35,0.015475758729459837,0.015475758729459837,1024,0.015475758729459837,1024,3.7252734393430317e-35,0.015475758729459837,21908902.300206643,4.404406948410451e-40,4.106776180698152e-17,2.435e+27,2.875343869512783e-88,5.237068767221307e-46,1.0,4.476723919828751e-73,5.199310731932048e-76,True,True
5623413.251903491,1.0,quadrature,1.0,tree_eta,2.2383619599143742e-80,-1.094268783337248e+28,3.7397319445586523e-81,4.534679551665679e-84,1.0,1.0,1.5019957426461312e-40,3.7252734392199936e-35,0.08702658672250563,0.08702658672250563,1024,0.08702658672250563,1024,3.7252734396090696e-35,0.08702658672250563,38960149.85701187,2.4767800400467144e-40,4.106776180698152e-17,2.435e+27,2.875343869512782e-88,5.237068767221307e-46,1.0,2.5174468615878326e-73,2.9237872870710704e-76,True,True
10000000.0,1.0,quadrature,1.0,tree_eta,7.078322021207937e-81,-1.094268783337248e+29,1.1826070783295881e-81,1.4339915842254742e-84,1.0,1.0,8.446342763498878e-41,3.7252734392199936e-35,0.48938646104326633,0.48938646104326633,1024,0.48938646104326633,1024,3.725273440450361e-35,0.48938646104326633,69282032.30275509,1.3927957699248754e-40,4.106776180698152e-17,2.435e+27,2.875343869512782e-88,5.237068767221307e-46,1.0,1.4156644042415874e-73,1.6441664175862418e-76,False,False
17782794.100389227,1.0,quadrature,1.0,tree_eta,2.238361959914375e-81,-1.094268783337248e+30,3.739731944558654e-82,4.53467955166568e-85,1.0,1.0,4.749727582637876e-41,3.7252734392199947e-35,2.752022310332855,2.752022310332855,1024,2.752022310332855,1024,3.7252734431107575e-35,2.752022310332855,123202811.52964091,7.83226618979067e-41,4.106776180698152e-17,2.435e+27,2.875343869512783e-88,5.237068767221307e-46,1.0,7.960865971060203e-74,9.245827220989162e-77,False,False
31622776.60168379,1.0,quadrature,1.0,tree_eta,7.078322021207937e-82,-1.0942687833372477e+31,1.1826070783295882e-82,1.4339915842254746e-85,1.0,1.0,2.6709681031137364e-41,3.7252734392199936e-35,15.475758729459837,15.475758729459837,1024,15.475758729459837,1024,3.725273451523667e-35,15.475758729459837,219089023.00206643,4.4044069484104515e-41,4.106776180698152e-17,2.435e+27,2.875343869512782e-88,5.237068767221307e-46,1.0,4.47672391982875e-74,5.199310731932048e-77,False,False
56234132.51903491,1.0,quadrature,1.0,tree_eta,2.2383619599143754e-82,-1.0942687833372478e+32,3.739731944558654e-83,4.53467955166568e-86,1.0,1.0,1.5019957426461315e-41,3.7252734392199947e-35,87.02658672250557,87.02658672250557,1024,87.02658672250557,1024,3.7252734781276284e-35,87.02658672250557,389601498.57011867,2.476780040046715e-41,4.106776180698152e-17,2.435e+27,2.875343869512783e-88,5.237068767221307e-46,1.0,2.5174468615878338e-74,2.923787287071072e-77,False,False
100000000.0,1.0,quadrature,1.0,tree_eta,7.078322021207937e-83,-1.0942687833372482e+33,1.1826070783295882e-83,1.4339915842254743e-86,1.0,1.0,8.44634276349888e-42,3.7252734392199936e-35,489.38646104326637,489.38646104326637,1024,489.38646104326637,1024,3.7252735622567346e-35,489.38646104326637,692820323.0275509,1.3927957699248752e-41,4.106776180698152e-17,2.435e+27,2.875343869512782e-88,5.237068767221307e-46,1.0,1.4156644042415875e-74,1.644166417586242e-77,False,False
177827941.00389227,1.0,quadrature,1.0,tree_eta,2.238361959914375e-83,-1.0942687833372477e+34,3.7397319445586538e-84,4.53467955166568e-87,1.0,1.0,4.749727582637876e-42,3.7252734392199936e-35,2752.022310332855,2752.022310332855,1024,2752.022310332855,1024,3.725273828296332e-35,2752.022310332855,1232028115.2964091,7.83226618979067e-42,4.106776180698152e-17,2.435e+27,2.875343869512782e-88,5.237068767221307e-46,1.0,7.960865971060203e-75,9.24582722098916e-78,False,False
316227766.01683795,1.0,quadrature,1.0,tree_eta,7.078322021207935e-84,-1.0942687833372482e+35,1.182607078329588e-84,1.433991584225474e-87,1.0,1.0,2.670968103113735e-42,3.7252734392199936e-35,15475.758729459842,15475.758729459842,1024,15475.758729459842,1024,3.725274669587406e-35,15475.758729459842,2190890230.0206647,4.404406948410451e-42,4.106776180698152e-17,2.435e+27,2.875343869512782e-88,5.237068767221307e-46,1.0,4.476723919828748e-75,5.199310731932046e-78,False,False
562341325.1903491,1.0,quadrature,1.0,tree_eta,2.238361959914374e-84,-1.094268783337248e+36,3.739731944558652e-85,4.53467955166568e-88,1.0,1.0,1.501995742646131e-42,3.7252734392199936e-35,87026.58672250561,87026.58672250561,1024,87026.58672250561,1024,3.7252773299833766e-35,87026.58672250561,3896014985.701187,2.4767800400467145e-42,4.106776180698152e-17,2.435e+27,2.8753438695127816e-88,5.237068767221307e-46,1.0,2.5174468615878324e-75,2.92378728707107e-78,False,False
1000000000.0,1.0,quadrature,1.0,tree_eta,7.078322021207936e-85,-1.094268783337248e+37,1.182607078329588e-85,1.4339915842254742e-88,1.0,1.0,8.446342763498881e-43,3.7252734392199936e-35,489386.4610432664,489386.4610432664,1024,489386.4610432664,1024,3.7252857428941197e-35,489386.4610432664,6928203230.275509,1.3927957699248753e-42,4.106776180698152e-17,2.435e+27,2.875343869512782e-88,5.237068767221307e-46,1.0,1.4156644042415874e-75,1.6441664175862416e-78,False,False
1778279410.0389228,1.0,quadrature,1.0,tree_eta,2.238361959914375e-85,-1.0942687833372478e+38,3.739731944558654e-86,4.53467955166568e-89,1.0,1.0,4.749727582637875e-43,3.7252734392199947e-35,2752022.310332855,2752022.310332855,1024,2752022.310332855,1024,3.7253123468538223e-35,2752022.310332855,12320281152.96409,7.83226618979067e-43,4.106776180698152e-17,2.435e+27,2.875343869512783e-88,5.237068767221307e-46,1.0,7.960865971060204e-76,9.245827220989163e-79,False,False
3162277660.1683793,1.0,quadrature,1.0,tree_eta,7.078322021207936e-86,-1.0942687833372479e+39,1.1826070783295881e-86,1.4339915842254742e-89,1.0,1.0,2.6709681031137363e-43,3.7252734392199936e-35,15475758.729459843,15475758.729459843,1024,15475758.729459843,1024,3.725396475961258e-35,15475758.729459843,21908902300.206646,4.404406948410451e-43,4.106776180698152e-17,2.435e+27,2.875343869512782e-88,5.237068767221307e-46,1.0,4.476723919828749e-76,5.199310731932047e-79,False,False
5623413251.903491,1.0,quadrature,1.0,tree_eta,2.238361959914375e-86,-1.0942687833372483e+40,3.7397319445586536e-87,4.53467955166568e-90,1.0,1.0,1.5019957426461314e-43,3.7252734392199947e-35,87026586.72250561,87026586.72250561,1024,87026586.72250561,1024,3.725662515558275e-35,87026586.72250561,38960149857.01187,2.4767800400467146e-43,4.106776180698152e-17,2.435e+27,2.875343869512783e-88,5.237068767221307e-46,1.0,2.5174468615878334e-76,2.9237872870710716e-79,False,False
10000000000.0,1.0,quadrature,1.0,tree_eta,7.078322021207937e-87,-1.0942687833372482e+41,1.1826070783295883e-87,1.4339915842254744e-90,1.0,1.0,8.446342763498879e-44,3.7252734392199947e-35,489386461.04326624,489386461.04326624,1024,489386461.04326624,1024,3.726503806632641e-35,489386461.04326624,69282032302.7551,1.3927957699248752e-43,4.106776180698152e-17,2.435e+27,2.875343869512783e-88,5.237068767221307e-46,1.0,1.4156644042415874e-76,1.6441664175862418e-79,False,False
17782794100.38923,1.0,quadrature,1.0,tree_eta,2.238361959914375e-87,-1.0942687833372483e+42,3.739731944558653e-88,4.5346795516656794e-91,1.0,1.0,4.749727582637876e-44,3.7252734392199947e-35,2752022310.3328557,2752022310.3328557,1024,2752022310.3328557,1024,3.7291642026028056e-35,2752022310.3328557,123202811529.64091,7.83226618979067e-44,5.05966371784973e-17,2.435e+27,2.875343869512783e-88,5.237068767221307e-46,1.0,7.960865971060204e-77,9.245827220989161e-80,False,False
31622776601.683792,1.0,quadrature,1.0,tree_eta,7.078322021207937e-88,-1.0942687833372479e+43,1.1826070783295881e-88,1.4339915842254744e-91,1.0,1.0,2.6709681031137365e-44,3.7252734392199936e-35,15475758729.459835,15475758729.459835,1024,15475758729.459835,1024,3.7375771133464573e-35,15475758729.459835,219089023002.06644,4.4044069484104515e-44,8.99749581117316e-17,2.435e+27,2.875343869512782e-88,5.237068767221307e-46,1.0,4.47672391982875e-77,5.199310731932047e-80,False,False
56234132519.034904,1.0,quadrature,1.0,tree_eta,2.238361959914375e-88,-1.0942687833372476e+44,3.739731944558653e-89,4.53467955166568e-92,1.0,1.0,1.5019957426461314e-44,3.7252734392199947e-35,87026586722.50558,87026586722.50558,1024,87026586722.50558,1024,3.764181073048103e-35,87026586722.50558,389601498570.1187,2.4767800400467146e-44,1.6000061542920687e-16,2.435e+27,2.875343869512783e-88,5.237068767221307e-46,1.0,2.517446861587833e-77,2.923787287071071e-80,False,False
100000000000.0,1.0,quadrature,1.0,tree_eta,7.078322021207937e-89,-1.0942687833372482e+45,1.1826070783295881e-89,1.4339915842254744e-92,1.0,1.0,8.446342763498882e-45,3.7252734392199936e-35,489386461043.2664,489386461043.2664,1024,489386461043.2664,1024,3.848310180484633e-35,489386461043.2664,692820323027.5509,1.3927957699248752e-44,2.8452580001131456e-16,2.435e+27,2.875343869512782e-88,5.237068767221307e-46,1.0,1.4156644042415872e-77,1.6441664175862415e-80,False,False
177827941003.89227,1.0,quadrature,1.0,tree_eta,2.2383619599143747e-89,-1.0942687833372479e+46,3.739731944558653e-90,4.534679551665681e-93,1.0,1.0,4.749727582637876e-45,3.7252734392199936e-35,2752022310332.8555,2752022310332.8555,1024,2752022310332.8555,1024,4.11434977750108e-35,2752022310332.8555,1232028115296.4092,7.83226618979067e-45,5.05966371784973e-16,2.435e+27,2.875343869512782e-88,5.237068767221307e-46,1.0,7.960865971060202e-78,9.24582722098916e-81,False,False
316227766016.83795,1.0,quadrature,1.0,tree_eta,7.078322021207936e-90,-1.0942687833372483e+47,1.182607078329588e-90,1.4339915842254742e-93,1.0,1.0,2.6709681031137357e-45,3.7252734392199936e-35,15475758729459.842,15475758729459.842,1024,15475758729459.842,1024,4.955640851866389e-35,15475758729459.842,2190890230020.6646,4.404406948410451e-45,8.997495811173161e-16,2.435e+27,2.875343869512782e-88,5.237068767221307e-46,1.0,4.476723919828749e-78,5.199310731932046e-81,False,False
562341325190.3491,1.0,quadrature,1.0,tree_eta,2.2383619599143746e-90,-1.0942687833372484e+48,3.7397319445586527e-91,4.534679551665678e-94,1.0,1.0,1.5019957426461314e-45,3.7252734392199936e-35,87026586722505.61,87026586722505.61,1024,87026586722505.61,1024,7.616036822030859e-35,87026586722505.61,3896014985701.1875,2.4767800400467142e-45,1.6000061542920688e-15,2.435e+27,2.875343869512782e-88,5.237068767221307e-46,1.0,2.5174468615878333e-78,2.9237872870710715e-81,False,False
1000000000000.0,1.0,quadrature,1.0,tree_eta,7.078322021207936e-91,-1.094268783337248e+49,1.1826070783295881e-91,1.433991584225474e-94,1.0,1.0,8.44634276349888e-46,3.7252734392199936e-35,489386461043266.3,489386461043266.3,1024,489386461043266.3,1024,1.6028947565683942e-34,489386461043266.3,6928203230275.509,1.3927957699248753e-45,2.845258000113145e-15,2.435e+27,2.875343869512782e-88,5.237068767221307e-46,1.0,1.4156644042415872e-78,1.6441664175862416e-81,False,False
1e-12,1.0,pi,1.0,tree_eta,7.078322021207937e-43,-1.0942687833372479e-47,1.1826070783295881e-43,1.4339915842254744e-46,1.0,1.0,2.533902829049664e-21,3.7252734392199936e-35,1.468159383129799e-57,2.5339028290496266e-21,1024,2.533902829049701e-21,1024,2.5339028290496266e-21,0.0,6.928203230275509e-12,1.3927957699248754e-21,4.106776180698152e-17,2.435e+27,2.875343869512782e-88,5.237068767221307e-46,1.0,1.4156644042415874e-54,1.6441664175862417e-57,True,True
1.7782794100389228e-12,1.0,pi,1.0,tree_eta,2.2383619599143746e-43,-1.094268783337248e-46,3.7397319445586527e-44,4.534679551665679e-47,1.0,1.0,1.4249182747913625e-21,3.7252734392199936e-35,8.256066930998567e-57,1.424918274791325e-21,1024,1.4249182747913997e-21,1024,1.424918274791325e-21,0.0,1.2320281152964092e-11,7.83226618979067e-22,4.106776180698152e-17,2.435e+27,2.875343869512782e-88,5.237068767221307e-46,1.0,7.960865971060202e-55,9.245827220989158e-58,True,True
3.1622776601683794e-12,1.0,pi,1.0,tree_eta,7.078322021207937e-44,-1.0942687833372481e-45,1.1826070783295883e-44,1.4339915842254743e-47,1.0,1.0,8.012904309341209e-22,3.7252734392199936e-35,4.642727618837953e-56,8.012904309340838e-22,1024,8.012904309341582e-22,1024,8.012904309340838e-22,0.0,2.1908902300206648e-11,4.40440694841045e-22,4.106776180698152e-17,2.435e+27,2.875343869512782e-88,5.237068767221307e-46,1.0,4.4767239198287496e-55,5.199310731932047e-58,True,True
5.6234132519034904e-12,1.0,pi,1.0,tree_eta,2.238361959914375e-44,-1.0942687833372476e-44,3.739731944558653e-45,4.534679551665681e-48,1.0,1.0,4.505987227938394e-22,3.7252734392199936e-35,2.6107976016751667e-55,4.50598722793802e-22,1024,4.505987227938766e-22,1024,4.50598722793802e-22,0.0,3.896014985701186e-11,2.476780040046715e-22,4.106776180698152e-17,2.435e+27,2.875343869512782e-88,5.237068767221307e-46,1.0,2.517446861587833e-55,2.9237872870710712e-58,True,True
1e-11,1.0,pi,1.0,tree_eta,7.078322021207937e-45,-1.0942687833372478e-43,1.1826070783295882e-45,1.4339915842254743e-48,1.0,1.0,2.5339028290496644e-22,3.7252734392199936e-35,1.4681593831297993e-54,2.533902829049292e-22,1024,2.533902829050037e-22,1024,2.533902829049292e-22,0.0,6.928203230275509e-11,1.3927957699248754e-22,4.106776180698152e-17,2.435e+27,2.875343869512782e-88,5.237068767221307e-46,1.0,1.4156644042415875e-55,1.6441664175862417e-58,True,True
1.7782794100389227e-11,1.0,pi,1.0,tree_eta,2.2383619599143752e-45,-1.0942687833372476e-42,3.7397319445586546e-46,4.534679551665681e-49,1.0,1.0,1.4249182747913628e-22,3.7252734392199936e-35,8.256066930998565e-54,1.4249182747909904e-22,1024,1.4249182747917354e-22,1024,1.4249182747909904e-22,0.0,1.232028115296409e-10,7.83226618979067e-23,4.106776180698152e-17,2.435e+27,2.875343869512782e-88,5.237068767221307e-46,1.0,7.960865971060204e-56,9.245827220989162e-59,True,True
3.1622776601683794e-11,1.0,pi,1.0,tree_eta,7.078322021207937e-46,-1.094268783337248e-41,1.1826070783295881e-46,1.4339915842254743e-49,1.0,1.0,8.012904309341209e-23,3.7252734392199936e-35,4.642727618837953e-53,8.012904309337483e-23,1024,8.012904309344934e-23,1024,8.012904309337483e-23,0.0,2.1908902300206645e-10,4.404406948410451e-23,4.106776180698152e-17,2.435e+27,2.875343869512782e-88,5.237068767221307e-46,1.0,4.47672391982875e-56,5.199310731932047e-59,True,True
5.6234132519034906e-11,1.0,pi,1.0,tree_eta,2.238361959914375e-46,-1.0942687833372478e-40,3.7397319445586534e-47,4.534679551665681e-50,1.0,1.0,4.5059872279383935e-23,3.7252734392199936e-35,2.6107976016751673e-52,4.5059872279346684e-23,1024,4.5059872279421187e-23,1024,4.5059872279346684e-23,0.0,3.896014985701187e-10,2.4767800400467146e-23,4.106776180698152e-17,2.435e+27,2.875343869512782e-88,5.237068767221307e-46,1.0,2.5174468615878335e-56,2.9237872870710715e-59,True,True
1e-10,1.0,pi,1.0,tree_eta,7.078322021207937e-47,-1.0942687833372483e-39,1.1826070783295883e-47,1.4339915842254742e-50,1.0,1.0,2.533902829049664e-23,3.7252734392199947e-35,1.4681593831297992e-51,2.5339028290459386e-23,1024,2.5339028290533892e-23,1024,2.5339028290459386e-23,0.0,6.928203230275509e-10,1.3927957699248753e-23,4.106776180698152e-17,2.435e+27,2.875343869512783e-88,5.237068767221307e-46,1.0,1.4156644042415874e-56,1.6441664175862415e-59,True,True
1.778279410038923e-10,1.0,pi,1.0,tree_eta,2.2383619599143743e-47,-1.094268783337248e-38,3.739731944558652e-48,4.5346795516656796e-51,1.0,1.0,1.4249182747913624e-23,3.7252734392199936e-35,8.256066930998569e-51,1.4249182747876373e-23,1024,1.4249182747950875e-23,1024,1.4249182747876373e-23,0.0,1.2320281152964093e-09,7.832266189790669e-24,4.106776180698152e-17,2.435e+27,2.875343869512782e-88,5.237068767221307e-46,1.0,7.960865971060201e-57,9.245827220989158e-60,True,True
3.1622776601683795e-10,1.0,pi,1.0,tree_eta,7.078322021207937e-48,-1.0942687833372481e-37,1.1826070783295881e-48,1.4339915842254742e-51,1.0,1.0,8.012904309341208e-24,3.7252734392199936e-35,4.642727618837952e-50,8.012904309303954e-24,1024,8.012904309378461e-24,1024,8.012904309303954e-24,0.0,2.1908902300206647e-09,4.40440694841045e-24,4.106776180698152e-17,2.435e+27,2.875343869512782e-88,5.237068767221307e-46,1.0,4.4767239198287494e-57,5.199310731932047e-60,True,True
5.623413251903491e-10,1.0,pi,1.0,tree_eta,2.2383619599143745e-48,-1.0942687833372481e-36,3.739731944558653e-49,4.53467955166568e-52,1.0,1.0,4.505987227938393e-24,3.7252734392199936e-35,2.610797601675168e-49,4.505987227901141e-24,1024,4.505987227975646e-24,1024,4.505987227901141e-24,0.0,3.896014985701188e-09,2.476780040046714e-24,4.106776180698152e-17,2.435e+27,2.875343869512782e-88,5.237068767221307e-46,1.0,2.5174468615878328e-57,2.923787287071071e-60,True,True
1e-09,1.0,pi,1.0,tree_eta,7.078322021207935e-49,-1.0942687833372483e-35,1.182607078329588e-49,1.4339915842254739e-52,1.0,1.0,2.533902829049663e-24,3.7252734392199936e-35,1.4681593831297994e-48,2.53390282901241e-24,1024,2.5339028290869157e-24,1024,2.53390282901241e-24,0.0,6.92820323027551e-09,1.3927957699248752e-24,4.106776180698152e-17,2.435e+27,2.8753438695127816e-88,5.237068767221307e-46,1.0,1.4156644042415872e-57,1.6441664175862416e-60,True,True
1.7782794100389228e-09,1.0,pi,1.0,tree_eta,2.238361959914375e-49,-1.094268783337248e-34,3.7397319445586535e-50,4.53467955166568e-53,1.0,1.0,1.4249182747913628e-24,3.7252734392199947e-35,8.256066930998568e-48,1.4249182747541099e-24,1024,1.4249182748286155e-24,1024,1.4249182747541099e-24,0.0,1.2320281152964092e-08,7.832266189790669e-25,4.106776180698152e-17,2.435e+27,2.875343869512783e-88,5.237068767221307e-46,1.0,7.960865971060203e-58,9.245827220989161e-61,True,True
3.1622776601683795e-09,1.0,pi,1.0,tree_eta,7.078322021207936e-50,-1.094268783337248e-33,1.182607078329588e-50,1.4339915842254741e-53,1.0,1.0,8.012904309341208e-25,3.7252734392199936e-35,4.642727618837953e-47,8.012904308968681e-25,1024,8.012904309713735e-25,1024,8.012904308968681e-25,0.0,2.1908902300206644e-08,4.404406948410451e-25,4.106776180698152e-17,2.435e+27,2.875343869512782e-88,5.237068767221307e-46,1.0,4.476723919828749e-58,5.199310731932046e-61,True,True
5.623413251903491e-09,1.0,pi,1.0,tree_eta,2.238361959914375e-50,-1.0942687833372481e-32,3.7397319445586534e-51,4.534679551665681e-54,1.0,1.0,4.505987227938394e-25,3.7252734392199936e-35,2.610797601675169e-46,4.505987227565867e-25,1024,4.505987228310921e-25,1024,4.505987227565867e-25,0.0,3.896014985701187e-08,2.476780040046714e-25,4.106776180698152e-17,2.435e+27,2.875343869512782e-88,5.237068767221307e-46,1.0,2.5174468615878333e-58,2.9237872870710714e-61,True,True
1e-08,1.0,pi,1.0,tree_eta,7.078322021207936e-51,-1.0942687833372481e-31,1.182607078329588e-51,1.4339915842254743e-54,1.0,1.0,2.533902829049664e-25,3.7252734392199936e-35,1.468159383129799e-45,2.533902828677137e-25,1024,2.5339028294221913e-25,1024,2.533902828677137e-25,0.0,6.92820323027551e-08,1.3927957699248751e-25,4.106776180698152e-17,2.435e+27,2.875343869512782e-88,5.237068767221307e-46,1.0,1.4156644042415872e-58,1.6441664175862415e-61,True,True
1.7782794100389228e-08,1.0,pi,1.0,tree_eta,2.238361959914375e-51,-1.094268783337248e-30,3.739731944558654e-52,4.53467955166568e-55,1.0,1.0,1.4249182747913626e-25,3.7252734392199936e-35,8.256066930998566e-45,1.4249182744188352e-25,1024,1.4249182751638899e-25,1024,1.4249182744188352e-25,0.0,1.232028115296409e-07,7.83226618979067e-26,4.106776180698152e-17,2.435e+27,2.875343869512782e-88,5.237068767221307e-46,1.0,7.960865971060203e-59,9.24582722098916e-62,True,True
3.162277660168379e-08,1.0,pi,1.0,tree_eta,7.078322021207936e-52,-1.0942687833372479e-29,1.1826070783295881e-52,1.4339915842254743e-55,1.0,1.0,8.012904309341208e-26,3.7252734392199936e-35,4.642727618837952e-44,8.012904305615935e-26,1024,8.012904313066482e-26,1024,8.012904305615935e-26,0.0,2.1908902300206643e-07,4.4044069484104515e-26,4.106776180698152e-17,2.435e+27,2.875343869512782e-88,5.237068767221307e-46,1.0,4.476723919828749e-59,5.1993107319320455e-62,True,True
5.6234132519034905e-08,1.0,pi,1.0,tree_eta,2.2383619599143747e-52,-1.0942687833372478e-28,3.739731944558653e-53,4.534679551665681e-56,1.0,1.0,4.505987227938394e-26,3.7252734392199936e-35,2.610797601675168e-43,4.50598722421312e-26,1024,4.5059872316636675e-26,1024,4.50598722421312e-26,0.0,3.896014985701187e-07,2.4767800400467146e-26,4.106776180698152e-17,2.435e+27,2.875343869512782e-88,5.237068767221307e-46,1.0,2.517446861587833e-59,2.9237872870710708e-62,True,True
1e-07,1.0,pi,1.0,tree_eta,7.078322021207937e-53,-1.094268783337248e-27,1.182607078329588e-53,1.4339915842254742e-56,1.0,1.0,2.533902829049664e-26,3.7252734392199936e-35,1.4681593831297987e-42,2.5339028253243906e-26,1024,2.5339028327749375e-26,1024,2.5339028253243906e-26,0.0,6.928203230275509e-07,1.3927957699248753e-26,4.106776180698152e-17,2.435e+27,2.875343869512782e-88,5.237068767221307e-46,1.0,1.4156644042415873e-59,1.6441664175862416e-62,True,True
1.7782794100389227e-07,1.0,pi,1.0,tree_eta,2.2383619599143753e-53,-1.0942687833372477e-26,3.739731944558654e-54,4.53467955166568e-57,1.0,1.0,1.4249182747913626e-26,3.7252734392199947e-35,8.256066930998565e-42,1.4249182710660882e-26,1024,1.4249182785166368e-26,1024,1.4249182710660882e-26,0.0,1.232028115296409e-06,7.83226618979067e-27,4.106776180698152e-17,2.435e+27,2.875343869512783e-88,5.237068767221307e-46,1.0,7.960865971060204e-60,9.245827220989161e-63,True,True
3.162277660168379e-07,1.0,pi,1.0,tree_eta,7.078322021207937e-54,-1.0942687833372477e-25,1.1826070783295883e-54,1.4339915842254743e-57,1.0,1.0,8.012904309341207e-27,3.7252734392199936e-35,4.642727618837951e-41,8.012904272088428e-27,1024,8.012904346593988e-27,1024,8.012904272088428e-27,0.0,2.190890230020664e-06,4.404406948410452e-27,4.106776180698152e-17,2.435e+27,2.875343869512782e-88,5.237068767221307e-46,1.0,4.4767239198287496e-60,5.199310731932047e-63,True,True
5.62341325190349e-07,1.0,pi,1.0,tree_eta,2.238361959914375e-54,-1.0942687833372476e-24,3.739731944558654e-55,4.5346795516656806e-58,1.0,1.0,4.505987227938395e-27,3.7252734392199936e-35,2.6107976016751675e-40,4.505987190685399e-27,1024,4.505987265191391e-27,1024,4.505987190685399e-27,0.0,3.896014985701187e-06,2.4767800400467146e-27,4.106776180698152e-17,2.435e+27,2.875343869512782e-88,5.237068767221307e-46,1.0,2.517446861587833e-60,2.9237872870710714e-63,True,True
1e-06,1.0,pi,1.0,tree_eta,7.078322021207936e-55,-1.0942687833372477e-23,1.182607078329588e-55,1.4339915842254742e-58,1.0,1.0,2.533902829049664e-27,3.725273439219993e-35,1.4681593831297991e-39,2.5339027917954614e-27,1024,2.5339028663038666e-27,1024,2.5339027917954614e-27,0.0,6.928203230275509e-06,1.3927957699248752e-27,4.106776180698152e-17,2.435e+27,2.875343869512781e-88,5.237068767221307e-46,1.0,1.415664404241587e-60,1.6441664175862413e-63,True,True
1.7782794100389227e-06,1.0,pi,1.0,tree_eta,2.238361959914375e-55,-1.094268783337248e-22,3.7397319445586537e-56,4.534679551665681e-59,1.0,1.0,1.424918274791363e-27,3.7252734392199947e-35,8.256066930998566e-39,1.4249182375303727e-27,1024,1.4249183120523534e-27,1024,1.4249182375303727e-27,0.0,1.232028115296409e-05,7.83226618979067e-28,4.106776180698152e-17,2.435e+27,2.875343869512783e-88,5.237068767221307e-46,1.0,7.960865971060204e-61,9.245827220989162e-64,True,True
3.162277660168379e-06,1.0,pi,1.0,tree_eta,7.0783220212079365e-56,-1.0942687833372478e-21,1.1826070783295881e-56,1.4339915842254746e-59,1.0,1.0,8.012904309341208e-28,3.7252734392199936e-35,4.6427276188379523e-38,8.012903936349591e-28,1024,8.012904682332824e-28,1024,8.012903936349591e-28,0.0,2.1908902300206645e-05,4.404406948410451e-28,4.106776180698152e-17,2.435e+27,2.875343869512782e-88,5.237068767221307e-46,1.0,4.476723919828749e-61,5.199310731932046e-64,True,True
5.623413251903491e-06,1.0,pi,1.0,tree_eta,2.2383619599143744e-56,-1.0942687833372482e-20,3.7397319445586527e-57,4.53467955166568e-60,1.0,1.0,4.505987227938393e-28,3.7252734392199936e-35,2.6107976016751686e-37,4.505986852800252e-28,1024,4.5059876030765355e-28,1024,4.505986852800252e-28,0.0,3.896014985701188e-05,2.4767800400467144e-28,4.106776180698152e-17,2.435e+27,2.875343869512782e-88,5.237068767221307e-46,1.0,2.5174468615878327e-61,2.9237872870710705e-64,True,True
9.999999999999999e-06,1.0,pi,1.0,tree_eta,7.078322021207938e-57,-1.0942687833372476e-19,1.1826070783295883e-57,1.4339915842254743e-60,1.0,1.0,2.5339028290496637e-28,3.7252734392199936e-35,1.4681593831297985e-36,2.533902441840726e-28,1024,2.5339032162586015e-28,1024,2.533902441840726e-28,0.0,6.928203230275508e-05,1.3927957699248755e-28,4.106776180698152e-17,2.435e+27,2.875343869512782e-88,5.237068767221307e-46,1.0,1.4156644042415874e-61,1.644166417586242e-64,True,True
1.778279410038923e-05,1.0,pi,1.0,tree_eta,2.2383619599143747e-57,-1.0942687833372482e-18,3.7397319445586534e-58,4.53467955166568e-61,1.0,1.0,1.4249182747913627e-28,3.7252734392199947e-35,8.256066930998568e-36,1.4249178197033495e-28,1024,1.4249187298793759e-28,1024,1.4249178197033495e-28,0.0,0.00012320281152964092,7.832266189790669e-29,4.106776180698152e-17,2.435e+27,2.875343869512783e-88,5.237068767221307e-46,1.0,7.960865971060202e-62,9.24582722098916e-65,True,True
3.1622776601683795e-05,1.0,pi,1.0,tree_eta,7.078322021207936e-58,-1.0942687833372483e-17,1.182607078329588e-58,1.4339915842254741e-61,1.0,1.0,8.012904309341209e-29,3.7252734392199936e-35,4.642727618837953e-35,8.012895941340149e-29,1024,8.012912677342267e-29,1024,8.012895941340149e-29,0.0,0.00021908902300206645,4.404406948410451e-29,4.106776180698152e-17,2.435e+27,2.875343869512782e-88,5.237068767221307e-46,1.0,4.476723919828749e-62,5.199310731932047e-65,True,True
5.623413251903491e-05,1.0,pi,1.0,tree_eta,2.238361959914375e-58,-1.094268783337248e-16,3.739731944558654e-59,4.534679551665681e-62,1.0,1.0,4.505987227938394e-29,3.7252734392199936e-35,2.610797601675167e-34,4.505957394688938e-29,1024,4.50601706118785e-29,1024,4.505957394688938e-29,0.0,0.0003896014985701187,2.4767800400467147e-29,4.106776180698152e-17,2.435e+27,2.875343869512782e-88,5.237068767221307e-46,1.0,2.5174468615878334e-62,2.9237872870710713e-65,True,True
0.0001,1.0,pi,1.0,tree_eta,7.078322021207936e-59,-1.0942687833372482e-15,1.182607078329588e-59,1.4339915842254741e-62,1.0,1.0,2.533902829049663e-29,3.7252734392199936e-35,1.468159383129799e-33,2.5337522878379116e-29,1024,2.534053370261415e-29,1024,2.5337522878379116e-29,0.0,0.0006928203230275509,1.3927957699248753e-29,4.106776180698152e-17,2.435e+27,2.875343869512782e-88,5.237068767221307e-46,1.0,1.4156644042415873e-62,1.6441664175862417e-65,True,True
0.00017782794100389227,1.0,pi,1.0,tree_eta,2.2383619599143752e-59,-1.0942687833372476e-14,3.739731944558654e-60,4.534679551665681e-63,1.0,1.0,1.424918274791363e-29,3.7252734392199947e-35,8.256066930998567e-33,1.424088942824824e-29,1024,1.4257476067579018e-29,1024,1.424088942824824e-29,0.0,0.0012320281152964092,7.832266189790669e-30,4.106776180698152e-17,2.435e+27,2.875343869512783e-88,5.237068767221307e-46,1.0,7.960865971060204e-63,9.245827220989162e-66,True,True
0.00031622776601683794,1.0,pi,1.0,tree_eta,7.078322021207937e-60,-1.0942687833372483e-13,1.1826070783295882e-60,1.4339915842254742e-63,1.0,1.0,8.012904309341207e-30,3.7252734392199936e-35,4.642727618837952e-32,7.966439780418436e-30,1024,8.059368838263979e-30,1024,7.966439780418436e-30,0.0,0.0021908902300206644,4.404406948410451e-30,4.106776180698152e-17,2.435e+27,2.875343869512782e-88,5.237068767221307e-46,1.0,4.4767239198287494e-63,5.199310731932047e-66,True,True
0.0005623413251903491,1.0,pi,1.0,tree_eta,2.2383619599143748e-60,-1.0942687833372481e-12,3.739731944558653e-61,4.53467955166568e-64,1.0,1.0,4.505987227938394e-30,3.7252734392199936e-35,2.6107976016751686e-31,4.244870215036485e-30,1024,4.767104240840303e-30,1024,4.244870215036485e-30,0.0,0.0038960149857011875,2.4767800400467144e-30,4.106776180698152e-17,2.435e+27,2.875343869512782e-88,5.237068767221307e-46,1.0,2.5174468615878334e-63,2.9237872870710713e-66,True,True
0.001,1.0,pi,1.0,tree_eta,7.078322021207937e-61,-1.0942687833372481e-11,1.1826070783295882e-61,1.433991584225474e-64,1.0,1.0,2.533902829049664e-30,3.7252734392199936e-35,1.468159383129799e-30,1.0657061931854728e-30,1024,4.002099464913855e-30,1024,1.0657061931854728e-30,0.0,0.0069282032302755096,1.3927957699248753e-30,4.106776180698152e-17,2.435e+27,2.875343869512782e-88,5.237068767221307e-46,1.0,1.4156644042415875e-63,1.6441664175862418e-66,True,True
0.0017782794100389228,1.0,pi,1.0,tree_eta,2.238361959914375e-61,-1.094268783337248e-10,3.7397319445586533e-62,4.5346795516656805e-65,1.0,1.0,1.4249182747913628e-30,3.7252734392199947e-35,8.256066930998564e-30,6.831185908941594e-30,1024,9.68102245852432e-30,1024,6.831185908941594e-30,0.0,0.012320281152964092,7.832266189790669e-31,4.106776180698152e-17,2.435e+27,2.875343869512783e-88,5.237068767221307e-46,1.0,7.960865971060203e-64,9.245827220989161e-67,True,True
0.0031622776601683794,1.0,pi,1.0,tree_eta,7.078322021207936e-62,-1.0942687833372481e-09,1.182607078329588e-62,1.433991584225474e-65,1.0,1.0,8.012904309341208e-31,3.7252734392199936e-35,4.642727618837952e-29,4.562602301017979e-29,1024,4.7228603872048034e-29,1024,4.562602301017979e-29,0.0,0.021908902300206645,4.404406948410451e-31,4.106776180698152e-17,2.435e+27,2.875343869512782e-88,5.237068767221307e-46,1.0,4.4767239198287495e-64,5.1993107319320465e-67,True,True
0.005623413251903491,1.0,pi,1.0,tree_eta,2.2383619599143747e-62,-1.0942687833372482e-08,3.7397319445586535e-63,4.53467955166568e-66,1.0,1.0,4.5059872279383935e-31,3.7252734392199947e-35,2.6107976016751685e-28,2.606291986974574e-28,1024,2.6153039614304506e-28,1024,2.606291986974574e-28,0.0,0.03896014985701187,2.4767800400467145e-31,4.106776180698152e-17,2.435e+27,2.875343869512783e-88,5.237068767221307e-46,1.0,2.517446861587833e-64,2.923787287071071e-67,True,True
0.01,1.0,pi,1.0,tree_eta,7.078322021207937e-63,-1.094268783337248e-07,1.1826070783295881e-63,1.4339915842254742e-66,1.0,1.0,2.5339028290496633e-31,3.7252734392199936e-35,1.4681593831297992e-27,1.4679060300996286e-27,1024,1.4684128106654386e-27,1024,1.4679060300996286e-27,0.0,0.06928203230275509,1.3927957699248754e-31,4.106776180698152e-17,2.435e+27,2.875343869512782e-88,5.237068767221307e-46,1.0,1.4156644042415873e-64,1.6441664175862415e-67,True,True
0.01778279410038923,1.0,pi,1.0,tree_eta,2.2383619599143744e-63,-1.094268783337248e-06,3.739731944558653e-64,4.534679551665679e-67,1.0,1.0,1.4249182747913625e-31,3.7252734392199936e-35,8.25606693099857e-27,8.255924476423825e-27,1024,8.256209460078784e-27,1024,8.255924476423825e-27,0.0,0.12320281152964094,7.832266189790668e-32,4.106776180698152e-17,2.435e+27,2.875343869512782e-88,5.237068767221307e-46,1.0,7.960865971060202e-65,9.245827220989159e-68,True,True
0.03162277660168379,1.0,pi,1.0,tree_eta,7.078322021207938e-64,-1.0942687833372478e-05,1.1826070783295884e-64,1.4339915842254746e-67,1.0,1.0,8.012904309341207e-32,3.7252734392199936e-35,4.64272761883795e-26,4.642719609658915e-26,1024,4.6427356354675325e-26,1024,4.642719609658915e-26,0.0,0.21908902300206642,4.4044069484104517e-32,4.106776180698152e-17,2.435e+27,2.875343869512782e-88,5.237068767221307e-46,1.0,4.47672391982875e-65,5.199310731932047e-68,True,True
0.056234132519034905,1.0,pi,1.0,tree_eta,2.238361959914375e-64,-0.00010942687833372478,3.7397319445586536e-65,4.534679551665681e-68,1.0,1.0,4.505987227938394e-32,3.7252734392199936e-35,2.6107976016751674e-25,2.610797151448972e-25,1024,2.6107980526464175e-25,1024,2.610797151448972e-25,0.0,0.38960149857011867,2.4767800400467147e-32,4.106776180698152e-17,2.435e+27,2.875343869512782e-88,5.237068767221307e-46,1.0,2.5174468615878333e-65,2.9237872870710714e-68,True,True
0.1,1.0,pi,1.0,tree_eta,7.078322021207935e-65,-0.0010942687833372482,1.1826070783295878e-65,1.433991584225474e-68,1.0,1.0,2.5339028290496636e-32,3.7252734392199936e-35,1.4681593831297996e-24,1.4681593578280239e-24,1024,1.4681594085060807e-24,1024,1.4681593578280239e-24,0.0,0.692820323027551,1.392795769924875e-32,4.106776180698152e-17,2.435e+27,2.875343869512782e-88,5.237068767221307e-46,1.0,1.415664404241587e-65,1.6441664175862415e-68,True,True
0.1778279410038923,1.0,pi,1.0,tree_eta,2.2383619599143746e-65,-0.010942687833372483,3.739731944558653e-66,4.53467955166568e-69,1.0,1.0,1.4249182747913627e-32,3.7252734392199947e-35,8.256066930998568e-24,8.256066916786638e-24,1024,8.256066945285003e-24,1024,8.256066916786638e-24,0.0,1.2320281152964092,7.83226618979067e-33,4.106776180698152e-17,2.435e+27,2.875343869512783e-88,5.237068767221307e-46,1.0,7.960865971060202e-66,9.245827220989159e-69,True,True
0.31622776601683794,1.0,pi,1.0,tree_eta,7.078322021207937e-66,-0.1094268783337248,1.1826070783295882e-66,1.4339915842254743e-69,1.0,1.0,8.012904309341207e-33,3.7252734392199936e-35,4.6427276188379517e-23,4.642727618040386e-23,1024,4.642727619642967e-23,1024,4.642727618040386e-23,0.0,2.1908902300206647,4.4044069484104505e-33,4.106776180698152e-17,2.435e+27,2.875343869512782e-88,5.237068767221307e-46,1.0,4.47672391982875e-66,5.199310731932047e-69,True,True
0.5623413251903491,1.0,pi,1.0,tree_eta,2.238361959914375e-66,-1.094268783337248,3.739731944558653e-67,4.5346795516656794e-70,1.0,1.0,4.505987227938393e-33,3.7252734392199936e-35,2.6107976016751676e-22,2.61079760163048e-22,1024,2.6107976017206e-22,1024,2.61079760163048e-22,0.0,3.896014985701187,2.4767800400467145e-33,4.106776180698152e-17,2.435e+27,2.875343869512782e-88,5.237068767221307e-46,1.0,2.5174468615878334e-66,2.9237872870710714e-69,True,True
1.0,1.0,pi,1.0,tree_eta,7.078322021207937e-67,-10.94268783337248,1.1826070783295882e-67,1.4339915842254742e-70,1.0,1.0,2.5339028290496644e-33,3.7252734392199947e-35,1.4681593831297989e-21,1.4681593831273023e-21,1024,1.4681593831323701e-21,1024,1.4681593831273023e-21,0.0,6.928203230275509,1.3927957699248754e-33,4.106776180698152e-17,2.435e+27,2.875343869512783e-88,5.237068767221307e-46,1.0,1.4156644042415875e-66,1.644166417586242e-69,True,True
1.7782794100389228,1.0,pi,1.0,tree_eta,2.238361959914375e-67,-109.42687833372477,3.7397319445586536e-68,4.53467955166568e-71,1.0,1.0,1.424918274791363e-33,3.7252734392199947e-35,8.256066930998565e-21,8.256066930997178e-21,1024,8.256066931000028e-21,1024,8.256066930997178e-21,0.0,12.320281152964093,7.832266189790669e-34,4.106776180698152e-17,2.435e+27,2.8753438695127833e-88,5.237068767221307e-46,1.0,7.960865971060203e-67,9.24582722098916e-70,True,True
3.1622776601683795,1.0,pi,1.0,tree_eta,7.078322021207935e-68,-1094.2687833372484,1.1826070783295878e-68,1.4339915842254742e-71,1.0,1.0,8.01290430934121e-34,3.7252734392199936e-35,4.6427276188379537e-20,4.642727618837877e-20,1024,4.6427276188380373e-20,1024,4.642727618837877e-20,0.0,21.90890230020665,4.40440694841045e-34,4.106776180698152e-17,2.435e+27,2.875343869512782e-88,5.237068767221307e-46,1.0,4.476723919828749e-67,5.1993107319320454e-70,True,True
5.62341325190349,1.0,pi,1.0,tree_eta,2.238361959914375e-68,-10942.687833372476,3.7397319445586535e-69,4.534679551665681e-72,1.0,1.0,4.5059872279383945e-34,3.7252734392199936e-35,2.610797601675167e-19,2.6107976016751633e-19,1024,2.610797601675172e-19,1024,2.6107976016751633e-19,0.0,38.960149857011864,2.476780040046715e-34,4.106776180698152e-17,2.435e+27,2.8753438695127816e-88,5.237068767221307e-46,1.0,2.517446861587833e-67,2.923787287071071e-70,True,True
10.0,1.0,pi,1.0,tree_eta,7.078322021207937e-69,-109426.8783337248,1.1826070783295881e-69,1.4339915842254742e-72,1.0,1.0,2.533902829049664e-34,3.7252734392199936e-35,1.468159383129799e-18,1.4681593831297989e-18,1024,1.4681593831297994e-18,1024,1.4681593831297989e-18,0.0,69.2820323027551,1.3927957699248752e-34,4.106776180698152e-17,2.435e+27,2.875343869512782e-88,5.237068767221307e-46,1.0,1.4156644042415874e-67,1.6441664175862416e-70,True,True
17.78279410038923,1.0,pi,1.0,tree_eta,2.2383619599143744e-69,-1094268.7833372483,3.739731944558652e-70,4.53467955166568e-73,1.0,1.0,1.4249182747913626e-34,3.7252734392199936e-35,8.256066930998566e-18,8.256066930998566e-18,1024,8.256066930998566e-18,1024,8.256066930998566e-18,0.0,123.20281152964093,7.832266189790668e-35,4.106776180698152e-17,2.435e+27,2.8753438695127816e-88,5.237068767221307e-46,1.0,7.960865971060201e-68,9.245827220989159e-71,True,True
31.622776601683793,1.0,pi,1.0,tree_eta,7.078322021207938e-70,-10942687.833372477,1.1826070783295882e-70,1.4339915842254742e-73,1.0,1.0,8.012904309341209e-35,3.7252734392199936e-35,4.642727618837952e-17,4.642727618837952e-17,1024,4.642727618837952e-17,1024,4.642727618837952e-17,0.0,219.08902300206645,4.404406948410451e-35,4.106776180698152e-17,2.435e+27,2.875343869512782e-88,5.237068767221307e-46,1.0,4.47672391982875e-68,5.199310731932047e-71,True,True
56.23413251903491,1.0,pi,1.0,tree_eta,2.238361959914375e-70,-109426878.3337248,3.739731944558654e-71,4.53467955166568e-74,1.0,1.0,4.5059872279383945e-35,3.7252734392199936e-35,2.6107976016751677e-16,2.6107976016751677e-16,1024,2.6107976016751677e-16,1024,2.6107976016751677e-16,0.0,389.6014985701187,2.4767800400467146e-35,4.106776180698152e-17,2.435e+27,2.875343869512782e-88,5.237068767221307e-46,1.0,2.5174468615878333e-68,2.9237872870710715e-71,True,True
100.0,1.0,pi,1.0,tree_eta,7.078322021207937e-71,-1094268783.337248,1.1826070783295883e-71,1.4339915842254742e-74,1.0,1.0,2.5339028290496643e-35,3.7252734392199936e-35,1.4681593831297992e-15,1.4681593831297992e-15,1024,1.4681593831297992e-15,1024,1.4681593831297992e-15,0.0,692.8203230275509,1.3927957699248754e-35,4.106776180698152e-17,2.435e+27,2.875343869512782e-88,5.237068767221307e-46,1.0,1.4156644042415873e-68,1.6441664175862418e-71,True,True
177.82794100389228,1.0,pi,1.0,tree_eta,2.2383619599143752e-71,-10942687833.37248,3.739731944558654e-72,4.534679551665681e-75,1.0,1.0,1.424918274791363e-35,3.7252734392199947e-35,8.256066930998568e-15,8.256066930998568e-15,1024,8.256066930998568e-15,1024,8.256066930998568e-15,0.0,1232.0281152964092,7.832266189790669e-36,4.106776180698152e-17,2.435e+27,2.875343869512783e-88,5.237068767221307e-46,1.0,7.960865971060204e-69,9.24582722098916e-72,True,True
316.2277660168379,1.0,pi,1.0,tree_eta,7.078322021207939e-72,-109426878333.72476,1.1826070783295885e-72,1.4339915842254746e-75,1.0,1.0,8.012904309341208e-36,3.7252734392199947e-35,4.6427276188379507e-14,4.6427276188379507e-14,1024,4.6427276188379507e-14,1024,4.6427276188379507e-14,0.0,2190.890230020664,4.4044069484104515e-36,4.106776180698152e-17,2.435e+27,2.875343869512783e-88,5.237068767221307e-46,1.0,4.4767239198287503e-69,5.199310731932048e-72,True,True
562.341325190349,1.0,pi,1.0,tree_eta,2.2383619599143748e-72,-1094268783337.2476,3.739731944558653e-73,4.5346795516656803e-76,1.0,1.0,4.5059872279383936e-36,3.7252734392199936e-35,2.6107976016751677e-13,2.6107976016751677e-13,1024,2.6107976016751677e-13,1024,2.6107976016751677e-13,0.0,3896.014985701187,2.4767800400467144e-36,4.106776180698152e-17,2.435e+27,2.875343869512782e-88,5.237068767221307e-46,1.0,2.517446861587833e-69,2.923787287071071e-72,True,True
1000.0,1.0,pi,1.0,tree_eta,7.078322021207937e-73,-10942687833372.48,1.1826070783295881e-73,1.4339915842254744e-76,1.0,1.0,2.5339028290496642e-36,3.7252734392199936e-35,1.4681593831297992e-12,1.4681593831297992e-12,1024,1.4681593831297992e-12,1024,1.4681593831297992e-12,0.0,6928.203230275509,1.3927957699248754e-36,4.106776180698152e-17,2.435e+27,2.875343869512782e-88,5.237068767221307e-46,1.0,1.4156644042415875e-69,1.644166417586242e-72,True,True
1778.2794100389228,1.0,pi,1.0,tree_eta,2.2383619599143748e-73,-109426878333724.8,3.739731944558653e-74,4.534679551665681e-77,1.0,1.0,1.424918274791363e-36,3.7252734392199936e-35,8.256066930998568e-12,8.256066930998568e-12,1024,8.256066930998568e-12,1024,8.256066930998568e-12,0.0,12320.281152964091,7.83226618979067e-37,4.106776180698152e-17,2.435e+27,2.875343869512782e-88,5.237068767221307e-46,1.0,7.960865971060203e-70,9.245827220989161e-73,True,True
3162.2776601683795,1.0,pi,1.0,tree_eta,7.078322021207937e-74,-1094268783337248.2,1.1826070783295882e-74,1.433991584225474e-77,1.0,1.0,8.012904309341209e-37,3.7252734392199947e-35,4.6427276188379534e-11,4.6427276188379534e-11,1024,4.6427276188379534e-11,1024,4.6427276188379534e-11,0.0,21908.902300206646,4.4044069484104505e-37,4.106776180698152e-17,2.435e+27,2.875343869512783e-88,5.237068767221307e-46,1.0,4.47672391982875e-70,5.1993107319320475e-73,True,True
5623.413251903491,1.0,pi,1.0,tree_eta,2.2383619599143743e-74,-1.0942687833372484e+16,3.7397319445586526e-75,4.53467955166568e-78,1.0,1.0,4.505987227938394e-37,3.7252734392199936e-35,2.6107976016751685e-10,2.6107976016751685e-10,1024,2.6107976016751685e-10,1024,2.6107976016751685e-10,0.0,38960.14985701187,2.4767800400467144e-37,4.106776180698152e-17,2.435e+27,2.875343869512782e-88,5.237068767221307e-46,1.0,2.5174468615878326e-70,2.9237872870710704e-73,True,True
10000.0,1.0,pi,1.0,tree_eta,7.078322021207937e-75,-1.094268783337248e+17,1.182607078329588e-75,1.4339915842254744e-78,1.0,1.0,2.5339028290496638e-37,3.7252734392199936e-35,1.468159383129799e-09,1.468159383129799e-09,1024,1.468159383129799e-09,1024,1.468159383129799e-09,0.0,69282.03230275509,1.3927957699248754e-37,4.106776180698152e-17,2.435e+27,2.875343869512782e-88,5.237068767221307e-46,1.0,1.4156644042415874e-70,1.6441664175862418e-73,True,True
17782.794100389227,1.0,pi,1.0,tree_eta,2.238361959914375e-75,-1.0942687833372476e+18,3.739731944558654e-76,4.5346795516656806e-79,1.0,1.0,1.4249182747913632e-37,3.7252734392199936e-35,8.256066930998566e-09,8.256066930998566e-09,1024,8.256066930998566e-09,1024,8.256066930998566e-09,0.0,123202.81152964091,7.83226618979067e-38,4.106776180698152e-17,2.435e+27,2.875343869512782e-88,5.237068767221307e-46,1.0,7.960865971060203e-71,9.24582722098916e-74,True,True
31622.776601683792,1.0,pi,1.0,tree_eta,7.078322021207937e-76,-1.0942687833372477e+19,1.1826070783295881e-76,1.433991584225474e-79,1.0,1.0,8.012904309341209e-38,3.7252734392199936e-35,4.642727618837952e-08,4.642727618837952e-08,1024,4.642727618837952e-08,1024,4.642727618837952e-08,0.0,219089.02300206642,4.404406948410452e-38,4.106776180698152e-17,2.435e+27,2.875343869512782e-88,5.237068767221307e-46,1.0,4.47672391982875e-71,5.199310731932047e-74,True,True
56234.13251903491,1.0,pi,1.0,tree_eta,2.2383619599143746e-76,-1.094268783337248e+20,3.739731944558653e-77,4.53467955166568e-80,1.0,1.0,4.505987227938394e-38,3.7252734392199936e-35,2.6107976016751684e-07,2.6107976016751684e-07,1024,2.6107976016751684e-07,1024,2.6107976016751684e-07,0.0,389601.49857011874,2.476780040046714e-38,4.106776180698152e-17,2.435e+27,2.875343869512782e-88,5.237068767221307e-46,1.0,2.5174468615878328e-71,2.9237872870710707e-74,True,True
100000.0,1.0,pi,1.0,tree_eta,7.078322021207937e-77,-1.094268783337248e+21,1.1826070783295882e-77,1.433991584225474e-80,1.0,1.0,2.5339028290496643e-38,3.7252734392199947e-35,1.468159383129799e-06,1.468159383129799e-06,1024,1.468159383129799e-06,1024,1.468159383129799e-06,0.0,692820.3230275509,1.3927957699248754e-38,4.106776180698152e-17,2.435e+27,2.875343869512783e-88,5.237068767221307e-46,1.0,1.4156644042415873e-71,1.6441664175862416e-74,True,True
177827.94100389228,1.0,pi,1.0,tree_eta,2.238361959914375e-77,-1.0942687833372481e+22,3.7397319445586534e-78,4.53467955166568e-81,1.0,1.0,1.4249182747913626e-38,3.7252734392199936e-35,8.256066930998565e-06,8.256066930998565e-06,1024,8.256066930998565e-06,1024,8.256066930998565e-06,0.0,1232028.1152964092,7.832266189790669e-39,4.106776180698152e-17,2.435e+27,2.875343869512782e-88,5.237068767221307e-46,1.0,7.960865971060203e-72,9.245827220989161e-75,True,True
316227.7660168379,1.0,pi,1.0,tree_eta,7.078322021207937e-78,-1.0942687833372476e+23,1.182607078329588e-78,1.4339915842254746e-81,1.0,1.0,8.012904309341209e-39,3.7252734392199936e-35,4.6427276188379514e-05,4.6427276188379514e-05,1024,4.6427276188379514e-05,1024,4.6427276188379514e-05,0.0,2190890.230020664,4.4044069484104516e-39,4.106776180698152e-17,2.435e+27,2.875343869512782e-88,5.237068767221307e-46,1.0,4.4767239198287496e-72,5.199310731932048e-75,True,True
562341.3251903491,1.0,pi,1.0,tree_eta,2.2383619599143744e-78,-1.0942687833372485e+24,3.739731944558653e-79,4.5346795516656795e-82,1.0,1.0,4.505987227938393e-39,3.7252734392199936e-35,0.0002610797601675169,0.0002610797601675169,1024,0.0002610797601675169,1024,0.0002610797601675169,0.0,3896014.9857011875,2.476780040046714e-39,4.106776180698152e-17,2.435e+27,2.875343869512782e-88,5.237068767221307e-46,1.0,2.517446861587833e-72,2.923787287071071e-75,True,True
1000000.0,1.0,pi,1.0,tree_eta,7.078322021207937e-79,-1.094268783337248e+25,1.1826070783295882e-79,1.4339915842254742e-82,1.0,1.0,2.5339028290496645e-39,3.7252734392199947e-35,0.0014681593831297993,0.0014681593831297993,1024,0.0014681593831297993,1024,0.0014681593831297993,0.0,6928203.230275509,1.3927957699248754e-39,4.106776180698152e-17,2.435e+27,2.875343869512783e-88,5.237068767221307e-46,1.0,1.4156644042415874e-72,1.6441664175862418e-75,True,True
1778279.410038923,1.0,pi,1.0,tree_eta,2.2383619599143745e-79,-1.0942687833372483e+26,3.7397319445586526e-80,4.53467955166568e-83,1.0,1.0,1.4249182747913625e-39,3.7252734392199947e-35,0.008256066930998568,0.008256066930998568,1024,0.008256066930998568,1024,0.008256066930998568,0.0,12320281.152964093,7.832266189790668e-40,4.106776180698152e-17,2.435e+27,2.875343869512783e-88,5.237068767221307e-46,1.0,7.960865971060202e-73,9.24582722098916e-76,True,True
3162277.660168379,1.0,pi,1.0,tree_eta,7.078322021207939e-80,-1.0942687833372477e+27,1.1826070783295885e-80,1.4339915842254746e-83,1.0,1.0,8.012904309341209e-40,3.7252734392199947e-35,0.04642727618837951,0.04642727618837951,1024,0.04642727618837951,1024,0.04642727618837951,0.0,21908902.300206643,4.404406948410451e-40,4.106776180698152e-17,2.435e+27,2.875343869512783e-88,5.237068767221307e-46,1.0,4.476723919828751e-73,5.199310731932048e-76,True,True
5623413.251903491,1.0,pi,1.0,tree_eta,2.2383619599143742e-80,-1.094268783337248e+28,3.7397319445586523e-81,4.534679551665679e-84,1.0,1.0,4.505987227938393e-40,3.7252734392199936e-35,0.26107976016751683,0.26107976016751683,1024,0.26107976016751683,1024,0.26107976016751683,0.0,38960149.85701187,2.4767800400467144e-40,4.106776180698152e-17,2.435e+27,2.875343869512782e-88,5.237068767221307e-46,1.0,2.5174468615878326e-73,2.9237872870710704e-76,False,False
10000000.0,1.0,pi,1.0,tree_eta,7.078322021207937e-81,-1.094268783337248e+29,1.1826070783295881e-81,1.4339915842254742e-84,1.0,1.0,2.5339028290496635e-40,3.7252734392199936e-35,1.4681593831297988,1.4681593831297988,1024,1.4681593831297988,1024,1.4681593831297988,0.0,69282032.30275509,1.3927957699248754e-40,4.106776180698152e-17,2.435e+27,2.875343869512782e-88,5.237068767221307e-46,1.0,1.4156644042415874e-73,1.6441664175862418e-76,False,False
17782794.100389227,1.0,pi,1.0,tree_eta,2.238361959914375e-81,-1.094268783337248e+30,3.739731944558654e-82,4.53467955166568e-85,1.0,1.0,1.424918274791363e-40,3.7252734392199947e-35,8.256066930998566,8.256066930998566,1024,8.256066930998566,1024,8.256066930998566,0.0,123202811.52964091,7.83226618979067e-41,4.106776180698152e-17,2.435e+27,2.875343869512783e-88,5.237068767221307e-46,1.0,7.960865971060203e-74,9.245827220989162e-77,False,False
31622776.60168379,1.0,pi,1.0,tree_eta,7.078322021207937e-82,-1.0942687833372477e+31,1.1826070783295882e-82,1.4339915842254746e-85,1.0,1.0,8.012904309341208e-41,3.7252734392199936e-35,46.427276188379516,46.427276188379516,1024,46.427276188379516,1024,46.427276188379516,0.0,219089023.00206643,4.4044069484104515e-41,4.106776180698152e-17,2.435e+27,2.875343869512782e-88,5.237068767221307e-46,1.0,4.47672391982875e-74,5.199310731932048e-77,False,False
56234132.51903491,1.0,pi,1.0,tree_eta,2.2383619599143754e-82,-1.0942687833372478e+32,3.739731944558654e-83,4.53467955166568e-86,1.0,1.0,4.505987227938395e-41,3.7252734392199947e-35,261.0797601675167,261.0797601675167,1024,261.0797601675167,1024,261.0797601675167,0.0,389601498.57011867,2.476780040046715e-41,4.106776180698152e-17,2.435e+27,2.875343869512783e-88,5.237068767221307e-46,1.0,2.5174468615878338e-74,2.923787287071072e-77,False,False
100000000.0,1.0,pi,1.0,tree_eta,7.078322021207937e-83,-1.0942687833372482e+33,1.1826070783295882e-83,1.4339915842254743e-86,1.0,1.0,2.5339028290496637e-41,3.7252734392199936e-35,1468.159383129799,1468.159383129799,1024,1468.159383129799,1024,1468.159383129799,0.0,692820323.0275509,1.3927957699248752e-41,4.106776180698152e-17,2.435e+27,2.875343869512782e-88,5.237068767221307e-46,1.0,1.4156644042415875e-74,1.644166417586242e-77,False,False
177827941.00389227,1.0,pi,1.0,tree_eta,2.238361959914375e-83,-1.0942687833372477e+34,3.7397319445586538e-84,4.53467955166568e-87,1.0,1.0,1.4249182747913631e-41,3.7252734392199936e-35,8256.066930998566,8256.066930998566,1024,8256.066930998566,1024,8256.066930998566,0.0,1232028115.2964091,7.83226618979067e-42,4.106776180698152e-17,2.435e+27,2.875343869512782e-88,5.237068767221307e-46,1.0,7.960865971060203e-75,9.24582722098916e-78,False,False
316227766.01683795,1.0,pi,1.0,tree_eta,7.078322021207935e-84,-1.0942687833372482e+35,1.182607078329588e-84,1.433991584225474e-87,1.0,1.0,8.012904309341206e-42,3.7252734392199936e-35,46427.27618837953,46427.27618837953,1024,46427.27618837953,1024,46427.27618837953,0.0,2190890230.0206647,4.404406948410451e-42,4.106776180698152e-17,2.435e+27,2.875343869512782e-88,5.237068767221307e-46,1.0,4.476723919828748e-75,5.199310731932046e-78,False,False
562341325.1903491,1.0,pi,1.0,tree_eta,2.238361959914374e-84,-1.094268783337248e+36,3.739731944558652e-85,4.53467955166568e-88,1.0,1.0,4.5059872279383934e-42,3.7252734392199936e-35,261079.76016751688,261079.76016751688,1024,261079.76016751688,1024,261079.76016751688,0.0,3896014985.701187,2.4767800400467145e-42,4.106776180698152e-17,2.435e+27,2.8753438695127816e-88,5.237068767221307e-46,1.0,2.5174468615878324e-75,2.92378728707107e-78,False,False
1000000000.0,1.0,pi,1.0,tree_eta,7.078322021207936e-85,-1.094268783337248e+37,1.182607078329588e-85,1.4339915842254742e-88,1.0,1.0,2.5339028290496637e-42,3.7252734392199936e-35,1468159.3831297988,1468159.3831297988,1024,1468159.3831297988,1024,1468159.3831297988,0.0,6928203230.275509,1.3927957699248753e-42,4.106776180698152e-17,2.435e+27,2.875343869512782e-88,5.237068767221307e-46,1.0,1.4156644042415874e-75,1.6441664175862416e-78,False,False
1778279410.0389228,1.0,pi,1.0,tree_eta,2.238361959914375e-85,-1.0942687833372478e+38,3.739731944558654e-86,4.53467955166568e-89,1.0,1.0,1.4249182747913629e-42,3.7252734392199947e-35,8256066.930998567,8256066.930998567,1024,8256066.930998567,1024,8256066.930998567,0.0,12320281152.96409,7.83226618979067e-43,4.106776180698152e-17,2.435e+27,2.875343869512783e-88,5.237068767221307e-46,1.0,7.960865971060204e-76,9.245827220989163e-79,False,False
3162277660.1683793,1.0,pi,1.0,tree_eta,7.078322021207936e-86,-1.0942687833372479e+39,1.1826070783295881e-86,1.4339915842254742e-89,1.0,1.0,8.012904309341208e-43,3.7252734392199936e-35,46427276.188379526,46427276.188379526,1024,46427276.188379526,1024,46427276.188379526,0.0,21908902300.206646,4.404406948410451e-43,4.106776180698152e-17,2.435e+27,2.875343869512782e-88,5.237068767221307e-46,1.0,4.476723919828749e-76,5.199310731932047e-79,False,False
5623413251.903491,1.0,pi,1.0,tree_eta,2.238361959914375e-86,-1.0942687833372483e+40,3.7397319445586536e-87,4.53467955166568e-90,1.0,1.0,4.505987227938394e-43,3.7252734392199947e-35,261079760.1675168,261079760.1675168,1024,261079760.1675168,1024,261079760.1675168,0.0,38960149857.01187,2.4767800400467146e-43,4.106776180698152e-17,2.435e+27,2.875343869512783e-88,5.237068767221307e-46,1.0,2.5174468615878334e-76,2.9237872870710716e-79,False,False
10000000000.0,1.0,pi,1.0,tree_eta,7.078322021207937e-87,-1.0942687833372482e+41,1.1826070783295883e-87,1.4339915842254744e-90,1.0,1.0,2.533902829049664e-43,3.7252734392199947e-35,1468159383.129799,1468159383.129799,1024,1468159383.129799,1024,1468159383.129799,0.0,69282032302.7551,1.3927957699248752e-43,4.106776180698152e-17,2.435e+27,2.875343869512783e-88,5.237068767221307e-46,1.0,1.4156644042415874e-76,1.6441664175862418e-79,False,False
17782794100.38923,1.0,pi,1.0,tree_eta,2.238361959914375e-87,-1.0942687833372483e+42,3.739731944558653e-88,4.5346795516656794e-91,1.0,1.0,1.4249182747913626e-43,3.7252734392199947e-35,8256066930.998567,8256066930.998567,1024,8256066930.998567,1024,8256066930.998567,0.0,123202811529.64091,7.83226618979067e-44,5.05966371784973e-17,2.435e+27,2.875343869512783e-88,5.237068767221307e-46,1.0,7.960865971060204e-77,9.245827220989161e-80,False,False
31622776601.683792,1.0,pi,1.0,tree_eta,7.078322021207937e-88,-1.0942687833372479e+43,1.1826070783295881e-88,1.4339915842254744e-91,1.0,1.0,8.012904309341208e-44,3.7252734392199936e-35,46427276188.3795,46427276188.3795,1024,46427276188.3795,1024,46427276188.3795,0.0,219089023002.06644,4.4044069484104515e-44,8.99749581117316e-17,2.435e+27,2.875343869512782e-88,5.237068767221307e-46,1.0,4.47672391982875e-77,5.199310731932047e-80,False,False
56234132519.034904,1.0,pi,1.0,tree_eta,2.238361959914375e-88,-1.0942687833372476e+44,3.739731944558653e-89,4.53467955166568e-92,1.0,1.0,4.505987227938394e-44,3.7252734392199947e-35,261079760167.51675,261079760167.51675,1024,261079760167.51675,1024,261079760167.51675,0.0,389601498570.1187,2.4767800400467146e-44,1.6000061542920687e-16,2.435e+27,2.875343869512783e-88,5.237068767221307e-46,1.0,2.517446861587833e-77,2.923787287071071e-80,False,False
100000000000.0,1.0,pi,1.0,tree_eta,7.078322021207937e-89,-1.0942687833372482e+45,1.1826070783295881e-89,1.4339915842254744e-92,1.0,1.0,2.5339028290496645e-44,3.7252734392199936e-35,1468159383129.7993,1468159383129.7993,1024,1468159383129.7993,1024,1468159383129.7993,0.0,692820323027.5509,1.3927957699248752e-44,2.8452580001131456e-16,2.435e+27,2.875343869512782e-88,5.237068767221307e-46,1.0,1.4156644042415872e-77,1.6441664175862415e-80,False,False
177827941003.89227,1.0,pi,1.0,tree_eta,2.2383619599143747e-89,-1.0942687833372479e+46,3.739731944558653e-90,4.534679551665681e-93,1.0,1.0,1.4249182747913627e-44,3.7252734392199936e-35,8256066930998.566,8256066930998.566,1024,8256066930998.566,1024,8256066930998.566,0.0,1232028115296.4092,7.83226618979067e-45,5.05966371784973e-16,2.435e+27,2.875343869512782e-88,5.237068767221307e-46,1.0,7.960865971060202e-78,9.24582722098916e-81,False,False
316227766016.83795,1.0,pi,1.0,tree_eta,7.078322021207936e-90,-1.0942687833372483e+47,1.182607078329588e-90,1.4339915842254742e-93,1.0,1.0,8.012904309341207e-45,3.7252734392199936e-35,46427276188379.52,46427276188379.52,1024,46427276188379.52,1024,46427276188379.52,0.0,2190890230020.6646,4.404406948410451e-45,8.997495811173161e-16,2.435e+27,2.875343869512782e-88,5.237068767221307e-46,1.0,4.476723919828749e-78,5.199310731932046e-81,False,False
562341325190.3491,1.0,pi,1.0,tree_eta,2.2383619599143746e-90,-1.0942687833372484e+48,3.7397319445586527e-91,4.534679551665678e-94,1.0,1.0,4.505987227938395e-45,3.7252734392199936e-35,261079760167516.84,261079760167516.84,1024,261079760167516.84,1024,261079760167516.84,0.0,3896014985701.1875,2.4767800400467142e-45,1.6000061542920688e-15,2.435e+27,2.875343869512782e-88,5.237068767221307e-46,1.0,2.5174468615878333e-78,2.9237872870710715e-81,False,False
1000000000000.0,1.0,pi,1.0,tree_eta,7.078322021207936e-91,-1.094268783337248e+49,1.1826070783295881e-91,1.433991584225474e-94,1.0,1.0,2.533902829049664e-45,3.7252734392199936e-35,1468159383129799.0,1468159383129799.0,1024,1468159383129799.0,1024,1468159383129799.0,0.0,6928203230275.509,1.3927957699248753e-45,2.845258000113145e-15,2.435e+27,2.875343869512782e-88,5.237068767221307e-46,1.0,1.4156644042415872e-78,1.6441664175862416e-81,False,False
1e-12,10.0,zero,1.0,tree_eta,7.078322021207937e-43,-1.0942687833372481e-45,1.1826070783295883e-44,1.4339915842254743e-47,1.0,1.0,2.533902829049664e-21,3.7252734392199936e-35,1.468159383129799e-55,2.533902829049701e-21,1024,2.533902829049701e-21,1024,2.533902829049701e-21,0.0,2.1908902300206645e-11,4.404406948410451e-22,1.2986766571533385e-16,7.700146102510003e+26,2.875343869512782e-88,5.237068767221307e-46,1.0,1.4156644042415874e-54,1.6441664175862417e-57,True,True
1.7782794100389228e-12,10.0,zero,1.0,tree_eta,2.2383619599143746e-43,-1.0942687833372482e-44,3.7397319445586527e-45,4.5346795516656795e-48,1.0,1.0,1.4249182747913625e-21,3.7252734392199936e-35,8.256066930998565e-55,1.4249182747913997e-21,1024,1.4249182747913997e-21,1024,1.4249182747913997e-21,0.0,3.896014985701187e-11,2.4767800400467146e-22,1.2986766571533385e-16,7.700146102510003e+26,2.875343869512782e-88,5.237068767221307e-46,1.0,7.960865971060202e-55,9.245827220989158e-58,True,True
3.1622776601683794e-12,10.0,zero,1.0,tree_eta,7.078322021207937e-44,-1.094268783337248e-43,1.1826070783295882e-45,1.4339915842254743e-48,1.0,1.0,8.012904309341209e-22,3.7252734392199936e-35,4.642727618837953e-54,8.012904309341582e-22,1024,8.012904309341582e-22,1024,8.012904309341582e-22,0.0,6.92820323027551e-11,1.3927957699248752e-22,1.2986766571533385e-16,7.700146102510003e+26,2.875343869512782e-88,5.237068767221307e-46,1.0,4.4767239198287496e-55,5.199310731932047e-58,True,True
5.6234132519034904e-12,10.0,zero,1.0,tree_eta,2.238361959914375e-44,-1.0942687833372476e-42,3.739731944558654e-46,4.534679551665681e-49,1.0,1.0,4.505987227938394e-22,3.7252734392199936e-35,2.6107976016751674e-53,4.505987227938766e-22,1024,4.505987227938766e-22,1024,4.505987227938766e-22,0.0,1.232028115296409e-10,7.83226618979067e-23,1.2986766571533385e-16,7.700146102510003e+26,2.875343869512782e-88,5.237068767221307e-46,1.0,2.517446861587833e-55,2.9237872870710712e-58,True,True
1e-11,10.0,zero,1.0,tree_eta,7.078322021207937e-45,-1.0942687833372476e-41,1.1826070783295883e-46,1.4339915842254743e-49,1.0,1.0,2.5339028290496644e-22,3.7252734392199936e-35,1.468159383129799e-52,2.5339028290500373e-22,1024,2.533902829050037e-22,1024,2.5339028290500373e-22,0.0,2.1908902300206645e-10,4.404406948410451e-23,1.2986766571533385e-16,7.700146102510003e+26,2.875343869512782e-88,5.237068767221307e-46,1.0,1.4156644042415875e-55,1.6441664175862417e-58,True,True
1.7782794100389227e-11,10.0,zero,1.0,tree_eta,2.2383619599143752e-45,-1.0942687833372476e-40,3.739731944558654e-47,4.534679551665681e-50,1.0,1.0,1.4249182747913628e-22,3.7252734392199936e-35,8.256066930998563e-52,1.4249182747917354e-22,1024,1.4249182747917354e-22,1024,1.4249182747917354e-22,0.0,3.896014985701187e-10,2.4767800400467146e-23,1.2986766571533385e-16,7.700146102510003e+26,2.875343869512782e-88,5.237068767221307e-46,1.0,7.960865971060204e-56,9.245827220989162e-59,True,True
3.1622776601683794e-11,10.0,zero,1.0,tree_eta,7.078322021207937e-46,-1.094268783337248e-39,1.1826070783295883e-47,1.4339915842254742e-50,1.0,1.0,8.012904309341209e-23,3.7252734392199936e-35,4.6427276188379536e-51,8.012904309344934e-23,1024,8.012904309344934e-23,1024,8.012904309344934e-23,0.0,6.928203230275509e-10,1.3927957699248753e-23,1.2986766571533385e-16,7.700146102510003e+26,2.875343869512782e-88,5.237068767221307e-46,1.0,4.47672391982875e-56,5.199310731932047e-59,True,True
5.6234132519034906e-11,10.0,zero,1.0,tree_eta,2.238361959914375e-46,-1.0942687833372479e-38,3.7397319445586534e-48,4.534679551665681e-51,1.0,1.0,4.5059872279383935e-23,3.7252734392199936e-35,2.6107976016751677e-50,4.5059872279421187e-23,1024,4.5059872279421187e-23,1024,4.5059872279421187e-23,0.0,1.2320281152964091e-09,7.83226618979067e-24,1.2986766571533385e-16,7.700146102510003e+26,2.875343869512782e-88,5.237068767221307e-46,1.0,2.5174468615878335e-56,2.9237872870710715e-59,True,True
1e-10,10.0,zero,1.0,tree_eta,7.078322021207937e-47,-1.0942687833372481e-37,1.1826070783295881e-48,1.4339915842254742e-51,1.0,1.0,2.533902829049664e-23,3.7252734392199947e-35,1.4681593831297993e-49,2.5339028290533892e-23,1024,2.5339028290533892e-23,1024,2.5339028290533892e-23,0.0,2.1908902300206647e-09,4.40440694841045e-24,1.2986766571533385e-16,7.700146102510003e+26,2.875343869512783e-88,5.237068767221307e-46,1.0,1.4156644042415874e-56,1.6441664175862415e-59,True,True
1.778279410038923e-10,10.0,zero,1.0,tree_eta,2.2383619599143743e-47,-1.0942687833372481e-36,3.739731944558652e-49,4.5346795516656805e-52,1.0,1.0,1.4249182747913624e-23,3.7252734392199936e-35,8.256066930998568e-49,1.4249182747950875e-23,1024,1.4249182747950875e-23,1024,1.4249182747950875e-23,0.0,3.896014985701188e-09,2.476780040046714e-24,1.2986766571533385e-16,7.700146102510003e+26,2.875343869512782e-88,5.237068767221307e-46,1.0,7.960865971060201e-57,9.245827220989158e-60,True,True
3.1622776601683795e-10,10.0,zero,1.0,tree_eta,7.078322021207937e-48,-1.0942687833372483e-35,1.1826070783295881e-49,1.4339915842254742e-52,1.0,1.0,8.012904309341208e-24,3.7252734392199936e-35,4.642727618837953e-48,8.012904309378461e-24,1024,8.012904309378461e-24,1024,8.012904309378461e-24,0.0,6.92820323027551e-09,1.3927957699248752e-24,1.2986766571533385e-16,7.700146102510003e+26,2.875343869512782e-88,5.237068767221307e-46,1.0,4.4767239198287494e-57,5.199310731932047e-60,True,True
5.623413251903491e-10,10.0,zero,1.0,tree_eta,2.2383619599143745e-48,-1.094268783337248e-34,3.739731944558653e-50,4.53467955166568e-53,1.0,1.0,4.505987227938393e-24,3.7252734392199936e-35,2.610797601675168e-47,4.505987227975646e-24,1024,4.505987227975646e-24,1024,4.505987227975646e-24,0.0,1.2320281152964092e-08,7.832266189790669e-25,1.2986766571533385e-16,7.700146102510003e+26,2.875343869512782e-88,5.237068767221307e-46,1.0,2.5174468615878328e-57,2.923787287071071e-60,True,True
1e-09,10.0,zero,1.0,tree_eta,7.078322021207935e-49,-1.0942687833372483e-33,1.182607078329588e-50,1.433991584225474e-53,1.0,1.0,2.533902829049663e-24,3.7252734392199936e-35,1.4681593831297991e-46,2.5339028290869157e-24,1024,2.5339028290869157e-24,1024,2.5339028290869157e-24,0.0,2.1908902300206644e-08,4.404406948410451e-25,1.2986766571533385e-16,7.700146102510003e+26,2.8753438695127816e-88,5.237068767221307e-46,1.0,1.4156644042415872e-57,1.6441664175862416e-60,True,True
1.7782794100389228e-09,10.0,zero,1.0,tree_eta,2.238361959914375e-49,-1.0942687833372479e-32,3.7397319445586534e-51,4.534679551665681e-54,1.0,1.0,1.4249182747913628e-24,3.7252734392199947e-35,8.256066930998566e-46,1.4249182748286155e-24,1024,1.4249182748286155e-24,1024,1.4249182748286155e-24,0.0,3.896014985701187e-08,2.476780040046714e-25,1.2986766571533385e-16,7.700146102510003e+26,2.875343869512783e-88,5.237068767221307e-46,1.0,7.960865971060203e-58,9.245827220989161e-61,True,True
3.1622776601683795e-09,10.0,zero,1.0,tree_eta,7.078322021207936e-50,-1.0942687833372481e-31,1.182607078329588e-51,1.433991584225474e-54,1.0,1.0,8.012904309341208e-25,3.7252734392199936e-35,4.6427276188379536e-45,8.012904309713735e-25,1024,8.012904309713735e-25,1024,8.012904309713735e-25,0.0,6.92820323027551e-08,1.3927957699248751e-25,1.2986766571533385e-16,7.700146102510003e+26,2.875343869512782e-88,5.237068767221307e-46,1.0,4.476723919828749e-58,5.199310731932046e-61,True,True
5.623413251903491e-09,10.0,zero,1.0,tree_eta,2.238361959914375e-50,-1.094268783337248e-30,3.739731944558654e-52,4.5346795516656795e-55,1.0,1.0,4.505987227938394e-25,3.7252734392199936e-35,2.6107976016751685e-44,4.505987228310921e-25,1024,4.505987228310921e-25,1024,4.505987228310921e-25,0.0,1.2320281152964094e-07,7.832266189790668e-26,1.2986766571533385e-16,7.700146102510003e+26,2.875343869512782e-88,5.237068767221307e-46,1.0,2.5174468615878333e-58,2.9237872870710714e-61,True,True
1e-08,10.0,zero,1.0,tree_eta,7.078322021207936e-51,-1.094268783337248e-29,1.1826070783295881e-52,1.433991584225474e-55,1.0,1.0,2.533902829049664e-25,3.7252734392199936e-35,1.4681593831297992e-43,2.533902829422191e-25,1024,2.5339028294221913e-25,1024,2.533902829422191e-25,0.0,2.1908902300206646e-07,4.404406948410451e-26,1.2986766571533385e-16,7.700146102510003e+26,2.875343869512782e-88,5.237068767221307e-46,1.0,1.4156644042415872e-58,1.6441664175862415e-61,True,True
1.7782794100389228e-08,10.0,zero,1.0,tree_eta,2.238361959914375e-51,-1.0942687833372482e-28,3.7397319445586534e-53,4.5346795516656795e-56,1.0,1.0,1.4249182747913626e-25,3.7252734392199936e-35,8.256066930998565e-43,1.4249182751638899e-25,1024,1.4249182751638899e-25,1024,1.4249182751638899e-25,0.0,3.896014985701187e-07,2.4767800400467146e-26,1.2986766571533385e-16,7.700146102510003e+26,2.875343869512782e-88,5.237068767221307e-46,1.0,7.960865971060203e-59,9.24582722098916e-62,True,True
3.162277660168379e-08,10.0,zero,1.0,tree_eta,7.078322021207936e-52,-1.094268783337248e-27,1.182607078329588e-53,1.4339915842254742e-56,1.0,1.0,8.012904309341208e-26,3.7252734392199936e-35,4.642727618837951e-42,8.012904313066482e-26,1024,8.012904313066482e-26,1024,8.012904313066482e-26,0.0,6.928203230275509e-07,1.3927957699248753e-26,1.2986766571533385e-16,7.700146102510003e+26,2.875343869512782e-88,5.237068767221307e-46,1.0,4.476723919828749e-59,5.1993107319320455e-62,True,True
5.6234132519034905e-08,10.0,zero,1.0,tree_eta,2.2383619599143747e-52,-1.094268783337248e-26,3.7397319445586526e-54,4.53467955166568e-57,1.0,1.0,4.505987227938394e-26,3.7252734392199936e-35,2.6107976016751677e-41,4.505987231663665e-26,1024,4.5059872316636703e-26,1024,4.505987231663665e-26,0.0,1.232028115296409e-06,7.83226618979067e-27,1.2986766571533385e-16,7.700146102510003e+26,2.875343869512782e-88,5.237068767221307e-46,1.0,2.517446861587833e-59,2.9237872870710708e-62,True,True
1e-07,10.0,zero,1.0,tree_eta,7.078322021207937e-53,-1.0942687833372479e-25,1.1826070783295883e-54,1.4339915842254743e-57,1.0,1.0,2.533902829049664e-26,3.7252734392199936e-35,1.4681593831297985e-40,2.5339028327749226e-26,1024,2.5339028327749519e-26,1024,2.5339028327749226e-26,0.0,2.190890230020664e-06,4.404406948410452e-27,1.2986766571533385e-16,7.700146102510003e+26,2.875343869512782e-88,5.237068767221307e-46,1.0,1.4156644042415873e-59,1.6441664175862416e-62,True,True
1.7782794100389227e-07,10.0,zero,1.0,tree_eta,2.2383619599143753e-53,-1.0942687833372476e-24,3.739731944558654e-55,4.5346795516656806e-58,1.0,1.0,1.4249182747913626e-26,3.7252734392199947e-35,8.256066930998565e-40,1.4249182785165533e-26,1024,1.4249182785167186e-26,1024,1.4249182785165533e-26,0.0,3.896014985701187e-06,2.4767800400467146e-27,1.2986766571533385e-16,7.700146102510003e+26,2.875343869512783e-88,5.237068767221307e-46,1.0,7.960865971060204e-60,9.245827220989161e-63,True,True
3.162277660168379e-07,10.0,zero,1.0,tree_eta,7.078322021207937e-54,-1.0942687833372477e-23,1.1826070783295882e-55,1.4339915842254745e-58,1.0,1.0,8.012904309341207e-27,3.7252734392199936e-35,4.642727618837951e-39,8.012904346589299e-27,1024,8.012904346598586e-27,1024,8.012904346589299e-27,0.0,6.9282032302755086e-06,1.3927957699248754e-27,1.2986766571533385e-16,7.700146102510003e+26,2.875343869512782e-88,5.237068767221307e-46,1.0,4.4767239198287496e-60,5.199310731932047e-63,True,True
5.62341325190349e-07,10.0,zero,1.0,tree_eta,2.238361959914375e-54,-1.0942687833372477e-22,3.7397319445586532e-56,4.534679551665681e-59,1.0,1.0,4.505987227938395e-27,3.7252734392199936e-35,2.610797601675167e-38,4.505987265165022e-27,1024,4.5059872652172374e-27,1024,4.505987265165022e-27,0.0,1.232028115296409e-05,7.83226618979067e-28,1.2986766571533385e-16,7.700146102510003e+26,2.875343869512782e-88,5.237068767221307e-46,1.0,2.517446861587833e-60,2.9237872870710714e-63,True,True
1e-06,10.0,zero,1.0,tree_eta,7.078322021207936e-55,-1.0942687833372478e-21,1.182607078329588e-56,1.4339915842254746e-59,1.0,1.0,2.533902829049664e-27,3.725273439219993e-35,1.468159383129799e-37,2.533902866155582e-27,1024,2.5339028664492142e-27,1024,2.533902866155582e-27,0.0,2.1908902300206645e-05,4.404406948410451e-28,1.2986766571533385e-16,7.700146102510003e+26,2.875343869512781e-88,5.237068767221307e-46,1.0,1.415664404241587e-60,1.6441664175862413e-63,True,True
1.7782794100389227e-06,10.0,zero,1.0,tree_eta,2.238361959914375e-55,-1.0942687833372478e-20,3.739731944558654e-57,4.5346795516656805e-60,1.0,1.0,1.424918274791363e-27,3.7252734392199947e-35,8.256066930998566e-37,1.4249183112184905e-27,1024,1.424918312869704e-27,1024,1.4249183112184905e-27,0.0,3.896014985701187e-05,2.4767800400467144e-28,1.2986766571533385e-16,7.700146102510003e+26,2.875343869512783e-88,5.237068767221307e-46,1.0,7.960865971060204e-61,9.245827220989162e-64,True,True
3.162277660168379e-06,10.0,zero,1.0,tree_eta,7.0783220212079365e-56,-1.0942687833372476e-19,1.182607078329588e-57,1.4339915842254743e-60,1.0,1.0,8.012904309341208e-28,3.7252734392199936e-35,4.6427276188379515e-36,8.0129046354412765e-28,1024,8.012904728295828e-28,1024,8.0129046354412765e-28,0.0,6.92820323027551e-05,1.3927957699248753e-28,1.2986766571533385e-16,7.700146102510003e+26,2.875343869512782e-88,5.237068767221307e-46,1.0,4.476723919828749e-61,5.199310731932046e-64,True,True
5.623413251903491e-06,10.0,zero,1.0,tree_eta,2.2383619599143744e-56,-1.0942687833372482e-18,3.739731944558653e-58,4.5346795516656795e-61,1.0,1.0,4.505987227938393e-28,3.7252734392199936e-35,2.610797601675169e-35,4.505987339385978e-28,1024,4.505987861545497e-28,1024,4.505987339385978e-28,0.0,0.00012320281152964092,7.832266189790669e-29,1.2986766571533385e-16,7.700146102510003e+26,2.875343869512782e-88,5.237068767221307e-46,1.0,2.5174468615878327e-61,2.9237872870710705e-64,True,True
9.999999999999999e-06,10.0,zero,1.0,tree_eta,7.078322021207938e-57,-1.0942687833372476e-17,1.1826070783295884e-58,1.4339915842254744e-61,1.0,1.0,2.5339028290496637e-28,3.7252734392199936e-35,1.4681593831297986e-34,2.5339017334176244e-28,1024,2.5339046697363907e-28,1024,2.5339017334176244e-28,0.0,0.00021908902300206643,4.4044069484104514e-29,1.2986766571533385e-16,7.700146102510003e+26,2.875343869512782e-88,5.237068767221307e-46,1.0,1.4156644042415874e-61,1.644166417586242e-64,True,True
1.778279410038923e-05,10.0,zero,1.0,tree_eta,2.2383619599143747e-57,-1.0942687833372482e-16,3.7397319445586535e-59,4.53467955166568e-62,1.0,1.0,1.4249182747913627e-28,3.7252734392199947e-35,8.256066930998566e-34,1.4249103912517755e-28,1024,1.4249269033856375e-28,1024,1.4249103912517755e-28,0.0,0.00038960149857011873,2.4767800400467144e-29,1.2986766571533385e-16,7.700146102510003e+26,2.875343869512783e-88,5.237068767221307e-46,1.0,7.960865971060202e-62,9.24582722098916e-65,True,True
3.1622776601683795e-05,10.0,zero,1.0,tree_eta,7.078322021207936e-58,-1.0942687833372482e-15,1.182607078329588e-59,1.4339915842254741e-62,1.0,1.0,8.012904309341209e-29,3.7252734392199936e-35,4.642727618837953e-33,8.012443761852765e-29,1024,8.013372307376533e-29,1024,8.012443761852765e-29,0.0,0.0006928203230275509,1.3927957699248753e-29,1.2986766571533385e-16,7.700146102510003e+26,2.875343869512782e-88,5.237068767221307e-46,1.0,4.476723919828749e-62,5.199310731932047e-65,True,True
5.623413251903491e-05,10.0,zero,1.0,tree_eta,2.238361959914375e-58,-1.0942687833372479e-14,3.739731944558654e-60,4.5346795516656807e-63,1.0,1.0,4.505987227938394e-29,3.7252734392199936e-35,2.6107976016751676e-32,4.5033801556101576e-29,1024,4.508601750813508e-29,1024,4.5033801556101576e-29,0.0,0.0012320281152964092,7.832266189790669e-30,1.2986766571533385e-16,7.700146102510003e+26,2.875343869512782e-88,5.237068767221307e-46,1.0,2.5174468615878334e-62,2.9237872870710713e-65,True,True
0.0001,10.0,zero,1.0,tree_eta,7.078322021207936e-59,-1.0942687833372483e-13,1.182607078329588e-60,1.433991584225474e-63,1.0,1.0,2.533902829049663e-29,3.7252734392199936e-35,1.4681593831297992e-31,2.5192249604918047e-29,1024,2.5485881481544005e-29,1024,2.5192249604918047e-29,0.0,0.0021908902300206644,4.404406948410451e-30,1.2986766571533385e-16,7.700146102510003e+26,2.875343869512782e-88,5.237068767221307e-46,1.0,1.4156644042415873e-62,1.6441664175862417e-65,True,True
0.00017782794100389227,10.0,zero,1.0,tree_eta,2.2383619599143752e-59,-1.0942687833372475e-12,3.739731944558654e-61,4.5346795516656805e-64,1.0,1.0,1.424918274791363e-29,3.7252734392199947e-35,8.256066930998565e-31,1.3423613307548164e-29,1024,1.5074826693747878e-29,1024,1.3423613307548164e-29,0.0,0.003896014985701187,2.4767800400467147e-30,1.2986766571533385e-16,7.700146102510003e+26,2.875343869512783e-88,5.237068767221307e-46,1.0,7.960865971060204e-63,9.245827220989162e-66,True,True
0.00031622776601683794,10.0,zero,1.0,tree_eta,7.078322021207937e-60,-1.0942687833372481e-11,1.1826070783295882e-61,1.4339915842254741e-64,1.0,1.0,8.012904309341207e-30,3.7252734392199936e-35,4.642727618837952e-30,3.3702139432376466e-30,1024,1.2655669180913552e-29,1024,3.3702139432376466e-30,0.0,0.0069282032302755096,1.3927957699248753e-30,1.2986766571533385e-16,7.700146102510003e+26,2.875343869512782e-88,5.237068767221307e-46,1.0,4.4767239198287494e-63,5.199310731932047e-66,True,True
0.0005623413251903491,10.0,zero,1.0,tree_eta,2.2383619599143748e-60,-1.0942687833372481e-10,3.7397319445586533e-62,4.53467955166568e-65,1.0,1.0,4.505987227938394e-30,3.7252734392199936e-35,2.610797601675169e-29,2.16019515360789e-29,1024,3.0614000497424476e-29,1024,2.16019515360789e-29,0.0,0.012320281152964092,7.832266189790669e-31,1.2986766571533385e-16,7.700146102510003e+26,2.875343869512782e-88,5.237068767221307e-46,1.0,2.5174468615878334e-63,2.9237872870710713e-66,True,True
0.001,10.0,zero,1.0,tree_eta,7.078322021207937e-61,-1.0942687833372483e-09,1.182607078329588e-62,1.4339915842254742e-65,1.0,1.0,2.533902829049664e-30,3.7252734392199936e-35,1.468159383129799e-28,1.4428199823119584e-28,1024,1.4934987839476395e-28,1024,1.4428199823119584e-28,0.0,0.021908902300206645,4.404406948410451e-31,1.2986766571533385e-16,7.700146102510003e+26,2.875343869512782e-88,5.237068767221307e-46,1.0,1.4156644042415875e-63,1.6441664175862418e-66,True,True
0.0017782794100389228,10.0,zero,1.0,tree_eta,2.238361959914375e-61,-1.0942687833372478e-08,3.7397319445586535e-63,4.534679551665681e-66,1.0,1.0,1.4249182747913628e-30,3.7252734392199947e-35,8.256066930998566e-28,8.241817375723309e-28,1024,8.270316486273822e-28,1024,8.241817375723309e-28,0.0,0.03896014985701187,2.4767800400467145e-31,1.2986766571533385e-16,7.700146102510003e+26,2.875343869512783e-88,5.237068767221307e-46,1.0,7.960865971060203e-64,9.245827220989161e-67,True,True
0.0031622776601683794,10.0,zero,1.0,tree_eta,7.078322021207936e-62,-1.094268783337248e-07,1.1826070783295881e-63,1.433991584225474e-66,1.0,1.0,8.012904309341208e-31,3.7252734392199936e-35,4.6427276188379526e-27,4.641926291154284e-27,1024,4.643528946521621e-27,1024,4.641926291154284e-27,0.0,0.06928203230275509,1.3927957699248754e-31,1.2986766571533385e-16,7.700146102510003e+26,2.875343869512782e-88,5.237068767221307e-46,1.0,4.4767239198287495e-64,5.1993107319320465e-67,True,True
0.005623413251903491,10.0,zero,1.0,tree_eta,2.2383619599143747e-62,-1.094268783337248e-06,3.739731944558653e-64,4.5346795516656797e-67,1.0,1.0,4.5059872279383935e-31,3.7252734392199947e-35,2.610797601675168e-26,2.610752538077615e-26,1024,2.610842665272721e-26,1024,2.610752538077615e-26,0.0,0.12320281152964092,7.832266189790668e-32,1.2986766571533385e-16,7.700146102510003e+26,2.875343869512783e-88,5.237068767221307e-46,1.0,2.517446861587833e-64,2.923787287071071e-67,True,True
0.01,10.0,zero,1.0,tree_eta,7.078322021207937e-63,-1.094268783337248e-05,1.1826070783295882e-64,1.4339915842254742e-67,1.0,1.0,2.5339028290496633e-31,3.7252734392199936e-35,1.468159383129799e-25,1.468156848854443e-25,1024,1.4681619174051555e-25,1024,1.468156848854443e-25,0.0,0.21908902300206645,4.404406948410451e-32,1.2986766571533385e-16,7.700146102510003e+26,2.875343869512782e-88,5.237068767221307e-46,1.0,1.4156644042415873e-64,1.6441664175862415e-67,True,True
0.01778279410038923,10.0,zero,1.0,tree_eta,2.2383619599143744e-63,-0.00010942687833372482,3.7397319445586527e-65,4.534679551665679e-68,1.0,1.0,1.4249182747913625e-31,3.7252734392199936e-35,8.25606693099857e-25,8.256065505707768e-25,1024,8.256068356289373e-25,1024,8.256065505707768e-25,0.0,0.3896014985701187,2.4767800400467147e-32,1.2986766571533385e-16,7.700146102510003e+26,2.875343869512782e-88,5.237068767221307e-46,1.0,7.960865971060202e-65,9.245827220989159e-68,True,True
0.03162277660168379,10.0,zero,1.0,tree_eta,7.078322021207938e-64,-0.0010942687833372477,1.1826070783295882e-65,1.4339915842254745e-68,1.0,1.0,8.012904309341207e-32,3.7252734392199936e-35,4.64272761883795e-24,4.642727538671654e-24,1024,4.642727699004246e-24,1024,4.642727538671654e-24,0.0,0.6928203230275508,1.3927957699248756e-32,1.2986766571533385e-16,7.700146102510003e+26,2.875343869512782e-88,5.237068767221307e-46,1.0,4.47672391982875e-65,5.199310731932047e-68,True,True
0.056234132519034905,10.0,zero,1.0,tree_eta,2.238361959914375e-64,-0.010942687833372476,3.739731944558654e-66,4.534679551665681e-69,1.0,1.0,4.505987227938394e-32,3.7252734392199936e-35,2.6107976016751672e-23,2.6107975971654546e-23,1024,2.6107976061848796e-23,1024,2.6107975971654546e-23,0.0,1.2320281152964092,7.83226618979067e-33,1.2986766571533385e-16,7.700146102510003e+26,2.875343869512782e-88,5.237068767221307e-46,1.0,2.5174468615878333e-65,2.9237872870710714e-68,True,True
0.1,10.0,zero,1.0,tree_eta,7.078322021207935e-65,-0.1094268783337248,1.1826070783295878e-66,1.4339915842254743e-69,1.0,1.0,2.5339028290496636e-32,3.7252734392199936e-35,1.4681593831297993e-22,1.4681593828760364e-22,1024,1.4681593833835622e-22,1024,1.4681593828760364e-22,0.0,2.1908902300206647,4.4044069484104505e-33,1.2986766571533385e-16,7.700146102510003e+26,2.875343869512782e-88,5.237068767221307e-46,1.0,1.415664404241587e-65,1.6441664175862415e-68,True,True
0.1778279410038923,10.0,zero,1.0,tree_eta,2.2383619599143746e-65,-1.0942687833372482,3.739731944558653e-67,4.5346795516656794e-70,1.0,1.0,1.4249182747913627e-32,3.7252734392199947e-35,8.256066930998569e-22,8.256066930855704e-22,1024,8.256066931141433e-22,1024,8.256066930855704e-22,0.0,3.8960149857011874,2.4767800400467145e-33,1.2986766571533385e-16,7.700146102510003e+26,2.875343869512783e-88,5.237068767221307e-46,1.0,7.960865971060202e-66,9.245827220989159e-69,True,True
0.31622776601683794,10.0,zero,1.0,tree_eta,7.078322021207937e-66,-10.94268783337248,1.1826070783295882e-67,1.4339915842254742e-70,1.0,1.0,8.012904309341207e-33,3.7252734392199936e-35,4.6427276188379514e-21,4.642727618829902e-21,1024,4.642727618846001e-21,1024,4.642727618829902e-21,0.0,6.928203230275509,1.3927957699248754e-33,1.2986766571533385e-16,7.700146102510003e+26,2.875343869512782e-88,5.237068767221307e-46,1.0,4.47672391982875e-66,5.199310731932047e-69,True,True
0.5623413251903491,10.0,zero,1.0,tree_eta,2.238361959914375e-66,-109.42687833372477,3.7397319445586536e-68,4.534679551665681e-71,1.0,1.0,4.505987227938393e-33,3.7252734392199936e-35,2.6107976016751675e-20,2.610797601674713e-20,1024,2.610797601675622e-20,1024,2.610797601674713e-20,0.0,12.320281152964093,7.832266189790669e-34,1.2986766571533385e-16,7.700146102510003e+26,2.875343869512782e-88,5.237068767221307e-46,1.0,2.5174468615878334e-66,2.9237872870710714e-69,True,True
1.0,10.0,zero,1.0,tree_eta,7.078322021207937e-67,-1094.268783337248,1.1826070783295882e-68,1.4339915842254742e-71,1.0,1.0,2.5339028290496644e-33,3.7252734392199947e-35,1.468159383129799e-19,1.4681593831297733e-19,1024,1.4681593831298249e-19,1024,1.4681593831297733e-19,0.0,21.908902300206645,4.404406948410451e-34,1.2986766571533385e-16,7.700146102510003e+26,2.875343869512783e-88,5.237068767221307e-46,1.0,1.4156644042415875e-66,1.644166417586242e-69,True,True
1.7782794100389228,10.0,zero,1.0,tree_eta,2.238361959914375e-67,-10942.687833372476,3.739731944558654e-69,4.53467955166568e-72,1.0,1.0,1.424918274791363e-33,3.7252734392199947e-35,8.256066930998566e-19,8.256066930998552e-19,1024,8.2560669309985805e-19,1024,8.256066930998552e-19,0.0,38.96014985701187,2.4767800400467145e-34,1.2986766571533385e-16,7.700146102510003e+26,2.8753438695127833e-88,5.237068767221307e-46,1.0,7.960865971060203e-67,9.24582722098916e-70,True,True
3.1622776601683795,10.0,zero,1.0,tree_eta,7.078322021207935e-68,-109426.87833372485,1.182607078329588e-69,1.4339915842254742e-72,1.0,1.0,8.01290430934121e-34,3.7252734392199936e-35,4.6427276188379545e-18,4.642727618837953e-18,1024,4.642727618837955e-18,1024,4.642727618837953e-18,0.0,69.2820323027551,1.3927957699248752e-34,1.2986766571533385e-16,7.700146102510003e+26,2.875343869512782e-88,5.237068767221307e-46,1.0,4.476723919828749e-67,5.1993107319320454e-70,True,True
5.62341325190349,10.0,zero,1.0,tree_eta,2.238361959914375e-68,-1094268.7833372476,3.739731944558653e-70,4.534679551665682e-73,1.0,1.0,4.5059872279383945e-34,3.7252734392199936e-35,2.6107976016751673e-17,2.6107976016751673e-17,1024,2.6107976016751673e-17,1024,2.6107976016751673e-17,0.0,123.20281152964091,7.83226618979067e-35,1.2986766571533385e-16,7.700146102510003e+26,2.8753438695127816e-88,5.237068767221307e-46,1.0,2.517446861587833e-67,2.923787287071071e-70,True,True
10.0,10.0,zero,1.0,tree_eta,7.078322021207937e-69,-10942687.83337248,1.182607078329588e-70,1.4339915842254742e-73,1.0,1.0,2.533902829049664e-34,3.7252734392199936e-35,1.4681593831297994e-16,1.4681593831297994e-16,1024,1.4681593831297994e-16,1024,1.4681593831297994e-16,0.0,219.08902300206645,4.404406948410451e-35,1.2986766571533385e-16,7.700146102510003e+26,2.875343869512782e-88,5.237068767221307e-46,1.0,1.4156644042415874e-67,1.6441664175862416e-70,True,True
17.78279410038923,10.0,zero,1.0,tree_eta,2.2383619599143744e-69,-109426878.33372483,3.739731944558653e-71,4.53467955166568e-74,1.0,1.0,1.4249182747913626e-34,3.7252734392199936e-35,8.256066930998567e-16,8.256066930998567e-16,1024,8.256066930998567e-16,1024,8.256066930998567e-16,0.0,389.6014985701187,2.4767800400467146e-35,1.2986766571533385e-16,7.700146102510003e+26,2.8753438695127816e-88,5.237068767221307e-46,1.0,7.960865971060201e-68,9.245827220989159e-71,True,True
31.622776601683793,10.0,zero,1.0,tree_eta,7.078322021207938e-70,-1094268783.3372478,1.1826070783295883e-71,1.4339915842254744e-74,1.0,1.0,8.012904309341209e-35,3.7252734392199936e-35,4.642727618837952e-15,4.642727618837952e-15,1024,4.642727618837952e-15,1024,4.642727618837952e-15,0.0,692.8203230275509,1.3927957699248754e-35,1.2986766571533385e-16,7.700146102510003e+26,2.875343869512782e-88,5.237068767221307e-46,1.0,4.47672391982875e-68,5.199310731932047e-71,True,True
56.23413251903491,10.0,zero,1.0,tree_eta,2.238361959914375e-70,-10942687833.37248,3.7397319445586533e-72,4.53467955166568e-75,1.0,1.0,4.5059872279383945e-35,3.7252734392199936e-35,2.610797601675168e-14,2.610797601675168e-14,1024,2.610797601675168e-14,1024,2.610797601675168e-14,0.0,1232.0281152964092,7.832266189790669e-36,1.2986766571533385e-16,7.700146102510003e+26,2.875343869512782e-88,5.237068767221307e-46,1.0,2.5174468615878333e-68,2.9237872870710715e-71,True,True
100.0,10.0,zero,1.0,tree_eta,7.078322021207937e-71,-109426878333.7248,1.1826070783295882e-72,1.4339915842254743e-75,1.0,1.0,2.5339028290496643e-35,3.7252734392199936e-35,1.468159383129799e-13,1.468159383129799e-13,1024,1.468159383129799e-13,1024,1.468159383129799e-13,0.0,2190.8902300206646,4.404406948410451e-36,1.2986766571533385e-16,7.700146102510003e+26,2.875343869512782e-88,5.237068767221307e-46,1.0,1.4156644042415873e-68,1.6441664175862418e-71,True,True
177.82794100389228,10.0,zero,1.0,tree_eta,2.2383619599143752e-71,-1094268783337.248,3.7397319445586536e-73,4.5346795516656803e-76,1.0,1.0,1.424918274791363e-35,3.7252734392199947e-35,8.256066930998566e-13,8.256066930998566e-13,1024,8.256066930998566e-13,1024,8.256066930998566e-13,0.0,3896.014985701187,2.4767800400467144e-36,1.2986766571533385e-16,7.700146102510003e+26,2.875343869512783e-88,5.237068767221307e-46,1.0,7.960865971060204e-69,9.24582722098916e-72,True,True
316.2277660168379,10.0,zero,1.0,tree_eta,7.078322021207939e-72,-10942687833372.475,1.1826070783295884e-73,1.4339915842254747e-76,1.0,1.0,8.012904309341208e-36,3.7252734392199947e-35,4.642727618837951e-12,4.642727618837951e-12,1024,4.642727618837951e-12,1024,4.642727618837951e-12,0.0,6928.203230275509,1.3927957699248754e-36,1.2986766571533385e-16,7.700146102510003e+26,2.875343869512783e-88,5.237068767221307e-46,1.0,4.4767239198287503e-69,5.199310731932048e-72,True,True
562.341325190349,10.0,zero,1.0,tree_eta,2.2383619599143748e-72,-109426878333724.77,3.739731944558653e-74,4.5346795516656815e-77,1.0,1.0,4.5059872279383936e-36,3.7252734392199936e-35,2.610797601675168e-11,2.610797601675168e-11,1024,2.610797601675168e-11,1024,2.610797601675168e-11,0.0,12320.281152964091,7.83226618979067e-37,1.2986766571533385e-16,7.700146102510003e+26,2.875343869512782e-88,5.237068767221307e-46,1.0,2.517446861587833e-69,2.923787287071071e-72,True,True
1000.0,10.0,zero,1.0,tree_eta,7.078322021207937e-73,-1094268783337248.0,1.1826070783295882e-74,1.4339915842254744e-77,1.0,1.0,2.5339028290496642e-36,3.7252734392199936e-35,1.468159383129799e-10,1.468159383129799e-10,1024,1.468159383129799e-10,1024,1.468159383129799e-10,0.0,21908.902300206646,4.4044069484104505e-37,1.2986766571533385e-16,7.700146102510003e+26,2.875343869512782e-88,5.237068767221307e-46,1.0,1.4156644042415875e-69,1.644166417586242e-72,True,True
1778.2794100389228,10.0,zero,1.0,tree_eta,2.2383619599143748e-73,-1.094268783337248e+16,3.7397319445586535e-75,4.53467955166568e-78,1.0,1.0,1.424918274791363e-36,3.7252734392199936e-35,8.256066930998568e-10,8.256066930998568e-10,1024,8.256066930998568e-10,1024,8.256066930998568e-10,0.0,38960.14985701187,2.4767800400467144e-37,1.2986766571533385e-16,7.700146102510003e+26,2.875343869512782e-88,5.237068767221307e-46,1.0,7.960865971060203e-70,9.245827220989161e-73,True,True
3162.2776601683795,10.0,zero,1.0,tree_eta,7.078322021207937e-74,-1.0942687833372483e+17,1.1826070783295883e-75,1.4339915842254742e-78,1.0,1.0,8.012904309341209e-37,3.7252734392199947e-35,4.642727618837953e-09,4.642727618837953e-09,1024,4.642727618837953e-09,1024,4.642727618837953e-09,0.0,69282.0323027551,1.392795769924875e-37,1.2986766571533385e-16,7.700146102510003e+26,2.875343869512783e-88,5.237068767221307e-46,1.0,4.47672391982875e-70,5.1993107319320475e-73,True,True
5623.413251903491,10.0,zero,1.0,tree_eta,2.2383619599143743e-74,-1.0942687833372484e+18,3.7397319445586527e-76,4.53467955166568e-79,1.0,1.0,4.505987227938394e-37,3.7252734392199936e-35,2.610797601675168e-08,2.610797601675168e-08,1024,2.610797601675168e-08,1024,2.610797601675168e-08,0.0,123202.81152964092,7.832266189790669e-38,1.2986766571533385e-16,7.700146102510003e+26,2.875343869512782e-88,5.237068767221307e-46,1.0,2.5174468615878326e-70,2.9237872870710704e-73,True,True
10000.0,10.0,zero,1.0,tree_eta,7.078322021207937e-75,-1.094268783337248e+19,1.1826070783295881e-76,1.433991584225474e-79,1.0,1.0,2.5339028290496638e-37,3.7252734392199936e-35,1.468159383129799e-07,1.468159383129799e-07,1024,1.468159383129799e-07,1024,1.468159383129799e-07,0.0,219089.02300206645,4.4044069484104513e-38,1.2986766571533385e-16,7.700146102510003e+26,2.875343869512782e-88,5.237068767221307e-46,1.0,1.4156644042415874e-70,1.6441664175862418e-73,True,True
17782.794100389227,10.0,zero,1.0,tree_eta,2.238361959914375e-75,-1.0942687833372475e+20,3.7397319445586536e-77,4.534679551665681e-80,1.0,1.0,1.4249182747913632e-37,3.7252734392199936e-35,8.256066930998566e-07,8.256066930998566e-07,1024,8.256066930998566e-07,1024,8.256066930998566e-07,0.0,389601.4985701187,2.476780040046715e-38,1.2986766571533385e-16,7.700146102510003e+26,2.875343869512782e-88,5.237068767221307e-46,1.0,7.960865971060203e-71,9.24582722098916e-74,True,True
31622.776601683792,10.0,zero,1.0,tree_eta,7.078322021207937e-76,-1.0942687833372477e+21,1.182607078329588e-77,1.433991584225474e-80,1.0,1.0,8.012904309341209e-38,3.7252734392199936e-35,4.6427276188379515e-06,4.6427276188379515e-06,1024,4.6427276188379515e-06,1024,4.6427276188379515e-06,0.0,692820.3230275508,1.3927957699248754e-38,1.2986766571533385e-16,7.700146102510003e+26,2.875343869512782e-88,5.237068767221307e-46,1.0,4.47672391982875e-71,5.199310731932047e-74,True,True
56234.13251903491,10.0,zero,1.0,tree_eta,2.2383619599143746e-76,-1.0942687833372481e+22,3.739731944558653e-78,4.534679551665681e-81,1.0,1.0,4.505987227938394e-38,3.7252734392199936e-35,2.6107976016751685e-05,2.6107976016751685e-05,1024,2.6107976016751685e-05,1024,2.6107976016751685e-05,0.0,1232028.1152964092,7.832266189790669e-39,1.2986766571533385e-16,7.700146102510003e+26,2.875343869512782e-88,5.237068767221307e-46,1.0,2.5174468615878328e-71,2.9237872870710707e-74,True,True
100000.0,10.0,zero,1.0,tree_eta,7.078322021207937e-77,-1.094268783337248e+23,1.182607078329588e-78,1.4339915842254743e-81,1.0,1.0,2.5339028290496643e-38,3.7252734392199947e-35,0.00014681593831297992,0.00014681593831297992,1024,0.00014681593831297992,1024,0.00014681593831297992,0.0,2190890.2300206646,4.404406948410451e-39,1.2986766571533385e-16,7.700146102510003e+26,2.875343869512783e-88,5.237068767221307e-46,1.0,1.4156644042415873e-71,1.6441664175862416e-74,True,True
177827.94100389228,10.0,zero,1.0,tree_eta,2.238361959914375e-77,-1.094268783337248e+24,3.7397319445586536e-79,4.53467955166568e-82,1.0,1.0,1.4249182747913626e-38,3.7252734392199936e-35,0.0008256066930998566,0.0008256066930998566,1024,0.0008256066930998566,1024,0.0008256066930998566,0.0,3896014.985701187,2.4767800400467144e-39,1.2986766571533385e-16,7.700146102510003e+26,2.875343869512782e-88,5.237068767221307e-46,1.0,7.960865971060203e-72,9.245827220989161e-75,True,True
316227.7660168379,10.0,zero,1.0,tree_eta,7.078322021207937e-78,-1.0942687833372475e+25,1.1826070783295882e-79,1.4339915842254747e-82,1.0,1.0,8.012904309341209e-39,3.7252734392199936e-35,0.0046427276188379515,0.0046427276188379515,1024,0.0046427276188379515,1024,0.0046427276188379515,0.0,6928203.230275509,1.3927957699248754e-39,1.2986766571533385e-16,7.700146102510003e+26,2.875343869512782e-88,5.237068767221307e-46,1.0,4.4767239198287496e-72,5.199310731932048e-75,True,True
562341.3251903491,10.0,zero,1.0,tree_eta,2.2383619599143744e-78,-1.0942687833372486e+26,3.7397319445586526e-80,4.5346795516656794e-83,1.0,1.0,4.505987227938393e-39,3.7252734392199936e-35,0.02610797601675169,0.02610797601675169,1024,0.02610797601675169,1024,0.02610797601675169,0.0,12320281.152964093,7.832266189790668e-40,1.2986766571533385e-16,7.700146102510003e+26,2.875343869512782e-88,5.237068767221307e-46,1.0,2.517446861587833e-72,2.923787287071071e-75,True,True
1000000.0,10.0,zero,1.0,tree_eta,7.078322021207937e-79,-1.0942687833372478e+27,1.182607078329588e-80,1.4339915842254744e-83,1.0,1.0,2.5339028290496645e-39,3.7252734392199947e-35,0.14681593831297993,0.14681593831297993,1024,0.14681593831297993,1024,0.14681593831297993,0.0,21908902.300206646,4.4044069484104506e-40,1.2986766571533385e-16,7.700146102510003e+26,2.875343869512783e-88,5.237068767221307e-46,1.0,1.4156644042415874e-72,1.6441664175862418e-75,False,False
1778279.410038923,10.0,zero,1.0,tree_eta,2.2383619599143745e-79,-1.0942687833372484e+28,3.739731944558653e-81,4.534679551665679e-84,1.0,1.0,1.4249182747913625e-39,3.7252734392199947e-35,0.8256066930998567,0.8256066930998567,1024,0.8256066930998567,1024,0.8256066930998567,0.0,38960149.85701187,2.4767800400467144e-40,1.2986766571533385e-16,7.700146102510003e+26,2.875343869512783e-88,5.237068767221307e-46,1.0,7.960865971060202e-73,9.24582722098916e-76,False,False
3162277.660168379,10.0,zero,1.0,tree_eta,7.078322021207939e-80,-1.0942687833372478e+29,1.1826070783295884e-81,1.4339915842254747e-84,1.0,1.0,8.012904309341209e-40,3.7252734392199947e-35,4.6427276188379505,4.6427276188379505,1024,4.6427276188379505,1024,4.6427276188379505,0.0,69282032.30275509,1.3927957699248754e-40,1.2986766571533385e-16,7.700146102510003e+26,2.875343869512783e-88,5.237068767221307e-46,1.0,4.476723919828751e-73,5.199310731932048e-76,False,False
5623413.251903491,10.0,zero,1.0,tree_eta,2.2383619599143742e-80,-1.0942687833372481e+30,3.7397319445586526e-82,4.53467955166568e-85,1.0,1.0,4.505987227938393e-40,3.7252734392199936e-35,26.10797601675168,26.10797601675168,1024,26.10797601675168,1024,26.10797601675168,0.0,123202811.52964093,7.832266189790669e-41,1.2986766571533385e-16,7.700146102510003e+26,2.875343869512782e-88,5.237068767221307e-46,1.0,2.5174468615878326e-73,2.9237872870710704e-76,False,False
10000000.0,10.0,zero,1.0,tree_eta,7.078322021207937e-81,-1.094268783337248e+31,1.1826070783295881e-82,1.4339915842254743e-85,1.0,1.0,2.5339028290496635e-40,3.7252734392199936e-35,146.8159383129799,146.8159383129799,1024,146.8159383129799,1024,146.8159383129799,0.0,219089023.00206643,4.4044069484104515e-41,1.2986766571533385e-16,7.700146102510003e+26,2.875343869512782e-88,5.237068767221307e-46,1.0,1.4156644042415874e-73,1.6441664175862418e-76,False,False
17782794.100389227,10.0,zero,1.0,tree_eta,2.238361959914375e-81,-1.0942687833372478e+32,3.7397319445586536e-83,4.53467955166568e-86,1.0,1.0,1.424918274791363e-40,3.7252734392199947e-35,825.6066930998568,825.6066930998568,1024,825.6066930998568,1024,825.6066930998568,0.0,389601498.5701187,2.4767800400467143e-41,1.2986766571533385e-16,7.700146102510003e+26,2.875343869512783e-88,5.237068767221307e-46,1.0,7.960865971060203e-74,9.245827220989162e-77,False,False
31622776.60168379,10.0,zero,1.0,tree_eta,7.078322021207937e-82,-1.0942687833372477e+33,1.1826070783295882e-83,1.4339915842254745e-86,1.0,1.0,8.012904309341208e-41,3.7252734392199936e-35,4642.727618837951,4642.727618837951,1024,4642.727618837951,1024,4642.727618837951,0.0,692820323.0275508,1.3927957699248755e-41,1.2986766571533385e-16,7.700146102510003e+26,2.875343869512782e-88,5.237068767221307e-46,1.0,4.47672391982875e-74,5.199310731932048e-77,False,False
56234132.51903491,10.0,zero,1.0,tree_eta,2.2383619599143754e-82,-1.094268783337248e+34,3.739731944558654e-84,4.53467955166568e-87,1.0,1.0,4.505987227938395e-41,3.7252734392199947e-35,26107.976016751676,26107.976016751676,1024,26107.976016751676,1024,26107.976016751676,0.0,1232028115.2964091,7.83226618979067e-42,1.2986766571533385e-16,7.700146102510003e+26,2.875343869512783e-88,5.237068767221307e-46,1.0,2.5174468615878338e-74,2.923787287071072e-77,False,False
100000000.0,10.0,zero,1.0,tree_eta,7.078322021207937e-83,-1.094268783337248e+35,1.1826070783295882e-84,1.4339915842254743e-87,1.0,1.0,2.5339028290496637e-41,3.7252734392199936e-35,146815.9383129799,146815.9383129799,1024,146815.9383129799,1024,146815.9383129799,0.0,2190890230.0206647,4.404406948410451e-42,1.2986766571533385e-16,7.700146102510003e+26,2.875343869512782e-88,5.237068767221307e-46,1.0,1.4156644042415875e-74,1.644166417586242e-77,False,False
177827941.00389227,10.0,zero,1.0,tree_eta,2.238361959914375e-83,-1.0942687833372477e+36,3.7397319445586535e-85,4.5346795516656803e-88,1.0,1.0,1.4249182747913631e-41,3.7252734392199936e-35,825606.6930998566,825606.6930998566,1024,825606.6930998566,1024,825606.6930998566,0.0,3896014985.701187,2.4767800400467145e-42,1.2986766571533385e-16,7.700146102510003e+26,2.875343869512782e-88,5.237068767221307e-46,1.0,7.960865971060203e-75,9.24582722098916e-78,False,False
316227766.01683795,10.0,zero,1.0,tree_eta,7.078322021207935e-84,-1.0942687833372482e+37,1.1826070783295879e-85,1.4339915842254742e-88,1.0,1.0,8.012904309341206e-42,3.7252734392199936e-35,4642727.618837953,4642727.618837953,1024,4642727.618837953,1024,4642727.618837953,0.0,6928203230.27551,1.3927957699248752e-42,1.2986766571533385e-16,7.700146102510003e+26,2.875343869512782e-88,5.237068767221307e-46,1.0,4.476723919828748e-75,5.199310731932046e-78,False,False
562341325.1903491,10.0,zero,1.0,tree_eta,2.238361959914374e-84,-1.0942687833372482e+38,3.7397319445586525e-86,4.53467955166568e-89,1.0,1.0,4.5059872279383934e-42,3.7252734392199936e-35,26107976.016751684,26107976.016751684,1024,26107976.016751684,1024,26107976.016751684,0.0,12320281152.964092,7.832266189790668e-43,1.2986766571533385e-16,7.700146102510003e+26,2.8753438695127816e-88,5.237068767221307e-46,1.0,2.5174468615878324e-75,2.92378728707107e-78,False,False
1000000000.0,10.0,zero,1.0,tree_eta,7.078322021207936e-85,-1.0942687833372482e+39,1.1826070783295881e-86,1.4339915842254742e-89,1.0,1.0,2.5339028290496637e-42,3.7252734392199936e-35,146815938.31297988,146815938.31297988,1024,146815938.31297988,1024,146815938.31297988,0.0,21908902300.206646,4.404406948410451e-43,1.2986766571533385e-16,7.700146102510003e+26,2.875343869512782e-88,5.237068767221307e-46,1.0,1.4156644042415874e-75,1.6441664175862416e-78,False,False
1778279410.0389228,10.0,zero,1.0,tree_eta,2.238361959914375e-85,-1.094268783337248e+40,3.739731944558654e-87,4.53467955166568e-90,1.0,1.0,1.4249182747913629e-42,3.7252734392199947e-35,825606693.0998566,825606693.0998566,1024,825606693.0998566,1024,825606693.0998566,0.0,38960149857.01187,2.4767800400467146e-43,1.2986766571533385e-16,7.700146102510003e+26,2.875343869512783e-88,5.237068767221307e-46,1.0,7.960865971060204e-76,9.245827220989163e-79,False,False
3162277660.1683793,10.0,zero,1.0,tree_eta,7.078322021207936e-86,-1.0942687833372482e+41,1.182607078329588e-87,1.4339915842254746e-90,1.0,1.0,8.012904309341208e-43,3.7252734392199936e-35,4642727618.837952,4642727618.837952,1024,4642727618.837952,1024,4642727618.837952,0.0,69282032302.7551,1.3927957699248752e-43,1.2986766571533385e-16,7.700146102510003e+26,2.875343869512782e-88,5.237068767221307e-46,1.0,4.476723919828749e-76,5.199310731932047e-79,False,False
5623413251.903491,10.0,zero,1.0,tree_eta,2.238361959914375e-86,-1.094268783337248e+42,3.7397319445586536e-88,4.5346795516656794e-91,1.0,1.0,4.505987227938394e-43,3.7252734392199947e-35,26107976016.751682,26107976016.751682,1024,26107976016.751682,1024,26107976016.751682,0.0,123202811529.64091,7.83226618979067e-44,1.6000061542920687e-16,7.700146102510003e+26,2.875343869512783e-88,5.237068767221307e-46,1.0,2.5174468615878334e-76,2.9237872870710716e-79,False,False
10000000000.0,10.0,zero,1.0,tree_eta,7.078322021207937e-87,-1.0942687833372481e+43,1.182607078329588e-88,1.4339915842254744e-91,1.0,1.0,2.533902829049664e-43,3.7252734392199947e-35,146815938312.9799,146815938312.9799,1024,146815938312.9799,1024,146815938312.9799,0.0,219089023002.06644,4.4044069484104515e-44,2.8452580001131456e-16,7.700146102510003e+26,2.875343869512783e-88,5.237068767221307e-46,1.0,1.4156644042415874e-76,1.6441664175862418e-79,False,False
17782794100.38923,10.0,zero,1.0,tree_eta,2.238361959914375e-87,-1.0942687833372482e+44,3.739731944558653e-89,4.5346795516656796e-92,1.0,1.0,1.4249182747913626e-43,3.7252734392199947e-35,825606693099.8567,825606693099.8567,1024,825606693099.8567,1024,825606693099.8567,0.0,389601498570.1187,2.4767800400467146e-44,5.05966371784973e-16,7.700146102510003e+26,2.875343869512783e-88,5.237068767221307e-46,1.0,7.960865971060204e-77,9.245827220989161e-80,False,False
31622776601.683792,10.0,zero,1.0,tree_eta,7.078322021207937e-88,-1.0942687833372478e+45,1.1826070783295881e-89,1.4339915842254744e-92,1.0,1.0,8.012904309341208e-44,3.7252734392199936e-35,4642727618837.95,4642727618837.95,1024,4642727618837.95,1024,4642727618837.95,0.0,692820323027.5509,1.3927957699248752e-44,8.99749581117316e-16,7.700146102510003e+26,2.875343869512782e-88,5.237068767221307e-46,1.0,4.47672391982875e-77,5.199310731932047e-80,False,False
56234132519.034904,10.0,zero,1.0,tree_eta,2.238361959914375e-88,-1.0942687833372479e+46,3.7397319445586537e-90,4.534679551665681e-93,1.0,1.0,4.505987227938394e-44,3.7252734392199947e-35,26107976016751.676,26107976016751.676,1024,26107976016751.676,1024,26107976016751.676,0.0,1232028115296.4092,7.83226618979067e-45,1.6000061542920688e-15,7.700146102510003e+26,2.875343869512783e-88,5.237068767221307e-46,1.0,2.517446861587833e-77,2.923787287071071e-80,False,False
100000000000.0,10.0,zero,1.0,tree_eta,7.078322021207937e-89,-1.0942687833372481e+47,1.182607078329588e-90,1.4339915842254744e-93,1.0,1.0,2.5339028290496645e-44,3.7252734392199936e-35,146815938312979.94,146815938312979.94,1024,146815938312979.94,1024,146815938312979.94,0.0,2190890230020.6646,4.404406948410451e-45,2.8452580001131455e-15,7.700146102510003e+26,2.875343869512782e-88,5.237068767221307e-46,1.0,1.4156644042415872e-77,1.6441664175862415e-80,False,False
177827941003.89227,10.0,zero,1.0,tree_eta,2.2383619599143747e-89,-1.0942687833372477e+48,3.739731944558653e-91,4.5346795516656803e-94,1.0,1.0,1.4249182747913627e-44,3.7252734392199936e-35,825606693099856.8,825606693099856.8,1024,825606693099856.8,1024,825606693099856.8,0.0,3896014985701.187,2.4767800400467145e-45,5.05966371784973e-15,7.700146102510003e+26,2.875343869512782e-88,5.237068767221307e-46,1.0,7.960865971060202e-78,9.24582722098916e-81,False,False
316227766016.83795,10.0,zero,1.0,tree_eta,7.078322021207936e-90,-1.0942687833372482e+49,1.182607078329588e-91,1.433991584225474e-94,1.0,1.0,8.012904309341207e-45,3.7252734392199936e-35,4642727618837952.0,4642727618837952.0,1024,4642727618837952.0,1024,4642727618837952.0,0.0,6928203230275.51,1.3927957699248752e-45,8.997495811173162e-15,7.700146102510003e+26,2.875343869512782e-88,5.237068767221307e-46,1.0,4.476723919828749e-78,5.199310731932046e-81,False,False
562341325190.3491,10.0,zero,1.0,tree_eta,2.2383619599143746e-90,-1.0942687833372483e+50,3.7397319445586524e-92,4.5346795516656795e-95,1.0,1.0,4.505987227938395e-45,3.7252734392199936e-35,2.610797601675169e+16,2.610797601675169e+16,1024,2.610797601675169e+16,1024,2.610797601675169e+16,0.0,12320281152964.094,7.832266189790668e-46,1.600006154292069e-14,7.700146102510003e+26,2.875343869512782e-88,5.237068767221307e-46,1.0,2.5174468615878333e-78,2.9237872870710715e-81,False,False
1000000000000.0,10.0,zero,1.0,tree_eta,7.078322021207936e-91,-1.0942687833372481e+51,1.182607078329588e-92,1.4339915842254742e-95,1.0,1.0,2.533902829049664e-45,3.7252734392199936e-35,1.468159383129799e+17,1.468159383129799e+17,1024,1.468159383129799e+17,1024,1.468159383129799e+17,0.0,21908902300206.645,4.404406948410451e-46,2.845258000113146e-14,7.700146102510003e+26,2.875343869512782e-88,5.237068767221307e-46,1.0,1.4156644042415872e-78,1.6441664175862416e-81,False,False
1e-12,10.0,quadrature,1.0,tree_eta,7.078322021207937e-43,-1.0942687833372481e-45,1.1826070783295883e-44,1.4339915842254743e-47,1.0,1.0,8.446342763498878e-22,3.7252734392199936e-35,4.893864610432663e-56,8.446342763498878e-22,1024,8.44634276349925e-22,1024,3.7252734415582773e-35,8.446342763498878e-22,2.1908902300206645e-11,4.404406948410451e-22,1.2986766571533385e-16,7.700146102510003e+26,2.875343869512782e-88,5.237068767221307e-46,1.0,1.4156644042415874e-54,1.6441664175862417e-57,True,True
1.7782794100389228e-12,10.0,quadrature,1.0,tree_eta,2.2383619599143746e-43,-1.0942687833372482e-44,3.7397319445586527e-45,4.5346795516656795e-48,1.0,1.0,4.749727582637875e-22,3.7252734392199936e-35,2.7520223103328555e-55,4.749727582637875e-22,1024,4.749727582638248e-22,1024,3.7252734399594236e-35,4.749727582637875e-22,3.896014985701187e-11,2.4767800400467146e-22,1.2986766571533385e-16,7.700146102510003e+26,2.875343869512782e-88,5.237068767221307e-46,1.0,7.960865971060202e-55,9.245827220989158e-58,True,True
3.1622776601683794e-12,10.0,quadrature,1.0,tree_eta,7.078322021207937e-44,-1.094268783337248e-43,1.1826070783295882e-45,1.4339915842254743e-48,1.0,1.0,2.6709681031137366e-22,3.7252734392199936e-35,1.5475758729459845e-54,2.6709681031137366e-22,1024,2.670968103114109e-22,1024,3.725273439453822e-35,2.6709681031137366e-22,6.92820323027551e-11,1.3927957699248752e-22,1.2986766571533385e-16,7.700146102510003e+26,2.875343869512782e-88,5.237068767221307e-46,1.0,4.4767239198287496e-55,5.199310731932047e-58,True,True
5.6234132519034904e-12,10.0,quadrature,1.0,tree_eta,2.238361959914375e-44,-1.0942687833372476e-42,3.739731944558654e-46,4.534679551665681e-49,1.0,1.0,1.5019957426461309e-22,3.7252734392199936e-35,8.702658672250556e-54,1.5019957426461309e-22,1024,1.5019957426465035e-22,1024,3.725273439293936e-35,1.5019957426461309e-22,1.232028115296409e-10,7.83226618979067e-23,1.2986766571533385e-16,7.700146102510003e+26,2.875343869512782e-88,5.237068767221307e-46,1.0,2.517446861587833e-55,2.9237872870710712e-58,True,True
1e-11,10.0,quadrature,1.0,tree_eta,7.078322021207937e-45,-1.0942687833372476e-41,1.1826070783295883e-46,1.4339915842254743e-49,1.0,1.0,8.446342763498883e-23,3.7252734392199936e-35,4.8938646104326635e-53,8.446342763498883e-23,1024,8.446342763502609e-23,1024,3.725273439243376e-35,8.446342763498883e-23,2.1908902300206645e-10,4.404406948410451e-23,1.2986766571533385e-16,7.700146102510003e+26,2.875343869512782e-88,5.237068767221307e-46,1.0,1.4156644042415875e-55,1.6441664175862417e-58,True,True
1.7782794100389227e-11,10.0,quadrature,1.0,tree_eta,2.2383619599143752e-45,-1.0942687833372476e-40,3.739731944558654e-47,4.534679551665681e-50,1.0,1.0,4.7497275826378766e-23,3.7252734392199936e-35,2.7520223103328547e-52,4.7497275826378766e-23,1024,4.749727582641602e-23,1024,3.725273439227388e-35,4.7497275826378766e-23,3.896014985701187e-10,2.4767800400467146e-23,1.2986766571533385e-16,7.700146102510003e+26,2.875343869512782e-88,5.237068767221307e-46,1.0,7.960865971060204e-56,9.245827220989162e-59,True,True
3.1622776601683794e-11,10.0,quadrature,1.0,tree_eta,7.078322021207937e-46,-1.094268783337248e-39,1.1826070783295883e-47,1.4339915842254742e-50,1.0,1.0,2.670968103113736e-23,3.7252734392199936e-35,1.5475758729459843e-51,2.670968103113736e-23,1024,2.6709681031174614e-23,1024,3.725273439222332e-35,2.670968103113736e-23,6.928203230275509e-10,1.3927957699248753e-23,1.2986766571533385e-16,7.700146102510003e+26,2.875343869512782e-88,5.237068767221307e-46,1.0,4.47672391982875e-56,5.199310731932047e-59,True,True
5.6234132519034906e-11,10.0,quadrature,1.0,tree_eta,2.238361959914375e-46,-1.0942687833372479e-38,3.7397319445586534e-48,4.534679551665681e-51,1.0,1.0,1.5019957426461313e-23,3.7252734392199936e-35,8.702658672250558e-51,1.5019957426461313e-23,1024,1.5019957426498564e-23,1024,3.725273439220733e-35,1.5019957426461313e-23,1.2320281152964091e-09,7.83226618979067e-24,1.2986766571533385e-16,7.700146102510003e+26,2.875343869512782e-88,5.237068767221307e-46,1.0,2.5174468615878335e-56,2.9237872870710715e-59,True,True
1e-10,10.0,quadrature,1.0,tree_eta,7.078322021207937e-47,-1.0942687833372481e-37,1.1826070783295881e-48,1.4339915842254742e-51,1.0,1.0,8.446342763498879e-24,3.7252734392199947e-35,4.893864610432665e-50,8.446342763498879e-24,1024,8.446342763536132e-24,1024,3.7252734392202283e-35,8.446342763498879e-24,2.1908902300206647e-09,4.40440694841045e-24,1.2986766571533385e-16,7.700146102510003e+26,2.875343869512783e-88,5.237068767221307e-46,1.0,1.4156644042415874e-56,1.6441664175862415e-59,True,True
1.778279410038923e-10,10.0,quadrature,1.0,tree_eta,2.2383619599143743e-47,-1.0942687833372481e-36,3.739731944558652e-49,4.5346795516656805e-52,1.0,1.0,4.749727582637875e-24,3.7252734392199936e-35,2.752022310332856e-49,4.749727582637875e-24,1024,4.749727582675128e-24,1024,3.7252734392200674e-35,4.749727582637875e-24,3.896014985701188e-09,2.476780040046714e-24,1.2986766571533385e-16,7.700146102510003e+26,2.875343869512782e-88,5.237068767221307e-46,1.0,7.960865971060201e-57,9.245827220989158e-60,True,True
3.1622776601683795e-10,10.0,quadrature,1.0,tree_eta,7.078322021207937e-48,-1.0942687833372483e-35,1.1826070783295881e-49,1.4339915842254742e-52,1.0,1.0,2.6709681031137354e-24,3.7252734392199936e-35,1.547575872945984e-48,2.6709681031137354e-24,1024,2.6709681031509883e-24,1024,3.7252734392200166e-35,2.6709681031137354e-24,6.92820323027551e-09,1.3927957699248752e-24,1.2986766571533385e-16,7.700146102510003e+26,2.875343869512782e-88,5.237068767221307e-46,1.0,4.4767239198287494e-57,5.199310731932047e-60,True,True
5.623413251903491e-10,10.0,quadrature,1.0,tree_eta,2.2383619599143745e-48,-1.094268783337248e-34,3.739731944558653e-50,4.53467955166568e-53,1.0,1.0,1.5019957426461311e-24,3.7252734392199936e-35,8.702658672250561e-48,1.5019957426461311e-24,1024,1.5019957426833838e-24,1024,3.7252734392200006e-35,1.5019957426461311e-24,1.2320281152964092e-08,7.832266189790669e-25,1.2986766571533385e-16,7.700146102510003e+26,2.875343869512782e-88,5.237068767221307e-46,1.0,2.5174468615878328e-57,2.923787287071071e-60,True,True
1e-09,10.0,quadrature,1.0,tree_eta,7.078322021207935e-49,-1.0942687833372483e-33,1.182607078329588e-50,1.433991584225474e-53,1.0,1.0,8.446342763498877e-25,3.7252734392199936e-35,4.893864610432664e-47,8.446342763498877e-25,1024,8.446342763871404e-25,1024,3.725273439219996e-35,8.446342763498877e-25,2.1908902300206644e-08,4.404406948410451e-25,1.2986766571533385e-16,7.700146102510003e+26,2.8753438695127816e-88,5.237068767221307e-46,1.0,1.4156644042415872e-57,1.6441664175862416e-60,True,True
1.7782794100389228e-09,10.0,quadrature,1.0,tree_eta,2.238361959914375e-49,-1.0942687833372479e-32,3.7397319445586534e-51,4.534679551665681e-54,1.0,1.0,4.749727582637876e-25,3.7252734392199947e-35,2.752022310332856e-46,4.749727582637876e-25,1024,4.749727583010403e-25,1024,3.725273439219995e-35,4.749727582637876e-25,3.896014985701187e-08,2.476780040046714e-25,1.2986766571533385e-16,7.700146102510003e+26,2.875343869512783e-88,5.237068767221307e-46,1.0,7.960865971060203e-58,9.245827220989161e-61,True,True
3.1622776601683795e-09,10.0,quadrature,1.0,tree_eta,7.078322021207936e-50,-1.0942687833372481e-31,1.182607078329588e-51,1.433991584225474e-54,1.0,1.0,2.6709681031137363e-25,3.7252734392199936e-35,1.5475758729459845e-45,2.6709681031137363e-25,1024,2.6709681034862637e-25,1024,3.7252734392199936e-35,2.6709681031137363e-25,6.92820323027551e-08,1.3927957699248751e-25,1.2986766571533385e-16,7.700146102510003e+26,2.875343869512782e-88,5.237068767221307e-46,1.0,4.476723919828749e-58,5.199310731932046e-61,True,True
5.623413251903491e-09,10.0,quadrature,1.0,tree_eta,2.238361959914375e-50,-1.094268783337248e-30,3.739731944558654e-52,4.5346795516656795e-55,1.0,1.0,1.5019957426461317e-25,3.7252734392199936e-35,8.702658672250563e-45,1.5019957426461317e-25,1024,1.501995743018659e-25,1024,3.7252734392199936e-35,1.5019957426461317e-25,1.2320281152964094e-07,7.832266189790668e-26,1.2986766571533385e-16,7.700146102510003e+26,2.875343869512782e-88,5.237068767221307e-46,1.0,2.5174468615878333e-58,2.9237872870710714e-61,True,True
1e-08,10.0,quadrature,1.0,tree_eta,7.078322021207936e-51,-1.094268783337248e-29,1.1826070783295881e-52,1.433991584225474e-55,1.0,1.0,8.446342763498878e-26,3.7252734392199936e-35,4.893864610432664e-44,8.446342763498878e-26,1024,8.446342767224152e-26,1024,3.7252734392199936e-35,8.446342763498878e-26,2.1908902300206646e-07,4.404406948410451e-26,1.2986766571533385e-16,7.700146102510003e+26,2.875343869512782e-88,5.237068767221307e-46,1.0,1.4156644042415872e-58,1.6441664175862415e-61,True,True
1.7782794100389228e-08,10.0,quadrature,1.0,tree_eta,2.238361959914375e-51,-1.0942687833372482e-28,3.7397319445586534e-53,4.5346795516656795e-56,1.0,1.0,4.7497275826378754e-26,3.7252734392199936e-35,2.7520223103328547e-43,4.7497275826378754e-26,1024,4.749727586363149e-26,1024,3.7252734392199936e-35,4.7497275826378754e-26,3.896014985701187e-07,2.4767800400467146e-26,1.2986766571533385e-16,7.700146102510003e+26,2.875343869512782e-88,5.237068767221307e-46,1.0,7.960865971060203e-59,9.24582722098916e-62,True,True
3.162277660168379e-08,10.0,quadrature,1.0,tree_eta,7.078322021207936e-52,-1.094268783337248e-27,1.182607078329588e-53,1.4339915842254742e-56,1.0,1.0,2.670968103113736e-26,3.7252734392199936e-35,1.547575872945984e-42,2.670968103113736e-26,1024,2.6709681068390095e-26,1024,3.7252734392199936e-35,2.670968103113736e-26,6.928203230275509e-07,1.3927957699248753e-26,1.2986766571533385e-16,7.700146102510003e+26,2.875343869512782e-88,5.237068767221307e-46,1.0,4.476723919828749e-59,5.1993107319320455e-62,True,True
5.6234132519034905e-08,10.0,quadrature,1.0,tree_eta,2.2383619599143747e-52,-1.094268783337248e-26,3.7397319445586526e-54,4.53467955166568e-57,1.0,1.0,1.501995742646131e-26,3.7252734392199936e-35,8.702658672250559e-42,1.5019957426461302e-26,1024,1.5019957463714053e-26,1024,3.7252734392199936e-35,1.5019957426461302e-26,1.232028115296409e-06,7.83226618979067e-27,1.2986766571533385e-16,7.700146102510003e+26,2.875343869512782e-88,5.237068767221307e-46,1.0,2.517446861587833e-59,2.9237872870710708e-62,True,True
1e-07,10.0,quadrature,1.0,tree_eta,7.078322021207937e-53,-1.0942687833372479e-25,1.1826070783295883e-54,1.4339915842254743e-57,1.0,1.0,8.44634276349888e-27,3.7252734392199936e-35,4.893864610432663e-41,8.44634276349883e-27,1024,8.446342800751664e-27,1024,3.7252734392199936e-35,8.44634276349883e-27,2.190890230020664e-06,4.404406948410452e-27,1.2986766571533385e-16,7.700146102510003e+26,2.875343869512782e-88,5.237068767221307e-46,1.0,1.4156644042415873e-59,1.6441664175862416e-62,True,True
1.7782794100389227e-07,10.0,quadrature,1.0,tree_eta,2.2383619599143753e-53,-1.0942687833372476e-24,3.739731944558654e-55,4.5346795516656806e-58,1.0,1.0,4.749727582637876e-27,3.7252734392199947e-35,2.7520223103328547e-40,4.7497275826376006e-27,1024,4.749727619890886e-27,1024,3.7252734392199947e-35,4.7497275826376006e-27,3.896014985701187e-06,2.4767800400467146e-27,1.2986766571533385e-16,7.700146102510003e+26,2.875343869512783e-88,5.237068767221307e-46,1.0,7.960865971060204e-60,9.245827220989161e-63,True,True
3.162277660168379e-07,10.0,quadrature,1.0,tree_eta,7.078322021207937e-54,-1.0942687833372477e-23,1.1826070783295882e-55,1.4339915842254745e-58,1.0,1.0,2.6709681031137364e-27,3.7252734392199936e-35,1.5475758729459838e-39,2.6709681031121892e-27,1024,2.6709681403680183e-27,1024,3.7252734392199936e-35,2.670968103112189e-27,6.9282032302755086e-06,1.3927957699248754e-27,1.2986766571533385e-16,7.700146102510003e+26,2.875343869512782e-88,5.237068767221307e-46,1.0,4.4767239198287496e-60,5.199310731932047e-63,True,True
5.62341325190349e-07,10.0,quadrature,1.0,tree_eta,2.238361959914375e-54,-1.0942687833372477e-22,3.7397319445586532e-56,4.534679551665681e-59,1.0,1.0,1.5019957426461316e-27,3.7252734392199936e-35,8.702658672250559e-39,1.5019957426374294e-27,1024,1.5019957799075686e-27,1024,3.7252734392199936e-35,1.5019957426374289e-27,1.232028115296409e-05,7.83226618979067e-28,1.2986766571533385e-16,7.700146102510003e+26,2.875343869512782e-88,5.237068767221307e-46,1.0,2.517446861587833e-60,2.9237872870710714e-63,True,True
1e-06,10.0,quadrature,1.0,tree_eta,7.078322021207936e-55,-1.0942687833372478e-21,1.182607078329588e-56,1.4339915842254746e-59,1.0,1.0,8.446342763498878e-28,3.725273439219993e-35,4.893864610432663e-38,8.4463427630095e-28,1024,8.446343136515608e-28,1024,3.725273439219993e-35,8.446342763009492e-28,2.1908902300206645e-05,4.404406948410451e-28,1.2986766571533385e-16,7.700146102510003e+26,2.875343869512781e-88,5.237068767221307e-46,1.0,1.415664404241587e-60,1.6441664175862413e-63,True,True
1.7782794100389227e-06,10.0,quadrature,1.0,tree_eta,2.238361959914375e-55,-1.0942687833372478e-20,3.739731944558654e-57,4.5346795516656805e-60,1.0,1.0,4.749727582637877e-28,3.7252734392199947e-35,2.7520223103328557e-37,4.7497275798858695e-28,1024,4.749727957917243e-28,1024,3.7252734392199947e-35,4.749727579885855e-28,3.896014985701187e-05,2.4767800400467144e-28,1.2986766571533385e-16,7.700146102510003e+26,2.875343869512783e-88,5.237068767221307e-46,1.0,7.960865971060204e-61,9.245827220989162e-64,True,True
3.162277660168379e-06,10.0,quadrature,1.0,tree_eta,7.0783220212079365e-56,-1.0942687833372476e-19,1.182607078329588e-57,1.4339915842254743e-60,1.0,1.0,2.6709681031137367e-28,3.7252734392199936e-35,1.5475758729459843e-36,2.6709680876380036e-28,1024,2.6709684911168394e-28,1024,3.7252734392199936e-35,2.6709680876379776e-28,6.92820323027551e-05,1.3927957699248753e-28,1.2986766571533385e-16,7.700146102510003e+26,2.875343869512782e-88,5.237068767221307e-46,1.0,4.476723919828749e-61,5.199310731932046e-64,True,True
5.623413251903491e-06,10.0,quadrature,1.0,tree_eta,2.2383619599143744e-56,-1.0942687833372482e-18,3.739731944558653e-58,4.5346795516656795e-61,1.0,1.0,1.5019957426461313e-28,3.7252734392199936e-35,8.702658672250564e-36,1.5019956556195908e-28,1024,1.5019962022000618e-28,1024,3.7252734392199936e-35,1.5019956556195446e-28,0.00012320281152964092,7.832266189790669e-29,1.2986766571533385e-16,7.700146102510003e+26,2.875343869512782e-88,5.237068767221307e-46,1.0,2.5174468615878327e-61,2.9237872870710705e-64,True,True
9.999999999999999e-06,10.0,quadrature,1.0,tree_eta,7.078322021207938e-57,-1.0942687833372476e-17,1.1826070783295884e-58,1.4339915842254744e-61,1.0,1.0,8.446342763498879e-29,3.7252734392199936e-35,4.893864610432662e-35,8.44633786963509e-29,1024,8.44635138263693e-29,1024,3.7252734392199936e-35,8.446337869634268e-29,0.00021908902300206643,4.4044069484104514e-29,1.2986766571533385e-16,7.700146102510003e+26,2.875343869512782e-88,5.237068767221307e-46,1.0,1.4156644042415874e-61,1.644166417586242e-64,True,True
1.778279410038923e-05,10.0,quadrature,1.0,tree_eta,2.2383619599143747e-57,-1.0942687833372482e-16,3.7397319445586535e-59,4.53467955166568e-62,1.0,1.0,4.749727582637876e-29,3.7252734392199947e-35,2.7520223103328563e-34,4.7497000624162337e-29,1024,4.7497588281344186e-29,1024,3.7252734392199947e-35,4.749700062414773e-29,0.00038960149857011873,2.4767800400467144e-29,1.2986766571533385e-16,7.700146102510003e+26,2.875343869512783e-88,5.237068767221307e-46,1.0,7.960865971060202e-62,9.24582722098916e-65,True,True
3.1622776601683795e-05,10.0,quadrature,1.0,tree_eta,7.078322021207936e-58,-1.0942687833372482e-15,1.182607078329588e-59,1.4339915842254741e-62,1.0,1.0,2.670968103113736e-29,3.7252734392199936e-35,1.547575872945984e-33,2.6708133455290395e-29,1024,2.67112658597447e-29,1024,3.7252734392199936e-35,2.6708133455264415e-29,0.0006928203230275509,1.3927957699248753e-29,1.2986766571533385e-16,7.700146102510003e+26,2.875343869512782e-88,5.237068767221307e-46,1.0,4.476723919828749e-62,5.199310731932047e-65,True,True
5.623413251903491e-05,10.0,quadrature,1.0,tree_eta,2.238361959914375e-58,-1.0942687833372479e-14,3.739731944558654e-60,4.5346795516656807e-63,1.0,1.0,1.501995742646131e-29,3.7252734392199936e-35,8.702658672250558e-33,1.5011254767835284e-29,1024,1.5028697337867952e-29,1024,3.7252734392199936e-35,1.501125476778906e-29,0.0012320281152964092,7.832266189790669e-30,1.2986766571533385e-16,7.700146102510003e+26,2.875343869512782e-88,5.237068767221307e-46,1.0,2.5174468615878334e-62,2.9237872870710713e-65,True,True
0.0001,10.0,quadrature,1.0,tree_eta,7.078322021207936e-59,-1.0942687833372483e-13,1.182607078329588e-60,1.433991584225474e-63,1.0,1.0,8.446342763498878e-30,3.7252734392199936e-35,4.893864610432663e-32,8.397404117477181e-30,1024,8.495318662337596e-30,1024,3.7252734392199936e-35,8.397404117394551e-30,0.0021908902300206644,4.404406948410451e-30,1.2986766571533385e-16,7.700146102510003e+26,2.875343869512782e-88,5.237068767221307e-46,1.0,1.4156644042415873e-62,1.6441664175862417e-65,True,True
0.00017782794100389227,10.0,quadrature,1.0,tree_eta,2.2383619599143752e-59,-1.0942687833372475e-12,3.739731944558654e-61,4.5346795516656805e-64,1.0,1.0,4.749727582637877e-30,3.7252734392199947e-35,2.7520223103328555e-31,4.4745253517596654e-30,1024,5.024967066405554e-30,1024,3.7252734392199947e-35,4.4745253516045914e-30,0.003896014985701187,2.4767800400467147e-30,1.2986766571533385e-16,7.700146102510003e+26,2.875343869512783e-88,5.237068767221307e-46,1.0,7.960865971060204e-63,9.245827220989162e-66,True,True
0.00031622776601683794,10.0,quadrature,1.0,tree_eta,7.078322021207937e-60,-1.0942687833372481e-11,1.1826070783295882e-61,1.4339915842254741e-64,1.0,1.0,2.670968103113736e-30,3.7252734392199936e-35,1.547575872945984e-30,1.1233922307854196e-30,1024,4.2185812287941124e-30,1024,3.7252734392199936e-35,1.1233922301677517e-30,0.0069282032302755096,1.3927957699248753e-30,1.2986766571533385e-16,7.700146102510003e+26,2.875343869512782e-88,5.237068767221307e-46,1.0,4.4767239198287494e-63,5.199310731932047e-66,True,True
0.0005623413251903491,10.0,quadrature,1.0,tree_eta,2.2383619599143748e-60,-1.0942687833372481e-10,3.7397319445586533e-62,4.53467955166568e-65,1.0,1.0,1.5019957426461312e-30,3.7252734392199936e-35,8.702658672250561e-30,7.200662929700793e-30,1024,1.0204691667631085e-29,1024,3.7252734392199936e-35,7.20066292960443e-30,0.012320281152964092,7.832266189790669e-31,1.2986766571533385e-16,7.700146102510003e+26,2.875343869512782e-88,5.237068767221307e-46,1.0,2.5174468615878334e-63,2.9237872870710713e-66,True,True
0.001,10.0,quadrature,1.0,tree_eta,7.078322021207937e-61,-1.0942687833372483e-09,1.182607078329588e-62,1.4339915842254742e-65,1.0,1.0,8.44634276349888e-31,3.7252734392199936e-35,4.8938646104326625e-29,4.8094011827991166e-29,1024,4.9783317633410904e-29,1024,3.7252734392199936e-35,4.809401182797674e-29,0.021908902300206645,4.404406948410451e-31,1.2986766571533385e-16,7.700146102510003e+26,2.875343869512782e-88,5.237068767221307e-46,1.0,1.4156644042415875e-63,1.6441664175862418e-66,True,True
0.0017782794100389228,10.0,quadrature,1.0,tree_eta,2.238361959914375e-61,-1.0942687833372478e-08,3.7397319445586535e-63,4.534679551665681e-66,1.0,1.0,4.749727582637878e-31,3.7252734392199947e-35,2.752022310332856e-28,2.7472725827502436e-28,1024,2.756772410442838e-28,1024,3.7252734392199947e-35,2.747272582750218e-28,0.03896014985701187,2.4767800400467145e-31,1.2986766571533385e-16,7.700146102510003e+26,2.875343869512783e-88,5.237068767221307e-46,1.0,7.960865971060203e-64,9.245827220989161e-67,True,True
0.0031622776601683794,10.0,quadrature,1.0,tree_eta,7.078322021207936e-62,-1.094268783337248e-07,1.1826070783295881e-63,1.433991584225474e-66,1.0,1.0,2.670968103113736e-31,3.7252734392199936e-35,1.5475758729459843e-27,1.5473087761356732e-27,1024,1.54784300700903e-27,1024,3.7252734392199936e-35,1.5473087761356728e-27,0.06928203230275509,1.3927957699248754e-31,1.2986766571533385e-16,7.700146102510003e+26,2.875343869512782e-88,5.237068767221307e-46,1.0,4.4767239198287495e-64,5.1993107319320465e-67,True,True
0.005623413251903491,10.0,quadrature,1.0,tree_eta,2.2383619599143747e-62,-1.094268783337248e-06,3.739731944558653e-64,4.5346795516656797e-67,1.0,1.0,1.501995742646131e-31,3.7252734392199947e-35,8.702658672250558e-27,8.702508472676294e-27,1024,8.702808909077557e-27,1024,3.7252734392199947e-35,8.702508472676294e-27,0.12320281152964092,7.832266189790668e-32,1.2986766571533385e-16,7.700146102510003e+26,2.875343869512783e-88,5.237068767221307e-46,1.0,2.517446861587833e-64,2.923787287071071e-67,True,True
0.01,10.0,quadrature,1.0,tree_eta,7.078322021207937e-63,-1.094268783337248e-05,1.1826070783295882e-64,1.4339915842254742e-67,1.0,1.0,8.446342763498879e-32,3.7252734392199936e-35,4.8938646104326646e-26,4.8938561640899004e-26,1024,4.893873060500702e-26,1024,3.7252734392199936e-35,4.8938561640899004e-26,0.21908902300206645,4.404406948410451e-32,1.2986766571533385e-16,7.700146102510003e+26,2.875343869512782e-88,5.237068767221307e-46,1.0,1.4156644042415873e-64,1.6441664175862415e-67,True,True
0.01778279410038923,10.0,quadrature,1.0,tree_eta,2.2383619599143744e-63,-0.00010942687833372482,3.7397319445586527e-65,4.534679551665679e-68,1.0,1.0,4.749727582637875e-32,3.7252734392199936e-35,2.752022310332856e-25,2.7520218353600985e-25,1024,2.752022785678142e-25,1024,3.7252734392199936e-35,2.7520218353600985e-25,0.3896014985701187,2.4767800400467147e-32,1.2986766571533385e-16,7.700146102510003e+26,2.875343869512782e-88,5.237068767221307e-46,1.0,7.960865971060202e-65,9.245827220989159e-68,True,True
0.03162277660168379,10.0,quadrature,1.0,tree_eta,7.078322021207938e-64,-0.0010942687833372477,1.1826070783295882e-65,1.4339915842254745e-68,1.0,1.0,2.6709681031137363e-32,3.7252734392199936e-35,1.5475758729459837e-24,1.5475758462363026e-24,1024,1.5475758996929175e-24,1024,3.7252734392199936e-35,1.5475758462363026e-24,0.6928203230275508,1.3927957699248756e-32,1.2986766571533385e-16,7.700146102510003e+26,2.875343869512782e-88,5.237068767221307e-46,1.0,4.47672391982875e-65,5.199310731932047e-68,True,True
0.056234132519034905,10.0,quadrature,1.0,tree_eta,2.238361959914375e-64,-0.010942687833372476,3.739731944558654e-66,4.534679551665681e-69,1.0,1.0,1.5019957426461313e-32,3.7252734392199936e-35,8.702658672250558e-24,8.702658657230601e-24,1024,8.702658687307768e-24,1024,3.7252734392199936e-35,8.702658657230601e-24,1.2320281152964092,7.83226618979067e-33,1.2986766571533385e-16,7.700146102510003e+26,2.875343869512782e-88,5.237068767221307e-46,1.0,2.5174468615878333e-65,2.9237872870710714e-68,True,True
0.1,10.0,quadrature,1.0,tree_eta,7.078322021207935e-65,-0.1094268783337248,1.1826070783295878e-66,1.4339915842254743e-69,1.0,1.0,8.446342763498877e-33,3.7252734392199936e-35,4.893864610432664e-23,4.8938646095880303e-23,1024,4.893864611281024e-23,1024,3.7252734392199936e-35,4.8938646095880303e-23,2.1908902300206647,4.4044069484104505e-33,1.2986766571533385e-16,7.700146102510003e+26,2.875343869512782e-88,5.237068767221307e-46,1.0,1.415664404241587e-65,1.6441664175862415e-68,True,True
0.1778279410038923,10.0,quadrature,1.0,tree_eta,2.2383619599143746e-65,-1.0942687833372482,3.739731944558653e-67,4.5346795516656794e-70,1.0,1.0,4.749727582637876e-33,3.7252734392199947e-35,2.7520223103328567e-22,2.7520223102853597e-22,1024,2.7520223103807266e-22,1024,3.7252734392199947e-35,2.7520223102853597e-22,3.8960149857011874,2.4767800400467145e-33,1.2986766571533385e-16,7.700146102510003e+26,2.875343869512783e-88,5.237068767221307e-46,1.0,7.960865971060202e-66,9.245827220989159e-69,True,True
0.31622776601683794,10.0,quadrature,1.0,tree_eta,7.078322021207937e-66,-10.94268783337248,1.1826070783295882e-67,1.4339915842254742e-70,1.0,1.0,2.6709681031137363e-33,3.7252734392199936e-35,1.5475758729459842e-21,1.5475758729433133e-21,1024,1.5475758729486924e-21,1024,3.7252734392199936e-35,1.5475758729433133e-21,6.928203230275509,1.3927957699248754e-33,1.2986766571533385e-16,7.700146102510003e+26,2.875343869512782e-88,5.237068767221307e-46,1.0,4.47672391982875e-66,5.199310731932047e-69,True,True
0.5623413251903491,10.0,quadrature,1.0,tree_eta,2.238361959914375e-66,-109.42687833372477,3.7397319445586536e-68,4.534679551665681e-71,1.0,1.0,1.501995742646131e-33,3.7252734392199936e-35,8.702658672250558e-21,8.702658672249056e-21,1024,8.702658672252097e-21,1024,3.7252734392199936e-35,8.702658672249056e-21,12.320281152964093,7.832266189790669e-34,1.2986766571533385e-16,7.700146102510003e+26,2.875343869512782e-88,5.237068767221307e-46,1.0,2.5174468615878334e-66,2.9237872870710714e-69,True,True
1.0,10.0,quadrature,1.0,tree_eta,7.078322021207937e-67,-1094.268783337248,1.1826070783295882e-68,1.4339915842254742e-71,1.0,1.0,8.44634276349888e-34,3.7252734392199947e-35,4.893864610432663e-20,4.893864610432578e-20,1024,4.8938646104327515e-20,1024,3.7252734392199947e-35,4.893864610432578e-20,21.908902300206645,4.404406948410451e-34,1.2986766571533385e-16,7.700146102510003e+26,2.875343869512783e-88,5.237068767221307e-46,1.0,1.4156644042415875e-66,1.644166417586242e-69,True,True
1.7782794100389228,10.0,quadrature,1.0,tree_eta,2.238361959914375e-67,-10942.687833372476,3.739731944558654e-69,4.53467955166568e-72,1.0,1.0,4.749727582637877e-34,3.7252734392199947e-35,2.7520223103328557e-19,2.752022310332851e-19,1024,2.752022310332861e-19,1024,3.7252734392199947e-35,2.752022310332851e-19,38.96014985701187,2.4767800400467145e-34,1.2986766571533385e-16,7.700146102510003e+26,2.8753438695127833e-88,5.237068767221307e-46,1.0,7.960865971060203e-67,9.24582722098916e-70,True,True
3.1622776601683795,10.0,quadrature,1.0,tree_eta,7.078322021207935e-68,-109426.87833372485,1.182607078329588e-69,1.4339915842254742e-72,1.0,1.0,2.670968103113736e-34,3.7252734392199936e-35,1.547575872945985e-18,1.5475758729459847e-18,1024,1.5475758729459853e-18,1024,3.7252734392199936e-35,1.5475758729459847e-18,69.2820323027551,1.3927957699248752e-34,1.2986766571533385e-16,7.700146102510003e+26,2.875343869512782e-88,5.237068767221307e-46,1.0,4.476723919828749e-67,5.1993107319320454e-70,True,True
5.62341325190349,10.0,quadrature,1.0,tree_eta,2.238361959914375e-68,-1094268.7833372476,3.739731944558653e-70,4.534679551665682e-73,1.0,1.0,1.5019957426461312e-34,3.7252734392199936e-35,8.702658672250555e-18,8.702658672250555e-18,1024,8.702658672250555e-18,1024,3.7252734392199936e-35,8.702658672250555e-18,123.20281152964091,7.83226618979067e-35,1.2986766571533385e-16,7.700146102510003e+26,2.8753438695127816e-88,5.237068767221307e-46,1.0,2.517446861587833e-67,2.923787287071071e-70,True,True
10.0,10.0,quadrature,1.0,tree_eta,7.078322021207937e-69,-10942687.83337248,1.182607078329588e-70,1.4339915842254742e-73,1.0,1.0,8.44634276349888e-35,3.7252734392199936e-35,4.8938646104326644e-17,4.8938646104326644e-17,1024,4.8938646104326644e-17,1024,3.7252734392199936e-35,4.8938646104326644e-17,219.08902300206645,4.404406948410451e-35,1.2986766571533385e-16,7.700146102510003e+26,2.875343869512782e-88,5.237068767221307e-46,1.0,1.4156644042415874e-67,1.6441664175862416e-70,True,True
17.78279410038923,10.0,quadrature,1.0,tree_eta,2.2383619599143744e-69,-109426878.33372483,3.739731944558653e-71,4.53467955166568e-74,1.0,1.0,4.749727582637875e-35,3.7252734392199936e-35,2.7520223103328557e-16,2.7520223103328557e-16,1024,2.7520223103328557e-16,1024,3.7252734392199936e-35,2.7520223103328557e-16,389.6014985701187,2.4767800400467146e-35,1.2986766571533385e-16,7.700146102510003e+26,2.8753438695127816e-88,5.237068767221307e-46,1.0,7.960865971060201e-68,9.245827220989159e-71,True,True
31.622776601683793,10.0,quadrature,1.0,tree_eta,7.078322021207938e-70,-1094268783.3372478,1.1826070783295883e-71,1.4339915842254744e-74,1.0,1.0,2.670968103113736e-35,3.7252734392199936e-35,1.5475758729459836e-15,1.5475758729459836e-15,1024,1.5475758729459836e-15,1024,3.7252734392199936e-35,1.5475758729459836e-15,692.8203230275509,1.3927957699248754e-35,1.2986766571533385e-16,7.700146102510003e+26,2.875343869512782e-88,5.237068767221307e-46,1.0,4.47672391982875e-68,5.199310731932047e-71,True,True
56.23413251903491,10.0,quadrature,1.0,tree_eta,2.238361959914375e-70,-10942687833.37248,3.7397319445586533e-72,4.53467955166568e-75,1.0,1.0,1.5019957426461316e-35,3.7252734392199936e-35,8.70265867225056e-15,8.70265867225056e-15,1024,8.70265867225056e-15,1024,3.7252734392199936e-35,8.70265867225056e-15,1232.0281152964092,7.832266189790669e-36,1.2986766571533385e-16,7.700146102510003e+26,2.875343869512782e-88,5.237068767221307e-46,1.0,2.5174468615878333e-68,2.9237872870710715e-71,True,True
100.0,10.0,quadrature,1.0,tree_eta,7.078322021207937e-71,-109426878333.7248,1.1826070783295882e-72,1.4339915842254743e-75,1.0,1.0,8.44634276349888e-36,3.7252734392199936e-35,4.893864610432664e-14,4.893864610432664e-14,1024,4.893864610432664e-14,1024,3.7252734392199936e-35,4.893864610432664e-14,2190.8902300206646,4.404406948410451e-36,1.2986766571533385e-16,7.700146102510003e+26,2.875343869512782e-88,5.237068767221307e-46,1.0,1.4156644042415873e-68,1.6441664175862418e-71,True,True
177.82794100389228,10.0,quadrature,1.0,tree_eta,2.2383619599143752e-71,-1094268783337.248,3.7397319445586536e-73,4.5346795516656803e-76,1.0,1.0,4.7497275826378764e-36,3.7252734392199947e-35,2.7520223103328555e-13,2.7520223103328555e-13,1024,2.7520223103328555e-13,1024,3.7252734392199947e-35,2.7520223103328555e-13,3896.014985701187,2.4767800400467144e-36,1.2986766571533385e-16,7.700146102510003e+26,2.875343869512783e-88,5.237068767221307e-46,1.0,7.960865971060204e-69,9.24582722098916e-72,True,True
316.2277660168379,10.0,quadrature,1.0,tree_eta,7.078322021207939e-72,-10942687833372.475,1.1826070783295884e-73,1.4339915842254747e-76,1.0,1.0,2.6709681031137365e-36,3.7252734392199947e-35,1.5475758729459837e-12,1.5475758729459837e-12,1024,1.5475758729459837e-12,1024,3.7252734392199947e-35,1.5475758729459837e-12,6928.203230275509,1.3927957699248754e-36,1.2986766571533385e-16,7.700146102510003e+26,2.875343869512783e-88,5.237068767221307e-46,1.0,4.4767239198287503e-69,5.199310731932048e-72,True,True
562.341325190349,10.0,quadrature,1.0,tree_eta,2.2383619599143748e-72,-109426878333724.77,3.739731944558653e-74,4.5346795516656815e-77,1.0,1.0,1.5019957426461314e-36,3.7252734392199936e-35,8.70265867225056e-12,8.70265867225056e-12,1024,8.70265867225056e-12,1024,3.725273439219994e-35,8.70265867225056e-12,12320.281152964091,7.83226618979067e-37,1.2986766571533385e-16,7.700146102510003e+26,2.875343869512782e-88,5.237068767221307e-46,1.0,2.517446861587833e-69,2.923787287071071e-72,True,True
1000.0,10.0,quadrature,1.0,tree_eta,7.078322021207937e-73,-1094268783337248.0,1.1826070783295882e-74,1.4339915842254744e-77,1.0,1.0,8.44634276349888e-37,3.7252734392199936e-35,4.893864610432664e-11,4.893864610432664e-11,1024,4.893864610432664e-11,1024,3.7252734392199947e-35,4.893864610432664e-11,21908.902300206646,4.4044069484104505e-37,1.2986766571533385e-16,7.700146102510003e+26,2.875343869512782e-88,5.237068767221307e-46,1.0,1.4156644042415875e-69,1.644166417586242e-72,True,True
1778.2794100389228,10.0,quadrature,1.0,tree_eta,2.2383619599143748e-73,-1.094268783337248e+16,3.7397319445586535e-75,4.53467955166568e-78,1.0,1.0,4.749727582637877e-37,3.7252734392199936e-35,2.752022310332856e-10,2.752022310332856e-10,1024,2.752022310332856e-10,1024,3.7252734392199974e-35,2.752022310332856e-10,38960.14985701187,2.4767800400467144e-37,1.2986766571533385e-16,7.700146102510003e+26,2.875343869512782e-88,5.237068767221307e-46,1.0,7.960865971060203e-70,9.245827220989161e-73,True,True
3162.2776601683795,10.0,quadrature,1.0,tree_eta,7.078322021207937e-74,-1.0942687833372483e+17,1.1826070783295883e-75,1.4339915842254742e-78,1.0,1.0,2.6709681031137362e-37,3.7252734392199947e-35,1.5475758729459843e-09,1.5475758729459843e-09,1024,1.5475758729459843e-09,1024,3.725273439220007e-35,1.5475758729459843e-09,69282.0323027551,1.392795769924875e-37,1.2986766571533385e-16,7.700146102510003e+26,2.875343869512783e-88,5.237068767221307e-46,1.0,4.47672391982875e-70,5.1993107319320475e-73,True,True
5623.413251903491,10.0,quadrature,1.0,tree_eta,2.2383619599143743e-74,-1.0942687833372484e+18,3.7397319445586527e-76,4.53467955166568e-79,1.0,1.0,1.5019957426461312e-37,3.7252734392199936e-35,8.702658672250561e-09,8.702658672250561e-09,1024,8.702658672250561e-09,1024,3.725273439220032e-35,8.702658672250561e-09,123202.81152964092,7.832266189790669e-38,1.2986766571533385e-16,7.700146102510003e+26,2.875343869512782e-88,5.237068767221307e-46,1.0,2.5174468615878326e-70,2.9237872870710704e-73,True,True
10000.0,10.0,quadrature,1.0,tree_eta,7.078322021207937e-75,-1.094268783337248e+19,1.1826070783295881e-76,1.433991584225474e-79,1.0,1.0,8.446342763498879e-38,3.7252734392199936e-35,4.893864610432664e-08,4.893864610432664e-08,1024,4.893864610432664e-08,1024,3.7252734392201166e-35,4.893864610432664e-08,219089.02300206645,4.4044069484104513e-38,1.2986766571533385e-16,7.700146102510003e+26,2.875343869512782e-88,5.237068767221307e-46,1.0,1.4156644042415874e-70,1.6441664175862418e-73,True,True
17782.794100389227,10.0,quadrature,1.0,tree_eta,2.238361959914375e-75,-1.0942687833372475e+20,3.7397319445586536e-77,4.534679551665681e-80,1.0,1.0,4.749727582637878e-38,3.7252734392199936e-35,2.752022310332856e-07,2.752022310332856e-07,1024,2.752022310332856e-07,1024,3.725273439220382e-35,2.752022310332856e-07,389601.4985701187,2.476780040046715e-38,1.2986766571533385e-16,7.700146102510003e+26,2.875343869512782e-88,5.237068767221307e-46,1.0,7.960865971060203e-71,9.24582722098916e-74,True,True
31622.776601683792,10.0,quadrature,1.0,tree_eta,7.078322021207937e-76,-1.0942687833372477e+21,1.182607078329588e-77,1.433991584225474e-80,1.0,1.0,2.6709681031137357e-38,3.7252734392199936e-35,1.547575872945984e-06,1.547575872945984e-06,1024,1.547575872945984e-06,1024,3.7252734392212236e-35,1.547575872945984e-06,692820.3230275508,1.3927957699248754e-38,1.2986766571533385e-16,7.700146102510003e+26,2.875343869512782e-88,5.237068767221307e-46,1.0,4.47672391982875e-71,5.199310731932047e-74,True,True
56234.13251903491,10.0,quadrature,1.0,tree_eta,2.2383619599143746e-76,-1.0942687833372481e+22,3.739731944558653e-78,4.534679551665681e-81,1.0,1.0,1.5019957426461312e-38,3.7252734392199936e-35,8.70265867225056e-06,8.70265867225056e-06,1024,8.70265867225056e-06,1024,3.725273439223884e-35,8.70265867225056e-06,1232028.1152964092,7.832266189790669e-39,1.2986766571533385e-16,7.700146102510003e+26,2.875343869512782e-88,5.237068767221307e-46,1.0,2.5174468615878328e-71,2.9237872870710707e-74,True,True
100000.0,10.0,quadrature,1.0,tree_eta,7.078322021207937e-77,-1.094268783337248e+23,1.182607078329588e-78,1.4339915842254743e-81,1.0,1.0,8.446342763498881e-39,3.7252734392199947e-35,4.8938646104326634e-05,4.8938646104326634e-05,1024,4.8938646104326634e-05,1024,3.725273439232298e-35,4.8938646104326634e-05,2190890.2300206646,4.404406948410451e-39,1.2986766571533385e-16,7.700146102510003e+26,2.875343869512783e-88,5.237068767221307e-46,1.0,1.4156644042415873e-71,1.6441664175862416e-74,True,True
177827.94100389228,10.0,quadrature,1.0,tree_eta,2.238361959914375e-77,-1.094268783337248e+24,3.7397319445586536e-79,4.53467955166568e-82,1.0,1.0,4.749727582637874e-39,3.7252734392199936e-35,0.0002752022310332855,0.0002752022310332855,1024,0.0002752022310332855,1024,3.725273439258901e-35,0.0002752022310332855,3896014.985701187,2.4767800400467144e-39,1.2986766571533385e-16,7.700146102510003e+26,2.875343869512782e-88,5.237068767221307e-46,1.0,7.960865971060203e-72,9.245827220989161e-75,True,True
316227.7660168379,10.0,quadrature,1.0,tree_eta,7.078322021207937e-78,-1.0942687833372475e+25,1.1826070783295882e-79,1.4339915842254747e-82,1.0,1.0,2.6709681031137366e-39,3.7252734392199936e-35,0.0015475758729459838,0.0015475758729459838,1024,0.0015475758729459838,1024,3.7252734393430306e-35,0.0015475758729459838,6928203.230275509,1.3927957699248754e-39,1.2986766571533385e-16,7.700146102510003e+26,2.875343869512782e-88,5.237068767221307e-46,1.0,4.4767239198287496e-72,5.199310731932048e-75,True,True
562341.3251903491,10.0,quadrature,1.0,tree_eta,2.2383619599143744e-78,-1.0942687833372486e+26,3.7397319445586526e-80,4.5346795516656794e-83,1.0,1.0,1.501995742646131e-39,3.7252734392199936e-35,0.008702658672250563,0.008702658672250563,1024,0.008702658672250563,1024,3.7252734396090696e-35,0.008702658672250563,12320281.152964093,7.832266189790668e-40,1.2986766571533385e-16,7.700146102510003e+26,2.875343869512782e-88,5.237068767221307e-46,1.0,2.517446861587833e-72,2.923787287071071e-75,True,True
1000000.0,10.0,quadrature,1.0,tree_eta,7.078322021207937e-79,-1.0942687833372478e+27,1.182607078329588e-80,1.4339915842254744e-83,1.0,1.0,8.446342763498882e-40,3.7252734392199947e-35,0.04893864610432664,0.04893864610432664,1024,0.04893864610432664,1024,3.7252734404503624e-35,0.04893864610432664,21908902.300206646,4.4044069484104506e-40,1.2986766571533385e-16,7.700146102510003e+26,2.875343869512783e-88,5.237068767221307e-46,1.0,1.4156644042415874e-72,1.6441664175862418e-75,True,True
1778279.410038923,10.0,quadrature,1.0,tree_eta,2.2383619599143745e-79,-1.0942687833372484e+28,3.739731944558653e-81,4.534679551665679e-84,1.0,1.0,4.749727582637875e-40,3.7252734392199947e-35,0.2752022310332856,0.2752022310332856,1024,0.2752022310332856,1024,3.7252734431107575e-35,0.2752022310332856,38960149.85701187,2.4767800400467144e-40,1.2986766571533385e-16,7.700146102510003e+26,2.875343869512783e-88,5.237068767221307e-46,1.0,7.960865971060202e-73,9.24582722098916e-76,False,False
3162277.660168379,10.0,quadrature,1.0,tree_eta,7.078322021207939e-80,-1.0942687833372478e+29,1.1826070783295884e-81,1.4339915842254747e-84,1.0,1.0,2.6709681031137363e-40,3.7252734392199947e-35,1.5475758729459834,1.5475758729459834,1024,1.5475758729459834,1024,3.725273451523668e-35,1.5475758729459834,69282032.30275509,1.3927957699248754e-40,1.2986766571533385e-16,7.700146102510003e+26,2.875343869512783e-88,5.237068767221307e-46,1.0,4.476723919828751e-73,5.199310731932048e-76,False,False
5623413.251903491,10.0,quadrature,1.0,tree_eta,2.2383619599143742e-80,-1.0942687833372481e+30,3.7397319445586526e-82,4.53467955166568e-85,1.0,1.0,1.5019957426461312e-40,3.7252734392199936e-35,8.70265867225056,8.70265867225056,1024,8.70265867225056,1024,3.725273478127627e-35,8.70265867225056,123202811.52964093,7.832266189790669e-41,1.2986766571533385e-16,7.700146102510003e+26,2.875343869512782e-88,5.237068767221307e-46,1.0,2.5174468615878326e-73,2.9237872870710704e-76,False,False
10000000.0,10.0,quadrature,1.0,tree_eta,7.078322021207937e-81,-1.094268783337248e+31,1.1826070783295881e-82,1.4339915842254743e-85,1.0,1.0,8.446342763498878e-41,3.7252734392199936e-35,48.93864610432663,48.93864610432663,1024,48.93864610432663,1024,3.7252735622567346e-35,48.93864610432663,219089023.00206643,4.4044069484104515e-41,1.2986766571533385e-16,7.700146102510003e+26,2.875343869512782e-88,5.237068767221307e-46,1.0,1.4156644042415874e-73,1.6441664175862418e-76,False,False
17782794.100389227,10.0,quadrature,1.0,tree_eta,2.238361959914375e-81,-1.0942687833372478e+32,3.7397319445586536e-83,4.53467955166568e-86,1.0,1.0,4.749727582637876e-41,3.7252734392199947e-35,275.2022310332855,275.2022310332855,1024,275.2022310332855,1024,3.725273828296333e-35,275.2022310332855,389601498.5701187,2.4767800400467143e-41,1.2986766571533385e-16,7.700146102510003e+26,2.875343869512783e-88,5.237068767221307e-46,1.0,7.960865971060203e-74,9.245827220989162e-77,False,False
31622776.60168379,10.0,quadrature,1.0,tree_eta,7.078322021207937e-82,-1.0942687833372477e+33,1.1826070783295882e-83,1.4339915842254745e-86,1.0,1.0,2.6709681031137364e-41,3.7252734392199936e-35,1547.5758729459835,1547.5758729459835,1024,1547.5758729459835,1024,3.725274669587406e-35,1547.5758729459835,692820323.0275508,1.3927957699248755e-41,1.2986766571533385e-16,7.700146102510003e+26,2.875343869512782e-88,5.237068767221307e-46,1.0,4.47672391982875e-74,5.199310731932048e-77,False,False
56234132.51903491,10.0,quadrature,1.0,tree_eta,2.2383619599143754e-82,-1.094268783337248e+34,3.739731944558654e-84,4.53467955166568e-87,1.0,1.0,1.5019957426461315e-41,3.7252734392199947e-35,8702.658672250558,8702.658672250558,1024,8702.658672250558,1024,3.7252773299833777e-35,8702.658672250558,1232028115.2964091,7.83226618979067e-42,1.2986766571533385e-16,7.700146102510003e+26,2.875343869512783e-88,5.237068767221307e-46,1.0,2.5174468615878338e-74,2.923787287071072e-77,False,False
100000000.0,10.0,quadrature,1.0,tree_eta,7.078322021207937e-83,-1.094268783337248e+35,1.1826070783295882e-84,1.4339915842254743e-87,1.0,1.0,8.44634276349888e-42,3.7252734392199936e-35,48938.64610432663,48938.64610432663,1024,48938.64610432663,1024,3.7252857428941197e-35,48938.64610432663,2190890230.0206647,4.404406948410451e-42,1.2986766571533385e-16,7.700146102510003e+26,2.875343869512782e-88,5.237068767221307e-46,1.0,1.4156644042415875e-74,1.644166417586242e-77,False,False
177827941.00389227,10.0,quadrature,1.0,tree_eta,2.238361959914375e-83,-1.0942687833372477e+36,3.7397319445586535e-85,4.5346795516656803e-88,1.0,1.0,4.749727582637876e-42,3.7252734392199936e-35,275202.2310332855,275202.2310332855,1024,275202.2310332855,1024,3.725312346853821e-35,275202.2310332855,3896014985.701187,2.4767800400467145e-42,1.2986766571533385e-16,7.700146102510003e+26,2.875343869512782e-88,5.237068767221307e-46,1.0,7.960865971060203e-75,9.24582722098916e-78,False,False
316227766.01683795,10.0,quadrature,1.0,tree_eta,7.078322021207935e-84,-1.0942687833372482e+37,1.1826070783295879e-85,1.4339915842254742e-88,1.0,1.0,2.670968103113735e-42,3.7252734392199936e-35,1547575.8729459841,1547575.8729459841,1024,1547575.8729459841,1024,3.725396475961258e-35,1547575.8729459841,6928203230.27551,1.3927957699248752e-42,1.2986766571533385e-16,7.700146102510003e+26,2.875343869512782e-88,5.237068767221307e-46,1.0,4.476723919828748e-75,5.199310731932046e-78,False,False
562341325.1903491,10.0,quadrature,1.0,tree_eta,2.238361959914374e-84,-1.0942687833372482e+38,3.7397319445586525e-86,4.53467955166568e-89,1.0,1.0,1.501995742646131e-42,3.7252734392199936e-35,8702658.672250561,8702658.672250561,1024,8702658.672250561,1024,3.725662515558274e-35,8702658.672250561,12320281152.964092,7.832266189790668e-43,1.2986766571533385e-16,7.700146102510003e+26,2.8753438695127816e-88,5.237068767221307e-46,1.0,2.5174468615878324e-75,2.92378728707107e-78,False,False
1000000000.0,10.0,quadrature,1.0,tree_eta,7.078322021207936e-85,-1.0942687833372482e+39,1.1826070783295881e-86,1.4339915842254742e-89,1.0,1.0,8.446342763498881e-43,3.7252734392199936e-35,48938646.10432664,48938646.10432664,1024,48938646.10432664,1024,3.7265038066326397e-35,48938646.10432664,21908902300.206646,4.404406948410451e-43,1.2986766571533385e-16,7.700146102510003e+26,2.875343869512782e-88,5.237068767221307e-46,1.0,1.4156644042415874e-75,1.6441664175862416e-78,False,False
1778279410.0389228,10.0,quadrature,1.0,tree_eta,2.238361959914375e-85,-1.094268783337248e+40,3.739731944558654e-87,4.53467955166568e-90,1.0,1.0,4.749727582637875e-43,3.7252734392199947e-35,275202231.03328556,275202231.03328556,1024,275202231.03328556,1024,3.7291642026028056e-35,275202231.03328556,38960149857.01187,2.4767800400467146e-43,1.2986766571533385e-16,7.700146102510003e+26,2.875343869512783e-88,5.237068767221307e-46,1.0,7.960865971060204e-76,9.245827220989163e-79,False,False
3162277660.1683793,10.0,quadrature,1.0,tree_eta,7.078322021207936e-86,-1.0942687833372482e+41,1.182607078329588e-87,1.4339915842254746e-90,1.0,1.0,2.6709681031137363e-43,3.7252734392199936e-35,1547575872.9459841,1547575872.9459841,1024,1547575872.9459841,1024,3.7375771133464573e-35,1547575872.9459841,69282032302.7551,1.3927957699248752e-43,1.2986766571533385e-16,7.700146102510003e+26,2.875343869512782e-88,5.237068767221307e-46,1.0,4.476723919828749e-76,5.199310731932047e-79,False,False
5623413251.903491,10.0,quadrature,1.0,tree_eta,2.238361959914375e-86,-1.094268783337248e+42,3.7397319445586536e-88,4.5346795516656794e-91,1.0,1.0,1.5019957426461314e-43,3.7252734392199947e-35,8702658672.25056,8702658672.25056,1024,8702658672.25056,1024,3.764181073048103e-35,8702658672.25056,123202811529.64091,7.83226618979067e-44,1.6000061542920687e-16,7.700146102510003e+26,2.875343869512783e-88,5.237068767221307e-46,1.0,2.5174468615878334e-76,2.9237872870710716e-79,False,False
10000000000.0,10.0,quadrature,1.0,tree_eta,7.078322021207937e-87,-1.0942687833372481e+43,1.182607078329588e-88,1.4339915842254744e-91,1.0,1.0,8.446342763498879e-44,3.7252734392199947e-35,48938646104.32663,48938646104.32663,1024,48938646104.32663,1024,3.848310180484634e-35,48938646104.32663,219089023002.06644,4.4044069484104515e-44,2.8452580001131456e-16,7.700146102510003e+26,2.875343869512783e-88,5.237068767221307e-46,1.0,1.4156644042415874e-76,1.6441664175862418e-79,False,False
17782794100.38923,10.0,quadrature,1.0,tree_eta,2.238361959914375e-87,-1.0942687833372482e+44,3.739731944558653e-89,4.5346795516656796e-92,1.0,1.0,4.749727582637876e-44,3.7252734392199947e-35,275202231033.2855,275202231033.2855,1024,275202231033.2855,1024,4.1143497775010813e-35,275202231033.2855,389601498570.1187,2.4767800400467146e-44,5.05966371784973e-16,7.700146102510003e+26,2.875343869512783e-88,5.237068767221307e-46,1.0,7.960865971060204e-77,9.245827220989161e-80,False,False
31622776601.683792,10.0,quadrature,1.0,tree_eta,7.078322021207937e-88,-1.0942687833372478e+45,1.1826070783295881e-89,1.4339915842254744e-92,1.0,1.0,2.6709681031137365e-44,3.7252734392199936e-35,1547575872945.9834,1547575872945.9834,1024,1547575872945.9834,1024,4.955640851866388e-35,1547575872945.9834,692820323027.5509,1.3927957699248752e-44,8.99749581117316e-16,7.700146102510003e+26,2.875343869512782e-88,5.237068767221307e-46,1.0,4.47672391982875e-77,5.199310731932047e-80,False,False
56234132519.034904,10.0,quadrature,1.0,tree_eta,2.238361959914375e-88,-1.0942687833372479e+46,3.7397319445586537e-90,4.534679551665681e-93,1.0,1.0,1.5019957426461314e-44,3.7252734392199947e-35,8702658672250.559,8702658672250.559,1024,8702658672250.559,1024,7.616036822030859e-35,8702658672250.559,1232028115296.4092,7.83226618979067e-45,1.6000061542920688e-15,7.700146102510003e+26,2.875343869512783e-88,5.237068767221307e-46,1.0,2.517446861587833e-77,2.923787287071071e-80,False,False
100000000000.0,10.0,quadrature,1.0,tree_eta,7.078322021207937e-89,-1.0942687833372481e+47,1.182607078329588e-90,1.4339915842254744e-93,1.0,1.0,8.446342763498882e-45,3.7252734392199936e-35,48938646104326.65,48938646104326.65,1024,48938646104326.65,1024,1.6028947565683946e-34,48938646104326.65,2190890230020.6646,4.404406948410451e-45,2.8452580001131455e-15,7.700146102510003e+26,2.875343869512782e-88,5.237068767221307e-46,1.0,1.4156644042415872e-77,1.6441664175862415e-80,False,False
177827941003.89227,10.0,quadrature,1.0,tree_eta,2.2383619599143747e-89,-1.0942687833372477e+48,3.739731944558653e-91,4.5346795516656803e-94,1.0,1.0,4.749727582637876e-45,3.7252734392199936e-35,275202231033285.6,275202231033285.6,1024,275202231033285.6,1024,4.263290726732866e-34,275202231033285.6,3896014985701.187,2.4767800400467145e-45,5.05966371784973e-15,7.700146102510003e+26,2.875343869512782e-88,5.237068767221307e-46,1.0,7.960865971060202e-78,9.24582722098916e-81,False,False
316227766016.83795,10.0,quadrature,1.0,tree_eta,7.078322021207936e-90,-1.0942687833372482e+49,1.182607078329588e-91,1.433991584225474e-94,1.0,1.0,2.6709681031137357e-45,3.7252734392199936e-35,1547575872945984.2,1547575872945984.2,1024,1547575872945984.2,1024,1.2676201470385947e-33,1547575872945984.2,6928203230275.51,1.3927957699248752e-45,8.997495811173162e-15,7.700146102510003e+26,2.875343869512782e-88,5.237068767221307e-46,1.0,4.476723919828749e-78,5.199310731932046e-81,False,False
562341325190.3491,10.0,quadrature,1.0,tree_eta,2.2383619599143746e-90,-1.0942687833372483e+50,3.7397319445586524e-92,4.5346795516656795e-95,1.0,1.0,1.5019957426461314e-45,3.7252734392199936e-35,8702658672250562.0,8702658672250562.0,1024,8702658672250562.0,1024,3.928016117203065e-33,8702658672250562.0,12320281152964.094,7.832266189790668e-46,1.600006154292069e-14,7.700146102510003e+26,2.875343869512782e-88,5.237068767221307e-46,1.0,2.5174468615878333e-78,2.9237872870710715e-81,False,False
1000000000000.0,10.0,quadrature,1.0,tree_eta,7.078322021207936e-91,-1.0942687833372481e+51,1.182607078329588e-92,1.4339915842254742e-95,1.0,1.0,8.44634276349888e-46,3.7252734392199936e-35,4.893864610432663e+16,4.893864610432663e+16,1024,4.893864610432663e+16,1024,1.234092686085615e-32,4.893864610432663e+16,21908902300206.645,4.404406948410451e-46,2.845258000113146e-14,7.700146102510003e+26,2.875343869512782e-88,5.237068767221307e-46,1.0,1.4156644042415872e-78,1.6441664175862416e-81,False,False
1e-12,10.0,pi,1.0,tree_eta,7.078322021207937e-43,-1.0942687833372481e-45,1.1826070783295883e-44,1.4339915842254743e-47,1.0,1.0,2.533902829049664e-21,3.7252734392199936e-35,1.468159383129799e-55,2.5339028290496266e-21,1024,2.533902829049701e-21,1024,2.5339028290496266e-21,0.0,2.1908902300206645e-11,4.404406948410451e-22,1.2986766571533385e-16,7.700146102510003e+26,2.875343869512782e-88,5.237068767221307e-46,1.0,1.4156644042415874e-54,1.6441664175862417e-57,True,True
1.7782794100389228e-12,10.0,pi,1.0,tree_eta,2.2383619599143746e-43,-1.0942687833372482e-44,3.7397319445586527e-45,4.5346795516656795e-48,1.0,1.0,1.4249182747913625e-21,3.7252734392199936e-35,8.256066930998565e-55,1.424918274791325e-21,1024,1.4249182747913997e-21,1024,1.424918274791325e-21,0.0,3.896014985701187e-11,2.4767800400467146e-22,1.2986766571533385e-16,7.700146102510003e+26,2.875343869512782e-88,5.237068767221307e-46,1.0,7.960865971060202e-55,9.245827220989158e-58,True,True
3.1622776601683794e-12,10.0,pi,1.0,tree_eta,7.078322021207937e-44,-1.094268783337248e-43,1.1826070783295882e-45,1.4339915842254743e-48,1.0,1.0,8.012904309341209e-22,3.7252734392199936e-35,4.642727618837953e-54,8.012904309340838e-22,1024,8.012904309341582e-22,1024,8.012904309340838e-22,0.0,6.92820323027551e-11,1.3927957699248752e-22,1.2986766571533385e-16,7.700146102510003e+26,2.875343869512782e-88,5.237068767221307e-46,1.0,4.4767239198287496e-55,5.199310731932047e-58,True,True
5.6234132519034904e-12,10.0,pi,1.0,tree_eta,2.238361959914375e-44,-1.0942687833372476e-42,3.739731944558654e-46,4.534679551665681e-49,1.0,1.0,4.505987227938394e-22,3.7252734392199936e-35,2.6107976016751674e-53,4.50598722793802e-22,1024,4.505987227938766e-22,1024,4.50598722793802e-22,0.0,1.232028115296409e-10,7.83226618979067e-23,1.2986766571533385e-16,7.700146102510003e+26,2.875343869512782e-88,5.237068767221307e-46,1.0,2.517446861587833e-55,2.9237872870710712e-58,True,True
1e-11,10.0,pi,1.0,tree_eta,7.078322021207937e-45,-1.0942687833372476e-41,1.1826070783295883e-46,1.4339915842254743e-49,1.0,1.0,2.5339028290496644e-22,3.7252734392199936e-35,1.468159383129799e-52,2.533902829049292e-22,1024,2.533902829050037e-22,1024,2.533902829049292e-22,0.0,2.1908902300206645e-10,4.404406948410451e-23,1.2986766571533385e-16,7.700146102510003e+26,2.875343869512782e-88,5.237068767221307e-46,1.0,1.4156644042415875e-55,1.6441664175862417e-58,True,True
1.7782794100389227e-11,10.0,pi,1.0,tree_eta,2.2383619599143752e-45,-1.0942687833372476e-40,3.739731944558654e-47,4.534679551665681e-50,1.0,1.0,1.4249182747913628e-22,3.7252734392199936e-35,8.256066930998563e-52,1.4249182747909904e-22,1024,1.4249182747917354e-22,1024,1.4249182747909904e-22,0.0,3.896014985701187e-10,2.4767800400467146e-23,1.2986766571533385e-16,7.700146102510003e+26,2.875343869512782e-88,5.237068767221307e-46,1.0,7.960865971060204e-56,9.245827220989162e-59,True,True
3.1622776601683794e-11,10.0,pi,1.0,tree_eta,7.078322021207937e-46,-1.094268783337248e-39,1.1826070783295883e-47,1.4339915842254742e-50,1.0,1.0,8.012904309341209e-23,3.7252734392199936e-35,4.6427276188379536e-51,8.012904309337483e-23,1024,8.012904309344934e-23,1024,8.012904309337483e-23,0.0,6.928203230275509e-10,1.3927957699248753e-23,1.2986766571533385e-16,7.700146102510003e+26,2.875343869512782e-88,5.237068767221307e-46,1.0,4.47672391982875e-56,5.199310731932047e-59,True,True
5.6234132519034906e-11,10.0,pi,1.0,tree_eta,2.238361959914375e-46,-1.0942687833372479e-38,3.7397319445586534e-48,4.534679551665681e-51,1.0,1.0,4.5059872279383935e-23,3.7252734392199936e-35,2.6107976016751677e-50,4.5059872279346684e-23,1024,4.5059872279421187e-23,1024,4.5059872279346684e-23,0.0,1.2320281152964091e-09,7.83226618979067e-24,1.2986766571533385e-16,7.700146102510003e+26,2.875343869512782e-88,5.237068767221307e-46,1.0,2.5174468615878335e-56,2.9237872870710715e-59,True,True
1e-10,10.0,pi,1.0,tree_eta,7.078322021207937e-47,-1.0942687833372481e-37,1.1826070783295881e-48,1.4339915842254742e-51,1.0,1.0,2.533902829049664e-23,3.7252734392199947e-35,1.4681593831297993e-49,2.5339028290459386e-23,1024,2.5339028290533892e-23,1024,2.5339028290459386e-23,0.0,2.1908902300206647e-09,4.40440694841045e-24,1.2986766571533385e-16,7.700146102510003e+26,2.875343869512783e-88,5.237068767221307e-46,1.0,1.4156644042415874e-56,1.6441664175862415e-59,True,True
1.778279410038923e-10,10.0,pi,1.0,tree_eta,2.2383619599143743e-47,-1.0942687833372481e-36,3.739731944558652e-49,4.5346795516656805e-52,1.0,1.0,1.4249182747913624e-23,3.7252734392199936e-35,8.256066930998568e-49,1.4249182747876373e-23,1024,1.4249182747950875e-23,1024,1.4249182747876373e-23,0.0,3.896014985701188e-09,2.476780040046714e-24,1.2986766571533385e-16,7.700146102510003e+26,2.875343869512782e-88,5.237068767221307e-46,1.0,7.960865971060201e-57,9.245827220989158e-60,True,True
3.1622776601683795e-10,10.0,pi,1.0,tree_eta,7.078322021207937e-48,-1.0942687833372483e-35,1.1826070783295881e-49,1.4339915842254742e-52,1.0,1.0,8.012904309341208e-24,3.7252734392199936e-35,4.642727618837953e-48,8.012904309303954e-24,1024,8.012904309378461e-24,1024,8.012904309303954e-24,0.0,6.92820323027551e-09,1.3927957699248752e-24,1.2986766571533385e-16,7.700146102510003e+26,2.875343869512782e-88,5.237068767221307e-46,1.0,4.4767239198287494e-57,5.199310731932047e-60,True,True
5.623413251903491e-10,10.0,pi,1.0,tree_eta,2.2383619599143745e-48,-1.094268783337248e-34,3.739731944558653e-50,4.53467955166568e-53,1.0,1.0,4.505987227938393e-24,3.7252734392199936e-35,2.610797601675168e-47,4.505987227901141e-24,1024,4.505987227975646e-24,1024,4.505987227901141e-24,0.0,1.2320281152964092e-08,7.832266189790669e-25,1.2986766571533385e-16,7.700146102510003e+26,2.875343869512782e-88,5.237068767221307e-46,1.0,2.5174468615878328e-57,2.923787287071071e-60,True,True
1e-09,10.0,pi,1.0,tree_eta,7.078322021207935e-49,-1.0942687833372483e-33,1.182607078329588e-50,1.433991584225474e-53,1.0,1.0,2.533902829049663e-24,3.7252734392199936e-35,1.4681593831297991e-46,2.53390282901241e-24,1024,2.5339028290869157e-24,1024,2.53390282901241e-24,0.0,2.1908902300206644e-08,4.404406948410451e-25,1.2986766571533385e-16,7.700146102510003e+26,2.8753438695127816e-88,5.237068767221307e-46,1.0,1.4156644042415872e-57,1.6441664175862416e-60,True,True
1.7782794100389228e-09,10.0,pi,1.0,tree_eta,2.238361959914375e-49,-1.0942687833372479e-32,3.7397319445586534e-51,4.534679551665681e-54,1.0,1.0,1.4249182747913628e-24,3.7252734392199947e-35,8.256066930998566e-46,1.4249182747541099e-24,1024,1.4249182748286155e-24,1024,1.4249182747541099e-24,0.0,3.896014985701187e-08,2.476780040046714e-25,1.2986766571533385e-16,7.700146102510003e+26,2.875343869512783e-88,5.237068767221307e-46,1.0,7.960865971060203e-58,9.245827220989161e-61,True,True
3.1622776601683795e-09,10.0,pi,1.0,tree_eta,7.078322021207936e-50,-1.0942687833372481e-31,1.182607078329588e-51,1.433991584225474e-54,1.0,1.0,8.012904309341208e-25,3.7252734392199936e-35,4.6427276188379536e-45,8.012904308968681e-25,1024,8.012904309713735e-25,1024,8.012904308968681e-25,0.0,6.92820323027551e-08,1.3927957699248751e-25,1.2986766571533385e-16,7.700146102510003e+26,2.875343869512782e-88,5.237068767221307e-46,1.0,4.476723919828749e-58,5.199310731932046e-61,True,True
5.623413251903491e-09,10.0,pi,1.0,tree_eta,2.238361959914375e-50,-1.094268783337248e-30,3.739731944558654e-52,4.5346795516656795e-55,1.0,1.0,4.505987227938394e-25,3.7252734392199936e-35,2.6107976016751685e-44,4.505987227565867e-25,1024,4.505987228310921e-25,1024,4.505987227565867e-25,0.0,1.2320281152964094e-07,7.832266189790668e-26,1.2986766571533385e-16,7.700146102510003e+26,2.875343869512782e-88,5.237068767221307e-46,1.0,2.5174468615878333e-58,2.9237872870710714e-61,True,True
1e-08,10.0,pi,1.0,tree_eta,7.078322021207936e-51,-1.094268783337248e-29,1.1826070783295881e-52,1.433991584225474e-55,1.0,1.0,2.533902829049664e-25,3.7252734392199936e-35,1.4681593831297992e-43,2.533902828677137e-25,1024,2.5339028294221913e-25,1024,2.533902828677137e-25,0.0,2.1908902300206646e-07,4.404406948410451e-26,1.2986766571533385e-16,7.700146102510003e+26,2.875343869512782e-88,5.237068767221307e-46,1.0,1.4156644042415872e-58,1.6441664175862415e-61,True,True
1.7782794100389228e-08,10.0,pi,1.0,tree_eta,2.238361959914375e-51,-1.0942687833372482e-28,3.7397319445586534e-53,4.5346795516656795e-56,1.0,1.0,1.4249182747913626e-25,3.7252734392199936e-35,8.256066930998565e-43,1.4249182744188352e-25,1024,1.4249182751638899e-25,1024,1.4249182744188352e-25,0.0,3.896014985701187e-07,2.4767800400467146e-26,1.2986766571533385e-16,7.700146102510003e+26,2.875343869512782e-88,5.237068767221307e-46,1.0,7.960865971060203e-59,9.24582722098916e-62,True,True
3.162277660168379e-08,10.0,pi,1.0,tree_eta,7.078322021207936e-52,-1.094268783337248e-27,1.182607078329588e-53,1.4339915842254742e-56,1.0,1.0,8.012904309341208e-26,3.7252734392199936e-35,4.642727618837951e-42,8.012904305615935e-26,1024,8.012904313066482e-26,1024,8.012904305615935e-26,0.0,6.928203230275509e-07,1.3927957699248753e-26,1.2986766571533385e-16,7.700146102510003e+26,2.875343869512782e-88,5.237068767221307e-46,1.0,4.476723919828749e-59,5.1993107319320455e-62,True,True
5.6234132519034905e-08,10.0,pi,1.0,tree_eta,2.2383619599143747e-52,-1.094268783337248e-26,3.7397319445586526e-54,4.53467955166568e-57,1.0,1.0,4.505987227938394e-26,3.7252734392199936e-35,2.6107976016751677e-41,4.505987224213118e-26,1024,4.5059872316636703e-26,1024,4.505987224213118e-26,0.0,1.232028115296409e-06,7.83226618979067e-27,1.2986766571533385e-16,7.700146102510003e+26,2.875343869512782e-88,5.237068767221307e-46,1.0,2.517446861587833e-59,2.9237872870710708e-62,True,True
1e-07,10.0,pi,1.0,tree_eta,7.078322021207937e-53,-1.0942687833372479e-25,1.1826070783295883e-54,1.4339915842254743e-57,1.0,1.0,2.533902829049664e-26,3.7252734392199936e-35,1.4681593831297985e-40,2.5339028253243756e-26,1024,2.5339028327749519e-26,1024,2.5339028253243756e-26,0.0,2.190890230020664e-06,4.404406948410452e-27,1.2986766571533385e-16,7.700146102510003e+26,2.875343869512782e-88,5.237068767221307e-46,1.0,1.4156644042415873e-59,1.6441664175862416e-62,True,True
1.7782794100389227e-07,10.0,pi,1.0,tree_eta,2.2383619599143753e-53,-1.0942687833372476e-24,3.739731944558654e-55,4.5346795516656806e-58,1.0,1.0,1.4249182747913626e-26,3.7252734392199947e-35,8.256066930998565e-40,1.4249182710660067e-26,1024,1.4249182785167186e-26,1024,1.4249182710660067e-26,0.0,3.896014985701187e-06,2.4767800400467146e-27,1.2986766571533385e-16,7.700146102510003e+26,2.875343869512783e-88,5.237068767221307e-46,1.0,7.960865971060204e-60,9.245827220989161e-63,True,True
3.162277660168379e-07,10.0,pi,1.0,tree_eta,7.078322021207937e-54,-1.0942687833372477e-23,1.1826070783295882e-55,1.4339915842254745e-58,1.0,1.0,8.012904309341207e-27,3.7252734392199936e-35,4.642727618837951e-39,8.012904272083831e-27,1024,8.012904346598586e-27,1024,8.012904272083831e-27,0.0,6.9282032302755086e-06,1.3927957699248754e-27,1.2986766571533385e-16,7.700146102510003e+26,2.875343869512782e-88,5.237068767221307e-46,1.0,4.4767239198287496e-60,5.199310731932047e-63,True,True
5.62341325190349e-07,10.0,pi,1.0,tree_eta,2.238361959914375e-54,-1.0942687833372477e-22,3.7397319445586532e-56,4.534679551665681e-59,1.0,1.0,4.505987227938395e-27,3.7252734392199936e-35,2.610797601675167e-38,4.505987190659552e-27,1024,4.5059872652172374e-27,1024,4.505987190659552e-27,0.0,1.232028115296409e-05,7.83226618979067e-28,1.2986766571533385e-16,7.700146102510003e+26,2.875343869512782e-88,5.237068767221307e-46,1.0,2.517446861587833e-60,2.9237872870710714e-63,True,True
1e-06,10.0,pi,1.0,tree_eta,7.078322021207936e-55,-1.0942687833372478e-21,1.182607078329588e-56,1.4339915842254746e-59,1.0,1.0,2.533902829049664e-27,3.725273439219993e-35,1.468159383129799e-37,2.5339027916501134e-27,1024,2.5339028664492142e-27,1024,2.5339027916501134e-27,0.0,2.1908902300206645e-05,4.404406948410451e-28,1.2986766571533385e-16,7.700146102510003e+26,2.875343869512781e-88,5.237068767221307e-46,1.0,1.415664404241587e-60,1.6441664175862413e-63,True,True
1.7782794100389227e-06,10.0,pi,1.0,tree_eta,2.238361959914375e-55,-1.0942687833372478e-20,3.739731944558654e-57,4.5346795516656805e-60,1.0,1.0,1.424918274791363e-27,3.7252734392199947e-35,8.256066930998566e-37,1.4249182367130219e-27,1024,1.424918312869704e-27,1024,1.4249182367130219e-27,0.0,3.896014985701187e-05,2.4767800400467144e-28,1.2986766571533385e-16,7.700146102510003e+26,2.875343869512783e-88,5.237068767221307e-46,1.0,7.960865971060204e-61,9.245827220989162e-64,True,True
3.162277660168379e-06,10.0,pi,1.0,tree_eta,7.0783220212079365e-56,-1.0942687833372476e-19,1.182607078329588e-57,1.4339915842254743e-60,1.0,1.0,8.012904309341208e-28,3.7252734392199936e-35,4.6427276188379515e-36,8.012903890386587e-28,1024,8.012904728295828e-28,1024,8.012903890386587e-28,0.0,6.92820323027551e-05,1.3927957699248753e-28,1.2986766571533385e-16,7.700146102510003e+26,2.875343869512782e-88,5.237068767221307e-46,1.0,4.476723919828749e-61,5.199310731932046e-64,True,True
5.623413251903491e-06,10.0,pi,1.0,tree_eta,2.2383619599143744e-56,-1.0942687833372482e-18,3.739731944558653e-58,4.5346795516656795e-61,1.0,1.0,4.505987227938393e-28,3.7252734392199936e-35,2.610797601675169e-35,4.5059865943312895e-28,1024,4.505987861545497e-28,1024,4.5059865943312895e-28,0.0,0.00012320281152964092,7.832266189790669e-29,1.2986766571533385e-16,7.700146102510003e+26,2.875343869512782e-88,5.237068767221307e-46,1.0,2.5174468615878327e-61,2.9237872870710705e-64,True,True
9.999999999999999e-06,10.0,pi,1.0,tree_eta,7.078322021207938e-57,-1.0942687833372476e-17,1.1826070783295884e-58,1.4339915842254744e-61,1.0,1.0,2.5339028290496637e-28,3.7252734392199936e-35,1.4681593831297986e-34,2.5339009883629367e-28,1024,2.5339046697363907e-28,1024,2.5339009883629367e-28,0.0,0.00021908902300206643,4.4044069484104514e-29,1.2986766571533385e-16,7.700146102510003e+26,2.875343869512782e-88,5.237068767221307e-46,1.0,1.4156644042415874e-61,1.644166417586242e-64,True,True
1.778279410038923e-05,10.0,pi,1.0,tree_eta,2.2383619599143747e-57,-1.0942687833372482e-16,3.7397319445586535e-59,4.53467955166568e-62,1.0,1.0,1.4249182747913627e-28,3.7252734392199947e-35,8.256066930998566e-34,1.4249096461970878e-28,1024,1.4249269033856375e-28,1024,1.4249096461970878e-28,0.0,0.00038960149857011873,2.4767800400467144e-29,1.2986766571533385e-16,7.700146102510003e+26,2.875343869512783e-88,5.237068767221307e-46,1.0,7.960865971060202e-62,9.24582722098916e-65,True,True
3.1622776601683795e-05,10.0,pi,1.0,tree_eta,7.078322021207936e-58,-1.0942687833372482e-15,1.182607078329588e-59,1.4339915842254741e-62,1.0,1.0,8.012904309341209e-29,3.7252734392199936e-35,4.642727618837953e-33,8.012436311305886e-29,1024,8.013372307376533e-29,1024,8.012436311305886e-29,0.0,0.0006928203230275509,1.3927957699248753e-29,1.2986766571533385e-16,7.700146102510003e+26,2.875343869512782e-88,5.237068767221307e-46,1.0,4.476723919828749e-62,5.199310731932047e-65,True,True
5.623413251903491e-05,10.0,pi,1.0,tree_eta,2.238361959914375e-58,-1.0942687833372479e-14,3.739731944558654e-60,4.5346795516656807e-63,1.0,1.0,4.505987227938394e-29,3.7252734392199936e-35,2.6107976016751676e-32,4.503372705063279e-29,1024,4.508601750813508e-29,1024,4.503372705063279e-29,0.0,0.0012320281152964092,7.832266189790669e-30,1.2986766571533385e-16,7.700146102510003e+26,2.875343869512782e-88,5.237068767221307e-46,1.0,2.5174468615878334e-62,2.9237872870710713e-65,True,True
0.0001,10.0,pi,1.0,tree_eta,7.078322021207936e-59,-1.0942687833372483e-13,1.182607078329588e-60,1.433991584225474e-63,1.0,1.0,2.533902829049663e-29,3.7252734392199936e-35,1.4681593831297992e-31,2.5192175099449263e-29,1024,2.5485881481544005e-29,1024,2.5192175099449263e-29,0.0,0.0021908902300206644,4.404406948410451e-30,1.2986766571533385e-16,7.700146102510003e+26,2.875343869512782e-88,5.237068767221307e-46,1.0,1.4156644042415873e-62,1.6441664175862417e-65,True,True
0.00017782794100389227,10.0,pi,1.0,tree_eta,2.2383619599143752e-59,-1.0942687833372475e-12,3.739731944558654e-61,4.5346795516656805e-64,1.0,1.0,1.424918274791363e-29,3.7252734392199947e-35,8.256066930998565e-31,1.342353880207938e-29,1024,1.5074826693747878e-29,1024,1.342353880207938e-29,0.0,0.003896014985701187,2.4767800400467147e-30,1.2986766571533385e-16,7.700146102510003e+26,2.875343869512783e-88,5.237068767221307e-46,1.0,7.960865971060204e-63,9.245827220989162e-66,True,True
0.00031622776601683794,10.0,pi,1.0,tree_eta,7.078322021207937e-60,-1.0942687833372481e-11,1.1826070783295882e-61,1.4339915842254741e-64,1.0,1.0,8.012904309341207e-30,3.7252734392199936e-35,4.642727618837952e-30,3.3701394377688626e-30,1024,1.2655669180913552e-29,1024,3.3701394377688626e-30,0.0,0.0069282032302755096,1.3927957699248753e-30,1.2986766571533385e-16,7.700146102510003e+26,2.875343869512782e-88,5.237068767221307e-46,1.0,4.4767239198287494e-63,5.199310731932047e-66,True,True
0.0005623413251903491,10.0,pi,1.0,tree_eta,2.2383619599143748e-60,-1.0942687833372481e-10,3.7397319445586533e-62,4.53467955166568e-65,1.0,1.0,4.505987227938394e-30,3.7252734392199936e-35,2.610797601675169e-29,2.1602026041547684e-29,1024,3.0614000497424476e-29,1024,2.1602026041547684e-29,0.0,0.012320281152964092,7.832266189790669e-31,1.2986766571533385e-16,7.700146102510003e+26,2.875343869512782e-88,5.237068767221307e-46,1.0,2.5174468615878334e-63,2.9237872870710713e-66,True,True
0.001,10.0,pi,1.0,tree_eta,7.078322021207937e-61,-1.0942687833372483e-09,1.182607078329588e-62,1.4339915842254742e-65,1.0,1.0,2.533902829049664e-30,3.7252734392199936e-35,1.468159383129799e-28,1.4428207273666461e-28,1024,1.4934987839476395e-28,1024,1.4428207273666461e-28,0.0,0.021908902300206645,4.404406948410451e-31,1.2986766571533385e-16,7.700146102510003e+26,2.875343869512782e-88,5.237068767221307e-46,1.0,1.4156644042415875e-63,1.6441664175862418e-66,True,True
0.0017782794100389228,10.0,pi,1.0,tree_eta,2.238361959914375e-61,-1.0942687833372478e-08,3.7397319445586535e-63,4.534679551665681e-66,1.0,1.0,1.4249182747913628e-30,3.7252734392199947e-35,8.256066930998566e-28,8.241818120777995e-28,1024,8.270316486273822e-28,1024,8.241818120777995e-28,0.0,0.03896014985701187,2.4767800400467145e-31,1.2986766571533385e-16,7.700146102510003e+26,2.875343869512783e-88,5.237068767221307e-46,1.0,7.960865971060203e-64,9.245827220989161e-67,True,True
0.0031622776601683794,10.0,pi,1.0,tree_eta,7.078322021207936e-62,-1.094268783337248e-07,1.1826070783295881e-63,1.433991584225474e-66,1.0,1.0,8.012904309341208e-31,3.7252734392199936e-35,4.6427276188379526e-27,4.641926365659753e-27,1024,4.643528946521621e-27,1024,4.641926365659753e-27,0.0,0.06928203230275509,1.3927957699248754e-31,1.2986766571533385e-16,7.700146102510003e+26,2.875343869512782e-88,5.237068767221307e-46,1.0,4.4767239198287495e-64,5.1993107319320465e-67,True,True
0.005623413251903491,10.0,pi,1.0,tree_eta,2.2383619599143747e-62,-1.094268783337248e-06,3.739731944558653e-64,4.5346795516656797e-67,1.0,1.0,4.5059872279383935e-31,3.7252734392199947e-35,2.610797601675168e-26,2.6107525455281625e-26,1024,2.610842665272721e-26,1024,2.6107525455281625e-26,0.0,0.12320281152964092,7.832266189790668e-32,1.2986766571533385e-16,7.700146102510003e+26,2.875343869512783e-88,5.237068767221307e-46,1.0,2.517446861587833e-64,2.923787287071071e-67,True,True
0.01,10.0,pi,1.0,tree_eta,7.078322021207937e-63,-1.094268783337248e-05,1.1826070783295882e-64,1.4339915842254742e-67,1.0,1.0,2.5339028290496633e-31,3.7252734392199936e-35,1.468159383129799e-25,1.4681568495994976e-25,1024,1.4681619174051555e-25,1024,1.4681568495994976e-25,0.0,0.21908902300206645,4.404406948410451e-32,1.2986766571533385e-16,7.700146102510003e+26,2.875343869512782e-88,5.237068767221307e-46,1.0,1.4156644042415873e-64,1.6441664175862415e-67,True,True
0.01778279410038923,10.0,pi,1.0,tree_eta,2.2383619599143744e-63,-0.00010942687833372482,3.7397319445586527e-65,4.534679551665679e-68,1.0,1.0,1.4249182747913625e-31,3.7252734392199936e-35,8.25606693099857e-25,8.256065506452822e-25,1024,8.256068356289373e-25,1024,8.256065506452822e-25,0.0,0.3896014985701187,2.4767800400467147e-32,1.2986766571533385e-16,7.700146102510003e+26,2.875343869512782e-88,5.237068767221307e-46,1.0,7.960865971060202e-65,9.245827220989159e-68,True,True
0.03162277660168379,10.0,pi,1.0,tree_eta,7.078322021207938e-64,-0.0010942687833372477,1.1826070783295882e-65,1.4339915842254745e-68,1.0,1.0,8.012904309341207e-32,3.7252734392199936e-35,4.64272761883795e-24,4.64272753874616e-24,1024,4.642727699004246e-24,1024,4.64272753874616e-24,0.0,0.6928203230275508,1.3927957699248756e-32,1.2986766571533385e-16,7.700146102510003e+26,2.875343869512782e-88,5.237068767221307e-46,1.0,4.47672391982875e-65,5.199310731932047e-68,True,True
0.056234132519034905,10.0,pi,1.0,tree_eta,2.238361959914375e-64,-0.010942687833372476,3.739731944558654e-66,4.534679551665681e-69,1.0,1.0,4.505987227938394e-32,3.7252734392199936e-35,2.6107976016751672e-23,2.610797597172905e-23,1024,2.6107976061848796e-23,1024,2.610797597172905e-23,0.0,1.2320281152964092,7.83226618979067e-33,1.2986766571533385e-16,7.700146102510003e+26,2.875343869512782e-88,5.237068767221307e-46,1.0,2.5174468615878333e-65,2.9237872870710714e-68,True,True
0.1,10.0,pi,1.0,tree_eta,7.078322021207935e-65,-0.1094268783337248,1.1826070783295878e-66,1.4339915842254743e-69,1.0,1.0,2.5339028290496636e-32,3.7252734392199936e-35,1.4681593831297993e-22,1.4681593828767817e-22,1024,1.4681593833835622e-22,1024,1.4681593828767817e-22,0.0,2.1908902300206647,4.4044069484104505e-33,1.2986766571533385e-16,7.700146102510003e+26,2.875343869512782e-88,5.237068767221307e-46,1.0,1.415664404241587e-65,1.6441664175862415e-68,True,True
0.1778279410038923,10.0,pi,1.0,tree_eta,2.2383619599143746e-65,-1.0942687833372482,3.739731944558653e-67,4.5346795516656794e-70,1.0,1.0,1.4249182747913627e-32,3.7252734392199947e-35,8.256066930998569e-22,8.256066930856449e-22,1024,8.256066931141433e-22,1024,8.256066930856449e-22,0.0,3.8960149857011874,2.4767800400467145e-33,1.2986766571533385e-16,7.700146102510003e+26,2.875343869512783e-88,5.237068767221307e-46,1.0,7.960865971060202e-66,9.245827220989159e-69,True,True
0.31622776601683794,10.0,pi,1.0,tree_eta,7.078322021207937e-66,-10.94268783337248,1.1826070783295882e-67,1.4339915842254742e-70,1.0,1.0,8.012904309341207e-33,3.7252734392199936e-35,4.6427276188379514e-21,4.642727618829976e-21,1024,4.642727618846001e-21,1024,4.642727618829976e-21,0.0,6.928203230275509,1.3927957699248754e-33,1.2986766571533385e-16,7.700146102510003e+26,2.875343869512782e-88,5.237068767221307e-46,1.0,4.47672391982875e-66,5.199310731932047e-69,True,True
0.5623413251903491,10.0,pi,1.0,tree_eta,2.238361959914375e-66,-109.42687833372477,3.7397319445586536e-68,4.534679551665681e-71,1.0,1.0,4.505987227938393e-33,3.7252734392199936e-35,2.6107976016751675e-20,2.6107976016747206e-20,1024,2.610797601675622e-20,1024,2.6107976016747206e-20,0.0,12.320281152964093,7.832266189790669e-34,1.2986766571533385e-16,7.700146102510003e+26,2.875343869512782e-88,5.237068767221307e-46,1.0,2.5174468615878334e-66,2.9237872870710714e-69,True,True
1.0,10.0,pi,1.0,tree_eta,7.078322021207937e-67,-1094.268783337248,1.1826070783295882e-68,1.4339915842254742e-71,1.0,1.0,2.5339028290496644e-33,3.7252734392199947e-35,1.468159383129799e-19,1.468159383129774e-19,1024,1.4681593831298249e-19,1024,1.468159383129774e-19,0.0,21.908902300206645,4.404406948410451e-34,1.2986766571533385e-16,7.700146102510003e+26,2.875343869512783e-88,5.237068767221307e-46,1.0,1.4156644042415875e-66,1.644166417586242e-69,True,True
1.7782794100389228,10.0,pi,1.0,tree_eta,2.238361959914375e-67,-10942.687833372476,3.739731944558654e-69,4.53467955166568e-72,1.0,1.0,1.424918274791363e-33,3.7252734392199947e-35,8.256066930998566e-19,8.256066930998552e-19,1024,8.2560669309985805e-19,1024,8.256066930998552e-19,0.0,38.96014985701187,2.4767800400467145e-34,1.2986766571533385e-16,7.700146102510003e+26,2.8753438695127833e-88,5.237068767221307e-46,1.0,7.960865971060203e-67,9.24582722098916e-70,True,True
3.1622776601683795,10.0,pi,1.0,tree_eta,7.078322021207935e-68,-109426.87833372485,1.182607078329588e-69,1.4339915842254742e-72,1.0,1.0,8.01290430934121e-34,3.7252734392199936e-35,4.6427276188379545e-18,4.642727618837953e-18,1024,4.642727618837955e-18,1024,4.642727618837953e-18,0.0,69.2820323027551,1.3927957699248752e-34,1.2986766571533385e-16,7.700146102510003e+26,2.875343869512782e-88,5.237068767221307e-46,1.0,4.476723919828749e-67,5.1993107319320454e-70,True,True
5.62341325190349,10.0,pi,1.0,tree_eta,2.238361959914375e-68,-1094268.7833372476,3.739731944558653e-70,4.534679551665682e-73,1.0,1.0,4.5059872279383945e-34,3.7252734392199936e-35,2.6107976016751673e-17,2.6107976016751673e-17,1024,2.6107976016751673e-17,1024,2.6107976016751673e-17,0.0,123.20281152964091,7.83226618979067e-35,1.2986766571533385e-16,7.700146102510003e+26,2.8753438695127816e-88,5.237068767221307e-46,1.0,2.517446861587833e-67,2.923787287071071e-70,True,True
10.0,10.0,pi,1.0,tree_eta,7.078322021207937e-69,-10942687.83337248,1.182607078329588e-70,1.4339915842254742e-73,1.0,1.0,2.533902829049664e-34,3.7252734392199936e-35,1.4681593831297994e-16,1.4681593831297994e-16,1024,1.4681593831297994e-16,1024,1.4681593831297994e-16,0.0,219.08902300206645,4.404406948410451e-35,1.2986766571533385e-16,7.700146102510003e+26,2.875343869512782e-88,5.237068767221307e-46,1.0,1.4156644042415874e-67,1.6441664175862416e-70,True,True
17.78279410038923,10.0,pi,1.0,tree_eta,2.2383619599143744e-69,-109426878.33372483,3.739731944558653e-71,4.53467955166568e-74,1.0,1.0,1.4249182747913626e-34,3.7252734392199936e-35,8.256066930998567e-16,8.256066930998567e-16,1024,8.256066930998567e-16,1024,8.256066930998567e-16,0.0,389.6014985701187,2.4767800400467146e-35,1.2986766571533385e-16,7.700146102510003e+26,2.8753438695127816e-88,5.237068767221307e-46,1.0,7.960865971060201e-68,9.245827220989159e-71,True,True
31.622776601683793,10.0,pi,1.0,tree_eta,7.078322021207938e-70,-1094268783.3372478,1.1826070783295883e-71,1.4339915842254744e-74,1.0,1.0,8.012904309341209e-35,3.7252734392199936e-35,4.642727618837952e-15,4.642727618837952e-15,1024,4.642727618837952e-15,1024,4.642727618837952e-15,0.0,692.8203230275509,1.3927957699248754e-35,1.2986766571533385e-16,7.700146102510003e+26,2.875343869512782e-88,5.237068767221307e-46,1.0,4.47672391982875e-68,5.199310731932047e-71,True,True
56.23413251903491,10.0,pi,1.0,tree_eta,2.238361959914375e-70,-10942687833.37248,3.7397319445586533e-72,4.53467955166568e-75,1.0,1.0,4.5059872279383945e-35,3.7252734392199936e-35,2.610797601675168e-14,2.610797601675168e-14,1024,2.610797601675168e-14,1024,2.610797601675168e-14,0.0,1232.0281152964092,7.832266189790669e-36,1.2986766571533385e-16,7.700146102510003e+26,2.875343869512782e-88,5.237068767221307e-46,1.0,2.5174468615878333e-68,2.9237872870710715e-71,True,True
100.0,10.0,pi,1.0,tree_eta,7.078322021207937e-71,-109426878333.7248,1.1826070783295882e-72,1.4339915842254743e-75,1.0,1.0,2.5339028290496643e-35,3.7252734392199936e-35,1.468159383129799e-13,1.468159383129799e-13,1024,1.468159383129799e-13,1024,1.468159383129799e-13,0.0,2190.8902300206646,4.404406948410451e-36,1.2986766571533385e-16,7.700146102510003e+26,2.875343869512782e-88,5.237068767221307e-46,1.0,1.4156644042415873e-68,1.6441664175862418e-71,True,True
177.82794100389228,10.0,pi,1.0,tree_eta,2.2383619599143752e-71,-1094268783337.248,3.7397319445586536e-73,4.5346795516656803e-76,1.0,1.0,1.424918274791363e-35,3.7252734392199947e-35,8.256066930998566e-13,8.256066930998566e-13,1024,8.256066930998566e-13,1024,8.256066930998566e-13,0.0,3896.014985701187,2.4767800400467144e-36,1.2986766571533385e-16,7.700146102510003e+26,2.875343869512783e-88,5.237068767221307e-46,1.0,7.960865971060204e-69,9.24582722098916e-72,True,True
316.2277660168379,10.0,pi,1.0,tree_eta,7.078322021207939e-72,-10942687833372.475,1.1826070783295884e-73,1.4339915842254747e-76,1.0,1.0,8.012904309341208e-36,3.7252734392199947e-35,4.642727618837951e-12,4.642727618837951e-12,1024,4.642727618837951e-12,1024,4.642727618837951e-12,0.0,6928.203230275509,1.3927957699248754e-36,1.2986766571533385e-16,7.700146102510003e+26,2.875343869512783e-88,5.237068767221307e-46,1.0,4.4767239198287503e-69,5.199310731932048e-72,True,True
562.341325190349,10.0,pi,1.0,tree_eta,2.2383619599143748e-72,-109426878333724.77,3.739731944558653e-74,4.5346795516656815e-77,1.0,1.0,4.5059872279383936e-36,3.7252734392199936e-35,2.610797601675168e-11,2.610797601675168e-11,1024,2.610797601675168e-11,1024,2.610797601675168e-11,0.0,12320.281152964091,7.83226618979067e-37,1.2986766571533385e-16,7.700146102510003e+26,2.875343869512782e-88,5.237068767221307e-46,1.0,2.517446861587833e-69,2.923787287071071e-72,True,True
1000.0,10.0,pi,1.0,tree_eta,7.078322021207937e-73,-1094268783337248.0,1.1826070783295882e-74,1.4339915842254744e-77,1.0,1.0,2.5339028290496642e-36,3.7252734392199936e-35,1.468159383129799e-10,1.468159383129799e-10,1024,1.468159383129799e-10,1024,1.468159383129799e-10,0.0,21908.902300206646,4.4044069484104505e-37,1.2986766571533385e-16,7.700146102510003e+26,2.875343869512782e-88,5.237068767221307e-46,1.0,1.4156644042415875e-69,1.644166417586242e-72,True,True
1778.2794100389228,10.0,pi,1.0,tree_eta,2.2383619599143748e-73,-1.094268783337248e+16,3.7397319445586535e-75,4.53467955166568e-78,1.0,1.0,1.424918274791363e-36,3.7252734392199936e-35,8.256066930998568e-10,8.256066930998568e-10,1024,8.256066930998568e-10,1024,8.256066930998568e-10,0.0,38960.14985701187,2.4767800400467144e-37,1.2986766571533385e-16,7.700146102510003e+26,2.875343869512782e-88,5.237068767221307e-46,1.0,7.960865971060203e-70,9.245827220989161e-73,True,True
3162.2776601683795,10.0,pi,1.0,tree_eta,7.078322021207937e-74,-1.0942687833372483e+17,1.1826070783295883e-75,1.4339915842254742e-78,1.0,1.0,8.012904309341209e-37,3.7252734392199947e-35,4.642727618837953e-09,4.642727618837953e-09,1024,4.642727618837953e-09,1024,4.642727618837953e-09,0.0,69282.0323027551,1.392795769924875e-37,1.2986766571533385e-16,7.700146102510003e+26,2.875343869512783e-88,5.237068767221307e-46,1.0,4.47672391982875e-70,5.1993107319320475e-73,True,True
5623.413251903491,10.0,pi,1.0,tree_eta,2.2383619599143743e-74,-1.0942687833372484e+18,3.7397319445586527e-76,4.53467955166568e-79,1.0,1.0,4.505987227938394e-37,3.7252734392199936e-35,2.610797601675168e-08,2.610797601675168e-08,1024,2.610797601675168e-08,1024,2.610797601675168e-08,0.0,123202.81152964092,7.832266189790669e-38,1.2986766571533385e-16,7.700146102510003e+26,2.875343869512782e-88,5.237068767221307e-46,1.0,2.5174468615878326e-70,2.9237872870710704e-73,True,True
10000.0,10.0,pi,1.0,tree_eta,7.078322021207937e-75,-1.094268783337248e+19,1.1826070783295881e-76,1.433991584225474e-79,1.0,1.0,2.5339028290496638e-37,3.7252734392199936e-35,1.468159383129799e-07,1.468159383129799e-07,1024,1.468159383129799e-07,1024,1.468159383129799e-07,0.0,219089.02300206645,4.4044069484104513e-38,1.2986766571533385e-16,7.700146102510003e+26,2.875343869512782e-88,5.237068767221307e-46,1.0,1.4156644042415874e-70,1.6441664175862418e-73,True,True
17782.794100389227,10.0,pi,1.0,tree_eta,2.238361959914375e-75,-1.0942687833372475e+20,3.7397319445586536e-77,4.534679551665681e-80,1.0,1.0,1.4249182747913632e-37,3.7252734392199936e-35,8.256066930998566e-07,8.256066930998566e-07,1024,8.256066930998566e-07,1024,8.256066930998566e-07,0.0,389601.4985701187,2.476780040046715e-38,1.2986766571533385e-16,7.700146102510003e+26,2.875343869512782e-88,5.237068767221307e-46,1.0,7.960865971060203e-71,9.24582722098916e-74,True,True
31622.776601683792,10.0,pi,1.0,tree_eta,7.078322021207937e-76,-1.0942687833372477e+21,1.182607078329588e-77,1.433991584225474e-80,1.0,1.0,8.012904309341209e-38,3.7252734392199936e-35,4.6427276188379515e-06,4.6427276188379515e-06,1024,4.6427276188379515e-06,1024,4.6427276188379515e-06,0.0,692820.3230275508,1.3927957699248754e-38,1.2986766571533385e-16,7.700146102510003e+26,2.875343869512782e-88,5.237068767221307e-46,1.0,4.47672391982875e-71,5.199310731932047e-74,True,True
56234.13251903491,10.0,pi,1.0,tree_eta,2.2383619599143746e-76,-1.0942687833372481e+22,3.739731944558653e-78,4.534679551665681e-81,1.0,1.0,4.505987227938394e-38,3.7252734392199936e-35,2.6107976016751685e-05,2.6107976016751685e-05,1024,2.6107976016751685e-05,1024,2.6107976016751685e-05,0.0,1232028.1152964092,7.832266189790669e-39,1.2986766571533385e-16,7.700146102510003e+26,2.875343869512782e-88,5.237068767221307e-46,1.0,2.5174468615878328e-71,2.9237872870710707e-74,True,True
100000.0,10.0,pi,1.0,tree_eta,7.078322021207937e-77,-1.094268783337248e+23,1.182607078329588e-78,1.4339915842254743e-81,1.0,1.0,2.5339028290496643e-38,3.7252734392199947e-35,0.00014681593831297992,0.00014681593831297992,1024,0.00014681593831297992,1024,0.00014681593831297992,0.0,2190890.2300206646,4.404406948410451e-39,1.2986766571533385e-16,7.700146102510003e+26,2.875343869512783e-88,5.237068767221307e-46,1.0,1.4156644042415873e-71,1.6441664175862416e-74,True,True
177827.94100389228,10.0,pi,1.0,tree_eta,2.238361959914375e-77,-1.094268783337248e+24,3.7397319445586536e-79,4.53467955166568e-82,1.0,1.0,1.4249182747913626e-38,3.7252734392199936e-35,0.0008256066930998566,0.0008256066930998566,1024,0.0008256066930998566,1024,0.0008256066930998566,0.0,3896014.985701187,2.4767800400467144e-39,1.2986766571533385e-16,7.700146102510003e+26,2.875343869512782e-88,5.237068767221307e-46,1.0,7.960865971060203e-72,9.245827220989161e-75,True,True
316227.7660168379,10.0,pi,1.0,tree_eta,7.078322021207937e-78,-1.0942687833372475e+25,1.1826070783295882e-79,1.4339915842254747e-82,1.0,1.0,8.012904309341209e-39,3.7252734392199936e-35,0.0046427276188379515,0.0046427276188379515,1024,0.0046427276188379515,1024,0.0046427276188379515,0.0,6928203.230275509,1.3927957699248754e-39,1.2986766571533385e-16,7.700146102510003e+26,2.875343869512782e-88,5.237068767221307e-46,1.0,4.4767239198287496e-72,5.199310731932048e-75,True,True
562341.3251903491,10.0,pi,1.0,tree_eta,2.2383619599143744e-78,-1.0942687833372486e+26,3.7397319445586526e-80,4.5346795516656794e-83,1.0,1.0,4.505987227938393e-39,3.7252734392199936e-35,0.02610797601675169,0.02610797601675169,1024,0.02610797601675169,1024,0.02610797601675169,0.0,12320281.152964093,7.832266189790668e-40,1.2986766571533385e-16,7.700146102510003e+26,2.875343869512782e-88,5.237068767221307e-46,1.0,2.517446861587833e-72,2.923787287071071e-75,True,True
1000000.0,10.0,pi,1.0,tree_eta,7.078322021207937e-79,-1.0942687833372478e+27,1.182607078329588e-80,1.4339915842254744e-83,1.0,1.0,2.5339028290496645e-39,3.7252734392199947e-35,0.14681593831297993,0.14681593831297993,1024,0.14681593831297993,1024,0.14681593831297993,0.0,21908902.300206646,4.4044069484104506e-40,1.2986766571533385e-16,7.700146102510003e+26,2.875343869512783e-88,5.237068767221307e-46,1.0,1.4156644042415874e-72,1.6441664175862418e-75,False,False
1778279.410038923,10.0,pi,1.0,tree_eta,2.2383619599143745e-79,-1.0942687833372484e+28,3.739731944558653e-81,4.534679551665679e-84,1.0,1.0,1.4249182747913625e-39,3.7252734392199947e-35,0.8256066930998567,0.8256066930998567,1024,0.8256066930998567,1024,0.8256066930998567,0.0,38960149.85701187,2.4767800400467144e-40,1.2986766571533385e-16,7.700146102510003e+26,2.875343869512783e-88,5.237068767221307e-46,1.0,7.960865971060202e-73,9.24582722098916e-76,False,False
3162277.660168379,10.0,pi,1.0,tree_eta,7.078322021207939e-80,-1.0942687833372478e+29,1.1826070783295884e-81,1.4339915842254747e-84,1.0,1.0,8.012904309341209e-40,3.7252734392199947e-35,4.6427276188379505,4.6427276188379505,1024,4.6427276188379505,1024,4.6427276188379505,0.0,69282032.30275509,1.3927957699248754e-40,1.2986766571533385e-16,7.700146102510003e+26,2.875343869512783e-88,5.237068767221307e-46,1.0,4.476723919828751e-73,5.199310731932048e-76,False,False
5623413.251903491,10.0,pi,1.0,tree_eta,2.2383619599143742e-80,-1.0942687833372481e+30,3.7397319445586526e-82,4.53467955166568e-85,1.0,1.0,4.505987227938393e-40,3.7252734392199936e-35,26.10797601675168,26.10797601675168,1024,26.10797601675168,1024,26.10797601675168,0.0,123202811.52964093,7.832266189790669e-41,1.2986766571533385e-16,7.700146102510003e+26,2.875343869512782e-88,5.237068767221307e-46,1.0,2.5174468615878326e-73,2.9237872870710704e-76,False,False
10000000.0,10.0,pi,1.0,tree_eta,7.078322021207937e-81,-1.094268783337248e+31,1.1826070783295881e-82,1.4339915842254743e-85,1.0,1.0,2.5339028290496635e-40,3.7252734392199936e-35,146.8159383129799,146.8159383129799,1024,146.8159383129799,1024,146.8159383129799,0.0,219089023.00206643,4.4044069484104515e-41,1.2986766571533385e-16,7.700146102510003e+26,2.875343869512782e-88,5.237068767221307e-46,1.0,1.4156644042415874e-73,1.6441664175862418e-76,False,False
17782794.100389227,10.0,pi,1.0,tree_eta,2.238361959914375e-81,-1.0942687833372478e+32,3.7397319445586536e-83,4.53467955166568e-86,1.0,1.0,1.424918274791363e-40,3.7252734392199947e-35,825.6066930998568,825.6066930998568,1024,825.6066930998568,1024,825.6066930998568,0.0,389601498.5701187,2.4767800400467143e-41,1.2986766571533385e-16,7.700146102510003e+26,2.875343869512783e-88,5.237068767221307e-46,1.0,7.960865971060203e-74,9.245827220989162e-77,False,False
31622776.60168379,10.0,pi,1.0,tree_eta,7.078322021207937e-82,-1.0942687833372477e+33,1.1826070783295882e-83,1.4339915842254745e-86,1.0,1.0,8.012904309341208e-41,3.7252734392199936e-35,4642.727618837951,4642.727618837951,1024,4642.727618837951,1024,4642.727618837951,0.0,692820323.0275508,1.3927957699248755e-41,1.2986766571533385e-16,7.700146102510003e+26,2.875343869512782e-88,5.237068767221307e-46,1.0,4.47672391982875e-74,5.199310731932048e-77,False,False
56234132.51903491,10.0,pi,1.0,tree_eta,2.2383619599143754e-82,-1.094268783337248e+34,3.739731944558654e-84,4.53467955166568e-87,1.0,1.0,4.505987227938395e-41,3.7252734392199947e-35,26107.976016751676,26107.976016751676,1024,26107.976016751676,1024,26107.976016751676,0.0,1232028115.2964091,7.83226618979067e-42,1.2986766571533385e-16,7.700146102510003e+26,2.875343869512783e-88,5.237068767221307e-46,1.0,2.5174468615878338e-74,2.923787287071072e-77,False,False
100000000.0,10.0,pi,1.0,tree_eta,7.078322021207937e-83,-1.094268783337248e+35,1.1826070783295882e-84,1.4339915842254743e-87,1.0,1.0,2.5339028290496637e-41,3.7252734392199936e-35,146815.9383129799,146815.9383129799,1024,146815.9383129799,1024,146815.9383129799,0.0,2190890230.0206647,4.404406948410451e-42,1.2986766571533385e-16,7.700146102510003e+26,2.875343869512782e-88,5.237068767221307e-46,1.0,1.4156644042415875e-74,1.644166417586242e-77,False,False
177827941.00389227,10.0,pi,1.0,tree_eta,2.238361959914375e-83,-1.0942687833372477e+36,3.7397319445586535e-85,4.5346795516656803e-88,1.0,1.0,1.4249182747913631e-41,3.7252734392199936e-35,825606.6930998566,825606.6930998566,1024,825606.6930998566,1024,825606.6930998566,0.0,3896014985.701187,2.4767800400467145e-42,1.2986766571533385e-16,7.700146102510003e+26,2.875343869512782e-88,5.237068767221307e-46,1.0,7.960865971060203e-75,9.24582722098916e-78,False,False
316227766.01683795,10.0,pi,1.0,tree_eta,7.078322021207935e-84,-1.0942687833372482e+37,1.1826070783295879e-85,1.4339915842254742e-88,1.0,1.0,8.012904309341206e-42,3.7252734392199936e-35,4642727.618837953,4642727.618837953,1024,4642727.618837953,1024,4642727.618837953,0.0,6928203230.27551,1.3927957699248752e-42,1.2986766571533385e-16,7.700146102510003e+26,2.875343869512782e-88,5.237068767221307e-46,1.0,4.476723919828748e-75,5.199310731932046e-78,False,False
562341325.1903491,10.0,pi,1.0,tree_eta,2.238361959914374e-84,-1.0942687833372482e+38,3.7397319445586525e-86,4.53467955166568e-89,1.0,1.0,4.5059872279383934e-42,3.7252734392199936e-35,26107976.016751684,26107976.016751684,1024,26107976.016751684,1024,26107976.016751684,0.0,12320281152.964092,7.832266189790668e-43,1.2986766571533385e-16,7.700146102510003e+26,2.8753438695127816e-88,5.237068767221307e-46,1.0,2.5174468615878324e-75,2.92378728707107e-78,False,False
1000000000.0,10.0,pi,1.0,tree_eta,7.078322021207936e-85,-1.0942687833372482e+39,1.1826070783295881e-86,1.4339915842254742e-89,1.0,1.0,2.5339028290496637e-42,3.7252734392199936e-35,146815938.31297988,146815938.31297988,1024,146815938.31297988,1024,146815938.31297988,0.0,21908902300.206646,4.404406948410451e-43,1.2986766571533385e-16,7.700146102510003e+26,2.875343869512782e-88,5.237068767221307e-46,1.0,1.4156644042415874e-75,1.6441664175862416e-78,False,False
1778279410.0389228,10.0,pi,1.0,tree_eta,2.238361959914375e-85,-1.094268783337248e+40,3.739731944558654e-87,4.53467955166568e-90,1.0,1.0,1.4249182747913629e-42,3.7252734392199947e-35,825606693.0998566,825606693.0998566,1024,825606693.0998566,1024,825606693.0998566,0.0,38960149857.01187,2.4767800400467146e-43,1.2986766571533385e-16,7.700146102510003e+26,2.875343869512783e-88,5.237068767221307e-46,1.0,7.960865971060204e-76,9.245827220989163e-79,False,False
3162277660.1683793,10.0,pi,1.0,tree_eta,7.078322021207936e-86,-1.0942687833372482e+41,1.182607078329588e-87,1.4339915842254746e-90,1.0,1.0,8.012904309341208e-43,3.7252734392199936e-35,4642727618.837952,4642727618.837952,1024,4642727618.837952,1024,4642727618.837952,0.0,69282032302.7551,1.3927957699248752e-43,1.2986766571533385e-16,7.700146102510003e+26,2.875343869512782e-88,5.237068767221307e-46,1.0,4.476723919828749e-76,5.199310731932047e-79,False,False
5623413251.903491,10.0,pi,1.0,tree_eta,2.238361959914375e-86,-1.094268783337248e+42,3.7397319445586536e-88,4.5346795516656794e-91,1.0,1.0,4.505987227938394e-43,3.7252734392199947e-35,26107976016.751682,26107976016.751682,1024,26107976016.751682,1024,26107976016.751682,0.0,123202811529.64091,7.83226618979067e-44,1.6000061542920687e-16,7.700146102510003e+26,2.875343869512783e-88,5.237068767221307e-46,1.0,2.5174468615878334e-76,2.9237872870710716e-79,False,False
10000000000.0,10.0,pi,1.0,tree_eta,7.078322021207937e-87,-1.0942687833372481e+43,1.182607078329588e-88,1.4339915842254744e-91,1.0,1.0,2.533902829049664e-43,3.7252734392199947e-35,146815938312.9799,146815938312.9799,1024,146815938312.9799,1024,146815938312.9799,0.0,219089023002.06644,4.4044069484104515e-44,2.8452580001131456e-16,7.700146102510003e+26,2.875343869512783e-88,5.237068767221307e-46,1.0,1.4156644042415874e-76,1.6441664175862418e-79,False,False
17782794100.38923,10.0,pi,1.0,tree_eta,2.238361959914375e-87,-1.0942687833372482e+44,3.739731944558653e-89,4.5346795516656796e-92,1.0,1.0,1.4249182747913626e-43,3.7252734392199947e-35,825606693099.8567,825606693099.8567,1024,825606693099.8567,1024,825606693099.8567,0.0,389601498570.1187,2.4767800400467146e-44,5.05966371784973e-16,7.700146102510003e+26,2.875343869512783e-88,5.237068767221307e-46,1.0,7.960865971060204e-77,9.245827220989161e-80,False,False
31622776601.683792,10.0,pi,1.0,tree_eta,7.078322021207937e-88,-1.0942687833372478e+45,1.1826070783295881e-89,1.4339915842254744e-92,1.0,1.0,8.012904309341208e-44,3.7252734392199936e-35,4642727618837.95,4642727618837.95,1024,4642727618837.95,1024,4642727618837.95,0.0,692820323027.5509,1.3927957699248752e-44,8.99749581117316e-16,7.700146102510003e+26,2.875343869512782e-88,5.237068767221307e-46,1.0,4.47672391982875e-77,5.199310731932047e-80,False,False
56234132519.034904,10.0,pi,1.0,tree_eta,2.238361959914375e-88,-1.0942687833372479e+46,3.7397319445586537e-90,4.534679551665681e-93,1.0,1.0,4.505987227938394e-44,3.7252734392199947e-35,26107976016751.676,26107976016751.676,1024,26107976016751.676,1024,26107976016751.676,0.0,1232028115296.4092,7.83226618979067e-45,1.6000061542920688e-15,7.700146102510003e+26,2.875343869512783e-88,5.237068767221307e-46,1.0,2.517446861587833e-77,2.923787287071071e-80,False,False
100000000000.0,10.0,pi,1.0,tree_eta,7.078322021207937e-89,-1.0942687833372481e+47,1.182607078329588e-90,1.4339915842254744e-93,1.0,1.0,2.5339028290496645e-44,3.7252734392199936e-35,146815938312979.94,146815938312979.94,1024,146815938312979.94,1024,146815938312979.94,0.0,2190890230020.6646,4.404406948410451e-45,2.8452580001131455e-15,7.700146102510003e+26,2.875343869512782e-88,5.237068767221307e-46,1.0,1.4156644042415872e-77,1.6441664175862415e-80,False,False
177827941003.89227,10.0,pi,1.0,tree_eta,2.2383619599143747e-89,-1.0942687833372477e+48,3.739731944558653e-91,4.5346795516656803e-94,1.0,1.0,1.4249182747913627e-44,3.7252734392199936e-35,825606693099856.8,825606693099856.8,1024,825606693099856.8,1024,825606693099856.8,0.0,3896014985701.187,2.4767800400467145e-45,5.05966371784973e-15,7.700146102510003e+26,2.875343869512782e-88,5.237068767221307e-46,1.0,7.960865971060202e-78,9.24582722098916e-81,False,False
316227766016.83795,10.0,pi,1.0,tree_eta,7.078322021207936e-90,-1.0942687833372482e+49,1.182607078329588e-91,1.433991584225474e-94,1.0,1.0,8.012904309341207e-45,3.7252734392199936e-35,4642727618837952.0,4642727618837952.0,1024,4642727618837952.0,1024,4642727618837952.0,0.0,6928203230275.51,1.3927957699248752e-45,8.997495811173162e-15,7.700146102510003e+26,2.875343869512782e-88,5.237068767221307e-46,1.0,4.476723919828749e-78,5.199310731932046e-81,False,False
562341325190.3491,10.0,pi,1.0,tree_eta,2.2383619599143746e-90,-1.0942687833372483e+50,3.7397319445586524e-92,4.5346795516656795e-95,1.0,1.0,4.505987227938395e-45,3.7252734392199936e-35,2.610797601675169e+16,2.610797601675169e+16,1024,2.610797601675169e+16,1024,2.610797601675169e+16,0.0,12320281152964.094,7.832266189790668e-46,1.600006154292069e-14,7.700146102510003e+26,2.875343869512782e-88,5.237068767221307e-46,1.0,2.5174468615878333e-78,2.9237872870710715e-81,False,False
1000000000000.0,10.0,pi,1.0,tree_eta,7.078322021207936e-91,-1.0942687833372481e+51,1.182607078329588e-92,1.4339915842254742e-95,1.0,1.0,2.533902829049664e-45,3.7252734392199936e-35,1.468159383129799e+17,1.468159383129799e+17,1024,1.468159383129799e+17,1024,1.468159383129799e+17,0.0,21908902300206.645,4.404406948410451e-46,2.845258000113146e-14,7.700146102510003e+26,2.875343869512782e-88,5.237068767221307e-46,1.0,1.4156644042415872e-78,1.6441664175862416e-81,False,False
